timestamp_ms,frame,hand,x0,y0,z0,x1,y1,z1,x2,y2,z2,x3,y3,z3,x4,y4,z4,x5,y5,z5,x6,y6,z6,x7,y7,z7,x8,y8,z8,x9,y9,z9,x10,y10,z10,x11,y11,z11,x12,y12,z12,x13,y13,z13,x14,y14,z14,x15,y15,z15,x16,y16,z16,x17,y17,z17,x18,y18,z18,x19,y19,z19,x20,y20,z20,handedness,handedness_score
0,1,0,0.803564190864563,0.42017319798469543,1.285205115664212e-07,0.7497046589851379,0.43934351205825806,-0.018771184608340263,0.7073460221290588,0.4930514097213745,-0.03370196744799614,0.6712748408317566,0.5338591933250427,-0.044557418674230576,0.633998453617096,0.5412027835845947,-0.0570954754948616,0.7305782437324524,0.4938356578350067,-0.06627921015024185,0.7162793278694153,0.55585777759552,-0.08732771873474121,0.7119256258010864,0.5997833609580994,-0.09537643194198608,0.7087106704711914,0.6393388509750366,-0.10151150077581406,0.7647725343704224,0.5064798593521118,-0.06527182459831238,0.7557946443557739,0.5719524621963501,-0.08636756986379623,0.7509353756904602,0.621737539768219,-0.09188294410705566,0.7469875812530518,0.6642442941665649,-0.09793736785650253,0.7953253388404846,0.5151457190513611,-0.06305605173110962,0.7900364398956299,0.5749863386154175,-0.08124983310699463,0.782829999923706,0.6192606687545776,-0.0896289050579071,0.7757517695426941,0.6563113927841187,-0.09673620015382767,0.8202311992645264,0.5189945697784424,-0.06159577518701553,0.8276029229164124,0.5732069611549377,-0.07779604941606522,0.8334228992462158,0.6095099449157715,-0.08814023435115814,0.836585283279419,0.6421703100204468,-0.09708870202302933,Left,0.9801038503646851
0,1,1,0.2924272119998932,0.4147290885448456,2.157137402036824e-07,0.3386634588241577,0.4347507357597351,-0.02724282257258892,0.3733866810798645,0.47364088892936707,-0.048087913542985916,0.40145865082740784,0.5145392417907715,-0.06385740637779236,0.426405131816864,0.552230954170227,-0.08122573792934418,0.35157737135887146,0.5138530135154724,-0.0707177072763443,0.36298978328704834,0.5753605961799622,-0.09754113107919693,0.3690564036369324,0.6177802681922913,-0.1126553863286972,0.3682328164577484,0.65604567527771,-0.12298396229743958,0.3217693865299225,0.528928816318512,-0.06525149941444397,0.3234800100326538,0.5907709002494812,-0.09368947893381119,0.32318273186683655,0.6343798041343689,-0.10912098735570908,0.3178369104862213,0.6741108894348145,-0.12146680802106857,0.29499486088752747,0.5378740429878235,-0.05928416550159454,0.2920951247215271,0.5890699625015259,-0.08663171529769897,0.2899630069732666,0.6305783987045288,-0.10613364726305008,0.2841508686542511,0.6636137962341309,-0.11924795061349869,0.2744170129299164,0.5415635108947754,-0.05356324464082718,0.25346115231513977,0.5819856524467468,-0.07817717641592026,0.23644348978996277,0.6065909266471863,-0.0967022180557251,0.22018800675868988,0.6296613216400146,-0.11031444370746613,Right,0.6775462627410889
80,2,0,0.7940454483032227,0.4286770820617676,1.97726023998257e-07,0.7384856343269348,0.4490933418273926,-0.021068723872303963,0.7006263732910156,0.49402162432670593,-0.04579533636569977,0.6698894500732422,0.5305761694908142,-0.06444957107305527,0.6334971785545349,0.5405474901199341,-0.08531453460454941,0.720786988735199,0.49874788522720337,-0.09916769713163376,0.711463987827301,0.558556854724884,-0.1398482471704483,0.7072120904922485,0.6035032272338867,-0.1617075353860855,0.7047522068023682,0.6392910480499268,-0.17633108794689178,0.7582893371582031,0.509247362613678,-0.10148879885673523,0.7521411776542664,0.571153461933136,-0.1477067470550537,0.746598482131958,0.619720458984375,-0.16993291676044464,0.741143524646759,0.6587532758712769,-0.18708878755569458,0.7907001972198486,0.518005907535553,-0.10071360319852829,0.7880670428276062,0.5738692283630371,-0.14134439826011658,0.7792070508003235,0.6179514527320862,-0.16270102560520172,0.7723472118377686,0.6521382927894592,-0.17716455459594727,0.8140742778778076,0.5237393379211426,-0.09860681742429733,0.8223072290420532,0.574374794960022,-0.13290011882781982,0.8291347622871399,0.6117236614227295,-0.1535828560590744,0.8360587358474731,0.6459832191467285,-0.1686941683292389,Left,0.9656942486763
80,2,1,0.31319716572761536,0.43216443061828613,4.177309733677248e-07,0.3626575469970703,0.4469907581806183,-0.018458932638168335,0.40144482254981995,0.48741018772125244,-0.029956860467791557,0.4242461919784546,0.5286679267883301,-0.03795517608523369,0.44768306612968445,0.5568753480911255,-0.04653624817728996,0.3722490072250366,0.517447292804718,-0.042482562363147736,0.3786410391330719,0.572503387928009,-0.060967542231082916,0.38170063495635986,0.6127445697784424,-0.07115735113620758,0.38147419691085815,0.6501178741455078,-0.07879957556724548,0.33604395389556885,0.5317321419715881,-0.042609453201293945,0.33365482091903687,0.5898332595825195,-0.06172725558280945,0.3299972712993622,0.6331648826599121,-0.07307665050029755,0.324447363615036,0.6707785725593567,-0.08285988867282867,0.30700400471687317,0.5368421077728271,-0.04311090335249901,0.2990356385707855,0.5902707576751709,-0.06643834710121155,0.293095201253891,0.6291303634643555,-0.08065624535083771,0.2867555022239685,0.6616154909133911,-0.09018358588218689,0.28417837619781494,0.5342288613319397,-0.043770600110292435,0.26224926114082336,0.5810186862945557,-0.06828247010707855,0.24438761174678802,0.6097297072410583,-0.08293772488832474,0.22852197289466858,0.6362535953521729,-0.0928005501627922,Right,0.8914207816123962
151,3,0,0.7939146757125854,0.43041250109672546,2.2100456931184453e-07,0.7380154132843018,0.449563205242157,-0.023984093219041824,0.7003234028816223,0.4938863217830658,-0.050632327795028687,0.669681966304779,0.5295242071151733,-0.07048254460096359,0.6329764127731323,0.540407121181488,-0.09250234067440033,0.7203414440155029,0.49990367889404297,-0.10459590703248978,0.7123020887374878,0.5584514141082764,-0.1473025381565094,0.7078385949134827,0.6038389205932617,-0.1702268272638321,0.7048184275627136,0.6403558850288391,-0.18540483713150024,0.7582249641418457,0.5099717378616333,-0.10609880089759827,0.7530760765075684,0.5723147392272949,-0.15445169806480408,0.7476606369018555,0.620780348777771,-0.17753846943378448,0.7420722246170044,0.660049319267273,-0.19507025182247162,0.7905916571617126,0.5187382698059082,-0.10459519177675247,0.7890118956565857,0.5744861960411072,-0.14731089770793915,0.7806194424629211,0.6181398630142212,-0.1694527119398117,0.773594081401825,0.6525750160217285,-0.18421465158462524,0.8137117028236389,0.5245123505592346,-0.10190574824810028,0.8224368095397949,0.573703944683075,-0.13779039680957794,0.8293636441230774,0.6101091504096985,-0.15919725596904755,0.8357757329940796,0.6440803408622742,-0.17476217448711395,Left,0.9632543921470642
151,3,1,0.31585392355918884,0.43447577953338623,3.531401375767018e-07,0.3641129434108734,0.45084691047668457,-0.017197273671627045,0.40247535705566406,0.49370452761650085,-0.027475427836179733,0.4237430691719055,0.5331036448478699,-0.034411292523145676,0.445902943611145,0.5570706725120544,-0.04163651540875435,0.3744666576385498,0.5172329545021057,-0.043937455862760544,0.38009047508239746,0.5763759016990662,-0.060528382658958435,0.3825438618659973,0.6163482069969177,-0.06778941303491592,0.38178837299346924,0.6529290676116943,-0.07338901609182358,0.3381858766078949,0.5301403999328613,-0.044268764555454254,0.3338870406150818,0.5891770124435425,-0.06369483470916748,0.33011865615844727,0.6329054236412048,-0.07421848177909851,0.32466933131217957,0.6720327734947205,-0.0831586942076683,0.30822592973709106,0.5359586477279663,-0.04441706836223602,0.29942283034324646,0.5891677737236023,-0.06864528357982635,0.294377863407135,0.6291732788085938,-0.08309030532836914,0.288949579000473,0.6646870374679565,-0.09249749034643173,0.2843417823314667,0.5355014801025391,-0.044449254870414734,0.26196056604385376,0.5812761187553406,-0.06966270506381989,0.2438034862279892,0.6094827651977539,-0.0846785306930542,0.22812166810035706,0.6372767090797424,-0.09478491544723511,Right,0.8605919480323792
225,4,0,0.7941794991493225,0.4301682412624359,2.2362455354141275e-07,0.7379748225212097,0.44988828897476196,-0.023936644196510315,0.7005290985107422,0.49404463171958923,-0.05128133296966553,0.6701344847679138,0.5291979908943176,-0.07158256322145462,0.6333342790603638,0.5401219129562378,-0.09406761080026627,0.7201173901557922,0.49969980120658875,-0.10783492028713226,0.7119982242584229,0.559028148651123,-0.15177634358406067,0.7074975371360779,0.6046187281608582,-0.17527709901332855,0.7043637633323669,0.6409534215927124,-0.1906747817993164,0.7580547332763672,0.5098128318786621,-0.10931506007909775,0.7529206871986389,0.5725911855697632,-0.1593719869852066,0.7478844523429871,0.6214187145233154,-0.18322624266147614,0.7427148818969727,0.660916805267334,-0.2012479156255722,0.7904271483421326,0.5189349055290222,-0.10750452429056168,0.789266049861908,0.5740235447883606,-0.15159548819065094,0.7809969782829285,0.6176773309707642,-0.1745273619890213,0.7742559313774109,0.6517142057418823,-0.18974126875400543,0.8134393692016602,0.5254188179969788,-0.10430092364549637,0.8227550983428955,0.5740056037902832,-0.14103727042675018,0.8292099237442017,0.6101522445678711,-0.16305628418922424,0.8352605700492859,0.644328236579895,-0.17912352085113525,Left,0.9642172455787659
225,4,1,0.3172232508659363,0.4372847080230713,3.49963869439307e-07,0.36518436670303345,0.4524662494659424,-0.018036914989352226,0.4033883810043335,0.49443453550338745,-0.02917102351784706,0.4241609573364258,0.5342075228691101,-0.03690522164106369,0.4466189444065094,0.5581303834915161,-0.0449916236102581,0.37400731444358826,0.5145295262336731,-0.04657182842493057,0.38000911474227905,0.5746458768844604,-0.06461688876152039,0.38265761733055115,0.6152281761169434,-0.07300363481044769,0.38230541348457336,0.651875376701355,-0.0793212279677391,0.33783137798309326,0.5267566442489624,-0.04699167236685753,0.3335258662700653,0.5870932936668396,-0.06819722801446915,0.32986846566200256,0.6317117810249329,-0.08012025058269501,0.32476529479026794,0.6712912917137146,-0.09008321911096573,0.3080737590789795,0.5331147909164429,-0.047152888029813766,0.2995871901512146,0.5878907442092896,-0.07274329662322998,0.29411396384239197,0.6286542415618896,-0.08807370811700821,0.28832387924194336,0.6642581820487976,-0.09803228080272675,0.28435367345809937,0.5341899394989014,-0.04720180854201317,0.26234549283981323,0.5815826058387756,-0.07328111678361893,0.24401643872261047,0.6094159483909607,-0.08878438174724579,0.22820453345775604,0.6363664865493774,-0.09931434690952301,Right,0.8687376976013184
297,5,0,0.7947124242782593,0.4301518201828003,2.2018710410520725e-07,0.7382872104644775,0.449398934841156,-0.023949667811393738,0.7005650997161865,0.49360471963882446,-0.05121283233165741,0.6700702905654907,0.5290101766586304,-0.07139632105827332,0.6333527565002441,0.5400905013084412,-0.09376858919858932,0.7203271389007568,0.4991888403892517,-0.10798417031764984,0.7121289372444153,0.5584641098976135,-0.15212112665176392,0.7075191736221313,0.6043891906738281,-0.17587190866470337,0.7043705582618713,0.6408065557479858,-0.19135521352291107,0.7581517100334167,0.5093477368354797,-0.10926138609647751,0.7530168890953064,0.5720282793045044,-0.1592130959033966,0.7477923631668091,0.6211709976196289,-0.1830291599035263,0.7425286173820496,0.6606179475784302,-0.20104411244392395,0.7903745174407959,0.518581211566925,-0.10723945498466492,0.7892672419548035,0.573929488658905,-0.1513572633266449,0.7809243202209473,0.6180264949798584,-0.17441558837890625,0.7742191553115845,0.6520870923995972,-0.1896815001964569,0.8132272958755493,0.5252439379692078,-0.10378485918045044,0.8226573467254639,0.5740392804145813,-0.14040067791938782,0.8290635347366333,0.6104660034179688,-0.16235575079917908,0.8350993394851685,0.6446926593780518,-0.1783922165632248,Left,0.9638708233833313
297,5,1,0.31753817200660706,0.43720564246177673,3.533027665980626e-07,0.3655124604701996,0.45247769355773926,-0.01823703572154045,0.40348950028419495,0.4942193031311035,-0.02957492135465145,0.42391330003738403,0.5336077213287354,-0.03747135028243065,0.44601869583129883,0.5579988956451416,-0.045660339295864105,0.3741152286529541,0.5142316818237305,-0.04704509302973747,0.3799252510070801,0.5744737982749939,-0.0651867464184761,0.3825778067111969,0.6152647733688354,-0.07353097945451736,0.3823070824146271,0.6520663499832153,-0.07977601140737534,0.33781757950782776,0.5264189839363098,-0.04741460084915161,0.33354637026786804,0.586716890335083,-0.06878627836704254,0.32986220717430115,0.6316373348236084,-0.0806143581867218,0.3247270882129669,0.6713556051254272,-0.09045004844665527,0.30792009830474854,0.5328237414360046,-0.047528255730867386,0.29948025941848755,0.5877830982208252,-0.07319842278957367,0.2940247058868408,0.6286177039146423,-0.08832314610481262,0.28825241327285767,0.6641401648521423,-0.09806928038597107,0.28414416313171387,0.5340368151664734,-0.047559015452861786,0.26213788986206055,0.5817530155181885,-0.07367116957902908,0.243788942694664,0.6097469329833984,-0.08905796706676483,0.22792278230190277,0.6367371678352356,-0.09944096207618713,Right,0.8742227554321289
370,6,0,0.7946376204490662,0.4312804341316223,2.2032311619568645e-07,0.7374785542488098,0.45058947801589966,-0.023169176653027534,0.7005679607391357,0.49388647079467773,-0.051337894052267075,0.6704103350639343,0.5283554792404175,-0.07213816791772842,0.6335648894309998,0.5402413606643677,-0.09512222558259964,0.7197439074516296,0.5005037784576416,-0.11288806051015854,0.7115507125854492,0.5593938827514648,-0.15912680327892303,0.7071439027786255,0.6053481698036194,-0.18398837745189667,0.7040812373161316,0.6416418552398682,-0.2001504749059677,0.7578334808349609,0.5109765529632568,-0.11448492109775543,0.7524361610412598,0.5727391839027405,-0.16773833334445953,0.7474267482757568,0.6218772530555725,-0.19349540770053864,0.742503821849823,0.6613115072250366,-0.21299804747104645,0.7902857065200806,0.5207902789115906,-0.11217860877513885,0.7889658212661743,0.5745469927787781,-0.15936808288097382,0.7806990742683411,0.6179316639900208,-0.18424288928508759,0.7742587924003601,0.6507309675216675,-0.20062345266342163,0.8129172921180725,0.5282877683639526,-0.10792513191699982,0.8228342533111572,0.5759334564208984,-0.1466951221227646,0.8289968967437744,0.611198365688324,-0.17007823288440704,0.8350133895874023,0.6449929475784302,-0.18726077675819397,Left,0.9580065608024597
370,6,1,0.31756606698036194,0.4376906454563141,3.5011410659535613e-07,0.36564600467681885,0.45250511169433594,-0.01814323663711548,0.4036618769168854,0.49416583776474,-0.02939683012664318,0.4239928126335144,0.5337690114974976,-0.03721526637673378,0.4461852014064789,0.5580458641052246,-0.045340899378061295,0.37420475482940674,0.5137335062026978,-0.04701630398631096,0.3800082504749298,0.5737913846969604,-0.06509894132614136,0.38271263241767883,0.6145994663238525,-0.07339061796665192,0.38245612382888794,0.6514294743537903,-0.07960556447505951,0.3379440903663635,0.5260697603225708,-0.04739731550216675,0.33363571763038635,0.5863476395606995,-0.06862715631723404,0.33013543486595154,0.6312757730484009,-0.08031904697418213,0.3250805139541626,0.670881986618042,-0.09009356051683426,0.30797961354255676,0.5326145887374878,-0.04750802740454674,0.2993520200252533,0.5874643325805664,-0.0730484127998352,0.29397332668304443,0.6284784078598022,-0.08805063366889954,0.28819170594215393,0.6641709208488464,-0.09776080399751663,0.28407320380210876,0.5338723659515381,-0.04753613471984863,0.2619103193283081,0.5812574625015259,-0.07355809211730957,0.24361968040466309,0.6095325946807861,-0.08890178799629211,0.22771485149860382,0.6368290781974792,-0.09929411858320236,Right,0.8717299103736877
444,7,0,0.7943465113639832,0.4311814308166504,2.0740741035751853e-07,0.7380914092063904,0.4499327838420868,-0.02339486964046955,0.7003125548362732,0.4938041865825653,-0.050327762961387634,0.6697545051574707,0.5289982557296753,-0.07028419524431229,0.6332768201828003,0.5403993725776672,-0.09245304018259048,0.7201075553894043,0.4993416666984558,-0.1074007898569107,0.7118551731109619,0.5591269135475159,-0.1508658081293106,0.7074493765830994,0.6049070358276367,-0.17411549389362335,0.7046182155609131,0.6413592100143433,-0.18937864899635315,0.7579711079597473,0.50946044921875,-0.10896032303571701,0.7524140477180481,0.572293221950531,-0.15846078097820282,0.7475009560585022,0.6214138269424438,-0.1821351945400238,0.7428029775619507,0.6608675122261047,-0.20019833743572235,0.7902215719223022,0.5188060998916626,-0.10716111958026886,0.7886673212051392,0.5740336179733276,-0.15071170032024384,0.7805906534194946,0.6179013848304749,-0.17356827855110168,0.7742875814437866,0.6517414450645447,-0.18891432881355286,0.8132113218307495,0.5254828333854675,-0.10392239689826965,0.822589635848999,0.5749363899230957,-0.14031197130680084,0.8293037414550781,0.6113662719726562,-0.16227801144123077,0.8356323838233948,0.6454163193702698,-0.1784265786409378,Left,0.9623899459838867
444,7,1,0.3172987401485443,0.4366268515586853,3.5268175224700826e-07,0.3652442991733551,0.4520227611064911,-0.01818242110311985,0.4033674895763397,0.49407798051834106,-0.0295647531747818,0.42394620180130005,0.5335718989372253,-0.037512488663196564,0.44613975286483765,0.5580800771713257,-0.04580215737223625,0.3738740384578705,0.5145223140716553,-0.04751594737172127,0.3799514174461365,0.574673056602478,-0.06592018902301788,0.38262301683425903,0.6154094338417053,-0.074439138174057,0.3822746276855469,0.6522600650787354,-0.08079566806554794,0.3377634584903717,0.5265253186225891,-0.0479462593793869,0.3334284722805023,0.5867608785629272,-0.06958747655153275,0.3298477828502655,0.6315417885780334,-0.08165108412504196,0.32474687695503235,0.6712822914123535,-0.09168849885463715,0.3080153465270996,0.5326982140541077,-0.04808909073472023,0.29939785599708557,0.5873678922653198,-0.07405853271484375,0.29406076669692993,0.6282496452331543,-0.08958107978105545,0.2883095443248749,0.6638561487197876,-0.09962424635887146,0.2842596769332886,0.5336543321609497,-0.048099029809236526,0.262182354927063,0.5813350677490234,-0.07449615746736526,0.24379412829875946,0.6094565987586975,-0.09021152555942535,0.22790315747261047,0.6366419196128845,-0.10087008029222488,Right,0.8728786706924438
516,8,0,0.7937785983085632,0.4311504662036896,2.1270572858611558e-07,0.7381298542022705,0.44927147030830383,-0.023714229464530945,0.7001467347145081,0.4935418367385864,-0.050106678158044815,0.6691634654998779,0.5293929576873779,-0.06975356489419937,0.6328707337379456,0.5402588248252869,-0.09154447168111801,0.7204543948173523,0.4986875355243683,-0.10374966263771057,0.7118692994117737,0.5590031743049622,-0.14547717571258545,0.7073151469230652,0.6043748259544373,-0.16762985289096832,0.7045027613639832,0.6411452293395996,-0.18219399452209473,0.7582859992980957,0.5092244744300842,-0.10520600527524948,0.7526532411575317,0.5721374750137329,-0.15239524841308594,0.7477554678916931,0.6213712096214294,-0.17431075870990753,0.7433280944824219,0.6608964204788208,-0.19094403088092804,0.7905400991439819,0.5187155604362488,-0.10368073731660843,0.7888782024383545,0.5737048387527466,-0.1449059396982193,0.7807807922363281,0.6171041131019592,-0.16546840965747833,0.7742756605148315,0.6516453623771667,-0.17926602065563202,0.8138165473937988,0.5252641439437866,-0.10110451281070709,0.8232384920120239,0.574626624584198,-0.13546651601791382,0.8295764327049255,0.6108151078224182,-0.1554333120584488,0.8349862098693848,0.6446638107299805,-0.1699722707271576,Left,0.9676635265350342
516,8,1,0.3172677755355835,0.4371523857116699,3.477379948435555e-07,0.36547958850860596,0.45222628116607666,-0.018259873613715172,0.4035876393318176,0.4941891133785248,-0.029488973319530487,0.4240519106388092,0.5338720679283142,-0.03725511208176613,0.4463134706020355,0.5582297444343567,-0.0453747995197773,0.37396129965782166,0.5141727924346924,-0.047226160764694214,0.379935622215271,0.5739092230796814,-0.0654706135392189,0.3826596438884735,0.6146392822265625,-0.07399143278598785,0.3824690878391266,0.6514830589294434,-0.08041694015264511,0.3376416265964508,0.5265837907791138,-0.04758656769990921,0.33354291319847107,0.5865246653556824,-0.0689752921462059,0.33008748292922974,0.6311568021774292,-0.08090583980083466,0.32508572936058044,0.67076575756073,-0.09089872986078262,0.3077024817466736,0.5330529808998108,-0.047687381505966187,0.29925990104675293,0.5875875949859619,-0.07339784502983093,0.2938680648803711,0.6283771395683289,-0.08864054828882217,0.2880355715751648,0.6638487577438354,-0.09854281693696976,0.28389453887939453,0.534101665019989,-0.04770621284842491,0.2618839740753174,0.5814395546913147,-0.07398621737957001,0.24363523721694946,0.609545111656189,-0.08958817273378372,0.22775611281394958,0.6367068886756897,-0.1001814529299736,Right,0.8753239512443542
589,9,0,0.7933688163757324,0.43103229999542236,2.117588024930228e-07,0.7379739880561829,0.4490657150745392,-0.02461184561252594,0.7000986933708191,0.49363940954208374,-0.05131429061293602,0.6691468954086304,0.5297122597694397,-0.07108753174543381,0.6325088143348694,0.539955198764801,-0.09304453432559967,0.7203159332275391,0.49809935688972473,-0.10512354224920273,0.7116155624389648,0.5583598017692566,-0.14682437479496002,0.7072161436080933,0.6040323972702026,-0.16889764368534088,0.7044605612754822,0.6410738229751587,-0.183552548289299,0.7581326365470886,0.5090076327323914,-0.10611957311630249,0.7528603076934814,0.5713889598846436,-0.15346696972846985,0.7478163838386536,0.6201006770133972,-0.17561961710453033,0.7430208921432495,0.6596604585647583,-0.19256903231143951,0.7903629541397095,0.5188010931015015,-0.10410535335540771,0.7890472412109375,0.5736991763114929,-0.1452959030866623,0.7809162139892578,0.617099404335022,-0.1661619395017624,0.7742549180984497,0.6517257690429688,-0.1803821325302124,0.8136956691741943,0.5255917310714722,-0.10113190114498138,0.8232497572898865,0.5749045014381409,-0.13566473126411438,0.8299627304077148,0.6111181974411011,-0.15610894560813904,0.8357448577880859,0.6450572609901428,-0.17114214599132538,Left,0.9676979184150696
589,9,1,0.31712427735328674,0.43760839104652405,3.489635957976134e-07,0.36548924446105957,0.4523400366306305,-0.01823974959552288,0.4037248492240906,0.49398374557495117,-0.029334917664527893,0.42400431632995605,0.5335821509361267,-0.036983899772167206,0.44590821862220764,0.5581111311912537,-0.04488992691040039,0.3739331066608429,0.5141449570655823,-0.04661909490823746,0.3798307180404663,0.573922336101532,-0.06452511250972748,0.38239550590515137,0.6147123575210571,-0.07270779460668564,0.38191115856170654,0.6515670418739319,-0.07886684685945511,0.3375793397426605,0.526913046836853,-0.04688907042145729,0.33345603942871094,0.5865986943244934,-0.06799815595149994,0.3299969732761383,0.6313637495040894,-0.07964029908180237,0.32486432790756226,0.6708211898803711,-0.08937284350395203,0.30758175253868103,0.5336548686027527,-0.04692620038986206,0.299060583114624,0.5877706408500671,-0.07228843867778778,0.29381677508354187,0.6284518837928772,-0.0871720239520073,0.2880944013595581,0.6638684272766113,-0.09680665284395218,0.28367578983306885,0.5348726511001587,-0.04692741110920906,0.2617450952529907,0.58157879114151,-0.07283540815114975,0.24373629689216614,0.6096270680427551,-0.08814802020788193,0.22807049751281738,0.6368153095245361,-0.09850101917982101,Right,0.8733603954315186
663,10,0,0.7944066524505615,0.4296766221523285,1.9734066825094487e-07,0.7398328185081482,0.4469786286354065,-0.02340458333492279,0.700285792350769,0.49263179302215576,-0.0473267063498497,0.6677355170249939,0.5300412774085999,-0.06510712206363678,0.6314730048179626,0.5380246639251709,-0.08504173159599304,0.721310019493103,0.4971350431442261,-0.09436856210231781,0.7127758264541626,0.5583833456039429,-0.13146671652793884,0.7079646587371826,0.603378176689148,-0.15063916146755219,0.7051766514778137,0.6404756903648376,-0.16333988308906555,0.7590994834899902,0.508488655090332,-0.095298632979393,0.7538913488388062,0.5720429420471191,-0.13617220520973206,0.7485275864601135,0.620958149433136,-0.1536465734243393,0.7442278265953064,0.6598132848739624,-0.16697917878627777,0.7912200689315796,0.5179621577262878,-0.0940459743142128,0.7892864346504211,0.5743117332458496,-0.12934796512126923,0.7810732126235962,0.6172681450843811,-0.14562781155109406,0.7743253707885742,0.6524626016616821,-0.15673169493675232,0.8147622346878052,0.5237908959388733,-0.092460997402668,0.8237928748130798,0.5744574666023254,-0.1228046715259552,0.8305805921554565,0.611431360244751,-0.13991838693618774,0.8356003761291504,0.6453611850738525,-0.15211141109466553,Left,0.9752634167671204
663,10,1,0.31669190526008606,0.4370615780353546,3.5507753182173474e-07,0.36533069610595703,0.45161786675453186,-0.018784090876579285,0.40362265706062317,0.49283528327941895,-0.030364612117409706,0.42382416129112244,0.5327402949333191,-0.03845531865954399,0.44570183753967285,0.5581012964248657,-0.04675554111599922,0.3737105429172516,0.5129833817481995,-0.04727131128311157,0.37963035702705383,0.5734705328941345,-0.06560883671045303,0.38219237327575684,0.6147499084472656,-0.0740494504570961,0.3817393183708191,0.6518430113792419,-0.08032140135765076,0.3372882902622223,0.5254967212677002,-0.047484736889600754,0.33299410343170166,0.5858709812164307,-0.0691203773021698,0.3294157087802887,0.6311109066009521,-0.08116288483142853,0.32428091764450073,0.670903205871582,-0.09115225076675415,0.3073611259460449,0.5324126482009888,-0.04749719053506851,0.2988004982471466,0.5870447158813477,-0.07323736697435379,0.2935025990009308,0.6280661225318909,-0.08828587085008621,0.2877921760082245,0.6636778712272644,-0.09796907007694244,0.28369805216789246,0.5341590642929077,-0.04751908406615257,0.2620580196380615,0.5812060832977295,-0.07347037643194199,0.24410104751586914,0.6092445254325867,-0.08871229737997055,0.22849442064762115,0.6363593339920044,-0.09902246296405792,Right,0.8811846971511841
736,11,0,0.7963671088218689,0.42778488993644714,1.687914021886172e-07,0.7422835230827332,0.44383373856544495,-0.021250564604997635,0.7002847194671631,0.4908614456653595,-0.040604811161756516,0.6659897565841675,0.5299326181411743,-0.054797034710645676,0.6303470134735107,0.5359578132629395,-0.07094836980104446,0.7235903739929199,0.495622456073761,-0.07784813642501831,0.7145563364028931,0.5564377307891846,-0.1077718585729599,0.7095435857772827,0.6010751128196716,-0.12272247672080994,0.7065775990486145,0.6391341090202332,-0.13277962803840637,0.7606850266456604,0.5088350772857666,-0.07828538864850998,0.7552036046981812,0.5727656483650208,-0.10997350513935089,0.7492861151695251,0.6214941740036011,-0.12249543517827988,0.7447912693023682,0.6602733731269836,-0.13234278559684753,0.7924787998199463,0.5186657309532166,-0.07730492949485779,0.7896697521209717,0.5761092305183411,-0.10445673018693924,0.7816471457481384,0.6181178689002991,-0.11582670360803604,0.774618923664093,0.6536734104156494,-0.12387482076883316,0.8160813450813293,0.5235657095909119,-0.07659763097763062,0.8244994878768921,0.5748825073242188,-0.10074482858181,0.8310030102729797,0.6113362908363342,-0.1137421503663063,0.835139274597168,0.6449200510978699,-0.12281551212072372,Left,0.9813356995582581
736,11,1,0.3164602816104889,0.43731293082237244,3.6876210174341395e-07,0.3653699457645416,0.45046210289001465,-0.019937356933951378,0.4037753641605377,0.49101099371910095,-0.03236900269985199,0.4237455725669861,0.5314135551452637,-0.04105006903409958,0.44547873735427856,0.5575271844863892,-0.04981283098459244,0.3732753396034241,0.5114578604698181,-0.049278005957603455,0.3792222738265991,0.5725070834159851,-0.06819599866867065,0.3816181719303131,0.61424320936203,-0.07689106464385986,0.3809606730937958,0.6516731381416321,-0.08327095955610275,0.3365810513496399,0.5242549180984497,-0.049138281494379044,0.33247801661491394,0.5850363373756409,-0.07135046273469925,0.3287774920463562,0.6308139562606812,-0.08355199545621872,0.32347434759140015,0.6709494590759277,-0.093630850315094,0.30671918392181396,0.5316241979598999,-0.04882702976465225,0.29866668581962585,0.5863568782806396,-0.0749855637550354,0.293403297662735,0.6270768642425537,-0.09001143276691437,0.28749367594718933,0.6622335314750671,-0.09961306303739548,0.28327009081840515,0.5339754819869995,-0.04862150177359581,0.26196038722991943,0.5813910961151123,-0.0747799500823021,0.24401971697807312,0.6091275215148926,-0.08999519795179367,0.22827468812465668,0.6358020305633545,-0.10024448484182358,Right,0.8846268653869629
811,12,0,0.7989574074745178,0.4229542016983032,1.3721948732836609e-07,0.7457454800605774,0.4382002353668213,-0.017529994249343872,0.7022618651390076,0.48524877429008484,-0.0323086716234684,0.6667609214782715,0.5227916240692139,-0.04314465448260307,0.631784200668335,0.524743914604187,-0.05588861182332039,0.7269486784934998,0.4949592053890228,-0.061445485800504684,0.7165277600288391,0.5546494722366333,-0.08437720686197281,0.7111517786979675,0.5990852117538452,-0.09561772644519806,0.7075329422950745,0.6374683976173401,-0.10369037836790085,0.7627631425857544,0.510836124420166,-0.061907365918159485,0.7566284537315369,0.5741568207740784,-0.08540287613868713,0.7503854036331177,0.6216003894805908,-0.09465212374925613,0.7453994750976562,0.6597528457641602,-0.1025485098361969,0.7940300703048706,0.5212060809135437,-0.061311326920986176,0.7901695966720581,0.5783899426460266,-0.08153344690799713,0.7827243208885193,0.6194799542427063,-0.09046824276447296,0.7759233713150024,0.6542608737945557,-0.09728856384754181,0.8175113201141357,0.5250176191329956,-0.06116962060332298,0.8253237009048462,0.5760872960090637,-0.0801137164235115,0.8317672610282898,0.6121125817298889,-0.090827077627182,0.8358266353607178,0.6448707580566406,-0.09843618422746658,Left,0.9852277636528015
811,12,1,0.3159485459327698,0.4370972514152527,3.759364801680931e-07,0.36488503217697144,0.4491235017776489,-0.02090674452483654,0.4035876393318176,0.4887789785861969,-0.03389676660299301,0.4234769642353058,0.5299723744392395,-0.04285823926329613,0.4451025128364563,0.5575896501541138,-0.051740165799856186,0.3727545440196991,0.509465217590332,-0.05046989396214485,0.3787366449832916,0.5706921815872192,-0.06950186938047409,0.38114282488822937,0.6130291223526001,-0.07804524898529053,0.3804450035095215,0.6508694887161255,-0.08424284309148788,0.3359280526638031,0.5225360989570618,-0.04982674866914749,0.3320494592189789,0.5844356417655945,-0.0717834085226059,0.32836565375328064,0.6307549476623535,-0.08325687050819397,0.32291606068611145,0.6707087159156799,-0.09282449632883072,0.30625659227371216,0.5303251147270203,-0.049115583300590515,0.2985360026359558,0.585909903049469,-0.07505517452955246,0.2933052182197571,0.6271185874938965,-0.08931837975978851,0.2872382402420044,0.6623649597167969,-0.0983770489692688,0.28316858410835266,0.5331912636756897,-0.04863718897104263,0.2620920240879059,0.5810567736625671,-0.07469965517520905,0.2442069798707962,0.6092455387115479,-0.0895516574382782,0.22832509875297546,0.6359682679176331,-0.09947214275598526,Right,0.8926569223403931
884,13,0,0.8025945425033569,0.42556485533714294,1.4698974837301648e-07,0.7520629167556763,0.43323391675949097,-0.019429238513112068,0.7064673900604248,0.47201114892959595,-0.03371751680970192,0.6720541715621948,0.504416823387146,-0.04362358897924423,0.6391500234603882,0.504182755947113,-0.0551665723323822,0.7335958480834961,0.4949341416358948,-0.059984833002090454,0.721186637878418,0.5529482364654541,-0.080753393471241,0.7149335145950317,0.5965226888656616,-0.09058446437120438,0.7089399695396423,0.6340007781982422,-0.09778424352407455,0.7685558795928955,0.5137601494789124,-0.058071255683898926,0.7614938616752625,0.573281466960907,-0.0789007619023323,0.754385769367218,0.6193883419036865,-0.086604543030262,0.7472749352455139,0.6586129665374756,-0.09346342831850052,0.7980384826660156,0.5251349806785583,-0.05517222359776497,0.7939740419387817,0.578487753868103,-0.07302205264568329,0.7860158085823059,0.6188324093818665,-0.08102083206176758,0.7777513861656189,0.6543788909912109,-0.08735848218202591,0.8208341598510742,0.5285592675209045,-0.053050413727760315,0.8285603523254395,0.5754588842391968,-0.07040593773126602,0.8333633542060852,0.609729528427124,-0.08071804791688919,0.8350728750228882,0.6419391632080078,-0.08806534111499786,Left,0.9655613303184509
884,13,1,0.31379982829093933,0.43695467710494995,3.746337142729317e-07,0.3628539741039276,0.4470672607421875,-0.02217097580432892,0.402431458234787,0.4860174059867859,-0.035714443773031235,0.42284488677978516,0.527725875377655,-0.04491429030895233,0.4444674253463745,0.5568987131118774,-0.053811777383089066,0.3706011176109314,0.5092597007751465,-0.050655461847782135,0.3774348497390747,0.5704545378684998,-0.06939416378736496,0.3797476887702942,0.6127775311470032,-0.07779096066951752,0.37876343727111816,0.6506263017654419,-0.08384211361408234,0.33372873067855835,0.5232133269309998,-0.04922045022249222,0.330252081155777,0.5847082138061523,-0.07017796486616135,0.326224148273468,0.6299833655357361,-0.08063898980617523,0.32012850046157837,0.6688336133956909,-0.08953825384378433,0.3045528531074524,0.5315496921539307,-0.04794991761445999,0.2972814738750458,0.5870411992073059,-0.0729469507932663,0.2914465069770813,0.6282138824462891,-0.0863841101527214,0.2843407988548279,0.6629563570022583,-0.09495355933904648,0.2822455167770386,0.534869909286499,-0.04711422324180603,0.26186302304267883,0.5822787880897522,-0.07242147624492645,0.24422821402549744,0.6105537414550781,-0.08679287135601044,0.22800147533416748,0.6371176242828369,-0.09635870903730392,Right,0.9185650944709778
957,14,0,0.8045883774757385,0.4228028655052185,1.5697574440309836e-07,0.7552236914634705,0.42919811606407166,-0.022226227447390556,0.7085037231445312,0.46762189269065857,-0.03868275135755539,0.6744295954704285,0.504012405872345,-0.04941336810588837,0.6413079500198364,0.5048748850822449,-0.061695605516433716,0.740439772605896,0.47779926657676697,-0.07208497822284698,0.7261404991149902,0.5422500967979431,-0.09438522905111313,0.7184666991233826,0.5898038744926453,-0.10336282849311829,0.7112119197845459,0.6303406953811646,-0.1095699891448021,0.7755704522132874,0.49687063694000244,-0.06806907802820206,0.7661098837852478,0.5634015202522278,-0.09005670249462128,0.7572946548461914,0.6151701807975769,-0.0961802676320076,0.7492350935935974,0.656415581703186,-0.10200028121471405,0.8029223680496216,0.5104166865348816,-0.062493402510881424,0.7975846529006958,0.5708145499229431,-0.08111123740673065,0.7885534167289734,0.6155136823654175,-0.08865709602832794,0.7795398235321045,0.6518746614456177,-0.09458393603563309,0.8223450183868408,0.5171086192131042,-0.05766579881310463,0.8305745124816895,0.5705729722976685,-0.07555019110441208,0.8348144292831421,0.6081709265708923,-0.08634577691555023,0.8359283208847046,0.6418958902359009,-0.09414124488830566,Left,0.9891764521598816
957,14,1,0.31099677085876465,0.43420618772506714,3.9340525859188347e-07,0.35942980647087097,0.44326210021972656,-0.024823106825351715,0.39954620599746704,0.4799458682537079,-0.040212661027908325,0.42096734046936035,0.5231108069419861,-0.050666823983192444,0.443954735994339,0.5548060536384583,-0.06054380163550377,0.36727604269981384,0.49803057312965393,-0.05542441084980965,0.37529057264328003,0.5609041452407837,-0.07601085305213928,0.37940865755081177,0.6060389280319214,-0.08546394109725952,0.38010692596435547,0.6456831693649292,-0.09209985285997391,0.3310873806476593,0.5145174860954285,-0.0529080405831337,0.329459011554718,0.5792233943939209,-0.07487843930721283,0.325416624546051,0.6280671954154968,-0.08536046743392944,0.3186928629875183,0.6685042381286621,-0.09444363415241241,0.3030458688735962,0.5257725715637207,-0.05067748948931694,0.29733166098594666,0.5835534334182739,-0.07615292072296143,0.29091525077819824,0.6273701786994934,-0.08934403955936432,0.28265687823295593,0.6627196073532104,-0.09779908508062363,0.28222447633743286,0.5316852331161499,-0.04916044697165489,0.262164831161499,0.581171452999115,-0.07451092451810837,0.24418112635612488,0.6103330850601196,-0.08882459998130798,0.22735506296157837,0.6359148025512695,-0.0984734296798706,Right,0.9468606114387512
1030,15,0,0.8052699565887451,0.4172193109989166,2.0683857826497842e-07,0.757470428943634,0.42067110538482666,-0.026605132967233658,0.7120335698127747,0.4582253396511078,-0.04579556733369827,0.6792605519294739,0.49689677357673645,-0.05853472277522087,0.6451576352119446,0.5017058253288269,-0.07262235134840012,0.7413914799690247,0.46030664443969727,-0.07919575273990631,0.723161518573761,0.5161648392677307,-0.10583865642547607,0.7106392979621887,0.5589351058006287,-0.11762288212776184,0.6976849436759949,0.598503828048706,-0.12587374448776245,0.7767611145973206,0.4823283851146698,-0.07461104542016983,0.7659773230552673,0.5411516427993774,-0.10279590636491776,0.7540354132652283,0.590344250202179,-0.11295152455568314,0.7409296035766602,0.6340126991271973,-0.12145182490348816,0.8042469620704651,0.501373827457428,-0.0686085969209671,0.8002533912658691,0.5591630339622498,-0.09317731112241745,0.7905269861221313,0.60480135679245,-0.10274147987365723,0.7795363068580627,0.6450629830360413,-0.10957365483045578,0.8232370615005493,0.515224814414978,-0.06349567323923111,0.8313800096511841,0.5683854222297668,-0.0858006402850151,0.8366621732711792,0.6056211590766907,-0.09798852354288101,0.8384027481079102,0.6413891315460205,-0.1065344363451004,Left,0.9918750524520874
1030,15,1,0.30651360750198364,0.4290182888507843,3.812918691892264e-07,0.35384371876716614,0.4288482964038849,-0.02535569667816162,0.39790210127830505,0.462364137172699,-0.04100069776177406,0.42333927750587463,0.5016878247261047,-0.0517149418592453,0.4501030743122101,0.530471920967102,-0.06198236346244812,0.3643109202384949,0.48268526792526245,-0.05514727532863617,0.3744048476219177,0.5402746200561523,-0.07585015892982483,0.3801821172237396,0.5830351114273071,-0.08599688112735748,0.38230448961257935,0.6229946613311768,-0.09319072961807251,0.3289267122745514,0.5036332607269287,-0.05265882611274719,0.32959020137786865,0.5677188634872437,-0.07375236600637436,0.32895827293395996,0.6170409917831421,-0.08395034074783325,0.32450738549232483,0.6599417328834534,-0.09308260679244995,0.30185970664024353,0.5183824896812439,-0.0505484864115715,0.29726284742355347,0.5790503025054932,-0.0754280537366867,0.29078930616378784,0.6229048371315002,-0.08772074431180954,0.2826598882675171,0.6593841314315796,-0.09556115418672562,0.282426118850708,0.5269598960876465,-0.04920318350195885,0.26263949275016785,0.5797003507614136,-0.07411865144968033,0.24430640041828156,0.6095739603042603,-0.08743027597665787,0.22753575444221497,0.6359052062034607,-0.0963534265756607,Right,0.946231484413147
1102,16,0,0.7996920347213745,0.41580930352211,2.9663891609743587e-07,0.7454901933670044,0.43364933133125305,-0.017438990995287895,0.7034067511558533,0.47173312306404114,-0.034481342881917953,0.6679458618164062,0.5131388902664185,-0.046425871551036835,0.6313909292221069,0.5286659598350525,-0.05978231504559517,0.7235120534896851,0.4479125440120697,-0.07599034905433655,0.692522406578064,0.5108550786972046,-0.102432020008564,0.6764545440673828,0.5564695596694946,-0.11324509233236313,0.6632079482078552,0.5964036583900452,-0.12010528147220612,0.7607540488243103,0.46765536069869995,-0.07604823261499405,0.7377607226371765,0.5341880917549133,-0.1034700870513916,0.7168014049530029,0.586819589138031,-0.11388450115919113,0.6981738805770874,0.6292697191238403,-0.12263552844524384,0.7922797799110413,0.4880366027355194,-0.0740216001868248,0.7813604474067688,0.5473498702049255,-0.09810354560613632,0.7606968283653259,0.595194935798645,-0.11160878837108612,0.7411475777626038,0.6341484785079956,-0.1215786337852478,0.8141015768051147,0.5060542821884155,-0.07157881557941437,0.8252103924751282,0.5614533424377441,-0.09461647272109985,0.833773136138916,0.603050708770752,-0.10946552455425262,0.8386502861976624,0.6405778527259827,-0.11995144933462143,Left,0.9975646734237671
1102,16,1,0.31264445185661316,0.4181785583496094,3.1028915259412315e-07,0.36222800612449646,0.4180516004562378,-0.02588104084134102,0.4095166027545929,0.4567822217941284,-0.039079416543245316,0.4407085180282593,0.4980385899543762,-0.04625261202454567,0.4723682105541229,0.5221213102340698,-0.053011391311883926,0.37524911761283875,0.4549545347690582,-0.05398121103644371,0.39162933826446533,0.5003255009651184,-0.0749228373169899,0.4038931727409363,0.5387168526649475,-0.08582426607608795,0.4137483537197113,0.5778440833091736,-0.09407047182321548,0.3415657877922058,0.48376166820526123,-0.050253383815288544,0.3522862493991852,0.5440403819084167,-0.07054243236780167,0.362521231174469,0.592231035232544,-0.08032925426959991,0.3685205280780792,0.6390088200569153,-0.08956611156463623,0.3170170187950134,0.5072236657142639,-0.04704542085528374,0.3238421082496643,0.5611284375190735,-0.07102403789758682,0.33099696040153503,0.6052790284156799,-0.08349944651126862,0.3369233310222626,0.6468499898910522,-0.09236907958984375,0.29987871646881104,0.5223644971847534,-0.0446753203868866,0.2861506938934326,0.5634189248085022,-0.06910677999258041,0.27301082015037537,0.5865420699119568,-0.08229676634073257,0.2634442448616028,0.6121827363967896,-0.09185224771499634,Right,0.9631226062774658
1175,17,0,0.7858458161354065,0.42997944355010986,2.9058230666123563e-07,0.7312970161437988,0.4415411353111267,-0.016845136880874634,0.6943013668060303,0.4772605299949646,-0.03513026237487793,0.6611456871032715,0.5218386054039001,-0.048514533787965775,0.6288747787475586,0.5435956716537476,-0.06335852295160294,0.7138939499855042,0.45687681436538696,-0.07835152000188828,0.6790561079978943,0.5172811150550842,-0.10595515370368958,0.6602299809455872,0.5645550489425659,-0.1177525520324707,0.6451070308685303,0.6047297120094299,-0.12601612508296967,0.7492634057998657,0.4780326187610626,-0.08101825416088104,0.723432719707489,0.5371829271316528,-0.11323555558919907,0.69903165102005,0.5885546207427979,-0.12646089494228363,0.6783677339553833,0.6258867383003235,-0.13692791759967804,0.7802185416221619,0.4979943633079529,-0.0812235102057457,0.7692407965660095,0.5546541213989258,-0.10941964387893677,0.7465547919273376,0.595442533493042,-0.12297600507736206,0.7234151363372803,0.6254216432571411,-0.13290436565876007,0.8034092783927917,0.5119037628173828,-0.08071269094944,0.8146761059761047,0.5670967698097229,-0.10781438648700714,0.8136343359947205,0.6074187159538269,-0.12330959737300873,0.8059394955635071,0.6411594152450562,-0.13406261801719666,Left,0.9955230951309204
1175,17,1,0.31843301653862,0.4049918055534363,2.9300534265530587e-07,0.3705296814441681,0.4185587763786316,-0.021853437647223473,0.420010507106781,0.46774858236312866,-0.033450618386268616,0.45613473653793335,0.5137097239494324,-0.03960990160703659,0.49115896224975586,0.5316892862319946,-0.04495062306523323,0.39109891653060913,0.44855567812919617,-0.05074405297636986,0.4148430824279785,0.49355411529541016,-0.07348448783159256,0.43305444717407227,0.5306670665740967,-0.08483125269412994,0.4485775828361511,0.5667476654052734,-0.09267649054527283,0.3571237623691559,0.46859627962112427,-0.04882369935512543,0.3751104474067688,0.5266199707984924,-0.0730452910065651,0.39049220085144043,0.5748294591903687,-0.0843334048986435,0.40327876806259155,0.6191885471343994,-0.09351848810911179,0.3311731517314911,0.48996832966804504,-0.047244053333997726,0.3457129895687103,0.5468636751174927,-0.07203929871320724,0.3605051636695862,0.5942227840423584,-0.08285290002822876,0.37544649839401245,0.6358314752578735,-0.08921047300100327,0.31445854902267456,0.508469820022583,-0.046140022575855255,0.3173431158065796,0.5632889866828918,-0.0663166344165802,0.32052749395370483,0.598419725894928,-0.07683850079774857,0.3269489109516144,0.6341284513473511,-0.08459273725748062,Right,0.9818622469902039
1247,18,0,0.773479163646698,0.4434140920639038,3.162352015806391e-07,0.7201665639877319,0.4552101492881775,-0.018328825011849403,0.6841614842414856,0.4908270537853241,-0.03714462369680405,0.654206395149231,0.5359737873077393,-0.050309766083955765,0.6249890327453613,0.5622088313102722,-0.06509280949831009,0.7055525183677673,0.4652806520462036,-0.0838950052857399,0.6707382202148438,0.5255770087242126,-0.11283284425735474,0.6499484777450562,0.5774027109146118,-0.12553781270980835,0.6333774328231812,0.6197064518928528,-0.13412673771381378,0.7426557540893555,0.4801013171672821,-0.08626578748226166,0.7189443707466125,0.5353662967681885,-0.12056782096624374,0.694301962852478,0.5893351435661316,-0.13419660925865173,0.6732540726661682,0.6283332705497742,-0.1447710543870926,0.7750359773635864,0.49754074215888977,-0.08590947836637497,0.7641810178756714,0.5516905188560486,-0.11562607437372208,0.7406964302062988,0.5970726013183594,-0.12863340973854065,0.7161299586296082,0.6295908689498901,-0.13782070577144623,0.800819993019104,0.5123119354248047,-0.08494801819324493,0.8118186593055725,0.5710439085960388,-0.11280468106269836,0.8045483231544495,0.6092056632041931,-0.12756945192813873,0.7897974848747253,0.635094165802002,-0.13754133880138397,Left,0.9986188411712646
1247,18,1,0.33347591757774353,0.40939539670944214,4.186992157428904e-07,0.3860369026660919,0.4283945560455322,-0.02162955142557621,0.43083080649375916,0.4788983166217804,-0.035067182034254074,0.4643326699733734,0.5320925712585449,-0.04309681057929993,0.5000439882278442,0.5587828159332275,-0.05053291469812393,0.40829071402549744,0.45022526383399963,-0.06008327752351761,0.4356980323791504,0.5002129077911377,-0.08615721017122269,0.45652854442596436,0.5415732860565186,-0.09846717864274979,0.4741690754890442,0.5791438221931458,-0.10620386153459549,0.3737907111644745,0.46501344442367554,-0.05946260318160057,0.3953551650047302,0.5329259037971497,-0.08769778907299042,0.41445258259773254,0.5901637077331543,-0.09956816583871841,0.43001213669776917,0.6370424032211304,-0.10837255418300629,0.34428444504737854,0.48320457339286804,-0.058768704533576965,0.36104458570480347,0.5472912788391113,-0.08562996238470078,0.380871057510376,0.601851224899292,-0.09730002284049988,0.4001845717430115,0.6455398797988892,-0.10383181273937225,0.3224186897277832,0.49950700998306274,-0.05840926617383957,0.32962626218795776,0.55721515417099,-0.08029165863990784,0.342437207698822,0.5963243842124939,-0.0917745977640152,0.3572283685207367,0.6307922005653381,-0.09966380149126053,Right,0.9919707775115967
1319,19,0,0.7699944972991943,0.44407594203948975,2.7933123192269704e-07,0.7188509106636047,0.4517573118209839,-0.020325781777501106,0.6833237409591675,0.4883992671966553,-0.04043666645884514,0.6548357009887695,0.5348330736160278,-0.05480629578232765,0.6273606419563293,0.5657122731208801,-0.07125366479158401,0.7025682926177979,0.45828744769096375,-0.08496259152889252,0.6677745580673218,0.5217130184173584,-0.11535437405109406,0.648012638092041,0.571627140045166,-0.1296738088130951,0.6319624185562134,0.6112087368965149,-0.13908405601978302,0.7390453219413757,0.4744299650192261,-0.08758953958749771,0.7124979496002197,0.5316855907440186,-0.12087886780500412,0.6882505416870117,0.58400559425354,-0.13489991426467896,0.6670446991920471,0.6190356016159058,-0.14602240920066833,0.7722011208534241,0.49353712797164917,-0.08793236315250397,0.758842408657074,0.5453632473945618,-0.1173473373055458,0.7353116869926453,0.5886179208755493,-0.13075967133045197,0.7097895741462708,0.6177483201026917,-0.14052850008010864,0.7999444603919983,0.5114957094192505,-0.08787563443183899,0.80716872215271,0.5662704110145569,-0.11535533517599106,0.7956318259239197,0.5989838242530823,-0.12930159270763397,0.7764570116996765,0.6164268851280212,-0.13904094696044922,Left,0.998735249042511
1319,19,1,0.3312675952911377,0.40997347235679626,4.376552453777549e-07,0.3859475255012512,0.42595839500427246,-0.014501233585178852,0.4309691786766052,0.4755283296108246,-0.025402512401342392,0.4647805094718933,0.5313582420349121,-0.031789738684892654,0.49478018283843994,0.567125678062439,-0.037487804889678955,0.4136873781681061,0.45940667390823364,-0.05420352518558502,0.44669580459594727,0.5265985727310181,-0.07628196477890015,0.4677008092403412,0.572083055973053,-0.08544091135263443,0.48446208238601685,0.6085878610610962,-0.09081948548555374,0.37925758957862854,0.47797414660453796,-0.05573255568742752,0.4057168960571289,0.5543280839920044,-0.07942228764295578,0.42531055212020874,0.6117448210716248,-0.08866989612579346,0.4411575198173523,0.6554610729217529,-0.09538592398166656,0.35047662258148193,0.4953594505786896,-0.056358080357313156,0.37040233612060547,0.5658988952636719,-0.07876823842525482,0.3899560868740082,0.61705082654953,-0.08915964514017105,0.4097699224948883,0.6556727290153503,-0.09544137865304947,0.3287332057952881,0.508806586265564,-0.05662047490477562,0.33373498916625977,0.5665686130523682,-0.07589150965213776,0.3449517488479614,0.6008235216140747,-0.08563046157360077,0.36004531383514404,0.6282232403755188,-0.09192030876874924,Right,0.9865861535072327
1391,20,0,0.7666273713111877,0.4522631764411926,2.4661778752488317e-07,0.7158665657043457,0.45970243215560913,-0.01814655400812626,0.678470253944397,0.4957691431045532,-0.03734910488128662,0.6521928906440735,0.5448229312896729,-0.05091517046093941,0.6343278288841248,0.588492214679718,-0.06729257106781006,0.7006694674491882,0.4490674138069153,-0.08440922200679779,0.6680556535720825,0.5134876370429993,-0.11316024512052536,0.6475013494491577,0.5653106570243835,-0.12625126540660858,0.6305221319198608,0.6059426069259644,-0.13508640229701996,0.7379459738731384,0.46518972516059875,-0.08838535100221634,0.7074371576309204,0.5279682874679565,-0.11793160438537598,0.6829321980476379,0.5795579552650452,-0.1288442760705948,0.6632813811302185,0.6109573841094971,-0.1383345127105713,0.7719257473945618,0.48745933175086975,-0.08982992172241211,0.7516066431999207,0.5464696288108826,-0.11623670905828476,0.7255966067314148,0.5885326266288757,-0.12685559689998627,0.6992692947387695,0.6123997569084167,-0.1352735161781311,0.8005247116088867,0.5094079971313477,-0.0907042995095253,0.8009626865386963,0.562546968460083,-0.11684935539960861,0.7867693901062012,0.5908162593841553,-0.12907098233699799,0.7674671411514282,0.6034119725227356,-0.13784649968147278,Left,0.9994041919708252
1391,20,1,0.3343643844127655,0.41568446159362793,4.4979677227274806e-07,0.3878735303878784,0.4297511875629425,-0.014041292481124401,0.42784440517425537,0.47769951820373535,-0.026274707168340683,0.45374518632888794,0.5332404971122742,-0.0337749682366848,0.47343680262565613,0.5722545981407166,-0.04064931720495224,0.4135262072086334,0.4636722803115845,-0.06002082675695419,0.44823697209358215,0.5366422533988953,-0.08367136865854263,0.46905532479286194,0.5842252373695374,-0.09408847242593765,0.48601233959198,0.6220003366470337,-0.09998135268688202,0.3780394196510315,0.47949185967445374,-0.0615631565451622,0.4054715037345886,0.5549444556236267,-0.08751913160085678,0.4260261356830597,0.6125800609588623,-0.09806840121746063,0.4438169598579407,0.6560078859329224,-0.1053667888045311,0.34928518533706665,0.49665239453315735,-0.061455138027668,0.3688601851463318,0.5669616460800171,-0.08484001457691193,0.3890657424926758,0.6190884709358215,-0.09606955200433731,0.4104346036911011,0.6560114026069641,-0.1027793139219284,0.32982292771339417,0.5112993121147156,-0.06082194671034813,0.33393698930740356,0.569229781627655,-0.08044807612895966,0.34334084391593933,0.6007705926895142,-0.08983806520700455,0.35730406641960144,0.6233905553817749,-0.09558307379484177,Right,0.9830965995788574
1465,21,0,0.7761262655258179,0.4479069709777832,1.1520074139070857e-07,0.7214352488517761,0.4516538083553314,-0.019586076959967613,0.679950475692749,0.4861501157283783,-0.04101758822798729,0.6563045978546143,0.5402765274047852,-0.05665876716375351,0.642948567867279,0.5879685282707214,-0.0744054913520813,0.7014361619949341,0.4472835659980774,-0.08351943641901016,0.6659038066864014,0.5143538117408752,-0.11242225766181946,0.6453239917755127,0.5646164417266846,-0.12603308260440826,0.6281692981719971,0.6027104258537292,-0.13460494577884674,0.7392387390136719,0.4635392129421234,-0.08579013496637344,0.7079893946647644,0.5305305123329163,-0.11633545905351639,0.6815678477287292,0.5822999477386475,-0.12569795548915863,0.6628396511077881,0.6131333708763123,-0.13383708894252777,0.7704336643218994,0.4872252941131592,-0.08595359325408936,0.7492536306381226,0.5521397590637207,-0.11080733686685562,0.7217602729797363,0.5939432382583618,-0.11713173985481262,0.6988375186920166,0.6148726344108582,-0.12222450971603394,0.7949510216712952,0.5140601992607117,-0.08620239794254303,0.786928653717041,0.5798524022102356,-0.10831132531166077,0.7697794437408447,0.6071428656578064,-0.11643107980489731,0.7539141774177551,0.6146635413169861,-0.1222371831536293,Left,0.9979836940765381
1465,21,1,0.33755892515182495,0.42003944516181946,4.6597227765232674e-07,0.3897269070148468,0.4318796396255493,-0.016539044678211212,0.4283333420753479,0.47957509756088257,-0.029938064515590668,0.4532807171344757,0.5365950465202332,-0.03783097490668297,0.4730677306652069,0.5750637054443359,-0.04485410451889038,0.4119112193584442,0.45998308062553406,-0.06397531926631927,0.4473186433315277,0.5335792303085327,-0.08741462975740433,0.4688584506511688,0.5819188356399536,-0.09685119241476059,0.48666515946388245,0.619051456451416,-0.10164725035429001,0.3777492344379425,0.47623395919799805,-0.06374955922365189,0.4055643081665039,0.5518938899040222,-0.08920647948980331,0.42753157019615173,0.6099443435668945,-0.0976211354136467,0.445798397064209,0.6512846946716309,-0.10321366041898727,0.34912532567977905,0.49510765075683594,-0.061992257833480835,0.3668728172779083,0.5636219382286072,-0.084215447306633,0.389016717672348,0.6178596019744873,-0.09404715150594711,0.4113205373287201,0.6533498167991638,-0.09957334399223328,0.32893553376197815,0.512657105922699,-0.059972409158945084,0.3346402645111084,0.5719729065895081,-0.07802679389715195,0.34796789288520813,0.6040213704109192,-0.08657819032669067,0.365480899810791,0.6230608820915222,-0.09177793562412262,Right,0.9907570481300354
1538,22,0,0.7660041451454163,0.4397212266921997,7.734241336265768e-08,0.7138960361480713,0.44080784916877747,-0.015085626393556595,0.6743879318237305,0.4709603488445282,-0.03680609539151192,0.6556015014648438,0.523911714553833,-0.05354645475745201,0.6465632915496826,0.569429874420166,-0.07291208207607269,0.6922900676727295,0.4363866150379181,-0.08021030575037003,0.6633288860321045,0.5136821269989014,-0.1079169437289238,0.6445409655570984,0.5667110681533813,-0.12067512422800064,0.6294688582420349,0.6043751835823059,-0.12771867215633392,0.7332990169525146,0.4526262581348419,-0.08346053957939148,0.7085568904876709,0.5372785329818726,-0.11174868047237396,0.6812405586242676,0.5854710340499878,-0.1173074021935463,0.6624869108200073,0.6096681356430054,-0.12173426151275635,0.7656798958778381,0.47615697979927063,-0.08410878479480743,0.7426892518997192,0.5570793747901917,-0.10504892468452454,0.7148237228393555,0.5962793827056885,-0.10428331792354584,0.693321168422699,0.6119155883789062,-0.10314381122589111,0.790604293346405,0.5021507143974304,-0.08466754853725433,0.7725562453269958,0.5749930739402771,-0.10052329301834106,0.7500694990158081,0.6051440238952637,-0.10124051570892334,0.7318188548088074,0.6151459217071533,-0.10088863968849182,Left,0.9994451403617859
1538,22,1,0.34298691153526306,0.4233664870262146,4.699595592683181e-07,0.39363113045692444,0.43409204483032227,-0.019939696416258812,0.4349704384803772,0.4833530783653259,-0.034239597618579865,0.4633427858352661,0.5420461297035217,-0.042274557054042816,0.4848271608352661,0.5835039615631104,-0.04933704808354378,0.4177381694316864,0.45174887776374817,-0.0671592727303505,0.4499143958091736,0.5269080996513367,-0.09137503057718277,0.47051990032196045,0.5769112706184387,-0.10088231414556503,0.4864576756954193,0.6161894202232361,-0.10543172806501389,0.382476806640625,0.4693184196949005,-0.06522363424301147,0.415101557970047,0.5441716909408569,-0.09183278679847717,0.43977949023246765,0.5990837812423706,-0.10024824738502502,0.4596918225288391,0.6380141973495483,-0.10553748160600662,0.35336601734161377,0.4922707676887512,-0.061871469020843506,0.3790091276168823,0.5601661205291748,-0.08480840921401978,0.4038171172142029,0.6108828783035278,-0.09277685731649399,0.4279761016368866,0.6424916982650757,-0.09666741639375687,0.33335572481155396,0.5138265490531921,-0.058632850646972656,0.34737157821655273,0.5748841166496277,-0.07617780566215515,0.36272165179252625,0.604337215423584,-0.08254015445709229,0.38064414262771606,0.6192293763160706,-0.08600318431854248,Right,0.9893091320991516
1612,23,0,0.7548391819000244,0.43437278270721436,3.426137595852197e-08,0.7048018574714661,0.4382157623767853,-0.01675052009522915,0.6668204665184021,0.46684524416923523,-0.03966611623764038,0.6509760618209839,0.5215722322463989,-0.057850055396556854,0.6439851522445679,0.5680494904518127,-0.07890856266021729,0.6737807393074036,0.4289993345737457,-0.07595476508140564,0.6548323035240173,0.5075466632843018,-0.10420390963554382,0.6426228284835815,0.5616471171379089,-0.11954998970031738,0.6333950161933899,0.6025575995445251,-0.12856867909431458,0.7154405117034912,0.43811315298080444,-0.07889948040246964,0.6976808309555054,0.5264221429824829,-0.10650099068880081,0.6745304465293884,0.579283595085144,-0.11470184475183487,0.658964216709137,0.6133735775947571,-0.12196499109268188,0.7489720582962036,0.4583667516708374,-0.07960591465234756,0.7286949753761292,0.5430740714073181,-0.10133182257413864,0.7050220966339111,0.5825888514518738,-0.10035579651594162,0.689095139503479,0.6027442216873169,-0.09917028248310089,0.7750160694122314,0.486574649810791,-0.08034933358430862,0.7539293766021729,0.5592742562294006,-0.0970149040222168,0.7340133786201477,0.5879598259925842,-0.09627878665924072,0.7187122702598572,0.5992879867553711,-0.09485705196857452,Left,0.9960654973983765
1612,23,1,0.34535667300224304,0.42245808243751526,5.080618166175555e-07,0.39506983757019043,0.43209436535835266,-0.015593486838042736,0.430054247379303,0.47292837500572205,-0.03250166401267052,0.4487554430961609,0.5246499180793762,-0.04482555389404297,0.46028316020965576,0.5641133785247803,-0.05683774873614311,0.4196693003177643,0.44766443967819214,-0.06903164088726044,0.4539819061756134,0.5242361426353455,-0.09583380073308945,0.4735642075538635,0.5757325887680054,-0.1083129495382309,0.4873097836971283,0.6152535676956177,-0.11455007642507553,0.38472115993499756,0.4641585350036621,-0.07030266523361206,0.41887834668159485,0.5421194434165955,-0.09762048721313477,0.44294923543930054,0.5985379219055176,-0.10661310702562332,0.46065813302993774,0.6370760202407837,-0.11245360225439072,0.35559239983558655,0.48642170429229736,-0.06956928968429565,0.3846711218357086,0.5599209070205688,-0.09099676460027695,0.4091303050518036,0.6083744168281555,-0.09755909442901611,0.4305204451084137,0.6367819905281067,-0.10095279663801193,0.33524954319000244,0.5088270902633667,-0.0688106119632721,0.35172155499458313,0.5735893249511719,-0.08454547077417374,0.36934706568717957,0.6048007011413574,-0.08954305946826935,0.3878310024738312,0.6216140389442444,-0.09220631420612335,Right,0.9929460287094116
1685,24,0,0.7422337532043457,0.42620912194252014,-9.055361971377351e-08,0.6889688968658447,0.44532477855682373,-0.01528892945498228,0.6535884737968445,0.486416220664978,-0.03606536239385605,0.6415887475013733,0.548222541809082,-0.053595855832099915,0.6362548470497131,0.5952333211898804,-0.0733775869011879,0.6548988223075867,0.4238950312137604,-0.05911147966980934,0.6430259346961975,0.5061342716217041,-0.0829123854637146,0.6372990012168884,0.5599204301834106,-0.09604070335626602,0.6343119740486145,0.5979883670806885,-0.10417772084474564,0.6964132785797119,0.4274479150772095,-0.06298784911632538,0.681698739528656,0.5180721879005432,-0.08578149974346161,0.6679338812828064,0.5725780725479126,-0.0927032008767128,0.6599444150924683,0.6099969148635864,-0.0997389405965805,0.7326452136039734,0.44248393177986145,-0.06559643149375916,0.714450478553772,0.5314462780952454,-0.08513907343149185,0.6974294185638428,0.5735926032066345,-0.0825904980301857,0.6881661415100098,0.5959582328796387,-0.08073121309280396,0.7604804635047913,0.46647557616233826,-0.06836514919996262,0.739854097366333,0.5408756732940674,-0.08435820788145065,0.7234089970588684,0.5734308958053589,-0.08251386880874634,0.7131267786026001,0.5887885093688965,-0.08033812046051025,Left,0.9807996153831482
1685,24,1,0.3527885377407074,0.43119603395462036,5.896666266380635e-07,0.4003862142562866,0.44008153676986694,-0.01909191906452179,0.4379633963108063,0.4844318628311157,-0.037970010191202164,0.4611881673336029,0.538539707660675,-0.051009561866521835,0.4783588945865631,0.5801135897636414,-0.06395689398050308,0.42272892594337463,0.4453093707561493,-0.07764983922243118,0.45271891355514526,0.5208372473716736,-0.10606179386377335,0.4723086357116699,0.571863055229187,-0.11834357678890228,0.48664364218711853,0.611426591873169,-0.12440790235996246,0.387027382850647,0.4612599313259125,-0.07820020616054535,0.4191596806049347,0.5405392050743103,-0.10895294696092606,0.4428706765174866,0.5985788702964783,-0.11803203821182251,0.459884375333786,0.6384886503219604,-0.12347736209630966,0.35688257217407227,0.4844331443309784,-0.07663311809301376,0.38553139567375183,0.558957040309906,-0.10125201940536499,0.40961524844169617,0.6095344424247742,-0.10741093009710312,0.43084636330604553,0.6402952075004578,-0.1099741980433464,0.33607417345046997,0.5075782537460327,-0.07499957829713821,0.35638144612312317,0.5695430040359497,-0.09262940287590027,0.3755769431591034,0.6025257110595703,-0.09758282452821732,0.3938480615615845,0.6217845678329468,-0.10020257532596588,Right,0.9955127835273743
1758,25,0,0.7328413724899292,0.420853853225708,-1.457872400578708e-07,0.6767191290855408,0.44454553723335266,-0.01284588873386383,0.6409231424331665,0.48888954520225525,-0.02923264540731907,0.6312785744667053,0.5470626354217529,-0.04268714040517807,0.6337575912475586,0.5874853134155273,-0.05853893235325813,0.6484450101852417,0.4219636917114258,-0.05082448944449425,0.6447545886039734,0.5081495046615601,-0.06682119518518448,0.6424522995948792,0.5633445978164673,-0.07365179806947708,0.6410865187644958,0.6010642647743225,-0.07844649255275726,0.6904963850975037,0.42362913489341736,-0.05402425304055214,0.6808229088783264,0.5181506872177124,-0.0700429379940033,0.6709818243980408,0.5738459825515747,-0.07452966272830963,0.6648370027542114,0.6121524572372437,-0.0808563232421875,0.7274728417396545,0.4372870624065399,-0.05538072809576988,0.7142882943153381,0.5278436541557312,-0.06999745219945908,0.6983494758605957,0.5691797733306885,-0.06770393252372742,0.6891602873802185,0.5928831100463867,-0.06706464290618896,0.7556336522102356,0.4584173262119293,-0.05668070912361145,0.7382357120513916,0.5304425954818726,-0.07009060680866241,0.7217137813568115,0.5628753900527954,-0.06818631291389465,0.7117159366607666,0.5802044868469238,-0.06651582568883896,Left,0.9872620701789856
1758,25,1,0.3525311052799225,0.4352405071258545,5.43346175163606e-07,0.3983474671840668,0.4423137307167053,-0.018315570428967476,0.4379897117614746,0.4855498671531677,-0.03630129247903824,0.4623245596885681,0.5393287539482117,-0.0487825945019722,0.4806672930717468,0.5816802382469177,-0.06095419451594353,0.42457079887390137,0.44310081005096436,-0.07175073772668839,0.45346468687057495,0.5209498405456543,-0.09730308502912521,0.47139906883239746,0.5712660551071167,-0.10800224542617798,0.4847276508808136,0.6096934676170349,-0.11343196779489517,0.38845762610435486,0.46016478538513184,-0.0723976269364357,0.42100459337234497,0.5389644503593445,-0.09884501993656158,0.44315993785858154,0.5968854427337646,-0.10600626468658447,0.45899105072021484,0.6372293829917908,-0.11105812340974808,0.3586811125278473,0.4845029413700104,-0.07133448123931885,0.38798579573631287,0.5601387619972229,-0.09242021292448044,0.4111112356185913,0.6086781620979309,-0.09669316560029984,0.431078165769577,0.6377137899398804,-0.09884627163410187,0.3380047380924225,0.5107629895210266,-0.07042993605136871,0.3608715534210205,0.5702909231185913,-0.08483977615833282,0.3795155882835388,0.5992711186408997,-0.08796802908182144,0.39687949419021606,0.6149657964706421,-0.0900479182600975,Right,0.9949845671653748
1832,26,0,0.7382486462593079,0.4127506911754608,-1.789791355122361e-07,0.6817482709884644,0.42677903175354004,-0.011175078339874744,0.6461280584335327,0.4674687385559082,-0.027071179822087288,0.6359618306159973,0.5284082293510437,-0.040475621819496155,0.6385332345962524,0.5739868879318237,-0.05666488781571388,0.6436789035797119,0.4246212840080261,-0.04893657937645912,0.6399201154708862,0.5123270750045776,-0.06704902648925781,0.6392205953598022,0.5681862235069275,-0.07537940889596939,0.6396267414093018,0.6076534986495972,-0.08041021227836609,0.6844009160995483,0.42555513978004456,-0.052887529134750366,0.6776778697967529,0.5216277837753296,-0.06941744685173035,0.6696285605430603,0.5765319466590881,-0.07440786063671112,0.6636874079704285,0.6146021485328674,-0.08067794144153595,0.7212317585945129,0.4377478063106537,-0.05525166913866997,0.7104578018188477,0.5308892130851746,-0.07040159404277802,0.69621342420578,0.5744810104370117,-0.0686744749546051,0.6872898936271667,0.6007163524627686,-0.06815610080957413,0.750694990158081,0.45651382207870483,-0.05744538828730583,0.7351438999176025,0.5318472385406494,-0.07124073803424835,0.719131350517273,0.5631237030029297,-0.06961099058389664,0.7075971961021423,0.5808278322219849,-0.0678158551454544,Left,0.9864324331283569
1832,26,1,0.3527565896511078,0.44196173548698425,5.632207944472611e-07,0.39715254306793213,0.4427686929702759,-0.01763715036213398,0.439208060503006,0.4792880713939667,-0.035792089998722076,0.463340699672699,0.5308629870414734,-0.04861893877387047,0.479783833026886,0.5726444721221924,-0.06090996414422989,0.42955926060676575,0.4400072395801544,-0.07026815414428711,0.4570743441581726,0.5200426578521729,-0.0949840173125267,0.47304660081863403,0.5709878206253052,-0.10529755800962448,0.4833219051361084,0.6106617450714111,-0.11025420576334,0.39278674125671387,0.4605887234210968,-0.07115983963012695,0.4241517186164856,0.5418471693992615,-0.096556656062603,0.4448363184928894,0.597728431224823,-0.10277868062257767,0.45904695987701416,0.637057363986969,-0.10707037150859833,0.362762451171875,0.48934993147850037,-0.07035970687866211,0.3917101323604584,0.5676847696304321,-0.0898493230342865,0.4137543737888336,0.611815333366394,-0.09273944050073624,0.43135660886764526,0.6378600597381592,-0.0939708948135376,0.34250426292419434,0.5210411548614502,-0.06981783360242844,0.3686036169528961,0.5795028209686279,-0.08174926787614822,0.38699233531951904,0.6027675271034241,-0.0830785259604454,0.40241724252700806,0.6157426834106445,-0.08399099856615067,Right,0.9907912015914917
1903,27,0,0.7406994104385376,0.40019553899765015,-2.438430612983211e-07,0.6922037601470947,0.415060818195343,-0.008940370753407478,0.6578195095062256,0.45937442779541016,-0.022304236888885498,0.6474621891975403,0.5163081288337708,-0.03339193016290665,0.6518239378929138,0.5581454038619995,-0.04700847715139389,0.6382223963737488,0.4277413487434387,-0.04471370205283165,0.6393736004829407,0.5184853076934814,-0.06147124618291855,0.6438019275665283,0.5729293823242188,-0.06874465942382812,0.6474484205245972,0.6105532646179199,-0.07333653420209885,0.6715714335441589,0.41913092136383057,-0.049297720193862915,0.6716753244400024,0.5201390385627747,-0.06575065851211548,0.6720024347305298,0.5798872709274292,-0.0712549015879631,0.672045886516571,0.621665358543396,-0.07759914547204971,0.7063649296760559,0.4245073199272156,-0.052369434386491776,0.7023563385009766,0.5232357382774353,-0.06893396377563477,0.6965556144714355,0.5765402317047119,-0.07067392766475677,0.693103551864624,0.6093320846557617,-0.07230672240257263,0.7383201718330383,0.44078612327575684,-0.05477653816342354,0.7289004325866699,0.5228902697563171,-0.07039526849985123,0.721013605594635,0.561773419380188,-0.07180462777614594,0.7146936655044556,0.5849964022636414,-0.07205399870872498,Left,0.9957323670387268
1903,27,1,0.3554942309856415,0.4490600824356079,6.801614631513075e-07,0.3986055552959442,0.4473760724067688,-0.018630655482411385,0.4384872615337372,0.47614622116088867,-0.040299445390701294,0.4578697383403778,0.5255555510520935,-0.056895121932029724,0.4688864052295685,0.5648622512817383,-0.07344888150691986,0.43422573804855347,0.43711692094802856,-0.07619001716375351,0.46101534366607666,0.5160595178604126,-0.10451534390449524,0.4758720099925995,0.5686843991279602,-0.11815852671861649,0.4853200912475586,0.6106783747673035,-0.1255289763212204,0.3973194360733032,0.45479291677474976,-0.07836000621318817,0.4268207252025604,0.537889838218689,-0.10712046176195145,0.44603392481803894,0.5972739458084106,-0.11426113545894623,0.45846763253211975,0.6398313045501709,-0.11887232959270477,0.36613619327545166,0.481068879365921,-0.07899422943592072,0.3930874168872833,0.5592549443244934,-0.10072611272335052,0.41447457671165466,0.6093466281890869,-0.10391448438167572,0.4309900104999542,0.6416797637939453,-0.10508942604064941,0.34444668889045715,0.511441171169281,-0.08007130026817322,0.3684391379356384,0.5707855224609375,-0.09344135224819183,0.3867908716201782,0.5983131527900696,-0.09505093097686768,0.4021572470664978,0.6155813932418823,-0.09603284299373627,Right,0.9957574605941772
1976,28,0,0.7431055307388306,0.39904260635375977,-1.7329681156752486e-07,0.6941151022911072,0.4112187325954437,-0.009491682052612305,0.6616944670677185,0.4595697224140167,-0.024456439539790154,0.6519330143928528,0.5172474384307861,-0.03713624179363251,0.6558124423027039,0.5594800710678101,-0.05266140401363373,0.6422942876815796,0.43220430612564087,-0.04983484372496605,0.6439794301986694,0.5203587412834167,-0.06844432651996613,0.6466155648231506,0.573257327079773,-0.07811769843101501,0.647052526473999,0.6110722422599792,-0.08511991798877716,0.6738930344581604,0.4253028333187103,-0.055180471390485764,0.675655722618103,0.52283775806427,-0.07473603636026382,0.6732444763183594,0.5826314687728882,-0.0826306864619255,0.6707988977432251,0.6264001727104187,-0.09075116366147995,0.7089661955833435,0.4303582012653351,-0.05862830579280853,0.7055348753929138,0.5276064276695251,-0.07747247815132141,0.6973946690559387,0.5825785398483276,-0.08100049942731857,0.6925088167190552,0.6189351677894592,-0.08392401784658432,0.742152988910675,0.44510531425476074,-0.0613521933555603,0.7349616885185242,0.523987352848053,-0.07882801443338394,0.7251415252685547,0.5669418573379517,-0.08182728290557861,0.7168050408363342,0.5952882766723633,-0.08332226425409317,Left,0.9933564066886902
1976,28,1,0.3582291305065155,0.4519616365432739,7.609560270793736e-07,0.40220412611961365,0.4546516239643097,-0.019089225679636,0.4389599859714508,0.48038697242736816,-0.042341914027929306,0.45563775300979614,0.529538631439209,-0.06120617687702179,0.46303790807724,0.568980872631073,-0.08006439357995987,0.4358121156692505,0.4401463270187378,-0.0740887001156807,0.4625453054904938,0.5131078958511353,-0.10360237210988998,0.4771614372730255,0.5672615766525269,-0.11939553171396255,0.4859250783920288,0.6116142868995667,-0.12846222519874573,0.3998643755912781,0.45392218232154846,-0.07717697322368622,0.4275730550289154,0.5359185934066772,-0.1085856631398201,0.44538238644599915,0.5977903604507446,-0.11600980162620544,0.45744025707244873,0.6420563459396362,-0.12018980085849762,0.36893776059150696,0.4770708680152893,-0.07927511632442474,0.3920546770095825,0.5550656318664551,-0.10255233943462372,0.412899911403656,0.6081284284591675,-0.10378799587488174,0.4282120168209076,0.6428687572479248,-0.10296603292226791,0.346118688583374,0.5051756501197815,-0.08226259797811508,0.36797812581062317,0.5639473795890808,-0.09449012577533722,0.3853014409542084,0.59418785572052,-0.09380445629358292,0.39913275837898254,0.6141797304153442,-0.09312102943658829,Right,0.9979081153869629
2048,29,0,0.7452598214149475,0.39815977215766907,-1.376880192083263e-07,0.6896992921829224,0.4099741280078888,-0.010523400269448757,0.6554002165794373,0.4680047631263733,-0.023616498336195946,0.6481179594993591,0.5329124927520752,-0.0340125635266304,0.6535643935203552,0.577524721622467,-0.04710892215371132,0.6527382135391235,0.44623681902885437,-0.049223918467760086,0.6554516553878784,0.536462664604187,-0.06544024497270584,0.6573049426078796,0.5863468050956726,-0.07189269363880157,0.6569227576255798,0.6184864044189453,-0.07632548362016678,0.6895227432250977,0.4415881037712097,-0.05224434286355972,0.6958773136138916,0.5393813848495483,-0.07016976922750473,0.6934666037559509,0.5969632267951965,-0.07623377442359924,0.688890814781189,0.6347350478172302,-0.08258844912052155,0.7255500555038452,0.44451406598091125,-0.05333568528294563,0.7272462248802185,0.541972815990448,-0.06946638226509094,0.7186502814292908,0.594936728477478,-0.07254154980182648,0.7108756899833679,0.6268408298492432,-0.07517185062170029,0.7561362981796265,0.45455846190452576,-0.053928133100271225,0.7517791986465454,0.5310415029525757,-0.0692664235830307,0.7429665327072144,0.5758101940155029,-0.07248793542385101,0.7353981137275696,0.6035268306732178,-0.07415419071912766,Left,0.9930582046508789
2048,29,1,0.3589297831058502,0.45293286442756653,7.754597959319653e-07,0.40386831760406494,0.4563271999359131,-0.020660361275076866,0.43957123160362244,0.48120221495628357,-0.045855775475502014,0.45518288016319275,0.5302540063858032,-0.06659603118896484,0.46282804012298584,0.568925678730011,-0.08734384924173355,0.43707799911499023,0.43873947858810425,-0.07786986976861954,0.4624742567539215,0.5106817483901978,-0.11019238084554672,0.47685331106185913,0.565399169921875,-0.1286851018667221,0.4855400621891022,0.6110721826553345,-0.13984307646751404,0.4013180136680603,0.4503738284111023,-0.08130967617034912,0.42717650532722473,0.5344486236572266,-0.11564032733440399,0.4447055160999298,0.59685218334198,-0.1248222067952156,0.4566061794757843,0.641313910484314,-0.13049456477165222,0.37056052684783936,0.4727380573749542,-0.08388733118772507,0.3930882513523102,0.5523247718811035,-0.10978702455759048,0.4140544533729553,0.6057120561599731,-0.11136359721422195,0.42917171120643616,0.641094982624054,-0.11076229810714722,0.3479149043560028,0.5009157657623291,-0.08754778653383255,0.368171364068985,0.5619454979896545,-0.10147556662559509,0.38572782278060913,0.5934620499610901,-0.10108508914709091,0.4000854790210724,0.6144960522651672,-0.10073599219322205,Right,0.9979056715965271
2120,30,0,0.7444296479225159,0.4001011252403259,-3.1162596059175485e-08,0.6890905499458313,0.41418617963790894,-0.011692252941429615,0.6536621451377869,0.4778667688369751,-0.026334248483181,0.6407477855682373,0.5424702167510986,-0.03691947087645531,0.6432377696037292,0.5886959433555603,-0.04939538240432739,0.6605703234672546,0.4651036560535431,-0.058319393545389175,0.6601535081863403,0.558417797088623,-0.07797503471374512,0.6629469990730286,0.6004136800765991,-0.08557407557964325,0.6681283116340637,0.6136982440948486,-0.08855006843805313,0.6999728083610535,0.4640044569969177,-0.05891432240605354,0.7060437798500061,0.566540002822876,-0.07660020142793655,0.6999066472053528,0.6127475500106812,-0.07853899151086807,0.6973250508308411,0.6291850805282593,-0.08099907636642456,0.7356019020080566,0.4667408764362335,-0.057617343962192535,0.7371534109115601,0.5635595917701721,-0.07235848158597946,0.7272069454193115,0.606455385684967,-0.07053447514772415,0.7222867608070374,0.6201128959655762,-0.0685373842716217,0.7636895179748535,0.47127440571784973,-0.05593787506222725,0.7560953497886658,0.5501636862754822,-0.06895265728235245,0.7472217082977295,0.5908105373382568,-0.0695662871003151,0.7418942451477051,0.6090346574783325,-0.06837857514619827,Left,0.995823323726654
2120,30,1,0.3593812882900238,0.4519098997116089,8.177646009244199e-07,0.40516623854637146,0.45599469542503357,-0.02047896943986416,0.4401704668998718,0.48010310530662537,-0.046583544462919235,0.4533376097679138,0.5305154323577881,-0.06855562329292297,0.4592302739620209,0.5710423588752747,-0.09099527448415756,0.43662431836128235,0.4386073648929596,-0.07932368665933609,0.4621025323867798,0.5087641477584839,-0.11163865774869919,0.47674503922462463,0.563414454460144,-0.1306607872247696,0.4855523705482483,0.610045313835144,-0.1426028311252594,0.4010895788669586,0.44860169291496277,-0.0833219364285469,0.4277861416339874,0.5381076335906982,-0.11807805299758911,0.4455987215042114,0.6052935719490051,-0.1281055212020874,0.4573642611503601,0.6529320478439331,-0.13447336852550507,0.3704642653465271,0.4702763259410858,-0.08612906187772751,0.3949746787548065,0.5542109608650208,-0.1122264489531517,0.4162899851799011,0.6099527478218079,-0.11382720619440079,0.43120095133781433,0.6461292505264282,-0.11326222866773605,0.3477877974510193,0.4981827735900879,-0.08998364210128784,0.36775103211402893,0.5618685483932495,-0.10343485325574875,0.38611364364624023,0.5950061082839966,-0.10218986868858337,0.4005938470363617,0.6162546873092651,-0.10128214955329895,Right,0.9978343844413757
2193,31,0,0.7452795505523682,0.39920228719711304,4.601560377182068e-08,0.6886616349220276,0.4175097644329071,-0.010062843561172485,0.6553054451942444,0.4842109978199005,-0.022676199674606323,0.6432784795761108,0.5481584072113037,-0.030814312398433685,0.6406413912773132,0.5947331190109253,-0.039864182472229004,0.666924238204956,0.4690385162830353,-0.06126251816749573,0.666281521320343,0.5654251575469971,-0.08383577316999435,0.6670747995376587,0.6061128377914429,-0.09105018526315689,0.6706593632698059,0.6147326231002808,-0.09151315689086914,0.7077069282531738,0.4685458838939667,-0.06204027682542801,0.7164274454116821,0.5745940208435059,-0.08255674690008163,0.7053378224372864,0.6205794811248779,-0.08348934352397919,0.6979790329933167,0.628013551235199,-0.08307261019945145,0.7425665855407715,0.4715557098388672,-0.061009008437395096,0.7452744841575623,0.5714429616928101,-0.07836602628231049,0.7319187521934509,0.616965115070343,-0.07813107967376709,0.7216324210166931,0.6265893578529358,-0.0751715674996376,0.7695922255516052,0.47694283723831177,-0.05915201082825661,0.7649661302566528,0.5616448521614075,-0.07409188151359558,0.752668559551239,0.5991799831390381,-0.07643581926822662,0.7414836287498474,0.6093447208404541,-0.07513099908828735,Left,0.9995397925376892
2193,31,1,0.3595770597457886,0.4509187340736389,8.156428066286026e-07,0.4057188034057617,0.4556903541088104,-0.020094314590096474,0.44053560495376587,0.4805908203125,-0.04580676928162575,0.45307645201683044,0.5315033793449402,-0.06755252927541733,0.4585849940776825,0.5722160339355469,-0.08984491229057312,0.43621739745140076,0.43975815176963806,-0.07817650586366653,0.46197599172592163,0.5079432725906372,-0.11026916652917862,0.4769236743450165,0.5623780488967896,-0.1292041540145874,0.48576056957244873,0.6087464094161987,-0.14109094440937042,0.40107840299606323,0.44955527782440186,-0.08234310150146484,0.4280063509941101,0.5380590558052063,-0.11709202826023102,0.4459930658340454,0.6052798628807068,-0.1272621601819992,0.4576755166053772,0.6526797413825989,-0.13364729285240173,0.3706827759742737,0.4707847535610199,-0.08536627888679504,0.3951513171195984,0.5553061962127686,-0.11170294135808945,0.41650933027267456,0.6115211844444275,-0.11380164325237274,0.43106985092163086,0.647423267364502,-0.11342711746692657,0.34770873188972473,0.49795761704444885,-0.08939377963542938,0.3678634762763977,0.5627853274345398,-0.10323294252157211,0.38621386885643005,0.5967018604278564,-0.10242273658514023,0.4002538323402405,0.6180496215820312,-0.10173814743757248,Right,0.9978240132331848
2266,32,0,0.7459794878959656,0.40387922525405884,1.3391868947110197e-07,0.6884985566139221,0.42783063650131226,-0.009661850519478321,0.6550287008285522,0.4886713922023773,-0.02296348661184311,0.642641007900238,0.5477328300476074,-0.031192004680633545,0.6412297487258911,0.5951409935951233,-0.04013904184103012,0.6676337718963623,0.47611767053604126,-0.07068198919296265,0.6703293919563293,0.5719628930091858,-0.09581407904624939,0.6690398454666138,0.6144677400588989,-0.10176586359739304,0.6699494123458862,0.6230679750442505,-0.09994596987962723,0.7088255286216736,0.4732407033443451,-0.07187316566705704,0.7165582776069641,0.5774226188659668,-0.09768366813659668,0.7054864168167114,0.627670407295227,-0.09642283618450165,0.6988597512245178,0.6355590224266052,-0.09207339584827423,0.7455615401268005,0.4757586717605591,-0.07071980834007263,0.7472540736198425,0.5765938758850098,-0.0920666828751564,0.7339079976081848,0.6252518892288208,-0.08839305490255356,0.7243102192878723,0.6331208348274231,-0.08071323484182358,0.7753589153289795,0.47993987798690796,-0.0685272365808487,0.7712355852127075,0.5681701302528381,-0.08531606942415237,0.7578041553497314,0.6085116863250732,-0.08538594096899033,0.7471817135810852,0.6152591109275818,-0.08075006306171417,Left,0.9994441866874695
2266,32,1,0.3619069755077362,0.4530099034309387,7.787433560224599e-07,0.40778088569641113,0.45756375789642334,-0.020123988389968872,0.4443187415599823,0.48601123690605164,-0.04495672509074211,0.46029993891716003,0.538567066192627,-0.06547861546278,0.47032350301742554,0.5803673267364502,-0.0863504409790039,0.437091588973999,0.4414184093475342,-0.07848753035068512,0.46187952160835266,0.5087875127792358,-0.11049734055995941,0.47532328963279724,0.563093364238739,-0.1288478523492813,0.4827565550804138,0.6093990206718445,-0.14019227027893066,0.40178829431533813,0.45175397396087646,-0.08260388672351837,0.42801350355148315,0.5388240218162537,-0.11670881509780884,0.44574466347694397,0.6045376062393188,-0.12621665000915527,0.4572787880897522,0.6509431600570679,-0.13242889940738678,0.37113314867019653,0.47319260239601135,-0.08566439151763916,0.3949388265609741,0.5561331510543823,-0.11161082983016968,0.4159335494041443,0.611449122428894,-0.1132606714963913,0.4302448034286499,0.6468159556388855,-0.11284419149160385,0.34797409176826477,0.50013667345047,-0.08974742144346237,0.36783963441848755,0.5628799796104431,-0.10384660959243774,0.3861386179924011,0.5958911180496216,-0.10322143882513046,0.39975613355636597,0.6169037818908691,-0.10276546329259872,Right,0.997998833656311
2339,33,0,0.7519510388374329,0.4099710285663605,1.543968437545118e-07,0.6952089071273804,0.4346209764480591,-0.009562395513057709,0.659149169921875,0.4942641258239746,-0.022629065439105034,0.6434082984924316,0.5516750812530518,-0.030957531183958054,0.6450899243354797,0.5970746874809265,-0.04012051969766617,0.6735330820083618,0.47667640447616577,-0.06715913861989975,0.6763553619384766,0.5754282474517822,-0.09213888645172119,0.6722506880760193,0.6163313388824463,-0.09893786907196045,0.6702556610107422,0.623467743396759,-0.09770537912845612,0.7146244049072266,0.4760175347328186,-0.06870252639055252,0.7214909195899963,0.5831121206283569,-0.09355556219816208,0.7070385813713074,0.6297983527183533,-0.09326789528131485,0.6973270177841187,0.6331957578659058,-0.08981520682573318,0.7509804964065552,0.48083239793777466,-0.06819488108158112,0.7508805990219116,0.5834749937057495,-0.08830185234546661,0.7349230647087097,0.6300691366195679,-0.08630026131868362,0.7228482961654663,0.6346373558044434,-0.08025294542312622,0.779987096786499,0.4877329170703888,-0.06679877638816833,0.7746317982673645,0.5767790079116821,-0.08243833482265472,0.7599285840988159,0.6156473755836487,-0.08336716890335083,0.7477462887763977,0.6207230091094971,-0.07988286018371582,Left,0.9997458457946777
2339,33,1,0.36196205019950867,0.4541637599468231,7.807138899806887e-07,0.40771982073783875,0.45934274792671204,-0.02102510817348957,0.4447706937789917,0.48869872093200684,-0.046134401112794876,0.46130871772766113,0.5408436059951782,-0.06681757420301437,0.47205522656440735,0.5812413096427917,-0.08776033669710159,0.43707796931266785,0.4421650767326355,-0.07931754738092422,0.4620996117591858,0.5099804401397705,-0.1117200031876564,0.47542229294776917,0.5649014115333557,-0.1302170604467392,0.48270636796951294,0.6114616990089417,-0.14155177772045135,0.4014113247394562,0.4522756338119507,-0.0830928236246109,0.4277447462081909,0.5378932356834412,-0.11793510615825653,0.4456165134906769,0.6032674908638,-0.12764419615268707,0.4570339620113373,0.6495202779769897,-0.1338329166173935,0.3705397844314575,0.47397178411483765,-0.08592987805604935,0.39433592557907104,0.5562911033630371,-0.11252128332853317,0.4157736897468567,0.6113770008087158,-0.11451604962348938,0.4304758608341217,0.646428644657135,-0.11418893933296204,0.34735292196273804,0.5011945366859436,-0.08985729515552521,0.36781734228134155,0.5650015473365784,-0.1044536754488945,0.3864872455596924,0.5976743698120117,-0.10425184667110443,0.4002041816711426,0.618057370185852,-0.1040632426738739,Right,0.998332142829895
2411,34,0,0.7577195167541504,0.4107216000556946,1.4151665084227716e-07,0.7006152868270874,0.43420839309692383,-0.008976421318948269,0.6640151143074036,0.49159547686576843,-0.021654879674315453,0.6468349695205688,0.5466698408126831,-0.029104378074407578,0.6479721069335938,0.5908685326576233,-0.03685985878109932,0.678513765335083,0.47838667035102844,-0.07081679999828339,0.6802049875259399,0.5781896710395813,-0.09672145545482635,0.6738916635513306,0.6175022125244141,-0.1017715260386467,0.6712936162948608,0.6209326386451721,-0.0980931743979454,0.7178405523300171,0.4782625734806061,-0.07186265289783478,0.7235554456710815,0.5894943475723267,-0.09778057783842087,0.7069467306137085,0.6329513788223267,-0.09367215633392334,0.6984353065490723,0.628024160861969,-0.08564385026693344,0.7534399032592773,0.48261672258377075,-0.07070379704236984,0.7551231980323792,0.5881039500236511,-0.09191577136516571,0.737186849117279,0.6317238211631775,-0.0860431119799614,0.7255480885505676,0.6284101605415344,-0.07530593872070312,0.7824870944023132,0.48842382431030273,-0.06859198212623596,0.7783761024475098,0.5795050263404846,-0.0855121985077858,0.7628391981124878,0.6174801588058472,-0.08474108576774597,0.7510492205619812,0.6183533668518066,-0.07816584408283234,Left,0.9996119141578674
2411,34,1,0.3622158467769623,0.4542449116706848,7.553652494607377e-07,0.40849485993385315,0.4587652087211609,-0.019954940304160118,0.4456689953804016,0.48827144503593445,-0.04404523968696594,0.4627187252044678,0.5407940745353699,-0.06390951573848724,0.4734742045402527,0.5810921788215637,-0.08396906405687332,0.4365825951099396,0.44194933772087097,-0.07647855579853058,0.46153995394706726,0.5104275345802307,-0.10789722949266434,0.4750702977180481,0.5643883347511292,-0.12583966553211212,0.4828047752380371,0.6100620627403259,-0.13691383600234985,0.400929719209671,0.453183114528656,-0.08057451248168945,0.42717084288597107,0.536925196647644,-0.11384686082601547,0.44516995549201965,0.6001707315444946,-0.12311501801013947,0.4568285644054413,0.644965648651123,-0.12932497262954712,0.370348185300827,0.4752729535102844,-0.08378594368696213,0.3935714066028595,0.5557404160499573,-0.10939457267522812,0.41551151871681213,0.6098180413246155,-0.11157143861055374,0.4308101236820221,0.6446337103843689,-0.11164174973964691,0.34750431776046753,0.5026353597640991,-0.08805201947689056,0.36708685755729675,0.5647919178009033,-0.1023341566324234,0.38569176197052,0.5966781973838806,-0.10239902138710022,0.39983654022216797,0.6169559359550476,-0.10255283117294312,Right,0.9979400634765625
2484,35,0,0.7550165057182312,0.4117087125778198,1.3234151197139e-07,0.6999240517616272,0.4352457523345947,-0.007307569030672312,0.6660213470458984,0.4912368059158325,-0.01952958293259144,0.6491976976394653,0.5449686646461487,-0.027243047952651978,0.6469434499740601,0.5881115198135376,-0.035482440143823624,0.6771129369735718,0.4775030016899109,-0.06783415377140045,0.6802234053611755,0.5763108730316162,-0.0919516533613205,0.6736363172531128,0.6127887964248657,-0.09627743810415268,0.6696097254753113,0.6149420142173767,-0.09305448830127716,0.715974748134613,0.4759734570980072,-0.0699201449751854,0.7231656908988953,0.5870105028152466,-0.09555381536483765,0.706289529800415,0.6283233165740967,-0.09247789531946182,0.6957112550735474,0.622840404510498,-0.08586536347866058,0.7512003779411316,0.4794590473175049,-0.06965848058462143,0.75495445728302,0.5851827263832092,-0.09092392772436142,0.7371916174888611,0.6288959383964539,-0.08638057112693787,0.7238964438438416,0.6254203915596008,-0.07721222937107086,0.7805130481719971,0.4861513376235962,-0.06830848753452301,0.7778606414794922,0.5760559439659119,-0.0860961452126503,0.7628628611564636,0.6146812438964844,-0.08693476766347885,0.7497373819351196,0.6164018511772156,-0.08202997595071793,Left,0.9994497895240784
2484,35,1,0.36119309067726135,0.4562949538230896,7.334244855883298e-07,0.40720686316490173,0.4604380130767822,-0.020448142662644386,0.4452238082885742,0.49029189348220825,-0.04347962513566017,0.46470680832862854,0.5408181548118591,-0.06192855164408684,0.478071928024292,0.5777492523193359,-0.08018115907907486,0.4364908039569855,0.4412827491760254,-0.07510557025671005,0.460049033164978,0.512389063835144,-0.10629357397556305,0.4737238883972168,0.5664135813713074,-0.12432172149419785,0.48153144121170044,0.6116160154342651,-0.13522379100322723,0.399760365486145,0.4535735249519348,-0.07826919853687286,0.4260232448577881,0.5370906591415405,-0.11072798818349838,0.4453446865081787,0.600290060043335,-0.12024499475955963,0.45819181203842163,0.6456613540649414,-0.12674005329608917,0.3690994679927826,0.47659122943878174,-0.0806102529168129,0.39334380626678467,0.556389570236206,-0.10590855032205582,0.4159586429595947,0.6089866161346436,-0.1081196665763855,0.4318092167377472,0.643112063407898,-0.10814893990755081,0.34715887904167175,0.5048055052757263,-0.08402178436517715,0.36760735511779785,0.5683345794677734,-0.09807935357093811,0.38616132736206055,0.5988044738769531,-0.09798134118318558,0.4000984728336334,0.6175617575645447,-0.09788396954536438,Right,0.9979588985443115
2559,36,0,0.753532886505127,0.4093891382217407,1.2624468581634574e-07,0.6993638873100281,0.43098217248916626,-0.009974726475775242,0.6663095355033875,0.48646900057792664,-0.02250075526535511,0.6506616473197937,0.5395630598068237,-0.03019850328564644,0.6457144618034363,0.5825676321983337,-0.038120172917842865,0.676821231842041,0.4727352261543274,-0.06889495253562927,0.6816288828849792,0.573945939540863,-0.09504397958517075,0.6732766628265381,0.6106485724449158,-0.10136663913726807,0.6681682467460632,0.6127007007598877,-0.09925162047147751,0.7155991792678833,0.4746735095977783,-0.06977376341819763,0.7239091396331787,0.5847126841545105,-0.0969322919845581,0.7048791646957397,0.6252427697181702,-0.09570655226707458,0.6936572194099426,0.6184757351875305,-0.09041765332221985,0.7495859861373901,0.4807450473308563,-0.06889154762029648,0.7538056969642639,0.5840237736701965,-0.09138911217451096,0.7340823411941528,0.6277733445167542,-0.09032274037599564,0.7200038433074951,0.6232749819755554,-0.08365065604448318,0.7770784497261047,0.4897988438606262,-0.06720031052827835,0.7761640548706055,0.5804772973060608,-0.08728630840778351,0.7595915198326111,0.6192284822463989,-0.09201578795909882,0.7452636957168579,0.6194436550140381,-0.08991855382919312,Left,0.9996877908706665
2559,36,1,0.36016058921813965,0.4558102488517761,7.111796662684355e-07,0.4073162078857422,0.4612866938114166,-0.018175264820456505,0.4452943801879883,0.4923509657382965,-0.04001910611987114,0.46597012877464294,0.5422810912132263,-0.05817868560552597,0.4801611006259918,0.5785565376281738,-0.0761442705988884,0.43460431694984436,0.44236984848976135,-0.07022204995155334,0.45896029472351074,0.5110965967178345,-0.10015818476676941,0.4738655984401703,0.5636337995529175,-0.1171707808971405,0.4819815754890442,0.6082610487937927,-0.12746217846870422,0.39823099970817566,0.4542215168476105,-0.07474063336849213,0.42473962903022766,0.5361689925193787,-0.1058688834309578,0.44469353556632996,0.5990535020828247,-0.11445441842079163,0.4577021896839142,0.6444114446640015,-0.12030404806137085,0.36803150177001953,0.4761771857738495,-0.07854354381561279,0.39169541001319885,0.555096447467804,-0.10341085493564606,0.4141753017902374,0.607444167137146,-0.1049940437078476,0.4302199184894562,0.6412035822868347,-0.10454422980546951,0.34588927030563354,0.503960132598877,-0.08336393535137177,0.3652801215648651,0.5675864219665527,-0.09715518355369568,0.38389894366264343,0.5983576774597168,-0.09662361443042755,0.39764490723609924,0.6173095107078552,-0.09615077823400497,Right,0.9973723292350769
2630,37,0,0.7527291774749756,0.4096091389656067,1.2202725940824166e-07,0.6988716125488281,0.430633008480072,-0.010996241122484207,0.6658794283866882,0.48487401008605957,-0.023693731054663658,0.6504798531532288,0.5388244986534119,-0.03131554275751114,0.6462089419364929,0.5819432735443115,-0.03927771374583244,0.6749053597450256,0.4703682065010071,-0.06873905658721924,0.6804875135421753,0.5701695680618286,-0.09485384821891785,0.6739100813865662,0.6091179251670837,-0.10206301510334015,0.6705147624015808,0.6126805543899536,-0.10100653022527695,0.7144281268119812,0.4715214967727661,-0.06898773461580276,0.7227185964584351,0.5782238245010376,-0.09673595428466797,0.7065708041191101,0.6211277842521667,-0.09741081297397614,0.6976425647735596,0.617072343826294,-0.0940437838435173,0.7490596175193787,0.4773862361907959,-0.0675683468580246,0.7537034749984741,0.5761210918426514,-0.09045432507991791,0.7367556691169739,0.6226616501808167,-0.09153184294700623,0.7248383164405823,0.6212080717086792,-0.08704619854688644,0.7769677639007568,0.486696720123291,-0.0653681606054306,0.7773823738098145,0.5731014013290405,-0.08594875782728195,0.7623593211174011,0.6126550436019897,-0.09238170832395554,0.7489445805549622,0.6148332953453064,-0.09218857437372208,Left,0.9996810555458069
2630,37,1,0.35928764939308167,0.45555615425109863,7.001286235208681e-07,0.4073278605937958,0.46162253618240356,-0.01771906018257141,0.44532346725463867,0.49249783158302307,-0.039255447685718536,0.46662965416908264,0.5416635870933533,-0.05728894844651222,0.48033273220062256,0.578702449798584,-0.07520440965890884,0.4345972239971161,0.4424786865711212,-0.06864509731531143,0.45842984318733215,0.5117962956428528,-0.0985434427857399,0.4736582040786743,0.5641376972198486,-0.11568685621023178,0.48224005103111267,0.6081405878067017,-0.12614160776138306,0.3976796865463257,0.4541885554790497,-0.07359641790390015,0.4241582751274109,0.5361819863319397,-0.1046404018998146,0.444497287273407,0.5983648896217346,-0.11369918286800385,0.4580257534980774,0.6427025198936462,-0.11996414512395859,0.3671852648258209,0.4761015474796295,-0.07790536433458328,0.39097315073013306,0.5546464920043945,-0.10281600803136826,0.41380277276039124,0.6079769730567932,-0.10485580563545227,0.4303439259529114,0.6422810554504395,-0.10476037859916687,0.34512272477149963,0.5035813450813293,-0.08322151005268097,0.36397913098335266,0.5658068656921387,-0.09701883792877197,0.38282087445259094,0.5966499447822571,-0.09683305025100708,0.39734846353530884,0.6160495281219482,-0.09672118723392487,Right,0.9967598915100098
2702,38,0,0.7489696741104126,0.40869730710983276,8.736260070918433e-08,0.694898784160614,0.4300873279571533,-0.011077070608735085,0.6616712212562561,0.4844810366630554,-0.02553720213472843,0.6462064981460571,0.5399201512336731,-0.034744419157505035,0.6460557579994202,0.583720326423645,-0.045199424028396606,0.6722747683525085,0.46855834126472473,-0.07380975037813187,0.673547625541687,0.5575280785560608,-0.09968274086713791,0.6720800995826721,0.5978140234947205,-0.10696931183338165,0.6730867028236389,0.60459303855896,-0.10709846764802933,0.7124926447868347,0.46680575609207153,-0.0748201236128807,0.7232663035392761,0.5658701658248901,-0.10202479362487793,0.7109934091567993,0.6133072972297668,-0.10295898467302322,0.702610194683075,0.6184811592102051,-0.10161486268043518,0.7485441565513611,0.4702533781528473,-0.07364606112241745,0.7558525800704956,0.561796247959137,-0.09577234834432602,0.7422196269035339,0.6120853424072266,-0.09626960009336472,0.7302944660186768,0.6214139461517334,-0.09337089210748672,0.7775007486343384,0.4760270416736603,-0.07156669348478317,0.7826060652732849,0.5572744607925415,-0.0906379446387291,0.7705358862876892,0.5978497862815857,-0.09558988362550735,0.7574654221534729,0.6072779893875122,-0.09594784677028656,Left,0.9998074769973755
2702,38,1,0.3584993779659271,0.4543116092681885,7.032130611150933e-07,0.4065818190574646,0.4606859087944031,-0.017843887209892273,0.4444445073604584,0.4912252426147461,-0.039539944380521774,0.4661746025085449,0.5390818119049072,-0.05771946907043457,0.4810504615306854,0.5753178596496582,-0.07583525776863098,0.43434804677963257,0.44115781784057617,-0.0690193623304367,0.4578879475593567,0.5117761492729187,-0.09914027154445648,0.47376152873039246,0.5635815262794495,-0.11643901467323303,0.4830811619758606,0.6070445775985718,-0.12707294523715973,0.39736074209213257,0.45313504338264465,-0.07398094236850739,0.42404335737228394,0.5354723930358887,-0.10509784519672394,0.4447244107723236,0.5974951982498169,-0.1143278181552887,0.4586603045463562,0.6419669985771179,-0.12082339078187943,0.36693644523620605,0.4751918315887451,-0.07830968499183655,0.3908134996891022,0.5539705157279968,-0.10331007093191147,0.41348159313201904,0.6069165468215942,-0.10539553314447403,0.4300137162208557,0.641167402267456,-0.10542251914739609,0.3450186252593994,0.5026680827140808,-0.08367300778627396,0.36363279819488525,0.5649198889732361,-0.097719207406044,0.38261279463768005,0.596146285533905,-0.09781228750944138,0.3975219428539276,0.6162324547767639,-0.09792903065681458,Right,0.9967731237411499
2774,39,0,0.7476195096969604,0.40838509798049927,1.553400608145239e-07,0.6965683698654175,0.4303031861782074,-0.01592821255326271,0.6676961183547974,0.47744861245155334,-0.036953866481781006,0.6564240455627441,0.5263083577156067,-0.051141515374183655,0.6566342115402222,0.5672962665557861,-0.0661424770951271,0.6731685996055603,0.461702823638916,-0.09570113569498062,0.6560388207435608,0.5286989212036133,-0.13001704216003418,0.6568201780319214,0.5742378830909729,-0.1388043612241745,0.6653516888618469,0.5861766934394836,-0.13799607753753662,0.7108390927314758,0.464939147233963,-0.095109723508358,0.7159571647644043,0.5554229021072388,-0.12977774441242218,0.7021598219871521,0.6057398319244385,-0.127619206905365,0.6954927444458008,0.6088517308235168,-0.12211543321609497,0.7461621165275574,0.47210565209388733,-0.09207958728075027,0.7526045441627502,0.5581164956092834,-0.12226846814155579,0.7356172800064087,0.6057000756263733,-0.11996030807495117,0.7220386862754822,0.6086267232894897,-0.11238036304712296,0.7753627896308899,0.4783211648464203,-0.08785109966993332,0.78557288646698,0.5592651963233948,-0.11399656534194946,0.7719354033470154,0.596884548664093,-0.11901277303695679,0.7572154402732849,0.5976124405860901,-0.11696141213178635,Left,0.9997884035110474
2774,39,1,0.3584582209587097,0.45417407155036926,6.865376462883432e-07,0.40615084767341614,0.46022024750709534,-0.01689399778842926,0.44421353936195374,0.49037232995033264,-0.03785175085067749,0.4668441712856293,0.536331295967102,-0.05557265505194664,0.4829152226448059,0.5684749484062195,-0.07326443493366241,0.43313291668891907,0.44073885679244995,-0.06696993857622147,0.4572502076625824,0.5106003880500793,-0.0963045135140419,0.4733225703239441,0.5612369775772095,-0.11279507726430893,0.483090341091156,0.6038231253623962,-0.12280573695898056,0.3967374861240387,0.4535227119922638,-0.07233601808547974,0.42424407601356506,0.5332464575767517,-0.10260991752147675,0.4452933669090271,0.5937713384628296,-0.11121509224176407,0.4592421054840088,0.637283444404602,-0.11715923994779587,0.3665701746940613,0.4763224422931671,-0.07711835950613022,0.3915637135505676,0.5532313585281372,-0.10154255479574203,0.4145554304122925,0.6053861379623413,-0.10337285697460175,0.43132278323173523,0.6386908292770386,-0.10317197442054749,0.34472715854644775,0.5042259693145752,-0.08288045972585678,0.36415332555770874,0.5649571418762207,-0.09690582007169724,0.3834967315196991,0.5957726836204529,-0.09708574414253235,0.39858296513557434,0.6152669787406921,-0.09713883697986603,Right,0.997218668460846
2850,40,0,0.7423872947692871,0.41222479939460754,1.7219913672761322e-07,0.6929171681404114,0.42877018451690674,-0.013668183237314224,0.6652517318725586,0.47257718443870544,-0.03129250556230545,0.6551907658576965,0.518944263458252,-0.04194606468081474,0.6550000905990601,0.5578001737594604,-0.05299369990825653,0.668953001499176,0.4627523422241211,-0.08878082036972046,0.6559781432151794,0.5348751544952393,-0.1196754202246666,0.6538327932357788,0.5776491165161133,-0.12469690293073654,0.6599750518798828,0.5829880237579346,-0.12068276107311249,0.7059338092803955,0.46950969099998474,-0.08768893778324127,0.7070639133453369,0.5657298564910889,-0.119253970682621,0.6923519968986511,0.6092590093612671,-0.11324093490839005,0.6883867383003235,0.6025179028511047,-0.10307176411151886,0.7405850291252136,0.47794821858406067,-0.0842781588435173,0.7426028251647949,0.5666652917861938,-0.11197027564048767,0.7253276109695435,0.6101455688476562,-0.10619700700044632,0.7139612436294556,0.6074523329734802,-0.09492700546979904,0.7692841291427612,0.48506441712379456,-0.07955078780651093,0.7796017527580261,0.5669391751289368,-0.10634708404541016,0.7673307061195374,0.6067274808883667,-0.11139814555644989,0.7540613412857056,0.6092855334281921,-0.10773047804832458,Left,0.9993934035301208
2850,40,1,0.35534051060676575,0.4553315341472626,6.59158615690103e-07,0.40229764580726624,0.4613717794418335,-0.015065239742398262,0.4413672685623169,0.48903217911720276,-0.034393973648548126,0.4668726921081543,0.530133843421936,-0.05110471695661545,0.48698660731315613,0.5569037795066833,-0.06790921092033386,0.43199092149734497,0.4399162530899048,-0.06290814280509949,0.4586583971977234,0.5058491826057434,-0.09129956364631653,0.47451019287109375,0.5555322766304016,-0.10672979056835175,0.48389437794685364,0.5970912575721741,-0.1156778410077095,0.39670121669769287,0.45357003808021545,-0.0688915103673935,0.42710280418395996,0.5265110731124878,-0.09835192561149597,0.4492650032043457,0.5871667861938477,-0.1071692630648613,0.463471919298172,0.631247341632843,-0.11280982196331024,0.3666647970676422,0.4772580862045288,-0.07420793175697327,0.3946007788181305,0.548964262008667,-0.09889645129442215,0.4174762964248657,0.5997092723846436,-0.10173150151968002,0.43436887860298157,0.6305634379386902,-0.10179662704467773,0.34514176845550537,0.5055885910987854,-0.08018822968006134,0.36740151047706604,0.5644048452377319,-0.0959617868065834,0.38641002774238586,0.5946299433708191,-0.09716519713401794,0.40106692910194397,0.6124133467674255,-0.09724477678537369,Right,0.9981441497802734
2920,41,0,0.7429409027099609,0.41876447200775146,1.4363712352860603e-07,0.6922844052314758,0.4306207001209259,-0.009978033602237701,0.6621309518814087,0.47060057520866394,-0.025628231465816498,0.6507102251052856,0.5134378671646118,-0.03566176816821098,0.6511808037757874,0.5506479144096375,-0.04624461755156517,0.6655722856521606,0.45611971616744995,-0.0769125297665596,0.6516233086585999,0.5143956542015076,-0.10755205154418945,0.6463459730148315,0.5600974559783936,-0.11542028933763504,0.651549756526947,0.5746302008628845,-0.11324003338813782,0.6998178362846375,0.4633081257343292,-0.07753181457519531,0.6985651254653931,0.5547232031822205,-0.10646963864564896,0.6832628846168518,0.6012052893638611,-0.10135924816131592,0.6795517802238464,0.6028863787651062,-0.09200245887041092,0.7326558828353882,0.4747474193572998,-0.07605506479740143,0.731769859790802,0.563904881477356,-0.10156115144491196,0.7136979699134827,0.6059679388999939,-0.09397287666797638,0.7025201916694641,0.6060019135475159,-0.0807407796382904,0.7607681155204773,0.485034316778183,-0.07331735640764236,0.7634598612785339,0.5683515071868896,-0.0937889888882637,0.7492122650146484,0.6056150197982788,-0.0928874984383583,0.7361897826194763,0.6080523133277893,-0.0852445513010025,Left,0.9992945194244385
2920,41,1,0.354669451713562,0.45351606607437134,6.535735224133532e-07,0.4018051326274872,0.45871222019195557,-0.014189427718520164,0.44104093313217163,0.4862806797027588,-0.03325821831822395,0.466358482837677,0.5278953313827515,-0.05014355108141899,0.48566633462905884,0.5578603744506836,-0.06715331226587296,0.433290958404541,0.43839412927627563,-0.06083220615983009,0.45831298828125,0.501632034778595,-0.0892542377114296,0.4742489755153656,0.550599217414856,-0.10509761422872543,0.48379361629486084,0.5918561220169067,-0.11446281522512436,0.3986860513687134,0.45126304030418396,-0.06761061400175095,0.4278363883495331,0.5215945839881897,-0.09719941020011902,0.4506530463695526,0.5816097855567932,-0.10668643563985825,0.4655837416648865,0.6252472400665283,-0.11271411925554276,0.3685477375984192,0.47508782148361206,-0.07380405068397522,0.3957734704017639,0.5445975065231323,-0.09895499050617218,0.41886723041534424,0.5956375598907471,-0.10257945209741592,0.43625009059906006,0.6265407204627991,-0.1030411422252655,0.34640663862228394,0.5036822557449341,-0.08060848712921143,0.36780184507369995,0.5623949766159058,-0.09673256427049637,0.38665205240249634,0.5931425094604492,-0.09833978116512299,0.40153709053993225,0.6114503741264343,-0.09861347079277039,Right,0.9985120892524719
2993,42,0,0.7451621890068054,0.4147217571735382,1.2932008530697203e-07,0.6938884854316711,0.42222490906715393,-0.012901983223855495,0.66275954246521,0.46553051471710205,-0.030368667095899582,0.6500673294067383,0.5137345194816589,-0.0420461930334568,0.6493003964424133,0.555788516998291,-0.05488835275173187,0.6664325594902039,0.4489218592643738,-0.07568060606718063,0.656103789806366,0.5152300596237183,-0.10327135771512985,0.647132933139801,0.561452329158783,-0.11146055907011032,0.64650958776474,0.5845091342926025,-0.11171676218509674,0.702456533908844,0.45710861682891846,-0.07571934908628464,0.6988869309425354,0.5543502569198608,-0.10309720039367676,0.682924211025238,0.5977126359939575,-0.1006041020154953,0.6802099347114563,0.6024942994117737,-0.09481164067983627,0.7356687784194946,0.4706643223762512,-0.07363437861204147,0.7325606942176819,0.5633681416511536,-0.09768550097942352,0.7134029269218445,0.6029306650161743,-0.09249646961688995,0.7048600912094116,0.6029579639434814,-0.08270662277936935,0.7627938389778137,0.4854796826839447,-0.07066798210144043,0.7593989968299866,0.5711654424667358,-0.09076743572950363,0.7431783676147461,0.6047703623771667,-0.09156136214733124,0.7312737107276917,0.6047426462173462,-0.08662040531635284,Left,0.9989977478981018
2993,42,1,0.35286009311676025,0.449485182762146,5.95366600464331e-07,0.39925193786621094,0.4538794457912445,-0.013040632009506226,0.4375738203525543,0.47713589668273926,-0.030642258003354073,0.46061694622039795,0.5132319927215576,-0.046085529029369354,0.47674664855003357,0.5429834723472595,-0.06159922853112221,0.43009549379348755,0.4349248707294464,-0.056932445615530014,0.45284175872802734,0.49077102541923523,-0.08278421312570572,0.46867525577545166,0.5366418361663818,-0.09760376065969467,0.47811776399612427,0.5750148892402649,-0.10649830102920532,0.39747458696365356,0.4478183090686798,-0.06315156072378159,0.4244377911090851,0.5159425735473633,-0.09007962048053741,0.4459366202354431,0.5710798501968384,-0.09897457808256149,0.46065327525138855,0.6092183589935303,-0.10458341985940933,0.368408203125,0.4715798795223236,-0.06862247735261917,0.3949524760246277,0.5419960618019104,-0.09188537299633026,0.4184234142303467,0.593058705329895,-0.09578753262758255,0.43596500158309937,0.6227189898490906,-0.09639903903007507,0.34728148579597473,0.4997302293777466,-0.07457038015127182,0.3690410256385803,0.5604130625724792,-0.08966018259525299,0.38763427734375,0.5917466878890991,-0.09130217880010605,0.40257078409194946,0.6093780994415283,-0.09143097698688507,Right,0.9984418749809265
3066,43,0,0.7471400499343872,0.4186658561229706,1.7653177053489344e-07,0.694175660610199,0.42568567395210266,-0.021137239411473274,0.6610628366470337,0.465992271900177,-0.04312185198068619,0.6479128003120422,0.5143144130706787,-0.057758305221796036,0.6485409736633301,0.557368814945221,-0.07329608500003815,0.6756388545036316,0.4425317049026489,-0.08836959302425385,0.666214108467102,0.5118166208267212,-0.11924997717142105,0.6533652544021606,0.5585136413574219,-0.12944117188453674,0.6477418541908264,0.5831681489944458,-0.1312216967344284,0.7107212543487549,0.45473071932792664,-0.08517317473888397,0.7037497758865356,0.5470404624938965,-0.11520029604434967,0.6843632459640503,0.5925644636154175,-0.11435595899820328,0.6790805459022522,0.5982928276062012,-0.11039150506258011,0.7412036061286926,0.47238147258758545,-0.08012653142213821,0.7341720461845398,0.5621527433395386,-0.10615955293178558,0.7123240828514099,0.6033082008361816,-0.10322943329811096,0.7036343216896057,0.6013086438179016,-0.09552633762359619,0.7649389505386353,0.49212029576301575,-0.0749964788556099,0.7588388323783875,0.5762879848480225,-0.09806278347969055,0.7401817440986633,0.6114203929901123,-0.10220721364021301,0.728302538394928,0.6101148128509521,-0.09993602335453033,Left,0.9993686676025391
3066,43,1,0.3545144498348236,0.4481481611728668,5.462550234369701e-07,0.3992907404899597,0.4489067792892456,-0.009692024439573288,0.43678998947143555,0.47183194756507874,-0.024150127544999123,0.45762506127357483,0.5089929699897766,-0.036793798208236694,0.46931689977645874,0.5393570065498352,-0.049686044454574585,0.4265992343425751,0.4341331124305725,-0.047864459455013275,0.445857435464859,0.48208919167518616,-0.06882502138614655,0.4615805745124817,0.5233005285263062,-0.08116018772125244,0.47166478633880615,0.5565128326416016,-0.08847993612289429,0.3948309123516083,0.44725266098976135,-0.0537458173930645,0.4212890863418579,0.5193836688995361,-0.0745258554816246,0.44184207916259766,0.571553647518158,-0.08097342401742935,0.45753178000450134,0.6059547662734985,-0.08530726283788681,0.36698755621910095,0.4710502624511719,-0.058732155710458755,0.3964223265647888,0.54632568359375,-0.07696150243282318,0.4205862581729889,0.5942779779434204,-0.0796184241771698,0.4387829899787903,0.6217753887176514,-0.07978136092424393,0.34711208939552307,0.5003746151924133,-0.06393720209598541,0.37298259139060974,0.5628535747528076,-0.0753725916147232,0.392329603433609,0.5929125547409058,-0.07547932863235474,0.4078894257545471,0.6086392402648926,-0.07473524659872055,Right,0.9985895752906799
3140,44,0,0.7543172836303711,0.4141809046268463,2.1547636208651966e-07,0.7001022696495056,0.4175245761871338,-0.0238250233232975,0.6675856113433838,0.4611869752407074,-0.04897836595773697,0.6560620665550232,0.5141437649726868,-0.0661553293466568,0.6543781757354736,0.559812605381012,-0.08415397256612778,0.6849772930145264,0.4346939027309418,-0.09501683712005615,0.6756684184074402,0.5162438750267029,-0.12802733480930328,0.6580668687820435,0.5595300197601318,-0.13965165615081787,0.6459617614746094,0.582730233669281,-0.1424519568681717,0.7196060419082642,0.45052096247673035,-0.09122208505868912,0.7085684537887573,0.5481722354888916,-0.12306200712919235,0.6835156679153442,0.587120532989502,-0.12295916676521301,0.6725909113883972,0.5890460014343262,-0.11922775954008102,0.7478886246681213,0.4710628092288971,-0.08543291687965393,0.7363225221633911,0.5671296119689941,-0.11091841012239456,0.7086419463157654,0.6031062602996826,-0.10787193477153778,0.6945014595985413,0.5977663993835449,-0.10047940909862518,0.7685226798057556,0.49206268787384033,-0.0798833966255188,0.7588822245597839,0.5790194272994995,-0.0997348353266716,0.7373716831207275,0.6102098226547241,-0.10175950825214386,0.7226129174232483,0.6074934005737305,-0.09872576594352722,Left,0.9995191693305969
3140,44,1,0.3590908348560333,0.44862300157546997,5.24043173300015e-07,0.4034668803215027,0.44349467754364014,-0.008351883850991726,0.4389497935771942,0.4621609151363373,-0.020030951127409935,0.4568696618080139,0.49471575021743774,-0.02986246533691883,0.46437621116638184,0.5213600993156433,-0.039725057780742645,0.4243004322052002,0.430935263633728,-0.040084533393383026,0.4416554868221283,0.4806385636329651,-0.057399582117795944,0.4578670561313629,0.518509566783905,-0.06775973737239838,0.4689803123474121,0.5467407703399658,-0.07372470945119858,0.3935685455799103,0.4466729164123535,-0.044501107186079025,0.4188430607318878,0.5197363495826721,-0.059397000819444656,0.4406110644340515,0.5657905340194702,-0.06397396326065063,0.457927942276001,0.5945113897323608,-0.06763951480388641,0.36806541681289673,0.47251906991004944,-0.04806578531861305,0.39655646681785583,0.546596884727478,-0.06049925088882446,0.42217451333999634,0.5878300666809082,-0.06172046810388565,0.44181978702545166,0.609724760055542,-0.061656925827264786,0.3513586223125458,0.5032566785812378,-0.05194428935647011,0.3757152557373047,0.5627605319023132,-0.058893825858831406,0.39628469944000244,0.5888427495956421,-0.05742817744612694,0.413668692111969,0.6010897159576416,-0.05597435310482979,Right,0.9985058307647705
3212,45,0,0.76117342710495,0.417768657207489,3.447653398325201e-07,0.704602062702179,0.4113384783267975,-0.021230533719062805,0.6643009185791016,0.45096006989479065,-0.04184764251112938,0.6576492786407471,0.503719687461853,-0.05412235110998154,0.6594277620315552,0.5455604791641235,-0.06694404035806656,0.7115227580070496,0.43024832010269165,-0.0948958694934845,0.6898674368858337,0.508297324180603,-0.1228991150856018,0.6613606214523315,0.5411853790283203,-0.12983891367912292,0.6381073594093323,0.555423378944397,-0.12946078181266785,0.744208037853241,0.451547771692276,-0.09007316827774048,0.7141218185424805,0.5407261252403259,-0.11723881214857101,0.6794115900993347,0.5674404501914978,-0.1138543039560318,0.6609750390052795,0.5607430338859558,-0.1079012081027031,0.7649250626564026,0.47622787952423096,-0.08203405141830444,0.7314079999923706,0.5635311007499695,-0.10075693577528,0.699069619178772,0.585687518119812,-0.09362159669399261,0.6813251972198486,0.5744624137878418,-0.08429549634456635,0.7753657102584839,0.49846187233924866,-0.07423834502696991,0.7477942109107971,0.5747613906860352,-0.08524060249328613,0.7194581627845764,0.5942280292510986,-0.08192449063062668,0.7032762765884399,0.585770845413208,-0.07646818459033966,Left,0.9997936487197876
3212,45,1,0.36267513036727905,0.4461791217327118,5.395591529122612e-07,0.40572622418403625,0.4329476058483124,-0.009333569556474686,0.44100421667099,0.4478682279586792,-0.02188609540462494,0.4562906324863434,0.4805954694747925,-0.031661972403526306,0.45941728353500366,0.5087317228317261,-0.04160689562559128,0.4219444692134857,0.4275941848754883,-0.045665718615055084,0.4421917498111725,0.47020652890205383,-0.06294304877519608,0.4598434269428253,0.5057098269462585,-0.07261434197425842,0.47270655632019043,0.5336005091667175,-0.07797445356845856,0.3924649953842163,0.44917216897010803,-0.0482584573328495,0.4223807454109192,0.5168221592903137,-0.0629219338297844,0.44502612948417664,0.5580455660820007,-0.06613041460514069,0.4630001485347748,0.5839166641235352,-0.06878931820392609,0.36958667635917664,0.4774618446826935,-0.04950924962759018,0.4022757112979889,0.5459807515144348,-0.059893954545259476,0.4278671443462372,0.5793579816818237,-0.059233374893665314,0.4463440477848053,0.5953376293182373,-0.058076947927474976,0.3554135262966156,0.5069767236709595,-0.051109641790390015,0.38286566734313965,0.5615847706794739,-0.05560896918177605,0.4044288694858551,0.5835460424423218,-0.0529191792011261,0.42102137207984924,0.5926651954650879,-0.05078854039311409,Right,0.9986780881881714
3285,46,0,0.7686577439308167,0.40915101766586304,5.046134674557834e-07,0.7147337794303894,0.3868519961833954,-0.02816067636013031,0.6742647290229797,0.42502787709236145,-0.047154750674963,0.6645822525024414,0.48234355449676514,-0.056897472590208054,0.6604389548301697,0.5194475054740906,-0.06600188463926315,0.7205959558486938,0.424505352973938,-0.08993999660015106,0.693504810333252,0.504247784614563,-0.11645732074975967,0.658788800239563,0.532749354839325,-0.12223134934902191,0.6309072971343994,0.540725827217102,-0.12133292853832245,0.7456777691841125,0.4574863910675049,-0.08002108335494995,0.7096002101898193,0.5422263145446777,-0.10859151184558868,0.6709514260292053,0.563805341720581,-0.11071423441171646,0.6504223346710205,0.5541965961456299,-0.10783498734235764,0.7580739855766296,0.4851151704788208,-0.06758835166692734,0.7281153202056885,0.5637215971946716,-0.08846395462751389,0.6918355226516724,0.5782415866851807,-0.09148215502500534,0.670492947101593,0.5667134523391724,-0.08987148851156235,0.7619340419769287,0.5071090459823608,-0.055638451129198074,0.7386268377304077,0.5657289624214172,-0.07076190412044525,0.7113113403320312,0.5800544619560242,-0.07561284303665161,0.6917091012001038,0.5745397210121155,-0.07645601034164429,Left,0.9860699772834778
3285,46,1,0.3599663972854614,0.4419704079627991,5.175653541300562e-07,0.4057598412036896,0.4281735420227051,-0.010416385717689991,0.4433917999267578,0.4372762143611908,-0.023180359974503517,0.4604364037513733,0.46658432483673096,-0.03220314159989357,0.4611785113811493,0.4986122250556946,-0.04095599055290222,0.42479440569877625,0.42217427492141724,-0.04729190096259117,0.44610488414764404,0.4654591381549835,-0.06459163129329681,0.46144866943359375,0.4994533658027649,-0.0741216391324997,0.4726824164390564,0.5260087251663208,-0.07921542972326279,0.3970091938972473,0.45056742429733276,-0.04790503531694412,0.4295393228530884,0.5144906044006348,-0.062070317566394806,0.4526830315589905,0.553858757019043,-0.06579619646072388,0.4705227017402649,0.579545259475708,-0.0686359778046608,0.3760085999965668,0.48241642117500305,-0.046847663819789886,0.4104774296283722,0.5459893345832825,-0.056612540036439896,0.43660059571266174,0.5760288238525391,-0.05767081305384636,0.4554210901260376,0.5894697308540344,-0.05757756158709526,0.3630348742008209,0.5133302211761475,-0.04582735523581505,0.391713947057724,0.5625898838043213,-0.049545496702194214,0.41185638308525085,0.5807965993881226,-0.047496650367975235,0.4278232455253601,0.5871004462242126,-0.045713573694229126,Right,0.998431384563446
3357,47,0,0.7715094685554504,0.419304221868515,4.980971084478369e-07,0.7217497825622559,0.37605899572372437,-0.028301605954766273,0.677629828453064,0.40259090065956116,-0.04162183031439781,0.6591275334358215,0.45593708753585815,-0.04568558186292648,0.6548400521278381,0.49252259731292725,-0.04809558019042015,0.7108102440834045,0.4286256432533264,-0.07100343704223633,0.674129843711853,0.5020995736122131,-0.0894530862569809,0.6398442387580872,0.5202425718307495,-0.09212333709001541,0.6143339276313782,0.5212166905403137,-0.08977259695529938,0.7315122485160828,0.4689429998397827,-0.05780913308262825,0.6894551515579224,0.5429131984710693,-0.07478059828281403,0.6538896560668945,0.5570395588874817,-0.07328969240188599,0.632821261882782,0.5494600534439087,-0.0692615807056427,0.740866482257843,0.49778321385383606,-0.043143101036548615,0.7003036737442017,0.5536248087882996,-0.05445546656847,0.6661437749862671,0.5571574568748474,-0.054732900112867355,0.646600067615509,0.5457639098167419,-0.05287817865610123,0.7410487532615662,0.5166178345680237,-0.029768522828817368,0.7056691646575928,0.5505310893058777,-0.03904621675610542,0.67951899766922,0.553152322769165,-0.041498273611068726,0.6625834107398987,0.5474474430084229,-0.041022300720214844,Left,0.9982048869132996
3357,47,1,0.36306726932525635,0.43735599517822266,4.784437805938069e-07,0.40648576617240906,0.42253291606903076,-0.012682720087468624,0.44403260946273804,0.4242527484893799,-0.02577803283929825,0.46366944909095764,0.44442906975746155,-0.035113196820020676,0.4649916887283325,0.4739149510860443,-0.044089801609516144,0.42377355694770813,0.41989293694496155,-0.04380429536104202,0.4449196457862854,0.4601767063140869,-0.060741499066352844,0.46354830265045166,0.48794811964035034,-0.07010240852832794,0.47892022132873535,0.5102105140686035,-0.07548224180936813,0.39915594458580017,0.4552691578865051,-0.04393870010972023,0.43418723344802856,0.5119006633758545,-0.058411698788404465,0.46305444836616516,0.5438439249992371,-0.06424448639154434,0.48704323172569275,0.5658541917800903,-0.06893805414438248,0.38146787881851196,0.48873433470726013,-0.042851340025663376,0.4169098138809204,0.5440852642059326,-0.054655756801366806,0.44778621196746826,0.567145586013794,-0.05917218327522278,0.4725032150745392,0.5770007371902466,-0.06139661371707916,0.3707745373249054,0.5179154872894287,-0.04178933799266815,0.40262508392333984,0.5592186450958252,-0.04918110743165016,0.4275185167789459,0.5740642547607422,-0.0509832501411438,0.44855356216430664,0.5790472030639648,-0.052033066749572754,Right,0.9956178069114685
3431,48,0,0.7582692503929138,0.42015761137008667,5.112192411615979e-07,0.7141137719154358,0.3730199933052063,-0.021341294050216675,0.6678462624549866,0.38451820611953735,-0.032991841435432434,0.6352612376213074,0.4218059480190277,-0.03705977648496628,0.6206248998641968,0.45734670758247375,-0.03975792974233627,0.683242678642273,0.4245602488517761,-0.06281951069831848,0.6346511840820312,0.48396390676498413,-0.0793585255742073,0.5988239645957947,0.4927939176559448,-0.08025219291448593,0.5742857456207275,0.48913174867630005,-0.07630541175603867,0.6986089944839478,0.4655436873435974,-0.05234670266509056,0.642805814743042,0.526182234287262,-0.07014820724725723,0.6075106263160706,0.5265491604804993,-0.06725979596376419,0.5900596976280212,0.5125886797904968,-0.06078261137008667,0.7075314521789551,0.4936263859272003,-0.03990038111805916,0.656956136226654,0.5431774854660034,-0.05072394758462906,0.6244024634361267,0.5378181338310242,-0.047645971179008484,0.6084550023078918,0.5210529565811157,-0.04220341891050339,0.71018385887146,0.5067046284675598,-0.028151318430900574,0.6689403653144836,0.5380496978759766,-0.033868081867694855,0.6415042877197266,0.5346976518630981,-0.032287150621414185,0.6261175274848938,0.5214899182319641,-0.028409915044903755,Left,0.9983704686164856
3431,48,1,0.36318066716194153,0.4292756915092468,3.5036268286603445e-07,0.40420305728912354,0.405607134103775,-0.01569335348904133,0.44775378704071045,0.419048547744751,-0.028031103312969208,0.47812655568122864,0.44874340295791626,-0.03462854400277138,0.4953370988368988,0.4808694124221802,-0.040475692600011826,0.4224731922149658,0.41382455825805664,-0.0528222993016243,0.4443837106227875,0.4342685043811798,-0.0736178457736969,0.4715167284011841,0.45581039786338806,-0.08439143747091293,0.4920036494731903,0.4736137092113495,-0.08998042345046997,0.4038156569004059,0.4544447958469391,-0.051239725202322006,0.4394884407520294,0.5053125023841858,-0.06852835416793823,0.47867316007614136,0.5289350748062134,-0.07454708963632584,0.5061556100845337,0.5402866005897522,-0.07916624844074249,0.3910767436027527,0.4905244708061218,-0.04841643571853638,0.42757609486579895,0.544118344783783,-0.06394848972558975,0.4671051502227783,0.5586811304092407,-0.07080180943012238,0.49304288625717163,0.5563883185386658,-0.07401939481496811,0.38494107127189636,0.517358660697937,-0.04551343992352486,0.41707536578178406,0.5595124959945679,-0.05826864391565323,0.4478618800640106,0.5669089555740356,-0.06388958543539047,0.4716104567050934,0.5617061257362366,-0.06665164232254028,Right,0.9972742795944214
3503,49,0,0.7425547242164612,0.4167928993701935,4.496066026149492e-07,0.6991862058639526,0.3683953881263733,-0.015427892096340656,0.6515286564826965,0.38011473417282104,-0.025579482316970825,0.6182509064674377,0.41492247581481934,-0.028390569612383842,0.6033269762992859,0.44788530468940735,-0.03014031983911991,0.669085681438446,0.42177754640579224,-0.06525051593780518,0.6116047501564026,0.47657790780067444,-0.079358771443367,0.5770448446273804,0.4774605333805084,-0.07703076303005219,0.5568490624427795,0.46953198313713074,-0.0703558623790741,0.6820304989814758,0.4633708596229553,-0.05545598641037941,0.6144735813140869,0.515518307685852,-0.06836805492639542,0.5810584425926208,0.5052370429039001,-0.05983295664191246,0.571533739566803,0.4859982430934906,-0.04973049461841583,0.6886237859725952,0.49089372158050537,-0.04257630184292793,0.6278186440467834,0.5334663391113281,-0.049615759402513504,0.600175142288208,0.5176911950111389,-0.042303748428821564,0.5926543474197388,0.49805858731269836,-0.034228771924972534,0.6902766823768616,0.5034552216529846,-0.02959349937736988,0.6439502239227295,0.5266632437705994,-0.03248125687241554,0.6201252937316895,0.5145794749259949,-0.028142958879470825,0.6121683716773987,0.498486191034317,-0.02249711938202381,Left,0.9928792119026184
3503,49,1,0.3670395016670227,0.4284420311450958,3.145714231322927e-07,0.4079619348049164,0.4012051522731781,-0.014641727320849895,0.4510715901851654,0.41230881214141846,-0.026721909642219543,0.4830438792705536,0.43948864936828613,-0.03245710954070091,0.5044752359390259,0.4653015434741974,-0.037573542445898056,0.42898833751678467,0.40888896584510803,-0.06118189916014671,0.45582452416419983,0.4337094724178314,-0.08504867553710938,0.4869431257247925,0.45666196942329407,-0.09909315407276154,0.5118183493614197,0.47470608353614807,-0.10691172629594803,0.4097375273704529,0.44821399450302124,-0.059463199228048325,0.448076069355011,0.5012934803962708,-0.07810673117637634,0.49147194623947144,0.5236263275146484,-0.08594153076410294,0.5238929390907288,0.5320686101913452,-0.09240125864744186,0.3983757197856903,0.48454707860946655,-0.055620770901441574,0.4353070557117462,0.5430585741996765,-0.07033845782279968,0.47573965787887573,0.5587296485900879,-0.07779251039028168,0.5021734237670898,0.5574513673782349,-0.08211378753185272,0.3935326933860779,0.5120459794998169,-0.051532261073589325,0.4264413118362427,0.555914044380188,-0.06353825330734253,0.458645761013031,0.5662271976470947,-0.06941469758749008,0.48376503586769104,0.5655624866485596,-0.07264342904090881,Right,0.989872932434082
3577,50,0,0.73605877161026,0.41612333059310913,4.313742181238922e-07,0.6934953331947327,0.3638243079185486,-0.01972721330821514,0.6434515714645386,0.36794131994247437,-0.03228931128978729,0.6076368093490601,0.4034735858440399,-0.036843933165073395,0.5892845392227173,0.43616753816604614,-0.03999374806880951,0.6639022827148438,0.41078320145606995,-0.07136936485767365,0.6054137945175171,0.4613226354122162,-0.08891108632087708,0.5688456296920776,0.4633917510509491,-0.08858686685562134,0.5462346076965332,0.45504412055015564,-0.0837232768535614,0.6731564998626709,0.45805954933166504,-0.061594750732183456,0.6006894111633301,0.49777188897132874,-0.07987368851900101,0.5695173740386963,0.4822652339935303,-0.07460567355155945,0.5604097247123718,0.4586277902126312,-0.06646203994750977,0.6751882433891296,0.48927339911460876,-0.048849716782569885,0.6097278594970703,0.5164763331413269,-0.058108095079660416,0.5853631496429443,0.4945932626724243,-0.05109172686934471,0.5795727968215942,0.47076037526130676,-0.043741945177316666,0.6736875176429749,0.5048955082893372,-0.03679044544696808,0.6245570182800293,0.5128770470619202,-0.04116371273994446,0.6037213206291199,0.4943268597126007,-0.03758137673139572,0.596489667892456,0.4753897488117218,-0.032780375331640244,Left,0.9918434619903564
3577,50,1,0.367495059967041,0.4272562563419342,3.144796494325419e-07,0.4089246392250061,0.3975352942943573,-0.012028011493384838,0.44996964931488037,0.4062027037143707,-0.023617614060640335,0.4803670644760132,0.42832133173942566,-0.028486168012022972,0.4991134703159332,0.44810691475868225,-0.032889459282159805,0.4374993145465851,0.40595993399620056,-0.06585749983787537,0.4810769855976105,0.4245266020298004,-0.08995240926742554,0.5177469849586487,0.4364340007305145,-0.10445641726255417,0.5472999811172485,0.44429269433021545,-0.11324220895767212,0.41637417674064636,0.44557860493659973,-0.06432659178972244,0.45321422815322876,0.5010729432106018,-0.08509880304336548,0.4907207489013672,0.5218320488929749,-0.09385758638381958,0.5207709074020386,0.5269598364830017,-0.1010102778673172,0.40397220849990845,0.48206546902656555,-0.059716083109378815,0.43932151794433594,0.5427323579788208,-0.07554249465465546,0.47918257117271423,0.5560641884803772,-0.08284422010183334,0.5077166557312012,0.5544911623001099,-0.08726374804973602,0.39991143345832825,0.5113266110420227,-0.05423441156744957,0.43301743268966675,0.5586053729057312,-0.06746775656938553,0.46418824791908264,0.5687353610992432,-0.07323961704969406,0.4899873733520508,0.569982647895813,-0.07626616954803467,Right,0.996776819229126
3652,51,0,0.7342188954353333,0.4087856411933899,3.768300302908756e-07,0.6933139562606812,0.3588026165962219,-0.021102560684084892,0.6451099514961243,0.3617040514945984,-0.03506367281079292,0.6091378927230835,0.39589422941207886,-0.04046718031167984,0.5907462239265442,0.4278847575187683,-0.04463961347937584,0.6644364595413208,0.39793169498443604,-0.07724165171384811,0.6096476912498474,0.4432693421840668,-0.09469389915466309,0.5774317979812622,0.44907039403915405,-0.09381026774644852,0.5567321181297302,0.44644010066986084,-0.08923668414354324,0.6726990938186646,0.4461679756641388,-0.06712887436151505,0.6025658845901489,0.4862441122531891,-0.08456512540578842,0.5732067823410034,0.47364193201065063,-0.07753627002239227,0.5631234645843506,0.45401281118392944,-0.0692371353507042,0.67503821849823,0.47915714979171753,-0.05384070798754692,0.6104381084442139,0.5044441223144531,-0.06295420974493027,0.5923305153846741,0.48209139704704285,-0.05346111208200455,0.5906573534011841,0.4607711732387543,-0.04489782080054283,0.6742467284202576,0.49610641598701477,-0.04140600562095642,0.6252856254577637,0.5023419260978699,-0.044971201568841934,0.6095576286315918,0.48187485337257385,-0.03950347751379013,0.6075602173805237,0.4635050892829895,-0.03401822969317436,Left,0.9819403290748596
3652,51,1,0.3684409260749817,0.42630690336227417,3.8681440628351993e-07,0.4099233150482178,0.3971141278743744,-0.0110913822427392,0.45085734128952026,0.4060746431350708,-0.023141304031014442,0.48045799136161804,0.4321429431438446,-0.028599735349416733,0.4971979260444641,0.4557633101940155,-0.03352263569831848,0.4398420453071594,0.4045540392398834,-0.0658537894487381,0.48890411853790283,0.4262935221195221,-0.08903684467077255,0.5249044299125671,0.44422098994255066,-0.10311967879533768,0.5533349514007568,0.4564339220523834,-0.11158891767263412,0.4161897301673889,0.4427369236946106,-0.06481580436229706,0.4530561864376068,0.5002264380455017,-0.08600226789712906,0.48971447348594666,0.5238699913024902,-0.09372451901435852,0.5179842114448547,0.5298868417739868,-0.09956562519073486,0.4003507196903229,0.47785866260528564,-0.06054580956697464,0.4364809989929199,0.5405361652374268,-0.07660042494535446,0.47705382108688354,0.5552570819854736,-0.08256117254495621,0.5054789781570435,0.553873598575592,-0.0855475440621376,0.39352554082870483,0.5067211985588074,-0.05524637550115585,0.4294357895851135,0.5546368956565857,-0.0677759200334549,0.46085023880004883,0.5652426481246948,-0.0714765414595604,0.48603782057762146,0.5662060379981995,-0.07268475741147995,Right,0.9977617859840393
3727,52,0,0.734478771686554,0.4072220027446747,4.246671210239583e-07,0.6917376518249512,0.35762542486190796,-0.022279614582657814,0.6416471004486084,0.3619011342525482,-0.03833218663930893,0.6051949858665466,0.396280437707901,-0.045220158994197845,0.587005078792572,0.4294564723968506,-0.05127573758363724,0.6664436459541321,0.39513731002807617,-0.08613625168800354,0.6107859015464783,0.4453115463256836,-0.10838061571121216,0.5775856971740723,0.4473780691623688,-0.11035336554050446,0.5566840171813965,0.4407324194908142,-0.10673675686120987,0.6764375567436218,0.44218710064888,-0.07616688311100006,0.6027774214744568,0.4843538999557495,-0.09770891815423965,0.5703427791595459,0.47236108779907227,-0.09174098074436188,0.5596901178359985,0.4531554877758026,-0.08359605818986893,0.6789951324462891,0.475470632314682,-0.062931127846241,0.6102917790412903,0.5043779611587524,-0.07523859292268753,0.5887666940689087,0.4826996922492981,-0.06669266521930695,0.5854771137237549,0.46096867322921753,-0.05782420188188553,0.6780378222465515,0.49343445897102356,-0.0503883957862854,0.6270987391471863,0.502845287322998,-0.055509138852357864,0.607506275177002,0.48320767283439636,-0.05063566565513611,0.6026360988616943,0.4650326073169708,-0.04517341032624245,Left,0.9820841550827026
3727,52,1,0.3735872507095337,0.4284209609031677,3.9012689967421466e-07,0.41522926092147827,0.3999663293361664,-0.013954944908618927,0.45977550745010376,0.4100906252861023,-0.026896072551608086,0.492536723613739,0.4349381625652313,-0.03311602398753166,0.5113831758499146,0.455645889043808,-0.03886665776371956,0.4410659968852997,0.40905195474624634,-0.06791963428258896,0.49018755555152893,0.4313119351863861,-0.09190837293863297,0.529204249382019,0.4486999213695526,-0.10723849385976791,0.5600777864456177,0.4599155783653259,-0.11694629490375519,0.41601982712745667,0.4457968771457672,-0.06640460342168808,0.45116767287254333,0.5013942122459412,-0.0871782898902893,0.48951998353004456,0.523677408695221,-0.09562545269727707,0.5174941420555115,0.5291000008583069,-0.10280560702085495,0.39886826276779175,0.4803667366504669,-0.06191510334610939,0.4355570673942566,0.5423197746276855,-0.07759817689657211,0.4775373935699463,0.556674599647522,-0.08408688008785248,0.5056990385055542,0.5543283820152283,-0.08823206275701523,0.3911231756210327,0.5084437727928162,-0.056803133338689804,0.42658165097236633,0.5582375526428223,-0.06996794044971466,0.45799708366394043,0.5688803195953369,-0.07430922985076904,0.48274052143096924,0.5685656070709229,-0.07639537751674652,Right,0.9986412525177002
3801,53,0,0.7302513718605042,0.4082735478878021,4.5652862468159583e-07,0.6879581809043884,0.36021333932876587,-0.024761274456977844,0.6384821534156799,0.3627888858318329,-0.04252392053604126,0.6017163395881653,0.39695024490356445,-0.05059083178639412,0.5818842053413391,0.4290574789047241,-0.05763361603021622,0.6655676960945129,0.3971131145954132,-0.08841536194086075,0.6095022559165955,0.44679951667785645,-0.11160797625780106,0.5757361650466919,0.44948315620422363,-0.1146378144621849,0.5541778802871704,0.44338175654411316,-0.11173084378242493,0.6763807535171509,0.4438480734825134,-0.07763227075338364,0.6017282605171204,0.4883961081504822,-0.09976783394813538,0.5686897039413452,0.47684773802757263,-0.09482957422733307,0.5575774312019348,0.45699483156204224,-0.08756756782531738,0.6783339977264404,0.4766373038291931,-0.0637432336807251,0.6088145971298218,0.5064218044281006,-0.07641904801130295,0.5870546102523804,0.4848187267780304,-0.06843099743127823,0.5831382274627686,0.46336081624031067,-0.06018904224038124,0.6762491464614868,0.494123637676239,-0.05080253258347511,0.6267712712287903,0.5007256269454956,-0.056467317044734955,0.6077380776405334,0.48000699281692505,-0.052272893488407135,0.6027835011482239,0.46164989471435547,-0.047384511679410934,Left,0.9788035750389099
3801,53,1,0.3747078478336334,0.4301683008670807,3.9083977299014805e-07,0.41761431097984314,0.3985668122768402,-0.015306146815419197,0.4618164300918579,0.4088643491268158,-0.028168896213173866,0.49345868825912476,0.43738728761672974,-0.03371661156415939,0.5131752490997314,0.45852747559547424,-0.03833557292819023,0.44248607754707336,0.4063098430633545,-0.06811530143022537,0.49095553159713745,0.4336215853691101,-0.09042908251285553,0.5302162170410156,0.4513208866119385,-0.10351905971765518,0.5603327751159668,0.4629548192024231,-0.1112428605556488,0.4170123338699341,0.44519978761672974,-0.06537282466888428,0.456211656332016,0.5030193328857422,-0.08497703820466995,0.4955201745033264,0.5237528681755066,-0.0917753204703331,0.5229923725128174,0.5294732451438904,-0.09710690379142761,0.400909423828125,0.4828416705131531,-0.05947992950677872,0.44164878129959106,0.5454264879226685,-0.07270067930221558,0.4834135174751282,0.556810200214386,-0.07537254691123962,0.5090060234069824,0.5525813698768616,-0.0764799639582634,0.39411529898643494,0.5138066411018372,-0.05343002825975418,0.4319935441017151,0.5625777840614319,-0.06336873024702072,0.4639095664024353,0.5694577097892761,-0.0642845407128334,0.4862270951271057,0.5652108192443848,-0.06352201849222183,Right,0.996418297290802
3876,54,0,0.7245362997055054,0.40860262513160706,4.3583344222497544e-07,0.683815062046051,0.36205610632896423,-0.023186160251498222,0.6361136436462402,0.36385083198547363,-0.04051957651972771,0.6000856757164001,0.39691755175590515,-0.049331795424222946,0.5822132229804993,0.43031367659568787,-0.05719723552465439,0.6627464890480042,0.39544376730918884,-0.0830763429403305,0.6063382625579834,0.44376614689826965,-0.10515182465314865,0.574059784412384,0.44702643156051636,-0.10786515474319458,0.5535733699798584,0.4404854476451874,-0.10502194613218307,0.673854410648346,0.4423386752605438,-0.07340168207883835,0.6012721657752991,0.484466552734375,-0.09426993131637573,0.5694748759269714,0.4765118360519409,-0.08971626311540604,0.5574674010276794,0.459259569644928,-0.0831257626414299,0.6760201454162598,0.47600457072257996,-0.060805246233940125,0.6069406270980835,0.5043991208076477,-0.07287532091140747,0.584865152835846,0.4856392741203308,-0.06508862972259521,0.5801938772201538,0.46453961730003357,-0.057304855436086655,0.673327624797821,0.49472302198410034,-0.049163203686475754,0.621944785118103,0.5023828744888306,-0.055251698940992355,0.602365255355835,0.4841829240322113,-0.051447220146656036,0.5961000919342041,0.46646568179130554,-0.04684281349182129,Left,0.9784505367279053
3876,54,1,0.37771812081336975,0.42513546347618103,4.3753701106652443e-07,0.421365886926651,0.3984058201313019,-0.01732945442199707,0.46625837683677673,0.4094011187553406,-0.031248589977622032,0.4979991018772125,0.4383925497531891,-0.037879541516304016,0.5167773962020874,0.4615277051925659,-0.043587636202573776,0.4452008306980133,0.4034459590911865,-0.06750030815601349,0.49352091550827026,0.43517598509788513,-0.08992663025856018,0.5317804217338562,0.45574843883514404,-0.10326072573661804,0.5621597766876221,0.4702227711677551,-0.11160209774971008,0.41759198904037476,0.441274493932724,-0.06433714926242828,0.45707783102989197,0.4974742829799652,-0.08448372036218643,0.49499207735061646,0.5216839909553528,-0.09217865020036697,0.5227298736572266,0.5317221283912659,-0.0986919030547142,0.39951643347740173,0.4781944453716278,-0.05847499519586563,0.4409538507461548,0.5401625633239746,-0.07262154668569565,0.48176446557044983,0.5552733540534973,-0.07658854871988297,0.5082446932792664,0.552856981754303,-0.07905767858028412,0.3913627862930298,0.5082430243492126,-0.05265405401587486,0.4297190308570862,0.555791974067688,-0.06375911086797714,0.46094194054603577,0.5645161271095276,-0.06617556512355804,0.4845929741859436,0.5604680776596069,-0.06699441373348236,Right,0.9969517588615417
3949,55,0,0.7195972204208374,0.4087100923061371,4.568320548514748e-07,0.6811313033103943,0.3623148202896118,-0.022673634812235832,0.6353336572647095,0.365430623292923,-0.039582882076501846,0.5993486046791077,0.39853519201278687,-0.048296764492988586,0.5787457227706909,0.4303683042526245,-0.055748745799064636,0.6622326374053955,0.39261919260025024,-0.08168037980794907,0.6031739115715027,0.4414862394332886,-0.10395368188619614,0.5695697665214539,0.4446042776107788,-0.10620401799678802,0.5493835210800171,0.4368531405925751,-0.10263483971357346,0.6728023290634155,0.4398258924484253,-0.0723765641450882,0.6011382341384888,0.4808290898799896,-0.09515556693077087,0.5680508017539978,0.474610835313797,-0.09096411615610123,0.5545935034751892,0.45831379294395447,-0.0838056206703186,0.6742823719978333,0.47461119294166565,-0.06027381494641304,0.6063426733016968,0.5021001696586609,-0.07350173592567444,0.5819796919822693,0.4852362275123596,-0.06567301601171494,0.5748014450073242,0.46455034613609314,-0.05716319754719734,0.6707369089126587,0.49520546197891235,-0.049086425453424454,0.6188262701034546,0.5039820075035095,-0.0554419569671154,0.5975137948989868,0.487226277589798,-0.051367148756980896,0.5898447632789612,0.4689646065235138,-0.046072326600551605,Left,0.9903928637504578
3949,55,1,0.37526044249534607,0.42433246970176697,4.3410977923485916e-07,0.41833898425102234,0.3960094749927521,-0.017619827762246132,0.460927814245224,0.4079550504684448,-0.03318972513079643,0.4893380105495453,0.43945935368537903,-0.041476719081401825,0.5054340362548828,0.4642450511455536,-0.04918486997485161,0.4441361427307129,0.40168410539627075,-0.0727148950099945,0.49209484457969666,0.43625155091285706,-0.0972026139497757,0.5307963490486145,0.4588572680950165,-0.1119634211063385,0.5616677403450012,0.47494781017303467,-0.12103665620088577,0.4159183204174042,0.4382936954498291,-0.07007186859846115,0.4546310305595398,0.49567779898643494,-0.09280319511890411,0.4940006732940674,0.5194914937019348,-0.10171642154455185,0.522969126701355,0.5303060412406921,-0.10876401513814926,0.3975578844547272,0.4756152927875519,-0.0643531084060669,0.4388294816017151,0.5384130477905273,-0.0798126831650734,0.4814620018005371,0.5540823340415955,-0.08397805690765381,0.509149432182312,0.5537171363830566,-0.08642099797725677,0.38976019620895386,0.5068928599357605,-0.05869553983211517,0.4294741451740265,0.5543222427368164,-0.07022865861654282,0.46231696009635925,0.5627768039703369,-0.07244882732629776,0.4870516359806061,0.5603423118591309,-0.0730583444237709,Right,0.9969004988670349
4021,56,0,0.7212705016136169,0.4097389280796051,4.3700157448256505e-07,0.6834667921066284,0.36198440194129944,-0.02011164277791977,0.6378694176673889,0.3631895184516907,-0.03517545759677887,0.6024790406227112,0.3934083878993988,-0.04291992634534836,0.5807187557220459,0.4236791431903839,-0.04965735599398613,0.6631332039833069,0.3895118832588196,-0.07468696683645248,0.604010820388794,0.43749547004699707,-0.09576346725225449,0.5691348314285278,0.4430951178073883,-0.09813197702169418,0.547681450843811,0.43736329674720764,-0.09465630352497101,0.6736086010932922,0.4360632300376892,-0.06648233532905579,0.6027544736862183,0.47623133659362793,-0.08818642795085907,0.5700313448905945,0.4706658124923706,-0.08414877206087112,0.5578716397285461,0.4546625316143036,-0.07675371319055557,0.6756431460380554,0.47008126974105835,-0.055663399398326874,0.6090070605278015,0.4972194731235504,-0.06764844805002213,0.5851098895072937,0.48254498839378357,-0.059919487684965134,0.5789272785186768,0.46377310156822205,-0.051347766071558,0.6726856827735901,0.4904766380786896,-0.04567636549472809,0.6224894523620605,0.5000816583633423,-0.0509633906185627,0.60124671459198,0.48492997884750366,-0.046612534672021866,0.5940499305725098,0.46830496191978455,-0.04105265066027641,Left,0.9967151880264282
4021,56,1,0.3739772140979767,0.42347902059555054,4.630116450243804e-07,0.4171197712421417,0.39739879965782166,-0.016297180205583572,0.45893892645835876,0.40724825859069824,-0.03156162425875664,0.48796546459198,0.4359623193740845,-0.040058474987745285,0.505887508392334,0.45955267548561096,-0.048080455511808395,0.4429663121700287,0.4014468789100647,-0.06940951198339462,0.4907337427139282,0.43490421772003174,-0.09284031391143799,0.5276257991790771,0.45783546566963196,-0.10646407306194305,0.5571515560150146,0.4745783805847168,-0.11480170488357544,0.4158797264099121,0.43848717212677,-0.06746497750282288,0.4549306333065033,0.493233859539032,-0.09089002013206482,0.4934791624546051,0.5192204713821411,-0.10017725825309753,0.5233843922615051,0.5331916213035583,-0.1070457175374031,0.397246390581131,0.47542163729667664,-0.06240460276603699,0.4377638101577759,0.5344316959381104,-0.07864011824131012,0.4802613854408264,0.5508065223693848,-0.08316067606210709,0.5092766284942627,0.5527558922767639,-0.08552484214305878,0.3886941075325012,0.5065019726753235,-0.05721990019083023,0.4279831647872925,0.5485011339187622,-0.06925247609615326,0.46151986718177795,0.556277334690094,-0.07168493419885635,0.4872811734676361,0.5551379919052124,-0.07226664572954178,Right,0.9970877170562744
4094,57,0,0.7237685918807983,0.41076260805130005,4.1109672110906104e-07,0.686794102191925,0.35869255661964417,-0.02231179177761078,0.6397456526756287,0.3604009747505188,-0.03850522264838219,0.6036324501037598,0.3905021548271179,-0.04684000089764595,0.5822528600692749,0.41973385214805603,-0.05463717505335808,0.667824923992157,0.38669636845588684,-0.07868968695402145,0.6122757792472839,0.4359399080276489,-0.10027400404214859,0.5763095617294312,0.444742888212204,-0.10368872433900833,0.5526217818260193,0.4444013237953186,-0.1015908420085907,0.6774978041648865,0.4335041642189026,-0.07019423693418503,0.608349084854126,0.47539135813713074,-0.09191273897886276,0.576381266117096,0.4685100317001343,-0.08846915513277054,0.5656994581222534,0.4523812234401703,-0.08213029056787491,0.6794030666351318,0.467234343290329,-0.05907059460878372,0.613125205039978,0.49736088514328003,-0.07214467227458954,0.5894447565078735,0.48090696334838867,-0.06533560156822205,0.5843390226364136,0.46060115098953247,-0.05757010355591774,0.6758389472961426,0.4878760576248169,-0.048847075551748276,0.6252716183662415,0.4998425841331482,-0.05644442141056061,0.6037977337837219,0.4832192361354828,-0.05356604605913162,0.5966103672981262,0.4653708338737488,-0.049118246883153915,Left,0.9941635131835938
4094,57,1,0.3741918206214905,0.4228096008300781,4.818032266484806e-07,0.41713327169418335,0.395839124917984,-0.017366928979754448,0.45953789353370667,0.405222088098526,-0.03343880549073219,0.48850321769714355,0.43467965722084045,-0.042711567133665085,0.5054487586021423,0.4602377414703369,-0.05176360532641411,0.4414580166339874,0.399099200963974,-0.07054588198661804,0.48926493525505066,0.43447673320770264,-0.0939398780465126,0.526414155960083,0.45917508006095886,-0.1071116030216217,0.555886447429657,0.47688543796539307,-0.11509938538074493,0.41442570090293884,0.43577906489372253,-0.06850442290306091,0.4537825882434845,0.4918621778488159,-0.0916009396314621,0.4924481213092804,0.5181913375854492,-0.10013147443532944,0.5219545960426331,0.5316696166992188,-0.106364406645298,0.39566221833229065,0.47243842482566833,-0.06349083036184311,0.43564605712890625,0.5305650234222412,-0.07947316020727158,0.4786067008972168,0.5487804412841797,-0.08370891213417053,0.5081478357315063,0.5518255829811096,-0.08598901331424713,0.38671591877937317,0.5035797357559204,-0.05849597230553627,0.42526862025260925,0.5461308360099792,-0.07056005299091339,0.458814412355423,0.5553432106971741,-0.07296229153871536,0.4845123589038849,0.5545620322227478,-0.07358851283788681,Right,0.9973680377006531
4167,58,0,0.7250419855117798,0.40790390968322754,4.2330523797318165e-07,0.6827706098556519,0.35537654161453247,-0.02309061959385872,0.6303770542144775,0.3731939196586609,-0.04046918824315071,0.5937236547470093,0.41575539112091064,-0.0492481030523777,0.5682624578475952,0.44068941473960876,-0.05819151923060417,0.6686487793922424,0.3875427544116974,-0.08510635048151016,0.6142229437828064,0.4484499990940094,-0.10896352678537369,0.5771306753158569,0.4579702615737915,-0.1139240637421608,0.5523896217346191,0.4568840563297272,-0.11259815841913223,0.6826306581497192,0.43005621433258057,-0.07578924298286438,0.6136981248855591,0.47882965207099915,-0.09719696640968323,0.5783252716064453,0.47442907094955444,-0.09315424412488937,0.565150797367096,0.4609277844429016,-0.08676660805940628,0.6870516538619995,0.4633209705352783,-0.06348394602537155,0.6211815476417542,0.5035913586616516,-0.07597585767507553,0.5928581357002258,0.49077698588371277,-0.06762375682592392,0.5836876630783081,0.4729643762111664,-0.058939941227436066,0.6838958859443665,0.48581233620643616,-0.051766231656074524,0.6318598985671997,0.5081273317337036,-0.05838976800441742,0.6071244478225708,0.49464184045791626,-0.05376376584172249,0.5972355604171753,0.47823578119277954,-0.048227742314338684,Left,0.9761665463447571
4167,58,1,0.3746744394302368,0.4242941439151764,4.809881488654355e-07,0.4167971909046173,0.3947922885417938,-0.018157359212636948,0.4574127197265625,0.4029761552810669,-0.035270534455776215,0.4848627746105194,0.43214884400367737,-0.045073967427015305,0.5010145902633667,0.45805513858795166,-0.054678354412317276,0.43757307529449463,0.3975771367549896,-0.07540629059076309,0.48549896478652954,0.4323239028453827,-0.0996076688170433,0.5233135223388672,0.45610538125038147,-0.11271091550588608,0.5535544157028198,0.4739743173122406,-0.12057433277368546,0.4108653962612152,0.43640047311782837,-0.07279329001903534,0.4505647122859955,0.4917744994163513,-0.09639535844326019,0.4903095066547394,0.5168474912643433,-0.10465534031391144,0.5201748013496399,0.5303056240081787,-0.11094570904970169,0.3935590386390686,0.47414451837539673,-0.06695620715618134,0.434839129447937,0.5301611423492432,-0.08321964740753174,0.47884035110473633,0.5468562245368958,-0.08756902813911438,0.508826494216919,0.5503944158554077,-0.09015083312988281,0.38689932227134705,0.5055437088012695,-0.061080869287252426,0.42612454295158386,0.5458012819290161,-0.0734662413597107,0.46054574847221375,0.5542792677879333,-0.07642506062984467,0.48713183403015137,0.5548536777496338,-0.07766318321228027,Right,0.997258186340332
4239,59,0,0.7268229722976685,0.40932339429855347,4.415836372118065e-07,0.68257737159729,0.35946011543273926,-0.025390272960066795,0.6293456554412842,0.37244850397109985,-0.043097782880067825,0.5956196784973145,0.41637080907821655,-0.05140514299273491,0.5725863575935364,0.4482389986515045,-0.059624869376420975,0.6704550385475159,0.3916046917438507,-0.08800757676362991,0.6187077164649963,0.4509751498699188,-0.11318307369947433,0.5819664597511292,0.46117183566093445,-0.1185036227107048,0.5553414821624756,0.46075841784477234,-0.11714551597833633,0.6851508617401123,0.4367164373397827,-0.07797051221132278,0.6157552003860474,0.48605048656463623,-0.09919735044240952,0.5790240168571472,0.482199102640152,-0.0943804532289505,0.5631688833236694,0.4678577184677124,-0.08763653039932251,0.6897186636924744,0.46989738941192627,-0.06533649563789368,0.6226576566696167,0.5089602470397949,-0.0783505067229271,0.592786967754364,0.4965144097805023,-0.0702383890748024,0.5805068612098694,0.4785410165786743,-0.06165773421525955,0.687489926815033,0.49051445722579956,-0.05359167978167534,0.635310173034668,0.5114436745643616,-0.06025422364473343,0.6085779070854187,0.49804988503456116,-0.05582747608423233,0.5958763360977173,0.48197489976882935,-0.050627339631319046,Left,0.9730146527290344
4239,59,1,0.37223365902900696,0.42679619789123535,4.6870974301782553e-07,0.41382551193237305,0.39370933175086975,-0.01737009733915329,0.45445311069488525,0.40110909938812256,-0.03379875048995018,0.48058608174324036,0.43279117345809937,-0.04267790913581848,0.4947878122329712,0.46039557456970215,-0.05131560564041138,0.43393251299858093,0.39572831988334656,-0.07612692564725876,0.4805147051811218,0.42774099111557007,-0.10118445008993149,0.5193039178848267,0.451678067445755,-0.11532029509544373,0.5496572852134705,0.4695822298526764,-0.12365905195474625,0.4072161316871643,0.43479907512664795,-0.07365922629833221,0.44712603092193604,0.4924691915512085,-0.09606486558914185,0.4878603219985962,0.5165935158729553,-0.1032080203294754,0.5176266431808472,0.5281220078468323,-0.10882314294576645,0.3903280794620514,0.4726846516132355,-0.0679866373538971,0.4326102137565613,0.5278199315071106,-0.08261973410844803,0.47698161005973816,0.5430140495300293,-0.085860975086689,0.5061663389205933,0.54518723487854,-0.0879424437880516,0.3841531574726105,0.5045750737190247,-0.06236841157078743,0.4236905872821808,0.5436149835586548,-0.0739508867263794,0.4585692286491394,0.5507177114486694,-0.0764278694987297,0.48486822843551636,0.5501959323883057,-0.07734393328428268,Right,0.9980409741401672
4311,60,0,0.7265445590019226,0.40975719690322876,4.7532188318655244e-07,0.6842731237411499,0.36083143949508667,-0.025796841830015182,0.6321544051170349,0.36878502368927,-0.043886810541152954,0.5999253392219543,0.4097472131252289,-0.05236867815256119,0.5821133255958557,0.4437359571456909,-0.060815613716840744,0.6709966659545898,0.3907232880592346,-0.09066078066825867,0.6174145340919495,0.4485512971878052,-0.11551013588905334,0.5801441669464111,0.4596772789955139,-0.11987295001745224,0.552789568901062,0.4605085551738739,-0.11791159957647324,0.685107946395874,0.4364957809448242,-0.08032624423503876,0.6163593530654907,0.4869445860385895,-0.10383458435535431,0.5797164440155029,0.48221927881240845,-0.09948568791151047,0.5634337067604065,0.46630552411079407,-0.09250444918870926,0.6888797879219055,0.4701971411705017,-0.06708495318889618,0.6219202876091003,0.5104627013206482,-0.0815102830529213,0.5939681529998779,0.49466225504875183,-0.07369592785835266,0.583480179309845,0.4736853539943695,-0.06495670229196548,0.6861915588378906,0.4907078146934509,-0.05476512387394905,0.6344131231307983,0.5110326409339905,-0.062406230717897415,0.6091464757919312,0.4948718249797821,-0.058456774801015854,0.5976583361625671,0.47591185569763184,-0.053342413157224655,Left,0.9861437678337097
4311,60,1,0.37415653467178345,0.4248422384262085,5.228740747043048e-07,0.41556477546691895,0.39621180295944214,-0.017212551087141037,0.45649781823158264,0.40227288007736206,-0.03394385427236557,0.48379260301589966,0.4285547137260437,-0.043532371520996094,0.4998234510421753,0.45377665758132935,-0.05270273983478546,0.4349597692489624,0.3944302797317505,-0.07379285246133804,0.4841917157173157,0.4270358383655548,-0.09874419122934341,0.5211180448532104,0.4509887397289276,-0.11346505582332611,0.5501323342323303,0.4694538116455078,-0.1222958117723465,0.40828582644462585,0.43343740701675415,-0.07096896320581436,0.4494055211544037,0.4876973032951355,-0.09380553662776947,0.488833487033844,0.5147165060043335,-0.10188791900873184,0.5192563533782959,0.5293393135070801,-0.10831384360790253,0.3908140957355499,0.4714284837245941,-0.06499770283699036,0.4328933358192444,0.5274776220321655,-0.08013451844453812,0.47430139780044556,0.542853593826294,-0.08325043320655823,0.5013147592544556,0.5452429056167603,-0.08493688702583313,0.3838580250740051,0.5030938982963562,-0.059026267379522324,0.4234970211982727,0.5404154062271118,-0.06925299018621445,0.45596858859062195,0.5459951162338257,-0.07024922221899033,0.47912585735321045,0.5441203117370605,-0.07017157226800919,Right,0.997968852519989
4383,61,0,0.7290784120559692,0.40873751044273376,4.5058772002448677e-07,0.6866581439971924,0.360017329454422,-0.024286672472953796,0.6348881721496582,0.3651851415634155,-0.04186667129397392,0.6023837327957153,0.4037419557571411,-0.05017959326505661,0.5844385623931885,0.4372139275074005,-0.058542411774396896,0.6712135076522827,0.38898780941963196,-0.08918893337249756,0.6178416013717651,0.4467512369155884,-0.11391858011484146,0.5810113549232483,0.4592288136482239,-0.11836063116788864,0.5540659427642822,0.4623066186904907,-0.1164717748761177,0.6854035258293152,0.434580534696579,-0.07939323782920837,0.6179162263870239,0.48682183027267456,-0.10298416763544083,0.58125901222229,0.48338690400123596,-0.09855140000581741,0.5649799704551697,0.46892157196998596,-0.09128399193286896,0.6897817254066467,0.46805545687675476,-0.06661448627710342,0.6243577599525452,0.5105707049369812,-0.08076635003089905,0.5953341722488403,0.49703845381736755,-0.0725984126329422,0.5837522745132446,0.4775305688381195,-0.06340204179286957,0.6878670454025269,0.4881724417209625,-0.054686807096004486,0.6376269459724426,0.5098758339881897,-0.06231734901666641,0.6116704344749451,0.4959504306316376,-0.05849641188979149,0.599125862121582,0.4782058298587799,-0.05322030186653137,Left,0.991722822189331
4383,61,1,0.3751969635486603,0.42468899488449097,5.035788603890978e-07,0.41543805599212646,0.3960907459259033,-0.01736118271946907,0.4566497802734375,0.4019724726676941,-0.03412260115146637,0.48413220047950745,0.429139643907547,-0.043784249573946,0.5002231597900391,0.45464250445365906,-0.05309314653277397,0.4357752203941345,0.3921079635620117,-0.07429969310760498,0.4844103455543518,0.4252399206161499,-0.09896153211593628,0.5212216377258301,0.4504854381084442,-0.11320822685956955,0.5506430268287659,0.4696173071861267,-0.12195982784032822,0.40926435589790344,0.4311736524105072,-0.07199295610189438,0.44751930236816406,0.48412060737609863,-0.0957760438323021,0.4866110682487488,0.5120118856430054,-0.1047486960887909,0.5178090929985046,0.5271880030632019,-0.1117391288280487,0.3915638029575348,0.46920859813690186,-0.06652294844388962,0.430586576461792,0.5234355330467224,-0.08318298310041428,0.4731273353099823,0.5414990782737732,-0.08819558471441269,0.5028184056282043,0.5459997653961182,-0.0911501944065094,0.38464394211769104,0.5018780827522278,-0.0608985535800457,0.4230683147907257,0.5376740097999573,-0.07268589735031128,0.4559498727321625,0.5443820357322693,-0.07513866573572159,0.4808919429779053,0.5438011288642883,-0.0761675015091896,Right,0.9982195496559143
4456,62,0,0.7288310527801514,0.40941882133483887,4.727494342660066e-07,0.6836008429527283,0.35693541169166565,-0.02504991926252842,0.6309904456138611,0.36860665678977966,-0.0420931801199913,0.6008214950561523,0.414814293384552,-0.04899531230330467,0.5862001180648804,0.4504304826259613,-0.05563993752002716,0.6699379682540894,0.39341703057289124,-0.08927840739488602,0.6209878325462341,0.45411431789398193,-0.11443006247282028,0.5832611322402954,0.4656987190246582,-0.12068531662225723,0.554025411605835,0.46551069617271423,-0.12027180194854736,0.6846754550933838,0.43729719519615173,-0.07905653119087219,0.6167521476745605,0.48838770389556885,-0.09975548833608627,0.5791079998016357,0.48532646894454956,-0.0945652574300766,0.5607790350914001,0.4719471037387848,-0.08771173655986786,0.6896494626998901,0.47043198347091675,-0.06600598245859146,0.6238387823104858,0.5107999444007874,-0.07793395966291428,0.5961878299713135,0.4970666170120239,-0.06858908385038376,0.5854313373565674,0.4790852665901184,-0.05919084697961807,0.6887390613555908,0.4897696375846863,-0.05391833931207657,0.6370286345481873,0.5118656754493713,-0.05861326679587364,0.6114740967750549,0.4981400966644287,-0.05241634324193001,0.6008710265159607,0.4826076924800873,-0.04615556076169014,Left,0.9789890646934509
4456,62,1,0.37458765506744385,0.42487746477127075,5.01814156450564e-07,0.4147493839263916,0.3957463204860687,-0.017327716574072838,0.45642662048339844,0.40014976263046265,-0.03333944454789162,0.4846208691596985,0.4257921576499939,-0.04225218668580055,0.5012884736061096,0.4487425684928894,-0.05074812471866608,0.4343127906322479,0.39241939783096313,-0.07270069420337677,0.48334628343582153,0.4253968298435211,-0.09581910818815231,0.5195253491401672,0.449483186006546,-0.10881258547306061,0.5491076707839966,0.4671842157840729,-0.11686226725578308,0.40780872106552124,0.4311138391494751,-0.06999917328357697,0.44698193669319153,0.48373642563819885,-0.0925874263048172,0.48491835594177246,0.5117258429527283,-0.10104749351739883,0.5154920816421509,0.526907742023468,-0.10781802237033844,0.3902685046195984,0.4684514105319977,-0.06407682597637177,0.43042898178100586,0.5221986174583435,-0.07938481867313385,0.4719083309173584,0.5402910709381104,-0.08363031595945358,0.5009193420410156,0.5452707409858704,-0.08631631731987,0.3833963871002197,0.500253438949585,-0.05808916687965393,0.42256978154182434,0.5369433164596558,-0.06881102174520493,0.4553649425506592,0.5444104671478271,-0.07095060497522354,0.4801676571369171,0.5445328950881958,-0.07196302711963654,Right,0.9975280165672302
4529,63,0,0.7298092842102051,0.41227754950523376,5.075218609817966e-07,0.6868550181388855,0.3609668016433716,-0.025974050164222717,0.6354320645332336,0.3703010380268097,-0.044061824679374695,0.604198694229126,0.4126664996147156,-0.05250586196780205,0.5894771814346313,0.44926512241363525,-0.061216581612825394,0.6754002571105957,0.4030970335006714,-0.08926859498023987,0.625102162361145,0.46422892808914185,-0.1146123930811882,0.5850111246109009,0.4735383689403534,-0.12065602093935013,0.5546596050262451,0.46934473514556885,-0.1198212131857872,0.690250813961029,0.4454631507396698,-0.0785658210515976,0.6223961114883423,0.4981662333011627,-0.100679412484169,0.5828486680984497,0.49425917863845825,-0.09686943143606186,0.563937783241272,0.4769814908504486,-0.09052982181310654,0.695315420627594,0.47489362955093384,-0.06504061073064804,0.6325235366821289,0.5185150504112244,-0.07883220911026001,0.6006514430046082,0.5076799988746643,-0.07268219441175461,0.5864410400390625,0.48768606781959534,-0.0651697963476181,0.6938300132751465,0.49121931195259094,-0.0522800087928772,0.6440000534057617,0.5202065110206604,-0.059829410165548325,0.6155630350112915,0.510714590549469,-0.056571636348962784,0.6008959412574768,0.49408116936683655,-0.051998306065797806,Left,0.9916309714317322
4529,63,1,0.3760419487953186,0.42515262961387634,5.108057052893855e-07,0.4157591164112091,0.3955112099647522,-0.01732548698782921,0.4577203691005707,0.39945682883262634,-0.033676937222480774,0.4857978820800781,0.4251481890678406,-0.043037015944719315,0.5019574761390686,0.4499465227127075,-0.052124809473752975,0.4356553852558136,0.39045074582099915,-0.07158374041318893,0.48340117931365967,0.42384499311447144,-0.09457682073116302,0.519912838935852,0.4484531283378601,-0.10779258608818054,0.5493695735931396,0.4668651819229126,-0.11601848155260086,0.4090816080570221,0.4304504990577698,-0.06894844025373459,0.44766685366630554,0.4836687743663788,-0.0909121185541153,0.4859718680381775,0.5109477043151855,-0.09919638931751251,0.5166549682617188,0.5252338647842407,-0.10583672672510147,0.391470730304718,0.4688546359539032,-0.06316833198070526,0.43217384815216064,0.5211336612701416,-0.07807780057191849,0.47470295429229736,0.5378905534744263,-0.0821513906121254,0.504359781742096,0.5420193076133728,-0.084740549325943,0.38466697931289673,0.5014286637306213,-0.05731901526451111,0.42412009835243225,0.5357846021652222,-0.06775632500648499,0.4575998783111572,0.5414552688598633,-0.06942009180784225,0.4831486940383911,0.5406455993652344,-0.07005071640014648,Right,0.9977236986160278
4604,64,0,0.7291511297225952,0.4126872420310974,4.959484272148984e-07,0.6864588260650635,0.36387526988983154,-0.027138229459524155,0.6356562376022339,0.37263014912605286,-0.04413880407810211,0.6045345664024353,0.41617658734321594,-0.05138076841831207,0.5883510708808899,0.45272964239120483,-0.058055952191352844,0.6752324104309082,0.3987491726875305,-0.0847194716334343,0.6231330633163452,0.45958641171455383,-0.10705084353685379,0.5841723680496216,0.4739859402179718,-0.11069326102733612,0.5551964640617371,0.4749113917350769,-0.10882633924484253,0.6898748278617859,0.44452306628227234,-0.07320022583007812,0.6235670447349548,0.49771904945373535,-0.09364099055528641,0.5873239040374756,0.4963746666908264,-0.08969464898109436,0.570566713809967,0.4805094003677368,-0.08362939953804016,0.6941882967948914,0.4768557846546173,-0.05916057154536247,0.6321207284927368,0.5178894400596619,-0.07082128524780273,0.6027647852897644,0.5080541372299194,-0.06422590464353561,0.5899978876113892,0.4898504316806793,-0.05737970396876335,0.6919223666191101,0.49613574147224426,-0.0464031882584095,0.6446511149406433,0.5175631642341614,-0.05326585844159126,0.6189247965812683,0.5078319311141968,-0.05094979330897331,0.6053988933563232,0.49328404664993286,-0.0475030392408371,Left,0.9901089668273926
4604,64,1,0.3759550154209137,0.4240659177303314,5.156060751687619e-07,0.4160396456718445,0.3933188319206238,-0.017181988805532455,0.45834457874298096,0.3980271816253662,-0.033234722912311554,0.48641788959503174,0.4265131652355194,-0.041924603283405304,0.50250643491745,0.4519146680831909,-0.05018502101302147,0.4347881078720093,0.3899269700050354,-0.07343380898237228,0.48373720049858093,0.4235609173774719,-0.09680101275444031,0.5213385224342346,0.448894739151001,-0.11059834808111191,0.5514661073684692,0.46771901845932007,-0.11915615200996399,0.40802517533302307,0.4294542670249939,-0.07027571648359299,0.4471188187599182,0.48404577374458313,-0.09184176474809647,0.485119104385376,0.5118410587310791,-0.0996120423078537,0.515448808670044,0.5265143513679504,-0.10598143935203552,0.39021793007850647,0.4673457741737366,-0.06376472860574722,0.4311717748641968,0.5196660161018372,-0.07776031643152237,0.4737449288368225,0.5371125936508179,-0.08119026571512222,0.5030507445335388,0.5424563884735107,-0.08352407813072205,0.38325411081314087,0.4999036192893982,-0.057172734290361404,0.4223047196865082,0.535206139087677,-0.06655662506818771,0.4553319215774536,0.5403748750686646,-0.06742902845144272,0.4798958897590637,0.5388938188552856,-0.06759138405323029,Right,0.9965183734893799
4678,65,0,0.7302484512329102,0.41200992465019226,4.6955855736996455e-07,0.6862081289291382,0.3634834885597229,-0.025772705674171448,0.6353742480278015,0.3748137950897217,-0.04174869507551193,0.6049870252609253,0.4189525246620178,-0.0485992394387722,0.5872610807418823,0.4525354206562042,-0.0553211010992527,0.6737632751464844,0.40480223298072815,-0.08040834218263626,0.6249030828475952,0.4645689129829407,-0.10211045295000076,0.5864072442054749,0.4767213463783264,-0.10633441805839539,0.5584526062011719,0.47548195719718933,-0.10489806532859802,0.6894744038581848,0.44803062081336975,-0.06915516406297684,0.6262332797050476,0.501893937587738,-0.08921442180871964,0.5895347595214844,0.5000202059745789,-0.08617114275693893,0.5729002356529236,0.484571635723114,-0.08062484115362167,0.6947993040084839,0.47699636220932007,-0.05550112575292587,0.6350079774856567,0.5203821659088135,-0.06745331734418869,0.60349041223526,0.5106474161148071,-0.06290122866630554,0.5892878770828247,0.49284061789512634,-0.05722879618406296,0.6933934688568115,0.49280455708503723,-0.04287586733698845,0.6475914120674133,0.5166579484939575,-0.050501517951488495,0.6205029487609863,0.506969690322876,-0.04965871945023537,0.6056713461875916,0.4919951260089874,-0.047093454748392105,Left,0.9914504885673523
4678,65,1,0.3789452016353607,0.42488110065460205,5.151605364517309e-07,0.4172743856906891,0.39519092440605164,-0.0178813599050045,0.4614975154399872,0.40073680877685547,-0.03340665251016617,0.49096590280532837,0.4293552041053772,-0.04181729629635811,0.5074870586395264,0.45607954263687134,-0.049629829823970795,0.4370153248310089,0.38765114545822144,-0.0702366903424263,0.48374855518341064,0.42253369092941284,-0.09337534755468369,0.5213554501533508,0.44992321729660034,-0.10691935569047928,0.5505730509757996,0.47152864933013916,-0.1151822879910469,0.4097026288509369,0.42712223529815674,-0.06711061298847198,0.4480368494987488,0.479791522026062,-0.08636897802352905,0.48549047112464905,0.5080904364585876,-0.09149905294179916,0.513749897480011,0.5245380997657776,-0.09611466526985168,0.39133068919181824,0.4660532474517822,-0.06142092123627663,0.43216660618782043,0.5173311233520508,-0.07366899400949478,0.471891313791275,0.5320441126823425,-0.07400087267160416,0.497699111700058,0.535048246383667,-0.07414883375167847,0.38349470496177673,0.5004971623420715,-0.05615680292248726,0.42290738224983215,0.5346263647079468,-0.06518563628196716,0.45569854974746704,0.5398187637329102,-0.06508510559797287,0.4794428050518036,0.5380145311355591,-0.06421560049057007,Right,0.997077226638794
4751,66,0,0.7296859622001648,0.4128376245498657,5.084194754090277e-07,0.6869978904724121,0.3638210594654083,-0.02825138159096241,0.6361316442489624,0.3760329484939575,-0.04516568407416344,0.6044831275939941,0.4206555187702179,-0.05210496112704277,0.5861387252807617,0.45445504784584045,-0.05863890051841736,0.6752604246139526,0.40417271852493286,-0.08582072705030441,0.6236982345581055,0.4643910527229309,-0.1083359643816948,0.5845268368721008,0.47674989700317383,-0.11183030158281326,0.5555830001831055,0.4755559265613556,-0.10965999960899353,0.6893159747123718,0.4486769139766693,-0.07326329499483109,0.6244149208068848,0.5005459785461426,-0.09403091669082642,0.5860312581062317,0.49989402294158936,-0.09072695672512054,0.5672563910484314,0.48447203636169434,-0.08505693078041077,0.6930239796638489,0.4787512421607971,-0.05826040729880333,0.6336226463317871,0.5202302932739258,-0.07077976316213608,0.6013807058334351,0.5110418200492859,-0.06649673730134964,0.5858173370361328,0.4926620125770569,-0.0611935593187809,0.6903769373893738,0.49546322226524353,-0.044416867196559906,0.645340085029602,0.5175735950469971,-0.05258122831583023,0.6182512640953064,0.5081552267074585,-0.05225894972681999,0.6023949980735779,0.4930376410484314,-0.050077956169843674,Left,0.9903919696807861
4751,66,1,0.37777015566825867,0.4264817237854004,4.990089337297832e-07,0.41433918476104736,0.39786046743392944,-0.01625288464128971,0.45854848623275757,0.40070343017578125,-0.03074110858142376,0.48939451575279236,0.4269428849220276,-0.039347656071186066,0.5067196488380432,0.4510321021080017,-0.0474994070827961,0.4391433298587799,0.38644939661026,-0.0645899549126625,0.4884171485900879,0.42223915457725525,-0.08531840890645981,0.5248754024505615,0.44937455654144287,-0.09663008153438568,0.5522619485855103,0.47114765644073486,-0.10334784537553787,0.41159871220588684,0.4242202937602997,-0.06317677348852158,0.45195117592811584,0.47273722290992737,-0.08259054273366928,0.488567590713501,0.5026757121086121,-0.08896754682064056,0.5162792801856995,0.5214450359344482,-0.09436313807964325,0.3931899964809418,0.4641099274158478,-0.059266846626996994,0.43720173835754395,0.5140526294708252,-0.07293079793453217,0.47397860884666443,0.5309938192367554,-0.07469003647565842,0.49803781509399414,0.5350024700164795,-0.07557783275842667,0.3857336938381195,0.5003290772438049,-0.05559851601719856,0.4279491901397705,0.53159099817276,-0.06503040343523026,0.45747682452201843,0.5347650051116943,-0.06512510776519775,0.47844764590263367,0.5306979417800903,-0.06447338312864304,Right,0.9978826642036438
4824,67,0,0.7301025390625,0.41228923201560974,4.85545911033114e-07,0.6868184208869934,0.36505037546157837,-0.027312180027365685,0.6370287537574768,0.3762968182563782,-0.04425768554210663,0.6067642569541931,0.4197104275226593,-0.051602695137262344,0.590277910232544,0.45493558049201965,-0.05868217349052429,0.6742574572563171,0.4040267765522003,-0.08480723947286606,0.6247259378433228,0.4614305794239044,-0.10698822885751724,0.5870311856269836,0.4760589599609375,-0.1104416474699974,0.5586830377578735,0.4790942668914795,-0.10851232707500458,0.6889428496360779,0.44791480898857117,-0.07282843440771103,0.6263522505760193,0.5004485249519348,-0.09364312142133713,0.5889223217964172,0.5010523796081543,-0.09022253751754761,0.5694621801376343,0.4878164827823639,-0.08452285081148148,0.6933915615081787,0.4780234694480896,-0.05833439528942108,0.6347163915634155,0.5203368067741394,-0.07037490606307983,0.6039185523986816,0.5118986964225769,-0.06510815769433975,0.5886233448982239,0.4946829676628113,-0.05917723476886749,0.6914914846420288,0.49499526619911194,-0.045068226754665375,0.6468363404273987,0.5167720317840576,-0.05239656940102577,0.620270311832428,0.507824182510376,-0.05136667937040329,0.6046262979507446,0.4934837520122528,-0.04878440499305725,Left,0.9914577603340149
4824,67,1,0.3810138702392578,0.43110930919647217,5.429036491477746e-07,0.4158692955970764,0.40365058183670044,-0.017534013837575912,0.46066489815711975,0.4033079147338867,-0.032981790602207184,0.4920503497123718,0.42845022678375244,-0.04232184961438179,0.509951114654541,0.4512171149253845,-0.051127027720212936,0.43962326645851135,0.38673070073127747,-0.06631577014923096,0.49016818404197693,0.4216808080673218,-0.08770611137151718,0.5273247957229614,0.45065730810165405,-0.09946990758180618,0.5540595650672913,0.4745481610298157,-0.10619895160198212,0.4116300940513611,0.4234652817249298,-0.06456974893808365,0.4537680745124817,0.4712580144405365,-0.0841953456401825,0.4906884729862213,0.5031870007514954,-0.08962772786617279,0.5174808502197266,0.5243848562240601,-0.09420269727706909,0.39272743463516235,0.4628310799598694,-0.06061484292149544,0.43783849477767944,0.5111120343208313,-0.07432878017425537,0.47510114312171936,0.5309837460517883,-0.07564085721969604,0.4989660382270813,0.5387687683105469,-0.07627322524785995,0.3849470019340515,0.5000031590461731,-0.05706571415066719,0.4283462464809418,0.5302524566650391,-0.0658213272690773,0.4563928246498108,0.5345517992973328,-0.0649472251534462,0.47554323077201843,0.5313229560852051,-0.06382673233747482,Right,0.9986492395401001
4897,68,0,0.7302209734916687,0.411514014005661,4.799144903699926e-07,0.6874461770057678,0.36463892459869385,-0.027062248438596725,0.6381200551986694,0.37633490562438965,-0.0439324676990509,0.6079563498497009,0.41862422227859497,-0.051230162382125854,0.591682493686676,0.4532768130302429,-0.05836297199130058,0.6752311587333679,0.4031669497489929,-0.08567464351654053,0.626324474811554,0.4603935182094574,-0.10808727890253067,0.5894462466239929,0.474744975566864,-0.11172807216644287,0.5613250732421875,0.4783603549003601,-0.1099921315908432,0.6898467540740967,0.4464339017868042,-0.07398299127817154,0.6280695199966431,0.49891844391822815,-0.0955127403140068,0.59026038646698,0.5003372430801392,-0.0924711748957634,0.5698165893554688,0.48835185170173645,-0.0870254784822464,0.694450855255127,0.4767654538154602,-0.05965939164161682,0.6368004083633423,0.5194502472877502,-0.07210435718297958,0.6060770750045776,0.5119612812995911,-0.06674692779779434,0.5902455449104309,0.4957869350910187,-0.060672447085380554,0.6927127242088318,0.4940665066242218,-0.04653283208608627,0.6483914256095886,0.517382800579071,-0.053573474287986755,0.6219848394393921,0.5094712972640991,-0.05203069746494293,0.6063781976699829,0.49572619795799255,-0.049150992184877396,Left,0.9893923401832581
4897,68,1,0.3823336064815521,0.4318031072616577,5.981318054182339e-07,0.41805222630500793,0.40403714776039124,-0.018284769728779793,0.4623812735080719,0.41029542684555054,-0.03652198240160942,0.49194589257240295,0.4507112503051758,-0.04896869137883186,0.5090910196304321,0.4857942461967468,-0.06125955283641815,0.4427279829978943,0.38384199142456055,-0.06916872411966324,0.49385082721710205,0.4205428957939148,-0.09158408641815186,0.5291098952293396,0.4506293535232544,-0.1041378453373909,0.5545754432678223,0.47562000155448914,-0.11128605902194977,0.41347622871398926,0.4201008081436157,-0.06847568601369858,0.46035853028297424,0.46986648440361023,-0.08813951164484024,0.49535617232322693,0.5008717179298401,-0.09295123815536499,0.5179615020751953,0.5213661789894104,-0.09744147956371307,0.3934062123298645,0.4597983658313751,-0.06582500040531158,0.44209161400794983,0.5087233185768127,-0.0789078027009964,0.4762783348560333,0.5275576710700989,-0.07846834510564804,0.49556267261505127,0.53448885679245,-0.07839878648519516,0.3845699727535248,0.4978289306163788,-0.06389255076646805,0.4302026629447937,0.5287659764289856,-0.07087615877389908,0.45588424801826477,0.5325605273246765,-0.06791599839925766,0.47097694873809814,0.528570830821991,-0.06592585891485214,Right,0.9991563558578491
4972,69,0,0.7307937741279602,0.41347968578338623,5.022400273446692e-07,0.6905661225318909,0.36492642760276794,-0.027417805045843124,0.6432924270629883,0.3744393289089203,-0.044633619487285614,0.6120045781135559,0.4136233925819397,-0.05234324187040329,0.5949289798736572,0.4482036232948303,-0.05971077084541321,0.6771191954612732,0.4028419554233551,-0.08513453602790833,0.6263909935951233,0.4592781066894531,-0.10729221999645233,0.5896545648574829,0.4738047122955322,-0.11067778617143631,0.5621129870414734,0.47814834117889404,-0.10859682410955429,0.6909282803535461,0.4466798007488251,-0.0732048749923706,0.6273283362388611,0.4971854090690613,-0.09380283206701279,0.588821291923523,0.4981578588485718,-0.09026941657066345,0.5672038197517395,0.4864876866340637,-0.0845440998673439,0.6949885487556458,0.477644145488739,-0.058745577931404114,0.6354474425315857,0.5180855393409729,-0.07082915306091309,0.6051682829856873,0.5097107291221619,-0.0653122290968895,0.58965003490448,0.4938333332538605,-0.059133969247341156,0.6927754282951355,0.49558737874031067,-0.04548458755016327,0.6468896865844727,0.5164278745651245,-0.05230586603283882,0.6206909418106079,0.5074203610420227,-0.05031203851103783,0.6055347919464111,0.4938544034957886,-0.04700257256627083,Left,0.9945282936096191
4972,69,1,0.3789438009262085,0.4339301586151123,5.970836127744406e-07,0.41333556175231934,0.40534403920173645,-0.016236739233136177,0.45653820037841797,0.40415751934051514,-0.03533220663666725,0.4894603490829468,0.43607768416404724,-0.049947403371334076,0.5097376704216003,0.46566885709762573,-0.0645422711968422,0.44268035888671875,0.37650343775749207,-0.06679330766201019,0.49593403935432434,0.4187432527542114,-0.09120939671993256,0.5300062894821167,0.4508592486381531,-0.10424736887216568,0.5558324456214905,0.47699061036109924,-0.11167623847723007,0.4172011613845825,0.41092777252197266,-0.06887679547071457,0.4664696156978607,0.4575512111186981,-0.09240303188562393,0.499395489692688,0.4883805811405182,-0.09815876930952072,0.5217388868331909,0.5106165409088135,-0.1024494618177414,0.39964964985847473,0.4514653980731964,-0.06935401260852814,0.4488753378391266,0.49304497241973877,-0.08590463548898697,0.4802197515964508,0.5138394832611084,-0.08587560802698135,0.499774694442749,0.525635838508606,-0.08542315661907196,0.39220431447029114,0.49134182929992676,-0.07050783187150955,0.43788543343544006,0.5150764584541321,-0.07966788113117218,0.46388018131256104,0.5215191841125488,-0.0779721587896347,0.48174071311950684,0.5251260995864868,-0.07657531648874283,Right,0.9966375827789307
5045,70,0,0.7347061038017273,0.41193148493766785,4.87165948470647e-07,0.6944281458854675,0.36258256435394287,-0.027251528576016426,0.6471733450889587,0.3735412657260895,-0.04404929280281067,0.6155038475990295,0.4121338129043579,-0.051506269723176956,0.5979921817779541,0.4466319680213928,-0.05852069705724716,0.6783597469329834,0.402484655380249,-0.0825083777308464,0.6279428005218506,0.4605039060115814,-0.10413257777690887,0.5916564464569092,0.47747910022735596,-0.10741511732339859,0.5649336576461792,0.4849698543548584,-0.10531925410032272,0.6926502585411072,0.4459071755409241,-0.07062505930662155,0.6289058923721313,0.4980261027812958,-0.09118802100419998,0.5899671316146851,0.5013669729232788,-0.08791361004114151,0.5671465992927551,0.4924241602420807,-0.08221358060836792,0.6970670819282532,0.47643154859542847,-0.056388914585113525,0.6371133923530579,0.5183154940605164,-0.06865381449460983,0.6055803894996643,0.5126075148582458,-0.06358139216899872,0.5878629684448242,0.4991803467273712,-0.05754039064049721,0.6951702237129211,0.494001567363739,-0.04333418235182762,0.6486665606498718,0.5170652270317078,-0.05044491961598396,0.6216945052146912,0.5106396079063416,-0.04874405637383461,0.6048494577407837,0.4990437626838684,-0.045523472130298615,Left,0.9962244629859924
5045,70,1,0.3769078850746155,0.4346415400505066,6.313397307167179e-07,0.41175413131713867,0.4071756899356842,-0.014082216657698154,0.4511982798576355,0.40220004320144653,-0.03343332186341286,0.4846116900444031,0.42810025811195374,-0.0496460422873497,0.507666826248169,0.453853577375412,-0.06589723378419876,0.44563817977905273,0.3716827630996704,-0.0622253380715847,0.4982888102531433,0.4123428165912628,-0.08845020830631256,0.532200813293457,0.4450487494468689,-0.10296104848384857,0.5565484762191772,0.4713692367076874,-0.11140984296798706,0.4219578802585602,0.40095430612564087,-0.06657814979553223,0.4704999625682831,0.4438907504081726,-0.09380730986595154,0.5023317337036133,0.48032453656196594,-0.10118825733661652,0.5222769975662231,0.507237434387207,-0.10564953088760376,0.4044216275215149,0.4388490319252014,-0.06973467022180557,0.44845300912857056,0.4718664586544037,-0.08986332267522812,0.4782956540584564,0.497713178396225,-0.09115497767925262,0.49688440561294556,0.5157694220542908,-0.09077552706003189,0.39566493034362793,0.47861409187316895,-0.07347515225410461,0.43661701679229736,0.5020667314529419,-0.08556318283081055,0.4624236226081848,0.51545250415802,-0.08568840473890305,0.481925904750824,0.5255005359649658,-0.08503881096839905,Right,0.9960193037986755
5119,71,0,0.7350565791130066,0.41129493713378906,5.126892119733384e-07,0.69391268491745,0.36116209626197815,-0.029249070212244987,0.6467236876487732,0.37321749329566956,-0.04798576235771179,0.6154000163078308,0.4135083556175232,-0.056705426424741745,0.600376546382904,0.4500388205051422,-0.06515680253505707,0.6801843047142029,0.4048179090023041,-0.08854349702596664,0.6300628185272217,0.46246930956840515,-0.11237846314907074,0.5922845602035522,0.4798823297023773,-0.11723900586366653,0.5641583204269409,0.48735493421554565,-0.11602946370840073,0.6941888928413391,0.44832560420036316,-0.07557899504899979,0.629072368144989,0.5000572800636292,-0.09739156067371368,0.5891767740249634,0.5033104419708252,-0.09424048662185669,0.5657747983932495,0.49477893114089966,-0.08855007588863373,0.6975065469741821,0.478630393743515,-0.060045044869184494,0.6359944343566895,0.5192248821258545,-0.07324283570051193,0.6038911938667297,0.5130491256713867,-0.06781293451786041,0.5862970352172852,0.49979111552238464,-0.0613480843603611,0.694248378276825,0.49573397636413574,-0.045759763568639755,0.6471676230430603,0.5167977809906006,-0.05323738604784012,0.6196137070655823,0.5098880529403687,-0.051332853734493256,0.6023074984550476,0.49826598167419434,-0.04790360480546951,Left,0.9942364692687988
5119,71,1,0.38300204277038574,0.4371161460876465,6.419742248908733e-07,0.4213385283946991,0.4154452681541443,-0.01437360793352127,0.4602029621601105,0.4109678566455841,-0.03471815958619118,0.4932391047477722,0.4327629506587982,-0.05240128934383392,0.5189749002456665,0.45353037118911743,-0.07056166976690292,0.4540945291519165,0.3701821565628052,-0.06186146289110184,0.5051745772361755,0.41304177045822144,-0.0905589833855629,0.5375034809112549,0.4486643373966217,-0.10769210010766983,0.5608308911323547,0.47926998138427734,-0.11830981820821762,0.43090569972991943,0.39564716815948486,-0.06752250343561172,0.47785449028015137,0.4413723945617676,-0.09849520772695541,0.5081087350845337,0.4809424877166748,-0.10851378738880157,0.5270232558250427,0.5112837553024292,-0.11472250521183014,0.41237375140190125,0.43129318952560425,-0.07225081324577332,0.4546971023082733,0.4686950147151947,-0.09640322625637054,0.4820992648601532,0.4976907968521118,-0.09899294376373291,0.4992864727973938,0.5177429914474487,-0.09921342879533768,0.4017092287540436,0.4690660834312439,-0.07755690813064575,0.4376947581768036,0.4961261749267578,-0.09297841787338257,0.4627135396003723,0.5113831162452698,-0.09448085725307465,0.48242729902267456,0.5217904448509216,-0.09475201368331909,Right,0.9921467304229736
5195,72,0,0.7368700504302979,0.4102780222892761,5.05236414483079e-07,0.6961824893951416,0.3619805872440338,-0.027775660157203674,0.6499622464179993,0.37588202953338623,-0.045228712260723114,0.616030216217041,0.41424161195755005,-0.0533016063272953,0.5980083346366882,0.4500093460083008,-0.060833629220724106,0.6799401044845581,0.4062248766422272,-0.08312468975782394,0.6281741857528687,0.46375590562820435,-0.10442068427801132,0.5906063318252563,0.48034223914146423,-0.1073303148150444,0.563435971736908,0.487433522939682,-0.1050080955028534,0.6940507292747498,0.44921234250068665,-0.0707220733165741,0.6281362175941467,0.5002176761627197,-0.08972442150115967,0.5886585712432861,0.501980721950531,-0.08551196753978729,0.5654184818267822,0.49228933453559875,-0.07954498380422592,0.6979604959487915,0.4791736602783203,-0.055969398468732834,0.6358704566955566,0.5189721584320068,-0.06720715016126633,0.6039076447486877,0.5114508271217346,-0.06165791302919388,0.5864049792289734,0.49777188897132874,-0.05584920942783356,0.6954214572906494,0.49593034386634827,-0.04247622191905975,0.6480485200881958,0.5154989957809448,-0.049341198056936264,0.6205790042877197,0.5076576471328735,-0.04770291969180107,0.6036447882652283,0.49660706520080566,-0.04477821663022041,Left,0.9951731562614441
5195,72,1,0.38281142711639404,0.43827104568481445,5.968857408333861e-07,0.41955119371414185,0.4135631024837494,-0.013546268455684185,0.4588594138622284,0.4086376130580902,-0.032950565218925476,0.4921204745769501,0.4304213523864746,-0.05032718554139137,0.5175971984863281,0.4511789381504059,-0.06830276548862457,0.4521952271461487,0.3713874816894531,-0.057425010949373245,0.5025730729103088,0.41178396344184875,-0.08434363454580307,0.534683346748352,0.44577163457870483,-0.10040809959173203,0.557732343673706,0.4747416377067566,-0.1103382557630539,0.4299921989440918,0.3976081907749176,-0.06333078444004059,0.4778355658054352,0.44039541482925415,-0.09322138875722885,0.5076804161071777,0.4793228209018707,-0.10335876047611237,0.5250148773193359,0.5095922946929932,-0.10944627225399017,0.41286712884902954,0.433130145072937,-0.06844839453697205,0.4561172425746918,0.4696984887123108,-0.09237659722566605,0.4834554195404053,0.4984143376350403,-0.09637176990509033,0.4985591769218445,0.5184271335601807,-0.09718283265829086,0.4031370282173157,0.47064459323883057,-0.0740131288766861,0.4408873915672302,0.4969680607318878,-0.08921288698911667,0.46689048409461975,0.5127314925193787,-0.0915646180510521,0.48565641045570374,0.5241159200668335,-0.09243860840797424,Right,0.9919630885124207
5270,73,0,0.738623321056366,0.4096492826938629,5.005680350222974e-07,0.6981842517852783,0.3613729476928711,-0.026051964610815048,0.6514220833778381,0.3730100095272064,-0.04294787719845772,0.617662787437439,0.40995460748672485,-0.051049549132585526,0.6006953716278076,0.44560346007347107,-0.058690767735242844,0.6816820502281189,0.4045652747154236,-0.08143936842679977,0.6293158531188965,0.46070101857185364,-0.10283846408128738,0.5915687084197998,0.4766860902309418,-0.10643050074577332,0.5638737678527832,0.4843175709247589,-0.10479714721441269,0.6949493288993835,0.44831404089927673,-0.07048820704221725,0.6289153695106506,0.49699392914772034,-0.08981570601463318,0.5888718366622925,0.49795448780059814,-0.0862840861082077,0.5651812553405762,0.4881688952445984,-0.08091836422681808,0.6984924674034119,0.4789237380027771,-0.05710342898964882,0.6357218623161316,0.5176205635070801,-0.06872206926345825,0.6037333011627197,0.5096684098243713,-0.0636356920003891,0.5862018465995789,0.4958052635192871,-0.05818624049425125,0.6954057216644287,0.49621209502220154,-0.04491046443581581,0.6468411684036255,0.5152537822723389,-0.05241987854242325,0.6190751194953918,0.5071054697036743,-0.05114837735891342,0.6017711162567139,0.49614253640174866,-0.04841861128807068,Left,0.9926853775978088
5270,73,1,0.38399749994277954,0.4350842833518982,6.291691647675179e-07,0.4211752116680145,0.4126488268375397,-0.01143660582602024,0.45997166633605957,0.40926945209503174,-0.03028639405965805,0.49375030398368835,0.4315069317817688,-0.047547001391649246,0.5204818248748779,0.4532988369464874,-0.06582058221101761,0.4541895091533661,0.3685985803604126,-0.05774243548512459,0.5044868588447571,0.4061095118522644,-0.08670735359191895,0.5380608439445496,0.4391540586948395,-0.10464441031217575,0.5622155070304871,0.4688185155391693,-0.11563849449157715,0.43168649077415466,0.3937510550022125,-0.06518489867448807,0.4803381562232971,0.43295595049858093,-0.09560716897249222,0.5130196213722229,0.4717702567577362,-0.10660723596811295,0.5332839488983154,0.5022335052490234,-0.11356206238269806,0.4142055809497833,0.42884916067123413,-0.07171786576509476,0.45756882429122925,0.46030357480049133,-0.09667001664638519,0.4858754873275757,0.4888947606086731,-0.1013939157128334,0.5027577877044678,0.509850025177002,-0.10281804203987122,0.403900146484375,0.46607664227485657,-0.07848797738552094,0.4408535063266754,0.4906947612762451,-0.09473797678947449,0.4647948145866394,0.5076937079429626,-0.09724756330251694,0.4822440445423126,0.5205875039100647,-0.09816503524780273,Right,0.9957323670387268
5345,74,0,0.7391911745071411,0.40841057896614075,5.015028818888823e-07,0.6967278122901917,0.3589317798614502,-0.02469710446894169,0.6486256718635559,0.37794220447540283,-0.03915176913142204,0.6156585216522217,0.41770410537719727,-0.044978704303503036,0.5986988544464111,0.4515150785446167,-0.05038020759820938,0.680824339389801,0.4115435481071472,-0.07635970413684845,0.6287665367126465,0.4635235071182251,-0.09450195729732513,0.5912259221076965,0.4792517423629761,-0.096729576587677,0.5639864802360535,0.48739534616470337,-0.0952303558588028,0.6929325461387634,0.4543651342391968,-0.0655340850353241,0.6257680654525757,0.49582335352897644,-0.08185046166181564,0.5855337381362915,0.49345529079437256,-0.07825720310211182,0.5620352625846863,0.4827597439289093,-0.07386016100645065,0.6965326070785522,0.4830361008644104,-0.05231011286377907,0.6319943070411682,0.5159764289855957,-0.06206666678190231,0.6000773906707764,0.5042644143104553,-0.058205973356962204,0.582783579826355,0.489410936832428,-0.05472659319639206,0.6940451860427856,0.49822425842285156,-0.04014059528708458,0.6448934674263,0.5122129321098328,-0.04701508954167366,0.6177550554275513,0.5014241933822632,-0.04697664454579353,0.6010259985923767,0.49014517664909363,-0.046096839010715485,Left,0.98810213804245
5345,74,1,0.38098910450935364,0.43209919333457947,6.038811193320726e-07,0.41860705614089966,0.409094899892807,-0.010454926639795303,0.45846813917160034,0.40526291728019714,-0.02921295538544655,0.4929041266441345,0.42624422907829285,-0.04633494094014168,0.519849419593811,0.44741010665893555,-0.06458505988121033,0.4541327953338623,0.36702239513397217,-0.05801746994256973,0.5052118897438049,0.4040626287460327,-0.08614867180585861,0.5381485819816589,0.43735215067863464,-0.10327605903148651,0.561690092086792,0.4661456048488617,-0.11373457312583923,0.43084216117858887,0.39282700419425964,-0.06579828262329102,0.483375608921051,0.43328621983528137,-0.09473176300525665,0.5157141089439392,0.47192683815956116,-0.1045713797211647,0.5346058011054993,0.5012624263763428,-0.11087985336780548,0.41254353523254395,0.4288509786128998,-0.07245795428752899,0.45989084243774414,0.45945292711257935,-0.09566263854503632,0.48974305391311646,0.4879584312438965,-0.09940238296985626,0.5068256855010986,0.5085037350654602,-0.10055360198020935,0.40136048197746277,0.4673299193382263,-0.07921918481588364,0.4403887987136841,0.48956048488616943,-0.09398263692855835,0.4663933515548706,0.505011260509491,-0.09565604478120804,0.484995573759079,0.5164958238601685,-0.09628413617610931,Right,0.9965654611587524
5418,75,0,0.7407112121582031,0.41281601786613464,4.6776608542131726e-07,0.6958571672439575,0.3635299503803253,-0.025305308401584625,0.6458070278167725,0.3903399109840393,-0.036628127098083496,0.609088122844696,0.43448588252067566,-0.03954458609223366,0.5790198445320129,0.454715371131897,-0.04097956791520119,0.6822868585586548,0.41921842098236084,-0.06440189480781555,0.630063533782959,0.47493425011634827,-0.07978582382202148,0.5931104421615601,0.4851135313510895,-0.08043274283409119,0.5661978125572205,0.4853917360305786,-0.07843711227178574,0.6918962597846985,0.4625571668148041,-0.05238731950521469,0.6259670257568359,0.49931594729423523,-0.06643096357584,0.590126097202301,0.49429750442504883,-0.06261319667100906,0.5700151920318604,0.4796321988105774,-0.05822082236409187,0.6950430274009705,0.4892684519290924,-0.03890237584710121,0.6338300704956055,0.5113525390625,-0.046392906457185745,0.602118968963623,0.5000382661819458,-0.0420975498855114,0.5844637751579285,0.48267942667007446,-0.038830820471048355,0.6934316754341125,0.5036354064941406,-0.02698168344795704,0.6488488912582397,0.5126095414161682,-0.03342365846037865,0.6231990456581116,0.503786563873291,-0.03419480100274086,0.6061525940895081,0.4927469491958618,-0.03398152068257332,Left,0.9862001538276672
5418,75,1,0.3791837692260742,0.4362744688987732,6.074846510273346e-07,0.41779661178588867,0.41352683305740356,-0.010717404074966908,0.4587385952472687,0.4092494547367096,-0.02995576709508896,0.4938523471355438,0.4295845031738281,-0.0475631058216095,0.5207432508468628,0.45071476697921753,-0.06629190593957901,0.4557042121887207,0.36821168661117554,-0.059831034392118454,0.5066560506820679,0.4053584337234497,-0.08978565037250519,0.5390974283218384,0.4384841322898865,-0.10764067620038986,0.5628550052642822,0.4677002727985382,-0.11860370635986328,0.43237754702568054,0.3926396071910858,-0.06820947676897049,0.4850991368293762,0.4332578778266907,-0.09941035509109497,0.5177748799324036,0.4717957675457001,-0.11036105453968048,0.5381474494934082,0.5027496814727783,-0.11728975176811218,0.41369694471359253,0.4274863302707672,-0.07558431476354599,0.4613167643547058,0.4596725106239319,-0.10146072506904602,0.4902586042881012,0.4884863495826721,-0.10643831640481949,0.5084459781646729,0.5103169679641724,-0.10808280110359192,0.40172719955444336,0.465198278427124,-0.08302924782037735,0.4407016932964325,0.4874671399593353,-0.10038024187088013,0.4667116701602936,0.5019042491912842,-0.10384935140609741,0.4867350161075592,0.5135053992271423,-0.1055871844291687,Right,0.992789626121521
5489,76,0,0.7434156537055969,0.4102129340171814,4.7140002834566985e-07,0.6943590044975281,0.363582968711853,-0.021460270509123802,0.6447452902793884,0.385362446308136,-0.03207943215966225,0.6105901598930359,0.4294010400772095,-0.03506414592266083,0.5827910900115967,0.4530322551727295,-0.03710781782865524,0.6799600124359131,0.4170198142528534,-0.061116281896829605,0.6365918517112732,0.470286101102829,-0.07695238292217255,0.6012475490570068,0.4812034070491791,-0.07903806865215302,0.5740421414375305,0.4799518585205078,-0.07785522937774658,0.6907736659049988,0.45883724093437195,-0.050858139991760254,0.6294174790382385,0.495035856962204,-0.06480634957551956,0.5934429168701172,0.4926345646381378,-0.06255488842725754,0.5726285576820374,0.4786722660064697,-0.05934154614806175,0.695725679397583,0.4856754541397095,-0.0387209951877594,0.6388088464736938,0.5106191635131836,-0.04696785658597946,0.6075096726417542,0.5009994506835938,-0.04417698457837105,0.5905446410179138,0.4832548201084137,-0.041389040648937225,0.6962639093399048,0.5002908110618591,-0.02749929018318653,0.6519263982772827,0.5135897994041443,-0.03411996737122536,0.6255606412887573,0.5053629875183105,-0.03477688506245613,0.6081821322441101,0.4924519956111908,-0.033993106335401535,Left,0.9946163892745972
5489,76,1,0.3790004849433899,0.4363655745983124,5.783961114502745e-07,0.4169243276119232,0.4091123044490814,-0.009595881216228008,0.4608500301837921,0.4022923409938812,-0.027008414268493652,0.4994516670703888,0.4199458956718445,-0.04322837293148041,0.5272349715232849,0.4416249990463257,-0.060860347002744675,0.45757144689559937,0.37219011783599854,-0.05527978762984276,0.5115868449211121,0.4058411717414856,-0.08265527337789536,0.5436451435089111,0.43820151686668396,-0.09807214140892029,0.5665751099586487,0.4665336608886719,-0.10703644156455994,0.43576258420944214,0.39922308921813965,-0.06353747099637985,0.49517622590065,0.435141384601593,-0.09240895509719849,0.5273573398590088,0.47151124477386475,-0.10185828804969788,0.5455981492996216,0.5011539459228516,-0.10704583674669266,0.418099582195282,0.43556028604507446,-0.07064546644687653,0.47295093536376953,0.46076449751853943,-0.09381301701068878,0.5031362175941467,0.4882999658584595,-0.09757252037525177,0.5196388959884644,0.5102071166038513,-0.09804441034793854,0.40705737471580505,0.4737904667854309,-0.07780705392360687,0.4495907425880432,0.4878848195075989,-0.09318892657756805,0.47649234533309937,0.5024012923240662,-0.0953826755285263,0.49485182762145996,0.5164452791213989,-0.09575517475605011,Right,0.9948484301567078
5565,77,0,0.7376051545143127,0.4092007577419281,4.4944911792299536e-07,0.6936215162277222,0.35506507754325867,-0.02381066605448723,0.645538330078125,0.3712216019630432,-0.03448517620563507,0.609397292137146,0.40968093276023865,-0.036962490528821945,0.5830188393592834,0.4349737763404846,-0.03818557783961296,0.6764475703239441,0.41375964879989624,-0.06111971661448479,0.6300836801528931,0.4651985764503479,-0.07583820074796677,0.5948874354362488,0.47150275111198425,-0.07753659784793854,0.5694094300270081,0.4669051468372345,-0.07591173052787781,0.6845862865447998,0.45637330412864685,-0.04866638034582138,0.6223681569099426,0.48758628964424133,-0.06131315976381302,0.5888711214065552,0.47903233766555786,-0.058463431894779205,0.5719899535179138,0.46177026629447937,-0.054626770317554474,0.6868783235549927,0.4817507565021515,-0.03454510495066643,0.6302782893180847,0.5015672445297241,-0.0408439002931118,0.6020358800888062,0.48940569162368774,-0.03753865137696266,0.5887104868888855,0.47161662578582764,-0.03468795493245125,0.6849603056907654,0.49280011653900146,-0.021723482757806778,0.642585277557373,0.5010579228401184,-0.0272015742957592,0.6185789704322815,0.49139657616615295,-0.027888542041182518,0.6043871641159058,0.47856172919273376,-0.0271387230604887,Left,0.9966528415679932
5565,77,1,0.3854166865348816,0.42715001106262207,5.839157779519155e-07,0.42487841844558716,0.4026475250720978,-0.007336322218179703,0.4694865345954895,0.39775317907333374,-0.02434239722788334,0.5065253973007202,0.41883784532546997,-0.04045999422669411,0.5334730744361877,0.44483858346939087,-0.057867202907800674,0.46864452958106995,0.36629393696784973,-0.054487019777297974,0.5225043296813965,0.4009036719799042,-0.08106467127799988,0.5541203022003174,0.43007907271385193,-0.0954243391752243,0.5775001645088196,0.45522576570510864,-0.10367345809936523,0.4462151527404785,0.39141398668289185,-0.06378623098134995,0.5060991048812866,0.42794257402420044,-0.09151136130094528,0.5376439094543457,0.463012158870697,-0.09977784007787704,0.556239902973175,0.49164992570877075,-0.10412506014108658,0.42725586891174316,0.426082581281662,-0.07175610214471817,0.4826638102531433,0.45249226689338684,-0.09391757845878601,0.5116549134254456,0.480127215385437,-0.09715347737073898,0.5287538170814514,0.5009709000587463,-0.0972309559583664,0.4142857789993286,0.46423667669296265,-0.07952575385570526,0.459483802318573,0.4793579578399658,-0.09303535521030426,0.4853835999965668,0.49183809757232666,-0.09417705982923508,0.502625048160553,0.5026492476463318,-0.0940624326467514,Right,0.992312490940094
5640,78,0,0.7332286834716797,0.40622320771217346,4.267573388005985e-07,0.6931853890419006,0.3569689989089966,-0.021267840638756752,0.6447831392288208,0.3698804974555969,-0.03185515105724335,0.6096970438957214,0.40994229912757874,-0.03455508127808571,0.5900900363922119,0.4411427974700928,-0.03607355058193207,0.6714439988136292,0.4035702347755432,-0.06247502937912941,0.6282787322998047,0.454668790102005,-0.07828564941883087,0.5968024134635925,0.460769385099411,-0.08076723664999008,0.5736861228942871,0.45492303371429443,-0.07937498390674591,0.6797142028808594,0.4480820596218109,-0.051943957805633545,0.618564248085022,0.47969910502433777,-0.06584376841783524,0.5869596004486084,0.4737471044063568,-0.06338660418987274,0.5709414482116699,0.4579140245914459,-0.05963975563645363,0.6814254522323608,0.47853145003318787,-0.03943619504570961,0.6218501925468445,0.49534738063812256,-0.0471295490860939,0.596172571182251,0.4817257821559906,-0.04396564140915871,0.58453768491745,0.4640266001224518,-0.04087955877184868,0.6783765554428101,0.495147168636322,-0.027858365327119827,0.6325201988220215,0.4944272041320801,-0.032913677394390106,0.6115061640739441,0.48084908723831177,-0.03254589065909386,0.5997940301895142,0.4672960340976715,-0.031033480539917946,Left,0.9972361326217651
5640,78,1,0.38222917914390564,0.4334511458873749,5.497435608958767e-07,0.41914764046669006,0.40435758233070374,-0.007901118136942387,0.46436578035354614,0.3956074118614197,-0.024005789309740067,0.5020139813423157,0.41507571935653687,-0.039237041026353836,0.5275647640228271,0.43909913301467896,-0.05520462989807129,0.4625846743583679,0.3635311424732208,-0.051079049706459045,0.5198138356208801,0.39793509244918823,-0.07588741928339005,0.5518825650215149,0.42753028869628906,-0.08902781456708908,0.5753554701805115,0.45336395502090454,-0.09645543992519379,0.4421772360801697,0.3928438723087311,-0.05948413908481598,0.5043013095855713,0.4268900752067566,-0.08543679863214493,0.5373630523681641,0.46104806661605835,-0.09369471669197083,0.5568931102752686,0.490035742521286,-0.09816288948059082,0.4253888428211212,0.4306834638118744,-0.06663129478693008,0.482884019613266,0.4533507823944092,-0.08712151646614075,0.5123339295387268,0.4796462655067444,-0.09053084254264832,0.5291320085525513,0.500140368938446,-0.09101727604866028,0.4150589108467102,0.47103825211524963,-0.07375404238700867,0.4614384174346924,0.4826783537864685,-0.08679424226284027,0.48699742555618286,0.4939037561416626,-0.08824149519205093,0.5045106410980225,0.5042248964309692,-0.08829507231712341,Right,0.9931176900863647
5713,79,0,0.7341402173042297,0.409696489572525,3.8752685327381187e-07,0.6949557662010193,0.35571104288101196,-0.025909138843417168,0.6459713578224182,0.3734603226184845,-0.03518936410546303,0.6086474061012268,0.4157508611679077,-0.035588063299655914,0.5805994272232056,0.4421347677707672,-0.034268155694007874,0.6711111068725586,0.4120526909828186,-0.058668844401836395,0.6243547201156616,0.46388009190559387,-0.07155857235193253,0.5930389761924744,0.47447633743286133,-0.0718899518251419,0.5706996917724609,0.4734918475151062,-0.06930909305810928,0.6781241297721863,0.4568525552749634,-0.04431799799203873,0.6197036504745483,0.489463746547699,-0.05392942205071449,0.5904148817062378,0.487022340297699,-0.049595337361097336,0.5751706957817078,0.47498124837875366,-0.04491085186600685,0.6793246269226074,0.48494312167167664,-0.028919219970703125,0.6242319345474243,0.5009015798568726,-0.03384975716471672,0.6001365184783936,0.49193280935287476,-0.030606303364038467,0.5880763530731201,0.47820645570755005,-0.027594830840826035,0.6750108599662781,0.49927225708961487,-0.015034875832498074,0.6328281760215759,0.4998477101325989,-0.019822238013148308,0.6139786839485168,0.49034062027931213,-0.020769178867340088,0.6028417944908142,0.47999733686447144,-0.019986623898148537,Left,0.9980171322822571
5713,79,1,0.3818303942680359,0.4348471462726593,5.473735313898942e-07,0.4197033643722534,0.40579888224601746,-0.007307210471481085,0.4634632170200348,0.3962922692298889,-0.024068165570497513,0.5002799034118652,0.41281014680862427,-0.040004245936870575,0.5256829857826233,0.4364645481109619,-0.05701112374663353,0.4630517363548279,0.3654329180717468,-0.052696987986564636,0.5204281806945801,0.4002768099308014,-0.07801374047994614,0.5516588687896729,0.4289093315601349,-0.09145170450210571,0.5740468502044678,0.4541822671890259,-0.09906793385744095,0.44198307394981384,0.3942463994026184,-0.06171654909849167,0.5050833225250244,0.4294392764568329,-0.08817312866449356,0.5370048880577087,0.4632624089717865,-0.09631481021642685,0.5544741749763489,0.49205201864242554,-0.10062041133642197,0.4249032139778137,0.4315047264099121,-0.06927581131458282,0.48300108313560486,0.45489731431007385,-0.08984078466892242,0.5127831697463989,0.4808795154094696,-0.09283582866191864,0.5301473736763,0.5014662146568298,-0.09319697320461273,0.41440874338150024,0.4705947935581207,-0.07670669257640839,0.46017226576805115,0.48274707794189453,-0.08943606913089752,0.48559650778770447,0.4951314628124237,-0.09007889032363892,0.503127932548523,0.5069571733474731,-0.08963936567306519,Right,0.9918800592422485
5787,80,0,0.7342618703842163,0.4131028354167938,4.1278414641965355e-07,0.6927913427352905,0.3667941093444824,-0.0247905682772398,0.6443357467651367,0.38818439841270447,-0.03397028148174286,0.6069618463516235,0.430334210395813,-0.03540609031915665,0.5762742161750793,0.4561111629009247,-0.03510907292366028,0.6711592078208923,0.4317382872104645,-0.049696534872055054,0.6290426254272461,0.4887053966522217,-0.061768315732479095,0.5949888825416565,0.497026264667511,-0.062394190579652786,0.5719537138938904,0.49226948618888855,-0.05968746915459633,0.6813426613807678,0.4693109691143036,-0.03649391978979111,0.6251706480979919,0.5122044086456299,-0.045116398483514786,0.5922326445579529,0.5105109810829163,-0.041394613683223724,0.575327455997467,0.4972139298915863,-0.03691298887133598,0.6846138834953308,0.4904707670211792,-0.022931862622499466,0.6320503950119019,0.5200011134147644,-0.027673859149217606,0.6032851338386536,0.5115202069282532,-0.025639299303293228,0.5878447890281677,0.4954010844230652,-0.023110680282115936,0.6824069023132324,0.4994189441204071,-0.010828409343957901,0.6413576602935791,0.5170058012008667,-0.015855569392442703,0.6168805956840515,0.5080340504646301,-0.01732107251882553,0.6017829179763794,0.49363112449645996,-0.01668790727853775,Left,0.9913086295127869
5787,80,1,0.383435994386673,0.43964049220085144,5.499765052263683e-07,0.4205317497253418,0.4080939292907715,-0.009806211106479168,0.46277692914009094,0.3962119221687317,-0.027377508580684662,0.4984945058822632,0.41210445761680603,-0.04361865296959877,0.5227195620536804,0.43588483333587646,-0.06047617644071579,0.461052805185318,0.36946141719818115,-0.0529390387237072,0.516433596611023,0.4067712128162384,-0.07836899161338806,0.5471570491790771,0.437899112701416,-0.09172406792640686,0.5684131383895874,0.46483296155929565,-0.09917885810136795,0.441428005695343,0.3999650180339813,-0.060103148221969604,0.5021217465400696,0.4378919303417206,-0.08563151955604553,0.5332515239715576,0.47137686610221863,-0.09281087666749954,0.5506439805030823,0.49922674894332886,-0.09678173065185547,0.42562335729599,0.4368753433227539,-0.06617187708616257,0.48077258467674255,0.4663258492946625,-0.08595430850982666,0.5089294910430908,0.4883498251438141,-0.0877622663974762,0.5253381729125977,0.5058465600013733,-0.08745740354061127,0.4160063862800598,0.4752501845359802,-0.07248446345329285,0.45960378646850586,0.4904671907424927,-0.08449406176805496,0.485076904296875,0.5012671947479248,-0.08466983586549759,0.5027092099189758,0.512520432472229,-0.0839066132903099,Right,0.980558454990387
5860,81,0,0.738251268863678,0.4193292558193207,5.156402380634972e-07,0.6941758394241333,0.38129904866218567,-0.02974788099527359,0.6462600231170654,0.40788111090660095,-0.0449933260679245,0.6070019006729126,0.4438759386539459,-0.051230981945991516,0.5734785795211792,0.45845651626586914,-0.05603636056184769,0.6885504126548767,0.4437336325645447,-0.07013121992349625,0.6432159543037415,0.5041340589523315,-0.08936543762683868,0.6050876379013062,0.5135593414306641,-0.09260141849517822,0.578457772731781,0.5096532702445984,-0.09122120589017868,0.7004029154777527,0.4834658205509186,-0.057159341871738434,0.6401963829994202,0.5310825109481812,-0.0733858123421669,0.6012154221534729,0.5311896800994873,-0.07169027626514435,0.5791413187980652,0.5169809460639954,-0.06866321712732315,0.7039205431938171,0.5065173506736755,-0.04343033954501152,0.6475614309310913,0.5423731207847595,-0.05411477014422417,0.6115894317626953,0.5349624156951904,-0.05366627499461174,0.5907859802246094,0.5169366598129272,-0.05238824710249901,0.7016206979751587,0.5175278186798096,-0.03132767602801323,0.6590069532394409,0.5377697348594666,-0.041182518005371094,0.6299136877059937,0.5299935340881348,-0.04470096901059151,0.6099314093589783,0.5161483883857727,-0.04572822526097298,Left,0.9811893105506897
5860,81,1,0.381260484457016,0.44243308901786804,5.576582111643802e-07,0.41877859830856323,0.41001060605049133,-0.011086110956966877,0.4618318974971771,0.40144333243370056,-0.02953558787703514,0.49902763962745667,0.42322927713394165,-0.046269740909338,0.523878276348114,0.44890204071998596,-0.063371941447258,0.4548698365688324,0.3677908480167389,-0.05735316872596741,0.5084812045097351,0.40254801511764526,-0.08409412205219269,0.539883017539978,0.4326123297214508,-0.09906936436891556,0.5624174475669861,0.45925194025039673,-0.10768944770097733,0.43322885036468506,0.39829662442207336,-0.06422324478626251,0.4901152551174164,0.4313438832759857,-0.0911298617720604,0.5232537388801575,0.4648605287075043,-0.09987487643957138,0.5432435870170593,0.49294963479042053,-0.1053503081202507,0.4173417389392853,0.43651217222213745,-0.06992441415786743,0.4694674015045166,0.4591289460659027,-0.09094493836164474,0.4983667731285095,0.4812338948249817,-0.09427016228437424,0.5144133567810059,0.4991666376590729,-0.09494723379611969,0.40983879566192627,0.47614502906799316,-0.07596340030431747,0.4550861418247223,0.4894725978374481,-0.0880410447716713,0.4803532660007477,0.49833059310913086,-0.08892211318016052,0.49659496545791626,0.5067642331123352,-0.08902257680892944,Right,0.9938924312591553
5933,82,0,0.739179790019989,0.41319146752357483,4.58649282109036e-07,0.6940598487854004,0.3770831823348999,-0.028053216636180878,0.6473721265792847,0.3977021276950836,-0.04398984834551811,0.6091327667236328,0.4309241771697998,-0.05093587189912796,0.5758428573608398,0.4481281638145447,-0.05653854459524155,0.6889381408691406,0.4353715181350708,-0.0733707994222641,0.629497766494751,0.4762904644012451,-0.09028063714504242,0.5938960313796997,0.4809432923793793,-0.09088386595249176,0.5680259466171265,0.4776124656200409,-0.0887070745229721,0.7036762237548828,0.47499099373817444,-0.060800135135650635,0.632300853729248,0.5058927536010742,-0.07464081794023514,0.6022973656654358,0.4932076632976532,-0.0694454163312912,0.5885931849479675,0.4743396043777466,-0.06480786204338074,0.7085309028625488,0.4982902407646179,-0.04661690443754196,0.6447299122810364,0.5164718627929688,-0.053859904408454895,0.6198534965515137,0.49889907240867615,-0.047544121742248535,0.6087114214897156,0.4802462160587311,-0.04370719939470291,0.7066736817359924,0.5088738799095154,-0.03414016589522362,0.6592052578926086,0.5189293622970581,-0.040291283279657364,0.6375662684440613,0.5045938491821289,-0.03951078653335571,0.6266406178474426,0.4904327690601349,-0.0385354720056057,Left,0.9943390488624573
5933,82,1,0.3851030766963959,0.43544432520866394,5.927934694227588e-07,0.4204878807067871,0.4042603373527527,-0.011904441751539707,0.46078217029571533,0.3947145342826843,-0.03075985796749592,0.496179461479187,0.4141809940338135,-0.047519586980342865,0.5206392407417297,0.4377449154853821,-0.06465695053339005,0.45505407452583313,0.3615039587020874,-0.05598978325724602,0.5081266760826111,0.39791861176490784,-0.08217815309762955,0.5407239198684692,0.42809465527534485,-0.09749916940927505,0.564477264881134,0.45490285754203796,-0.10662811994552612,0.43401092290878296,0.39275404810905457,-0.06202483922243118,0.49018391966819763,0.42978277802467346,-0.08848051726818085,0.5226881504058838,0.46349096298217773,-0.09680167585611343,0.542791485786438,0.4903160333633423,-0.10213255882263184,0.41875797510147095,0.43070319294929504,-0.06707800179719925,0.46901845932006836,0.45746302604675293,-0.08742118626832962,0.49760130047798157,0.47891175746917725,-0.08967285603284836,0.5150006413459778,0.4961063265800476,-0.08985688537359238,0.411554753780365,0.469394713640213,-0.07258741557598114,0.4547681212425232,0.4852328300476074,-0.08400264382362366,0.4793175160884857,0.49420610070228577,-0.08390586078166962,0.4960762560367584,0.50190269947052,-0.08344785124063492,Right,0.993944525718689
6007,83,0,0.7318242788314819,0.40939489006996155,5.329844157131447e-07,0.6907514929771423,0.36967357993125916,-0.03120746836066246,0.641740620136261,0.38929492235183716,-0.04990332946181297,0.6033645272254944,0.42558789253234863,-0.05887136608362198,0.5709452033042908,0.44456636905670166,-0.06659745424985886,0.6877380013465881,0.40704545378685,-0.08610327541828156,0.6324781179428101,0.4607689678668976,-0.10766926407814026,0.5952074527740479,0.4764363765716553,-0.10996773093938828,0.5670905113220215,0.4817931652069092,-0.10839181393384933,0.7025642991065979,0.4511101245880127,-0.07352244853973389,0.6357698440551758,0.49462881684303284,-0.09194004535675049,0.5994688272476196,0.49249687790870667,-0.08692409843206406,0.5797686576843262,0.4785047769546509,-0.0821763277053833,0.7071191072463989,0.48065659403800964,-0.0592806302011013,0.6441355347633362,0.5098544359207153,-0.07055289298295975,0.6169221997261047,0.4957416355609894,-0.06342573463916779,0.6041819453239441,0.4776454567909241,-0.05852888152003288,0.7040871381759644,0.49856340885162354,-0.046965014189481735,0.6556591987609863,0.5120424032211304,-0.05609304457902908,0.6327351927757263,0.49970099329948425,-0.05548293888568878,0.6201707720756531,0.48724499344825745,-0.0544341616332531,Left,0.9947572350502014
6007,83,1,0.3881232440471649,0.43356087803840637,6.06285880166979e-07,0.422177791595459,0.40166887640953064,-0.013527008704841137,0.460813045501709,0.39168038964271545,-0.0333339162170887,0.49532216787338257,0.41057100892066956,-0.05042249709367752,0.5183303356170654,0.43335941433906555,-0.06805123388767242,0.45533567667007446,0.3598666489124298,-0.060928575694561005,0.5061134099960327,0.39556604623794556,-0.08835906535387039,0.5387024879455566,0.42605260014533997,-0.10481201857328415,0.5623307228088379,0.4531847834587097,-0.1144561693072319,0.43282076716423035,0.3916527330875397,-0.06608596444129944,0.4865051209926605,0.4318915605545044,-0.0932038426399231,0.5207995176315308,0.4669969081878662,-0.10171913355588913,0.5424733757972717,0.4953843653202057,-0.10714007914066315,0.4167417883872986,0.4304734766483307,-0.07012180984020233,0.4648490846157074,0.45934224128723145,-0.09111268073320389,0.4964093565940857,0.48167696595191956,-0.0938938707113266,0.516431450843811,0.5004448890686035,-0.0942755937576294,0.4098062515258789,0.4695294201374054,-0.07459727674722672,0.45240479707717896,0.48737800121307373,-0.08614815026521683,0.4781621992588043,0.4963405430316925,-0.08577971160411835,0.49673691391944885,0.5044211149215698,-0.08497846126556396,Right,0.9953402280807495
6078,84,0,0.7174310684204102,0.40783989429473877,5.153946176505997e-07,0.6763575673103333,0.38013961911201477,-0.024451609700918198,0.622223436832428,0.4014561176300049,-0.042493920773267746,0.580445408821106,0.4297156035900116,-0.052870966494083405,0.5467395186424255,0.43756547570228577,-0.06267878413200378,0.6665272116661072,0.3821227550506592,-0.08036139607429504,0.6181648969650269,0.4492671489715576,-0.10221799463033676,0.5860638618469238,0.47970932722091675,-0.10518866032361984,0.5625160932540894,0.502281129360199,-0.10407496243715286,0.6868311166763306,0.42097437381744385,-0.0735163763165474,0.6255374550819397,0.47779661417007446,-0.0956168994307518,0.5874550342559814,0.4900173544883728,-0.09221477806568146,0.5640200972557068,0.49120044708251953,-0.08756676316261292,0.6977192163467407,0.45450231432914734,-0.06463102996349335,0.6330589652061462,0.4998590350151062,-0.07888150960206985,0.6022354364395142,0.4951920211315155,-0.06986390054225922,0.5857080817222595,0.48576533794403076,-0.06203475594520569,0.6995982527732849,0.482899934053421,-0.057086966931819916,0.6477188467979431,0.5086792707443237,-0.06503479182720184,0.6208398938179016,0.5020288825035095,-0.059878867119550705,0.6059190630912781,0.49419668316841125,-0.05526646226644516,Left,0.9916106462478638
6078,84,1,0.3873247802257538,0.43253567814826965,5.756867835771118e-07,0.42311525344848633,0.3997538685798645,-0.01307909656316042,0.46690526604652405,0.3936830461025238,-0.03267579525709152,0.5051077008247375,0.4144967198371887,-0.04937771335244179,0.5325136184692383,0.43668174743652344,-0.06648071855306625,0.45079505443573,0.363871306180954,-0.06266500800848007,0.49648305773735046,0.39129307866096497,-0.0893402099609375,0.5281014442443848,0.4189422130584717,-0.10484395176172256,0.551504373550415,0.4450657367706299,-0.11426074802875519,0.42809727787971497,0.39785051345825195,-0.06837812811136246,0.4827055335044861,0.43825849890708923,-0.09638351202011108,0.5176306962966919,0.4717184007167816,-0.10414016246795654,0.539716362953186,0.497427761554718,-0.10908719897270203,0.41319966316223145,0.4381799101829529,-0.07286624610424042,0.46354132890701294,0.47102466225624084,-0.09407403320074081,0.495462566614151,0.4930204749107361,-0.09495324641466141,0.5145412087440491,0.5076401829719543,-0.09417036175727844,0.4064428508281708,0.4774947464466095,-0.07782155275344849,0.45034849643707275,0.4979596436023712,-0.08891444653272629,0.47681373357772827,0.5057064890861511,-0.08735081553459167,0.49463486671447754,0.5111550092697144,-0.08601410686969757,Right,0.9980449080467224
6152,85,0,0.7139438390731812,0.406177282333374,1.1710523040164844e-07,0.6657041311264038,0.3800637125968933,-0.015535329468548298,0.615201473236084,0.3958456218242645,-0.030842144042253494,0.5760985016822815,0.42714783549308777,-0.04012870788574219,0.5445860624313354,0.44213321805000305,-0.04969492554664612,0.6432636380195618,0.3640153408050537,-0.06715571880340576,0.6034315228462219,0.43127620220184326,-0.089115209877491,0.5776339769363403,0.47427430748939514,-0.09702392667531967,0.5592162609100342,0.5078921914100647,-0.09995996206998825,0.6686634421348572,0.397544801235199,-0.06443341076374054,0.6181650161743164,0.4675278067588806,-0.08304961770772934,0.5889236927032471,0.4872055947780609,-0.08049792051315308,0.5725069642066956,0.49105000495910645,-0.07811493426561356,0.6832857131958008,0.4317130744457245,-0.059563811868429184,0.6299940347671509,0.49123266339302063,-0.07049364596605301,0.6047019362449646,0.49579882621765137,-0.06002407893538475,0.592971682548523,0.4855893552303314,-0.05156078189611435,0.6903946399688721,0.4620387554168701,-0.055398181080818176,0.644489049911499,0.5018212795257568,-0.06085231527686119,0.6222831606864929,0.49988383054733276,-0.05322808772325516,0.6113846302032471,0.48899757862091064,-0.046649135649204254,Left,0.9991068840026855
6152,85,1,0.38754066824913025,0.43205708265304565,5.582032258644176e-07,0.4266742169857025,0.40788570046424866,-0.014368833042681217,0.4777161478996277,0.4068864583969116,-0.032636549323797226,0.5202915072441101,0.4253765642642975,-0.0476183146238327,0.5539459586143494,0.4363933503627777,-0.06251823902130127,0.44721275568008423,0.3710423707962036,-0.06227656081318855,0.4859246015548706,0.3956661820411682,-0.08789572864770889,0.517444908618927,0.4191502630710602,-0.10140328109264374,0.5415310859680176,0.441287100315094,-0.10908356308937073,0.4241443872451782,0.40459325909614563,-0.06691742688417435,0.4738966226577759,0.4397791922092438,-0.09341776371002197,0.511713981628418,0.47199857234954834,-0.10010648518800735,0.5372200608253479,0.4967043697834015,-0.10452122241258621,0.40946704149246216,0.4446699023246765,-0.07060319185256958,0.45892760157585144,0.4767386317253113,-0.09171761572360992,0.4936399757862091,0.4993121922016144,-0.09231308102607727,0.5149526000022888,0.5124847888946533,-0.09134025126695633,0.403249591588974,0.48348796367645264,-0.07484672218561172,0.4482269585132599,0.5051038265228271,-0.08692670613527298,0.47714123129844666,0.5123583674430847,-0.08636203408241272,0.49627506732940674,0.5165822505950928,-0.08569998294115067,Right,0.9993349313735962
6226,86,0,0.6947069764137268,0.40154510736465454,-4.195971925469166e-08,0.6483042240142822,0.3776163160800934,-0.01182451844215393,0.6024240255355835,0.38998016715049744,-0.025587698444724083,0.5660273432731628,0.4179575741291046,-0.035663001239299774,0.5385992527008057,0.434088796377182,-0.04699620231986046,0.6383159756660461,0.35763663053512573,-0.050118498504161835,0.5989612936973572,0.4195536673069,-0.0701494812965393,0.5761287808418274,0.45888763666152954,-0.08133858442306519,0.5614787936210632,0.4877602458000183,-0.0872708410024643,0.6644428968429565,0.39336100220680237,-0.05104085057973862,0.6147390007972717,0.45380979776382446,-0.06713295727968216,0.5839125514030457,0.4814172387123108,-0.0703645721077919,0.5656622648239136,0.49691829085350037,-0.07440605014562607,0.6778129935264587,0.4298515021800995,-0.05064203217625618,0.6265685558319092,0.48031556606292725,-0.06222185119986534,0.5992103219032288,0.4962192177772522,-0.05742735043168068,0.5828791856765747,0.5011484622955322,-0.05416704714298248,0.6824602484703064,0.46191638708114624,-0.05052851140499115,0.6380949020385742,0.49368229508399963,-0.05752796307206154,0.6135408878326416,0.5007312893867493,-0.05289987102150917,0.598112940788269,0.5037753582000732,-0.0493251234292984,Left,0.9971238970756531
6226,86,1,0.381198525428772,0.4270513355731964,4.673681814892916e-07,0.4146035313606262,0.39364176988601685,-0.01702721416950226,0.45943185687065125,0.3870637118816376,-0.03321921080350876,0.498016357421875,0.40681198239326477,-0.044939666986465454,0.5252030491828918,0.4281795024871826,-0.056276824325323105,0.4276047348976135,0.372924268245697,-0.05562881752848625,0.4698362648487091,0.40816763043403625,-0.07386401295661926,0.5015262365341187,0.4282446503639221,-0.08199442923069,0.5258418321609497,0.44275155663490295,-0.0861702561378479,0.4077032506465912,0.41475850343704224,-0.055644091218709946,0.45764485001564026,0.4543643891811371,-0.07277537882328033,0.4963233470916748,0.4763569235801697,-0.07547049969434738,0.5243191123008728,0.49180784821510315,-0.07825592160224915,0.3968471586704254,0.45555248856544495,-0.054906122386455536,0.4466789960861206,0.4918402135372162,-0.06895248591899872,0.4820908010005951,0.5040656328201294,-0.06980865448713303,0.5054959058761597,0.5089448690414429,-0.06973929703235626,0.3953002989292145,0.49141043424606323,-0.05488400533795357,0.43965888023376465,0.5143415331840515,-0.06218871474266052,0.46665555238723755,0.5173226594924927,-0.06136291101574898,0.4840896725654602,0.5162744522094727,-0.061040714383125305,Right,0.9955617189407349
6298,87,0,0.6976774334907532,0.40002045035362244,-2.74186735538251e-08,0.6541450619697571,0.3676828145980835,-0.010215823538601398,0.6100437045097351,0.3727077543735504,-0.025833094492554665,0.5780416131019592,0.41164958477020264,-0.03778160735964775,0.5615127682685852,0.45243918895721436,-0.05129629746079445,0.6344578266143799,0.3518817126750946,-0.05309362709522247,0.5901755094528198,0.41061708331108093,-0.07271114736795425,0.5666642189025879,0.44893166422843933,-0.08262080699205399,0.5513705611228943,0.4753444194793701,-0.08767745643854141,0.6591349840164185,0.3886476755142212,-0.05519317835569382,0.6081696152687073,0.4475818872451782,-0.07325204461812973,0.5775607824325562,0.47409990429878235,-0.07674117386341095,0.560577929019928,0.48771166801452637,-0.07957036048173904,0.6729477047920227,0.42613497376441956,-0.05536366254091263,0.620575487613678,0.4768603444099426,-0.06878373771905899,0.5914108753204346,0.4924905002117157,-0.06542742252349854,0.5754488706588745,0.4963633120059967,-0.0620187446475029,0.678553581237793,0.45918038487434387,-0.05528708174824715,0.6326943635940552,0.488913357257843,-0.06331097334623337,0.6079650521278381,0.4949600100517273,-0.05916787311434746,0.5941683053970337,0.4955253601074219,-0.055192187428474426,Left,0.9969481825828552
6298,87,1,0.37030696868896484,0.4274665415287018,5.171329462427821e-07,0.4007647633552551,0.3901749849319458,-0.016786912456154823,0.44199338555336,0.3846113383769989,-0.032201725989580154,0.47419074177742004,0.4078512191772461,-0.0423591174185276,0.493206650018692,0.432419091463089,-0.05228297412395477,0.41496944427490234,0.3745780885219574,-0.05897224321961403,0.46536844968795776,0.4087771773338318,-0.07712472230195999,0.5023267865180969,0.4277643859386444,-0.08565286546945572,0.5300287008285522,0.44332700967788696,-0.08975867927074432,0.395989328622818,0.42020830512046814,-0.05667298287153244,0.45052358508110046,0.45970475673675537,-0.0719720795750618,0.4913806617259979,0.4784393608570099,-0.07474886626005173,0.5198494791984558,0.49101370573043823,-0.07762690633535385,0.387358158826828,0.4622277021408081,-0.052651043981313705,0.44436880946159363,0.5001879334449768,-0.0630875676870346,0.4812348783016205,0.5045359134674072,-0.06289031356573105,0.502305269241333,0.502119779586792,-0.062341123819351196,0.3884633183479309,0.49628138542175293,-0.04926057904958725,0.43823471665382385,0.521065354347229,-0.05438030883669853,0.4657796025276184,0.5174369215965271,-0.05261766538023949,0.48126909136772156,0.5086307525634766,-0.05120424926280975,Right,0.994814395904541
6373,88,0,0.6953049898147583,0.4034493565559387,5.973904393385965e-08,0.65773606300354,0.3712562620639801,-0.014040020294487476,0.6186038851737976,0.37179845571517944,-0.033046457916498184,0.5890199542045593,0.40219545364379883,-0.04756585881114006,0.5734419822692871,0.43661224842071533,-0.06391558796167374,0.6361367702484131,0.3494996726512909,-0.06393321603536606,0.5900592803955078,0.4056279957294464,-0.08640403300523758,0.5653342008590698,0.4409613013267517,-0.09718111157417297,0.5492842793464661,0.46498486399650574,-0.10239535570144653,0.6598873138427734,0.3853493630886078,-0.06503845751285553,0.6068877577781677,0.44245535135269165,-0.0864444375038147,0.5737681984901428,0.46937495470046997,-0.09069537371397018,0.5550968050956726,0.48337891697883606,-0.09344442933797836,0.6728459000587463,0.42379051446914673,-0.06408890336751938,0.6189687848091125,0.4724111557006836,-0.08034146577119827,0.5880369544029236,0.4884852468967438,-0.0777943953871727,0.5721033215522766,0.4921443462371826,-0.07432001084089279,0.6770989298820496,0.4590508043766022,-0.06302685290575027,0.6296356320381165,0.48626020550727844,-0.07388605177402496,0.6034098863601685,0.4911295175552368,-0.07109076529741287,0.5891513228416443,0.4889284670352936,-0.0674997940659523,Left,0.999234676361084
6373,88,1,0.3633786141872406,0.41932085156440735,5.609495588032587e-07,0.3969155251979828,0.38506871461868286,-0.015413650311529636,0.43847739696502686,0.38475531339645386,-0.030714837834239006,0.4707219898700714,0.40799519419670105,-0.03971743583679199,0.48957183957099915,0.43075045943260193,-0.04858171567320824,0.41219356656074524,0.37826046347618103,-0.0663425549864769,0.46347010135650635,0.4064795970916748,-0.08619532734155655,0.5022157430648804,0.422364741563797,-0.09572839736938477,0.5315533876419067,0.4346843361854553,-0.10052566975355148,0.393566757440567,0.4225904643535614,-0.06331110745668411,0.4505223333835602,0.4613841772079468,-0.08008097857236862,0.49286553263664246,0.4778638184070587,-0.08221349120140076,0.5226667523384094,0.4870987832546234,-0.08443034440279007,0.3850083351135254,0.4619691073894501,-0.05762254819273949,0.44083940982818604,0.5045695900917053,-0.06758665293455124,0.4808940291404724,0.507129967212677,-0.06579996645450592,0.5050791501998901,0.5032755136489868,-0.06436093896627426,0.3846244812011719,0.49183809757232666,-0.05219348147511482,0.4323008954524994,0.5207648873329163,-0.05682772025465965,0.46183478832244873,0.5193719863891602,-0.054040927439928055,0.48033419251441956,0.5132288336753845,-0.05192166566848755,Right,0.9975141286849976
6447,89,0,0.6924107074737549,0.4027356207370758,4.936055120197125e-08,0.6569576263427734,0.37010449171066284,-0.01609222963452339,0.6178373098373413,0.37073907256126404,-0.03684927895665169,0.5880131721496582,0.40359294414520264,-0.052601926028728485,0.5730026960372925,0.43851590156555176,-0.07062488049268723,0.6372920870780945,0.34514105319976807,-0.06746263802051544,0.590524435043335,0.4023163616657257,-0.08982466906309128,0.5652387738227844,0.4404398798942566,-0.10046509653329849,0.5514606237411499,0.46728813648223877,-0.10554409772157669,0.6625674962997437,0.3790850043296814,-0.06671564280986786,0.6105401515960693,0.44066479802131653,-0.08844822645187378,0.577951192855835,0.4686872363090515,-0.09345696121454239,0.5610418319702148,0.48422425985336304,-0.09713055938482285,0.6773267388343811,0.41753071546554565,-0.06346126645803452,0.6230086088180542,0.4693303406238556,-0.0799022763967514,0.5907690525054932,0.48724013566970825,-0.07646995782852173,0.576117753982544,0.4931040406227112,-0.07247713208198547,0.6821786761283875,0.45520907640457153,-0.06003372371196747,0.633314311504364,0.4821862578392029,-0.07153863459825516,0.6050850749015808,0.4886453449726105,-0.0681275948882103,0.5911881923675537,0.4872061312198639,-0.06398894637823105,Left,0.9989261627197266
6447,89,1,0.36058738827705383,0.41578611731529236,4.480361042169534e-07,0.3927108645439148,0.3755398988723755,-0.016975991427898407,0.4366113841533661,0.3769645094871521,-0.03153154253959656,0.47020846605300903,0.40323278307914734,-0.039426907896995544,0.4910098910331726,0.42374667525291443,-0.047454558312892914,0.40822604298591614,0.38237524032592773,-0.07145603001117706,0.46410441398620605,0.4060775339603424,-0.09217555820941925,0.5055122971534729,0.4208463430404663,-0.10063795000314713,0.5376151204109192,0.43084272742271423,-0.10473044961690903,0.3947267234325409,0.42889922857284546,-0.06876707077026367,0.4516861140727997,0.45926445722579956,-0.08869943767786026,0.4964122772216797,0.4699345529079437,-0.09378283470869064,0.5293605923652649,0.4743669629096985,-0.09764062613248825,0.3894519507884979,0.46826183795928955,-0.06283237785100937,0.44642722606658936,0.50004643201828,-0.07684759050607681,0.4896816611289978,0.49794626235961914,-0.07900992780923843,0.5158312916755676,0.4875776767730713,-0.07965730130672455,0.392195463180542,0.495231568813324,-0.05685894563794136,0.4423752725124359,0.5139262676239014,-0.06753727048635483,0.4751829206943512,0.5061466097831726,-0.06886536628007889,0.4953126013278961,0.49211883544921875,-0.06875862181186676,Right,0.9983903169631958
6521,90,0,0.6950929164886475,0.406478613615036,-6.455076118072611e-08,0.6574331521987915,0.37377703189849854,-0.012444652616977692,0.6217084527015686,0.3746510148048401,-0.02867915853857994,0.5954234600067139,0.4076993465423584,-0.0412297248840332,0.5842677354812622,0.44263821840286255,-0.05660170316696167,0.6333391070365906,0.34599703550338745,-0.05219143256545067,0.5937404036521912,0.4051505923271179,-0.07070007175207138,0.5700111389160156,0.44480034708976746,-0.08072182536125183,0.5535654425621033,0.47503116726875305,-0.08642314374446869,0.6594659686088562,0.37705275416374207,-0.05314177647233009,0.6137110590934753,0.4387979209423065,-0.06948762387037277,0.5816657543182373,0.47196468710899353,-0.07463476061820984,0.5613905191421509,0.4954102039337158,-0.0800258219242096,0.6770327091217041,0.4159793555736542,-0.05217759683728218,0.6278742551803589,0.47051095962524414,-0.06592707335948944,0.5953543782234192,0.49046996235847473,-0.06408732384443283,0.5780903100967407,0.500997006893158,-0.06247296929359436,0.6851640939712524,0.4559571444988251,-0.05093346908688545,0.6405541896820068,0.48723751306533813,-0.06275887787342072,0.6121063828468323,0.49479004740715027,-0.060802653431892395,0.5953267812728882,0.4957989752292633,-0.05830366909503937,Left,0.9964763522148132
6521,90,1,0.35652679204940796,0.4145255982875824,3.334150733280694e-07,0.38966065645217896,0.37754958868026733,-0.018743542954325676,0.4392814338207245,0.3833884000778198,-0.030702650547027588,0.47967493534088135,0.4094647467136383,-0.03629712387919426,0.5090506672859192,0.42325448989868164,-0.041724998503923416,0.4098655879497528,0.3868772089481354,-0.06111675500869751,0.4652440845966339,0.40593236684799194,-0.0806407555937767,0.5039938688278198,0.4186481237411499,-0.08938238769769669,0.5357474684715271,0.4261123836040497,-0.09371328353881836,0.3968832790851593,0.43065404891967773,-0.05779531970620155,0.4549853205680847,0.46056002378463745,-0.07640086114406586,0.4968492388725281,0.47247347235679626,-0.08298353105783463,0.5310903787612915,0.4758952558040619,-0.08709105104207993,0.38966453075408936,0.46635323762893677,-0.05216774344444275,0.44662952423095703,0.4954308569431305,-0.06693823635578156,0.487338662147522,0.502015233039856,-0.07085786014795303,0.5171437859535217,0.4965578615665436,-0.07198027521371841,0.3890872001647949,0.4897840619087219,-0.046619199216365814,0.4394289255142212,0.5074640512466431,-0.05753684416413307,0.47124457359313965,0.5084620714187622,-0.058812085539102554,0.4940089285373688,0.5024678111076355,-0.05818591266870499,Right,0.9991897940635681
6595,91,0,0.6962665319442749,0.3992387354373932,-6.729658252879744e-08,0.6556205153465271,0.3730710744857788,-0.014603644609451294,0.6208367347717285,0.3766259551048279,-0.033407967537641525,0.5920765995979309,0.4110780656337738,-0.04833424836397171,0.578942060470581,0.445008248090744,-0.06584562361240387,0.6422168016433716,0.34422627091407776,-0.057886797934770584,0.5995876789093018,0.39824095368385315,-0.07755938172340393,0.5734333395957947,0.4374130368232727,-0.08697977662086487,0.5573778748512268,0.4662950038909912,-0.0923180803656578,0.6699774265289307,0.3740813136100769,-0.05831041559576988,0.6206689476966858,0.43386927247047424,-0.07677359879016876,0.5877189636230469,0.47095048427581787,-0.0813581570982933,0.5680841207504272,0.4948117136955261,-0.08660387247800827,0.6880970597267151,0.4116445779800415,-0.0569317452609539,0.6379513740539551,0.4654940664768219,-0.07222515344619751,0.6032505631446838,0.48932087421417236,-0.07056117057800293,0.5850424766540527,0.5014516711235046,-0.0695820078253746,0.6957873106002808,0.4499344229698181,-0.05545908957719803,0.6515915393829346,0.48199108242988586,-0.06918011605739594,0.6207303404808044,0.49192869663238525,-0.0689660906791687,0.6027798652648926,0.49494194984436035,-0.06815063953399658,Left,0.9964454174041748
6595,91,1,0.3439767062664032,0.4192337989807129,2.8621735737033305e-07,0.3761371970176697,0.3740317225456238,-0.014120776206254959,0.4200119376182556,0.37245601415634155,-0.025504382327198982,0.45637035369873047,0.39755764603614807,-0.03151337802410126,0.4804791510105133,0.41871869564056396,-0.03750772029161453,0.40424853563308716,0.38383224606513977,-0.056912414729595184,0.4629535973072052,0.4050739109516144,-0.07594220340251923,0.5008833408355713,0.4191334843635559,-0.0826672688126564,0.5301380157470703,0.42965343594551086,-0.08484096080064774,0.3963196873664856,0.43136194348335266,-0.05541756749153137,0.4592420160770416,0.4592057764530182,-0.07360239326953888,0.5032802224159241,0.47004464268684387,-0.07872212678194046,0.5376114249229431,0.4738187789916992,-0.08127909898757935,0.3935926854610443,0.4691377580165863,-0.051609206944704056,0.4526011347770691,0.4909765124320984,-0.06578290462493896,0.4932757019996643,0.49279865622520447,-0.06896562874317169,0.5220382213592529,0.4870070517063141,-0.0692281574010849,0.3961842954158783,0.4927110970020294,-0.04753763973712921,0.44608157873153687,0.5030550360679626,-0.05730177089571953,0.47872915863990784,0.49896153807640076,-0.05801296979188919,0.5016316771507263,0.48945826292037964,-0.056780651211738586,Right,0.9933030009269714
6669,92,0,0.7014939785003662,0.40111175179481506,-9.903073561190467e-08,0.6599950194358826,0.374798446893692,-0.015878481790423393,0.621719479560852,0.3780803680419922,-0.03458862379193306,0.5914897918701172,0.41006290912628174,-0.04876565560698509,0.5775715112686157,0.44365283846855164,-0.06494197994470596,0.6420948505401611,0.3398232161998749,-0.06311511993408203,0.5971248149871826,0.391962468624115,-0.08271728456020355,0.5718245506286621,0.430545836687088,-0.08854663372039795,0.5565280914306641,0.4611375331878662,-0.09129728376865387,0.6678298115730286,0.37066856026649475,-0.063412606716156,0.617195725440979,0.4293922781944275,-0.08497882634401321,0.5871707797050476,0.4695358872413635,-0.08856819570064545,0.5691347122192383,0.4953940510749817,-0.09247085452079773,0.6843156218528748,0.41010192036628723,-0.061935219913721085,0.6316922903060913,0.4639030694961548,-0.08127160370349884,0.5984997153282166,0.4901764690876007,-0.0812968984246254,0.5810418725013733,0.5050884485244751,-0.08084829896688461,0.6909124851226807,0.450926810503006,-0.06008763983845711,0.641834557056427,0.4850866496562958,-0.07806064188480377,0.6106506586074829,0.4972670078277588,-0.08123272657394409,0.591854453086853,0.5026413202285767,-0.08245526999235153,Left,0.9893634915351868
6669,92,1,0.34418579936027527,0.4180929660797119,3.6059401509191957e-07,0.37647247314453125,0.3717000484466553,-0.012807009741663933,0.42003247141838074,0.36909472942352295,-0.023452643305063248,0.45562613010406494,0.39185863733291626,-0.028712110593914986,0.47797197103500366,0.4131518304347992,-0.03383167088031769,0.4053451418876648,0.38071292638778687,-0.05428273230791092,0.46503782272338867,0.40210801362991333,-0.07109273970127106,0.5023441910743713,0.4156821072101593,-0.07645483314990997,0.5304579734802246,0.4256541430950165,-0.07765892148017883,0.39708665013313293,0.42867884039878845,-0.05247189849615097,0.46003830432891846,0.45734071731567383,-0.06850424408912659,0.5013458132743835,0.4662025272846222,-0.07251553237438202,0.5319235920906067,0.4685022234916687,-0.07431729882955551,0.39443424344062805,0.46611255407333374,-0.04804837331175804,0.4542326331138611,0.49036070704460144,-0.06043440103530884,0.4938689172267914,0.4891588091850281,-0.06291250139474869,0.5208359956741333,0.48100703954696655,-0.06285154074430466,0.3969992697238922,0.4889163374900818,-0.04316496104001999,0.44806474447250366,0.5010472536087036,-0.05156516283750534,0.47937875986099243,0.49712181091308594,-0.051398541778326035,0.5010606646537781,0.48830053210258484,-0.04951229318976402,Right,0.996327817440033
6743,93,0,0.7040299773216248,0.4023466408252716,-1.7896461201871716e-07,0.66038578748703,0.38357773423194885,-0.013453382067382336,0.6208266615867615,0.38547083735466003,-0.028664417564868927,0.5895296931266785,0.41182342171669006,-0.04046552628278732,0.5733553171157837,0.4420410096645355,-0.054063428193330765,0.6384870409965515,0.3377036154270172,-0.053376853466033936,0.5974940061569214,0.388401061296463,-0.07192505151033401,0.5736749768257141,0.4271717965602875,-0.07831473648548126,0.5582591891288757,0.45930421352386475,-0.08187460899353027,0.6635235548019409,0.3652719259262085,-0.05554069206118584,0.616416335105896,0.42925867438316345,-0.07695329189300537,0.5907900929450989,0.4732498824596405,-0.08267625421285629,0.5746861696243286,0.5016275644302368,-0.0880216732621193,0.6811671257019043,0.40271684527397156,-0.05636969581246376,0.6325265765190125,0.46419045329093933,-0.07666359841823578,0.6029955744743347,0.496783584356308,-0.07981627434492111,0.585333526134491,0.5165780186653137,-0.08158625662326813,0.6902806162834167,0.4439048171043396,-0.056704580783843994,0.6451343297958374,0.4862861633300781,-0.07534913718700409,0.6166985034942627,0.5070704817771912,-0.08008445054292679,0.59723961353302,0.5192580223083496,-0.0825306847691536,Left,0.9825229048728943
6743,93,1,0.34111541509628296,0.41461119055747986,3.6620468790715677e-07,0.37423378229141235,0.3688902258872986,-0.012153788469731808,0.4205779731273651,0.3688649535179138,-0.021944891661405563,0.4591502547264099,0.393759548664093,-0.02623203955590725,0.4848825931549072,0.4146253168582916,-0.030302004888653755,0.405124694108963,0.3793782889842987,-0.05264931544661522,0.4653312563896179,0.4005012512207031,-0.06887077540159225,0.5034185647964478,0.41458219289779663,-0.07366600632667542,0.5322259068489075,0.4250710904598236,-0.07449376583099365,0.3962937295436859,0.42736050486564636,-0.0510670505464077,0.4599533975124359,0.4557053744792938,-0.06838357448577881,0.5024039149284363,0.46527454257011414,-0.07331422716379166,0.5352730751037598,0.46764588356018066,-0.07541101425886154,0.3927980661392212,0.4639597237110138,-0.046762872487306595,0.4526083469390869,0.4898437261581421,-0.06106150895357132,0.4925842881202698,0.4905122220516205,-0.06449465453624725,0.5208130478858948,0.4826570749282837,-0.06450700759887695,0.3941393792629242,0.48508715629577637,-0.041725948452949524,0.44657543301582336,0.4959741532802582,-0.05108971148729324,0.47717273235321045,0.4919860064983368,-0.0511043444275856,0.4980129301548004,0.4828222990036011,-0.04917730391025543,Right,0.9951091408729553
6818,94,0,0.7078699469566345,0.39983388781547546,-1.9998985578695283e-07,0.6653328537940979,0.3812044858932495,-0.012156050652265549,0.6247701644897461,0.38646170496940613,-0.027017388492822647,0.5922365188598633,0.41255223751068115,-0.038326196372509,0.5744368433952332,0.4413357675075531,-0.05149640515446663,0.6394036412239075,0.3393860459327698,-0.05437575280666351,0.5978013277053833,0.3904222548007965,-0.07317886501550674,0.573189914226532,0.42770975828170776,-0.07966797053813934,0.5573711395263672,0.45893561840057373,-0.08340729773044586,0.66552734375,0.36628788709640503,-0.05762866511940956,0.6176045536994934,0.42936328053474426,-0.07778886705636978,0.5935073494911194,0.4727102816104889,-0.08148026466369629,0.5791504383087158,0.4997895359992981,-0.08553587645292282,0.685052216053009,0.4031156003475189,-0.059502437710762024,0.6369667053222656,0.4641197621822357,-0.07956371456384659,0.6083307266235352,0.49530458450317383,-0.0808793157339096,0.5910290479660034,0.5139159560203552,-0.08147023618221283,0.6965827345848083,0.4437412619590759,-0.060778290033340454,0.6516826748847961,0.4908697009086609,-0.08043723553419113,0.6237150430679321,0.5133611559867859,-0.08434535562992096,0.6046135425567627,0.5265801548957825,-0.0859290286898613,Left,0.9863828420639038
6818,94,1,0.3399607539176941,0.4142129421234131,3.866465760893334e-07,0.37410926818847656,0.36941400170326233,-0.01185860950499773,0.4175681471824646,0.36849460005760193,-0.021853310987353325,0.451821893453598,0.392762690782547,-0.026832222938537598,0.4728747010231018,0.41533833742141724,-0.03172518312931061,0.4072508215904236,0.3790605068206787,-0.05027172714471817,0.46700605750083923,0.402875155210495,-0.06589476764202118,0.5045148730278015,0.4177950918674469,-0.0706065371632576,0.5328007936477661,0.428966760635376,-0.07139232754707336,0.39743247628211975,0.4269487261772156,-0.04905720427632332,0.46178844571113586,0.45784991979599,-0.06505120545625687,0.5040184259414673,0.46892252564430237,-0.0695820152759552,0.5363971590995789,0.47318190336227417,-0.07150784879922867,0.3924359381198883,0.46403685212135315,-0.045277100056409836,0.4530348777770996,0.4917377531528473,-0.05807878077030182,0.4924558699131012,0.493615984916687,-0.06081487983465195,0.5201740264892578,0.48800715804100037,-0.060593005269765854,0.3925268352031708,0.4858259856700897,-0.04093179851770401,0.44463738799095154,0.497731477022171,-0.049205951392650604,0.4761180877685547,0.4953794479370117,-0.04876197502017021,0.49851489067077637,0.48873063921928406,-0.04660350829362869,Right,0.9957223534584045
6893,95,0,0.7147420644760132,0.4025944769382477,-1.2309057240145194e-07,0.6703664660453796,0.3902811110019684,-0.02003694698214531,0.6263093948364258,0.393649697303772,-0.041059594601392746,0.5917955040931702,0.4162316620349884,-0.05711410939693451,0.5738404989242554,0.4433590769767761,-0.07421555370092392,0.6440646648406982,0.33967170119285583,-0.07033367455005646,0.5992400646209717,0.3881019353866577,-0.09648431092500687,0.5740047693252563,0.4265141487121582,-0.10695048421621323,0.557499349117279,0.45891669392585754,-0.11300979554653168,0.6717677712440491,0.36672887206077576,-0.07254759222269058,0.6277462244033813,0.4174056053161621,-0.10126989334821701,0.6016066074371338,0.4589158594608307,-0.10750103741884232,0.5841852426528931,0.4856114387512207,-0.11269394308328629,0.6923323273658752,0.40399113297462463,-0.0739479586482048,0.6467345356941223,0.45666182041168213,-0.10063813626766205,0.6160446405410767,0.4887758493423462,-0.10307896137237549,0.5966839790344238,0.508130669593811,-0.10398928821086884,0.7047507762908936,0.4452471435070038,-0.07542062550783157,0.6618843078613281,0.48898428678512573,-0.09894197434186935,0.6323357820510864,0.5122673511505127,-0.10438426584005356,0.6111957430839539,0.5257548093795776,-0.10724201798439026,Left,0.9638929963111877
6893,95,1,0.3396582007408142,0.4154569208621979,3.915475588200934e-07,0.374410480260849,0.3716779351234436,-0.010796748101711273,0.41853567957878113,0.3706825077533722,-0.020454488694667816,0.4531186819076538,0.39519909024238586,-0.025360800325870514,0.4741685688495636,0.4180567264556885,-0.03014623373746872,0.40819427371025085,0.37787821888923645,-0.0490458682179451,0.4685201644897461,0.40374863147735596,-0.0644742026925087,0.5059250593185425,0.4201093316078186,-0.06855881214141846,0.5337893962860107,0.43235862255096436,-0.06867247819900513,0.3977676033973694,0.4258789122104645,-0.048484694212675095,0.46451351046562195,0.457949161529541,-0.06462784856557846,0.5075136423110962,0.4702966809272766,-0.06931781023740768,0.5403094291687012,0.4752858579158783,-0.07110130041837692,0.3929307460784912,0.4637683033943176,-0.045269764959812164,0.45572155714035034,0.49160265922546387,-0.058750368654727936,0.4960464835166931,0.4940497875213623,-0.06206948310136795,0.5246983170509338,0.48850923776626587,-0.06193894147872925,0.3932933807373047,0.48660096526145935,-0.04128658398985863,0.44722282886505127,0.4972829818725586,-0.049769915640354156,0.47892364859580994,0.49402767419815063,-0.049271728843450546,0.5014889240264893,0.4861634373664856,-0.046940650790929794,Right,0.9942821860313416
6967,96,0,0.7180992960929871,0.4045884311199188,-1.6274327663268195e-07,0.6704148054122925,0.3917383551597595,-0.016534551978111267,0.623504638671875,0.39156046509742737,-0.035629983991384506,0.5864233374595642,0.41385746002197266,-0.05052698776125908,0.5626031756401062,0.4385855793952942,-0.0667009949684143,0.6515223383903503,0.3365585207939148,-0.06202533096075058,0.6045552492141724,0.3759881854057312,-0.08832553029060364,0.5768632292747498,0.4157191216945648,-0.10166912525892258,0.5600560903549194,0.4486396312713623,-0.10945545136928558,0.6792500019073486,0.36308225989341736,-0.06515377759933472,0.6288329362869263,0.40340322256088257,-0.09167314320802689,0.5990892648696899,0.44598454236984253,-0.09943043440580368,0.5813457369804382,0.47461721301078796,-0.10599540174007416,0.6974959373474121,0.40086203813552856,-0.06744836270809174,0.6464828848838806,0.44595083594322205,-0.09169883280992508,0.6135141849517822,0.47829851508140564,-0.09449570626020432,0.5934150815010071,0.49699318408966064,-0.09576372802257538,0.7067237496376038,0.4436594545841217,-0.0694396048784256,0.6582800149917603,0.48170799016952515,-0.08981242775917053,0.6265273690223694,0.5027099847793579,-0.09385129064321518,0.604318380355835,0.5143495798110962,-0.09600257128477097,Left,0.9821006655693054
6967,96,1,0.33885395526885986,0.4160926640033722,4.035748020214669e-07,0.3742826581001282,0.37144050002098083,-0.012028992176055908,0.41867774724960327,0.37003886699676514,-0.023251421749591827,0.4543149471282959,0.39458543062210083,-0.029378432780504227,0.4760666489601135,0.41628938913345337,-0.035440895706415176,0.40561509132385254,0.37617456912994385,-0.054369863122701645,0.4655381143093109,0.40210825204849243,-0.0719371885061264,0.5039448738098145,0.41843587160110474,-0.07771969586610794,0.533258855342865,0.4312386214733124,-0.0790635272860527,0.3954085409641266,0.42501676082611084,-0.05342653766274452,0.4633846879005432,0.4538511335849762,-0.07071720063686371,0.5084114074707031,0.46590492129325867,-0.07610978186130524,0.5429361462593079,0.47158539295196533,-0.07893262058496475,0.39185622334480286,0.46422773599624634,-0.04969504475593567,0.457081139087677,0.4883403182029724,-0.06349199265241623,0.4993157386779785,0.4899190068244934,-0.06731703877449036,0.5293013453483582,0.48444971442222595,-0.06808004528284073,0.3936423361301422,0.4884568452835083,-0.04532163217663765,0.44835811853408813,0.4991508722305298,-0.05422079563140869,0.4809924364089966,0.4946451783180237,-0.05458156391978264,0.504720151424408,0.4860308766365051,-0.05323680862784386,Right,0.994503378868103
7042,97,0,0.7193470597267151,0.407956600189209,-2.1236030534055317e-07,0.6694725751876831,0.3881930410861969,-0.012095321901142597,0.6289428472518921,0.38672876358032227,-0.02826637402176857,0.5983769297599792,0.41134655475616455,-0.041287489235401154,0.5825487375259399,0.4387301206588745,-0.05588465929031372,0.6509451270103455,0.3268578052520752,-0.053431928157806396,0.6032170653343201,0.3744814693927765,-0.07560475170612335,0.5760468244552612,0.414889395236969,-0.08473026752471924,0.5584349036216736,0.44924119114875793,-0.08971308171749115,0.6787543296813965,0.35240668058395386,-0.0581875778734684,0.624660313129425,0.4054563343524933,-0.0821157842874527,0.5968300700187683,0.4535548985004425,-0.08779120445251465,0.5799692273139954,0.48561203479766846,-0.09258992969989777,0.6975051760673523,0.39178186655044556,-0.06193244457244873,0.6444916725158691,0.4465547800064087,-0.08515143394470215,0.6131460070610046,0.48209574818611145,-0.08720056712627411,0.5945941209793091,0.5023943781852722,-0.08759192377328873,0.7070232629776001,0.4363600015640259,-0.06503669172525406,0.6583808064460754,0.47781360149383545,-0.08436304330825806,0.6293125152587891,0.49915170669555664,-0.08702891319990158,0.6095319986343384,0.5105457305908203,-0.08789278566837311,Left,0.9804888367652893
7042,97,1,0.3367430567741394,0.4124051034450531,4.3724537590605905e-07,0.37236377596855164,0.3684696555137634,-0.012153470888733864,0.4167534410953522,0.36690753698349,-0.024112138897180557,0.4519919157028198,0.3917595446109772,-0.030980980023741722,0.47395947575569153,0.413191556930542,-0.03796694055199623,0.4046487808227539,0.37270796298980713,-0.056024618446826935,0.4649941623210907,0.4001702666282654,-0.07385921478271484,0.5031481385231018,0.41753947734832764,-0.07968917489051819,0.5322721600532532,0.43072250485420227,-0.08099754899740219,0.39202994108200073,0.4202776551246643,-0.0551711805164814,0.4587329626083374,0.4523411989212036,-0.07267944514751434,0.5034394860267639,0.46656692028045654,-0.07760743796825409,0.5379832983016968,0.4738042652606964,-0.08004196733236313,0.3858223259449005,0.45936545729637146,-0.051493823528289795,0.4491989016532898,0.48646360635757446,-0.06494761258363724,0.49149125814437866,0.4898872971534729,-0.06801052391529083,0.5214365720748901,0.4858345687389374,-0.06831275671720505,0.3854762613773346,0.4847356677055359,-0.047249823808670044,0.43937525153160095,0.4987286329269409,-0.056116193532943726,0.4727803170681,0.4968727231025696,-0.05632835626602173,0.4971352219581604,0.4903411269187927,-0.054807864129543304,Right,0.9937584400177002
7116,98,0,0.7194116115570068,0.40537673234939575,-2.6307176881346095e-07,0.6740880012512207,0.3796313405036926,-0.009901143610477448,0.6348814368247986,0.3752377927303314,-0.02380538173019886,0.6018747687339783,0.4002076983451843,-0.03481205925345421,0.5837773084640503,0.4291608929634094,-0.04815054312348366,0.6562070846557617,0.32561010122299194,-0.0526515431702137,0.6038453578948975,0.3802264332771301,-0.07003935426473618,0.5755053758621216,0.41678643226623535,-0.0750797763466835,0.5560958385467529,0.4459126889705658,-0.07811883836984634,0.6820631623268127,0.35374996066093445,-0.05735420808196068,0.6251629590988159,0.4109874665737152,-0.07670414447784424,0.5971953868865967,0.4551868736743927,-0.08008406311273575,0.5796611309051514,0.4841312766075134,-0.08435846120119095,0.6995574235916138,0.39315375685691833,-0.060340605676174164,0.6449968814849854,0.44827044010162354,-0.08053166419267654,0.6140700578689575,0.48152077198028564,-0.08293970674276352,0.5955144762992859,0.5018894076347351,-0.08475355058908463,0.7084013223648071,0.436075359582901,-0.06239383667707443,0.6607874631881714,0.4770270586013794,-0.08133719861507416,0.632401168346405,0.4967983067035675,-0.08510034531354904,0.612330436706543,0.5095977783203125,-0.08731731027364731,Left,0.9808021783828735
7116,98,1,0.33726179599761963,0.4127861559391022,4.5958179839544755e-07,0.372637003660202,0.3688758611679077,-0.012687167152762413,0.4169866442680359,0.36662739515304565,-0.0248738881200552,0.4519392251968384,0.3905230164527893,-0.03180497884750366,0.47399306297302246,0.4115026593208313,-0.03868754953145981,0.4038223624229431,0.37216705083847046,-0.05658658593893051,0.4649321734905243,0.39927300810813904,-0.07432287186384201,0.5031378269195557,0.4176998436450958,-0.07971060276031494,0.5319814085960388,0.4316924214363098,-0.08062100410461426,0.3914404809474945,0.42052891850471497,-0.05540820211172104,0.45913031697273254,0.4535338282585144,-0.0727018341422081,0.5040686130523682,0.46889784932136536,-0.07711571455001831,0.5388067960739136,0.47676804661750793,-0.07910485565662384,0.38546547293663025,0.459734171628952,-0.05144714191555977,0.4481154680252075,0.4867097735404968,-0.06450589746236801,0.4897226393222809,0.4900617003440857,-0.06674030423164368,0.5191473960876465,0.4860752522945404,-0.0663992315530777,0.38549721240997314,0.48485666513442993,-0.04701448976993561,0.43926358222961426,0.4971761703491211,-0.05537037178874016,0.472575306892395,0.4948117733001709,-0.054969191551208496,0.49656814336776733,0.48823806643486023,-0.05300160124897957,Right,0.9938380718231201
7189,99,0,0.7179410457611084,0.4073532223701477,-2.7012436021323083e-07,0.6721633672714233,0.3835248649120331,-0.013896654359996319,0.6317226886749268,0.37750303745269775,-0.03002241812646389,0.5967416167259216,0.40127426385879517,-0.0422503836452961,0.5764346718788147,0.4294915199279785,-0.05665736272931099,0.6578327417373657,0.32496771216392517,-0.060593727976083755,0.6054319143295288,0.3778482973575592,-0.07793726027011871,0.5780149698257446,0.41629132628440857,-0.08204080164432526,0.5594606995582581,0.44731611013412476,-0.08481026440858841,0.6823399662971497,0.3525477647781372,-0.06350667774677277,0.6262968182563782,0.4115231931209564,-0.0849299430847168,0.5968183279037476,0.45924922823905945,-0.08985091000795364,0.5780342817306519,0.49085962772369385,-0.0955701693892479,0.6979945302009583,0.39235007762908936,-0.06434331834316254,0.6432777047157288,0.45072174072265625,-0.08573783189058304,0.6124992370605469,0.48449695110321045,-0.0891750156879425,0.5950860977172852,0.5046928524971008,-0.09212242811918259,0.7050231099128723,0.4362926483154297,-0.06439732760190964,0.656093180179596,0.4779159426689148,-0.08450613170862198,0.626556932926178,0.49776268005371094,-0.08933571726083755,0.6066934466362,0.5096850395202637,-0.0926177129149437,Left,0.9660388827323914
7189,99,1,0.3373081386089325,0.4114518165588379,4.7799653657421e-07,0.3733425736427307,0.36829882860183716,-0.012424206361174583,0.4175894558429718,0.36697322130203247,-0.02447092905640602,0.4519065022468567,0.39027294516563416,-0.031080814078450203,0.4739961624145508,0.41047969460487366,-0.0376497246325016,0.40568119287490845,0.3716144263744354,-0.057125166058540344,0.4665319621562958,0.39876464009284973,-0.0748770609498024,0.5047666430473328,0.4178709089756012,-0.0807778537273407,0.5341728329658508,0.43281781673431396,-0.08222109079360962,0.39257603883743286,0.4198063910007477,-0.055770304054021835,0.4589269757270813,0.4549928605556488,-0.07303166389465332,0.503321647644043,0.4718875586986542,-0.07762336730957031,0.5381579995155334,0.48162055015563965,-0.07996257394552231,0.38578000664711,0.45848575234413147,-0.051416657865047455,0.4468383193016052,0.488701730966568,-0.06412804126739502,0.4881344735622406,0.4925409257411957,-0.06586135923862457,0.5169416666030884,0.48933541774749756,-0.06530367583036423,0.3852241337299347,0.4827093482017517,-0.046558644622564316,0.43840986490249634,0.4964849352836609,-0.05404394492506981,0.4709460437297821,0.49418163299560547,-0.052686382085084915,0.4936656951904297,0.4881560206413269,-0.0502069927752018,Right,0.9942553043365479
7263,100,0,0.7175307273864746,0.40219029784202576,-2.804717382787203e-07,0.6706726551055908,0.3794616460800171,-0.011592051945626736,0.6319926977157593,0.3749365508556366,-0.02671646885573864,0.6009955406188965,0.39780083298683167,-0.03912178426980972,0.5825867056846619,0.426190048456192,-0.05452098324894905,0.6589099168777466,0.32423660159111023,-0.055250827223062515,0.6069966554641724,0.3811677098274231,-0.0728137418627739,0.5787190198898315,0.42103227972984314,-0.07812640070915222,0.5592648983001709,0.45245161652565,-0.08132468163967133,0.6844083666801453,0.35366523265838623,-0.05924512445926666,0.6273587346076965,0.41415154933929443,-0.08039385825395584,0.5967718958854675,0.4620042145252228,-0.0867459625005722,0.5764527320861816,0.4934422969818115,-0.09290290623903275,0.7003816962242126,0.3939269781112671,-0.06102361902594566,0.6443700194358826,0.4538060426712036,-0.08189704269170761,0.6119924187660217,0.48757562041282654,-0.08573056012392044,0.5927696824073792,0.507436215877533,-0.0883154422044754,0.7070531845092773,0.4374890923500061,-0.06195525452494621,0.658838152885437,0.4795287847518921,-0.08011709898710251,0.6292752623558044,0.4971892237663269,-0.08359500765800476,0.609346866607666,0.5068302154541016,-0.08565247803926468,Left,0.98766028881073
7263,100,1,0.33960723876953125,0.41200533509254456,4.768794497067574e-07,0.3760923743247986,0.36874788999557495,-0.011327517218887806,0.4202653765678406,0.3676002621650696,-0.023127976804971695,0.4542151987552643,0.39137887954711914,-0.029426230117678642,0.4755346179008484,0.4133284389972687,-0.03544555604457855,0.4075043499469757,0.3743664026260376,-0.05772170051932335,0.46845805644989014,0.4002601206302643,-0.07534731924533844,0.5071387887001038,0.41858384013175964,-0.08133606612682343,0.5358884930610657,0.433566153049469,-0.08281788975000381,0.39461106061935425,0.4223533868789673,-0.05621006712317467,0.4621119499206543,0.4606804847717285,-0.07293051481246948,0.5049136877059937,0.47750580310821533,-0.07613885402679443,0.5364075303077698,0.48723891377449036,-0.07744722068309784,0.38845980167388916,0.4603322148323059,-0.05143248662352562,0.45325666666030884,0.4951578974723816,-0.06301386654376984,0.493229478597641,0.496279776096344,-0.06253409385681152,0.5185197591781616,0.4906309247016907,-0.060472868382930756,0.3884825110435486,0.48328590393066406,-0.04609239473938942,0.44316565990448,0.5029326677322388,-0.05193318426609039,0.4746285080909729,0.49972355365753174,-0.0486777201294899,0.49453306198120117,0.49145999550819397,-0.04484911635518074,Right,0.9945580363273621
7337,101,0,0.7174702882766724,0.39825350046157837,-2.594863701688155e-07,0.671735405921936,0.3747071623802185,-0.01178824808448553,0.6352746486663818,0.37040847539901733,-0.026978688314557076,0.6056113243103027,0.39480507373809814,-0.03920698165893555,0.5890201330184937,0.42521774768829346,-0.05450031906366348,0.6605878472328186,0.3251797556877136,-0.056852709501981735,0.6083822250366211,0.38257357478141785,-0.07317597419023514,0.5808326005935669,0.4223648011684418,-0.07680913805961609,0.5633965730667114,0.45290297269821167,-0.07892876863479614,0.6856150031089783,0.3542342483997345,-0.06017607823014259,0.6277248859405518,0.4178774654865265,-0.08011376857757568,0.5986942052841187,0.46562880277633667,-0.08446266502141953,0.58100426197052,0.4964495301246643,-0.08944084495306015,0.7013399600982666,0.3940082788467407,-0.0612722672522068,0.6448995471000671,0.4555167853832245,-0.08095602691173553,0.6130645275115967,0.4892556667327881,-0.08327899873256683,0.5955820679664612,0.508953332901001,-0.08516507595777512,0.7076097130775452,0.4368359446525574,-0.06160362809896469,0.658617377281189,0.4792287051677704,-0.07996439188718796,0.6288149952888489,0.497435599565506,-0.08357030898332596,0.6093546748161316,0.507941484451294,-0.08572766184806824,Left,0.9876866936683655
7337,101,1,0.33894622325897217,0.4127490818500519,4.484675457661069e-07,0.3756738007068634,0.3704770505428314,-0.010723334737122059,0.4206589460372925,0.37058085203170776,-0.02137080393731594,0.45550963282585144,0.3953593075275421,-0.02652525156736374,0.4776855409145355,0.4170178472995758,-0.03131984546780586,0.4100746214389801,0.3772395849227905,-0.05596068501472473,0.46893611550331116,0.4018184244632721,-0.07386540621519089,0.5079718828201294,0.418867826461792,-0.0809764415025711,0.5377535820007324,0.43317800760269165,-0.08351574838161469,0.3970479369163513,0.4248652160167694,-0.054594188928604126,0.4623631536960602,0.4625033438205719,-0.07152444869279861,0.5061936974525452,0.47911080718040466,-0.07619298249483109,0.5395276546478271,0.48948153853416443,-0.07883933931589127,0.39037075638771057,0.4620243012905121,-0.04997573792934418,0.4528872072696686,0.4988411068916321,-0.062250178307294846,0.49250203371047974,0.499642014503479,-0.06358750909566879,0.5173325538635254,0.4936319589614868,-0.06268932670354843,0.3900439739227295,0.4841846525669098,-0.044683367013931274,0.4432377815246582,0.5044004917144775,-0.05160655453801155,0.47447729110717773,0.49994271993637085,-0.04991013929247856,0.4945346713066101,0.4906314015388489,-0.047099094837903976,Right,0.99509596824646
7412,102,0,0.7174339294433594,0.3956854045391083,-2.2926438703052554e-07,0.673236072063446,0.37012749910354614,-0.014986044727265835,0.6346063017845154,0.3675675094127655,-0.03285890445113182,0.6023111939430237,0.3947751224040985,-0.04672446474432945,0.5846316814422607,0.4278082549571991,-0.064046710729599,0.6601666212081909,0.3265492022037506,-0.06353018432855606,0.6081892848014832,0.3903385400772095,-0.08088181167840958,0.5799586176872253,0.433328777551651,-0.08633989840745926,0.561489462852478,0.46555814146995544,-0.08984891325235367,0.6863815784454346,0.35883426666259766,-0.0649295300245285,0.6274905204772949,0.4237346649169922,-0.08559650927782059,0.594062328338623,0.47094130516052246,-0.09253903478384018,0.573055624961853,0.5025966763496399,-0.09998564422130585,0.7020379900932312,0.40009865164756775,-0.06348785758018494,0.6422477960586548,0.4590717554092407,-0.08274085074663162,0.6060466766357422,0.49108025431632996,-0.08659359812736511,0.5868970155715942,0.5100125074386597,-0.09018309414386749,0.7073760032653809,0.4426945149898529,-0.06128782406449318,0.6569373607635498,0.48007163405418396,-0.07899872213602066,0.6242801547050476,0.49589699506759644,-0.08279779553413391,0.6048046946525574,0.5049196481704712,-0.0856943130493164,Left,0.9913790225982666
7412,102,1,0.3417043685913086,0.4132889211177826,4.222349616611609e-07,0.3789450228214264,0.3723055124282837,-0.010089971125125885,0.42440265417099,0.3744238615036011,-0.020264243707060814,0.459659218788147,0.40041831135749817,-0.0246132705360651,0.4811312258243561,0.4224355220794678,-0.028462231159210205,0.41226717829704285,0.38126397132873535,-0.05681496486067772,0.4729064106941223,0.4021000564098358,-0.07521004229784012,0.5120208263397217,0.41820982098579407,-0.0833853930234909,0.5415762066841125,0.4315721392631531,-0.0867224931716919,0.3991294801235199,0.42871639132499695,-0.05472593009471893,0.4647705852985382,0.46548473834991455,-0.07064224779605865,0.5061943531036377,0.48251572251319885,-0.07471827417612076,0.5376741886138916,0.4924442172050476,-0.07715252041816711,0.39327865839004517,0.4659237861633301,-0.04927310347557068,0.45462214946746826,0.5000993013381958,-0.05954606086015701,0.49279913306236267,0.5019842386245728,-0.05968631058931351,0.516965389251709,0.49751991033554077,-0.05847584083676338,0.394037127494812,0.4884735643863678,-0.04316879063844681,0.44572341442108154,0.5065332055091858,-0.04805425927042961,0.475233256816864,0.5023084878921509,-0.045152124017477036,0.4945402145385742,0.4945474863052368,-0.04176592826843262,Right,0.9952600002288818
7485,103,0,0.7186092138290405,0.39682480692863464,-1.6371875233289757e-07,0.6729304790496826,0.36982452869415283,-0.018870150670409203,0.6281787753105164,0.3733524680137634,-0.04008423164486885,0.5910519361495972,0.4103025496006012,-0.05639690160751343,0.5670874714851379,0.4450196921825409,-0.07557522505521774,0.6619748473167419,0.32627907395362854,-0.06875895708799362,0.6094906330108643,0.38645899295806885,-0.08934535086154938,0.5791109204292297,0.4274902045726776,-0.09877979755401611,0.5583487153053284,0.46034103631973267,-0.1051885262131691,0.6885777711868286,0.3623521625995636,-0.06841588020324707,0.6299354434013367,0.4256265461444855,-0.09208319336175919,0.5933653116226196,0.4680219292640686,-0.10159643739461899,0.5686324834823608,0.4980686902999878,-0.11133341491222382,0.7044963836669922,0.40539559721946716,-0.06549622863531113,0.6443906426429749,0.4625851809978485,-0.08625319600105286,0.6062766313552856,0.4882374107837677,-0.08997776359319687,0.5851653218269348,0.5045635104179382,-0.09362859278917313,0.7089669108390808,0.44831863045692444,-0.062164295464754105,0.655984103679657,0.479875773191452,-0.08060681074857712,0.6219138503074646,0.4901946485042572,-0.08446794003248215,0.6023118495941162,0.495399534702301,-0.08763466775417328,Left,0.9840893149375916
7485,103,1,0.3429013192653656,0.41295766830444336,4.000389424163586e-07,0.3817777633666992,0.3705938160419464,-0.010630548000335693,0.42934682965278625,0.37368008494377136,-0.020952101796865463,0.46629250049591064,0.39734137058258057,-0.025150248780846596,0.4899589419364929,0.4168669283390045,-0.028877414762973785,0.4127737879753113,0.3817567527294159,-0.05963612347841263,0.47143080830574036,0.4024254083633423,-0.07911526411771774,0.5115026235580444,0.4174441397190094,-0.08776814490556717,0.5418617129325867,0.43058499693870544,-0.09141434729099274,0.3996695876121521,0.42866382002830505,-0.05713163688778877,0.4647095203399658,0.4672360420227051,-0.0735800638794899,0.5068554282188416,0.48232826590538025,-0.07691922038793564,0.5380271673202515,0.4904904365539551,-0.07888767123222351,0.3938430845737457,0.4650273025035858,-0.05121077969670296,0.45634177327156067,0.5017493963241577,-0.06200512871146202,0.49590012431144714,0.501986563205719,-0.06144263222813606,0.5199520587921143,0.49499112367630005,-0.059596672654151917,0.3938920795917511,0.4862253963947296,-0.044636428356170654,0.44729021191596985,0.5090526342391968,-0.05042648687958717,0.47841984033584595,0.5056821703910828,-0.047766268253326416,0.497933566570282,0.4972653388977051,-0.04436127841472626,Right,0.9970016479492188
7559,104,0,0.7200985550880432,0.39413201808929443,-1.2401648064042092e-07,0.6804425716400146,0.36178621649742126,-0.013990001752972603,0.6407904624938965,0.36240527033805847,-0.0335325263440609,0.6074866652488708,0.4002397358417511,-0.04900245741009712,0.589844286441803,0.4383124113082886,-0.06741346418857574,0.6664938926696777,0.3295193612575531,-0.06459851562976837,0.6111289858818054,0.38951823115348816,-0.08484961092472076,0.5801055431365967,0.4294370710849762,-0.0933576375246048,0.5596296787261963,0.4602082371711731,-0.09822438657283783,0.6932858228683472,0.36715102195739746,-0.06642583757638931,0.6339410543441772,0.4276999533176422,-0.08722951263189316,0.5952929854393005,0.4611136317253113,-0.09230412542819977,0.5702530145645142,0.48573073744773865,-0.09795541316270828,0.708605945110321,0.4100753664970398,-0.06576959788799286,0.6484718322753906,0.46199995279312134,-0.08333286643028259,0.6094388961791992,0.48062995076179504,-0.08191724121570587,0.5874282121658325,0.4918162524700165,-0.08109097182750702,0.712388813495636,0.45092397928237915,-0.06470485031604767,0.658747673034668,0.47979462146759033,-0.08055955171585083,0.6250656247138977,0.48598504066467285,-0.08059162646532059,0.6048670411109924,0.4884951114654541,-0.07990032434463501,Left,0.9921568632125854
7559,104,1,0.34279853105545044,0.4117855429649353,3.871240892294736e-07,0.3812876045703888,0.36955776810646057,-0.010758028365671635,0.4294893741607666,0.37370821833610535,-0.02055833861231804,0.4672090411186218,0.39773106575012207,-0.02421075664460659,0.4917941689491272,0.4155120849609375,-0.027354273945093155,0.41285306215286255,0.3821409046649933,-0.05778179317712784,0.47146666049957275,0.4025231599807739,-0.07602763921022415,0.511485755443573,0.4169745445251465,-0.08361847698688507,0.5417331457138062,0.42915380001068115,-0.08659915626049042,0.3995981216430664,0.4286766052246094,-0.05524999648332596,0.4641077220439911,0.4678628742694855,-0.070985808968544,0.5055365562438965,0.48355090618133545,-0.07402326166629791,0.5361786484718323,0.4914802312850952,-0.07566037029027939,0.39362213015556335,0.46453484892845154,-0.04944610595703125,0.4551844000816345,0.5016089677810669,-0.06024307757616043,0.49495595693588257,0.5032451152801514,-0.06022758036851883,0.5199170112609863,0.496480256319046,-0.05872183293104172,0.3935454189777374,0.48564064502716064,-0.04294310882687569,0.4464259445667267,0.5076878070831299,-0.04888835549354553,0.4769442677497864,0.5052122473716736,-0.046545080840587616,0.49665987491607666,0.49704480171203613,-0.04338286444544792,Right,0.9974498748779297
7632,105,0,0.7203438878059387,0.3944905698299408,-4.9465612050880736e-08,0.6837322115898132,0.35814088582992554,-0.017360465601086617,0.6430590152740479,0.3580611050128937,-0.03847609460353851,0.6080747842788696,0.39615458250045776,-0.05465417355298996,0.5888724327087402,0.43478381633758545,-0.0736839547753334,0.6685522794723511,0.3355962634086609,-0.06795884668827057,0.6137562394142151,0.39294278621673584,-0.08778415620326996,0.5821985602378845,0.4298577308654785,-0.09690863639116287,0.5614157915115356,0.45767927169799805,-0.10247980803251266,0.6942234635353088,0.3744560778141022,-0.06771884113550186,0.6341404914855957,0.43448832631111145,-0.08776853233575821,0.5941124558448792,0.4642443358898163,-0.09451168775558472,0.5684245824813843,0.48345306515693665,-0.1019974872469902,0.7081636190414429,0.41564664244651794,-0.06491047888994217,0.6480835676193237,0.46729177236557007,-0.08070847392082214,0.608051061630249,0.48412251472473145,-0.08182309567928314,0.5860450863838196,0.49257636070251465,-0.08358163386583328,0.7107709646224976,0.45279461145401,-0.06193235516548157,0.6584345102310181,0.48190903663635254,-0.0753863975405693,0.6248981952667236,0.48754173517227173,-0.07616082578897476,0.6055668592453003,0.48904258012771606,-0.07695925980806351,Left,0.9881660342216492
7632,105,1,0.34232473373413086,0.411856472492218,3.8229438814596506e-07,0.3803769052028656,0.37003394961357117,-0.011239180341362953,0.4286256730556488,0.3746137022972107,-0.021065352484583855,0.46708035469055176,0.39752259850502014,-0.02466733381152153,0.4927525818347931,0.4148423373699188,-0.02765786275267601,0.411737322807312,0.3833395540714264,-0.05814326927065849,0.470892995595932,0.4019463062286377,-0.07675101608037949,0.5118141174316406,0.4161054193973541,-0.08454398810863495,0.5429090261459351,0.4284636974334717,-0.08770062774419785,0.3987538516521454,0.42957019805908203,-0.055372726172208786,0.46294263005256653,0.46835312247276306,-0.07128509879112244,0.5047484636306763,0.48373523354530334,-0.07438052445650101,0.5360719561576843,0.49175673723220825,-0.07603401690721512,0.39305591583251953,0.4650386571884155,-0.04938468709588051,0.4538816809654236,0.502741277217865,-0.06021193042397499,0.4933304786682129,0.5045212507247925,-0.05995430797338486,0.5181276202201843,0.49820518493652344,-0.05820004642009735,0.39356932044029236,0.4852761924266815,-0.042773161083459854,0.4460966885089874,0.5071386098861694,-0.04884180799126625,0.476495623588562,0.5044029355049133,-0.04650088772177696,0.49614524841308594,0.49649330973625183,-0.04322393611073494,Right,0.997806966304779
7708,106,0,0.7247942686080933,0.395679771900177,-3.790041702700364e-08,0.6867036819458008,0.35884591937065125,-0.017033567652106285,0.6407656073570251,0.3600074052810669,-0.0384826622903347,0.6031003594398499,0.3994297683238983,-0.05452998727560043,0.5799270272254944,0.43821269273757935,-0.07296974211931229,0.66665118932724,0.3355174660682678,-0.07060030847787857,0.6124398708343506,0.39441078901290894,-0.09131763130426407,0.5808473825454712,0.432396799325943,-0.10074447095394135,0.5602596402168274,0.46008428931236267,-0.10648062080144882,0.6931682229042053,0.3735736012458801,-0.07039928436279297,0.6353994011878967,0.4368475079536438,-0.09180030226707458,0.5967143774032593,0.4661102890968323,-0.0989498645067215,0.5721044540405273,0.48312875628471375,-0.10629536211490631,0.7078262567520142,0.4140763580799103,-0.06728038936853409,0.6482477188110352,0.4679246246814728,-0.08385420590639114,0.6100552678108215,0.48502832651138306,-0.08430450409650803,0.5890206098556519,0.4925438165664673,-0.08509720116853714,0.7113451361656189,0.4521946609020233,-0.06379964202642441,0.6582179665565491,0.4826156198978424,-0.07749845832586288,0.6256343126296997,0.48867422342300415,-0.07798126339912415,0.606870174407959,0.4879309833049774,-0.07807090133428574,Left,0.9961906671524048
7708,106,1,0.34201887249946594,0.41222095489501953,3.750633652543911e-07,0.3788621723651886,0.3705022931098938,-0.010730392299592495,0.4231034219264984,0.3737066388130188,-0.02094542421400547,0.4580450654029846,0.39513716101646423,-0.02530607208609581,0.47964659333229065,0.41331416368484497,-0.02940274029970169,0.4112468957901001,0.3838474154472351,-0.058419667184352875,0.4726678729057312,0.39998188614845276,-0.07729312032461166,0.5128823518753052,0.4119274616241455,-0.08534923195838928,0.5439134836196899,0.42221799492836,-0.08872335404157639,0.39890697598457336,0.4304744303226471,-0.055903494358062744,0.4623716175556183,0.4676230847835541,-0.07266566902399063,0.5025238394737244,0.4825957715511322,-0.07632014155387878,0.532926619052887,0.49048763513565063,-0.07810357213020325,0.3935198187828064,0.4656336307525635,-0.0501069538295269,0.454397976398468,0.49941104650497437,-0.06187010183930397,0.4939349889755249,0.5013725757598877,-0.0625062957406044,0.5188969373703003,0.49556347727775574,-0.06108715757727623,0.3942611515522003,0.48561760783195496,-0.04353037104010582,0.4473620653152466,0.5051708221435547,-0.05035269632935524,0.47818636894226074,0.5019547939300537,-0.048465434461832047,0.49833518266677856,0.49428823590278625,-0.04529703035950661,Right,0.9976509213447571
7782,107,0,0.7371642589569092,0.40254491567611694,1.6435750538335014e-08,0.7011770009994507,0.35769134759902954,-0.015065459534525871,0.6543231010437012,0.3530544936656952,-0.034254297614097595,0.6151710152626038,0.3888286352157593,-0.04850270226597786,0.5919438600540161,0.4285672903060913,-0.06514011323451996,0.6756472587585449,0.3466813862323761,-0.06538241356611252,0.6153407692909241,0.39826062321662903,-0.08614156395196915,0.5821231603622437,0.4314457178115845,-0.09690405428409576,0.5592308640480042,0.45482370257377625,-0.10290109366178513,0.6986415386199951,0.38944312930107117,-0.06542868167161942,0.6355112195014954,0.4446442127227783,-0.08577948808670044,0.5937836766242981,0.4656175673007965,-0.0933585986495018,0.5679981112480164,0.4765380024909973,-0.09990986436605453,0.7098875641822815,0.43018314242362976,-0.06269408762454987,0.6446285843849182,0.474803626537323,-0.07707586884498596,0.6051216125488281,0.4843572974205017,-0.07792220264673233,0.5825629830360413,0.48652777075767517,-0.07804887741804123,0.7111467123031616,0.4633358120918274,-0.05962164327502251,0.6560342311859131,0.48546209931373596,-0.06898295134305954,0.6230645179748535,0.4873916208744049,-0.06737513095140457,0.6035657525062561,0.48529502749443054,-0.06562650203704834,Left,0.9972410798072815
7782,107,1,0.34067070484161377,0.41229522228240967,3.6165181427350035e-07,0.377553254365921,0.3675125539302826,-0.012415572069585323,0.4224339425563812,0.36839234828948975,-0.02314004674553871,0.4578079581260681,0.39078253507614136,-0.027763521298766136,0.479449599981308,0.4112452566623688,-0.031856145709753036,0.4087772071361542,0.37953153252601624,-0.0596703439950943,0.4677489399909973,0.393647700548172,-0.07949217408895493,0.5081810355186462,0.4043528139591217,-0.08760551363229752,0.5391322374343872,0.4143470525741577,-0.0907885730266571,0.39743709564208984,0.42730873823165894,-0.05683763697743416,0.45930778980255127,0.4609619379043579,-0.07499272376298904,0.5008846521377563,0.47395986318588257,-0.07797884941101074,0.5320550799369812,0.4811183214187622,-0.07885737717151642,0.3925532400608063,0.4631790816783905,-0.05109468102455139,0.45136308670043945,0.4952789545059204,-0.064498670399189,0.4915524125099182,0.49606430530548096,-0.06453127413988113,0.5168542265892029,0.4890122413635254,-0.06199045479297638,0.39270561933517456,0.4839833676815033,-0.044791728258132935,0.44521769881248474,0.5048063397407532,-0.052584849298000336,0.4769766330718994,0.500964879989624,-0.05036165565252304,0.49674707651138306,0.4911254346370697,-0.046593401581048965,Right,0.9961866140365601
7852,108,0,0.7495874166488647,0.40595951676368713,1.8186381112172967e-07,0.7097242474555969,0.35928380489349365,-0.017821788787841797,0.6543043255805969,0.3691730499267578,-0.03328973054885864,0.6099745035171509,0.4012244939804077,-0.04224871098995209,0.5775531530380249,0.41868066787719727,-0.05159715563058853,0.6811534762382507,0.3679121136665344,-0.06359098851680756,0.620137095451355,0.41661491990089417,-0.08307519555091858,0.5832226276397705,0.4415048658847809,-0.09011934697628021,0.5555640459060669,0.45781245827674866,-0.09280920028686523,0.6970826983451843,0.41264858841896057,-0.05913534760475159,0.6312006115913391,0.4615193009376526,-0.07908943295478821,0.588692843914032,0.46842992305755615,-0.08157920092344284,0.5618964433670044,0.46726933121681213,-0.081733837723732,0.7037373185157776,0.4498128592967987,-0.05251698940992355,0.6364344954490662,0.487621009349823,-0.06495223194360733,0.6000060439109802,0.4834100306034088,-0.06252036988735199,0.5796474814414978,0.4723932147026062,-0.058447305113077164,0.7040717005729675,0.4763782024383545,-0.04611646384000778,0.6474165320396423,0.4988844692707062,-0.05336084961891174,0.6183172464370728,0.4931492805480957,-0.051398228853940964,0.6023012399673462,0.4807247519493103,-0.04805552586913109,Left,0.9993550777435303
7852,108,1,0.3421192467212677,0.4111219644546509,3.9695888176538574e-07,0.3787690997123718,0.3678528368473053,-0.011529739014804363,0.4243612587451935,0.3680514097213745,-0.022174088284373283,0.4600165784358978,0.3898822069168091,-0.026724789291620255,0.48251286149024963,0.40801361203193665,-0.03079240769147873,0.4082762598991394,0.37663716077804565,-0.05943269655108452,0.46790093183517456,0.39337751269340515,-0.07708688080310822,0.5067786574363708,0.40812236070632935,-0.08293488621711731,0.5363110899925232,0.42118167877197266,-0.08443985879421234,0.3949275314807892,0.42404258251190186,-0.05723235383629799,0.45780515670776367,0.46006208658218384,-0.0745123103260994,0.49938058853149414,0.4739397168159485,-0.07750222831964493,0.5302443504333496,0.4808265268802643,-0.07839025557041168,0.3889419436454773,0.46040090918540955,-0.05169536918401718,0.4487539231777191,0.49390143156051636,-0.064611054956913,0.49053698778152466,0.49555131793022156,-0.06550444662570953,0.5176069140434265,0.48926857113838196,-0.0637848824262619,0.38902273774147034,0.482080340385437,-0.04532601311802864,0.44266650080680847,0.5015692114830017,-0.0523565411567688,0.4746420681476593,0.4981430172920227,-0.05006495863199234,0.494996041059494,0.4892130196094513,-0.04656704515218735,Right,0.9978794455528259
7920,109,0,0.7520954012870789,0.4065903425216675,3.150885561353789e-07,0.7139634490013123,0.34940969944000244,-0.022570932283997536,0.6564539074897766,0.357885479927063,-0.03539744019508362,0.6066145300865173,0.38347116112709045,-0.039574142545461655,0.5704877972602844,0.3889489471912384,-0.042923811823129654,0.6836587190628052,0.3823765814304352,-0.07120782881975174,0.6211711764335632,0.42522239685058594,-0.08807367086410522,0.5836897492408752,0.4429643154144287,-0.08978013694286346,0.5561944246292114,0.45442435145378113,-0.0882641151547432,0.6931937336921692,0.43323853611946106,-0.05979324132204056,0.6240550875663757,0.4702659845352173,-0.07547986507415771,0.5887631177902222,0.46745163202285767,-0.07015255093574524,0.5709701180458069,0.45870792865753174,-0.06447355449199677,0.6957184672355652,0.4667889177799225,-0.046065013855695724,0.632293701171875,0.4888179898262024,-0.05391349643468857,0.602372944355011,0.47519785165786743,-0.04623858258128166,0.5874381065368652,0.4594600796699524,-0.03962589055299759,0.6929556727409363,0.48434579372406006,-0.033513788133859634,0.6438382863998413,0.49375563859939575,-0.03814402222633362,0.6217823624610901,0.4811493456363678,-0.03515951707959175,0.6098315715789795,0.4666300415992737,-0.03170811012387276,Left,0.9992822408676147
7920,109,1,0.3420994281768799,0.4117265045642853,4.031037406093674e-07,0.37883132696151733,0.3664003610610962,-0.012375105172395706,0.4245431125164032,0.3643648624420166,-0.02344486489892006,0.46024203300476074,0.38757815957069397,-0.028413772583007812,0.48292210698127747,0.4061693549156189,-0.03292103111743927,0.4071432650089264,0.3724288046360016,-0.05967532843351364,0.46599671244621277,0.3930211663246155,-0.07769063860177994,0.5049501657485962,0.4087066650390625,-0.08391667157411575,0.5348504781723022,0.4214800298213959,-0.08563622087240219,0.3933764696121216,0.42048996686935425,-0.057564590126276016,0.45694831013679504,0.45582711696624756,-0.07524444907903671,0.4999125301837921,0.46940210461616516,-0.07907764613628387,0.5324094295501709,0.47576937079429626,-0.08076354116201401,0.38761937618255615,0.45853495597839355,-0.05223732069134712,0.4482836127281189,0.4918229579925537,-0.06558622419834137,0.4900762438774109,0.49332064390182495,-0.06713398545980453,0.5174915790557861,0.4863104522228241,-0.06597878038883209,0.3881221413612366,0.4824763536453247,-0.04621731489896774,0.44213995337486267,0.501369059085846,-0.05370086058974266,0.4743173122406006,0.4980202317237854,-0.052040524780750275,0.49511027336120605,0.48875126242637634,-0.049118973314762115,Right,0.9965746402740479
7989,110,0,0.7503054738044739,0.40478384494781494,4.4008157829011907e-07,0.7142336964607239,0.34702742099761963,-0.03152962401509285,0.6596297025680542,0.35733893513679504,-0.04777231067419052,0.6108518838882446,0.38305607438087463,-0.052920036017894745,0.5738198757171631,0.38121867179870605,-0.05739779397845268,0.687301754951477,0.3891981244087219,-0.08697840571403503,0.6260743737220764,0.421143114566803,-0.1061580702662468,0.5877243876457214,0.43740686774253845,-0.10767841339111328,0.5593365430831909,0.44883787631988525,-0.10624661296606064,0.6926698684692383,0.4405556619167328,-0.0705951377749443,0.6249663829803467,0.4643004536628723,-0.08592908829450607,0.5899014472961426,0.45726683735847473,-0.07848677784204483,0.5707249045372009,0.44478070735931396,-0.07214531302452087,0.69265216588974,0.47186049818992615,-0.05215596407651901,0.6314069628715515,0.48624399304389954,-0.060745641589164734,0.6021775603294373,0.46892228722572327,-0.05351492762565613,0.5864425301551819,0.44910985231399536,-0.0480920784175396,0.6883648037910461,0.4868322014808655,-0.03538549318909645,0.6408331394195557,0.49080201983451843,-0.041927117854356766,0.618023693561554,0.4750542640686035,-0.041277725249528885,0.6042044162750244,0.4574963450431824,-0.03998269885778427,Left,0.9963318705558777
7989,110,1,0.34257614612579346,0.4094947576522827,4.189469393622858e-07,0.37841829657554626,0.36357447504997253,-0.012227109633386135,0.42458778619766235,0.3619435727596283,-0.02422080747783184,0.4607390761375427,0.3851291835308075,-0.03020409308373928,0.4832267463207245,0.40507054328918457,-0.036026548594236374,0.4049512445926666,0.3699354827404022,-0.06201006844639778,0.4647541344165802,0.3910243511199951,-0.08033997565507889,0.5043309926986694,0.4065568745136261,-0.08622032403945923,0.5344500541687012,0.41864490509033203,-0.08768804371356964,0.3918435573577881,0.41843533515930176,-0.06067461520433426,0.4582201838493347,0.45138537883758545,-0.07856281101703644,0.5024800896644592,0.4627038538455963,-0.08186040818691254,0.5352646112442017,0.4667914807796478,-0.08326572179794312,0.3869525194168091,0.45731836557388306,-0.05607334524393082,0.450758695602417,0.48803070187568665,-0.06958356499671936,0.49488526582717896,0.48763740062713623,-0.07113533467054367,0.5237019062042236,0.47929972410202026,-0.07024534046649933,0.3882734477519989,0.48237454891204834,-0.05075320973992348,0.44476115703582764,0.4973149001598358,-0.05889094993472099,0.4791235029697418,0.49242374300956726,-0.057774826884269714,0.5016516447067261,0.4823262691497803,-0.05539584159851074,Right,0.9972379207611084
8056,111,0,0.7474064826965332,0.40588968992233276,5.221833703217271e-07,0.7134723663330078,0.3489409387111664,-0.033944446593523026,0.6623986959457397,0.35991156101226807,-0.051222916692495346,0.6157934069633484,0.3892088532447815,-0.05700479447841644,0.5797840356826782,0.3976156711578369,-0.0620185025036335,0.695018470287323,0.39959168434143066,-0.09030071645975113,0.6318286657333374,0.4243188202381134,-0.11017949134111404,0.5929580926895142,0.4374583959579468,-0.11228637397289276,0.5643675327301025,0.44805270433425903,-0.11150890588760376,0.7003355026245117,0.44930392503738403,-0.07404670864343643,0.6288328170776367,0.465263307094574,-0.09022665023803711,0.5891964435577393,0.457784503698349,-0.08571149408817291,0.5656355619430542,0.4468367099761963,-0.08219286054372787,0.6989153027534485,0.47926878929138184,-0.05561809986829758,0.6330728530883789,0.4883767366409302,-0.06655296683311462,0.600483238697052,0.46962547302246094,-0.06335978955030441,0.5819365978240967,0.45059406757354736,-0.06130180135369301,0.6919323801994324,0.49353379011154175,-0.038728952407836914,0.6422606110572815,0.49064064025878906,-0.048334453254938126,0.6175974607467651,0.4726758897304535,-0.050406668335199356,0.602141261100769,0.4553711712360382,-0.05137190595269203,Left,0.993084728717804
8056,111,1,0.34439051151275635,0.40898188948631287,4.3323564113961766e-07,0.38025957345962524,0.3640124201774597,-0.013117402791976929,0.4275425970554352,0.3625830113887787,-0.025272676721215248,0.4644423723220825,0.387587308883667,-0.03171897307038307,0.4874474108219147,0.4083649516105652,-0.038175057619810104,0.4070162773132324,0.3661566972732544,-0.060951072722673416,0.4671171009540558,0.3904099762439728,-0.07926666736602783,0.5055027008056641,0.4083826541900635,-0.08529122918844223,0.5347825288772583,0.42194899916648865,-0.0870310589671135,0.3940031826496124,0.41430094838142395,-0.05983341485261917,0.4593948721885681,0.4463661313056946,-0.07752317935228348,0.5028961896896362,0.4607338011264801,-0.08159134536981583,0.5355694890022278,0.46756893396377563,-0.0837974026799202,0.3878500163555145,0.45401275157928467,-0.05575646832585335,0.4497557282447815,0.4840484857559204,-0.06926742941141129,0.49180617928504944,0.4875900149345398,-0.07203386723995209,0.5200489163398743,0.48218458890914917,-0.07236332446336746,0.38830310106277466,0.48102396726608276,-0.051117051392793655,0.44271349906921387,0.4945542514324188,-0.06023525074124336,0.47651776671409607,0.49271881580352783,-0.060792211443185806,0.49965938925743103,0.4858962595462799,-0.05979553982615471,Right,0.9956220984458923
8123,112,0,0.7474486827850342,0.40505921840667725,5.823865194543032e-07,0.7112841606140137,0.34880584478378296,-0.03381308540701866,0.660146951675415,0.35775211453437805,-0.05111638456583023,0.6167677640914917,0.39067429304122925,-0.05805617943406105,0.5855368375778198,0.41463038325309753,-0.06406502425670624,0.7035523056983948,0.4032271206378937,-0.08634542673826218,0.6372203826904297,0.42877495288848877,-0.10732555389404297,0.596561849117279,0.440586656332016,-0.10989785194396973,0.5669811964035034,0.4489709436893463,-0.10904985666275024,0.7102599740028381,0.4524850845336914,-0.07191775739192963,0.6355212330818176,0.4697052240371704,-0.09024512022733688,0.5929107069969177,0.4616146385669708,-0.08723743259906769,0.5679065585136414,0.44652774930000305,-0.08412247896194458,0.7078548073768616,0.48186227679252625,-0.055861372500658035,0.639032781124115,0.4910622239112854,-0.06822704523801804,0.6040229201316833,0.4748649597167969,-0.06550806015729904,0.583538830280304,0.4564122259616852,-0.0635060966014862,0.6986628770828247,0.4957426190376282,-0.04169017821550369,0.6474112868309021,0.4925563931465149,-0.05198439583182335,0.6197655200958252,0.4759328365325928,-0.0542307011783123,0.6019607782363892,0.4599100947380066,-0.05514516308903694,Left,0.9940942525863647
8123,112,1,0.343990683555603,0.40801525115966797,4.612076622834138e-07,0.3790587782859802,0.3643192648887634,-0.01221285481005907,0.42447954416275024,0.36107224225997925,-0.02431471087038517,0.4602910280227661,0.38407444953918457,-0.031104035675525665,0.4829845428466797,0.40524017810821533,-0.03800380602478981,0.40847206115722656,0.36760684847831726,-0.05693216621875763,0.46836453676223755,0.3941751718521118,-0.0736803412437439,0.5064917802810669,0.4127184748649597,-0.07860489934682846,0.5360524654388428,0.42622193694114685,-0.07964223623275757,0.3958289325237274,0.4146237075328827,-0.05623267963528633,0.4610166847705841,0.44858503341674805,-0.07227636128664017,0.5052787065505981,0.4653857946395874,-0.0762326642870903,0.5391422510147095,0.4739167392253876,-0.07858069986104965,0.3888090252876282,0.4538111090660095,-0.052641477435827255,0.44829586148262024,0.4842061698436737,-0.06484400480985641,0.4900818467140198,0.49049699306488037,-0.06767450273036957,0.5192813277244568,0.48834285140037537,-0.06835254281759262,0.38791728019714355,0.48084428906440735,-0.04850277304649353,0.44049692153930664,0.494419127702713,-0.056456487625837326,0.47341787815093994,0.4939371943473816,-0.05658970773220062,0.4966927170753479,0.4886423647403717,-0.055561408400535583,Right,0.9946422576904297
8192,113,0,0.7490018010139465,0.40737032890319824,6.403279257938266e-07,0.7123074531555176,0.35151728987693787,-0.0344030000269413,0.6630105376243591,0.35548722743988037,-0.05249412730336189,0.6238780617713928,0.3902941942214966,-0.06035686284303665,0.5999917984008789,0.42231789231300354,-0.06705255061388016,0.7062243819236755,0.40233880281448364,-0.08593453466892242,0.6388770937919617,0.4301314055919647,-0.10953246802091599,0.5958731174468994,0.4395119249820709,-0.11424015462398529,0.5645017027854919,0.4435688853263855,-0.11408883333206177,0.7135341763496399,0.44957831501960754,-0.07214964926242828,0.6388131976127625,0.47041746973991394,-0.09340750426054001,0.5944385528564453,0.4672342836856842,-0.09238183498382568,0.5659522414207458,0.45521289110183716,-0.08985176682472229,0.7108718752861023,0.47833967208862305,-0.05699978396296501,0.6423603892326355,0.4879094362258911,-0.07150024175643921,0.606329619884491,0.4758221209049225,-0.06963252276182175,0.5838785171508789,0.46028655767440796,-0.06740554422140121,0.701233983039856,0.49337905645370483,-0.04384707286953926,0.6480133533477783,0.4922199547290802,-0.05467551574110985,0.6196826100349426,0.4786915183067322,-0.05648205429315567,0.6009160876274109,0.4642693102359772,-0.05652913823723793,Left,0.9970971941947937
8192,113,1,0.344387412071228,0.4072054624557495,4.6717218538105953e-07,0.379960298538208,0.36602991819381714,-0.012084411457180977,0.42494580149650574,0.36397236585617065,-0.024685289710760117,0.46020951867103577,0.38677069544792175,-0.03206750005483627,0.4836326539516449,0.40748608112335205,-0.03955145925283432,0.4100065231323242,0.3661298453807831,-0.058653611689805984,0.4713761508464813,0.39633092284202576,-0.07611508667469025,0.5095630288124084,0.4157550036907196,-0.0812356173992157,0.5390276312828064,0.4293464720249176,-0.08225686103105545,0.3952077031135559,0.4120590090751648,-0.058191798627376556,0.46152743697166443,0.4472361207008362,-0.07556919753551483,0.5057497024536133,0.46414241194725037,-0.07975058257579803,0.5393272638320923,0.47205549478530884,-0.08195710182189941,0.3870946764945984,0.4517570734024048,-0.054670777171850204,0.4483674168586731,0.484651118516922,-0.0678662359714508,0.490420937538147,0.4907337427139282,-0.06998968869447708,0.5198389887809753,0.4877382516860962,-0.06988941878080368,0.38600367307662964,0.479721337556839,-0.05053674802184105,0.43954551219940186,0.49327754974365234,-0.058552537113428116,0.4723290205001831,0.49225327372550964,-0.057655107229948044,0.49508142471313477,0.48633331060409546,-0.055667515844106674,Right,0.995812714099884
8257,114,0,0.7466760873794556,0.41021233797073364,6.648141379628214e-07,0.7131720185279846,0.35396772623062134,-0.03711199015378952,0.6663345098495483,0.3533906638622284,-0.057541269809007645,0.6269776225090027,0.3854270577430725,-0.0670543760061264,0.6059584617614746,0.42105525732040405,-0.07547587901353836,0.708297610282898,0.4017774760723114,-0.09296824783086777,0.6414722204208374,0.4283975064754486,-0.11911942809820175,0.5979082584381104,0.4377099275588989,-0.12544439733028412,0.5658493638038635,0.44263747334480286,-0.12625861167907715,0.7145141363143921,0.4495052099227905,-0.0785527154803276,0.6411045789718628,0.4689253866672516,-0.10246124118566513,0.5962412357330322,0.46571898460388184,-0.10252953320741653,0.5670166015625,0.45534631609916687,-0.10063367336988449,0.7106478214263916,0.47936344146728516,-0.06266819685697556,0.6430783867835999,0.48669949173927307,-0.07900301367044449,0.6064655184745789,0.47483813762664795,-0.07750280201435089,0.5829800963401794,0.4606011211872101,-0.07541980594396591,0.7000600695610046,0.4954889416694641,-0.048965517431497574,0.6476666927337646,0.4908650517463684,-0.060860756784677505,0.6199101209640503,0.47714415192604065,-0.06299056112766266,0.6014969944953918,0.46365591883659363,-0.06322290003299713,Left,0.9978901147842407
8257,114,1,0.343993216753006,0.4083426296710968,4.556219153073471e-07,0.38012707233428955,0.36708182096481323,-0.011105578392744064,0.42466920614242554,0.36490505933761597,-0.023522403091192245,0.459246426820755,0.3875633478164673,-0.03089282661676407,0.48160362243652344,0.40863335132598877,-0.03834344819188118,0.40984097123146057,0.36519289016723633,-0.05771207436919212,0.47067928314208984,0.39769166707992554,-0.07477438449859619,0.50832599401474,0.41705256700515747,-0.07980010658502579,0.5373225212097168,0.43092867732048035,-0.08097255975008011,0.3946067690849304,0.4114711284637451,-0.057589706033468246,0.4600435197353363,0.4466784596443176,-0.07483091205358505,0.502361536026001,0.4636183977127075,-0.07915634661912918,0.5341855883598328,0.4720240831375122,-0.08178356289863586,0.3866182267665863,0.45170748233795166,-0.05441305786371231,0.44844216108322144,0.4846605062484741,-0.06772103905677795,0.49053484201431274,0.4908957779407501,-0.07074890285730362,0.5206250548362732,0.488396555185318,-0.07174299657344818,0.3863314688205719,0.4796483814716339,-0.05047009512782097,0.43866050243377686,0.49387452006340027,-0.05868688225746155,0.4707714319229126,0.49382054805755615,-0.058749355375766754,0.4943203926086426,0.48949718475341797,-0.05788464844226837,Right,0.9952346682548523
8320,115,0,0.7463266849517822,0.4073457419872284,6.600910182896769e-07,0.7127562761306763,0.3534300923347473,-0.03518754243850708,0.6669020056724548,0.3559211194515228,-0.05531245097517967,0.6297398209571838,0.38877978920936584,-0.06518857181072235,0.6093966364860535,0.42424821853637695,-0.07397812604904175,0.707721471786499,0.40121763944625854,-0.08832724392414093,0.6437976360321045,0.43194615840911865,-0.11368096619844437,0.6006271243095398,0.4435487389564514,-0.1198660358786583,0.5689483284950256,0.44909703731536865,-0.12040601670742035,0.7161000967025757,0.4469999670982361,-0.0750487670302391,0.6422913670539856,0.4717291593551636,-0.09784051030874252,0.5974974632263184,0.46991509199142456,-0.09778432548046112,0.5687584280967712,0.46078014373779297,-0.09558644890785217,0.7144203782081604,0.4760417342185974,-0.0602688230574131,0.6445342302322388,0.4884651005268097,-0.07608141750097275,0.6084827780723572,0.4764102101325989,-0.07362949103116989,0.5869778990745544,0.46290847659111023,-0.07049703598022461,0.7061886191368103,0.49169906973838806,-0.047471784055233,0.6507347226142883,0.49191513657569885,-0.058220621198415756,0.6228333115577698,0.4780427813529968,-0.058534152805805206,0.6062145233154297,0.46541157364845276,-0.05732376128435135,Left,0.9955148696899414
8320,115,1,0.3454477787017822,0.40812429785728455,5.016713657823857e-07,0.3827832043170929,0.3683839440345764,-0.011525098234415054,0.4281415045261383,0.36728155612945557,-0.0244097039103508,0.4642418622970581,0.39110419154167175,-0.03230958431959152,0.4870792031288147,0.413290798664093,-0.04036936163902283,0.4127205014228821,0.3653329014778137,-0.058382946997880936,0.4733472466468811,0.4006529748439789,-0.07724805921316147,0.5119553208351135,0.42308101058006287,-0.0843304768204689,0.5411632657051086,0.4398825764656067,-0.08678079396486282,0.3971388638019562,0.41146162152290344,-0.05828752741217613,0.4609300494194031,0.44644373655319214,-0.07616356760263443,0.5039529800415039,0.46559908986091614,-0.08135019242763519,0.5359033942222595,0.4763583838939667,-0.08473294228315353,0.3886830508708954,0.4521494209766388,-0.05529692769050598,0.449291467666626,0.4844639301300049,-0.0687880665063858,0.4918174743652344,0.49271225929260254,-0.07254888117313385,0.5219859480857849,0.4919362962245941,-0.0741952508687973,0.3876672685146332,0.4812905490398407,-0.05167270079255104,0.438467413187027,0.4979860782623291,-0.06028048321604729,0.47121870517730713,0.5005402565002441,-0.06117283180356026,0.4951920211315155,0.4987139105796814,-0.06091533228754997,Right,0.9926924109458923
8384,116,0,0.7488303184509277,0.40433064103126526,6.500571316792048e-07,0.7143116593360901,0.3519521951675415,-0.03545006737112999,0.668473482131958,0.3556457459926605,-0.05593394115567207,0.6313140392303467,0.38958412408828735,-0.06577903032302856,0.6107699871063232,0.4246676564216614,-0.07462526112794876,0.7077844142913818,0.40070095658302307,-0.09126636385917664,0.64393150806427,0.4325636029243469,-0.11718753725290298,0.601321816444397,0.44453224539756775,-0.12362003326416016,0.5700942277908325,0.4506371021270752,-0.12441376596689224,0.7172643542289734,0.44570478796958923,-0.07785239815711975,0.6446408033370972,0.47202858328819275,-0.10164749622344971,0.5999909043312073,0.4714019298553467,-0.10170480608940125,0.5708342790603638,0.46250468492507935,-0.09968063235282898,0.7162379026412964,0.4741656184196472,-0.06287871301174164,0.6473990082740784,0.4881863296031952,-0.07933198660612106,0.6102678775787354,0.47699302434921265,-0.07751577347517014,0.5866739153862,0.4634053707122803,-0.07502597570419312,0.7084637880325317,0.4897233843803406,-0.04982341080904007,0.6543392539024353,0.49128469824790955,-0.06135837733745575,0.6257846355438232,0.478961706161499,-0.0627489909529686,0.606967568397522,0.466903954744339,-0.06248736381530762,Left,0.9970797896385193
8384,116,1,0.34684526920318604,0.4067336916923523,4.991795208297845e-07,0.3844018578529358,0.3677007853984833,-0.010681232437491417,0.4289785325527191,0.36686667799949646,-0.023444462567567825,0.46377167105674744,0.3908931314945221,-0.03172799199819565,0.4858155846595764,0.41323551535606384,-0.04020100459456444,0.4162819981575012,0.36244186758995056,-0.05547715350985527,0.4750220775604248,0.39990031719207764,-0.07349034398794174,0.5114436149597168,0.42287150025367737,-0.07986569404602051,0.5392952561378479,0.43976515531539917,-0.08194777369499207,0.39998364448547363,0.40744084119796753,-0.056386999785900116,0.4624497890472412,0.4458371698856354,-0.0744088888168335,0.5039483904838562,0.46614962816238403,-0.07977118343114853,0.5351390242576599,0.4773649573326111,-0.08297190070152283,0.3902870714664459,0.4479779601097107,-0.05451522767543793,0.44985222816467285,0.48204758763313293,-0.06804440170526505,0.49191147089004517,0.49159079790115356,-0.07164782285690308,0.5227694511413574,0.4920237362384796,-0.07312044501304626,0.38778072595596313,0.4780717194080353,-0.05201990157365799,0.4371930956840515,0.49635550379753113,-0.06047021597623825,0.46921607851982117,0.4996473491191864,-0.06099218130111694,0.49317342042922974,0.49842289090156555,-0.0604202039539814,Right,0.9928171634674072
8447,117,0,0.7484379410743713,0.40596720576286316,6.604812483601563e-07,0.7145978808403015,0.3527449369430542,-0.036352239549160004,0.6677489876747131,0.35370534658432007,-0.058500342071056366,0.6313127279281616,0.38988226652145386,-0.0695788711309433,0.6066482067108154,0.4186880886554718,-0.07956308871507645,0.7076332569122314,0.3845760226249695,-0.09720554947853088,0.6429877281188965,0.42224758863449097,-0.1256723403930664,0.600479781627655,0.4400404393672943,-0.13350778818130493,0.5682045817375183,0.4512210786342621,-0.13547766208648682,0.7164527177810669,0.4341672956943512,-0.08388523012399673,0.6430515050888062,0.46161237359046936,-0.10962177067995071,0.5982359051704407,0.46543052792549133,-0.10979350656270981,0.5680164098739624,0.46050411462783813,-0.10816873610019684,0.7150086760520935,0.4680973291397095,-0.06885639578104019,0.6445846557617188,0.48055168986320496,-0.08557476103305817,0.6097772121429443,0.4697760343551636,-0.08191515505313873,0.5880902409553528,0.4564615786075592,-0.07869462668895721,0.7073059678077698,0.48944708704948425,-0.05605050176382065,0.6540440320968628,0.48629438877105713,-0.06764362752437592,0.6269305944442749,0.47344130277633667,-0.06840495765209198,0.609136700630188,0.4617542028427124,-0.06800851970911026,Left,0.9979937076568604
8447,117,1,0.34502750635147095,0.40610310435295105,5.019364834879525e-07,0.38191282749176025,0.36653411388397217,-0.010607386007905006,0.42641016840934753,0.3651185631752014,-0.023554779589176178,0.4619278609752655,0.3889017701148987,-0.03192313387989998,0.4846441149711609,0.41127219796180725,-0.040455032140016556,0.41381585597991943,0.36103102564811707,-0.05607496201992035,0.4740890860557556,0.3987964391708374,-0.0736001580953598,0.5111238956451416,0.42215797305107117,-0.07936224341392517,0.5390510559082031,0.43971899151802063,-0.08090060949325562,0.3977799415588379,0.40664875507354736,-0.056593190878629684,0.46192216873168945,0.44445639848709106,-0.0732545256614685,0.5033535957336426,0.46502548456192017,-0.07723955810070038,0.5335819125175476,0.476085364818573,-0.07968249171972275,0.38835299015045166,0.4473571181297302,-0.05433064326643944,0.4486438035964966,0.4799131155014038,-0.06675535440444946,0.48976701498031616,0.4892953634262085,-0.06931134313344955,0.5186779499053955,0.4891837537288666,-0.07023978233337402,0.38622668385505676,0.47731563448905945,-0.05147605389356613,0.4365560710430145,0.4935862123966217,-0.0591205433011055,0.46805906295776367,0.4961969256401062,-0.059130359441041946,0.4907674193382263,0.4938375949859619,-0.05830644443631172,Right,0.9938918948173523
8509,118,0,0.7450117468833923,0.406301885843277,6.199314270816103e-07,0.7105196118354797,0.35508036613464355,-0.031332533806562424,0.6635929942131042,0.3567904829978943,-0.05298205837607384,0.6316503882408142,0.3935014009475708,-0.06452526152133942,0.6112068891525269,0.4242057204246521,-0.07566814869642258,0.6991342306137085,0.37495851516723633,-0.0944136530160904,0.6325218677520752,0.41926196217536926,-0.12041047215461731,0.5927914977073669,0.4381007254123688,-0.12573760747909546,0.5623459815979004,0.45170724391937256,-0.125495046377182,0.7115758061408997,0.42287373542785645,-0.08408498018980026,0.6355876326560974,0.4548514187335968,-0.10901471972465515,0.5903226137161255,0.4666353166103363,-0.10977248847484589,0.5579366683959961,0.47217857837677,-0.107976034283638,0.712999701499939,0.4592001438140869,-0.07120028138160706,0.6409080028533936,0.4758427143096924,-0.08694826811552048,0.6036842465400696,0.47446969151496887,-0.0843721479177475,0.5780095458030701,0.4713800549507141,-0.08137992769479752,0.7069500088691711,0.4843353033065796,-0.059633366763591766,0.6523304581642151,0.48587414622306824,-0.06875401735305786,0.6234329342842102,0.4766649007797241,-0.0677127093076706,0.603251576423645,0.47067248821258545,-0.06605800241231918,Left,0.9972261786460876
8509,118,1,0.34369784593582153,0.4056319296360016,4.816003524865664e-07,0.3808164894580841,0.36612027883529663,-0.010697362013161182,0.42607128620147705,0.36647334694862366,-0.022924138233065605,0.46153193712234497,0.39063385128974915,-0.030578307807445526,0.4839550256729126,0.41303035616874695,-0.03848159313201904,0.41353246569633484,0.3629477024078369,-0.05408305302262306,0.4732375144958496,0.40098685026168823,-0.06997743248939514,0.509600043296814,0.42257314920425415,-0.07447177916765213,0.53745436668396,0.4380118250846863,-0.07536991685628891,0.3974750339984894,0.4089142978191376,-0.05434982478618622,0.4599752128124237,0.4471367299556732,-0.07037784159183502,0.5010135173797607,0.4665602743625641,-0.07429658621549606,0.5320290327072144,0.476305216550827,-0.07674076408147812,0.38825523853302,0.44874799251556396,-0.051899611949920654,0.4478047490119934,0.48132437467575073,-0.06450644135475159,0.489467591047287,0.4910004138946533,-0.06801574677228928,0.5199030637741089,0.49080705642700195,-0.06948520988225937,0.38658028841018677,0.47698232531547546,-0.04877913370728493,0.436919629573822,0.49392858147621155,-0.05649586021900177,0.46840766072273254,0.4976942539215088,-0.05709058418869972,0.4914930760860443,0.49669843912124634,-0.056772876530885696,Right,0.994910717010498
8571,119,0,0.7410964369773865,0.4034118354320526,5.35308004145918e-07,0.706523060798645,0.35260099172592163,-0.02885405346751213,0.6593183875083923,0.3578185737133026,-0.04987086355686188,0.6287262439727783,0.3970358967781067,-0.060902904719114304,0.6100881695747375,0.43116965889930725,-0.07208050042390823,0.6956358551979065,0.37841200828552246,-0.09379388391971588,0.631226122379303,0.41942310333251953,-0.1182050108909607,0.592465341091156,0.4378521740436554,-0.12267668545246124,0.5627200603485107,0.45057180523872375,-0.1217646598815918,0.7092871069908142,0.42503300309181213,-0.08329300582408905,0.635635256767273,0.45809030532836914,-0.10637310892343521,0.5908663272857666,0.46914544701576233,-0.10505492240190506,0.5585423707962036,0.47334131598472595,-0.10155325382947922,0.7112977504730225,0.45915600657463074,-0.06978948414325714,0.641553521156311,0.48001039028167725,-0.0831885039806366,0.6048017740249634,0.4793863594532013,-0.07805857062339783,0.5795535445213318,0.47472119331359863,-0.07283048331737518,0.7060758471488953,0.48109012842178345,-0.05731841176748276,0.6531745195388794,0.48882314562797546,-0.06335236877202988,0.6253102421760559,0.4804309010505676,-0.05970276892185211,0.6058340072631836,0.47286728024482727,-0.056095074862241745,Left,0.9988983869552612
8571,119,1,0.3438538908958435,0.40524914860725403,4.55981933100702e-07,0.38110217452049255,0.36790165305137634,-0.010545365512371063,0.42565035820007324,0.36758744716644287,-0.02313164249062538,0.4609764516353607,0.3913089334964752,-0.03149380534887314,0.4834361672401428,0.41288936138153076,-0.04021962359547615,0.4143471419811249,0.3620344400405884,-0.05418878793716431,0.47225382924079895,0.3980848491191864,-0.07210002094507217,0.5082306861877441,0.41933637857437134,-0.07820416986942291,0.5360315442085266,0.4347980320453644,-0.08026590943336487,0.3979142904281616,0.405976802110672,-0.05549542233347893,0.4594072699546814,0.442290335893631,-0.0740186870098114,0.5004010796546936,0.461209774017334,-0.07977502793073654,0.5322827100753784,0.4708850681781769,-0.08331384509801865,0.3877670168876648,0.4456939697265625,-0.05424550548195839,0.4477398097515106,0.4771045446395874,-0.06966141611337662,0.4903973639011383,0.4877089858055115,-0.07490230351686478,0.5225616097450256,0.48811396956443787,-0.07724606990814209,0.38465753197669983,0.47529032826423645,-0.05220034345984459,0.43504729866981506,0.4924582540988922,-0.06273915618658066,0.4681869149208069,0.4966520667076111,-0.06509745121002197,0.49380114674568176,0.49560537934303284,-0.06580937653779984,Right,0.9924394488334656
8633,120,0,0.739211916923523,0.40707361698150635,6.130379119895224e-07,0.7072985172271729,0.3551170527935028,-0.03365028277039528,0.6638288497924805,0.35761910676956177,-0.057446736842393875,0.6332560181617737,0.3905387222766876,-0.07028663903474808,0.6138024926185608,0.4200062155723572,-0.08285406976938248,0.7011487483978271,0.38253939151763916,-0.10159135609865189,0.6363336443901062,0.422039270401001,-0.12875895202159882,0.5959527492523193,0.43572622537612915,-0.13436369597911835,0.5648936629295349,0.44529396295547485,-0.13412167131900787,0.7112619876861572,0.4289962649345398,-0.0895206481218338,0.6363725066184998,0.4601173400878906,-0.11403734982013702,0.5904852747917175,0.4664640426635742,-0.1130526140332222,0.5582559704780579,0.4677070677280426,-0.11021777242422104,0.7105970978736877,0.4628191590309143,-0.07470998913049698,0.6401484608650208,0.4804060459136963,-0.08951801806688309,0.6036312580108643,0.47515562176704407,-0.08510249108076096,0.5793662667274475,0.468204140663147,-0.08089884370565414,0.7028480172157288,0.48421257734298706,-0.06138818338513374,0.6502076983451843,0.48720645904541016,-0.06962864845991135,0.6213083863258362,0.47616875171661377,-0.06776753813028336,0.6012192964553833,0.46818840503692627,-0.06566028296947479,Left,0.997103750705719
8633,120,1,0.3441120982170105,0.40103840827941895,5.115951466905244e-07,0.38169801235198975,0.36432895064353943,-0.01034209318459034,0.42669737339019775,0.36354994773864746,-0.023282425478100777,0.46169987320899963,0.38639509677886963,-0.03198881819844246,0.4840036630630493,0.40767455101013184,-0.040989164263010025,0.41729679703712463,0.3528583347797394,-0.054878223687410355,0.47444093227386475,0.3917703628540039,-0.07307053357362747,0.5104355812072754,0.4155339300632477,-0.08032093197107315,0.5379546880722046,0.4333268105983734,-0.08316318690776825,0.39932262897491455,0.39606374502182007,-0.056319281458854675,0.46092966198921204,0.43498650193214417,-0.07483596354722977,0.5022629499435425,0.4561287462711334,-0.08085232973098755,0.5340270400047302,0.4678378403186798,-0.08455470949411392,0.38807716965675354,0.43685173988342285,-0.05496777966618538,0.447448194026947,0.471408873796463,-0.06837679445743561,0.4889706075191498,0.48087525367736816,-0.07174760848283768,0.5195886492729187,0.4803919494152069,-0.07320301979780197,0.38379061222076416,0.46849802136421204,-0.05308491736650467,0.43347835540771484,0.4878683090209961,-0.061009231954813004,0.46414318680763245,0.49013471603393555,-0.060961537063121796,0.4868493378162384,0.4875350296497345,-0.06007570028305054,Right,0.9950860738754272
8696,121,0,0.7424290776252747,0.4012407958507538,5.559924716180831e-07,0.7061136364936829,0.3568337559700012,-0.027210284024477005,0.660317063331604,0.3632945418357849,-0.048586465418338776,0.62921142578125,0.39740508794784546,-0.06056193262338638,0.6079314351081848,0.42662790417671204,-0.07236664742231369,0.6942460536956787,0.3608439266681671,-0.09508170932531357,0.6320602893829346,0.4048248827457428,-0.12244907766580582,0.5952866077423096,0.42729833722114563,-0.12883415818214417,0.5662176609039307,0.4445940852165222,-0.12913064658641815,0.7072933912277222,0.4062539339065552,-0.08685927093029022,0.6361567378044128,0.4418145418167114,-0.11398810893297195,0.5909596681594849,0.4587037265300751,-0.11508630961179733,0.5565203428268433,0.46844401955604553,-0.11316287517547607,0.7095368504524231,0.4454735219478607,-0.07563941925764084,0.6406401991844177,0.46684530377388,-0.09280183166265488,0.6045106053352356,0.4656792879104614,-0.0892241895198822,0.5798125267028809,0.46131759881973267,-0.08468832075595856,0.7039046287536621,0.4749552011489868,-0.06526922434568405,0.6509028673171997,0.4789377450942993,-0.07395575195550919,0.6250401735305786,0.46881726384162903,-0.07114829868078232,0.6077015995979309,0.46050673723220825,-0.06786220520734787,Left,0.9977095127105713
8696,121,1,0.34423956274986267,0.40070101618766785,4.999027964913694e-07,0.3822035789489746,0.3605652451515198,-0.009472515434026718,0.42720064520835876,0.35936418175697327,-0.021725287660956383,0.4617958664894104,0.38355475664138794,-0.02969791181385517,0.48300042748451233,0.40644368529319763,-0.03791871666908264,0.41546204686164856,0.35348570346832275,-0.05272272974252701,0.473105251789093,0.39258477091789246,-0.06818884611129761,0.5096124410629272,0.4141223132610321,-0.07341188937425613,0.5374293923377991,0.4297631084918976,-0.07488996535539627,0.39797088503837585,0.3985247313976288,-0.053379371762275696,0.4611700773239136,0.436716228723526,-0.0671810731291771,0.5018821954727173,0.45535823702812195,-0.06973527371883392,0.5316202044487,0.46537378430366516,-0.0716000571846962,0.38733193278312683,0.4389484226703644,-0.05121925473213196,0.44728076457977295,0.4715535640716553,-0.060686659067869186,0.4872710108757019,0.4780381917953491,-0.06109679490327835,0.5145389437675476,0.47642990946769714,-0.060965679585933685,0.3839176297187805,0.46968045830726624,-0.0486692413687706,0.434099406003952,0.4837191700935364,-0.0537131205201149,0.46410155296325684,0.4828076958656311,-0.0517890602350235,0.4843565821647644,0.47803932428359985,-0.04978492856025696,Right,0.9961280226707458
8756,122,0,0.7317885756492615,0.40688592195510864,3.299179525129148e-07,0.6966023445129395,0.366994172334671,-0.020502805709838867,0.6506375670433044,0.36766254901885986,-0.041066769510507584,0.6151314973831177,0.4005822241306305,-0.054898958653211594,0.5924522280693054,0.4286581575870514,-0.07006488740444183,0.6731268763542175,0.34341275691986084,-0.07719499617815018,0.6167217493057251,0.39307230710983276,-0.10044985264539719,0.5851863026618958,0.4236443042755127,-0.10874944180250168,0.5602322220802307,0.4463568329811096,-0.11195378750562668,0.692224383354187,0.38468292355537415,-0.07505512982606888,0.626750111579895,0.43498876690864563,-0.09870435297489166,0.5858662724494934,0.4624594449996948,-0.10380150377750397,0.5550894141197205,0.47828981280326843,-0.10628513246774673,0.7009420394897461,0.4262915849685669,-0.07015553116798401,0.6348676085472107,0.46612444519996643,-0.08808918297290802,0.6003739237785339,0.47515276074409485,-0.08742770552635193,0.57677161693573,0.4765409529209137,-0.0852624848484993,0.7019858360290527,0.4628884792327881,-0.06511625647544861,0.649168848991394,0.47756341099739075,-0.07706495374441147,0.62509685754776,0.47279220819473267,-0.07484061270952225,0.6080098748207092,0.4668721556663513,-0.07183525711297989,Left,0.998809278011322
8756,122,1,0.3405476212501526,0.402430921792984,4.7261303848245007e-07,0.3765411972999573,0.3595876097679138,-0.010960081592202187,0.421641081571579,0.3571643829345703,-0.02377426065504551,0.4565834701061249,0.3809693157672882,-0.03189747408032417,0.4779926836490631,0.4037947952747345,-0.04023422300815582,0.40698298811912537,0.35294392704963684,-0.05581822246313095,0.4664885699748993,0.3892413377761841,-0.07227975130081177,0.5035742521286011,0.40975233912467957,-0.07749764621257782,0.5315479040145874,0.42514103651046753,-0.07887193560600281,0.3910423219203949,0.39985787868499756,-0.056100212037563324,0.4565286338329315,0.4351237416267395,-0.07201381772756577,0.4975436329841614,0.4516424238681793,-0.07554894685745239,0.5272464156150818,0.4596603512763977,-0.07783520966768265,0.3826196491718292,0.44112634658813477,-0.0535486675798893,0.44518688321113586,0.470793217420578,-0.06516826897859573,0.48688840866088867,0.47524744272232056,-0.06704137474298477,0.5155026912689209,0.47157755494117737,-0.0676979273557663,0.38172024488449097,0.4709315598011017,-0.050533611327409744,0.4334670305252075,0.48325952887535095,-0.057234667241573334,0.46429285407066345,0.48087796568870544,-0.05642332509160042,0.48554059863090515,0.47412770986557007,-0.05523210018873215,Right,0.9952670931816101
8816,123,0,0.7179996371269226,0.39924144744873047,1.679125887221744e-07,0.6830810308456421,0.3659207820892334,-0.025354202836751938,0.6408595442771912,0.3604644238948822,-0.05245715752243996,0.6057192087173462,0.39038434624671936,-0.07272239774465561,0.5829729437828064,0.4205402135848999,-0.09528025984764099,0.6660855412483215,0.33239099383354187,-0.08743663132190704,0.6091399192810059,0.38341039419174194,-0.11611241847276688,0.5776906609535217,0.4169330596923828,-0.13093522191047668,0.5566866993904114,0.4411076307296753,-0.1395905613899231,0.6878364086151123,0.37231993675231934,-0.08585625141859055,0.6251436471939087,0.421614408493042,-0.11542536318302155,0.583564043045044,0.4462471306324005,-0.12761951982975006,0.5568830966949463,0.46361231803894043,-0.13751555979251862,0.697374165058136,0.4141857922077179,-0.08186449855566025,0.63344407081604,0.4562474191188812,-0.1068248599767685,0.5915979146957397,0.4716038703918457,-0.11315640807151794,0.5664082765579224,0.48105588555336,-0.1170390248298645,0.6949265599250793,0.454383909702301,-0.07770992815494537,0.64003586769104,0.47200992703437805,-0.09719360619783401,0.6079707145690918,0.4721301794052124,-0.10205163061618805,0.5874375104904175,0.4694036841392517,-0.10523886233568192,Left,0.9975335001945496
8816,123,1,0.33984375,0.4011131823062897,4.6327343738994387e-07,0.37492823600769043,0.3590385615825653,-0.011101730167865753,0.42047515511512756,0.3554365336894989,-0.023891638964414597,0.4573347866535187,0.3766903579235077,-0.03216685727238655,0.48055487871170044,0.39620742201805115,-0.04099356383085251,0.4060051143169403,0.3501688838005066,-0.05648638680577278,0.46522173285484314,0.38136494159698486,-0.0741577073931694,0.5025904774665833,0.4011232256889343,-0.08031917363405228,0.5316652655601501,0.41554173827171326,-0.08271678537130356,0.39110344648361206,0.39553502202033997,-0.05788285657763481,0.4545942544937134,0.4239019453525543,-0.07647450268268585,0.49762097001075745,0.4402315616607666,-0.08278360217809677,0.5309092998504639,0.4477168917655945,-0.08702907711267471,0.382719486951828,0.43689605593681335,-0.05661201849579811,0.4428325891494751,0.4637094736099243,-0.07219811528921127,0.48778095841407776,0.47139880061149597,-0.0789608433842659,0.5217233300209045,0.4692862629890442,-0.0827493667602539,0.3810276687145233,0.4684239327907562,-0.054502200335264206,0.4320391118526459,0.479112446308136,-0.06552030891180038,0.46451735496520996,0.4788641333580017,-0.06885704398155212,0.48920655250549316,0.4746948182582855,-0.07061360776424408,Right,0.9938793182373047
8875,124,0,0.7089153528213501,0.3995620906352997,-1.3632561746135252e-09,0.6757766008377075,0.3674035370349884,-0.0251271091401577,0.6348955631256104,0.36060890555381775,-0.051470041275024414,0.5982717871665955,0.3882113993167877,-0.0703272819519043,0.5716150999069214,0.41660821437835693,-0.09128358215093613,0.6646983623504639,0.33038005232810974,-0.08890776336193085,0.6071103811264038,0.38299423456192017,-0.11191469430923462,0.5751644372940063,0.41740623116493225,-0.11984287202358246,0.5549213886260986,0.4450113773345947,-0.12438111752271652,0.6860354542732239,0.36938485503196716,-0.08549951761960983,0.6225177645683289,0.4214697480201721,-0.11099245399236679,0.5822161436080933,0.44998621940612793,-0.11940498650074005,0.5567008852958679,0.47129297256469727,-0.1278855949640274,0.6948394179344177,0.4103897511959076,-0.07896183431148529,0.6318849325180054,0.45447540283203125,-0.10014043748378754,0.5907711982727051,0.4717112183570862,-0.10422562807798386,0.5675154328346252,0.48310625553131104,-0.10787264257669449,0.6922873854637146,0.4488125443458557,-0.07214369624853134,0.6362226605415344,0.47268372774124146,-0.09053418040275574,0.6019632816314697,0.47953155636787415,-0.09522844105958939,0.5811019539833069,0.483171284198761,-0.09879307448863983,Left,0.9984608888626099
8875,124,1,0.34383341670036316,0.39812108874320984,5.251348511592369e-07,0.37705016136169434,0.3568495810031891,-0.011565778404474258,0.4210700988769531,0.350258469581604,-0.025036273524165154,0.45762544870376587,0.3685666024684906,-0.03414789214730263,0.48138687014579773,0.38899537920951843,-0.04373731091618538,0.4077886641025543,0.3419882655143738,-0.05664101243019104,0.46872881054878235,0.37331774830818176,-0.07547995448112488,0.5066447257995605,0.39356353878974915,-0.08260047435760498,0.5358266830444336,0.40900111198425293,-0.08537319302558899,0.3943529725074768,0.3864682614803314,-0.05825153365731239,0.46032318472862244,0.4133661985397339,-0.07732206583023071,0.5050742030143738,0.4296833574771881,-0.08404567837715149,0.5394275188446045,0.4381839334964752,-0.08837851136922836,0.3868084251880646,0.4282214343547821,-0.05733993649482727,0.4466763138771057,0.45380473136901855,-0.07256106287240982,0.49018174409866333,0.4627029299736023,-0.07895126938819885,0.5229288339614868,0.46214357018470764,-0.08249828219413757,0.3851739764213562,0.46083661913871765,-0.05579504743218422,0.4345753788948059,0.471885621547699,-0.06615234911441803,0.46527332067489624,0.4729871153831482,-0.06875872611999512,0.4886277914047241,0.469910204410553,-0.06997589021921158,Right,0.992588460445404
8932,125,0,0.7114551663398743,0.4010470509529114,-1.2975237950740848e-07,0.6758707761764526,0.3684258759021759,-0.02151397615671158,0.6339645385742188,0.3609352707862854,-0.04345113784074783,0.5937712788581848,0.3838699460029602,-0.05910559743642807,0.5656077861785889,0.4073368310928345,-0.07656718045473099,0.664358377456665,0.3272688388824463,-0.07484062761068344,0.6089339256286621,0.3797295093536377,-0.09341447800397873,0.5771688222885132,0.41467520594596863,-0.09824960678815842,0.5563291907310486,0.4424126148223877,-0.10112802684307098,0.6842644214630127,0.3656836152076721,-0.07157555222511292,0.6216075420379639,0.4189835786819458,-0.0929129496216774,0.5823017358779907,0.4490462839603424,-0.09848073124885559,0.5565270185470581,0.4702877998352051,-0.10509008169174194,0.693579375743866,0.4079933166503906,-0.06549055874347687,0.6321010589599609,0.45382410287857056,-0.08438295871019363,0.5916757583618164,0.46969112753868103,-0.08593829721212387,0.5682652592658997,0.479593962430954,-0.08789584040641785,0.6921885013580322,0.4482988715171814,-0.059078775346279144,0.6375956535339355,0.4748513996601105,-0.07804036885499954,0.6014582514762878,0.48311513662338257,-0.08248665183782578,0.5789482593536377,0.4879706799983978,-0.085300974547863,Left,0.9948258399963379
8932,125,1,0.3454626798629761,0.3966130018234253,5.195225867282716e-07,0.37949973344802856,0.3551912009716034,-0.010586042888462543,0.4233623743057251,0.34802407026290894,-0.023470081388950348,0.4593521058559418,0.366395503282547,-0.032255083322525024,0.4820948839187622,0.3840620517730713,-0.04142434149980545,0.41009846329689026,0.3412117063999176,-0.053922202438116074,0.46936270594596863,0.3720587491989136,-0.07120934128761292,0.5070122480392456,0.3915364742279053,-0.07761968672275543,0.5363531112670898,0.4057607054710388,-0.07997848093509674,0.39659181237220764,0.386863112449646,-0.055470291525125504,0.4612374007701874,0.41357266902923584,-0.07267522811889648,0.5056202411651611,0.42858296632766724,-0.07818936556577682,0.5399084687232971,0.43602868914604187,-0.08195867389440536,0.3891359567642212,0.42841842770576477,-0.05458231270313263,0.44886699318885803,0.4544561207294464,-0.06865548342466354,0.4924108386039734,0.4618927240371704,-0.07400507479906082,0.5244600772857666,0.46117478609085083,-0.07673253864049911,0.38796159625053406,0.4606608748435974,-0.053090307861566544,0.43841788172721863,0.4695616662502289,-0.06228790804743767,0.4697028696537018,0.46803992986679077,-0.0642687976360321,0.49257463216781616,0.46391117572784424,-0.06506140530109406,Right,0.9944161772727966
8990,126,0,0.7070119380950928,0.3997287452220917,-1.1669887101106724e-07,0.6717756986618042,0.3606325685977936,-0.024846144020557404,0.6286892890930176,0.3523861765861511,-0.048754386603832245,0.5892332196235657,0.38081082701683044,-0.0657268539071083,0.5625165700912476,0.407733678817749,-0.08491236716508865,0.6702926158905029,0.32974788546562195,-0.08019828796386719,0.6117910742759705,0.3805493116378784,-0.10156770795583725,0.5769020318984985,0.41429024934768677,-0.10982104390859604,0.5546510815620422,0.44071149826049805,-0.1146421730518341,0.6895779967308044,0.37115180492401123,-0.07530710846185684,0.6242198944091797,0.42233631014823914,-0.09809070080518723,0.5810748338699341,0.44938409328460693,-0.10603400319814682,0.5527487397193909,0.46941614151000977,-0.11442989856004715,0.6972874402999878,0.4125625193119049,-0.06752996146678925,0.6329926252365112,0.45645833015441895,-0.08588279038667679,0.5909973978996277,0.46821245551109314,-0.08856561034917831,0.5668743848800659,0.4756624102592468,-0.09149864315986633,0.6939449906349182,0.4493536949157715,-0.0598030611872673,0.6384333968162537,0.4718785285949707,-0.07647354155778885,0.6010584831237793,0.4765542149543762,-0.08026973158121109,0.5784740447998047,0.4797259569168091,-0.08321982622146606,Left,0.9939215779304504
8990,126,1,0.34667325019836426,0.39604970812797546,5.064573542767903e-07,0.37967801094055176,0.3520164489746094,-0.009120717644691467,0.42321330308914185,0.3449321389198303,-0.021144606173038483,0.45861026644706726,0.36589306592941284,-0.029210835695266724,0.48076170682907104,0.3868022561073303,-0.037762220948934555,0.4112786054611206,0.3376573324203491,-0.052620287984609604,0.47112029790878296,0.3681946098804474,-0.06936181336641312,0.5083845853805542,0.38871821761131287,-0.07530476152896881,0.5368344187736511,0.4039926826953888,-0.07733551412820816,0.3981824517250061,0.38331371545791626,-0.05465979874134064,0.46220409870147705,0.40927764773368835,-0.0721689984202385,0.5058293342590332,0.42617297172546387,-0.07800889760255814,0.5390880703926086,0.43459951877593994,-0.08181945234537125,0.3915378451347351,0.4252241253852844,-0.05406292527914047,0.4500058889389038,0.4503321945667267,-0.0686531513929367,0.4925094246864319,0.4588399827480316,-0.07441538572311401,0.5238977074623108,0.45854634046554565,-0.0773300752043724,0.3914263844490051,0.45767784118652344,-0.0525987483561039,0.44070032238960266,0.46504825353622437,-0.06148994714021683,0.4686196744441986,0.46245139837265015,-0.06284354627132416,0.48843634128570557,0.45737093687057495,-0.06325403600931168,Right,0.9920278191566467
9045,127,0,0.7084456086158752,0.4046558141708374,-1.9853560218052735e-07,0.6701200008392334,0.37065112590789795,-0.020273948088288307,0.6258918046951294,0.36383509635925293,-0.04164009541273117,0.5873026251792908,0.38885384798049927,-0.057384125888347626,0.5607207417488098,0.40965935587882996,-0.07567907124757767,0.6671854853630066,0.33694639801979065,-0.07195252180099487,0.6103259921073914,0.39244595170021057,-0.09241706877946854,0.5776363015174866,0.42670005559921265,-0.10023965686559677,0.5562314987182617,0.45111727714538574,-0.10427070409059525,0.6877860426902771,0.37599077820777893,-0.06960830837488174,0.6232942342758179,0.42878979444503784,-0.08872942626476288,0.5819740295410156,0.45566970109939575,-0.0933557078242302,0.5559977293014526,0.4765070974826813,-0.09949669986963272,0.6963340044021606,0.4168272614479065,-0.06474025547504425,0.6332318186759949,0.4583664536476135,-0.08104120939970016,0.5923686027526855,0.4715845584869385,-0.08040451258420944,0.5698106288909912,0.4801100492477417,-0.08092654496431351,0.6948415040969849,0.4533550441265106,-0.05978849530220032,0.6413071751594543,0.47542235255241394,-0.07582291215658188,0.6064069271087646,0.4789551794528961,-0.07708598673343658,0.5855218172073364,0.48186028003692627,-0.07748572528362274,Left,0.9877222776412964
9045,127,1,0.34634411334991455,0.3945433795452118,5.085301495455496e-07,0.37899771332740784,0.35346922278404236,-0.011073512025177479,0.4233728051185608,0.34833112359046936,-0.024293608963489532,0.45946794748306274,0.36931324005126953,-0.03323087468743324,0.48230844736099243,0.38878509402275085,-0.04269961267709732,0.4099586009979248,0.338579922914505,-0.0567474290728569,0.47040030360221863,0.3708778917789459,-0.07414286583662033,0.5081303119659424,0.39126482605934143,-0.08043339103460312,0.5369345545768738,0.40629106760025024,-0.08279751241207123,0.39598143100738525,0.3842407166957855,-0.058016337454319,0.4606770873069763,0.4093623757362366,-0.0757552906870842,0.5050507187843323,0.42490193247795105,-0.08179394900798798,0.5384191274642944,0.43326932191848755,-0.08612983673810959,0.3889569044113159,0.4265039265155792,-0.056642621755599976,0.4497455060482025,0.45275768637657166,-0.0713823214173317,0.49306002259254456,0.4612544775009155,-0.07752444595098495,0.5242415070533752,0.4617519974708557,-0.08096609264612198,0.3893635869026184,0.45975393056869507,-0.054573506116867065,0.44022828340530396,0.46892133355140686,-0.0640803650021553,0.46902912855148315,0.4663071036338806,-0.0663737878203392,0.4894873797893524,0.46169131994247437,-0.06758510321378708,Right,0.993898332118988
9098,128,0,0.7047539949417114,0.4038484990596771,-1.211756028851596e-07,0.6707186698913574,0.3648853600025177,-0.017592795193195343,0.6274058222770691,0.3591570258140564,-0.03804770112037659,0.5899378657341003,0.3848547339439392,-0.05306699499487877,0.5643439888954163,0.40703293681144714,-0.07034046202898026,0.6695480942726135,0.3452506363391876,-0.06932815164327621,0.6110478639602661,0.3965349793434143,-0.08891639858484268,0.5771262645721436,0.42571407556533813,-0.09678248316049576,0.5558802485466003,0.44563165307044983,-0.10067716985940933,0.6895769834518433,0.38798287510871887,-0.06731566786766052,0.6245064735412598,0.435441792011261,-0.08522152155637741,0.5847179889678955,0.45148488879203796,-0.08751561492681503,0.5617532730102539,0.46527576446533203,-0.09119609743356705,0.6964271664619446,0.4275859594345093,-0.0625734031200409,0.63340824842453,0.46198248863220215,-0.07622818648815155,0.5984542965888977,0.46567702293395996,-0.0702892392873764,0.5815736651420593,0.4668723940849304,-0.06623098254203796,0.6931470632553101,0.46039438247680664,-0.057865213602781296,0.6387879252433777,0.4759100675582886,-0.06926097720861435,0.6095870733261108,0.4711645245552063,-0.06552684307098389,0.595184326171875,0.46629005670547485,-0.061958786100149155,Left,0.9966698884963989
9098,128,1,0.34623226523399353,0.39543384313583374,4.979076493327739e-07,0.37887609004974365,0.35306742787361145,-0.010111426003277302,0.4241180419921875,0.3469162583351135,-0.02289283275604248,0.46097472310066223,0.3678434193134308,-0.0313628725707531,0.48357120156288147,0.3879109025001526,-0.04027017578482628,0.40960070490837097,0.3391018807888031,-0.05637626349925995,0.469808429479599,0.37032753229141235,-0.07322154939174652,0.5070194005966187,0.3901732265949249,-0.07849740236997604,0.5357133746147156,0.4047195613384247,-0.08013289421796799,0.395439088344574,0.3840785324573517,-0.05786531791090965,0.4614332318305969,0.4093795418739319,-0.07539583742618561,0.5059391856193542,0.42529866099357605,-0.08057484030723572,0.53978431224823,0.4335938096046448,-0.08412138372659683,0.3886317312717438,0.4259670674800873,-0.05661150440573692,0.4504985809326172,0.4520134925842285,-0.07124938815832138,0.4934168756008148,0.4606865346431732,-0.07688222825527191,0.5243922472000122,0.4608916640281677,-0.07973969727754593,0.389425665140152,0.4593331217765808,-0.054512444883584976,0.4419058561325073,0.46812865138053894,-0.0636889636516571,0.4709002375602722,0.465584397315979,-0.06568285822868347,0.4916730225086212,0.4602864384651184,-0.06661172211170197,Right,0.9945417046546936
9152,129,0,0.7092800140380859,0.4061887562274933,-6.197937096885653e-08,0.6743311285972595,0.364963561296463,-0.013277558609843254,0.6285499930381775,0.3589620292186737,-0.029998650774359703,0.5881614685058594,0.3838277757167816,-0.04229917749762535,0.5607531666755676,0.4077797532081604,-0.05638399347662926,0.6712485551834106,0.35088080167770386,-0.05930386856198311,0.610918402671814,0.39953306317329407,-0.07740148901939392,0.5767936706542969,0.4270494878292084,-0.0860544890165329,0.5544554591178894,0.4452636241912842,-0.09064378589391708,0.6902716159820557,0.3958227336406708,-0.05922086164355278,0.6233546137809753,0.43817567825317383,-0.07554441690444946,0.5824576020240784,0.4496065378189087,-0.07914579659700394,0.5597319006919861,0.45665258169174194,-0.08364757150411606,0.6962956786155701,0.4351261556148529,-0.056584883481264114,0.6317244172096252,0.46316856145858765,-0.068202443420887,0.5964509844779968,0.46496298909187317,-0.06426967680454254,0.5795701742172241,0.4635345935821533,-0.06147642061114311,0.6925619840621948,0.4661577343940735,-0.05384187772870064,0.6375330090522766,0.4773212969303131,-0.06193515658378601,0.6082639694213867,0.4728199541568756,-0.05806199833750725,0.5938739776611328,0.46844810247421265,-0.05479573458433151,Left,0.9979248642921448
9152,129,1,0.3465925455093384,0.3954524099826813,5.014712769479956e-07,0.37943923473358154,0.3525673747062683,-0.01023346371948719,0.4242505431175232,0.3458370268344879,-0.02321172133088112,0.46087080240249634,0.36600345373153687,-0.03206226974725723,0.4833804965019226,0.38598766922950745,-0.04143515229225159,0.4090547561645508,0.3389418125152588,-0.056468695402145386,0.4695191979408264,0.36971068382263184,-0.07365633547306061,0.506452739238739,0.38886743783950806,-0.07874438166618347,0.534692645072937,0.4029001295566559,-0.08013609796762466,0.39513102173805237,0.3838963806629181,-0.05824579298496246,0.4611985385417938,0.4074627161026001,-0.07642648369073868,0.5053993463516235,0.4228966534137726,-0.08149018883705139,0.5386104583740234,0.43109235167503357,-0.08474892377853394,0.3887120485305786,0.4258911907672882,-0.05740690976381302,0.4504079222679138,0.4507749080657959,-0.0726650059223175,0.49319133162498474,0.4591560959815979,-0.0782158374786377,0.5240722298622131,0.45881620049476624,-0.08076401054859161,0.390046089887619,0.459470272064209,-0.05578352138400078,0.44317880272865295,0.4678974747657776,-0.06553824990987778,0.4733421802520752,0.4659447968006134,-0.06782953441143036,0.49492403864860535,0.4610133767127991,-0.06881392002105713,Right,0.9945374727249146
9206,130,0,0.7240620851516724,0.40552544593811035,4.791013452631887e-08,0.6862550973892212,0.36384549736976624,-0.01635994203388691,0.6347244381904602,0.36541396379470825,-0.034754808992147446,0.5922247767448425,0.38939595222473145,-0.047035038471221924,0.5625427961349487,0.40947312116622925,-0.06027786433696747,0.6745749711990356,0.3567546606063843,-0.06940098106861115,0.6122328042984009,0.4033658802509308,-0.09086626023054123,0.5768830180168152,0.429149866104126,-0.09947748482227325,0.5517489910125732,0.44686296582221985,-0.1031450554728508,0.6939663887023926,0.40038952231407166,-0.06804715096950531,0.6216451525688171,0.44260671734809875,-0.08711589872837067,0.5835500955581665,0.44870826601982117,-0.08807817846536636,0.562414824962616,0.44736573100090027,-0.08873248100280762,0.7004923224449158,0.4381219744682312,-0.06422872841358185,0.6290866136550903,0.46849745512008667,-0.0768665000796318,0.5964810848236084,0.46450188755989075,-0.07071827352046967,0.5810841917991638,0.4550091326236725,-0.06513974070549011,0.6981679797172546,0.4676953852176666,-0.060568880289793015,0.6388453245162964,0.48408475518226624,-0.06831522285938263,0.6128695607185364,0.476290762424469,-0.06301555037498474,0.6016256213188171,0.46635812520980835,-0.05798409506678581,Left,0.9986984133720398
9206,130,1,0.3460153341293335,0.3951149582862854,5.059491172687558e-07,0.3774026334285736,0.3502010405063629,-0.011024557054042816,0.42292290925979614,0.34212929010391235,-0.024382147938013077,0.4611928462982178,0.3629632890224457,-0.03332214802503586,0.48487406969070435,0.384700208902359,-0.042752768844366074,0.40547052025794983,0.3372257947921753,-0.05844304338097572,0.4669114053249359,0.3672518730163574,-0.07601485401391983,0.5045955181121826,0.3870694041252136,-0.0809178426861763,0.5331997275352478,0.4023038148880005,-0.08216916024684906,0.3930284380912781,0.38312116265296936,-0.05989309400320053,0.4600769281387329,0.40517961978912354,-0.07894095033407211,0.5047725439071655,0.42098623514175415,-0.08400924503803253,0.5381736755371094,0.429841548204422,-0.08714870363473892,0.3879387378692627,0.42591097950935364,-0.058659397065639496,0.44994139671325684,0.44780078530311584,-0.07466582953929901,0.4937283992767334,0.4559657573699951,-0.08020133525133133,0.5253918766975403,0.4556228220462799,-0.08265338093042374,0.39062222838401794,0.45936325192451477,-0.05666132643818855,0.44387075304985046,0.46487388014793396,-0.0669575035572052,0.47446632385253906,0.46094679832458496,-0.0694507509469986,0.49655091762542725,0.45460397005081177,-0.07061560451984406,Right,0.9941278696060181
9260,131,0,0.728901743888855,0.4107210040092468,1.794270900745687e-07,0.6915952563285828,0.362837553024292,-0.01751098595559597,0.6386617422103882,0.36446282267570496,-0.034057360142469406,0.5943652987480164,0.38602930307388306,-0.04313227906823158,0.5609345436096191,0.39500871300697327,-0.0522507019340992,0.6799304485321045,0.3676831126213074,-0.07364920526742935,0.618777871131897,0.40803593397140503,-0.09654303640127182,0.580342173576355,0.42958763241767883,-0.10524435341358185,0.5511356592178345,0.4480317533016205,-0.10894761979579926,0.693770170211792,0.4121359884738922,-0.06987057626247406,0.6198602914810181,0.44393858313560486,-0.0869586244225502,0.5857526659965515,0.44108083844184875,-0.08343391865491867,0.5678827166557312,0.43397489190101624,-0.08095800131559372,0.6957023739814758,0.44879457354545593,-0.06391357630491257,0.6252219676971436,0.46823057532310486,-0.07263914495706558,0.596988320350647,0.4534701704978943,-0.06284324079751968,0.5839367508888245,0.4366582930088043,-0.05600755289196968,0.6917220950126648,0.47640934586524963,-0.05881057679653168,0.6357179284095764,0.48526936769485474,-0.0636322870850563,0.6146413683891296,0.4677351117134094,-0.057280100882053375,0.6051175594329834,0.4513331353664398,-0.05251794308423996,Left,0.9995511174201965
9260,131,1,0.34690022468566895,0.39575427770614624,5.32339868186682e-07,0.37734317779541016,0.35132378339767456,-0.011435934342443943,0.42205139994621277,0.3434808552265167,-0.025690307840704918,0.45966678857803345,0.3641584813594818,-0.03528207167983055,0.483014315366745,0.3861633539199829,-0.04537365958094597,0.40505707263946533,0.33697956800460815,-0.06132810562849045,0.46650275588035583,0.36633995175361633,-0.07969988137483597,0.5043481588363647,0.38524794578552246,-0.08491194248199463,0.5329674482345581,0.3996816873550415,-0.0860932394862175,0.39248165488243103,0.38295382261276245,-0.06263072043657303,0.4609275460243225,0.4042615592479706,-0.08210835605859756,0.5072166323661804,0.41914868354797363,-0.08699839562177658,0.5417678356170654,0.42738452553749084,-0.08990580588579178,0.38772594928741455,0.42575642466545105,-0.061119019985198975,0.45060262084007263,0.4471161961555481,-0.07693987339735031,0.49418091773986816,0.4546818137168884,-0.08192656189203262,0.525307834148407,0.45411795377731323,-0.08393383026123047,0.39051178097724915,0.45970797538757324,-0.05884880945086479,0.44429752230644226,0.46568524837493896,-0.0685436949133873,0.47454190254211426,0.46180975437164307,-0.07026665657758713,0.49605023860931396,0.4551379680633545,-0.07081729918718338,Right,0.9951416254043579
9315,132,0,0.7316622734069824,0.40990591049194336,2.694068825803697e-07,0.6921816468238831,0.3588232398033142,-0.019378481432795525,0.6376508474349976,0.3610345125198364,-0.035508450120687485,0.5942454934120178,0.38648509979248047,-0.04341444745659828,0.5602942705154419,0.3986537754535675,-0.05113843083381653,0.6766391396522522,0.3711547255516052,-0.07826878130435944,0.6156588196754456,0.4110791087150574,-0.10149473696947098,0.5776420831680298,0.43013864755630493,-0.10917980968952179,0.5492522120475769,0.4457052946090698,-0.11163201183080673,0.6882886290550232,0.41716280579566956,-0.07192501425743103,0.6165106296539307,0.4465043246746063,-0.0885922759771347,0.582317590713501,0.44154372811317444,-0.08288290351629257,0.5637202262878418,0.43196749687194824,-0.07844580709934235,0.6894241571426392,0.45384371280670166,-0.06330613046884537,0.6207120418548584,0.46932125091552734,-0.07073371112346649,0.5943955779075623,0.4501420855522156,-0.05888974294066429,0.5823288559913635,0.43051546812057495,-0.05066176876425743,0.6857007145881653,0.48028162121772766,-0.05583886429667473,0.6311231255531311,0.48586025834083557,-0.06012086197733879,0.6106290221214294,0.46476131677627563,-0.05347317457199097,0.6009494662284851,0.4466704726219177,-0.04827304929494858,Left,0.9992468953132629
9315,132,1,0.3472917973995209,0.3963410258293152,5.481546168084606e-07,0.37728118896484375,0.351981520652771,-0.011848796159029007,0.4218544661998749,0.34342247247695923,-0.026675371453166008,0.4602034091949463,0.3641546070575714,-0.03677772358059883,0.4843357503414154,0.38624832034111023,-0.04739350453019142,0.40492600202560425,0.33567750453948975,-0.06216984614729881,0.466545432806015,0.3648824691772461,-0.08118291199207306,0.504772961139679,0.383536159992218,-0.08708862960338593,0.5336162447929382,0.398209810256958,-0.08865369856357574,0.39307427406311035,0.3822888731956482,-0.06336724758148193,0.46188586950302124,0.40291091799736023,-0.08338963985443115,0.5086982846260071,0.4171336889266968,-0.08869162946939468,0.5435500741004944,0.42558395862579346,-0.09177800267934799,0.38904106616973877,0.4258633553981781,-0.06172233447432518,0.45252570509910583,0.4457700848579407,-0.0776643306016922,0.49622729420661926,0.4525717496871948,-0.08243187516927719,0.5271142721176147,0.45197829604148865,-0.08422668278217316,0.3923760652542114,0.4604335427284241,-0.05938092619180679,0.4464966058731079,0.46461746096611023,-0.06894848495721817,0.47713056206703186,0.4592258334159851,-0.07038445770740509,0.49882158637046814,0.4519832134246826,-0.07064950466156006,Right,0.9958995580673218
9367,133,0,0.738063633441925,0.40844017267227173,3.1622346341464436e-07,0.6958279609680176,0.35336655378341675,-0.021297262981534004,0.6391609907150269,0.35459771752357483,-0.036170993000268936,0.598835289478302,0.3862529993057251,-0.04230189323425293,0.5657456517219543,0.40277084708213806,-0.048525337129831314,0.6794570684432983,0.38125118613243103,-0.0809503123164177,0.6214297413825989,0.4210030734539032,-0.10348008573055267,0.5837287902832031,0.434193879365921,-0.10965266078710556,0.5545207262039185,0.4424695074558258,-0.11111725121736526,0.6906247735023499,0.42716243863105774,-0.07301009446382523,0.6197433471679688,0.45596837997436523,-0.08853565156459808,0.5861811637878418,0.4476141035556793,-0.08224552124738693,0.5697407722473145,0.4354180097579956,-0.07770302146673203,0.6929038763046265,0.4611024558544159,-0.06277463585138321,0.6265895962715149,0.48171988129615784,-0.07014553993940353,0.6030527949333191,0.46071505546569824,-0.05975504592061043,0.5939025282859802,0.43895837664604187,-0.052750155329704285,0.6908041834831238,0.48289647698402405,-0.053780268877744675,0.6394259929656982,0.4946533441543579,-0.058307431638240814,0.621163010597229,0.4727804660797119,-0.0533294714987278,0.6149126291275024,0.4527811110019684,-0.049676839262247086,Left,0.9969690442085266
9367,133,1,0.347228467464447,0.3962872624397278,5.410972221397969e-07,0.3771606683731079,0.3517492413520813,-0.011160371825098991,0.42148175835609436,0.3427724242210388,-0.025564800947904587,0.45946505665779114,0.36279404163360596,-0.03563280031085014,0.48328879475593567,0.384418249130249,-0.04630769044160843,0.4054621160030365,0.335781455039978,-0.06055013835430145,0.4673523008823395,0.3641800880432129,-0.07935263961553574,0.5049366354942322,0.3828199803829193,-0.08538370579481125,0.5334198474884033,0.3978055715560913,-0.08721859008073807,0.39395639300346375,0.3822537660598755,-0.06225956231355667,0.46118783950805664,0.401108056306839,-0.08270809054374695,0.5070241689682007,0.4145130515098572,-0.08857322484254837,0.5411712527275085,0.422439843416214,-0.09199897199869156,0.38996848464012146,0.42590364813804626,-0.061120856553316116,0.4525154232978821,0.4441511929035187,-0.07754706591367722,0.4954182207584381,0.4510270059108734,-0.08259516954421997,0.5257401466369629,0.4506905972957611,-0.08450260758399963,0.39351820945739746,0.4603120684623718,-0.05925023555755615,0.44682613015174866,0.46405652165412903,-0.06926704198122025,0.4771067500114441,0.459187388420105,-0.07094521075487137,0.49881839752197266,0.4527950882911682,-0.07134422659873962,Right,0.9952331781387329
9421,134,0,0.7338348031044006,0.41046780347824097,4.780904419021681e-07,0.6968287229537964,0.35560843348503113,-0.026774967089295387,0.6408731937408447,0.3586353063583374,-0.045474059879779816,0.5967844724655151,0.38741159439086914,-0.0539219006896019,0.5615062117576599,0.4036986827850342,-0.06234496086835861,0.6840687990188599,0.3781399130821228,-0.09620694071054459,0.62517249584198,0.4189842641353607,-0.12288325279951096,0.5855345726013184,0.4309963285923004,-0.12981441617012024,0.5549755096435547,0.4401232600212097,-0.1312740445137024,0.6918823719024658,0.4257952868938446,-0.08581023663282394,0.6152667999267578,0.4510839283466339,-0.10675611346960068,0.5758013129234314,0.4405135214328766,-0.10099649429321289,0.5531390905380249,0.4278765320777893,-0.09624327719211578,0.6906251907348633,0.46233731508255005,-0.07258779555559158,0.6187100410461426,0.4765085279941559,-0.0832868367433548,0.5959199070930481,0.45283958315849304,-0.07095883041620255,0.5880590677261353,0.43084898591041565,-0.06221294403076172,0.6846752762794495,0.4874163269996643,-0.06092793866991997,0.6316245794296265,0.4889897406101227,-0.06743514537811279,0.6116101741790771,0.464187353849411,-0.061903487890958786,0.6032565236091614,0.4438197612762451,-0.05749821662902832,Left,0.9946579933166504
9421,134,1,0.34752973914146423,0.39543792605400085,5.439065375867358e-07,0.3776564598083496,0.3507142961025238,-0.011815953999757767,0.42199617624282837,0.34279608726501465,-0.026578692719340324,0.4600955843925476,0.36380812525749207,-0.0367557667195797,0.48408934473991394,0.3850047290325165,-0.04750089719891548,0.40511423349380493,0.3357195258140564,-0.06218493729829788,0.4665081799030304,0.36415088176727295,-0.08122596144676208,0.5039101839065552,0.3826456069946289,-0.08722512423992157,0.5325382351875305,0.3974362015724182,-0.08907191455364227,0.3934471011161804,0.3825998306274414,-0.06355460733175278,0.46096545457839966,0.4017302095890045,-0.08465345203876495,0.5075926184654236,0.4153594672679901,-0.09083279222249985,0.5427061319351196,0.4236070513725281,-0.09451465308666229,0.38939139246940613,0.42606911063194275,-0.06202087178826332,0.4514986574649811,0.4450265169143677,-0.07920649647712708,0.49479034543037415,0.4520825147628784,-0.08471517264842987,0.5257482528686523,0.45198142528533936,-0.0868246778845787,0.3932400643825531,0.45974141359329224,-0.05972297489643097,0.44618839025497437,0.4633190333843231,-0.07007859647274017,0.4762231111526489,0.4580024182796478,-0.0719805434346199,0.4980464577674866,0.4515710771083832,-0.0726114958524704,Right,0.9953455328941345
9474,135,0,0.7322507500648499,0.40790238976478577,3.555854561909655e-07,0.6909151673316956,0.3610250651836395,-0.020827341824769974,0.6378710865974426,0.36641886830329895,-0.03817294165492058,0.5946537852287292,0.39415252208709717,-0.047894421964883804,0.5594573020935059,0.4098953306674957,-0.05775737762451172,0.6750221252441406,0.3632684350013733,-0.07966562360525131,0.6166765093803406,0.409685879945755,-0.10295401513576508,0.5808202028274536,0.4307204484939575,-0.10888565331697464,0.554198682308197,0.44718798995018005,-0.1097969263792038,0.6899129152297974,0.40794268250465393,-0.07391352206468582,0.620863676071167,0.4454185366630554,-0.09358800947666168,0.5835413932800293,0.4486710727214813,-0.08966358006000519,0.5617923736572266,0.4440620541572571,-0.08589675277471542,0.6950472593307495,0.44672080874443054,-0.06593161821365356,0.6291054487228394,0.4723243713378906,-0.07659391313791275,0.5985111594200134,0.46284493803977966,-0.06705083698034286,0.5818125605583191,0.44775399565696716,-0.05981630086898804,0.6933894157409668,0.4770549535751343,-0.05902897194027901,0.6402395963668823,0.49040088057518005,-0.06505035609006882,0.6154746413230896,0.4771374464035034,-0.05991854518651962,0.6016536355018616,0.46303558349609375,-0.05561725050210953,Left,0.9985353946685791
9474,135,1,0.34718579053878784,0.39506685733795166,5.250738013273804e-07,0.3778904974460602,0.3532507121562958,-0.013350890949368477,0.4218788743019104,0.34631112217903137,-0.028663722798228264,0.45870688557624817,0.3652808368206024,-0.038859035819768906,0.4817892909049988,0.3856748044490814,-0.04948802292346954,0.40291085839271545,0.33988767862319946,-0.06412035971879959,0.4626539945602417,0.36888208985328674,-0.08290022611618042,0.5008953809738159,0.38780444860458374,-0.08895014971494675,0.5305927395820618,0.40317249298095703,-0.09101130813360214,0.39051342010498047,0.3869064152240753,-0.0641806349158287,0.4557155966758728,0.4080181419849396,-0.08381003141403198,0.5011171698570251,0.42127367854118347,-0.0889594629406929,0.5351681709289551,0.42929694056510925,-0.09251920133829117,0.38572487235069275,0.4290848970413208,-0.06141829490661621,0.446845144033432,0.4523378014564514,-0.07731050252914429,0.4909819960594177,0.4599134027957916,-0.0822371318936348,0.5221413373947144,0.46018218994140625,-0.08457696437835693,0.3883027136325836,0.46115580201148987,-0.05805227905511856,0.4405095875263214,0.46790751814842224,-0.06774185597896576,0.47113317251205444,0.46422624588012695,-0.06964825093746185,0.4929102063179016,0.45857298374176025,-0.07067131996154785,Right,0.9956871867179871
9528,136,0,0.7286340594291687,0.40032684803009033,1.3347867877655517e-07,0.6853685975074768,0.3657882511615753,-0.015369021333754063,0.6336600184440613,0.3719857931137085,-0.0318162702023983,0.5900115966796875,0.3979490101337433,-0.04270584508776665,0.557044506072998,0.4103850722312927,-0.05414918437600136,0.6628983616828918,0.3459228277206421,-0.06548342853784561,0.6090162992477417,0.4025914669036865,-0.08733193576335907,0.5774449110031128,0.43290314078330994,-0.0949324369430542,0.5527066588401794,0.4552707374095917,-0.09752646833658218,0.6834217309951782,0.386398583650589,-0.06454134732484818,0.6180756092071533,0.44262805581092834,-0.08365221321582794,0.5809472799301147,0.4616066813468933,-0.08340153098106384,0.5569933652877808,0.4672376811504364,-0.08296149224042892,0.6928920149803162,0.4256872236728668,-0.061720848083496094,0.6287989020347595,0.468298077583313,-0.07498864084482193,0.5983985066413879,0.46922218799591064,-0.06849882006645203,0.581839919090271,0.45948904752731323,-0.06269528716802597,0.6948931813240051,0.4603421092033386,-0.0593307688832283,0.6417812705039978,0.4845867455005646,-0.0680222287774086,0.6175093054771423,0.47869014739990234,-0.0637286826968193,0.6036628484725952,0.4674891233444214,-0.05938829109072685,Left,0.9996579885482788
9528,136,1,0.34905296564102173,0.39617303013801575,5.219734475758742e-07,0.3784130811691284,0.3542897403240204,-0.01476851012557745,0.4211857318878174,0.34851905703544617,-0.02992241643369198,0.4560830891132355,0.3696223199367523,-0.03932458534836769,0.4777234196662903,0.3901781141757965,-0.04920104518532753,0.40121912956237793,0.34585362672805786,-0.06569771468639374,0.45942988991737366,0.37604469060897827,-0.08406924456357956,0.4975244402885437,0.3949436545372009,-0.09025971591472626,0.527534008026123,0.40864259004592896,-0.09266286343336105,0.38764506578445435,0.3941764831542969,-0.06469395011663437,0.45264196395874023,0.4183242619037628,-0.08448093384504318,0.49828338623046875,0.4317198097705841,-0.09061616659164429,0.5332491993904114,0.4375162422657013,-0.09515586495399475,0.3825680911540985,0.4356793761253357,-0.060673411935567856,0.4425624907016754,0.4621339738368988,-0.07692208886146545,0.48753100633621216,0.4687501788139343,-0.08300265669822693,0.5200381278991699,0.466532438993454,-0.08636081963777542,0.38526803255081177,0.4650135934352875,-0.05594407394528389,0.4363948404788971,0.47415870428085327,-0.06577110290527344,0.4645612835884094,0.4698221981525421,-0.06759019941091537,0.4839690327644348,0.46240678429603577,-0.06888914108276367,Right,0.9952335357666016
9582,137,0,0.7138122916221619,0.4016948938369751,4.4734001392043865e-08,0.6703125238418579,0.367788165807724,-0.014730619266629219,0.621305525302887,0.3684876263141632,-0.032763201743364334,0.5808852910995483,0.39108362793922424,-0.04591280221939087,0.5524826645851135,0.40532413125038147,-0.06028462201356888,0.6567495465278625,0.34037333726882935,-0.06414713710546494,0.6060889363288879,0.39268410205841064,-0.08624248951673508,0.57673180103302,0.42384183406829834,-0.09597017616033554,0.5538477897644043,0.4459816515445709,-0.10108290612697601,0.6786054968833923,0.38097721338272095,-0.06495164334774017,0.6164899468421936,0.4292793571949005,-0.0861276313662529,0.579497754573822,0.45128390192985535,-0.08990692347288132,0.554900586605072,0.46268439292907715,-0.09346208721399307,0.6868971586227417,0.42115524411201477,-0.06377266347408295,0.6245444416999817,0.45815330743789673,-0.08010764420032501,0.5910195112228394,0.4687814712524414,-0.07745197415351868,0.5693586468696594,0.4711502194404602,-0.07509870082139969,0.6868889331817627,0.4556522071361542,-0.06255690008401871,0.6348549723625183,0.47580620646476746,-0.07380897551774979,0.6083695292472839,0.47703611850738525,-0.07184125483036041,0.5912297368049622,0.47615936398506165,-0.06984265893697739,Left,0.998778760433197
9582,137,1,0.3493120074272156,0.39780178666114807,5.033666639064904e-07,0.3780317008495331,0.35592758655548096,-0.015017990954220295,0.4201596975326538,0.3506932854652405,-0.030470313504338264,0.4545590281486511,0.37305179238319397,-0.04022669047117233,0.47582292556762695,0.3964185118675232,-0.05044128745794296,0.3995513617992401,0.34731292724609375,-0.06570790708065033,0.45806118845939636,0.37788379192352295,-0.08433765172958374,0.4959222078323364,0.3976757526397705,-0.09026206284761429,0.5253182053565979,0.411977082490921,-0.09221524745225906,0.3855074942111969,0.39327940344810486,-0.0648663192987442,0.45029452443122864,0.41843175888061523,-0.08504039794206619,0.4947090148925781,0.43176788091659546,-0.09103111177682877,0.5284965634346008,0.4373877942562103,-0.09494823217391968,0.3800264000892639,0.4343690872192383,-0.06101463362574577,0.4403161406517029,0.4619695544242859,-0.07720478624105453,0.4854866862297058,0.4691329002380371,-0.08295686542987823,0.5180689692497253,0.4664713740348816,-0.08568976819515228,0.3826541006565094,0.46441274881362915,-0.05652692914009094,0.43588170409202576,0.47461795806884766,-0.06701325625181198,0.46728506684303284,0.4716704487800598,-0.06913253664970398,0.48951005935668945,0.4647585451602936,-0.07005133479833603,Right,0.9969295859336853
9634,138,0,0.7034478187561035,0.3936757445335388,-5.4952199235458465e-08,0.6609020829200745,0.3628486692905426,-0.017112527042627335,0.6106964945793152,0.36431124806404114,-0.034365296363830566,0.5677472352981567,0.38850829005241394,-0.04696163162589073,0.5351158976554871,0.4062356948852539,-0.060876794159412384,0.6443239450454712,0.3376903831958771,-0.059343211352825165,0.5929268002510071,0.3888738751411438,-0.0829235315322876,0.5653256177902222,0.42452332377433777,-0.09666404873132706,0.5474159121513367,0.45139461755752563,-0.10448174178600311,0.6677286028862,0.3769443929195404,-0.059226203709840775,0.6096358299255371,0.42579716444015503,-0.0798853263258934,0.5736680030822754,0.4486980736255646,-0.0880064070224762,0.5511518716812134,0.463834285736084,-0.09589580446481705,0.6789441108703613,0.41570591926574707,-0.05791956186294556,0.6209905743598938,0.4543413817882538,-0.07520899176597595,0.5869588851928711,0.4686034023761749,-0.07670794427394867,0.5662380456924438,0.4757007658481598,-0.0777449905872345,0.6811878085136414,0.45028361678123474,-0.05670107528567314,0.6293876767158508,0.4699881672859192,-0.07069232314825058,0.6004360914230347,0.47226837277412415,-0.07221198827028275,0.5826281309127808,0.4730030298233032,-0.07284596562385559,Left,0.9970389604568481
9634,138,1,0.3415430784225464,0.3964017927646637,5.170855388314521e-07,0.37032967805862427,0.3536907136440277,-0.015418694354593754,0.4125295579433441,0.349036306142807,-0.031702812761068344,0.4464017450809479,0.3701939582824707,-0.04199584573507309,0.46797898411750793,0.39234858751296997,-0.052968479692935944,0.3919493854045868,0.3475002944469452,-0.06984148919582367,0.45038819313049316,0.37844204902648926,-0.08984674513339996,0.4896029829978943,0.3981454074382782,-0.09702621400356293,0.5199280381202698,0.4124901592731476,-0.0998648852109909,0.3789600431919098,0.39444902539253235,-0.06866642087697983,0.44210219383239746,0.42000073194503784,-0.09055408835411072,0.48743176460266113,0.4321252107620239,-0.09759610891342163,0.5218842625617981,0.43682023882865906,-0.10224158316850662,0.37440717220306396,0.43609878420829773,-0.0640404149889946,0.4351552128791809,0.4627576470375061,-0.0809253379702568,0.48153170943260193,0.4677557349205017,-0.08691085875034332,0.5147836208343506,0.4639132618904114,-0.08994273096323013,0.37744659185409546,0.4657209813594818,-0.05871511995792389,0.4291258156299591,0.4775424301624298,-0.06958099454641342,0.4608684480190277,0.4732207655906677,-0.07190793752670288,0.4836341440677643,0.46531563997268677,-0.0730050653219223,Right,0.9971847534179688
9688,139,0,0.7062660455703735,0.39467373490333557,-7.072731023072265e-08,0.6645751595497131,0.3604941964149475,-0.015243015252053738,0.6171762347221375,0.36044079065322876,-0.0337977260351181,0.5784229636192322,0.39351117610931396,-0.0476808063685894,0.5543458461761475,0.42743298411369324,-0.06344784051179886,0.6415279507637024,0.33482101559638977,-0.062284085899591446,0.5909259915351868,0.39214062690734863,-0.08460717648267746,0.5644956231117249,0.4293883442878723,-0.0969754084944725,0.5468161106109619,0.45518073439598083,-0.10404477268457413,0.6653167605400085,0.3718661367893219,-0.06290888041257858,0.6084499955177307,0.42801398038864136,-0.0830555334687233,0.5721814632415771,0.45610207319259644,-0.09061222523450851,0.5501431822776794,0.4747914969921112,-0.0977548360824585,0.6779436469078064,0.4108017683029175,-0.061618559062480927,0.6196853518486023,0.4569234848022461,-0.07793375849723816,0.5851221084594727,0.475735604763031,-0.08008377254009247,0.5643119812011719,0.48596036434173584,-0.08158399164676666,0.6816730499267578,0.4468115270137787,-0.06005117669701576,0.6311852335929871,0.4723244607448578,-0.07277373224496841,0.602150022983551,0.47893786430358887,-0.07421185821294785,0.5834720134735107,0.4826720356941223,-0.07481642067432404,Left,0.9964218735694885
9688,139,1,0.341541588306427,0.397205114364624,4.880757842329331e-07,0.3708185851573944,0.3542661964893341,-0.014613313600420952,0.41404488682746887,0.3497050106525421,-0.029554540291428566,0.4488949179649353,0.37187790870666504,-0.03878124803304672,0.47008216381073,0.3946388363838196,-0.04852614924311638,0.38966092467308044,0.3481518626213074,-0.06579605489969254,0.447862833738327,0.37982359528541565,-0.08482498675584793,0.48569807410240173,0.39938655495643616,-0.09114009886980057,0.5152987241744995,0.4131568670272827,-0.09344027936458588,0.37561994791030884,0.39462870359420776,-0.06541094183921814,0.44042161107063293,0.42072001099586487,-0.08630158752202988,0.48559442162513733,0.4329511821269989,-0.0932965874671936,0.5206656455993652,0.43713027238845825,-0.09793829917907715,0.3711254894733429,0.43568044900894165,-0.06191419064998627,0.4332963228225708,0.46286261081695557,-0.07896886020898819,0.48118990659713745,0.4685043692588806,-0.08669136464595795,0.5167222023010254,0.4636020064353943,-0.0908200740814209,0.3751811683177948,0.465809166431427,-0.05763165280222893,0.42884737253189087,0.4771781861782074,-0.06957492232322693,0.462996244430542,0.4742416739463806,-0.07363953441381454,0.48824626207351685,0.4663911461830139,-0.07591217756271362,Right,0.9959164261817932
9740,140,0,0.7088330984115601,0.39086395502090454,-7.030841686628264e-08,0.6703787446022034,0.3610316216945648,-0.0155735919252038,0.624530553817749,0.36129140853881836,-0.034938860684633255,0.5865266919136047,0.3954574763774872,-0.04975193738937378,0.5608415007591248,0.428219199180603,-0.06661468744277954,0.6433792114257812,0.3290964961051941,-0.06298952549695969,0.5932032465934753,0.3851877450942993,-0.08452297747135162,0.5671526193618774,0.42263317108154297,-0.09569058567285538,0.550441324710846,0.4496588706970215,-0.10237272083759308,0.6664035320281982,0.3645615875720978,-0.06357523053884506,0.61119544506073,0.4213196039199829,-0.08379199355840683,0.5764201879501343,0.452718585729599,-0.09167061746120453,0.5541372299194336,0.4755480885505676,-0.09960140287876129,0.679754912853241,0.4043096899986267,-0.0621967539191246,0.6237215399742126,0.4521557688713074,-0.07944667339324951,0.5879268050193787,0.4742666482925415,-0.08249524235725403,0.5661188960075378,0.48905977606773376,-0.08500378578901291,0.6831236481666565,0.4428238570690155,-0.06036106497049332,0.6320534944534302,0.4693211615085602,-0.07550151646137238,0.6000885963439941,0.47865575551986694,-0.07892124354839325,0.5790490508079529,0.4842221140861511,-0.08103181421756744,Left,0.997269332408905
9740,140,1,0.34510165452957153,0.3980463743209839,5.327522671905172e-07,0.3756265640258789,0.3537619113922119,-0.015269285067915916,0.41744133830070496,0.34880727529525757,-0.03158979117870331,0.4493943154811859,0.37151530385017395,-0.041787371039390564,0.4685490131378174,0.39524996280670166,-0.05269714444875717,0.3930402100086212,0.3483946919441223,-0.07047845423221588,0.4488741159439087,0.37891852855682373,-0.08979815244674683,0.48634639382362366,0.39805540442466736,-0.09613509476184845,0.5161669850349426,0.41217881441116333,-0.09860347956418991,0.37854257225990295,0.3954424262046814,-0.06955526024103165,0.4425230920314789,0.4213956892490387,-0.09143713116645813,0.48820582032203674,0.4328899383544922,-0.09867560863494873,0.523358941078186,0.4368361234664917,-0.1037052795290947,0.3737415075302124,0.4362823963165283,-0.06504533439874649,0.4346151649951935,0.46607255935668945,-0.0823383554816246,0.4822980463504791,0.4709552526473999,-0.08981454372406006,0.5166779160499573,0.46565210819244385,-0.09390720725059509,0.3775145709514618,0.46588361263275146,-0.05968863144516945,0.4307398200035095,0.47848349809646606,-0.07103046029806137,0.4634082615375519,0.47349756956100464,-0.07442788779735565,0.48648518323898315,0.4638955295085907,-0.07649842649698257,Right,0.9962274432182312
9795,141,0,0.7086701989173889,0.3922726809978485,-9.32540658027392e-08,0.6692384481430054,0.3671163320541382,-0.01913536712527275,0.6222889423370361,0.3709864020347595,-0.038006674498319626,0.5838169455528259,0.40299636125564575,-0.051765527576208115,0.557264506816864,0.4259507358074188,-0.06704284995794296,0.6432459354400635,0.32838523387908936,-0.059554945677518845,0.5961364507675171,0.38798192143440247,-0.08054005354642868,0.569943368434906,0.42720478773117065,-0.09172944724559784,0.5527257323265076,0.457058846950531,-0.09872030466794968,0.6661906838417053,0.3614627718925476,-0.058136362582445145,0.6123856902122498,0.4242900013923645,-0.07853017747402191,0.5787447690963745,0.45823633670806885,-0.08777694404125214,0.5562727451324463,0.48316124081611633,-0.09679736942052841,0.6801947355270386,0.39941734075546265,-0.05534281209111214,0.6257322430610657,0.4541267156600952,-0.07347303628921509,0.5914547443389893,0.4781481623649597,-0.07792762666940689,0.5695489645004272,0.49378472566604614,-0.08126316964626312,0.6850358843803406,0.4373064339160919,-0.05242222547531128,0.6352593302726746,0.4689662754535675,-0.06835871189832687,0.6052590608596802,0.4820578396320343,-0.07274284213781357,0.584060549736023,0.4889184236526489,-0.07550792396068573,Left,0.996692419052124
9795,141,1,0.34668150544166565,0.39686596393585205,5.540754273170023e-07,0.3764279782772064,0.3534068465232849,-0.01583799161016941,0.41856470704078674,0.348484605550766,-0.03253781795501709,0.45152196288108826,0.37164393067359924,-0.04284471645951271,0.47189751267433167,0.39546433091163635,-0.0537930391728878,0.39540132880210876,0.34748926758766174,-0.0721021294593811,0.45178815722465515,0.3792402148246765,-0.09204506874084473,0.48987728357315063,0.3986746370792389,-0.09886707365512848,0.5196044445037842,0.41268792748451233,-0.10155665874481201,0.3811016380786896,0.39466407895088196,-0.07068712264299393,0.44486621022224426,0.4223428964614868,-0.0937117263674736,0.49088573455810547,0.4342603385448456,-0.10133988410234451,0.5258041620254517,0.4389492869377136,-0.10633780062198639,0.3764537274837494,0.4354923963546753,-0.06556226313114166,0.4370110332965851,0.4665537476539612,-0.08296588063240051,0.4841134548187256,0.4711587429046631,-0.0898345485329628,0.5175294876098633,0.4666406810283661,-0.09333862364292145,0.3801051676273346,0.46491965651512146,-0.05966673418879509,0.43279415369033813,0.477502703666687,-0.07055558264255524,0.4650017023086548,0.47191378474235535,-0.07330924272537231,0.4872690737247467,0.4631705582141876,-0.074761301279068,Right,0.9971405863761902
9849,142,0,0.7087940573692322,0.3937816321849823,-1.059741876474618e-07,0.6686095595359802,0.36708155274391174,-0.01990371383726597,0.6220881342887878,0.3683791160583496,-0.03973199427127838,0.5840092301368713,0.39680588245391846,-0.05394253879785538,0.5575099587440491,0.4203858971595764,-0.06989899277687073,0.6422143578529358,0.3296128213405609,-0.06470435112714767,0.5957025289535522,0.38961711525917053,-0.08465298265218735,0.5694850087165833,0.428530216217041,-0.09333795309066772,0.551428496837616,0.45930492877960205,-0.09870583564043045,0.6653640270233154,0.3622944951057434,-0.062321748584508896,0.6116992831230164,0.4264092743396759,-0.08276648819446564,0.5773730278015137,0.46125781536102295,-0.09079530835151672,0.5538337826728821,0.4874769151210785,-0.0991094633936882,0.6797386407852173,0.4005444347858429,-0.05809151381254196,0.6252045631408691,0.4568723142147064,-0.07633461058139801,0.58982914686203,0.4804022014141083,-0.08047229051589966,0.5681140422821045,0.4961530268192291,-0.08384379744529724,0.6850426197052002,0.43922099471092224,-0.05361117050051689,0.6345332860946655,0.47276484966278076,-0.07030286639928818,0.6024475693702698,0.4866097569465637,-0.07533296942710876,0.5803812146186829,0.4944487512111664,-0.078656867146492,Left,0.9960305690765381
9849,142,1,0.34478139877319336,0.3967065215110779,5.482449410010304e-07,0.3754061758518219,0.35229063034057617,-0.014884470030665398,0.4178617596626282,0.34793585538864136,-0.030628627166152,0.4508622884750366,0.3712909519672394,-0.040189146995544434,0.4709765613079071,0.39447781443595886,-0.050334032624959946,0.39526426792144775,0.3485270142555237,-0.06946036964654922,0.45116448402404785,0.3796267807483673,-0.08950574696063995,0.4896232485771179,0.3994988203048706,-0.09681882709264755,0.5196080207824707,0.41402092576026917,-0.09971176087856293,0.38174179196357727,0.3955139219760895,-0.06829694658517838,0.44556549191474915,0.42372506856918335,-0.09045617282390594,0.4922085404396057,0.4357795715332031,-0.09818963706493378,0.5278151035308838,0.44102028012275696,-0.10330363363027573,0.3774895668029785,0.436113178730011,-0.06347472965717316,0.43862786889076233,0.4661312699317932,-0.07980205863714218,0.48590439558029175,0.4700925648212433,-0.0862468034029007,0.5191390514373779,0.4660148024559021,-0.08951435983181,0.381143718957901,0.46522486209869385,-0.05793378874659538,0.43368008732795715,0.4780178666114807,-0.06794152408838272,0.466683566570282,0.4722641408443451,-0.07026776671409607,0.4897395968437195,0.46397438645362854,-0.071347177028656,Right,0.9959219098091125
9898,143,0,0.7048875689506531,0.39891746640205383,-1.4822703064965026e-07,0.6654369235038757,0.3732020854949951,-0.019116075709462166,0.6206232309341431,0.3717162311077118,-0.03679490089416504,0.5823701620101929,0.3957391381263733,-0.04902102053165436,0.5553569197654724,0.41568008065223694,-0.06263209879398346,0.6400151252746582,0.33263489603996277,-0.060539212077856064,0.5938126444816589,0.3922063708305359,-0.07904314994812012,0.5687559843063354,0.4325910210609436,-0.08582849055528641,0.5522684454917908,0.46528518199920654,-0.08954215049743652,0.6633325815200806,0.36423736810684204,-0.05802826210856438,0.6113588809967041,0.42949551343917847,-0.07698535919189453,0.5794148445129395,0.465598464012146,-0.0839141234755516,0.5576500296592712,0.4920397698879242,-0.09135015308856964,0.6774383783340454,0.40181607007980347,-0.053949467837810516,0.6250869631767273,0.46031492948532104,-0.07121393084526062,0.5920571684837341,0.4864353537559509,-0.07497864961624146,0.5712046027183533,0.5037234425544739,-0.07812473922967911,0.682961642742157,0.4401226043701172,-0.04969244822859764,0.6344531774520874,0.4761689007282257,-0.06621699035167694,0.6044905185699463,0.4919029474258423,-0.0713869035243988,0.5827417969703674,0.5011591911315918,-0.07463947683572769,Left,0.9943607449531555
9898,143,1,0.34815916419029236,0.395493745803833,5.39871223281807e-07,0.3791220784187317,0.35246899724006653,-0.014546950347721577,0.42209044098854065,0.34995418787002563,-0.028974909335374832,0.4545615017414093,0.37552112340927124,-0.03724120929837227,0.47438663244247437,0.3984931707382202,-0.04607514664530754,0.39915820956230164,0.34811118245124817,-0.06682128459215164,0.4541982412338257,0.37992537021636963,-0.08569072186946869,0.49251610040664673,0.4004715085029602,-0.09319041669368744,0.5230458974838257,0.4152144193649292,-0.09655462205410004,0.38570117950439453,0.3956521153450012,-0.06525976210832596,0.4479786455631256,0.4267699122428894,-0.08581223338842392,0.49379125237464905,0.44072219729423523,-0.0936039537191391,0.5293861627578735,0.4475153982639313,-0.09907142072916031,0.38091206550598145,0.43611279129981995,-0.05991188436746597,0.44004833698272705,0.4704737961292267,-0.07499255239963531,0.48486873507499695,0.4762444794178009,-0.08060416579246521,0.5159835815429688,0.4734538495540619,-0.08342592418193817,0.3840543329715729,0.4645187556743622,-0.053878843784332275,0.4360101819038391,0.47943058609962463,-0.06290335208177567,0.46714726090431213,0.4741753041744232,-0.06406558305025101,0.48810046911239624,0.46608981490135193,-0.06435752660036087,Right,0.9970738291740417
9948,144,0,0.7061291337013245,0.40352925658226013,-2.078134713201507e-07,0.6622826457023621,0.38686031103134155,-0.018914321437478065,0.6179239153862,0.3834133446216583,-0.034936998039484024,0.5815097093582153,0.39846500754356384,-0.04599276930093765,0.5553861856460571,0.4124910235404968,-0.05846903473138809,0.6374951601028442,0.3320647180080414,-0.056157030165195465,0.5949220061302185,0.3912850618362427,-0.07396350800991058,0.5702819228172302,0.4315981864929199,-0.08080604672431946,0.5529857277870178,0.4640686511993408,-0.08512134850025177,0.6606387495994568,0.35928159952163696,-0.05398213490843773,0.6116268038749695,0.4282468855381012,-0.0728374570608139,0.5823101997375488,0.4663529098033905,-0.07990409433841705,0.5607441067695618,0.49352651834487915,-0.08761084824800491,0.675960898399353,0.39580458402633667,-0.05061032250523567,0.6255947947502136,0.4586643576622009,-0.06867988407611847,0.5936774611473083,0.4874338209629059,-0.07261046022176743,0.5719670057296753,0.5063519477844238,-0.07600104808807373,0.6833668351173401,0.4349200129508972,-0.04722316563129425,0.6363321542739868,0.4770074188709259,-0.06529513746500015,0.6073324680328369,0.49575862288475037,-0.07129202038049698,0.5854193568229675,0.5059987902641296,-0.07505530118942261,Left,0.9929859042167664
9948,144,1,0.3467552065849304,0.3972834050655365,5.210204108152539e-07,0.37818124890327454,0.354816198348999,-0.015248295851051807,0.42400678992271423,0.3539309501647949,-0.0300509762018919,0.46019411087036133,0.37898388504981995,-0.03852687403559685,0.484209269285202,0.39981716871261597,-0.04751332104206085,0.3995087444782257,0.3493514358997345,-0.0681656002998352,0.4537644386291504,0.382342666387558,-0.08792363852262497,0.49246132373809814,0.403412401676178,-0.09556838124990463,0.5229519605636597,0.41844165325164795,-0.0988447442650795,0.3844873011112213,0.39540261030197144,-0.06671376526355743,0.44771307706832886,0.42775291204452515,-0.08878429979085922,0.4939177334308624,0.4420103132724762,-0.09705411642789841,0.5296708345413208,0.4484196603298187,-0.10262791067361832,0.37934496998786926,0.43602877855300903,-0.06162117421627045,0.4411415755748749,0.4704296886920929,-0.0779271349310875,0.4882420599460602,0.47548624873161316,-0.08425410836935043,0.5213883519172668,0.4715934991836548,-0.08750424534082413,0.382895827293396,0.46512898802757263,-0.055845148861408234,0.4361235201358795,0.4799007177352905,-0.06557749211788177,0.46892035007476807,0.4754396080970764,-0.06755859404802322,0.4915429949760437,0.4679555594921112,-0.06846454739570618,Right,0.9980150461196899
9996,145,0,0.7092535495758057,0.4017426371574402,-2.4105119678097253e-07,0.6623221635818481,0.38997921347618103,-0.017476456239819527,0.6170669198036194,0.38309499621391296,-0.031080592423677444,0.581748902797699,0.3938767910003662,-0.04046357423067093,0.5572666525840759,0.4082517623901367,-0.0512394979596138,0.6361796855926514,0.3320961594581604,-0.049330588430166245,0.5954792499542236,0.39293786883354187,-0.06553417444229126,0.5717992782592773,0.4320859909057617,-0.07135360687971115,0.554818868637085,0.4619288444519043,-0.0752180963754654,0.6596218943595886,0.3575369119644165,-0.048250291496515274,0.6118459701538086,0.427135705947876,-0.06623131781816483,0.5831285715103149,0.4655766487121582,-0.07323023676872253,0.5608387589454651,0.4922972023487091,-0.08073770999908447,0.6759170889854431,0.39300230145454407,-0.04626647010445595,0.6261668801307678,0.4576389789581299,-0.06434649229049683,0.5952157378196716,0.4868863523006439,-0.06823188066482544,0.5737988948822021,0.5059285759925842,-0.07146794348955154,0.6846209764480591,0.431783527135849,-0.044353075325489044,0.6379400491714478,0.4752238988876343,-0.06243877857923508,0.609239935874939,0.493349552154541,-0.06845298409461975,0.5870965123176575,0.5028946995735168,-0.07219410687685013,Left,0.9924660325050354
9996,145,1,0.34445303678512573,0.3970697522163391,5.251137622508395e-07,0.37625348567962646,0.35534799098968506,-0.01414191722869873,0.422206312417984,0.3534899652004242,-0.02894342690706253,0.45949459075927734,0.3770439922809601,-0.038220226764678955,0.48400580883026123,0.3979165256023407,-0.048211708664894104,0.4012407958507538,0.3494367301464081,-0.06512890011072159,0.45885396003723145,0.3834732472896576,-0.08484000712633133,0.49854642152786255,0.4060203731060028,-0.09225916862487793,0.5292040109634399,0.42182061076164246,-0.09517990797758102,0.3858509063720703,0.39567261934280396,-0.06500330567359924,0.4496421217918396,0.4282861351966858,-0.08552154898643494,0.4955184757709503,0.4438774585723877,-0.09244390577077866,0.5305817723274231,0.4502701163291931,-0.09718921035528183,0.3791714608669281,0.4366190433502197,-0.061700716614723206,0.4414682984352112,0.4664626121520996,-0.077140673995018,0.4893157482147217,0.4726483225822449,-0.08278804272413254,0.524044394493103,0.4694226086139679,-0.08584699779748917,0.3809734880924225,0.4655378460884094,-0.057817284017801285,0.4348040819168091,0.48034873604774475,-0.06830267608165741,0.47094985842704773,0.4794655740261078,-0.07104921340942383,0.49789944291114807,0.4747673273086548,-0.07242447882890701,Right,0.9982368350028992
10044,146,0,0.7084461450576782,0.3998528718948364,-2.1746713230186288e-07,0.6648200154304504,0.3795475661754608,-0.016938086599111557,0.6188334226608276,0.3767877221107483,-0.03120049089193344,0.5814485549926758,0.39359232783317566,-0.04077815264463425,0.5569952130317688,0.41091519594192505,-0.05200067162513733,0.6389974355697632,0.33424216508865356,-0.05256885290145874,0.5941702723503113,0.39395204186439514,-0.06873493641614914,0.5696935057640076,0.4320313632488251,-0.07418151199817657,0.5525305271148682,0.4615207016468048,-0.07754635065793991,0.6637908220291138,0.36382028460502625,-0.05119706690311432,0.6124234795570374,0.4298020601272583,-0.06893458962440491,0.5836727619171143,0.4646405577659607,-0.07498850673437119,0.5636671185493469,0.48943284153938293,-0.08175913989543915,0.6798716187477112,0.40052130818367004,-0.04860157519578934,0.6275730133056641,0.45917385816574097,-0.06591695547103882,0.5956282615661621,0.48479533195495605,-0.06955008208751678,0.5746006369590759,0.501416802406311,-0.07246647030115128,0.6877557635307312,0.43764665722846985,-0.04581931605935097,0.6390351057052612,0.4760551452636719,-0.06324674934148788,0.6104750633239746,0.4911639988422394,-0.06884879618883133,0.5891897678375244,0.49925318360328674,-0.0722520723938942,Left,0.9909762740135193
10044,146,1,0.34724071621894836,0.3971657156944275,5.17346563810861e-07,0.3787290155887604,0.35134586691856384,-0.01388306263834238,0.4231954514980316,0.34690430760383606,-0.028361598029732704,0.458073228597641,0.36987966299057007,-0.03717472776770592,0.4795536994934082,0.39216646552085876,-0.04652958735823631,0.4030883014202118,0.3453812599182129,-0.06409802287817001,0.4605274796485901,0.3778963088989258,-0.08295413106679916,0.49866992235183716,0.3997923731803894,-0.08977963775396347,0.5283504724502563,0.41663968563079834,-0.0923076719045639,0.38986706733703613,0.39374619722366333,-0.06365224719047546,0.4545731246471405,0.4233347773551941,-0.08259057253599167,0.49934279918670654,0.4379211962223053,-0.0890049934387207,0.5331461429595947,0.4453572928905487,-0.09347429871559143,0.38452857732772827,0.43617814779281616,-0.0599452443420887,0.4475889801979065,0.463600218296051,-0.0744519904255867,0.4938526153564453,0.4682783782482147,-0.0803932324051857,0.5268124341964722,0.46503520011901855,-0.08374182879924774,0.386976957321167,0.46628308296203613,-0.055557817220687866,0.44076576828956604,0.47727859020233154,-0.06567540764808655,0.47550398111343384,0.474027156829834,-0.06843341141939163,0.5013471245765686,0.46764159202575684,-0.06974867731332779,Right,0.9973652958869934
10094,147,0,0.7076399922370911,0.39900875091552734,-2.0972190384327405e-07,0.6640178561210632,0.3798641860485077,-0.015956254675984383,0.6195608377456665,0.3782043159008026,-0.030016407370567322,0.5827849507331848,0.39455336332321167,-0.039469219744205475,0.556400716304779,0.4091910421848297,-0.050434064120054245,0.6379473209381104,0.33427512645721436,-0.05201759189367294,0.59405517578125,0.3945842683315277,-0.0683443620800972,0.5696645379066467,0.43360742926597595,-0.07417521625757217,0.5530364513397217,0.4636215269565582,-0.0776883140206337,0.6634657979011536,0.3626791536808014,-0.05090717226266861,0.6135170459747314,0.42920807003974915,-0.06811123341321945,0.5847305059432983,0.4638848304748535,-0.0735151395201683,0.5651661157608032,0.4883196949958801,-0.07985129952430725,0.6801033616065979,0.3992064595222473,-0.04854924976825714,0.6298108100891113,0.45859330892562866,-0.06528864800930023,0.5984230041503906,0.4839495122432709,-0.06744259595870972,0.5780118107795715,0.500092625617981,-0.06926001608371735,0.6887041330337524,0.43714481592178345,-0.04598258435726166,0.6418178677558899,0.4748523533344269,-0.062840536236763,0.6139453649520874,0.48894643783569336,-0.06724701076745987,0.593201756477356,0.4960484802722931,-0.0696210041642189,Left,0.9901161789894104
10094,147,1,0.3479788303375244,0.3978310227394104,5.235141316006775e-07,0.3788597583770752,0.3524775803089142,-0.01345892995595932,0.4219823181629181,0.3469640612602234,-0.028131334111094475,0.4568030834197998,0.3699735999107361,-0.03748233616352081,0.478279173374176,0.39371970295906067,-0.04752050340175629,0.4031371474266052,0.3455164432525635,-0.06352298706769943,0.46081089973449707,0.3776352107524872,-0.08231520652770996,0.4983673691749573,0.3992362916469574,-0.08895941823720932,0.5280336737632751,0.41536498069763184,-0.09155396372079849,0.3909394443035126,0.393405556678772,-0.06363086402416229,0.4547228217124939,0.41968581080436707,-0.08384694159030914,0.49961888790130615,0.4346456229686737,-0.091290682554245,0.5346167087554932,0.44217103719711304,-0.09632929414510727,0.38616836071014404,0.43563878536224365,-0.06052654609084129,0.44671058654785156,0.4617047607898712,-0.0769718736410141,0.4926299452781677,0.4700535535812378,-0.08459718525409698,0.5264022350311279,0.46950435638427734,-0.08869123458862305,0.38905251026153564,0.4662931561470032,-0.05658293887972832,0.4415528476238251,0.4771610498428345,-0.06783545017242432,0.47526100277900696,0.47566884756088257,-0.07168929278850555,0.5006102919578552,0.47141772508621216,-0.07378034293651581,Right,0.9961091876029968
10145,148,0,0.7064734697341919,0.39894676208496094,-1.3841547286119749e-07,0.6633234024047852,0.37095487117767334,-0.014423773624002934,0.6197983622550964,0.37067416310310364,-0.029462914913892746,0.5849079489707947,0.3912525773048401,-0.03989856690168381,0.5604159832000732,0.40715450048446655,-0.05206100270152092,0.642558217048645,0.3432418704032898,-0.05351908504962921,0.596631646156311,0.4052194356918335,-0.07015961408615112,0.5704342722892761,0.44131776690483093,-0.07671448588371277,0.5532481074333191,0.4665071368217468,-0.0800885558128357,0.6685239672660828,0.37476152181625366,-0.052698832005262375,0.615982174873352,0.43804091215133667,-0.06775753945112228,0.5827312469482422,0.4664824903011322,-0.0708044022321701,0.5622379779815674,0.48627227544784546,-0.07505957037210464,0.6847916841506958,0.4120796322822571,-0.05012688785791397,0.6309172511100769,0.4663430452346802,-0.06329350918531418,0.5972338914871216,0.4840458035469055,-0.06043819710612297,0.5785576105117798,0.4940275549888611,-0.058301739394664764,0.6926321387290955,0.44913697242736816,-0.0474260114133358,0.6423565149307251,0.4802873432636261,-0.060182150453329086,0.6119403839111328,0.4874838590621948,-0.05922951176762581,0.5932613015174866,0.48983779549598694,-0.057137202471494675,Left,0.993292510509491
10145,148,1,0.34754478931427,0.39599356055259705,5.509895686373056e-07,0.3793806731700897,0.35305100679397583,-0.013498036190867424,0.4221072196960449,0.34911930561065674,-0.029350295662879944,0.4563693404197693,0.37279438972473145,-0.03988939896225929,0.4770476222038269,0.3977488577365875,-0.05127547308802605,0.4051437973976135,0.3449844717979431,-0.06631411612033844,0.462541788816452,0.3782901167869568,-0.08566134423017502,0.4999185800552368,0.39981186389923096,-0.09264269471168518,0.5294542908668518,0.4152512550354004,-0.09547274559736252,0.3901485800743103,0.3912842869758606,-0.06669828295707703,0.45292750000953674,0.4194471836090088,-0.0884167030453682,0.4990119934082031,0.43502742052078247,-0.09643537551164627,0.5351038575172424,0.4422987699508667,-0.10178857296705246,0.38313496112823486,0.4330696165561676,-0.06366392225027084,0.443966805934906,0.4635477662086487,-0.08092410117387772,0.49155351519584656,0.47406744956970215,-0.08880594372749329,0.526780903339386,0.4743797779083252,-0.09298787266016006,0.3844430446624756,0.4642593562602997,-0.05971434712409973,0.43819957971572876,0.47885164618492126,-0.07107444107532501,0.4730435609817505,0.4794307351112366,-0.0748419240117073,0.4990224242210388,0.4765287935733795,-0.07690629363059998,Right,0.9973604083061218
10192,149,0,0.7069934010505676,0.40074342489242554,-9.318549842873836e-08,0.6648722887039185,0.3702224791049957,-0.012144669890403748,0.6218236088752747,0.37278687953948975,-0.026389768347144127,0.5867874622344971,0.3954851031303406,-0.03697599098086357,0.5621750354766846,0.40706175565719604,-0.04935278370976448,0.6478862166404724,0.34914007782936096,-0.0480395182967186,0.6008211970329285,0.4093756079673767,-0.06587427109479904,0.572744607925415,0.4445706605911255,-0.07599581778049469,0.5535678863525391,0.46698033809661865,-0.08194071054458618,0.6735386848449707,0.3839268088340759,-0.04890218377113342,0.618521511554718,0.4453831613063812,-0.06419414281845093,0.5824556350708008,0.470230370759964,-0.06976299732923508,0.5598763823509216,0.48464882373809814,-0.07566948235034943,0.6884773373603821,0.42064470052719116,-0.04820677265524864,0.6325743794441223,0.4722038805484772,-0.061007145792245865,0.5987995266914368,0.4865526556968689,-0.059358157217502594,0.5786948204040527,0.4915900230407715,-0.05789598077535629,0.6949992775917053,0.45460984110832214,-0.04737525060772896,0.6456388831138611,0.48391762375831604,-0.05804901197552681,0.6162709593772888,0.48892006278038025,-0.056155722588300705,0.5978622436523438,0.48891907930374146,-0.053673043847084045,Left,0.997481107711792
10192,149,1,0.3474847078323364,0.39525702595710754,5.474765885082888e-07,0.37928587198257446,0.3534393906593323,-0.01287156343460083,0.42253679037094116,0.3499770164489746,-0.02809222601354122,0.4573121964931488,0.3738880455493927,-0.0381457544863224,0.47847792506217957,0.3983483910560608,-0.0490400530397892,0.4058122932910919,0.3446505069732666,-0.0648098811507225,0.4641934037208557,0.37828361988067627,-0.08392372727394104,0.5019327402114868,0.40040796995162964,-0.09071218222379684,0.5314140915870667,0.4162100851535797,-0.09331649541854858,0.3904421031475067,0.3904070258140564,-0.06536668539047241,0.45416730642318726,0.4188985228538513,-0.08646834641695023,0.4999205470085144,0.43573257327079773,-0.09396451711654663,0.5355472564697266,0.44350242614746094,-0.09892359375953674,0.3829367756843567,0.43218928575515747,-0.06263839453458786,0.4438062608242035,0.4629836678504944,-0.0795607939362526,0.49075841903686523,0.47395801544189453,-0.08708763122558594,0.5255308747291565,0.47439029812812805,-0.09100570529699326,0.3838038742542267,0.46364814043045044,-0.058976076543331146,0.4378131926059723,0.4782617688179016,-0.07023508101701736,0.47247743606567383,0.47961968183517456,-0.07385903596878052,0.49844780564308167,0.47707104682922363,-0.07579373568296432,Right,0.9964792728424072
10239,150,0,0.7070801258087158,0.4032229483127594,-2.467930926286499e-08,0.6657317280769348,0.37140047550201416,-0.012497157789766788,0.6221188306808472,0.37553635239601135,-0.028167452663183212,0.5872666835784912,0.39835190773010254,-0.03986506164073944,0.562343418598175,0.408877432346344,-0.053041622042655945,0.6505842804908752,0.3541924059391022,-0.05387360230088234,0.6018444299697876,0.41401025652885437,-0.0734962448477745,0.5733453631401062,0.44683486223220825,-0.08354636281728745,0.5540111064910889,0.4674305319786072,-0.08877803385257721,0.6753130555152893,0.392781525850296,-0.05541437119245529,0.6180762052536011,0.45105046033859253,-0.07244831323623657,0.5823188424110413,0.47412002086639404,-0.07668452709913254,0.5599374771118164,0.48547813296318054,-0.08075045049190521,0.6885270476341248,0.4305010437965393,-0.05524083599448204,0.6293352246284485,0.4764198958873749,-0.06808434426784515,0.5966094136238098,0.4882901906967163,-0.06464364379644394,0.5768610835075378,0.48996028304100037,-0.061631783843040466,0.6937524676322937,0.46266794204711914,-0.0550735667347908,0.6433351039886475,0.48827406764030457,-0.06403063237667084,0.6148807406425476,0.49170175194740295,-0.06010248884558678,0.5976830720901489,0.4908124506473541,-0.05615402013063431,Left,0.9980608820915222
10239,150,1,0.347997784614563,0.3962544798851013,5.369440714275697e-07,0.3801616430282593,0.35421761870384216,-0.012413601391017437,0.42447569966316223,0.3508967459201813,-0.027163991704583168,0.4595991373062134,0.37553757429122925,-0.036835648119449615,0.4806242883205414,0.40056943893432617,-0.0472731776535511,0.40635737776756287,0.3451366722583771,-0.06366822123527527,0.46551215648651123,0.37877511978149414,-0.08198288083076477,0.5030291080474854,0.4006345272064209,-0.08783334493637085,0.532098114490509,0.4164225161075592,-0.08979220688343048,0.39086800813674927,0.3906848728656769,-0.06435932219028473,0.45572876930236816,0.4185384511947632,-0.08476011455059052,0.5011597275733948,0.4351181089878082,-0.09150505065917969,0.5365302562713623,0.4425108730792999,-0.0959598571062088,0.3835536539554596,0.4322509169578552,-0.06182439997792244,0.4450155794620514,0.4621502459049225,-0.07848435640335083,0.4909435510635376,0.4730197787284851,-0.08557204157114029,0.5248308777809143,0.473077654838562,-0.08917038142681122,0.38460710644721985,0.46378934383392334,-0.058326419442892075,0.4388048052787781,0.47749462723731995,-0.06905099749565125,0.47154054045677185,0.47842174768447876,-0.07207047194242477,0.4953705668449402,0.47500118613243103,-0.07363995909690857,Right,0.9962164163589478
10286,151,0,0.7100968360900879,0.4044899344444275,5.2727035182442705e-08,0.6673096418380737,0.3733867406845093,-0.010908645577728748,0.6222591400146484,0.3826606869697571,-0.0246133990585804,0.587668776512146,0.4074757397174835,-0.03455608710646629,0.564970076084137,0.41309812664985657,-0.045373186469078064,0.6547784209251404,0.3664846122264862,-0.048786796629428864,0.6053979396820068,0.42477625608444214,-0.06517452001571655,0.5759817361831665,0.45397424697875977,-0.07245078682899475,0.5541091561317444,0.47215571999549866,-0.07587865740060806,0.6786921620368958,0.40484970808029175,-0.04988209158182144,0.620482861995697,0.4613822102546692,-0.0645042434334755,0.587908923625946,0.47508057951927185,-0.06562323123216629,0.5681601166725159,0.4777369499206543,-0.06654272228479385,0.6910281777381897,0.4405408501625061,-0.04915035516023636,0.6303445100784302,0.48411262035369873,-0.05909503623843193,0.6010109186172485,0.4873794913291931,-0.05263306200504303,0.5853177905082703,0.48189759254455566,-0.04695702716708183,0.6950979828834534,0.47000470757484436,-0.04855256900191307,0.6435591578483582,0.4951757788658142,-0.05338777229189873,0.6187756657600403,0.49386465549468994,-0.04605943337082863,0.6063331365585327,0.4887179434299469,-0.039589304476976395,Left,0.9985694289207458
10286,151,1,0.34870752692222595,0.3962535262107849,5.418311275207088e-07,0.3811052143573761,0.35419991612434387,-0.011969300918281078,0.42535141110420227,0.3504650592803955,-0.026477796956896782,0.460728257894516,0.37498804926872253,-0.036114756017923355,0.4816105365753174,0.3994837701320648,-0.046566192060709,0.4083788990974426,0.3439047634601593,-0.06276914477348328,0.46708014607429504,0.3778861463069916,-0.0813273936510086,0.5045772194862366,0.39997735619544983,-0.08755863457918167,0.5335413217544556,0.4161827564239502,-0.08974162489175797,0.39273613691329956,0.389113187789917,-0.06389941275119781,0.45753565430641174,0.4167430102825165,-0.08453170955181122,0.5032104849815369,0.43401822447776794,-0.09140090644359589,0.5386109352111816,0.44240617752075195,-0.09580763429403305,0.3851710855960846,0.4312422573566437,-0.061882417649030685,0.44623321294784546,0.460079550743103,-0.07872094213962555,0.49177253246307373,0.4712521433830261,-0.08564914017915726,0.5254717469215393,0.4720035791397095,-0.08905241638422012,0.3856772780418396,0.4640953540802002,-0.058936018496751785,0.4396931529045105,0.4764948785305023,-0.06974130123853683,0.47165247797966003,0.47671791911125183,-0.07249637693166733,0.49483004212379456,0.47324463725090027,-0.07378875464200974,Right,0.9954481720924377
10334,152,0,0.7187206745147705,0.3998647928237915,1.0644058079378738e-07,0.6787717342376709,0.3681836724281311,-0.010571385733783245,0.6303784251213074,0.3809903860092163,-0.022521933540701866,0.5931065678596497,0.40913116931915283,-0.030335979536175728,0.5634535551071167,0.4195413887500763,-0.03851421922445297,0.653734564781189,0.3730301260948181,-0.04885636270046234,0.6042273044586182,0.43452659249305725,-0.06393075734376907,0.5760166645050049,0.46068164706230164,-0.06794523447751999,0.5545892119407654,0.47560179233551025,-0.06861326098442078,0.6744654178619385,0.4085076153278351,-0.04836698994040489,0.6177686452865601,0.4675883650779724,-0.0615079291164875,0.5892461538314819,0.47761279344558716,-0.0584125742316246,0.5736595392227173,0.4742189645767212,-0.05563445761799812,0.6867787837982178,0.44131723046302795,-0.046269793063402176,0.6286863088607788,0.4863908588886261,-0.055416710674762726,0.6022539138793945,0.48776915669441223,-0.04780713468790054,0.5896567106246948,0.4783536493778229,-0.0411459282040596,0.6923540234565735,0.4686862528324127,-0.0443597249686718,0.6430309414863586,0.4965680241584778,-0.050677042454481125,0.6217588186264038,0.49269431829452515,-0.04541727900505066,0.6114209294319153,0.4831748604774475,-0.04006806015968323,Left,0.9992152452468872
10334,152,1,0.3484693169593811,0.3966076076030731,5.378369110076164e-07,0.3811379671096802,0.3542550504207611,-0.011908470652997494,0.4257983863353729,0.35072413086891174,-0.026086125522851944,0.4611002802848816,0.3752068281173706,-0.03542957827448845,0.4818575978279114,0.3988829255104065,-0.04555248096585274,0.4090794026851654,0.34395918250083923,-0.06132982671260834,0.4678310751914978,0.3781079053878784,-0.07909523695707321,0.5049067139625549,0.4006289839744568,-0.08516164124011993,0.533636212348938,0.4173716902732849,-0.08746576309204102,0.39411187171936035,0.3906949758529663,-0.06224500387907028,0.4582834839820862,0.41815897822380066,-0.08219823241233826,0.5033217668533325,0.43558329343795776,-0.08925466984510422,0.5384420156478882,0.44394245743751526,-0.09410350024700165,0.3869154751300812,0.43330904841423035,-0.06003151461482048,0.44824621081352234,0.4618474841117859,-0.07667840272188187,0.4932287037372589,0.47280776500701904,-0.08383627980947495,0.5260395407676697,0.4730154871940613,-0.08762360364198685,0.3877604603767395,0.4658203125,-0.056871406733989716,0.44152408838272095,0.4776535630226135,-0.06750056892633438,0.4717777669429779,0.4767763912677765,-0.07021588087081909,0.4929945766925812,0.4720419943332672,-0.07169570028781891,Right,0.9940524697303772
10380,153,0,0.7192862033843994,0.40360841155052185,2.4601172299298923e-07,0.677715003490448,0.364391028881073,-0.01195619534701109,0.6288632154464722,0.3784636855125427,-0.023783182725310326,0.5941691398620605,0.41151127219200134,-0.03042801469564438,0.5654956102371216,0.42765626311302185,-0.037329722195863724,0.6574925780296326,0.38117897510528564,-0.05535972863435745,0.6071887612342834,0.44075459241867065,-0.07049936801195145,0.5765674114227295,0.4604240357875824,-0.07311331480741501,0.553453266620636,0.4711446166038513,-0.07219149172306061,0.6755322217941284,0.4190085828304291,-0.05267257243394852,0.6143202781677246,0.4731723964214325,-0.06406018882989883,0.5845386385917664,0.47248923778533936,-0.05825713276863098,0.569484531879425,0.4609546661376953,-0.05324344336986542,0.6845927238464355,0.4510473310947418,-0.047962743788957596,0.6240206956863403,0.4936820864677429,-0.054247383028268814,0.5989251136779785,0.48559698462486267,-0.04504069685935974,0.5871341228485107,0.4708748757839203,-0.03786942735314369,0.6867139935493469,0.4758688807487488,-0.043628714978694916,0.6377501487731934,0.5017157196998596,-0.04748418554663658,0.6179038882255554,0.49029937386512756,-0.04133082181215286,0.6080777645111084,0.47693175077438354,-0.03591995686292648,Left,0.9992060661315918
10380,153,1,0.34973597526550293,0.39704880118370056,5.369534505916818e-07,0.3834766745567322,0.3558743894100189,-0.011903964914381504,0.42751532793045044,0.3527781069278717,-0.026220563799142838,0.4623516798019409,0.3774089813232422,-0.03559345752000809,0.4834006726741791,0.3999687433242798,-0.04569065570831299,0.41016045212745667,0.3455185294151306,-0.06197730824351311,0.4686838388442993,0.3807855546474457,-0.0800069272518158,0.505634605884552,0.40328848361968994,-0.0860213041305542,0.534324049949646,0.41971999406814575,-0.08812214434146881,0.39461684226989746,0.3923105299472809,-0.06262297928333282,0.45951780676841736,0.4218802750110626,-0.0823649987578392,0.504702091217041,0.43976324796676636,-0.0890883132815361,0.5398942828178406,0.4486151933670044,-0.09373155236244202,0.38728994131088257,0.4345923364162445,-0.06010480970144272,0.449582576751709,0.46463337540626526,-0.07645832002162933,0.49469247460365295,0.47548428177833557,-0.08308495581150055,0.5274185538291931,0.4760603904724121,-0.0864996388554573,0.3882060647010803,0.46658435463905334,-0.056638386100530624,0.44244185090065,0.47789233922958374,-0.0671568289399147,0.4741171598434448,0.4768087863922119,-0.06980397552251816,0.49667879939079285,0.4726005494594574,-0.07115550339221954,Right,0.9947438836097717
10427,154,0,0.719007670879364,0.40448319911956787,3.105389794200164e-07,0.6772316694259644,0.3651469349861145,-0.011293824762105942,0.6283532381057739,0.3791070878505707,-0.022625675424933434,0.5937874913215637,0.410462349653244,-0.029132777824997902,0.5654966831207275,0.4275442361831665,-0.03591182827949524,0.655842661857605,0.3860813081264496,-0.05521176755428314,0.6059314012527466,0.4434567987918854,-0.06938502192497253,0.5752460360527039,0.4599377512931824,-0.07043462991714478,0.5535824298858643,0.46804818511009216,-0.06812240928411484,0.6740269064903259,0.4229493737220764,-0.052421312779188156,0.6125372052192688,0.4734301269054413,-0.06442658603191376,0.5824298858642578,0.4719295799732208,-0.058423593640327454,0.5673056840896606,0.4601951539516449,-0.05252843350172043,0.6837045550346375,0.4534381330013275,-0.04728098213672638,0.623325765132904,0.49275973439216614,-0.053799476474523544,0.5980046391487122,0.4839422106742859,-0.04437752440571785,0.5867640972137451,0.46878528594970703,-0.0367031991481781,0.6869276762008667,0.4777076542377472,-0.04233226552605629,0.6379488110542297,0.5013034343719482,-0.04619773477315903,0.6166810393333435,0.48944181203842163,-0.040044091641902924,0.6055863499641418,0.47564151883125305,-0.03432757779955864,Left,0.9984626173973083
10427,154,1,0.3498997986316681,0.3980019986629486,5.36263598860387e-07,0.38334041833877563,0.35587263107299805,-0.011542095802724361,0.4279206395149231,0.352276086807251,-0.025791563093662262,0.4632149338722229,0.37749946117401123,-0.035132694989442825,0.4843437671661377,0.4012218117713928,-0.04518997296690941,0.4108816981315613,0.34585195779800415,-0.061927057802677155,0.4696839451789856,0.38172921538352966,-0.0799626037478447,0.5068448185920715,0.4047664701938629,-0.08597864955663681,0.5354387164115906,0.42157602310180664,-0.08809635043144226,0.39508816599845886,0.39238440990448,-0.06276648491621017,0.46006229519844055,0.4219880998134613,-0.08278346806764603,0.5054510831832886,0.44031262397766113,-0.08973642438650131,0.5407707691192627,0.44954079389572144,-0.09443549811840057,0.38762107491493225,0.4348188638687134,-0.06035416200757027,0.45027390122413635,0.464304655790329,-0.07682785391807556,0.49584874510765076,0.4758666157722473,-0.08376490324735641,0.529151201248169,0.477218359708786,-0.08733665198087692,0.38862767815589905,0.4671921730041504,-0.056917402893304825,0.4428304135799408,0.4792243540287018,-0.06765227019786835,0.4752469062805176,0.4788707494735718,-0.07063061743974686,0.4988934397697449,0.47531163692474365,-0.07213110476732254,Right,0.9951450228691101
10473,155,0,0.7211222648620605,0.4057190418243408,3.4233039514219854e-07,0.6797336339950562,0.36120498180389404,-0.015080142766237259,0.6295791864395142,0.3750608563423157,-0.025210874155163765,0.5968827605247498,0.4112010598182678,-0.02944372594356537,0.5687847137451172,0.42911991477012634,-0.03348779305815697,0.660183846950531,0.40268951654434204,-0.055382195860147476,0.6091821789741516,0.4566274583339691,-0.06833311170339584,0.5782153606414795,0.46445152163505554,-0.06813994795084,0.5575709939002991,0.4636859595775604,-0.06473013758659363,0.6778469085693359,0.4406593143939972,-0.04897254705429077,0.6152235865592957,0.48641419410705566,-0.059649113565683365,0.5870320796966553,0.4777049422264099,-0.05321096256375313,0.5759802460670471,0.4612841308116913,-0.046890292316675186,0.686152458190918,0.4673164188861847,-0.040559377521276474,0.6269178986549377,0.5008226037025452,-0.04574290290474892,0.6052785515785217,0.4865877628326416,-0.03723226860165596,0.5975599884986877,0.46982184052467346,-0.030371863394975662,0.6878135204315186,0.48481810092926025,-0.03272172436118126,0.6411378979682922,0.5062808990478516,-0.03599639609456062,0.6230515241622925,0.49094411730766296,-0.031224584206938744,0.6155844926834106,0.4753512442111969,-0.026695523411035538,Left,0.9956398606300354
10473,155,1,0.34966474771499634,0.3972345292568207,5.488573719958367e-07,0.3841713070869446,0.3558486998081207,-0.011620115488767624,0.4286871552467346,0.3529755473136902,-0.025723757222294807,0.46359241008758545,0.37833744287490845,-0.03496292605996132,0.48484647274017334,0.40189966559410095,-0.0449182353913784,0.41207370162010193,0.3467804789543152,-0.060571812093257904,0.4706335961818695,0.38318026065826416,-0.07856234908103943,0.507932722568512,0.4062822461128235,-0.08481159806251526,0.5366964340209961,0.42316827178001404,-0.08699134737253189,0.3965187966823578,0.3936674892902374,-0.061450518667697906,0.4621594548225403,0.42467036843299866,-0.08057888597249985,0.5078941583633423,0.4427482485771179,-0.0872456431388855,0.5435501337051392,0.4517054557800293,-0.09184163063764572,0.38881373405456543,0.435819536447525,-0.05920042097568512,0.4514654874801636,0.4667655825614929,-0.07483521848917007,0.4966577887535095,0.4774476885795593,-0.08122710138559341,0.529635488986969,0.4780742824077606,-0.08455910533666611,0.3889051079750061,0.4674232304096222,-0.056034527719020844,0.44260814785957336,0.4807129204273224,-0.06601729243993759,0.47431129217147827,0.4800655245780945,-0.068231962621212,0.49704378843307495,0.4758892059326172,-0.06923524290323257,Right,0.9952410459518433
10521,156,0,0.7203143835067749,0.4070550799369812,3.9471012769354274e-07,0.6811121106147766,0.3586825728416443,-0.02148197963833809,0.6338801980018616,0.37221112847328186,-0.03302307426929474,0.5987303853034973,0.41025450825691223,-0.037313416600227356,0.5692716836929321,0.4333488345146179,-0.04077215865254402,0.6654112339019775,0.4044443368911743,-0.061033520847558975,0.6121753454208374,0.45659977197647095,-0.07425796985626221,0.5803219676017761,0.4659891724586487,-0.07284001260995865,0.560399055480957,0.46511638164520264,-0.06860554963350296,0.679796576499939,0.44631484150886536,-0.05102440342307091,0.6162447333335876,0.48565542697906494,-0.06167951226234436,0.5875503420829773,0.4802490472793579,-0.05514856427907944,0.5757522583007812,0.4661865830421448,-0.04888041317462921,0.686008632183075,0.47421911358833313,-0.03934536874294281,0.6272404193878174,0.5011480450630188,-0.04503701254725456,0.6045742034912109,0.4886775314807892,-0.03770585358142853,0.5957509279251099,0.47254863381385803,-0.03218203783035278,0.6861438155174255,0.4911097288131714,-0.028766104951500893,0.641234815120697,0.5045216083526611,-0.034216564148664474,0.6214502453804016,0.4920670986175537,-0.03200659528374672,0.6116548180580139,0.47888413071632385,-0.02922561950981617,Left,0.993021547794342
10521,156,1,0.3482818305492401,0.3986784517765045,5.258594342194556e-07,0.3829713761806488,0.35634729266166687,-0.010775228030979633,0.42794597148895264,0.3539166748523712,-0.02358783595263958,0.4626920819282532,0.379421591758728,-0.03190053626894951,0.4833316206932068,0.40307411551475525,-0.04084385931491852,0.4129756987094879,0.3481752872467041,-0.056059036403894424,0.47120487689971924,0.38429009914398193,-0.07332237809896469,0.5082880258560181,0.40791505575180054,-0.07924352586269379,0.5369848012924194,0.4251185953617096,-0.0810987800359726,0.3978256285190582,0.3948739171028137,-0.05711724981665611,0.46265241503715515,0.4272761940956116,-0.07517927139997482,0.5071967840194702,0.44610732793807983,-0.0814923346042633,0.5418926477432251,0.4556458294391632,-0.08562873303890228,0.3900856375694275,0.43683087825775146,-0.05533839017152786,0.4518916606903076,0.4674963355064392,-0.07036913931369781,0.4965505599975586,0.47839096188545227,-0.07677657902240753,0.5291205048561096,0.47948652505874634,-0.07983279973268509,0.39006906747817993,0.4681788384914398,-0.05268247425556183,0.44373929500579834,0.48174136877059937,-0.06261984258890152,0.47735780477523804,0.48265478014945984,-0.0653674304485321,0.502008318901062,0.47982487082481384,-0.06647684425115585,Right,0.9942929148674011
10567,157,0,0.7181605696678162,0.41069677472114563,4.4969675627726247e-07,0.6793738007545471,0.35897183418273926,-0.024664537981152534,0.6330674290657043,0.3730306625366211,-0.03649043291807175,0.5978378057479858,0.4110792875289917,-0.04030495136976242,0.5692906379699707,0.4337195158004761,-0.042723022401332855,0.6674757599830627,0.40857642889022827,-0.06264578551054001,0.6123455166816711,0.45987698435783386,-0.07526495307683945,0.5796841382980347,0.46886205673217773,-0.07261351495981216,0.5596218705177307,0.4666925072669983,-0.0675993338227272,0.6809717416763306,0.4525926113128662,-0.05040993168950081,0.6165659427642822,0.48724886775016785,-0.061166610568761826,0.5866796970367432,0.4820045530796051,-0.054292891174554825,0.5732344388961792,0.4679758548736572,-0.04763174429535866,0.6855730414390564,0.4810499846935272,-0.03679591044783592,0.6260863542556763,0.4999164640903473,-0.04227498918771744,0.6011833548545837,0.4875681698322296,-0.03570718318223953,0.5900785326957703,0.47229939699172974,-0.030976150184869766,0.6839891672134399,0.49791207909584045,-0.02463226020336151,0.6395354866981506,0.5027027726173401,-0.030585210770368576,0.618135929107666,0.49050915241241455,-0.029954571276903152,0.606010913848877,0.4788183867931366,-0.028365230187773705,Left,0.9971101880073547
10567,157,1,0.34705644845962524,0.39905717968940735,5.265159757072979e-07,0.38326817750930786,0.3565921485424042,-0.010021686553955078,0.42873233556747437,0.3553932309150696,-0.022252291440963745,0.46384570002555847,0.38106369972229004,-0.030326159670948982,0.4845316410064697,0.4046429991722107,-0.0390683189034462,0.41429778933525085,0.3504141867160797,-0.05363159999251366,0.47246548533439636,0.38716816902160645,-0.07062307000160217,0.5096514821052551,0.4103706479072571,-0.07643737643957138,0.5383929014205933,0.42726364731788635,-0.07817872613668442,0.39942294359207153,0.39645394682884216,-0.05499370023608208,0.4639710485935211,0.4303014874458313,-0.07215992361307144,0.5081404447555542,0.4494583308696747,-0.07778768241405487,0.5419904589653015,0.45941704511642456,-0.08141376823186874,0.3912382125854492,0.43748903274536133,-0.05366476625204086,0.4530511498451233,0.4678093194961548,-0.06780743598937988,0.49767595529556274,0.4784417748451233,-0.07354098558425903,0.5297834277153015,0.4794275164604187,-0.07616670429706573,0.3903854489326477,0.46796363592147827,-0.05153759568929672,0.44381675124168396,0.4830816090106964,-0.061094626784324646,0.47861504554748535,0.48556917905807495,-0.06379235535860062,0.504065752029419,0.4837746024131775,-0.06478681415319443,Right,0.9948306679725647
10613,158,0,0.7205339074134827,0.4129789173603058,4.3483993295012624e-07,0.6814582943916321,0.35964253544807434,-0.023926861584186554,0.6337806582450867,0.37359848618507385,-0.035322923213243484,0.597194492816925,0.4111963212490082,-0.03910433501005173,0.5685425400733948,0.43447524309158325,-0.04163875803351402,0.6657246947288513,0.40849149227142334,-0.05923013016581535,0.6118496656417847,0.4583740234375,-0.0713651105761528,0.5795881152153015,0.467174232006073,-0.06866681575775146,0.5600430965423584,0.46372827887535095,-0.06362535804510117,0.6798644065856934,0.45253053307533264,-0.04742180183529854,0.6155325770378113,0.4862743020057678,-0.05800804868340492,0.5867878198623657,0.48083195090293884,-0.05172004923224449,0.5742791295051575,0.46569907665252686,-0.04518910124897957,0.6851252317428589,0.4816010296344757,-0.03439311310648918,0.6252012252807617,0.4999811351299286,-0.03981580585241318,0.599736213684082,0.4884796440601349,-0.03433987870812416,0.5886263847351074,0.47282490134239197,-0.030309626832604408,0.6840744614601135,0.4992121756076813,-0.02272631600499153,0.6385353803634644,0.5040445327758789,-0.02898770570755005,0.6169792413711548,0.49230656027793884,-0.02916860766708851,0.6049084663391113,0.4804486036300659,-0.0280333049595356,Left,0.9970051646232605
10613,158,1,0.347809374332428,0.40123024582862854,5.189673402128392e-07,0.3842061758041382,0.3593559265136719,-0.009641972370445728,0.42955419421195984,0.357559472322464,-0.021353937685489655,0.4642716646194458,0.3829537034034729,-0.028987962752580643,0.48489871621131897,0.4064928889274597,-0.03704463317990303,0.4163910448551178,0.35252854228019714,-0.05103776231408119,0.4750155210494995,0.39122068881988525,-0.06690305471420288,0.51124507188797,0.41388198733329773,-0.07195921987295151,0.5390203595161438,0.43063876032829285,-0.07330867648124695,0.40111789107322693,0.398594468832016,-0.05228760838508606,0.46481063961982727,0.43295198678970337,-0.0689125657081604,0.5078218579292297,0.4524723291397095,-0.07446777820587158,0.5408862829208374,0.4627344310283661,-0.07798203080892563,0.3928872346878052,0.43935513496398926,-0.05092576518654823,0.4537616968154907,0.46870046854019165,-0.06452209502458572,0.49688994884490967,0.4796797037124634,-0.07016309350728989,0.5285992622375488,0.480587363243103,-0.0729072093963623,0.3918635845184326,0.4690370261669159,-0.04876157268881798,0.4431597888469696,0.4824838638305664,-0.05755700170993805,0.4752296507358551,0.4857030510902405,-0.0597170926630497,0.49884629249572754,0.4846169948577881,-0.06046659126877785,Right,0.9932560920715332
10661,159,0,0.7198587656021118,0.41280123591423035,4.254865757502557e-07,0.6815512776374817,0.3601034879684448,-0.022444922477006912,0.6339607834815979,0.3741490840911865,-0.03344769775867462,0.5975519418716431,0.4123675227165222,-0.037226602435112,0.5685760378837585,0.43643516302108765,-0.0399504117667675,0.6640229821205139,0.40644922852516174,-0.05741030350327492,0.6108509302139282,0.4597102105617523,-0.0695677250623703,0.578364372253418,0.4700949788093567,-0.06744063645601273,0.5589718222618103,0.4690791666507721,-0.06281141936779022,0.6788170337677002,0.44938012957572937,-0.04668554663658142,0.6153416037559509,0.4866950511932373,-0.056840840727090836,0.5852091908454895,0.48404696583747864,-0.05092785879969597,0.5713779330253601,0.47223055362701416,-0.0449240542948246,0.6850749850273132,0.47837594151496887,-0.03465639799833298,0.6261809468269348,0.49928155541419983,-0.039824072271585464,0.6002584099769592,0.4905824661254883,-0.03403009846806526,0.5883638858795166,0.47817477583885193,-0.029831847175955772,0.684951663017273,0.4963286519050598,-0.02385491505265236,0.6394345760345459,0.5033944845199585,-0.0292727779597044,0.6174767017364502,0.49330800771713257,-0.02832038328051567,0.6052128672599792,0.48361364006996155,-0.026567094027996063,Left,0.9960780739784241
10661,159,1,0.3482295572757721,0.40089693665504456,5.068010864306416e-07,0.38477638363838196,0.3608490228652954,-0.009888354688882828,0.43001094460487366,0.3596237897872925,-0.02208484150469303,0.4652591943740845,0.3840327560901642,-0.030215954408049583,0.48668372631073,0.4064875841140747,-0.03870509937405586,0.4166039228439331,0.3527942895889282,-0.05140654742717743,0.47486522793769836,0.3924868702888489,-0.06725786626338959,0.5110089182853699,0.4147382378578186,-0.07220544666051865,0.5390376448631287,0.4311783015727997,-0.07357410341501236,0.40108269453048706,0.398548424243927,-0.05263417586684227,0.4649851620197296,0.4340762197971344,-0.06867200136184692,0.5074411630630493,0.45347079634666443,-0.07341988384723663,0.5399574041366577,0.46393883228302,-0.0765763446688652,0.3923541307449341,0.43917426466941833,-0.05136500298976898,0.453824520111084,0.46948379278182983,-0.06437831372022629,0.49674180150032043,0.48025304079055786,-0.06928703933954239,0.5281473398208618,0.48143115639686584,-0.07180240750312805,0.3907543420791626,0.46929216384887695,-0.04940260574221611,0.44179055094718933,0.48360827565193176,-0.05812850594520569,0.4746484160423279,0.48725616931915283,-0.06040901318192482,0.49924302101135254,0.4865087568759918,-0.061369769275188446,Right,0.9944589138031006
10706,160,0,0.7224522233009338,0.4100323021411896,4.169491205630038e-07,0.6841280460357666,0.35916370153427124,-0.021234532818198204,0.6367675065994263,0.3747554421424866,-0.03223172947764397,0.6000127196311951,0.4120449721813202,-0.03602753207087517,0.5707523822784424,0.4345725178718567,-0.03911539539694786,0.6628799438476562,0.40592697262763977,-0.05889346823096275,0.6114749908447266,0.4591827988624573,-0.07178854197263718,0.5782149434089661,0.4713526964187622,-0.07081475853919983,0.5567485690116882,0.4739525020122528,-0.0670158863067627,0.6776559948921204,0.4478084146976471,-0.04881469905376434,0.6154053211212158,0.489120215177536,-0.05970047414302826,0.5845155715942383,0.4850032329559326,-0.05397602170705795,0.5700398087501526,0.47308629751205444,-0.04796586558222771,0.6846256256103516,0.4760998785495758,-0.03708821162581444,0.6261733174324036,0.5027335286140442,-0.042791739106178284,0.6006503105163574,0.4913283884525299,-0.03655780851840973,0.589389443397522,0.47720712423324585,-0.031630028039216995,0.6855456233024597,0.493210107088089,-0.02639840357005596,0.6401209235191345,0.5054432153701782,-0.03139789029955864,0.6184014678001404,0.4950293004512787,-0.029494378715753555,0.60666823387146,0.48483678698539734,-0.02689771167933941,Left,0.9978899359703064
10706,160,1,0.3470184803009033,0.4028788208961487,4.962431603416917e-07,0.3828752040863037,0.3621295094490051,-0.009759033098816872,0.4268667697906494,0.3615668714046478,-0.02135884389281273,0.46120989322662354,0.3854978680610657,-0.02873029001057148,0.4825138449668884,0.40748828649520874,-0.036376163363456726,0.4136657118797302,0.3594823181629181,-0.05062705650925636,0.4722251296043396,0.3961569666862488,-0.06607037782669067,0.5087587833404541,0.4180997610092163,-0.07047674059867859,0.5365282893180847,0.43441736698150635,-0.07105888426303864,0.39979976415634155,0.4060741364955902,-0.05122338607907295,0.46501198410987854,0.44125646352767944,-0.0658496767282486,0.5078622102737427,0.459116131067276,-0.06921019405126572,0.5400884747505188,0.46856170892715454,-0.07121574878692627,0.3920529782772064,0.44565191864967346,-0.04932194948196411,0.4536954462528229,0.4746289849281311,-0.06079547479748726,0.4957502484321594,0.48227742314338684,-0.06375855952501297,0.5259657502174377,0.4819642901420593,-0.06479710340499878,0.39085566997528076,0.4730156660079956,-0.046791043132543564,0.4416561722755432,0.486865758895874,-0.0539051778614521,0.47448891401290894,0.4891687035560608,-0.05432739481329918,0.49883905053138733,0.487557053565979,-0.053813353180885315,Right,0.9958762526512146
10753,161,0,0.7230919599533081,0.4077260196208954,3.988375851804449e-07,0.6833266615867615,0.3611178994178772,-0.019509954378008842,0.6365624070167542,0.37753576040267944,-0.030045855790376663,0.6004257798194885,0.41384023427963257,-0.03386257216334343,0.5711714029312134,0.4341845214366913,-0.03675595298409462,0.6615749597549438,0.40723398327827454,-0.05586003512144089,0.6096954941749573,0.46136045455932617,-0.06802965700626373,0.5776124596595764,0.4726426899433136,-0.06656289100646973,0.5574802160263062,0.47435346245765686,-0.0623142309486866,0.6769492030143738,0.4482620656490326,-0.04651506245136261,0.6139608025550842,0.49069952964782715,-0.05668237805366516,0.5844557285308838,0.48579442501068115,-0.05034308508038521,0.5716908574104309,0.47329020500183105,-0.043861884623765945,0.6843611001968384,0.47624194622039795,-0.035542894154787064,0.6249282956123352,0.5041835308074951,-0.04056877642869949,0.601067841053009,0.4920422434806824,-0.033543430268764496,0.5916657447814941,0.4772118330001831,-0.02799222432076931,0.6854586005210876,0.4935522675514221,-0.02556625008583069,0.6396190524101257,0.5065051913261414,-0.029942024499177933,0.619068443775177,0.49519601464271545,-0.02749934419989586,0.6087150573730469,0.48400065302848816,-0.024455001577734947,Left,0.9967499375343323
10753,161,1,0.3452720642089844,0.4028026759624481,4.83977714793582e-07,0.3818844258785248,0.3614259958267212,-0.010478039272129536,0.4259227216243744,0.3613620400428772,-0.022539224475622177,0.4596060514450073,0.3880745768547058,-0.030093571171164513,0.4800076484680176,0.4120120704174042,-0.03790150210261345,0.4126681387424469,0.3603176474571228,-0.05308648571372032,0.47074568271636963,0.3985234498977661,-0.0696517676115036,0.5073793530464172,0.4204305410385132,-0.0752444863319397,0.5355275869369507,0.4357931911945343,-0.07676329463720322,0.3970862329006195,0.40616098046302795,-0.05354442074894905,0.46160048246383667,0.44211962819099426,-0.06950634717941284,0.5047366619110107,0.4589564800262451,-0.07416699081659317,0.5375803709030151,0.466595858335495,-0.07712314277887344,0.3885897397994995,0.44562384486198425,-0.051272738724946976,0.45027753710746765,0.4771157503128052,-0.06372281163930893,0.49274009466171265,0.48423635959625244,-0.06715720891952515,0.5231252312660217,0.4820941984653473,-0.06843592971563339,0.3873022794723511,0.4733045697212219,-0.04836411401629448,0.4388936161994934,0.4881786108016968,-0.056512486189603806,0.4717276096343994,0.48943352699279785,-0.057150743901729584,0.49585574865341187,0.4860667288303375,-0.056586503982543945,Right,0.9946039319038391
10800,162,0,0.7252453565597534,0.4069533050060272,3.8806444990768796e-07,0.6847912073135376,0.360405832529068,-0.019656576216220856,0.6374112367630005,0.3772338032722473,-0.03078748658299446,0.6007745265960693,0.41265830397605896,-0.03501198813319206,0.5719365477561951,0.43192237615585327,-0.038396626710891724,0.6610896587371826,0.40588921308517456,-0.05930272862315178,0.6087247729301453,0.46058911085128784,-0.07164972275495529,0.5760712027549744,0.4729670584201813,-0.06980840861797333,0.5553755760192871,0.47536012530326843,-0.06548202782869339,0.6764337420463562,0.4480462372303009,-0.050120025873184204,0.6126366257667542,0.49001309275627136,-0.06083020567893982,0.5844050645828247,0.48340481519699097,-0.05403587594628334,0.5733227133750916,0.4694935381412506,-0.04735555499792099,0.683972179889679,0.47719377279281616,-0.039016272872686386,0.6234858632087708,0.5053934454917908,-0.044225163757801056,0.6009172201156616,0.4914376437664032,-0.03645047917962074,0.5936499834060669,0.47529661655426025,-0.03064478002488613,0.6855593323707581,0.4952448606491089,-0.02893074043095112,0.6391059756278992,0.5080574750900269,-0.03360123932361603,0.6190510392189026,0.4954030513763428,-0.030965259298682213,0.609745979309082,0.4833800196647644,-0.027957690879702568,Left,0.9942508339881897
10800,162,1,0.34478867053985596,0.4029567241668701,4.827248289984709e-07,0.3814602196216583,0.3615630865097046,-0.010739020071923733,0.42648568749427795,0.3612983822822571,-0.02290204167366028,0.4611714482307434,0.38820338249206543,-0.030406532809138298,0.482076495885849,0.41194847226142883,-0.038267865777015686,0.4113575518131256,0.3600696921348572,-0.05512247979640961,0.4694685637950897,0.3994673788547516,-0.07196862995624542,0.506612241268158,0.4219149947166443,-0.07749781012535095,0.5352924466133118,0.4374924302101135,-0.07899386435747147,0.3952048420906067,0.40569108724594116,-0.05559006705880165,0.4602435529232025,0.442408949136734,-0.07194305956363678,0.5045112371444702,0.4591634273529053,-0.07662742584943771,0.5383312702178955,0.4664607048034668,-0.07972867041826248,0.38659414649009705,0.44536468386650085,-0.053196705877780914,0.44885581731796265,0.4783664047718048,-0.06617791205644608,0.49222201108932495,0.48510658740997314,-0.06990893185138702,0.5232090353965759,0.4820518493652344,-0.07138388603925705,0.38542652130126953,0.4734843075275421,-0.05012703314423561,0.43823522329330444,0.489136666059494,-0.05889817699790001,0.47187310457229614,0.4895160496234894,-0.05997469648718834,0.49635469913482666,0.4847477972507477,-0.05974603816866875,Right,0.9944943785667419
10846,163,0,0.7278686761856079,0.4068886637687683,3.792417544445925e-07,0.6867689490318298,0.3617491126060486,-0.019351225346326828,0.6384796500205994,0.3791751265525818,-0.03060094267129898,0.6013571619987488,0.41563352942466736,-0.03505731374025345,0.5708582401275635,0.43158701062202454,-0.038681741803884506,0.662260890007019,0.40592557191848755,-0.05861680954694748,0.6099815368652344,0.4628291726112366,-0.07157661765813828,0.5776510238647461,0.4743858575820923,-0.0702839121222496,0.5568860173225403,0.47577282786369324,-0.06616073846817017,0.6777645349502563,0.44812244176864624,-0.04957696795463562,0.6138646602630615,0.4915260970592499,-0.060592275112867355,0.5848339796066284,0.4853613078594208,-0.05401527136564255,0.5728881359100342,0.47121888399124146,-0.04735215753316879,0.6852875351905823,0.4773498773574829,-0.03867483511567116,0.6247684955596924,0.5070505738258362,-0.04403221234679222,0.6018646359443665,0.4936186969280243,-0.0362284779548645,0.5939159989356995,0.4771542549133301,-0.030190229415893555,0.6866746544837952,0.4958905279636383,-0.028808241710066795,0.6402249932289124,0.5100750923156738,-0.033480629324913025,0.6200286746025085,0.49755972623825073,-0.030733413994312286,0.6101086735725403,0.48516538739204407,-0.02745877392590046,Left,0.993855893611908
10846,163,1,0.34518876671791077,0.4032520055770874,4.89403873871197e-07,0.38199669122695923,0.36023733019828796,-0.011075415648519993,0.42630302906036377,0.3594135642051697,-0.0238883625715971,0.4604370594024658,0.38766929507255554,-0.03175624459981918,0.4808562695980072,0.4121707081794739,-0.039956673979759216,0.40969517827033997,0.3599774241447449,-0.0572744719684124,0.4681130349636078,0.3993459641933441,-0.07418879866600037,0.5051054954528809,0.4214847981929779,-0.07967742532491684,0.533715009689331,0.4368021488189697,-0.08120079338550568,0.394104540348053,0.4063282310962677,-0.05739109218120575,0.45903122425079346,0.44292575120925903,-0.07412213832139969,0.5029180645942688,0.4595819115638733,-0.07865355163812637,0.5363472700119019,0.46668553352355957,-0.08162747323513031,0.3861941397190094,0.4463730454444885,-0.054428402334451675,0.44847920536994934,0.47886011004447937,-0.06729573756456375,0.49221158027648926,0.4854744076728821,-0.07069548964500427,0.5235114693641663,0.482248455286026,-0.0720958262681961,0.3856852352619171,0.47439295053482056,-0.05078087002038956,0.4384835362434387,0.4898253083229065,-0.05932042747735977,0.47189855575561523,0.4894537627696991,-0.060022350400686264,0.496233731508255,0.48399531841278076,-0.05962541326880455,Right,0.9935993552207947
10891,164,0,0.7290894985198975,0.40736427903175354,3.696703174682625e-07,0.6868172287940979,0.36142927408218384,-0.018929999321699142,0.6377305388450623,0.379746675491333,-0.029290901497006416,0.6011130213737488,0.4173084795475006,-0.0329536572098732,0.5705748200416565,0.43299898505210876,-0.03575165569782257,0.6629441976547241,0.4077339470386505,-0.05639788880944252,0.6112446188926697,0.4638987183570862,-0.06855910271406174,0.5791960954666138,0.4751301407814026,-0.0671272948384285,0.5584455728530884,0.4764116108417511,-0.06312241405248642,0.6782588958740234,0.44998374581336975,-0.0473565049469471,0.6148151159286499,0.49201351404190063,-0.05741491913795471,0.5858805775642395,0.4858555495738983,-0.050900090485811234,0.5738234519958496,0.47195011377334595,-0.04450232535600662,0.6856247186660767,0.47883161902427673,-0.03653046861290932,0.6254071593284607,0.5071089863777161,-0.04122746363282204,0.6024332046508789,0.4940526783466339,-0.033708225935697556,0.5938596725463867,0.47811299562454224,-0.028051910921931267,0.6867191791534424,0.4968453049659729,-0.02674867957830429,0.6407152414321899,0.5098738670349121,-0.0310207512229681,0.6206481456756592,0.4976433217525482,-0.028503594920039177,0.6103900074958801,0.4856666922569275,-0.025553585961461067,Left,0.9926605224609375
10891,164,1,0.34552258253097534,0.4027732014656067,5.0040074484059e-07,0.3822193145751953,0.3597961664199829,-0.01123459730297327,0.4271228015422821,0.35944992303848267,-0.024188555777072906,0.4618346095085144,0.38749438524246216,-0.03208734095096588,0.4823716878890991,0.4126385450363159,-0.040364060550928116,0.40997114777565,0.35967692732810974,-0.05867568776011467,0.469078928232193,0.39950138330459595,-0.07604052126407623,0.5069490671157837,0.42234498262405396,-0.08168935775756836,0.5357346534729004,0.4380638897418976,-0.08323215693235397,0.393812894821167,0.4053475558757782,-0.058696482330560684,0.4594041407108307,0.44263723492622375,-0.07555589824914932,0.503678560256958,0.4590332508087158,-0.07986517250537872,0.5367147326469421,0.46589991450309753,-0.08269303292036057,0.38575392961502075,0.44536393880844116,-0.05559467524290085,0.448718398809433,0.4786722660064697,-0.06812664121389389,0.49251145124435425,0.48489856719970703,-0.07121927291154861,0.5233551859855652,0.4816564917564392,-0.07247573882341385,0.3852916359901428,0.4740324020385742,-0.05184846743941307,0.43870240449905396,0.48991847038269043,-0.06012030690908432,0.4725535213947296,0.49000242352485657,-0.06081327795982361,0.4969906806945801,0.48515263199806213,-0.06042233482003212,Right,0.9929524660110474
10937,165,0,0.7299803495407104,0.4078221023082733,3.686302534333663e-07,0.687900960445404,0.36021745204925537,-0.018714560195803642,0.63849937915802,0.37811481952667236,-0.028761280700564384,0.6017797589302063,0.4163864254951477,-0.03227362781763077,0.5715656280517578,0.4343867897987366,-0.034926410764455795,0.6634888052940369,0.40603500604629517,-0.0552753210067749,0.6117538213729858,0.4630729556083679,-0.0672866627573967,0.5789076089859009,0.4752362370491028,-0.06592534482479095,0.5577046275138855,0.4770561158657074,-0.06204138323664665,0.6785731911659241,0.4484795331954956,-0.046590764075517654,0.6152094006538391,0.49121811985969543,-0.05657167732715607,0.586152195930481,0.48547807335853577,-0.05022025853395462,0.5741739273071289,0.47203299403190613,-0.04396149888634682,0.6860084533691406,0.4776986837387085,-0.0361756905913353,0.6259211301803589,0.5063837766647339,-0.04093733802437782,0.6028778553009033,0.49361395835876465,-0.033333390951156616,0.5944728255271912,0.4783601462841034,-0.027669016271829605,0.6873456239700317,0.49634554982185364,-0.026813354343175888,0.6412703990936279,0.5092642307281494,-0.03124818578362465,0.6209990978240967,0.4973899722099304,-0.02862546779215336,0.6108446717262268,0.48623883724212646,-0.02563175931572914,Left,0.9933185577392578
10937,165,1,0.3446282148361206,0.402494877576828,4.902535124529095e-07,0.3816196620464325,0.35850000381469727,-0.010801239870488644,0.42664679884910583,0.357866495847702,-0.023425200954079628,0.46169668436050415,0.38622820377349854,-0.031080404296517372,0.48252010345458984,0.41118985414505005,-0.03910458832979202,0.40989992022514343,0.3591156005859375,-0.05750749632716179,0.4688344895839691,0.39863935112953186,-0.07454866170883179,0.5065417885780334,0.4215077757835388,-0.08014754951000214,0.5352416634559631,0.4374051094055176,-0.08171329647302628,0.39456334710121155,0.40536975860595703,-0.05770977959036827,0.45963743329048157,0.4420314431190491,-0.07413283735513687,0.5037124156951904,0.45857512950897217,-0.07840249687433243,0.5366268754005432,0.4656889736652374,-0.08125590533018112,0.38682854175567627,0.4456184506416321,-0.05481169745326042,0.4494744837284088,0.4779551923274994,-0.06720969825983047,0.49322062730789185,0.4842149615287781,-0.07043806463479996,0.5241035223007202,0.48109033703804016,-0.0718553364276886,0.38617780804634094,0.474309504032135,-0.05122623220086098,0.43910160660743713,0.48953062295913696,-0.05965814366936684,0.4729275107383728,0.48902130126953125,-0.06049492210149765,0.49752697348594666,0.48341938853263855,-0.06019037961959839,Right,0.9927366375923157
10983,166,0,0.7300037741661072,0.4071100056171417,3.759092805921682e-07,0.687784731388092,0.3594878613948822,-0.019410813227295876,0.6389611959457397,0.3775066137313843,-0.030019167810678482,0.6015182733535767,0.41577237844467163,-0.03384299948811531,0.5703465938568115,0.43514734506607056,-0.03668505698442459,0.6639220118522644,0.40628546476364136,-0.05648849159479141,0.6116089820861816,0.46417146921157837,-0.0687364935874939,0.5788091421127319,0.4739794433116913,-0.06720398366451263,0.558410108089447,0.4734032154083252,-0.06295078247785568,0.6787329912185669,0.44839146733283997,-0.04726497456431389,0.6146093606948853,0.4921591281890869,-0.05739017575979233,0.5854833126068115,0.48499467968940735,-0.05060064047574997,0.5742748379707336,0.4703688621520996,-0.0438736267387867,0.685955822467804,0.47701042890548706,-0.036366257816553116,0.6255380511283875,0.5072664618492126,-0.04118753597140312,0.6023397445678711,0.4932464361190796,-0.03357928991317749,0.5944079756736755,0.47677046060562134,-0.027742648497223854,0.687006950378418,0.49468356370925903,-0.026530802249908447,0.6408995389938354,0.5101970434188843,-0.031106606125831604,0.6208619475364685,0.497732549905777,-0.028541315346956253,0.6115542650222778,0.48511332273483276,-0.0254310742020607,Left,0.9941818118095398
10983,166,1,0.3454975485801697,0.4024856984615326,4.914434725833416e-07,0.3826157748699188,0.35794129967689514,-0.010664768517017365,0.4279569983482361,0.35732799768447876,-0.023146159946918488,0.4624093174934387,0.3867284059524536,-0.030683990567922592,0.48232483863830566,0.41267386078834534,-0.03857710212469101,0.41021960973739624,0.35895800590515137,-0.057631999254226685,0.46905362606048584,0.39899513125419617,-0.07449652999639511,0.5068408250808716,0.4220832586288452,-0.07995110005140305,0.5356426239013672,0.4379766285419464,-0.08143705129623413,0.3942263424396515,0.40485259890556335,-0.05785072594881058,0.45956307649612427,0.4418518543243408,-0.07437492907047272,0.5040770173072815,0.4584783911705017,-0.07881481200456619,0.5376061201095581,0.4654964208602905,-0.08181943744421005,0.3865852355957031,0.4447246193885803,-0.05489065498113632,0.4495360553264618,0.47778910398483276,-0.06749885529279709,0.4935990869998932,0.483975350856781,-0.07111762464046478,0.5246310234069824,0.48039671778678894,-0.07273600250482559,0.38660696148872375,0.4730168282985687,-0.05120642110705376,0.4403766691684723,0.4884989559650421,-0.05971760302782059,0.4739723801612854,0.48721468448638916,-0.06072508171200752,0.4981241524219513,0.48048996925354004,-0.06055879965424538,Right,0.9929059147834778
11029,167,0,0.7304238080978394,0.4059235751628876,3.690255709898338e-07,0.6878005266189575,0.35880255699157715,-0.019218754023313522,0.6389458775520325,0.3765867352485657,-0.029997145757079124,0.6016090512275696,0.41530847549438477,-0.03405161574482918,0.5705274939537048,0.4354058504104614,-0.037150491029024124,0.6636551022529602,0.40463778376579285,-0.05685972049832344,0.6118629574775696,0.4625535309314728,-0.06954371184110641,0.5790934562683105,0.4733462929725647,-0.06826319545507431,0.5583180785179138,0.47346264123916626,-0.0642048567533493,0.6782344579696655,0.4469466805458069,-0.047974564135074615,0.6143163442611694,0.4909966289997101,-0.05856994912028313,0.5856127142906189,0.48378419876098633,-0.051957063376903534,0.5747261047363281,0.46874508261680603,-0.0452939048409462,0.6854386925697327,0.47597578167915344,-0.03736983612179756,0.6251882314682007,0.5067843198776245,-0.04249075800180435,0.6024065613746643,0.49254417419433594,-0.03470122814178467,0.5949850678443909,0.4756460189819336,-0.028688909485936165,0.6867106556892395,0.4941563308238983,-0.027829086408019066,0.640730619430542,0.509967029094696,-0.03244898095726967,0.6206416487693787,0.49758172035217285,-0.02970404177904129,0.6113373637199402,0.48514410853385925,-0.026452768594026566,Left,0.9922720193862915
11029,167,1,0.3460276126861572,0.40171030163764954,5.043449391450849e-07,0.38326340913772583,0.35782819986343384,-0.01093524694442749,0.4283899962902069,0.35802310705184937,-0.024138517677783966,0.46262985467910767,0.38744258880615234,-0.03239663317799568,0.4828490614891052,0.412885844707489,-0.04113317281007767,0.4102029502391815,0.35877928137779236,-0.05951833352446556,0.46844708919525146,0.3988775312900543,-0.07744508236646652,0.5064482688903809,0.42226332426071167,-0.08374273777008057,0.5354201793670654,0.43856802582740784,-0.08580099046230316,0.39419224858283997,0.4041879177093506,-0.06002096086740494,0.4592958986759186,0.44164520502090454,-0.07759944349527359,0.5043514370918274,0.4581144154071808,-0.08253080397844315,0.5381150841712952,0.46516427397727966,-0.08588168770074844,0.3865608870983124,0.4439462721347809,-0.057316433638334274,0.44998639822006226,0.4777851700782776,-0.07034134864807129,0.4945603311061859,0.48401445150375366,-0.07396523654460907,0.5258663296699524,0.4808128774166107,-0.07565195858478546,0.3865053653717041,0.47230786085128784,-0.05395371839404106,0.4405786395072937,0.4897657632827759,-0.0627574771642685,0.4748981297016144,0.48917412757873535,-0.06400182843208313,0.49977168440818787,0.4836600422859192,-0.06405556946992874,Right,0.993928849697113
11076,168,0,0.7294963598251343,0.4056950509548187,3.982414682468516e-07,0.6874167323112488,0.3585480749607086,-0.0207551009953022,0.6389055848121643,0.3756774961948395,-0.03244311735033989,0.6014513373374939,0.4139610826969147,-0.03690417483448982,0.5706408023834229,0.4369772970676422,-0.040303293615579605,0.6650959253311157,0.40545424818992615,-0.06053880602121353,0.6115142703056335,0.46188318729400635,-0.07351282984018326,0.5780757665634155,0.4721638560295105,-0.07176856696605682,0.5570845603942871,0.4719209671020508,-0.0672520324587822,0.6789851188659668,0.44781816005706787,-0.050971582531929016,0.6128327250480652,0.49097996950149536,-0.061661068350076675,0.5829893946647644,0.48349273204803467,-0.05442265048623085,0.5714752674102783,0.4681852459907532,-0.047358766198158264,0.6855019330978394,0.47686082124710083,-0.03964294120669365,0.6234580874443054,0.5067692399024963,-0.04487086087465286,0.6005998849868774,0.49162495136260986,-0.036715418100357056,0.5933435559272766,0.47433966398239136,-0.030493611469864845,0.6863444447517395,0.49462488293647766,-0.029448872432112694,0.6392918825149536,0.5098415017127991,-0.03407485410571098,0.6193722486495972,0.4967817962169647,-0.031116824597120285,0.6106162071228027,0.48377740383148193,-0.027774091809988022,Left,0.9912382364273071
11076,168,1,0.34673845767974854,0.40193063020706177,5.203986006563355e-07,0.3842131793498993,0.3569827079772949,-0.011431325227022171,0.42904427647590637,0.35638853907585144,-0.025234630331397057,0.4629083573818207,0.3861665427684784,-0.033872827887535095,0.48271074891090393,0.411850243806839,-0.043108098208904266,0.40987974405288696,0.3591599464416504,-0.062430690973997116,0.4691227972507477,0.3992171883583069,-0.08137370645999908,0.5077765583992004,0.4230152666568756,-0.08826132118701935,0.5368288159370422,0.4396950602531433,-0.09061919152736664,0.39366474747657776,0.4049339294433594,-0.06274551153182983,0.4593327045440674,0.44185182452201843,-0.08144382387399673,0.5050392746925354,0.45834773778915405,-0.0868808850646019,0.5389906167984009,0.4655863344669342,-0.09050661325454712,0.3861754834651947,0.4447466731071472,-0.05966610088944435,0.450198233127594,0.47818514704704285,-0.07346296310424805,0.49504563212394714,0.48385748267173767,-0.07743001729249954,0.5263122916221619,0.4801516532897949,-0.07928761839866638,0.3863643407821655,0.472933292388916,-0.055871546268463135,0.440568208694458,0.49041831493377686,-0.06534668058156967,0.47516414523124695,0.48931533098220825,-0.06687044352293015,0.5000061392784119,0.4830814003944397,-0.06703011691570282,Right,0.9923661947250366
11121,169,0,0.7305941581726074,0.40499359369277954,3.793649341332639e-07,0.687774658203125,0.3588642477989197,-0.019763272255659103,0.638107180595398,0.3761749267578125,-0.030969860032200813,0.5999379754066467,0.4148165285587311,-0.03524794057011604,0.5685392618179321,0.4350619316101074,-0.0385538749396801,0.6629922986030579,0.40420910716056824,-0.05858348682522774,0.6100915670394897,0.4622952342033386,-0.07116829603910446,0.5774980783462524,0.473583459854126,-0.06934602558612823,0.5566877126693726,0.4742834270000458,-0.06485166400671005,0.6780941486358643,0.44670385122299194,-0.049398355185985565,0.6131691336631775,0.49019908905029297,-0.059746552258729935,0.5837195515632629,0.4842807650566101,-0.05273551493883133,0.5715107321739197,0.4703480005264282,-0.04584475979208946,0.6854702830314636,0.47617343068122864,-0.038428258150815964,0.6240279674530029,0.5058172345161438,-0.043222274631261826,0.6003875732421875,0.49282509088516235,-0.03524041175842285,0.5916025638580322,0.47694170475006104,-0.029223529621958733,0.6867263317108154,0.4947095513343811,-0.028549257665872574,0.6397461891174316,0.5091778635978699,-0.03281697630882263,0.6189886331558228,0.49752920866012573,-0.029950356110930443,0.6085507869720459,0.48603811860084534,-0.02668120712041855,Left,0.9919183254241943
11121,169,1,0.34728437662124634,0.40141287446022034,5.100255293655209e-07,0.38438984751701355,0.3572370409965515,-0.011102011427283287,0.42878568172454834,0.35705915093421936,-0.02451986074447632,0.4620818495750427,0.3863300681114197,-0.03274255245923996,0.48142921924591064,0.4114660322666168,-0.041437778621912,0.4094806909561157,0.35927557945251465,-0.061743251979351044,0.4687858819961548,0.39900776743888855,-0.07989177107810974,0.5070419311523438,0.4230114817619324,-0.08609376847743988,0.5358811616897583,0.43979528546333313,-0.08790624141693115,0.39290735125541687,0.4050523638725281,-0.061855968087911606,0.45906174182891846,0.44224366545677185,-0.0795620009303093,0.5043989419937134,0.45903974771499634,-0.0842936709523201,0.5379109978675842,0.4663703143596649,-0.08745860308408737,0.38551151752471924,0.44486528635025024,-0.05852796882390976,0.4494650959968567,0.4785703718662262,-0.07154051959514618,0.4940769672393799,0.48459482192993164,-0.07490439713001251,0.5249216556549072,0.4814591407775879,-0.07635912299156189,0.38617998361587524,0.4728296995162964,-0.05446496605873108,0.4408372640609741,0.48977240920066833,-0.06303635984659195,0.47461697459220886,0.4881913661956787,-0.06377735733985901,0.4986170530319214,0.4819111227989197,-0.06343959271907806,Right,0.9946115016937256
11166,170,0,0.7301026582717896,0.4047534167766571,3.7726030654994247e-07,0.6867913007736206,0.3594878613948822,-0.019067637622356415,0.6373313069343567,0.3762277662754059,-0.03027449920773506,0.5999079942703247,0.41471415758132935,-0.034530095756053925,0.5684772729873657,0.4338514804840088,-0.03786054253578186,0.6621832251548767,0.4041599929332733,-0.05886939540505409,0.6092077493667603,0.46263012290000916,-0.07138420641422272,0.5767978429794312,0.47272831201553345,-0.06947261840105057,0.5561495423316956,0.47263526916503906,-0.06490182876586914,0.6775321364402771,0.44646763801574707,-0.04984830319881439,0.6123077869415283,0.4907662570476532,-0.05997765436768532,0.5832744836807251,0.4835701882839203,-0.05264739319682121,0.5717568397521973,0.46863290667533875,-0.04565814509987831,0.6852275729179382,0.47569915652275085,-0.038905851542949677,0.623665452003479,0.5063773393630981,-0.043232034891843796,0.6007872223854065,0.4923093318939209,-0.034883275628089905,0.5929959416389465,0.47550955414772034,-0.028739457949995995,0.6870025396347046,0.49381890892982483,-0.02898791804909706,0.6400692462921143,0.510090172290802,-0.03261185809969902,0.6198397874832153,0.4978444278240204,-0.029333485290408134,0.6102078557014465,0.48541468381881714,-0.025926455855369568,Left,0.9908607602119446
11166,170,1,0.3448265790939331,0.40122032165527344,5.036043262407475e-07,0.38207340240478516,0.3571082353591919,-0.010730508714914322,0.42644360661506653,0.3574272692203522,-0.023994477465748787,0.45967984199523926,0.3870195746421814,-0.03224242106080055,0.47912678122520447,0.4126582741737366,-0.04103262349963188,0.409125417470932,0.35906603932380676,-0.060609981417655945,0.46852993965148926,0.39880457520484924,-0.0786701887845993,0.5065940022468567,0.42262184619903564,-0.0848008543252945,0.5353437662124634,0.4390455484390259,-0.08656580746173859,0.39262163639068604,0.40473729372024536,-0.061146996915340424,0.45888471603393555,0.44219982624053955,-0.07894320785999298,0.5040158629417419,0.4589174687862396,-0.08390694111585617,0.5375013947486877,0.46585893630981445,-0.08712847530841827,0.3848554790019989,0.44454699754714966,-0.05827014893293381,0.44910386204719543,0.4788721799850464,-0.07156038284301758,0.49378275871276855,0.485018789768219,-0.07506489008665085,0.5247921943664551,0.48152002692222595,-0.07647725939750671,0.38500961661338806,0.47276899218559265,-0.0546126626431942,0.440103143453598,0.48949992656707764,-0.06329352408647537,0.4742209315299988,0.4878813624382019,-0.06388295441865921,0.4983339309692383,0.48127877712249756,-0.06334161758422852,Right,0.9948045015335083
11212,171,0,0.7315855026245117,0.4057715833187103,3.7211066228337586e-07,0.6897196173667908,0.36020439863204956,-0.01830262504518032,0.639163613319397,0.3743797540664673,-0.02931075543165207,0.6003261804580688,0.40941712260246277,-0.03360295668244362,0.5684563517570496,0.42272040247917175,-0.037161145359277725,0.661804735660553,0.40466636419296265,-0.05768265575170517,0.6079447865486145,0.4607500433921814,-0.06990228593349457,0.5753557085990906,0.47110894322395325,-0.06831205636262894,0.5540884733200073,0.4713209569454193,-0.06420864164829254,0.6766910552978516,0.4473732113838196,-0.048966627568006516,0.611311674118042,0.48943063616752625,-0.059055645018815994,0.5826277732849121,0.48238518834114075,-0.052288904786109924,0.5708584785461426,0.467401921749115,-0.04582279175519943,0.6843002438545227,0.4766872525215149,-0.03826044127345085,0.6228147745132446,0.5065686702728271,-0.04237830266356468,0.5996893644332886,0.492764949798584,-0.03455830737948418,0.5917081832885742,0.4753241240978241,-0.0289594903588295,0.6864486336708069,0.4949914813041687,-0.02852237969636917,0.6399844288825989,0.5107877254486084,-0.0321146585047245,0.6189327836036682,0.498638391494751,-0.029330575838685036,0.6082510352134705,0.48568570613861084,-0.026374660432338715,Left,0.9917436242103577
11212,171,1,0.3443267047405243,0.4017004072666168,4.861727802563109e-07,0.38095250725746155,0.35871750116348267,-0.010663734748959541,0.4249304234981537,0.3585522770881653,-0.023187564685940742,0.4579736292362213,0.3869228661060333,-0.030813541263341904,0.47756141424179077,0.4115641415119171,-0.03874443843960762,0.40879908204078674,0.3598005771636963,-0.05660061910748482,0.46704116463661194,0.3992704749107361,-0.07307245582342148,0.503865122795105,0.4217694401741028,-0.07829248905181885,0.5320274829864502,0.43743881583213806,-0.0795617401599884,0.3926422595977783,0.40566888451576233,-0.05667153000831604,0.45818668603897095,0.4432191252708435,-0.0729013979434967,0.5018882155418396,0.4593612849712372,-0.07721489667892456,0.5350297689437866,0.46597516536712646,-0.0800173357129097,0.3848217725753784,0.4451446831226349,-0.05356891080737114,0.448186457157135,0.47841864824295044,-0.06571342051029205,0.4915417432785034,0.4835517704486847,-0.06841032207012177,0.5221211314201355,0.479373961687088,-0.06933292746543884,0.3847530782222748,0.472402960062027,-0.04978782311081886,0.43847352266311646,0.48804181814193726,-0.05745574086904526,0.471394419670105,0.4861626625061035,-0.05732963606715202,0.49502697587013245,0.47931236028671265,-0.056335821747779846,Right,0.9945794343948364
11255,172,0,0.7308402061462402,0.40592584013938904,3.5998002090309456e-07,0.6893198490142822,0.35992589592933655,-0.018037667497992516,0.6377407312393188,0.3743570148944855,-0.02871432714164257,0.597920298576355,0.4089515805244446,-0.032718297094106674,0.5645227432250977,0.416143000125885,-0.03602736070752144,0.6612957715988159,0.4058528244495392,-0.056747280061244965,0.6056258678436279,0.46136313676834106,-0.06849358975887299,0.5735980272293091,0.46965956687927246,-0.06675255298614502,0.5532904863357544,0.46796083450317383,-0.0626395046710968,0.676243007183075,0.44864216446876526,-0.04773370549082756,0.6107507944107056,0.4900986850261688,-0.0570586659014225,0.5828927159309387,0.4817409813404083,-0.050202496349811554,0.5721532106399536,0.4656681418418884,-0.04395193234086037,0.683896541595459,0.47752630710601807,-0.03674212470650673,0.6226572394371033,0.5067185163497925,-0.04017467424273491,0.600145161151886,0.49215489625930786,-0.0325281023979187,0.5923942923545837,0.4742073714733124,-0.027349216863512993,0.6859782934188843,0.49536457657814026,-0.026694031432271004,0.6398134231567383,0.510759174823761,-0.029878735542297363,0.6194798350334167,0.4976438283920288,-0.02726123295724392,0.6092643141746521,0.4838360548019409,-0.02464856579899788,Left,0.9922435879707336
11255,172,1,0.3426694869995117,0.40095028281211853,4.885503130935831e-07,0.37885892391204834,0.35783013701438904,-0.010809468105435371,0.4225229024887085,0.35704466700553894,-0.023558128625154495,0.45548000931739807,0.38473793864250183,-0.03140289708971977,0.47499802708625793,0.4094793200492859,-0.039666399359703064,0.40753281116485596,0.3592325448989868,-0.057285111397504807,0.4664081633090973,0.3979998528957367,-0.07387565821409225,0.5032668113708496,0.42045265436172485,-0.07905702292919159,0.5313090085983276,0.4360658526420593,-0.08022880554199219,0.39138370752334595,0.4045257568359375,-0.05735016614198685,0.4567912817001343,0.44213607907295227,-0.07366924732923508,0.5002617239952087,0.4587017893791199,-0.07780402153730392,0.5328535437583923,0.4657953083515167,-0.08038584142923355,0.38298502564430237,0.4438802897930145,-0.05423564836382866,0.4459100067615509,0.47797268629074097,-0.0663968175649643,0.489021897315979,0.4839495122432709,-0.06906738132238388,0.5191767811775208,0.48038583993911743,-0.06993039697408676,0.3821319341659546,0.4715214669704437,-0.050434261560440063,0.43583235144615173,0.48746421933174133,-0.058094754815101624,0.46854960918426514,0.48689353466033936,-0.05787239223718643,0.49161291122436523,0.48119843006134033,-0.05676634609699249,Right,0.9950522780418396
11298,173,0,0.7315280437469482,0.40535879135131836,3.710973999204725e-07,0.6901330947875977,0.36013495922088623,-0.017801078036427498,0.6388182044029236,0.37408629059791565,-0.028920747339725494,0.5984311699867249,0.408173531293869,-0.033491164445877075,0.5655280947685242,0.4199073910713196,-0.03732621297240257,0.6617180109024048,0.4052596688270569,-0.05796678364276886,0.6051947474479675,0.46055448055267334,-0.0704265609383583,0.5730446577072144,0.4672934114933014,-0.0687013790011406,0.5539126992225647,0.46356600522994995,-0.06423819810152054,0.6766044497489929,0.44754427671432495,-0.04952407628297806,0.6095872521400452,0.4887845814228058,-0.05979714170098305,0.5811927914619446,0.48020055890083313,-0.05330181121826172,0.570942223072052,0.46367037296295166,-0.046977698802948,0.6842867732048035,0.4765286445617676,-0.039020612835884094,0.6222641468048096,0.5060561299324036,-0.04300650581717491,0.5988619327545166,0.49191221594810486,-0.035530995577573776,0.5910604596138,0.47407686710357666,-0.03033425472676754,0.6866087913513184,0.4947006106376648,-0.02938048169016838,0.6398088335990906,0.510258674621582,-0.032931990921497345,0.6186447739601135,0.49761927127838135,-0.030291272327303886,0.6080827116966248,0.48407959938049316,-0.02748849056661129,Left,0.9927957057952881
11298,173,1,0.3407764434814453,0.4012651741504669,4.727897362499789e-07,0.37751978635787964,0.35642680525779724,-0.01061599887907505,0.4220476746559143,0.3556530177593231,-0.022886550053954124,0.45555585622787476,0.3833523094654083,-0.030344733968377113,0.475691020488739,0.4072989821434021,-0.03819245845079422,0.40539562702178955,0.35949161648750305,-0.05613081529736519,0.4637012183666229,0.397318571805954,-0.07224561274051666,0.5003644227981567,0.41872096061706543,-0.07695415616035461,0.5286656022071838,0.43356987833976746,-0.07794797420501709,0.3902556002140045,0.40524154901504517,-0.05625154450535774,0.45514923334121704,0.4414653480052948,-0.07224126160144806,0.49850696325302124,0.4576602578163147,-0.0762716680765152,0.5312539935112,0.4644487798213959,-0.07892346382141113,0.38260528445243835,0.4443952441215515,-0.05327636003494263,0.44484201073646545,0.47678858041763306,-0.06553325802087784,0.4880192279815674,0.4828508794307709,-0.06876466423273087,0.5185031890869141,0.4791059195995331,-0.07007784396409988,0.3824806809425354,0.4711694121360779,-0.04959246888756752,0.43552762269973755,0.48688268661499023,-0.057670701295137405,0.46843618154525757,0.48620742559432983,-0.05823889374732971,0.4921305179595947,0.4799877107143402,-0.05779067054390907,Right,0.9955561757087708
11340,174,0,0.7311989665031433,0.40631186962127686,3.709646136940137e-07,0.6892512440681458,0.3601222038269043,-0.01845594309270382,0.6380407810211182,0.3743601441383362,-0.02948932908475399,0.5980201959609985,0.411417692899704,-0.033830370754003525,0.5655960440635681,0.4293535053730011,-0.03718416392803192,0.6629989147186279,0.4058308005332947,-0.057910360395908356,0.6054257154464722,0.4627138078212738,-0.07067645341157913,0.5734682083129883,0.46916744112968445,-0.06898113340139389,0.5546781420707703,0.46544650197029114,-0.06436824053525925,0.677962601184845,0.44843611121177673,-0.04920317977666855,0.6096051335334778,0.4909394681453705,-0.05998624488711357,0.5812373161315918,0.48166903853416443,-0.05351951718330383,0.5716118812561035,0.46500101685523987,-0.04698438569903374,0.6851747632026672,0.4777708649635315,-0.03854304179549217,0.6220327615737915,0.5073732733726501,-0.04305928945541382,0.5991458296775818,0.4923376441001892,-0.03530585393309593,0.5921115875244141,0.47437798976898193,-0.02963831089437008,0.6867195963859558,0.4960198998451233,-0.028836587443947792,0.6392807960510254,0.5110674500465393,-0.03277556598186493,0.6190068125724792,0.49760133028030396,-0.029931314289569855,0.6096817255020142,0.4837903380393982,-0.026795025914907455,Left,0.9922739267349243
11340,174,1,0.3399426341056824,0.40009498596191406,4.885109206043126e-07,0.37650352716445923,0.35445356369018555,-0.011104455217719078,0.42135199904441833,0.35341376066207886,-0.02388535439968109,0.45544204115867615,0.3820215165615082,-0.0315161868929863,0.4754762351512909,0.40733596682548523,-0.03958176076412201,0.4040769040584564,0.35818278789520264,-0.0592886246740818,0.4641718864440918,0.39659321308135986,-0.07603853940963745,0.502249002456665,0.41871142387390137,-0.08107152581214905,0.5307434797286987,0.43383267521858215,-0.08207893371582031,0.38855263590812683,0.40394723415374756,-0.058876391500234604,0.45533785223960876,0.4405132532119751,-0.0751432329416275,0.4995928406715393,0.45614153146743774,-0.07901398837566376,0.5320959091186523,0.462505578994751,-0.08151610940694809,0.3811350166797638,0.44322335720062256,-0.0550893135368824,0.4458763003349304,0.47600507736206055,-0.0671185776591301,0.49013882875442505,0.48049473762512207,-0.06997894495725632,0.5204669237136841,0.4760437607765198,-0.071080781519413,0.38144007325172424,0.4701400101184845,-0.050565965473651886,0.43655088543891907,0.4859894812107086,-0.05834526568651199,0.46988141536712646,0.4828663766384125,-0.05845227465033531,0.4930143356323242,0.4744963049888611,-0.05761842057108879,Right,0.9955958127975464
11385,175,0,0.730861246585846,0.4062572121620178,3.7250578088787734e-07,0.6892633438110352,0.3589060306549072,-0.01889641396701336,0.6382669806480408,0.3736109137535095,-0.029864728450775146,0.5987215638160706,0.4116173982620239,-0.034011658281087875,0.5667673945426941,0.4315405488014221,-0.03716348111629486,0.6636686325073242,0.40626904368400574,-0.05891099199652672,0.6061707735061646,0.46350041031837463,-0.0715058296918869,0.5742044448852539,0.470110684633255,-0.0695122703909874,0.5547667741775513,0.4670080244541168,-0.06486079841852188,0.678108274936676,0.44896987080574036,-0.05002681165933609,0.6097582578659058,0.49123045802116394,-0.060521043837070465,0.5809310078620911,0.4818475842475891,-0.05368276685476303,0.5702096223831177,0.46564623713493347,-0.047041863203048706,0.6849647760391235,0.4782916307449341,-0.03920329362154007,0.6216793656349182,0.5070807337760925,-0.043634310364723206,0.5987372994422913,0.49178966879844666,-0.035669613629579544,0.5907867550849915,0.47463253140449524,-0.03000040538609028,0.6861806511878967,0.4964072108268738,-0.029381422325968742,0.638575553894043,0.5104506015777588,-0.03339148685336113,0.6184731125831604,0.49706724286079407,-0.030536359176039696,0.6087679266929626,0.4841613173484802,-0.027504198253154755,Left,0.9900005459785461
11385,175,1,0.33926424384117126,0.39919039607048035,4.958904469276604e-07,0.37652698159217834,0.3551126718521118,-0.010614871047437191,0.4214741289615631,0.3549520969390869,-0.02344886027276516,0.4553487300872803,0.38352149724960327,-0.03137421980500221,0.47547152638435364,0.4084320664405823,-0.03981967270374298,0.4045405983924866,0.35659119486808777,-0.05914527177810669,0.46465593576431274,0.3966776728630066,-0.07635895162820816,0.5027961730957031,0.42009520530700684,-0.08175449818372726,0.5314595103263855,0.4361109137535095,-0.08300638943910599,0.3884577751159668,0.4021989703178406,-0.05938785523176193,0.45551785826683044,0.43991389870643616,-0.07631788402795792,0.500206708908081,0.4563334584236145,-0.08079692721366882,0.5331257581710815,0.4629911780357361,-0.08368948847055435,0.38058143854141235,0.4419083893299103,-0.0562380775809288,0.4456444978713989,0.47544625401496887,-0.06888692080974579,0.4903894066810608,0.4805140793323517,-0.07209262996912003,0.5211461186408997,0.476257860660553,-0.07338587939739227,0.3807004690170288,0.46954065561294556,-0.05231652781367302,0.4359458386898041,0.48492977023124695,-0.060545243322849274,0.4699971675872803,0.4819267690181732,-0.0609021857380867,0.4937131404876709,0.4740090072154999,-0.06022520735859871,Right,0.9952138662338257
11432,176,0,0.7318155169487,0.4073164165019989,3.8366582089111034e-07,0.6903771758079529,0.3584948182106018,-0.02020936831831932,0.6397681832313538,0.3724568486213684,-0.03118138760328293,0.6000111699104309,0.41072821617126465,-0.03516926243901253,0.5681280493736267,0.43239453434944153,-0.0379931814968586,0.66443932056427,0.4072878956794739,-0.057810377329587936,0.6073961853981018,0.4630628824234009,-0.06994099169969559,0.5752001404762268,0.47046786546707153,-0.06773490458726883,0.5552582740783691,0.4681459069252014,-0.06306890398263931,0.6778525710105896,0.4505884051322937,-0.04812900722026825,0.6104710102081299,0.4913865923881531,-0.058188267052173615,0.5811977386474609,0.48309463262557983,-0.05157823488116264,0.5693550109863281,0.4672158658504486,-0.045052655041217804,0.6839014291763306,0.4796551465988159,-0.03675442934036255,0.6220362782478333,0.5069150924682617,-0.041052304208278656,0.5981648564338684,0.49284741282463074,-0.033813465386629105,0.5885599851608276,0.47592538595199585,-0.02863864041864872,0.6843482255935669,0.49703437089920044,-0.026531027629971504,0.6381890177726746,0.5092790722846985,-0.030733052641153336,0.6176099181175232,0.4969891309738159,-0.028658203780651093,0.6065488457679749,0.48448309302330017,-0.026134438812732697,Left,0.9908376336097717
11432,176,1,0.3405954837799072,0.3995383381843567,5.001992349207285e-07,0.37787601351737976,0.356147438287735,-0.010958653874695301,0.4231194853782654,0.35596945881843567,-0.023715348914265633,0.45716243982315063,0.38445305824279785,-0.03155169636011124,0.4770714342594147,0.4091019332408905,-0.039775311946868896,0.4050036072731018,0.35737472772598267,-0.05829785391688347,0.4650171399116516,0.3970542848110199,-0.07533428072929382,0.5030109882354736,0.4199640154838562,-0.0807294249534607,0.5320159196853638,0.43590694665908813,-0.08207821846008301,0.38840171694755554,0.40291088819503784,-0.058395303785800934,0.4552317261695862,0.43971291184425354,-0.0751291960477829,0.49985554814338684,0.45600175857543945,-0.07956638187170029,0.5333282947540283,0.4630906581878662,-0.08251722157001495,0.38033390045166016,0.44224604964256287,-0.05526592209935188,0.44440364837646484,0.47523051500320435,-0.06760773062705994,0.48851191997528076,0.48137298226356506,-0.07064490020275116,0.5195274353027344,0.47813165187835693,-0.07189206033945084,0.3804803192615509,0.46930572390556335,-0.05149104446172714,0.4350610077381134,0.4851652681827545,-0.0595366545021534,0.4687603712081909,0.4838830232620239,-0.05998760834336281,0.4929850399494171,0.4775807559490204,-0.05948241800069809,Right,0.9957149028778076
11476,177,0,0.730472981929779,0.40802398324012756,3.878410836932744e-07,0.6878544092178345,0.35850003361701965,-0.020675629377365112,0.6377053260803223,0.3739800453186035,-0.030267398804426193,0.5995540022850037,0.4133061468601227,-0.03282880038022995,0.5684756636619568,0.43464338779449463,-0.033885013312101364,0.6655247807502747,0.4131997525691986,-0.054126907140016556,0.6086153388023376,0.4650489389896393,-0.06506504863500595,0.5772019028663635,0.47007274627685547,-0.06249954551458359,0.5579673051834106,0.46576789021492004,-0.05783835053443909,0.6778194904327393,0.45687276124954224,-0.04360759258270264,0.6120191216468811,0.49374741315841675,-0.05309142544865608,0.5832513570785522,0.483964204788208,-0.04714954271912575,0.571462094783783,0.4668116271495819,-0.041136812418699265,0.6829200387001038,0.48478367924690247,-0.03158751502633095,0.6226589679718018,0.5074449181556702,-0.03561205416917801,0.5997331738471985,0.49191415309906006,-0.029127931222319603,0.5903539657592773,0.47356629371643066,-0.024464625865221024,0.6824419498443604,0.5004270672798157,-0.020856143906712532,0.6384878158569336,0.508094072341919,-0.02511078119277954,0.6190920472145081,0.49436700344085693,-0.02377457544207573,0.6085280776023865,0.48015254735946655,-0.02172771655023098,Left,0.9916006922721863
11476,177,1,0.34178459644317627,0.3990687131881714,4.980801691090164e-07,0.3788602948188782,0.3559277057647705,-0.01097885612398386,0.42394062876701355,0.35594403743743896,-0.023897133767604828,0.45764434337615967,0.3846017122268677,-0.031899675726890564,0.4772012531757355,0.40983766317367554,-0.040433384478092194,0.4061466455459595,0.3571523427963257,-0.05914870277047157,0.4663882851600647,0.3972899317741394,-0.07606112211942673,0.503958523273468,0.4199337363243103,-0.08115118741989136,0.5326367616653442,0.4354790449142456,-0.08235813677310944,0.38946717977523804,0.40192049741744995,-0.05932038277387619,0.45577287673950195,0.43891704082489014,-0.07671414315700531,0.500045657157898,0.4555796682834625,-0.08156950026750565,0.5335572957992554,0.46266117691993713,-0.08472013473510742,0.38106125593185425,0.4410842955112457,-0.05614969879388809,0.4445686340332031,0.4741533100605011,-0.06934420764446259,0.488522469997406,0.481346994638443,-0.07321248948574066,0.5198909044265747,0.478523313999176,-0.07493937760591507,0.38073378801345825,0.46864283084869385,-0.05220821127295494,0.43517377972602844,0.48430484533309937,-0.06087934225797653,0.46815696358680725,0.48310747742652893,-0.06179451197385788,0.4917179346084595,0.4767720401287079,-0.061611197888851166,Right,0.9946296811103821
11520,178,0,0.7288404703140259,0.4092727303504944,4.1447071907896316e-07,0.6876994967460632,0.35769426822662354,-0.0239872969686985,0.6377349495887756,0.3728143870830536,-0.03524899482727051,0.5991365313529968,0.41200098395347595,-0.038552235811948776,0.5684380531311035,0.4354991614818573,-0.040198907256126404,0.6661676168441772,0.41169944405555725,-0.06099114194512367,0.6074925065040588,0.46488887071609497,-0.07225397974252701,0.5755048990249634,0.47034040093421936,-0.06880182772874832,0.5562297701835632,0.4664328694343567,-0.06344815343618393,0.6789092421531677,0.4566434323787689,-0.0488424114882946,0.6116822361946106,0.4935777187347412,-0.05844098702073097,0.5823764204978943,0.4830922782421112,-0.05131842941045761,0.5705490708351135,0.46571290493011475,-0.044556859880685806,0.6837912797927856,0.485515296459198,-0.03516530618071556,0.6224676966667175,0.507727861404419,-0.039251819252967834,0.5990922451019287,0.4912177324295044,-0.03240197151899338,0.5896700620651245,0.47331663966178894,-0.02779287099838257,0.6825623512268066,0.5017154216766357,-0.022998375818133354,0.637289822101593,0.5075433254241943,-0.02789260633289814,0.6175128221511841,0.4935412108898163,-0.027005571871995926,0.6068683862686157,0.48067307472229004,-0.02538607083261013,Left,0.9947937726974487
11520,178,1,0.34117254614830017,0.39971494674682617,4.868855398854066e-07,0.37748223543167114,0.35628318786621094,-0.010851185768842697,0.4224962592124939,0.35621434450149536,-0.023336494341492653,0.45635974407196045,0.3849744200706482,-0.030964180827140808,0.47624242305755615,0.4097687900066376,-0.039034053683280945,0.4062012732028961,0.3564514219760895,-0.057256825268268585,0.46582216024398804,0.39622777700424194,-0.07381904125213623,0.5030392408370972,0.4189824163913727,-0.07899729162454605,0.5316677689552307,0.43475353717803955,-0.0802881196141243,0.39032885432243347,0.40188294649124146,-0.057384103536605835,0.4562422037124634,0.4383072555065155,-0.07410548627376556,0.5002381801605225,0.4552140235900879,-0.07895420491695404,0.5337941646575928,0.4625643193721771,-0.08218087255954742,0.3825724124908447,0.44152241945266724,-0.05431424826383591,0.4454883635044098,0.47389769554138184,-0.06708154827356339,0.4890020787715912,0.48065900802612305,-0.07078810781240463,0.5200306177139282,0.4776456356048584,-0.07243511080741882,0.3826984465122223,0.46933406591415405,-0.05052934214472771,0.4365772008895874,0.48384666442871094,-0.05869149789214134,0.4688907265663147,0.4819765090942383,-0.05924263596534729,0.4918060302734375,0.47532305121421814,-0.05884247645735741,Right,0.9938651323318481
11563,179,0,0.7280914187431335,0.4100378751754761,4.1734708133844833e-07,0.6871543526649475,0.35808467864990234,-0.02441943995654583,0.6373994946479797,0.37354621291160583,-0.03590560704469681,0.5991463661193848,0.4128108620643616,-0.03933503106236458,0.5689282417297363,0.4372628629207611,-0.04117549583315849,0.6660680770874023,0.4113890826702118,-0.061868973076343536,0.607231855392456,0.4648715853691101,-0.07300820201635361,0.5751631855964661,0.4707709848880768,-0.06930460035800934,0.5559455752372742,0.46722936630249023,-0.06374403089284897,0.6792380213737488,0.45606881380081177,-0.049564436078071594,0.611355185508728,0.4938010275363922,-0.05904657393693924,0.5821477770805359,0.48360446095466614,-0.05164679139852524,0.5706223845481873,0.46663224697113037,-0.044690731912851334,0.6845067143440247,0.4849020838737488,-0.03573041409254074,0.6222561001777649,0.5077921748161316,-0.03978481516242027,0.5992916226387024,0.49094176292419434,-0.03280507028102875,0.5907561182975769,0.47305500507354736,-0.02811521850526333,0.6834928393363953,0.5011224150657654,-0.023425888270139694,0.6374107003211975,0.5076221227645874,-0.028435764834284782,0.6180660128593445,0.4932616353034973,-0.027527237311005592,0.6083175539970398,0.4802577495574951,-0.0259255338460207,Left,0.9943686127662659
11563,179,1,0.34210658073425293,0.40052592754364014,4.959196644449548e-07,0.37859153747558594,0.3561837077140808,-0.010797865688800812,0.4235738217830658,0.3553677201271057,-0.023159734904766083,0.45752209424972534,0.3840223550796509,-0.03069295361638069,0.47717905044555664,0.4091288149356842,-0.03858863562345505,0.40645521879196167,0.3567879796028137,-0.05654171481728554,0.46599283814430237,0.39652732014656067,-0.07308417558670044,0.5035360455513,0.4193889796733856,-0.07829659432172775,0.5322455167770386,0.43534526228904724,-0.0795988067984581,0.39080870151519775,0.40265414118766785,-0.05668673664331436,0.4565105736255646,0.43855032324790955,-0.07321901619434357,0.500806987285614,0.4554792642593384,-0.07796116173267365,0.5343817472457886,0.4631112217903137,-0.081106036901474,0.38346919417381287,0.44234350323677063,-0.05374033376574516,0.44577959179878235,0.4739304482936859,-0.0664089098572731,0.48950132727622986,0.4811376631259918,-0.07037200033664703,0.5206689834594727,0.47863057255744934,-0.07217920571565628,0.38395005464553833,0.47000446915626526,-0.05010387301445007,0.4372705817222595,0.48479193449020386,-0.058468759059906006,0.46996331214904785,0.4837654232978821,-0.05949333310127258,0.4935009479522705,0.4776249825954437,-0.059395886957645416,Right,0.993421196937561
11606,180,0,0.7284988164901733,0.4101259708404541,4.0258311173602124e-07,0.6871198415756226,0.3574426472187042,-0.022831495851278305,0.6372401118278503,0.3735586404800415,-0.03342263773083687,0.599101722240448,0.4124934673309326,-0.03655524551868439,0.5702442526817322,0.4387165307998657,-0.03833596780896187,0.6654351949691772,0.41023361682891846,-0.05843193829059601,0.6077544093132019,0.46370694041252136,-0.06942601501941681,0.5753600001335144,0.4714074730873108,-0.0664626955986023,0.5557202696800232,0.46925032138824463,-0.06151482090353966,0.6792070269584656,0.45407944917678833,-0.0471278540790081,0.6121266484260559,0.49248650670051575,-0.05630809813737869,0.5827713012695312,0.48324573040008545,-0.04961494356393814,0.5709483623504639,0.4668510854244232,-0.043199460953474045,0.6852023601531982,0.48254042863845825,-0.03433042764663696,0.6238107085227966,0.5065681338310242,-0.03812423720955849,0.60029536485672,0.49103689193725586,-0.03158363327383995,0.5914775729179382,0.47391295433044434,-0.027256477624177933,0.6848664283752441,0.49881264567375183,-0.022982586175203323,0.6393066048622131,0.5065202713012695,-0.027639202773571014,0.6195814609527588,0.49296680092811584,-0.026645230129361153,0.6096460223197937,0.48030441999435425,-0.02509598806500435,Left,0.9913146495819092
11606,180,1,0.3423636257648468,0.3996690809726715,5.002181069357903e-07,0.3790609836578369,0.35499638319015503,-0.01048599649220705,0.4247095584869385,0.3555273115634918,-0.0228398647159338,0.45873957872390747,0.3848951458930969,-0.030355418100953102,0.4786170423030853,0.4101669192314148,-0.03845076635479927,0.406915545463562,0.35691675543785095,-0.05771610140800476,0.4660819172859192,0.3970421254634857,-0.07461386919021606,0.5043125152587891,0.42035749554634094,-0.08015526831150055,0.5335041880607605,0.4363119900226593,-0.08173918724060059,0.3911511301994324,0.40224024653434753,-0.05822282284498215,0.4571404755115509,0.43903616070747375,-0.07492375373840332,0.5021939873695374,0.4557802677154541,-0.07972771674394608,0.5360091328620911,0.46276968717575073,-0.08305753022432327,0.3834976553916931,0.4416625201702118,-0.05554351583123207,0.44655972719192505,0.47483697533607483,-0.06829889118671417,0.4915390610694885,0.4815530776977539,-0.07263357192277908,0.523439884185791,0.47836557030677795,-0.07487639039754868,0.38344866037368774,0.4692522883415222,-0.05210930109024048,0.4373556673526764,0.4855755865573883,-0.06086041405797005,0.471037894487381,0.4844614863395691,-0.062411822378635406,0.4953855872154236,0.47796836495399475,-0.06279850751161575,Right,0.9943376779556274
11649,181,0,0.7276915311813354,0.4101678133010864,4.1094622815762705e-07,0.6867303848266602,0.3579653799533844,-0.022754071280360222,0.6373863220214844,0.37274369597435,-0.03332735225558281,0.5999888777732849,0.4115268886089325,-0.03647711127996445,0.5719842910766602,0.439480185508728,-0.03824634850025177,0.6656661629676819,0.41090938448905945,-0.05826124921441078,0.6087570190429688,0.46387532353401184,-0.06982571631669998,0.5761791467666626,0.4710202217102051,-0.06751512736082077,0.5561590194702148,0.4684760868549347,-0.06291964650154114,0.6792849898338318,0.4541406035423279,-0.04725555330514908,0.6130685806274414,0.4936226010322571,-0.05724411457777023,0.5830628275871277,0.48480862379074097,-0.0511540025472641,0.5706980228424072,0.46835649013519287,-0.045054662972688675,0.6852364540100098,0.4823445975780487,-0.03479531407356262,0.6246943473815918,0.5063760876655579,-0.03955454006791115,0.6013208031654358,0.4905940294265747,-0.033353257924318314,0.5925601124763489,0.47331565618515015,-0.02892228215932846,0.6849526166915894,0.4983774423599243,-0.023726020008325577,0.6397138237953186,0.5072082877159119,-0.02879485674202442,0.6201539635658264,0.49313560128211975,-0.027570245787501335,0.6106166243553162,0.47952428460121155,-0.025682833045721054,Left,0.9912945628166199
11649,181,1,0.3419465720653534,0.39965853095054626,4.934969410896883e-07,0.3783823847770691,0.3552929162979126,-0.010666419751942158,0.42389532923698425,0.35530751943588257,-0.022974995896220207,0.4581216275691986,0.38430237770080566,-0.03041340783238411,0.47800660133361816,0.40915268659591675,-0.03839540481567383,0.40692412853240967,0.3565341830253601,-0.05765427276492119,0.4664594531059265,0.39548519253730774,-0.07461236417293549,0.5043777823448181,0.4190922677516937,-0.08026157319545746,0.533312976360321,0.4355713725090027,-0.08191188424825668,0.39117133617401123,0.4017460346221924,-0.05793759226799011,0.456512987613678,0.4375549256801605,-0.07481862604618073,0.5009729266166687,0.4550604820251465,-0.07987314462661743,0.5347728133201599,0.4629249572753906,-0.08333931863307953,0.38333791494369507,0.4411953389644623,-0.05504465475678444,0.4447995722293854,0.4734376072883606,-0.06809685379266739,0.48872050642967224,0.4809616804122925,-0.07261398434638977,0.5198761224746704,0.4785512089729309,-0.07487691938877106,0.3832215368747711,0.4691506326198578,-0.051382675766944885,0.43642234802246094,0.48437365889549255,-0.060084979981184006,0.46869030594825745,0.4828665852546692,-0.061410773545503616,0.4915817379951477,0.4762263000011444,-0.061610326170921326,Right,0.9931780695915222
11692,182,0,0.7273159027099609,0.4098823666572571,4.071227692747925e-07,0.686708927154541,0.35781747102737427,-0.0225649606436491,0.6368879079818726,0.3734018802642822,-0.0330282561480999,0.599773108959198,0.4117753207683563,-0.03602912276983261,0.5727391242980957,0.4389220178127289,-0.03771434351801872,0.6664408445358276,0.4105442762374878,-0.05894303321838379,0.6091319918632507,0.46257516741752625,-0.07045257836580276,0.5765889883041382,0.4698336720466614,-0.06796523928642273,0.5564953088760376,0.46784013509750366,-0.06333478540182114,0.6798741817474365,0.4538175165653229,-0.04802531376481056,0.6129163503646851,0.4926737844944,-0.05804584547877312,0.5835525393486023,0.4827071726322174,-0.051757827401161194,0.5719019174575806,0.4658956229686737,-0.045545000582933426,0.6855131387710571,0.4822371006011963,-0.03554593026638031,0.6240330934524536,0.505852997303009,-0.04020598158240318,0.6018581986427307,0.48870429396629333,-0.033593639731407166,0.5944328904151917,0.47093668580055237,-0.02896873466670513,0.684939444065094,0.4986526072025299,-0.024446962401270866,0.639254629611969,0.5066275596618652,-0.029318425804376602,0.6205732226371765,0.4915977418422699,-0.02784915640950203,0.6119428277015686,0.4779319167137146,-0.02590153180062771,Left,0.9895017147064209
11692,182,1,0.34237241744995117,0.39963820576667786,4.96082520839991e-07,0.3793153762817383,0.35588833689689636,-0.010634055361151695,0.42477163672447205,0.35564345121383667,-0.02272440493106842,0.45914337038993835,0.38390815258026123,-0.03000400774180889,0.4794473648071289,0.4082392454147339,-0.03762798383831978,0.4075653851032257,0.3566281795501709,-0.05595945194363594,0.4668750464916229,0.39593738317489624,-0.07229994982481003,0.5044834613800049,0.41896122694015503,-0.07743813842535019,0.5332018733024597,0.4350729286670685,-0.07871823012828827,0.39195600152015686,0.4020554721355438,-0.05611501634120941,0.4573536217212677,0.43805474042892456,-0.07226929068565369,0.501427173614502,0.45531901717185974,-0.0767325758934021,0.5346243381500244,0.463297963142395,-0.07972868531942368,0.3842361867427826,0.4415774345397949,-0.05322011187672615,0.4458855092525482,0.47365716099739075,-0.06554026901721954,0.4894980192184448,0.48074501752853394,-0.06930982321500778,0.5205168724060059,0.4783923923969269,-0.07108024507761002,0.38414156436920166,0.46934083104133606,-0.04963403940200806,0.4367227554321289,0.48439380526542664,-0.05764121189713478,0.46910834312438965,0.48340076208114624,-0.05845946446061134,0.49239033460617065,0.4775301218032837,-0.05829949676990509,Right,0.9934040307998657
11736,183,0,0.7286630272865295,0.4094476103782654,4.046560775350372e-07,0.687808096408844,0.35658204555511475,-0.02181003987789154,0.6377420425415039,0.37212756276130676,-0.032042425125837326,0.6005425453186035,0.4100651144981384,-0.03503819555044174,0.5746049880981445,0.4377598464488983,-0.03680281713604927,0.6674209833145142,0.4095748960971832,-0.05843561515212059,0.6100034117698669,0.4593035876750946,-0.06993373483419418,0.5777807235717773,0.4679151773452759,-0.0675964504480362,0.5576454997062683,0.46713271737098694,-0.06316760182380676,0.6804640293121338,0.45316997170448303,-0.04795191437005997,0.6127943396568298,0.48859378695487976,-0.05781497806310654,0.5837104916572571,0.4781733751296997,-0.051527127623558044,0.5722526907920837,0.46087154746055603,-0.045340459793806076,0.6857032775878906,0.48208069801330566,-0.03586786985397339,0.623150646686554,0.5027642846107483,-0.04009838029742241,0.6009499430656433,0.48584017157554626,-0.033383339643478394,0.5934045910835266,0.4683257043361664,-0.028870724141597748,0.684675931930542,0.4989200234413147,-0.025154562667012215,0.6382161974906921,0.504211962223053,-0.029408039525151253,0.6195455193519592,0.48997390270233154,-0.027846388518810272,0.6105065941810608,0.4775867164134979,-0.026026884093880653,Left,0.9877260327339172
11736,183,1,0.342892050743103,0.3995727002620697,4.922789571537578e-07,0.3797628581523895,0.35642993450164795,-0.011105602607131004,0.42528727650642395,0.35645484924316406,-0.023550575599074364,0.4599364399909973,0.38527965545654297,-0.03126164525747299,0.48039570450782776,0.40958791971206665,-0.039399296045303345,0.4079090654850006,0.3561679720878601,-0.05629933997988701,0.4670460820198059,0.3943212330341339,-0.07358261197805405,0.5046918392181396,0.41706839203834534,-0.07939852774143219,0.5335557460784912,0.43333563208580017,-0.0810735896229744,0.39226865768432617,0.4015112817287445,-0.056673239916563034,0.45756879448890686,0.43592795729637146,-0.07351884245872498,0.5021106004714966,0.45283621549606323,-0.07843782007694244,0.5357946753501892,0.46102163195610046,-0.08170876652002335,0.3844146728515625,0.4414181709289551,-0.0541708767414093,0.44668135046958923,0.471687912940979,-0.06710673868656158,0.490923672914505,0.4785052537918091,-0.07112272083759308,0.522702693939209,0.47629693150520325,-0.07296522706747055,0.3841603994369507,0.4699695408344269,-0.051055919378995895,0.437152624130249,0.4839091897010803,-0.05985816940665245,0.4713119566440582,0.4836857318878174,-0.061240389943122864,0.496613085269928,0.47905728220939636,-0.06135770305991173,Right,0.9933706521987915
11781,184,0,0.7281591296195984,0.4101753830909729,4.112415012968995e-07,0.6891228556632996,0.3571009039878845,-0.022420456632971764,0.6397741436958313,0.36963799595832825,-0.03369181975722313,0.6031258702278137,0.4066334068775177,-0.03780122101306915,0.5784055590629578,0.43688374757766724,-0.04089084267616272,0.6684661507606506,0.4086807370185852,-0.060317978262901306,0.6108459234237671,0.45509812235832214,-0.07273406535387039,0.5778985619544983,0.46545952558517456,-0.07086023688316345,0.5572458505630493,0.4672287106513977,-0.06680756062269211,0.6811243295669556,0.4528852701187134,-0.050411712378263474,0.6119673252105713,0.4850042462348938,-0.06123964488506317,0.5837245583534241,0.4725712239742279,-0.05484330654144287,0.5728169083595276,0.45510393381118774,-0.04857935756444931,0.6860364079475403,0.4828512370586395,-0.03897252678871155,0.6208714246749878,0.502578616142273,-0.044404223561286926,0.5996943116188049,0.4840986728668213,-0.03703148290514946,0.5934716463088989,0.46629196405410767,-0.03192223981022835,0.684927761554718,0.500741720199585,-0.02894037961959839,0.6354990601539612,0.506652295589447,-0.033988870680332184,0.6172381043434143,0.4906463027000427,-0.03180333599448204,0.6097594499588013,0.4774373471736908,-0.029490593820810318,Left,0.9825980067253113
11781,184,1,0.3429059088230133,0.4004191756248474,4.793461130248033e-07,0.37899249792099,0.3557567894458771,-0.010329303331673145,0.4244467616081238,0.354311466217041,-0.022096985951066017,0.4589728116989136,0.38256925344467163,-0.029353389516472816,0.47925522923469543,0.40737059712409973,-0.037054575979709625,0.4087026119232178,0.35673463344573975,-0.053739435970783234,0.4681379497051239,0.3942860960960388,-0.07019463181495667,0.5055933594703674,0.4165261685848236,-0.07542234659194946,0.5340276956558228,0.43234437704086304,-0.07672009617090225,0.3942311704158783,0.4029093086719513,-0.05451430380344391,0.4599446952342987,0.4362536668777466,-0.07025964558124542,0.5036207437515259,0.45198503136634827,-0.07474711537361145,0.5363830327987671,0.45904573798179626,-0.07773333787918091,0.38699132204055786,0.44298461079597473,-0.05253254622220993,0.4501437544822693,0.4713572561740875,-0.06496434658765793,0.4943723678588867,0.47697117924690247,-0.06923556327819824,0.5265576839447021,0.4739542603492737,-0.07134688645601273,0.3867526054382324,0.4712549149990082,-0.049848418682813644,0.4397805333137512,0.48381197452545166,-0.05875536426901817,0.474232017993927,0.4830309748649597,-0.060432061553001404,0.500242292881012,0.47753220796585083,-0.06074705347418785,Right,0.9937374591827393
11825,185,0,0.727166473865509,0.4104372262954712,4.3202348365412035e-07,0.6898924708366394,0.3580482006072998,-0.02280784212052822,0.6405688524246216,0.3683008551597595,-0.03478928282856941,0.6039244532585144,0.40434563159942627,-0.03932597488164902,0.5820215940475464,0.43796297907829285,-0.0427742674946785,0.6691944003105164,0.4109644889831543,-0.06292758882045746,0.6082554459571838,0.45338866114616394,-0.07502896338701248,0.5748540163040161,0.4638700485229492,-0.07223016768693924,0.5536874532699585,0.4669479727745056,-0.0676005631685257,0.6814841628074646,0.45505067706108093,-0.05278739333152771,0.6092751622200012,0.48218804597854614,-0.06343818455934525,0.5810920596122742,0.4686970114707947,-0.05562598630785942,0.5697942972183228,0.45201653242111206,-0.04849499464035034,0.6856401562690735,0.48551926016807556,-0.041022490710020065,0.6164606213569641,0.5010257363319397,-0.04612407088279724,0.5962885618209839,0.481020450592041,-0.037282589823007584,0.5911067724227905,0.46333155035972595,-0.03126386180520058,0.6839808821678162,0.5037537813186646,-0.030709240585565567,0.6316068172454834,0.5087950229644775,-0.03521602600812912,0.6141080260276794,0.49120384454727173,-0.03205297887325287,0.608200192451477,0.47756484150886536,-0.029145121574401855,Left,0.9841551184654236
11825,185,1,0.3438776433467865,0.39975404739379883,4.6933962494222214e-07,0.38008731603622437,0.3563143014907837,-0.010385225526988506,0.42615190148353577,0.3554748296737671,-0.021982697769999504,0.4612007737159729,0.38341182470321655,-0.029064541682600975,0.48190340399742126,0.4078086018562317,-0.03647008538246155,0.40845492482185364,0.3551042377948761,-0.0534808449447155,0.4677160084247589,0.39354580640792847,-0.0696517676115036,0.5049853324890137,0.41579461097717285,-0.0744713768362999,0.533404529094696,0.43159323930740356,-0.07556457072496414,0.3936370313167572,0.40086114406585693,-0.05424471199512482,0.4597861170768738,0.4344547390937805,-0.06995001435279846,0.5035161375999451,0.45090681314468384,-0.07431424409151077,0.5363512635231018,0.4584848880767822,-0.0772443562746048,0.3863218426704407,0.4412918984889984,-0.05230686813592911,0.4496869146823883,0.4696585536003113,-0.0648643970489502,0.49407729506492615,0.4765641391277313,-0.069157175719738,0.5263916254043579,0.47440120577812195,-0.0712985098361969,0.3861779570579529,0.47035011649131775,-0.04967840760946274,0.43927308917045593,0.48270344734191895,-0.05873444676399231,0.47354307770729065,0.48193424940109253,-0.06060277298092842,0.49932804703712463,0.47622913122177124,-0.06111353635787964,Right,0.9933736324310303
11869,186,0,0.7282464504241943,0.4127446413040161,4.160819742082822e-07,0.6910743713378906,0.358229398727417,-0.02477925829589367,0.6398706436157227,0.3666856288909912,-0.037256162613630295,0.602338433265686,0.40393030643463135,-0.041937440633773804,0.5783259868621826,0.436923623085022,-0.04548312723636627,0.668671727180481,0.4063957631587982,-0.06485624611377716,0.6080145239830017,0.44852176308631897,-0.07726817578077316,0.5747989416122437,0.46175485849380493,-0.07486031204462051,0.5522023439407349,0.4684094190597534,-0.07093881070613861,0.6806750893592834,0.45365700125694275,-0.054257456213235855,0.608562707901001,0.4810314178466797,-0.0648469477891922,0.5813416242599487,0.46837174892425537,-0.0573427677154541,0.5705673694610596,0.45341795682907104,-0.05092413350939751,0.6853609681129456,0.48663070797920227,-0.04209699109196663,0.6147221922874451,0.5017604827880859,-0.04770534113049507,0.5983843207359314,0.4794134199619293,-0.03842499107122421,0.5970107316970825,0.461261510848999,-0.03225718066096306,0.6838116645812988,0.5069566965103149,-0.03158087655901909,0.6293104887008667,0.5101064443588257,-0.03688184171915054,0.6145101189613342,0.49081525206565857,-0.0336485393345356,0.612002432346344,0.4776737689971924,-0.0308009572327137,Left,0.9858976602554321
11869,186,1,0.34317442774772644,0.39902278780937195,4.789845888808486e-07,0.3788911998271942,0.3548741638660431,-0.010170556604862213,0.42516303062438965,0.35465264320373535,-0.021900568157434464,0.4604405164718628,0.38286349177360535,-0.02896229922771454,0.4810985028743744,0.40723907947540283,-0.036517370492219925,0.4085372984409332,0.35425105690956116,-0.05490579083561897,0.4679621458053589,0.39235860109329224,-0.07085096836090088,0.5054928660392761,0.4150071442127228,-0.07567401975393295,0.533882737159729,0.4310934245586395,-0.07679851353168488,0.3933292627334595,0.4002331793308258,-0.05551506206393242,0.4593023359775543,0.43422579765319824,-0.07129222899675369,0.5033062696456909,0.45028790831565857,-0.07584187388420105,0.5363755226135254,0.45727378129959106,-0.0789516344666481,0.38574010133743286,0.44069793820381165,-0.05313440412282944,0.44919776916503906,0.4705877900123596,-0.0656052678823471,0.4934723377227783,0.4768142104148865,-0.07002605497837067,0.5251291990280151,0.47368529438972473,-0.07231346517801285,0.38535207509994507,0.46965011954307556,-0.04995335638523102,0.43883103132247925,0.48248738050460815,-0.058636363595724106,0.4721071422100067,0.48073720932006836,-0.060219619423151016,0.49653464555740356,0.47402119636535645,-0.06058487296104431,Right,0.9939528703689575
11915,187,0,0.7283403277397156,0.4136134088039398,3.855350030335103e-07,0.6912689805030823,0.3579385280609131,-0.021026216447353363,0.641039252281189,0.36416885256767273,-0.03254855424165726,0.6038184762001038,0.3998667895793915,-0.037079449743032455,0.5793213844299316,0.4313260614871979,-0.04080026224255562,0.667369544506073,0.4030646085739136,-0.06191230192780495,0.6059707403182983,0.44537901878356934,-0.07353430241346359,0.5731003880500793,0.45966824889183044,-0.07064635306596756,0.5518327951431274,0.4667467176914215,-0.06643137335777283,0.679013729095459,0.4506194591522217,-0.05320068076252937,0.6058765649795532,0.47749167680740356,-0.06281661987304688,0.5800111889839172,0.4656775891780853,-0.05477193370461464,0.5708662867546082,0.45148977637290955,-0.04813840240240097,0.6838926672935486,0.4846174418926239,-0.04264800250530243,0.6121922731399536,0.49996477365493774,-0.04704155772924423,0.5952730178833008,0.4799322485923767,-0.0373399555683136,0.5938396453857422,0.4634486138820648,-0.03124774806201458,0.6833722591400146,0.5062039494514465,-0.03339964523911476,0.6280746459960938,0.5110785365104675,-0.03748367354273796,0.611735999584198,0.4931269586086273,-0.033598463982343674,0.6081861257553101,0.4806886911392212,-0.030608808621764183,Left,0.983231782913208
11915,187,1,0.34025388956069946,0.39953193068504333,4.7174262363114394e-07,0.3760824203491211,0.3547361493110657,-0.010147430002689362,0.422026664018631,0.35349684953689575,-0.02195320650935173,0.4570176303386688,0.3808276653289795,-0.02918330952525139,0.477681964635849,0.4048766493797302,-0.03685431554913521,0.4058976471424103,0.35515594482421875,-0.05481064319610596,0.4659841060638428,0.3930155038833618,-0.07064351439476013,0.5030972957611084,0.4141547977924347,-0.07522788643836975,0.5315771102905273,0.4289892911911011,-0.07620643079280853,0.391204833984375,0.4006770849227905,-0.0554363913834095,0.4581674635410309,0.4341520667076111,-0.07131380587816238,0.5022271871566772,0.4495607018470764,-0.07573238015174866,0.5355215072631836,0.4563691020011902,-0.07865702360868454,0.38400107622146606,0.44061145186424255,-0.05307827889919281,0.4474422335624695,0.4703657627105713,-0.06555512547492981,0.4910399317741394,0.4760096073150635,-0.06976144015789032,0.5220769643783569,0.4724079668521881,-0.07181396335363388,0.38417357206344604,0.4689730405807495,-0.04995877295732498,0.43742287158966064,0.48214468359947205,-0.05833812803030014,0.4697982370853424,0.4803122282028198,-0.05966983735561371,0.49330949783325195,0.47343963384628296,-0.0598590113222599,Right,0.993706464767456
11959,188,0,0.7270568609237671,0.41398629546165466,3.54452595274779e-07,0.6891264319419861,0.3603125810623169,-0.01915123127400875,0.6383678317070007,0.3674718737602234,-0.029815513640642166,0.6018576622009277,0.4039047956466675,-0.03370087221264839,0.5779385566711426,0.43577104806900024,-0.037064921110868454,0.6639202833175659,0.40433934330940247,-0.060282643884420395,0.6033592820167542,0.4469282925128937,-0.07148715108633041,0.5703900456428528,0.461196631193161,-0.06922493129968643,0.5484280586242676,0.4698009490966797,-0.06581688672304153,0.6755910515785217,0.45079541206359863,-0.05262039601802826,0.6033915877342224,0.4782155156135559,-0.06274431943893433,0.5806800127029419,0.4629790484905243,-0.05551206320524216,0.5757725238800049,0.4471699595451355,-0.04951699450612068,0.6815491318702698,0.48482179641723633,-0.042850203812122345,0.6108571887016296,0.5013538599014282,-0.0473964624106884,0.5969705581665039,0.4797011911869049,-0.03771296143531799,0.5988638401031494,0.46291813254356384,-0.031658533960580826,0.682597815990448,0.5068071484565735,-0.034158408641815186,0.6281318664550781,0.5135937333106995,-0.0376458577811718,0.6146889328956604,0.49399563670158386,-0.033039938658475876,0.6147228479385376,0.48058179020881653,-0.029820652678608894,Left,0.9848721027374268
11959,188,1,0.3402722179889679,0.399868905544281,4.843579404223419e-07,0.37681299448013306,0.35526931285858154,-0.010477721691131592,0.4228845536708832,0.3535977602005005,-0.022422533482313156,0.45808422565460205,0.38049736618995667,-0.029721755534410477,0.47862890362739563,0.4042052626609802,-0.03740963712334633,0.40558621287345886,0.35496702790260315,-0.05578785762190819,0.46592050790786743,0.392981618642807,-0.07233019918203354,0.5035486221313477,0.41449791193008423,-0.07741471379995346,0.5325446128845215,0.4297614097595215,-0.07867409288883209,0.3905651569366455,0.4004974067211151,-0.05622057616710663,0.45733383297920227,0.4334584176540375,-0.07272525131702423,0.5018264055252075,0.4489143192768097,-0.07741468399763107,0.5355604887008667,0.45618608593940735,-0.08049279451370239,0.3833919167518616,0.4404935836791992,-0.05365331843495369,0.4462301433086395,0.46922338008880615,-0.06627973169088364,0.48998919129371643,0.47510114312171936,-0.07040777802467346,0.5214789509773254,0.4723207354545593,-0.07237877696752548,0.383750319480896,0.46902862191200256,-0.05039918050169945,0.43670448660850525,0.48180580139160156,-0.05881673842668533,0.4694823622703552,0.47991943359375,-0.0602036751806736,0.4935298562049866,0.47361183166503906,-0.060410402715206146,Right,0.9932700991630554
12002,189,0,0.7316787838935852,0.41371968388557434,3.4203583254566183e-07,0.6932204365730286,0.3609867990016937,-0.01685057021677494,0.6420257687568665,0.36656370759010315,-0.026199080049991608,0.605137050151825,0.401187539100647,-0.02925298549234867,0.5825042724609375,0.4330243468284607,-0.03178032860159874,0.6620765328407288,0.4058011472225189,-0.0559493824839592,0.6015954613685608,0.44689518213272095,-0.06568357348442078,0.5700369477272034,0.46029359102249146,-0.06292100250720978,0.5494692325592041,0.4682873487472534,-0.05924363434314728,0.6732118129730225,0.4525478184223175,-0.04884651303291321,0.6022801995277405,0.47795766592025757,-0.057108428329229355,0.5805118680000305,0.4632904529571533,-0.049319349229335785,0.5759795308113098,0.44871291518211365,-0.043078575283288956,0.6798326969146729,0.4866460859775543,-0.03964628651738167,0.6105997562408447,0.5024698376655579,-0.04250609874725342,0.5977634787559509,0.48110559582710266,-0.032650358974933624,0.6001959443092346,0.464987576007843,-0.026711363345384598,0.6818230748176575,0.5085568428039551,-0.03139764443039894,0.6287670135498047,0.5147635340690613,-0.03375115990638733,0.6153506636619568,0.4958321154117584,-0.028953848406672478,0.6148725748062134,0.48316165804862976,-0.02561824396252632,Left,0.9914611577987671
12002,189,1,0.3411407768726349,0.40052366256713867,4.838190079681226e-07,0.37739700078964233,0.3554530441761017,-0.01019243709743023,0.423485666513443,0.3536466956138611,-0.02175179123878479,0.458435982465744,0.3808434307575226,-0.028634898364543915,0.4785061776638031,0.405176043510437,-0.035842955112457275,0.4066145420074463,0.354522168636322,-0.05501439422369003,0.466499388217926,0.39309161901474,-0.07098858803510666,0.5041046142578125,0.4147242605686188,-0.07576590031385422,0.5329049229621887,0.42998477816581726,-0.07686953991651535,0.39129236340522766,0.40043002367019653,-0.05532423406839371,0.4576018154621124,0.4337741434574127,-0.07156797498464584,0.5019205808639526,0.44958606362342834,-0.07627936452627182,0.5355629920959473,0.4568637013435364,-0.07937394082546234,0.38414934277534485,0.44057703018188477,-0.05256389081478119,0.4468536972999573,0.4695233106613159,-0.0652417466044426,0.490477055311203,0.4754195213317871,-0.06955134868621826,0.5216788649559021,0.47229915857315063,-0.07155527174472809,0.3846982717514038,0.4691436290740967,-0.04903605207800865,0.4378235936164856,0.48192164301872253,-0.05731648951768875,0.4697055518627167,0.47907254099845886,-0.058517664670944214,0.49263930320739746,0.47143203020095825,-0.058563366532325745,Right,0.9935696125030518
12043,190,0,0.734536349773407,0.4117129445075989,3.3154009315694566e-07,0.6946898698806763,0.3605058491230011,-0.014029815793037415,0.6443086862564087,0.3657792806625366,-0.02238628640770912,0.6070915460586548,0.3983485698699951,-0.024786237627267838,0.5834420919418335,0.42937397956848145,-0.026582395657896996,0.6598260998725891,0.4048861861228943,-0.053514525294303894,0.5985895395278931,0.44646862149238586,-0.06204914301633835,0.56892991065979,0.4597277045249939,-0.057861365377902985,0.5515469908714294,0.46658387780189514,-0.05266568064689636,0.6719748377799988,0.4512401223182678,-0.04701123759150505,0.6016183495521545,0.47909340262413025,-0.05340694263577461,0.5792946815490723,0.4684337079524994,-0.04404345154762268,0.573805034160614,0.4557470381259918,-0.036673951894044876,0.6798092722892761,0.4855456054210663,-0.0382683128118515,0.6113885045051575,0.5033555030822754,-0.03935566544532776,0.5977576971054077,0.48547714948654175,-0.028608426451683044,0.5987417101860046,0.4710949957370758,-0.022108273580670357,0.6833198070526123,0.5078942775726318,-0.030185215175151825,0.6307950019836426,0.5157611966133118,-0.03066718950867653,0.6169302463531494,0.49906566739082336,-0.024725377559661865,0.6150240302085876,0.48722198605537415,-0.020497580990195274,Left,0.9934449791908264
12043,190,1,0.3410598635673523,0.40023863315582275,4.881990207650233e-07,0.37762096524238586,0.35511091351509094,-0.0095112519338727,0.4237506091594696,0.35370615124702454,-0.0207571629434824,0.4585449993610382,0.38072288036346436,-0.027377227321267128,0.4786226451396942,0.4047035276889801,-0.034311749041080475,0.40661144256591797,0.3546288013458252,-0.054095759987831116,0.4663350582122803,0.39289987087249756,-0.06954442709684372,0.5039634704589844,0.4141894280910492,-0.07384378463029861,0.5325492024421692,0.42924681305885315,-0.0746140405535698,0.3915581703186035,0.4002399146556854,-0.054631538689136505,0.45770686864852905,0.43414390087127686,-0.07023835927248001,0.5018187165260315,0.45033568143844604,-0.07429146021604538,0.5347678065299988,0.45802751183509827,-0.0769336000084877,0.3844439685344696,0.4398931860923767,-0.052109815180301666,0.4470371901988983,0.4702147841453552,-0.06430336833000183,0.4906129240989685,0.4765186905860901,-0.06827132403850555,0.5214681625366211,0.4737835228443146,-0.07009787112474442,0.3846907615661621,0.4678966999053955,-0.048773154616355896,0.43733248114585876,0.48175084590911865,-0.05661146342754364,0.4690530300140381,0.4795788526535034,-0.057586897164583206,0.4917222261428833,0.47252127528190613,-0.0575462207198143,Right,0.9938455820083618
12085,191,0,0.7346051335334778,0.40677475929260254,3.2100382441058173e-07,0.6909536719322205,0.36160963773727417,-0.009830431081354618,0.6419546604156494,0.36962220072746277,-0.018039045855402946,0.6062600016593933,0.40121522545814514,-0.021573510020971298,0.5814869999885559,0.43065735697746277,-0.02450646460056305,0.6505873203277588,0.39460235834121704,-0.05132906511425972,0.589495837688446,0.446958065032959,-0.06457918882369995,0.5624310374259949,0.4646827280521393,-0.06263484060764313,0.552842915058136,0.46948638558387756,-0.05643988400697708,0.6674144864082336,0.43983015418052673,-0.04753713682293892,0.5991235375404358,0.48722195625305176,-0.05989754572510719,0.5733428001403809,0.4895422160625458,-0.05245241895318031,0.5686191916465759,0.4797445833683014,-0.04364001378417015,0.6796166896820068,0.47555068135261536,-0.04153135046362877,0.61304771900177,0.511466383934021,-0.0469447523355484,0.5936999917030334,0.5036049485206604,-0.036369092762470245,0.5926721096038818,0.49029067158699036,-0.026867201551795006,0.6882268190383911,0.5000049471855164,-0.03561728447675705,0.6364673376083374,0.5220315456390381,-0.037406228482723236,0.6192102432250977,0.5102124214172363,-0.02976393885910511,0.6164525747299194,0.4959608018398285,-0.02195095084607601,Left,0.9981391429901123
12085,191,1,0.3420134484767914,0.40051501989364624,5.000871965421538e-07,0.3787288963794708,0.3569026291370392,-0.009582553058862686,0.425336092710495,0.35645198822021484,-0.02096683159470558,0.4603736698627472,0.38401949405670166,-0.027867883443832397,0.4804287552833557,0.40830549597740173,-0.035183135420084,0.4091017246246338,0.35580974817276,-0.05373910441994667,0.4689829647541046,0.39477401971817017,-0.06926977634429932,0.5067834854125977,0.41660353541374207,-0.07364420592784882,0.5353401899337769,0.43199050426483154,-0.07436256110668182,0.3933115303516388,0.40120843052864075,-0.05451751500368118,0.4596703052520752,0.4362207353115082,-0.0702032744884491,0.5037955641746521,0.4531247913837433,-0.0744728073477745,0.5365305542945862,0.4612733721733093,-0.07712019234895706,0.3856278955936432,0.4409542381763458,-0.05227147415280342,0.44959861040115356,0.4715784192085266,-0.06431526690721512,0.49353450536727905,0.4796387851238251,-0.06811198592185974,0.5248668193817139,0.4788478910923004,-0.06974130123853683,0.38535434007644653,0.46891844272613525,-0.049249690026044846,0.43913817405700684,0.48296499252319336,-0.05681004747748375,0.4720154106616974,0.48268061876296997,-0.05754493176937103,0.4957880973815918,0.47825658321380615,-0.05724788457155228,Right,0.9951122403144836
12127,192,0,0.7308731079101562,0.40305405855178833,2.7479129016683146e-07,0.6851953268051147,0.3624058961868286,-0.00533195398747921,0.6369621753692627,0.3717052936553955,-0.012641500681638718,0.6020764112472534,0.4035458564758301,-0.016144003719091415,0.5774499773979187,0.4319218099117279,-0.01902134157717228,0.6449088454246521,0.3891615569591522,-0.049814604222774506,0.5829789042472839,0.44451290369033813,-0.0630253404378891,0.55926513671875,0.4653388559818268,-0.06063954159617424,0.5532724261283875,0.47222134470939636,-0.05397806689143181,0.6629576086997986,0.4337649643421173,-0.048314169049263,0.595768392086029,0.4898180663585663,-0.06076240912079811,0.5696103572845459,0.49579018354415894,-0.052397605031728745,0.5651569962501526,0.48727309703826904,-0.04297969490289688,0.6768151521682739,0.4698494076728821,-0.04421548172831535,0.6126480102539062,0.5140117406845093,-0.049849968403577805,0.5936813354492188,0.5076556205749512,-0.0378042496740818,0.5928667783737183,0.49403560161590576,-0.026965202763676643,0.6875651478767395,0.4947229027748108,-0.039782434701919556,0.6375874280929565,0.5213935375213623,-0.04125421866774559,0.6211555004119873,0.5106895565986633,-0.03213835880160332,0.6183300018310547,0.4959414005279541,-0.023045340552926064,Left,0.9984816908836365
12127,192,1,0.34249359369277954,0.40008145570755005,4.815667580260197e-07,0.37968775629997253,0.3571830689907074,-0.010002652183175087,0.4266912341117859,0.35754600167274475,-0.02145439386367798,0.4630485475063324,0.3849620521068573,-0.02845272421836853,0.48484447598457336,0.4085812270641327,-0.03565327078104019,0.40940865874290466,0.3560045063495636,-0.052824124693870544,0.46829184889793396,0.39552363753318787,-0.06821040064096451,0.5051603317260742,0.4171072840690613,-0.07220955938100815,0.5333020687103271,0.43282338976860046,-0.07272296398878098,0.3940794765949249,0.401163250207901,-0.053375668823719025,0.459911048412323,0.4360106289386749,-0.06887836754322052,0.5030962228775024,0.45359814167022705,-0.07267110049724579,0.5351834893226624,0.46306273341178894,-0.07502000778913498,0.3864338994026184,0.44095760583877563,-0.05113702639937401,0.45008906722068787,0.4714060127735138,-0.0632578507065773,0.49326053261756897,0.47950348258018494,-0.06682645529508591,0.5240030288696289,0.478806734085083,-0.06832413375377655,0.3861313462257385,0.4692509174346924,-0.04821540415287018,0.43904605507850647,0.4846399426460266,-0.05608970671892166,0.4720665514469147,0.4850724935531616,-0.05728202313184738,0.49629202485084534,0.4806641936302185,-0.05732366070151329,Right,0.9950745105743408
12171,193,0,0.7292313575744629,0.4004456698894501,2.5134636416623835e-07,0.6826788187026978,0.36039113998413086,-0.0045715393498539925,0.6343695521354675,0.3710706830024719,-0.012288208119571209,0.6000493168830872,0.40447574853897095,-0.016463270410895348,0.5755452513694763,0.434550940990448,-0.020025933161377907,0.6425095200538635,0.3873428702354431,-0.04877932369709015,0.580346941947937,0.4442872405052185,-0.06220104545354843,0.5567686557769775,0.46609047055244446,-0.06004391983151436,0.5507698655128479,0.4741949141025543,-0.05355680361390114,0.661102831363678,0.431423157453537,-0.04816111549735069,0.5924251079559326,0.4892920255661011,-0.061213575303554535,0.5665193796157837,0.49439725279808044,-0.052766282111406326,0.5625253915786743,0.486052006483078,-0.04292941093444824,0.6750475764274597,0.46736839413642883,-0.04495396465063095,0.6095728278160095,0.513906717300415,-0.05100002884864807,0.58998703956604,0.5077183246612549,-0.038244977593421936,0.5882427096366882,0.49510255455970764,-0.026658795773983,0.6855511665344238,0.4923783540725708,-0.041391320526599884,0.634756326675415,0.521620512008667,-0.04296884685754776,0.6175888180732727,0.5113886594772339,-0.033260807394981384,0.6137204170227051,0.4974752366542816,-0.02362576685845852,Left,0.9981260299682617
12171,193,1,0.3430269658565521,0.4000362157821655,4.888240709988168e-07,0.3804311752319336,0.35653623938560486,-0.009707874618470669,0.4273219108581543,0.35658714175224304,-0.021601347252726555,0.4634132981300354,0.38478827476501465,-0.02904236689209938,0.48515936732292175,0.40914925932884216,-0.03690832480788231,0.4102817475795746,0.3564552366733551,-0.054584261029958725,0.4690611958503723,0.3961082398891449,-0.07098213583230972,0.5064091682434082,0.41859859228134155,-0.07591484487056732,0.5349589586257935,0.4348083734512329,-0.07707493752241135,0.3951456546783447,0.4016183614730835,-0.05553918331861496,0.46072566509246826,0.43641361594200134,-0.07172266393899918,0.5044692754745483,0.45381641387939453,-0.07615741342306137,0.5369545817375183,0.46280181407928467,-0.07902859151363373,0.38739365339279175,0.44156745076179504,-0.053507108241319656,0.4510650932788849,0.47146177291870117,-0.06601976603269577,0.4945870041847229,0.47912880778312683,-0.06982944160699844,0.5256351828575134,0.4780755639076233,-0.07156901806592941,0.38674965500831604,0.47035419940948486,-0.05070367828011513,0.439535915851593,0.48475411534309387,-0.05910748243331909,0.4732336401939392,0.4844513535499573,-0.06048566848039627,0.4981423616409302,0.4796624183654785,-0.06060432270169258,Right,0.9946689009666443
12215,194,0,0.7298271656036377,0.39947986602783203,2.221647292799389e-07,0.6822388172149658,0.35913604497909546,-0.002763365861028433,0.6332321763038635,0.3708055317401886,-0.009604700841009617,0.5991648435592651,0.40589526295661926,-0.01329205185174942,0.574651837348938,0.4371345341205597,-0.01648133061826229,0.6398769617080688,0.38586491346359253,-0.045347753912210464,0.5775626301765442,0.4455590844154358,-0.057582322508096695,0.5554589629173279,0.46790841221809387,-0.055543918162584305,0.5507113337516785,0.4768761098384857,-0.0494733490049839,0.6587860584259033,0.4294223189353943,-0.04529859870672226,0.590707540512085,0.4857847988605499,-0.05621695891022682,0.5669112801551819,0.4910520613193512,-0.04784996807575226,0.5638864636421204,0.4837448298931122,-0.03904496505856514,0.673338770866394,0.4655916094779968,-0.04261132329702377,0.6081526279449463,0.5118536949157715,-0.04668756201863289,0.591768205165863,0.5055227279663086,-0.03367486968636513,0.5924859046936035,0.49351662397384644,-0.022957371547818184,0.6846422553062439,0.4914266765117645,-0.039492107927799225,0.6339209079742432,0.5203653573989868,-0.03972287476062775,0.6192768812179565,0.5094252228736877,-0.02942247875034809,0.6174048185348511,0.495771586894989,-0.02010856196284294,Left,0.9976191520690918
12215,194,1,0.3427773416042328,0.39874300360679626,4.791132255377306e-07,0.38003429770469666,0.35691824555397034,-0.009389485232532024,0.4263177812099457,0.3582451343536377,-0.020822525024414062,0.4610621929168701,0.3868519365787506,-0.02785050868988037,0.4816388189792633,0.41162076592445374,-0.03527480363845825,0.41007938981056213,0.3566766083240509,-0.05354840308427811,0.46902650594711304,0.3965826630592346,-0.06901199370622635,0.505747377872467,0.41879206895828247,-0.07320044189691544,0.5339511036872864,0.43489259481430054,-0.0739838033914566,0.39422377943992615,0.4012507200241089,-0.05442057177424431,0.45974788069725037,0.43637603521347046,-0.06989909708499908,0.5028237700462341,0.45441925525665283,-0.0738673210144043,0.5351086854934692,0.4640689194202423,-0.07654467225074768,0.38573458790779114,0.4406057894229889,-0.052355825901031494,0.4484797418117523,0.47188830375671387,-0.06463126093149185,0.4917140603065491,0.480220228433609,-0.06874629110097885,0.5227494835853577,0.4793146252632141,-0.07082242518663406,0.38444599509239197,0.46899640560150146,-0.04945523291826248,0.43658432364463806,0.48410162329673767,-0.05757463723421097,0.46866193413734436,0.4841347336769104,-0.05895620584487915,0.4921209216117859,0.4791763722896576,-0.05929843336343765,Right,0.9948926568031311
12259,195,0,0.7325708270072937,0.3999035656452179,1.9951193053202587e-07,0.6842696070671082,0.35916420817375183,-0.0013204589486122131,0.6352782249450684,0.3695518970489502,-0.00780613673850894,0.6014302968978882,0.403682678937912,-0.011200455017387867,0.576592206954956,0.43415123224258423,-0.014224180020391941,0.6412611603736877,0.3861747086048126,-0.04403247311711311,0.5792204737663269,0.44339874386787415,-0.05464896932244301,0.556300163269043,0.4665197730064392,-0.05138677358627319,0.5489453077316284,0.47917109727859497,-0.04480301961302757,0.6596375703811646,0.4301162362098694,-0.04423089697957039,0.5904310941696167,0.48413360118865967,-0.05367325618863106,0.5687578320503235,0.4880143404006958,-0.044194549322128296,0.5660160779953003,0.48203787207603455,-0.03472569212317467,0.6734338402748108,0.4662863314151764,-0.04147719219326973,0.6075132489204407,0.5116928815841675,-0.04398784786462784,0.5922852754592896,0.5041341781616211,-0.029930124059319496,0.5931393504142761,0.49238649010658264,-0.018705638125538826,0.6840804815292358,0.49228790402412415,-0.03821168839931488,0.6325342059135437,0.521328866481781,-0.036993607878685,0.6181191205978394,0.5098425149917603,-0.02579861879348755,0.616025984287262,0.49619266390800476,-0.016031606122851372,Left,0.9968889355659485
12259,195,1,0.3418016731739044,0.3993683457374573,4.844700356443354e-07,0.37960726022720337,0.3580707013607025,-0.009420574642717838,0.42510896921157837,0.35951775312423706,-0.02091381326317787,0.45935413241386414,0.38730359077453613,-0.02809244394302368,0.4798615276813507,0.4113991856575012,-0.03564245626330376,0.4111098051071167,0.35705846548080444,-0.05237976834177971,0.4687037765979767,0.39759618043899536,-0.06805095821619034,0.5047019720077515,0.41989198327064514,-0.0727909579873085,0.5324663519859314,0.43602749705314636,-0.07396405935287476,0.39508935809135437,0.4016037583351135,-0.05320778116583824,0.4591935873031616,0.4383077025413513,-0.06857877224683762,0.5009798407554626,0.4575512111186981,-0.07264862209558487,0.5323064923286438,0.46827763319015503,-0.07537069916725159,0.38584020733833313,0.44057953357696533,-0.05118267238140106,0.44787150621414185,0.4724104106426239,-0.06309334933757782,0.48991966247558594,0.48161715269088745,-0.06650831550359726,0.5199962258338928,0.48161953687667847,-0.06811757385730743,0.3836519718170166,0.4682226777076721,-0.04841301590204239,0.4347245693206787,0.4845356345176697,-0.0561206080019474,0.46654123067855835,0.4861138164997101,-0.056909870356321335,0.4898156523704529,0.48273640871047974,-0.05675603076815605,Right,0.9945904016494751
12302,196,0,0.7346943020820618,0.40062302350997925,1.9469489132006856e-07,0.6854600310325623,0.35839125514030457,-0.0010839927708730102,0.635368287563324,0.3701402246952057,-0.007054788991808891,0.6022037267684937,0.40648671984672546,-0.009867307730019093,0.5794501304626465,0.43845269083976746,-0.01242038793861866,0.6413372159004211,0.3879380524158478,-0.043648067861795425,0.5804910659790039,0.44371941685676575,-0.0531308576464653,0.5574876666069031,0.46577149629592896,-0.04930293560028076,0.5496421456336975,0.4785625636577606,-0.0427321121096611,0.6595489978790283,0.43313339352607727,-0.04374799132347107,0.5907663702964783,0.4836016595363617,-0.05161134898662567,0.5711942911148071,0.48392707109451294,-0.041342973709106445,0.5707610845565796,0.47624480724334717,-0.03178652003407478,0.673936665058136,0.4692329168319702,-0.04077998176217079,0.6078231334686279,0.5112341046333313,-0.04193299263715744,0.595409095287323,0.5001517534255981,-0.027524461969733238,0.5992687344551086,0.48662158846855164,-0.016587750986218452,0.6852888464927673,0.49449750781059265,-0.037308815866708755,0.6337360143661499,0.5214046835899353,-0.03528635576367378,0.6203569769859314,0.5082396268844604,-0.024108560755848885,0.6194441914558411,0.4942328631877899,-0.01475425437092781,Left,0.9964659810066223
12302,196,1,0.3416993021965027,0.39916789531707764,4.867291067967017e-07,0.3792949616909027,0.35885271430015564,-0.00997242983430624,0.4252883791923523,0.3603573143482208,-0.02145765721797943,0.4598698019981384,0.3877822160720825,-0.02865699864923954,0.4805534780025482,0.4110073149204254,-0.03610013797879219,0.4117509424686432,0.35724011063575745,-0.05186474323272705,0.46861517429351807,0.39891380071640015,-0.0674290731549263,0.503943681716919,0.421743780374527,-0.07215051352977753,0.5315229296684265,0.43853864073753357,-0.07336007803678513,0.3953877091407776,0.4018877148628235,-0.052343156188726425,0.45768240094184875,0.4388729929924011,-0.06823427230119705,0.4989371597766876,0.4584824740886688,-0.07266125828027725,0.530726969242096,0.46983668208122253,-0.0754929780960083,0.38606637716293335,0.44104522466659546,-0.05008506774902344,0.446338951587677,0.4726403057575226,-0.06234457716345787,0.48778286576271057,0.48269855976104736,-0.06597665697336197,0.5180025100708008,0.4835539162158966,-0.06754553318023682,0.38429486751556396,0.4687071144580841,-0.04719790443778038,0.43485501408576965,0.4856303334236145,-0.05512436851859093,0.4667322039604187,0.4882754385471344,-0.05633656680583954,0.49061495065689087,0.48636260628700256,-0.05639886111021042,Right,0.9952566623687744
12345,197,0,0.7359235882759094,0.4027504324913025,1.9242658311213745e-07,0.6891228556632996,0.35919028520584106,0.00010530450526857749,0.6386971473693848,0.3655474781990051,-0.005066052079200745,0.6050834059715271,0.39905545115470886,-0.007161777000874281,0.5849071741104126,0.43189114332199097,-0.009096214547753334,0.6441454887390137,0.391293466091156,-0.04395272582769394,0.5820239186286926,0.4453827142715454,-0.053402531892061234,0.557915449142456,0.4647902548313141,-0.04900733754038811,0.5499181151390076,0.4752049446105957,-0.04183301329612732,0.6608983874320984,0.4367122948169708,-0.044273920357227325,0.5908452272415161,0.48465126752853394,-0.05183718726038933,0.5725967288017273,0.4819825291633606,-0.04054008051753044,0.5742746591567993,0.47285032272338867,-0.030181195586919785,0.6744526028633118,0.471985399723053,-0.0412963405251503,0.6077487468719482,0.511290431022644,-0.042149558663368225,0.5974714159965515,0.49781057238578796,-0.02656431682407856,0.6042311191558838,0.4837131202220917,-0.014783191494643688,0.6861024498939514,0.4968486726284027,-0.03771001845598221,0.6348741054534912,0.5217468738555908,-0.035192109644412994,0.6225303411483765,0.5078002214431763,-0.023299874737858772,0.6232271790504456,0.49443936347961426,-0.013421563431620598,Left,0.9952059984207153
12345,197,1,0.34126096963882446,0.39941415190696716,4.809049869436421e-07,0.37932315468788147,0.35862478613853455,-0.009695551358163357,0.4254392385482788,0.36109456419944763,-0.02114928886294365,0.46031999588012695,0.38970518112182617,-0.028255503624677658,0.48149576783180237,0.4139527678489685,-0.03566281124949455,0.4113791584968567,0.35820406675338745,-0.05281732231378555,0.46876028180122375,0.40008214116096497,-0.06856127083301544,0.504148542881012,0.4233178496360779,-0.07320721447467804,0.5317868590354919,0.4402591586112976,-0.0743311271071434,0.3952411413192749,0.4025471806526184,-0.0533919595181942,0.45798158645629883,0.43945804238319397,-0.06987869739532471,0.49951714277267456,0.45913317799568176,-0.07459836453199387,0.5316107273101807,0.4701063334941864,-0.07758016884326935,0.3860342502593994,0.4415914714336395,-0.051050592213869095,0.44601595401763916,0.47374600172042847,-0.06390789151191711,0.48751941323280334,0.4838442802429199,-0.06790120899677277,0.5180357694625854,0.48431894183158875,-0.06967350095510483,0.3842776417732239,0.46934568881988525,-0.047965627163648605,0.43465977907180786,0.48641207814216614,-0.056011300534009933,0.46548858284950256,0.4878602921962738,-0.05708308517932892,0.488308846950531,0.484701931476593,-0.057083580642938614,Right,0.9945657849311829
12388,198,0,0.7377657890319824,0.4028470814228058,1.7404013874511293e-07,0.691338837146759,0.35791367292404175,0.00027779900119639933,0.6391777396202087,0.36549219489097595,-0.0031601411756128073,0.6050301194190979,0.400373250246048,-0.003137750318273902,0.5880947709083557,0.4343664050102234,-0.003123665228486061,0.6447150111198425,0.3950761556625366,-0.042536113411188126,0.5834766030311584,0.44713735580444336,-0.04951632767915726,0.5594508647918701,0.46317335963249207,-0.04430880397558212,0.5515314936637878,0.4712560474872589,-0.03738994896411896,0.6607136726379395,0.4413582384586334,-0.042157433927059174,0.5914900898933411,0.48547205328941345,-0.04641786962747574,0.5773910284042358,0.47617393732070923,-0.03486139699816704,0.582658588886261,0.46362027525901794,-0.025588085874915123,0.6745255589485168,0.47642982006073,-0.03832484781742096,0.6087499856948853,0.5121257305145264,-0.03642747551202774,0.6022343039512634,0.4948738217353821,-0.02198556810617447,0.6116629242897034,0.48038139939308167,-0.012601135298609734,0.6866468787193298,0.5004743337631226,-0.033835798501968384,0.636544406414032,0.5216812491416931,-0.029861727729439735,0.6275895833969116,0.506004810333252,-0.01890607364475727,0.6311348080635071,0.49390268325805664,-0.010880704037845135,Left,0.9915522336959839
12388,198,1,0.34239763021469116,0.40029680728912354,4.907561788058956e-07,0.38026389479637146,0.35974758863449097,-0.009663158096373081,0.4263956546783447,0.3620951771736145,-0.021321801468729973,0.4609852433204651,0.39181336760520935,-0.028585214167833328,0.48100727796554565,0.41720399260520935,-0.036197539418935776,0.41234806180000305,0.3590847849845886,-0.053500864654779434,0.4711340367794037,0.40135282278060913,-0.06922933459281921,0.5070726275444031,0.42461350560188293,-0.07382818311452866,0.5347236394882202,0.4411686062812805,-0.07481478154659271,0.3958115875720978,0.40354302525520325,-0.054096341133117676,0.4604240655899048,0.4405439496040344,-0.07010046392679214,0.5028353929519653,0.4596141278743744,-0.07469126582145691,0.5351608991622925,0.4697687327861786,-0.07765813171863556,0.3866433799266815,0.44279733300209045,-0.0516853891313076,0.44812649488449097,0.4746150076389313,-0.06365296989679337,0.4898736774921417,0.48432493209838867,-0.0673125609755516,0.520366907119751,0.484582781791687,-0.06905128061771393,0.3850271999835968,0.4707571268081665,-0.048555321991443634,0.4360377788543701,0.4870285093784332,-0.05585305392742157,0.467042475938797,0.48816877603530884,-0.05647019296884537,0.4899362623691559,0.48472386598587036,-0.05621768534183502,Right,0.9953743815422058
12429,199,0,0.7363918423652649,0.40270528197288513,1.9455903554899123e-07,0.6893773674964905,0.3582978844642639,-0.0008321930072270334,0.6378361582756042,0.3650362491607666,-0.005259841214865446,0.604126513004303,0.4005489647388458,-0.005942588672041893,0.5880008339881897,0.4343995153903961,-0.006468213628977537,0.6445123553276062,0.3953965902328491,-0.045474808663129807,0.5835334062576294,0.4493352472782135,-0.052259329706430435,0.5596784353256226,0.46409156918525696,-0.04628009721636772,0.5521546006202698,0.47012078762054443,-0.03887523338198662,0.6607666611671448,0.44230276346206665,-0.044413547962903976,0.59119713306427,0.48662200570106506,-0.0489218533039093,0.5751974582672119,0.47818586230278015,-0.03753724321722984,0.5786356329917908,0.46531376242637634,-0.028522616252303123,0.6736814975738525,0.4776160717010498,-0.03972550854086876,0.607266902923584,0.5125622749328613,-0.03766300529241562,0.59928959608078,0.49520811438560486,-0.023979580029845238,0.6072647571563721,0.4795551896095276,-0.015451858751475811,0.6846112608909607,0.5015898942947388,-0.03442956879734993,0.6348537802696228,0.5205599069595337,-0.030371522530913353,0.6251328587532043,0.5047270655632019,-0.020275427028536797,0.6275840401649475,0.49207767844200134,-0.01310760248452425,Left,0.9913814663887024
12429,199,1,0.341856986284256,0.4003748595714569,4.7386350843225955e-07,0.3801043629646301,0.3601797819137573,-0.009261181578040123,0.425698846578598,0.36228880286216736,-0.020560603588819504,0.46049273014068604,0.3906683623790741,-0.02770993486046791,0.4815431237220764,0.41521477699279785,-0.03510470688343048,0.41255468130111694,0.35994526743888855,-0.051081135869026184,0.4712640643119812,0.4020698368549347,-0.06645185500383377,0.5069634914398193,0.4244947135448456,-0.07068179547786713,0.5344382524490356,0.44055911898612976,-0.07142040133476257,0.3969504237174988,0.4043990969657898,-0.05195161700248718,0.4618541896343231,0.4410208463668823,-0.06732099503278732,0.5035848617553711,0.45928728580474854,-0.07149706035852432,0.5351356267929077,0.4691718518733978,-0.07413878291845322,0.3880157768726349,0.4435719847679138,-0.05002410337328911,0.45004943013191223,0.4750729203224182,-0.06165175139904022,0.491354763507843,0.48412415385246277,-0.0649995282292366,0.5216591358184814,0.48432281613349915,-0.0665726363658905,0.3859438896179199,0.47144556045532227,-0.047417052090168,0.43653756380081177,0.4882446229457855,-0.05488482490181923,0.4681910276412964,0.49013006687164307,-0.05571403726935387,0.49219396710395813,0.48731061816215515,-0.05554650351405144,Right,0.9948605895042419
12470,200,0,0.7350674271583557,0.40253424644470215,1.9210922630463756e-07,0.6888249516487122,0.3580474853515625,-0.0030558123253285885,0.6368781328201294,0.36394643783569336,-0.00796749722212553,0.6028810739517212,0.40010082721710205,-0.008727345615625381,0.5890852808952332,0.4351927638053894,-0.009243546985089779,0.6455512046813965,0.3974032700061798,-0.04619535431265831,0.5837119221687317,0.4517017602920532,-0.05263441056013107,0.5602062940597534,0.46393123269081116,-0.0469011515378952,0.5534534454345703,0.4679917097091675,-0.04001538082957268,0.6612051129341125,0.4451031982898712,-0.0439743772149086,0.5913287997245789,0.48711687326431274,-0.047107335180044174,0.5780194997787476,0.4742964208126068,-0.03622524440288544,0.5840893983840942,0.4589442014694214,-0.02842424437403679,0.6735160946846008,0.4800567924976349,-0.038309041410684586,0.6071438789367676,0.5120174288749695,-0.03529108688235283,0.6015162467956543,0.49217984080314636,-0.022578490898013115,0.6114345788955688,0.4760477840900421,-0.015778081491589546,0.6833744645118713,0.5035372972488403,-0.032278914004564285,0.634503960609436,0.5188634395599365,-0.028738923370838165,0.6274102330207825,0.5014762282371521,-0.020065542310476303,0.6317502856254578,0.48931413888931274,-0.01454063318669796,Left,0.9875239133834839
12470,200,1,0.34200751781463623,0.40199828147888184,4.6590386659772776e-07,0.3799190819263458,0.3610892593860626,-0.009557238779962063,0.42543309926986694,0.3619096875190735,-0.020568929612636566,0.46031898260116577,0.390125036239624,-0.027357131242752075,0.48108622431755066,0.41510438919067383,-0.034297630190849304,0.41220542788505554,0.36117494106292725,-0.0505591444671154,0.47148504853248596,0.4023754596710205,-0.06585632264614105,0.507284939289093,0.4247434139251709,-0.07006868720054626,0.5347716212272644,0.44087082147598267,-0.0708136111497879,0.39773452281951904,0.4067097008228302,-0.05113516002893448,0.4627216160297394,0.44205915927886963,-0.06618927419185638,0.5041966438293457,0.46038299798965454,-0.07044575363397598,0.5357087254524231,0.47042927145957947,-0.07316593825817108,0.3897968530654907,0.446540504693985,-0.0489734411239624,0.4510250985622406,0.4752732813358307,-0.06027735397219658,0.4916810989379883,0.4839732348918915,-0.06364177167415619,0.5218704342842102,0.4841669499874115,-0.06529740244150162,0.3887062668800354,0.4747059941291809,-0.046205710619688034,0.4384189248085022,0.4892235994338989,-0.05349525809288025,0.4692172110080719,0.48999765515327454,-0.05422764644026756,0.4926566481590271,0.4864956736564636,-0.05399375781416893,Right,0.9935875535011292
12512,201,0,0.7346575260162354,0.402860552072525,1.9411108098665864e-07,0.6874151825904846,0.35751569271087646,-0.007583665195852518,0.6336407661437988,0.3659680485725403,-0.012907163240015507,0.5993359684944153,0.4045780301094055,-0.013166152872145176,0.5883837938308716,0.44142070412635803,-0.012622043490409851,0.6475297212600708,0.40585896372795105,-0.04627496749162674,0.5861067771911621,0.459107369184494,-0.05108527094125748,0.5619449019432068,0.4675385653972626,-0.04496653378009796,0.5542618632316589,0.46960118412971497,-0.03857120871543884,0.6625277996063232,0.454295814037323,-0.04137668386101723,0.5934848785400391,0.4886176586151123,-0.0425434485077858,0.584406852722168,0.4689099192619324,-0.032280538231134415,0.5949326157569885,0.4510858356952667,-0.025713639333844185,0.673530638217926,0.48723894357681274,-0.033480554819107056,0.6080129742622375,0.5111166834831238,-0.029161203652620316,0.6038919687271118,0.48822808265686035,-0.01801246777176857,0.6149515509605408,0.4724973440170288,-0.013359933160245419,0.6808438301086426,0.5081056356430054,-0.025732576847076416,0.6320675611495972,0.5149283409118652,-0.02261439338326454,0.6272495985031128,0.4960480034351349,-0.01629447378218174,0.6335451602935791,0.48505499958992004,-0.013217736035585403,Left,0.982164204120636
12512,201,1,0.34169960021972656,0.4037228524684906,4.591734068526421e-07,0.3794844150543213,0.36271458864212036,-0.00982055813074112,0.42646127939224243,0.36506134271621704,-0.02049993723630905,0.46265777945518494,0.39462652802467346,-0.02698872610926628,0.48440849781036377,0.42029374837875366,-0.03346765413880348,0.4127461910247803,0.3639487326145172,-0.04898828640580177,0.4729565382003784,0.40459245443344116,-0.06390321254730225,0.5095437169075012,0.42652758955955505,-0.0679941400885582,0.5369822978973389,0.44225695729255676,-0.06854088604450226,0.3990265727043152,0.4092988967895508,-0.04952102527022362,0.4654752016067505,0.44384247064590454,-0.06411635875701904,0.5076403021812439,0.4606110453605652,-0.06834665685892105,0.5389962792396545,0.46961039304733276,-0.07090983539819717,0.39193102717399597,0.44912809133529663,-0.04745316877961159,0.4556025266647339,0.47723183035850525,-0.05837871879339218,0.49659109115600586,0.4848382771015167,-0.06158434599637985,0.5264546275138855,0.4846592843532562,-0.0630304366350174,0.3913562297821045,0.47724413871765137,-0.04483695328235626,0.44205448031425476,0.4906969964504242,-0.051594480872154236,0.4733949899673462,0.4906165301799774,-0.051930516958236694,0.49714574217796326,0.48641344904899597,-0.05134204402565956,Right,0.9939504861831665
12555,202,0,0.7340788841247559,0.4044985771179199,2.0467376771193813e-07,0.6882814764976501,0.35912537574768066,-0.008802925236523151,0.6361967921257019,0.3650275468826294,-0.014081430621445179,0.6025505065917969,0.4002705216407776,-0.014047011733055115,0.5914209485054016,0.43559783697128296,-0.013153809122741222,0.6506896615028381,0.4090186357498169,-0.04714755713939667,0.589323878288269,0.4560472071170807,-0.05236959084868431,0.5639452934265137,0.46498095989227295,-0.04693297669291496,0.5546097755432129,0.4690399765968323,-0.041085828095674515,0.6642866134643555,0.4565822184085846,-0.04146409407258034,0.5939409136772156,0.484943687915802,-0.04306051507592201,0.5840731859207153,0.46338868141174316,-0.03298280015587807,0.5935178995132446,0.4457959234714508,-0.026225615292787552,0.6736145615577698,0.48879343271255493,-0.03284269943833351,0.6071440577507019,0.5086821913719177,-0.028756605461239815,0.6025605797767639,0.4847402274608612,-0.017683353275060654,0.612409234046936,0.46950092911720276,-0.012930341064929962,0.679446816444397,0.5090228319168091,-0.024515120312571526,0.6289314031600952,0.5131177306175232,-0.021581603214144707,0.6240028738975525,0.49256664514541626,-0.015243304893374443,0.6300460696220398,0.48081323504447937,-0.011968480423092842,Left,0.9786985516548157
12555,202,1,0.34247371554374695,0.40413784980773926,4.447251455985679e-07,0.3814562261104584,0.3632339835166931,-0.009599395096302032,0.4281100034713745,0.36596864461898804,-0.01974719949066639,0.4643402695655823,0.39510130882263184,-0.025713326409459114,0.48629772663116455,0.41991689801216125,-0.031513478606939316,0.4143383502960205,0.36644014716148376,-0.047345735132694244,0.4738796353340149,0.4067249894142151,-0.06154227629303932,0.5102723836898804,0.4272904396057129,-0.06513085216283798,0.5375327467918396,0.4415930509567261,-0.06535880267620087,0.40106669068336487,0.411980539560318,-0.0476146899163723,0.4673236310482025,0.44640931487083435,-0.061527069658041,0.5091589689254761,0.46248486638069153,-0.06536632031202316,0.5402959585189819,0.47083088755607605,-0.06762164831161499,0.39429664611816406,0.4514364004135132,-0.045315586030483246,0.45777279138565063,0.4793853163719177,-0.0557103268802166,0.4978804290294647,0.4865903854370117,-0.05843459442257881,0.5273241996765137,0.4859607517719269,-0.059510111808776855,0.39379605650901794,0.47873756289482117,-0.04247675836086273,0.4439105987548828,0.4925282299518585,-0.04866474121809006,0.47490158677101135,0.49263259768486023,-0.04857609421014786,0.49860844016075134,0.4884641766548157,-0.04764910787343979,Right,0.994228184223175
12600,203,0,0.7336745262145996,0.4051150381565094,2.1050384191312332e-07,0.6887223720550537,0.3586108386516571,-0.011348859407007694,0.6371623873710632,0.3642423748970032,-0.01731971651315689,0.6027858853340149,0.3995310664176941,-0.01759856566786766,0.5898839235305786,0.4345366656780243,-0.016812795773148537,0.6524578928947449,0.41228973865509033,-0.04749787971377373,0.5905399918556213,0.45517659187316895,-0.0527489073574543,0.5650743246078491,0.46403470635414124,-0.047174885869026184,0.5553754568099976,0.46936696767807007,-0.04136485606431961,0.66518634557724,0.45924317836761475,-0.04092211648821831,0.5929327607154846,0.4845438599586487,-0.043982259929180145,0.5859040021896362,0.4604935646057129,-0.03418527543544769,0.5980167984962463,0.4429776966571808,-0.026790326461195946,0.6737369298934937,0.4902445077896118,-0.03170129284262657,0.6061217188835144,0.5077795386314392,-0.029104793444275856,0.6033997535705566,0.4825572073459625,-0.01796511560678482,0.6148856282234192,0.46802079677581787,-0.012426977045834064,0.6793209314346313,0.5095482468605042,-0.022990643978118896,0.6283721923828125,0.5118803977966309,-0.02126125991344452,0.6250686049461365,0.49057072401046753,-0.01526622474193573,0.6327307820320129,0.4791725277900696,-0.011830146424472332,Left,0.9686960577964783
12600,203,1,0.3439335227012634,0.4044375717639923,4.313612294026825e-07,0.3832457363605499,0.36256492137908936,-0.010024067014455795,0.4299847483634949,0.36525246500968933,-0.020447736606001854,0.4662809371948242,0.39556393027305603,-0.026490235701203346,0.4878097474575043,0.4210696518421173,-0.03225916996598244,0.4139151871204376,0.3681076169013977,-0.049128204584121704,0.47419771552085876,0.4075736105442047,-0.06369076669216156,0.5108328461647034,0.4279834032058716,-0.06718427687883377,0.5381498336791992,0.4421849250793457,-0.06720152497291565,0.40063658356666565,0.41400930285453796,-0.04891536757349968,0.4683266282081604,0.4482680857181549,-0.06324577331542969,0.5100334882736206,0.4631962776184082,-0.06663528084754944,0.5405473709106445,0.47061869502067566,-0.06836747378110886,0.3947441875934601,0.45340657234191895,-0.04599875584244728,0.4599141776561737,0.4808979332447052,-0.0562494657933712,0.5003410577774048,0.4858313500881195,-0.05800896883010864,0.5292732119560242,0.48336803913116455,-0.05825565382838249,0.3956913948059082,0.4801478981971741,-0.042608074843883514,0.44758814573287964,0.4933241605758667,-0.048258621245622635,0.47937196493148804,0.4923386573791504,-0.04742997884750366,0.5032858848571777,0.4873577952384949,-0.04586312919855118,Right,0.995590090751648
12643,204,0,0.7335720658302307,0.4050450623035431,2.2791545006839442e-07,0.6890618801116943,0.35786497592926025,-0.01269576046615839,0.6391595005989075,0.3634989559650421,-0.01980174332857132,0.6044377684593201,0.3980899751186371,-0.02119567058980465,0.5905453562736511,0.43320348858833313,-0.02124595455825329,0.6535577774047852,0.41478419303894043,-0.04907180368900299,0.5896605849266052,0.4570540487766266,-0.054683223366737366,0.5645619034767151,0.4631592929363251,-0.048089079558849335,0.5567505359649658,0.46497637033462524,-0.04115748032927513,0.6663110852241516,0.4612285792827606,-0.042009513825178146,0.5929431915283203,0.4851575493812561,-0.045313987880945206,0.5851629972457886,0.4612842798233032,-0.03466053307056427,0.595932126045227,0.44461894035339355,-0.026544205844402313,0.6746957302093506,0.4914541244506836,-0.03248579427599907,0.6061094999313354,0.5077632665634155,-0.030422955751419067,0.6023679375648499,0.4827578067779541,-0.018981710076332092,0.6130871176719666,0.4682028293609619,-0.013072040863335133,0.6802989840507507,0.5097453594207764,-0.023569995537400246,0.6286442279815674,0.5118198990821838,-0.022457091137766838,0.6237341165542603,0.49076831340789795,-0.016660282388329506,0.6303033828735352,0.47909316420555115,-0.013138169422745705,Left,0.9582473635673523
12643,204,1,0.345727801322937,0.40446388721466064,4.197490284241212e-07,0.3846030533313751,0.363211989402771,-0.00995500385761261,0.42983123660087585,0.3652033507823944,-0.020461546257138252,0.4646044969558716,0.3953876793384552,-0.026719417423009872,0.4848373830318451,0.42122188210487366,-0.032824091613292694,0.41446226835250854,0.367631196975708,-0.04904720559716225,0.47440510988235474,0.4065559208393097,-0.06398681551218033,0.510848879814148,0.4270744025707245,-0.06798309832811356,0.5383713245391846,0.4415771961212158,-0.0684201791882515,0.4015730619430542,0.4134864807128906,-0.04901108518242836,0.4685385823249817,0.4472830891609192,-0.0639176219701767,0.5105782747268677,0.462462842464447,-0.06820613145828247,0.5417541265487671,0.4701037108898163,-0.0706155076622963,0.3960016071796417,0.45312005281448364,-0.04622978717088699,0.46101313829421997,0.48023146390914917,-0.057261835783720016,0.5016520023345947,0.4852641522884369,-0.059968844056129456,0.5310978889465332,0.48261725902557373,-0.06077926605939865,0.39716383814811707,0.4803577661514282,-0.04290318861603737,0.44918906688690186,0.4935334026813507,-0.04944571480154991,0.4810771048069,0.49248287081718445,-0.0492524728178978,0.5052351355552673,0.48705506324768066,-0.048054203391075134,Right,0.9951301217079163
12687,205,0,0.7350500822067261,0.40428656339645386,2.318114127319859e-07,0.6906175017356873,0.356232613325119,-0.01382273156195879,0.6403383612632751,0.36227500438690186,-0.021282238885760307,0.6045992374420166,0.3967354893684387,-0.022721314802765846,0.5889188051223755,0.43136534094810486,-0.022531207650899887,0.6548349857330322,0.4138249158859253,-0.050649408251047134,0.5898046493530273,0.4566057622432709,-0.05615236237645149,0.5655344724655151,0.46107953786849976,-0.048569291830062866,0.5591310262680054,0.4604327976703644,-0.040729254484176636,0.6676543354988098,0.4604795575141907,-0.042906709015369415,0.5929756760597229,0.4850780665874481,-0.045923035591840744,0.5840018391609192,0.4629397690296173,-0.03446080908179283,0.5933244824409485,0.4476803243160248,-0.025847719982266426,0.675968587398529,0.4908572733402252,-0.03280729800462723,0.606245756149292,0.5073683857917786,-0.030843224376440048,0.6018982529640198,0.4831357002258301,-0.01919524185359478,0.6119949817657471,0.4691513776779175,-0.013137387111783028,0.6815525889396667,0.5090909004211426,-0.02338588424026966,0.6287034749984741,0.5114316940307617,-0.022657932713627815,0.6232805252075195,0.4912160038948059,-0.017099063843488693,0.6291886568069458,0.48034927248954773,-0.013690706342458725,Left,0.961042582988739
12687,205,1,0.34376275539398193,0.40503376722335815,4.080274322859623e-07,0.3818703591823578,0.36208227276802063,-0.00988934189081192,0.4270756244659424,0.36414283514022827,-0.02031606435775757,0.46192672848701477,0.3938843607902527,-0.026465607807040215,0.48230114579200745,0.41878542304039,-0.03265945985913277,0.41342300176620483,0.36834603548049927,-0.04966513067483902,0.47312942147254944,0.4052787125110626,-0.06467476487159729,0.5097137689590454,0.42501023411750793,-0.06883974373340607,0.5376366376876831,0.43863731622695923,-0.06946947425603867,0.4007662236690521,0.41472455859184265,-0.04976353421807289,0.4669247567653656,0.44716307520866394,-0.06501304358243942,0.50907301902771,0.4608857035636902,-0.06950770318508148,0.5406715869903564,0.46703705191612244,-0.07206390053033829,0.39520367980003357,0.45419570803642273,-0.04707096517086029,0.45949655771255493,0.4799767732620239,-0.058356959372758865,0.5008974671363831,0.48369890451431274,-0.061483681201934814,0.5311551690101624,0.47992366552352905,-0.0626351535320282,0.39631524682044983,0.48063957691192627,-0.04380401596426964,0.44838303327560425,0.49293583631515503,-0.05070590227842331,0.480133056640625,0.49088335037231445,-0.05079679563641548,0.5044231414794922,0.4850232005119324,-0.04982996731996536,Right,0.9963175058364868
12732,206,0,0.7346944212913513,0.40434229373931885,2.471765299105755e-07,0.6898214221000671,0.3564877212047577,-0.01489039696753025,0.6399387121200562,0.3620832562446594,-0.023010335862636566,0.6046392917633057,0.3966370224952698,-0.024707483127713203,0.5884859561920166,0.4306581914424896,-0.024624167010188103,0.6558782458305359,0.4142192602157593,-0.05371977388858795,0.5903893113136292,0.4554174244403839,-0.059175822883844376,0.5660117864608765,0.4593333303928375,-0.05090540274977684,0.5587757229804993,0.4587019383907318,-0.04267233982682228,0.6683208346366882,0.4612964689731598,-0.04544282704591751,0.5925506949424744,0.48424315452575684,-0.04849730059504509,0.5828311443328857,0.4620226323604584,-0.036531176418066025,0.5913222432136536,0.4467243254184723,-0.027660898864269257,0.6759430170059204,0.4919530153274536,-0.03465874120593071,0.605197012424469,0.5062923431396484,-0.032649457454681396,0.6007204651832581,0.481921911239624,-0.020696083083748817,0.6104739308357239,0.4678243398666382,-0.014529635198414326,0.6808757781982422,0.5100563764572144,-0.024625206366181374,0.6275815963745117,0.510341227054596,-0.023969249799847603,0.6222209930419922,0.48992595076560974,-0.018411630764603615,0.6280217170715332,0.47923704981803894,-0.015012281946837902,Left,0.9585262537002563
12732,206,1,0.3452959954738617,0.4058622717857361,3.955192369176075e-07,0.3831922113895416,0.3627628982067108,-0.009598972275853157,0.4282541573047638,0.3648448884487152,-0.01934976875782013,0.46310117840766907,0.39350640773773193,-0.02485116384923458,0.48339033126831055,0.4183790683746338,-0.030156733468174934,0.4130747318267822,0.3705156743526459,-0.04804515838623047,0.4727984666824341,0.4064493477344513,-0.06212642416357994,0.5096456408500671,0.4249163568019867,-0.06518949568271637,0.53700190782547,0.4375744163990021,-0.06496485322713852,0.4018666744232178,0.4168330430984497,-0.047871895134449005,0.46871840953826904,0.4487674832344055,-0.06230989471077919,0.5103304386138916,0.460293173789978,-0.06565088033676147,0.5406581163406372,0.4645550847053528,-0.06720411777496338,0.397590309381485,0.4555100202560425,-0.04498198628425598,0.46229028701782227,0.4805818796157837,-0.055652376264333725,0.5024296045303345,0.482631653547287,-0.05774281919002533,0.5310685634613037,0.4773791432380676,-0.058002885431051254,0.39943328499794006,0.4806216061115265,-0.041522033512592316,0.45146992802619934,0.4920025169849396,-0.04759019613265991,0.48235395550727844,0.4893375039100647,-0.04691923409700394,0.5054754614830017,0.4827677011489868,-0.04535871371626854,Right,0.9967039823532104
12775,207,0,0.7349660396575928,0.40431708097457886,2.4115684027492534e-07,0.6907140612602234,0.3567184805870056,-0.014745759777724743,0.6411710977554321,0.36148884892463684,-0.02262815833091736,0.6065764427185059,0.3952986001968384,-0.0241582989692688,0.5909454226493835,0.42874279618263245,-0.02396756410598755,0.6558773517608643,0.41326332092285156,-0.052698180079460144,0.5909914970397949,0.4531533122062683,-0.05798127502202988,0.5667412281036377,0.4589846432209015,-0.04997057095170021,0.5589456558227539,0.4601208567619324,-0.04201478511095047,0.668400764465332,0.460404634475708,-0.04454676806926727,0.5930847525596619,0.48357468843460083,-0.047405436635017395,0.5833749175071716,0.46229085326194763,-0.035587750375270844,0.5917860269546509,0.44730833172798157,-0.02682020515203476,0.6762464642524719,0.4914107322692871,-0.03394816815853119,0.6058037877082825,0.5053882002830505,-0.03201569244265556,0.6018790006637573,0.48150813579559326,-0.02023768611252308,0.6119028329849243,0.46787121891975403,-0.014071210287511349,0.6813536286354065,0.5097566246986389,-0.024074029177427292,0.6277691125869751,0.5101708769798279,-0.02315863035619259,0.6228814721107483,0.49036943912506104,-0.017431657761335373,0.629218339920044,0.480193555355072,-0.01392325758934021,Left,0.9545447826385498
12775,207,1,0.34641534090042114,0.40926042199134827,3.733585458576272e-07,0.38447096943855286,0.3642764091491699,-0.010897504165768623,0.4311603903770447,0.36729124188423157,-0.020220303907990456,0.467806339263916,0.3957240581512451,-0.02482287399470806,0.49017134308815,0.41936588287353516,-0.029139667749404907,0.41212934255599976,0.3741911053657532,-0.049148496240377426,0.4707837998867035,0.4073828458786011,-0.06347065418958664,0.5093052983283997,0.4242933988571167,-0.06672502309083939,0.5380797386169434,0.43570756912231445,-0.06672438234090805,0.4020175635814667,0.421284019947052,-0.04819532483816147,0.4674697816371918,0.45056819915771484,-0.062440816313028336,0.5103132128715515,0.46013355255126953,-0.06554145365953445,0.5418622493743896,0.4629707634449005,-0.06715825945138931,0.39828309416770935,0.45926305651664734,-0.044649697840213776,0.46204063296318054,0.48389336466789246,-0.0559660866856575,0.5028340816497803,0.4840453863143921,-0.058273304253816605,0.5313016176223755,0.4769514501094818,-0.058557696640491486,0.4002841114997864,0.4825058877468109,-0.04059480130672455,0.4521911144256592,0.49458128213882446,-0.04795536398887634,0.4840264916419983,0.49083948135375977,-0.04813658446073532,0.5073695182800293,0.4824640452861786,-0.04706214740872383,Right,0.9967833757400513
12818,208,0,0.735762357711792,0.4034850299358368,2.3742113341995719e-07,0.6915753483772278,0.3557400405406952,-0.013992548920214176,0.6419458985328674,0.36097389459609985,-0.021752990782260895,0.6068758964538574,0.3948323130607605,-0.023263348266482353,0.5916411280632019,0.42890310287475586,-0.023087063804268837,0.6561518907546997,0.4132824242115021,-0.052361615002155304,0.5914340615272522,0.45374590158462524,-0.0575803704559803,0.5671180486679077,0.4591732621192932,-0.049501266330480576,0.5598994493484497,0.4598385989665985,-0.04140843451023102,0.6687886118888855,0.46034038066864014,-0.04439563304185867,0.5933270454406738,0.4832572937011719,-0.04712574928998947,0.5840272903442383,0.4618864357471466,-0.035053886473178864,0.5929319858551025,0.44746363162994385,-0.026121675968170166,0.6766806840896606,0.4911324977874756,-0.03390290588140488,0.6057751178741455,0.5060573220252991,-0.03176042065024376,0.6021686792373657,0.4821508526802063,-0.01971929520368576,0.6129395365715027,0.4686873257160187,-0.013394322246313095,0.6819063425064087,0.5093545317649841,-0.024062495678663254,0.628296971321106,0.5105249285697937,-0.02299497090280056,0.6236816644668579,0.490805447101593,-0.017162974923849106,0.6303375363349915,0.4807383120059967,-0.013587879948318005,Left,0.9580723643302917
12818,208,1,0.3495234251022339,0.40808969736099243,3.85692544568883e-07,0.3874661326408386,0.36254042387008667,-0.011819439940154552,0.43410876393318176,0.36398589611053467,-0.021472468972206116,0.4684840738773346,0.39266064763069153,-0.025954119861125946,0.48844072222709656,0.41715207695961,-0.03016645275056362,0.41339340806007385,0.37756359577178955,-0.05168861523270607,0.469380646944046,0.410190612077713,-0.06595481187105179,0.5083191394805908,0.4257982075214386,-0.06928765028715134,0.5379272699356079,0.4359710216522217,-0.0694778710603714,0.40340983867645264,0.4260369539260864,-0.05002040043473244,0.4676269590854645,0.45617467164993286,-0.06378653645515442,0.5115358233451843,0.4632461965084076,-0.06612398475408554,0.543770968914032,0.46408945322036743,-0.06721363216638565,0.39926332235336304,0.4629144072532654,-0.04559307172894478,0.4621562361717224,0.4884362518787384,-0.05621388927102089,0.5032600164413452,0.4869895279407501,-0.05753813683986664,0.5315325856208801,0.4782111644744873,-0.0570630319416523,0.4006707966327667,0.4841124713420868,-0.04071341082453728,0.4527100622653961,0.49745631217956543,-0.04802820459008217,0.4855947494506836,0.49359366297721863,-0.04779871925711632,0.509616494178772,0.4849753677845001,-0.046248797327280045,Right,0.9976307153701782
12862,209,0,0.735426664352417,0.4046606421470642,2.1456540366671106e-07,0.6900962591171265,0.3564601540565491,-0.014250936917960644,0.639337420463562,0.36306580901145935,-0.022170737385749817,0.6051294803619385,0.40052586793899536,-0.024439124390482903,0.5913593769073486,0.4362509250640869,-0.02522648684680462,0.6555512547492981,0.414371132850647,-0.04966157302260399,0.591337263584137,0.4596826434135437,-0.05728253722190857,0.5668354630470276,0.4657303988933563,-0.05228237807750702,0.5601372122764587,0.4665965735912323,-0.046236246824264526,0.6686989068984985,0.4610106945037842,-0.042771004140377045,0.5942587852478027,0.4862697124481201,-0.04805640131235123,0.5873379707336426,0.46267426013946533,-0.038643915206193924,0.5997677445411682,0.44661372900009155,-0.031110025942325592,0.6772326231002808,0.49153339862823486,-0.03377135843038559,0.6072993874549866,0.5077990889549255,-0.03340304270386696,0.6047692894935608,0.4829670190811157,-0.022174935787916183,0.6170152425765991,0.46908432245254517,-0.016039179638028145,0.6828207969665527,0.5104168057441711,-0.025562984868884087,0.6293855309486389,0.5130330324172974,-0.02560356631875038,0.6258732676506042,0.4921723008155823,-0.019859660416841507,0.6342077851295471,0.4815710484981537,-0.016187356784939766,Left,0.9512571692466736
12862,209,1,0.3509788513183594,0.41054344177246094,3.5366750239518296e-07,0.38748717308044434,0.35906413197517395,-0.02056068368256092,0.4426535964012146,0.3620869517326355,-0.031878769397735596,0.4868154525756836,0.39697104692459106,-0.0357186384499073,0.5193105340003967,0.41778168082237244,-0.03886924311518669,0.41249144077301025,0.38431358337402344,-0.060794685035943985,0.47177162766456604,0.4193721115589142,-0.07696671783924103,0.5130685567855835,0.43749675154685974,-0.08114630728960037,0.544238269329071,0.448038786649704,-0.08213091641664505,0.4041854739189148,0.43307197093963623,-0.054933223873376846,0.46798175573349,0.4664075970649719,-0.06989207118749619,0.5129485726356506,0.4728712737560272,-0.07223569601774216,0.5454744100570679,0.4709503948688507,-0.07373713701963425,0.40151017904281616,0.4692089855670929,-0.04709666594862938,0.46387648582458496,0.49748149514198303,-0.0591997355222702,0.5055614113807678,0.4972909092903137,-0.061844948679208755,0.5345572829246521,0.4879629611968994,-0.06294199079275131,0.40390706062316895,0.4909780025482178,-0.03947778046131134,0.4542137384414673,0.5057798624038696,-0.05015239492058754,0.4868367612361908,0.5041574835777283,-0.05311446264386177,0.5116769075393677,0.49646392464637756,-0.05407683178782463,Right,0.9951251149177551
12906,210,0,0.7353472709655762,0.4055615961551666,2.2270246802236215e-07,0.6903687715530396,0.35854434967041016,-0.013958882540464401,0.6406155228614807,0.3631998300552368,-0.022140026092529297,0.6070349812507629,0.398694783449173,-0.02467239461839199,0.5947319865226746,0.4347701668739319,-0.0259439405053854,0.6558274626731873,0.41556891798973083,-0.049891967326402664,0.5934206247329712,0.4584653377532959,-0.05762435123324394,0.5681703090667725,0.46589022874832153,-0.053369954228401184,0.5592411160469055,0.4689120352268219,-0.04817662760615349,0.6686532497406006,0.4631497859954834,-0.04325022175908089,0.5957769155502319,0.48631224036216736,-0.04854637011885643,0.5890191197395325,0.46232321858406067,-0.03966934606432915,0.6014479398727417,0.44576674699783325,-0.03278140723705292,0.6773467063903809,0.4945697784423828,-0.03433074429631233,0.60860276222229,0.5093753933906555,-0.03366244211792946,0.6058465242385864,0.48444414138793945,-0.022476116195321083,0.6177183985710144,0.46993565559387207,-0.016629459336400032,0.6831226348876953,0.5139213800430298,-0.02619844861328602,0.6305489540100098,0.5156872868537903,-0.025754589587450027,0.6265058517456055,0.49465930461883545,-0.019771311432123184,0.6342662572860718,0.4833987057209015,-0.016099853441119194,Left,0.9658918380737305
12906,210,1,0.3496059775352478,0.41278180480003357,2.816969129071367e-07,0.38714173436164856,0.3591062128543854,-0.021418629214167595,0.4428609013557434,0.3607517182826996,-0.03290266543626785,0.4869787096977234,0.39705735445022583,-0.036945972591638565,0.5183063745498657,0.42004334926605225,-0.04004514217376709,0.4112842082977295,0.3876340389251709,-0.06116931885480881,0.4702507257461548,0.42244791984558105,-0.07725276052951813,0.5098230242729187,0.43806692957878113,-0.08070215582847595,0.5392483472824097,0.44583186507225037,-0.0810728669166565,0.40302422642707825,0.43695583939552307,-0.05507226660847664,0.46911290287971497,0.46847105026245117,-0.06983324885368347,0.5146475434303284,0.4744560420513153,-0.0716366395354271,0.5476042628288269,0.4714982509613037,-0.07270079851150513,0.4010990262031555,0.4734230041503906,-0.04724923148751259,0.464327871799469,0.5004584789276123,-0.0592973567545414,0.504676103591919,0.4992492198944092,-0.06111384555697441,0.5329439640045166,0.4890831708908081,-0.061457790434360504,0.4047588109970093,0.4945228397846222,-0.03983405977487564,0.455143541097641,0.5090771317481995,-0.05063556507229805,0.4873645007610321,0.5067998766899109,-0.053321722894907,0.5117118954658508,0.4978083670139313,-0.05395345762372017,Right,0.9973828792572021
12949,211,0,0.7350732088088989,0.40630871057510376,2.2231458274291072e-07,0.690702497959137,0.3589690327644348,-0.014270101673901081,0.6412620544433594,0.3646948039531708,-0.02243725396692753,0.6073287129402161,0.40037092566490173,-0.024897150695323944,0.5944696068763733,0.435915470123291,-0.026085734367370605,0.6557066440582275,0.4163493812084198,-0.05000155791640282,0.592839777469635,0.45902326703071594,-0.057473696768283844,0.5679405331611633,0.46683886647224426,-0.05280120298266411,0.5588536858558655,0.4701988995075226,-0.04735004901885986,0.668880820274353,0.4642780125141144,-0.04302199184894562,0.595843493938446,0.4869195222854614,-0.047937605530023575,0.590259850025177,0.4627160429954529,-0.038325775414705276,0.6029698848724365,0.44673943519592285,-0.03092588111758232,0.6778456568717957,0.4959123134613037,-0.033836182206869125,0.6086341738700867,0.5097030401229858,-0.0331716351211071,0.6074255704879761,0.48477640748023987,-0.021565426141023636,0.6203425526618958,0.4708635210990906,-0.01538548618555069,0.683769941329956,0.51530921459198,-0.02546079456806183,0.6315080523490906,0.5157221555709839,-0.025342606008052826,0.6286462545394897,0.4948108196258545,-0.019568631425499916,0.6373679637908936,0.4841633439064026,-0.01599128730595112,Left,0.9704886674880981
12949,211,1,0.3473614752292633,0.41263511776924133,2.6287295895599527e-07,0.3863833546638489,0.36054569482803345,-0.019967833533883095,0.442929744720459,0.36766958236694336,-0.029826320707798004,0.4880659580230713,0.40496647357940674,-0.03296513110399246,0.5212668180465698,0.4273427724838257,-0.03515733405947685,0.409843385219574,0.3894554376602173,-0.055571138858795166,0.4664205014705658,0.4204048216342926,-0.07149869948625565,0.5066708922386169,0.4366312026977539,-0.07509755343198776,0.5367444157600403,0.44600710272789,-0.07563161849975586,0.4020082354545593,0.43810874223709106,-0.050473712384700775,0.4664446711540222,0.4674031138420105,-0.06545745581388474,0.5117537975311279,0.4737173914909363,-0.0676318109035492,0.5450427532196045,0.47197383642196655,-0.06891918182373047,0.39978355169296265,0.473856121301651,-0.04404929280281067,0.4622654616832733,0.5017187595367432,-0.05707469582557678,0.5021976828575134,0.5005923509597778,-0.05931752175092697,0.5303457975387573,0.49051591753959656,-0.05970601737499237,0.4029025733470917,0.4937340021133423,-0.03800644353032112,0.4524252414703369,0.5104045867919922,-0.04899352416396141,0.4842507243156433,0.5088354349136353,-0.05180820822715759,0.5087493658065796,0.5003361701965332,-0.05263081192970276,Right,0.9962458610534668
12993,212,0,0.7360547184944153,0.4061034917831421,2.2697933843573992e-07,0.6919370889663696,0.35959818959236145,-0.013012558221817017,0.6437969207763672,0.36520734429359436,-0.020857490599155426,0.6094359159469604,0.39986348152160645,-0.02305944450199604,0.5954927802085876,0.43490010499954224,-0.02389403060078621,0.6550180912017822,0.4174642264842987,-0.04917287826538086,0.590779185295105,0.4609348773956299,-0.05491579696536064,0.5662350654602051,0.46846798062324524,-0.048181477934122086,0.5586058497428894,0.4706558287143707,-0.041105084121227264,0.6685419678688049,0.46542540192604065,-0.042068060487508774,0.5952666401863098,0.4881303012371063,-0.04508182033896446,0.5901118516921997,0.46439942717552185,-0.03359014168381691,0.6024816632270813,0.44907042384147644,-0.02488207072019577,0.6779345870018005,0.4968734681606293,-0.03262745589017868,0.608850359916687,0.510259211063385,-0.030232897028326988,0.6076598763465881,0.4857264757156372,-0.01783570647239685,0.6204615235328674,0.4723932445049286,-0.011342624202370644,0.6846302151679993,0.5161430835723877,-0.023847267031669617,0.6332812309265137,0.5159599184989929,-0.02231798693537712,0.6302254796028137,0.49552321434020996,-0.016058048233389854,0.6386041641235352,0.4852897524833679,-0.012190082110464573,Left,0.9719653725624084
12993,212,1,0.3444230258464813,0.412134051322937,2.447661699989112e-07,0.38440123200416565,0.35973459482192993,-0.015397239476442337,0.43614333868026733,0.3611847162246704,-0.02493739128112793,0.4743879735469818,0.3963530361652374,-0.028900999575853348,0.4952475428581238,0.42610153555870056,-0.032465655356645584,0.4086635410785675,0.39397501945495605,-0.05333126708865166,0.4676627516746521,0.42035743594169617,-0.06794852763414383,0.5062438249588013,0.43385955691337585,-0.07080643624067307,0.5346234440803528,0.44203656911849976,-0.07087361067533493,0.40113478899002075,0.4410810172557831,-0.05001718923449516,0.46626541018486023,0.4678751826286316,-0.06518358737230301,0.5110903978347778,0.473488986492157,-0.06719513237476349,0.5429410934448242,0.4722091555595398,-0.06777196377515793,0.3989150822162628,0.4749927520751953,-0.044721897691488266,0.4606407880783081,0.5009791851043701,-0.05663952976465225,0.5008846521377563,0.49969345331192017,-0.058616459369659424,0.5281425714492798,0.4908354878425598,-0.05857889726758003,0.4018362760543823,0.49269530177116394,-0.03946446627378464,0.4502805769443512,0.510016918182373,-0.04854215309023857,0.4819834232330322,0.5084561705589294,-0.05004700645804405,0.5044580101966858,0.5005820393562317,-0.04981376603245735,Right,0.9954845905303955
13037,213,0,0.7366583347320557,0.40665891766548157,2.3561031525787257e-07,0.6916646957397461,0.3598480522632599,-0.01246439665555954,0.6429710388183594,0.3658202886581421,-0.020182255655527115,0.6088613271713257,0.401461660861969,-0.022485412657260895,0.5949655175209045,0.43650928139686584,-0.023420032113790512,0.6543599367141724,0.41666868329048157,-0.0488847978413105,0.5892282128334045,0.4635482728481293,-0.05499837175011635,0.5648648142814636,0.47042596340179443,-0.04838952049612999,0.5582380890846252,0.4704779088497162,-0.04114620387554169,0.6684190630912781,0.4647403061389923,-0.0422043651342392,0.5946691036224365,0.49021369218826294,-0.04496672749519348,0.5871749520301819,0.4679516851902008,-0.033589743077754974,0.5977096557617188,0.45247164368629456,-0.025079503655433655,0.6782448291778564,0.49649733304977417,-0.03320055827498436,0.60903000831604,0.5116683840751648,-0.03050800785422325,0.6060323715209961,0.48789846897125244,-0.01827029325067997,0.617530882358551,0.47399067878723145,-0.011982956901192665,0.6853522062301636,0.5159294605255127,-0.02484450861811638,0.6336736083030701,0.5174239873886108,-0.02323547936975956,0.6291337013244629,0.49764499068260193,-0.016934305429458618,0.636262059211731,0.4872148334980011,-0.013010288588702679,Left,0.9676703214645386
13037,213,1,0.3447829484939575,0.4128109812736511,2.5817405457928544e-07,0.3844258785247803,0.36111125349998474,-0.015311900526285172,0.4349847137928009,0.36022841930389404,-0.025307150557637215,0.4709896743297577,0.39466002583503723,-0.029518479481339455,0.48870882391929626,0.4249187707901001,-0.03333648294210434,0.40786051750183105,0.3923204243183136,-0.05603242293000221,0.4692649841308594,0.41992875933647156,-0.07083484530448914,0.5077852606773376,0.4335535168647766,-0.07329364866018295,0.5359692573547363,0.4415271282196045,-0.07283512502908707,0.399152547121048,0.4397520422935486,-0.052311886101961136,0.4660649597644806,0.4684944748878479,-0.06848975270986557,0.5106410980224609,0.47363370656967163,-0.06999630481004715,0.5420640707015991,0.4715118110179901,-0.06960701942443848,0.3964601755142212,0.4739994406700134,-0.04627677798271179,0.4592103362083435,0.5009542107582092,-0.05841521546244621,0.49948054552078247,0.4991501271724701,-0.05922577902674675,0.5266674757003784,0.48973190784454346,-0.057909756898880005,0.39933663606643677,0.4915374219417572,-0.04019217565655708,0.44887757301330566,0.509434163570404,-0.048730358481407166,0.4808862805366516,0.5080886483192444,-0.048951830714941025,0.5032776594161987,0.5006213188171387,-0.04745115712285042,Right,0.9961455464363098
13080,214,0,0.7354320287704468,0.40696898102760315,2.4103260898300505e-07,0.6898074150085449,0.3614348769187927,-0.010771699249744415,0.6416303515434265,0.3669603168964386,-0.018266433849930763,0.6077495813369751,0.401192307472229,-0.02049626223742962,0.5954376459121704,0.4364008903503418,-0.02151263877749443,0.6536099314689636,0.4177822172641754,-0.04912671074271202,0.5892565846443176,0.4654105603694916,-0.054492831230163574,0.5642310380935669,0.4713088274002075,-0.04728430137038231,0.5569943189620972,0.47035306692123413,-0.03968023508787155,0.6676924228668213,0.4648369550704956,-0.042992811650037766,0.5943560004234314,0.49153169989585876,-0.04481892287731171,0.5854766368865967,0.46987995505332947,-0.03299988806247711,0.5949841737747192,0.4545040428638458,-0.024550490081310272,0.6775869727134705,0.4961179196834564,-0.034160736948251724,0.6086125373840332,0.5130274295806885,-0.03037700615823269,0.6047011613845825,0.48946070671081543,-0.017821772024035454,0.6157389879226685,0.475225031375885,-0.01168269943445921,0.6848554611206055,0.5152415633201599,-0.025796683505177498,0.6334496140480042,0.518973708152771,-0.023081758990883827,0.6281247735023499,0.4994784891605377,-0.016166195273399353,0.6349835395812988,0.4884156882762909,-0.012046541087329388,Left,0.9681138396263123
13080,214,1,0.3456922173500061,0.41406238079071045,2.705980080008885e-07,0.38413023948669434,0.36132505536079407,-0.017186608165502548,0.4340195953845978,0.3589153289794922,-0.028176547959446907,0.4690585732460022,0.3927154541015625,-0.032944563776254654,0.4855296313762665,0.4226418137550354,-0.03732965886592865,0.4053821563720703,0.39238375425338745,-0.05958281829953194,0.4662703573703766,0.4214264154434204,-0.075243279337883,0.504841685295105,0.43581855297088623,-0.07806471735239029,0.533106803894043,0.44396063685417175,-0.0777435228228569,0.39603331685066223,0.44004395604133606,-0.05516892299056053,0.46299731731414795,0.4687277376651764,-0.07220142334699631,0.5078752636909485,0.4740047752857208,-0.07387980818748474,0.53972327709198,0.4715234339237213,-0.07354962080717087,0.39388594031333923,0.4745658338069916,-0.048477012664079666,0.4569683372974396,0.5003378987312317,-0.061389561742544174,0.49810755252838135,0.49911701679229736,-0.06261340528726578,0.5266410112380981,0.48983022570610046,-0.06145390495657921,0.39794453978538513,0.49264413118362427,-0.0418415367603302,0.4486028850078583,0.5095648169517517,-0.051381226629018784,0.4813205897808075,0.5081625580787659,-0.05218657851219177,0.5047339797019958,0.5001859664916992,-0.05099547654390335,Right,0.9964998364448547
13124,215,0,0.7329789400100708,0.40649017691612244,2.46721583607723e-07,0.6878172755241394,0.360406756401062,-0.012422622181475163,0.6398925185203552,0.36730843782424927,-0.020357215777039528,0.6051680445671082,0.402191698551178,-0.02259799838066101,0.5912089943885803,0.4376980662345886,-0.023286692798137665,0.6518996357917786,0.4204569458961487,-0.05106586590409279,0.5865384936332703,0.46732497215270996,-0.056756749749183655,0.561668336391449,0.47038179636001587,-0.04887896403670311,0.5562993288040161,0.46611812710762024,-0.04042680561542511,0.6660392880439758,0.4670514464378357,-0.04372316598892212,0.5925185680389404,0.492762953042984,-0.04623031243681908,0.5836718678474426,0.46943020820617676,-0.03419724851846695,0.5935778617858887,0.4529741406440735,-0.025328097864985466,0.6757009029388428,0.49731114506721497,-0.033759452402591705,0.6069534420967102,0.5130929946899414,-0.03072710707783699,0.602977991104126,0.488355815410614,-0.018340526148676872,0.614280641078949,0.47315624356269836,-0.012033505365252495,0.6828931570053101,0.5153889656066895,-0.024316871538758278,0.631014347076416,0.5193193554878235,-0.022505726665258408,0.625673234462738,0.4989766776561737,-0.01613026112318039,0.6328044533729553,0.48679646849632263,-0.012096764519810677,Left,0.9733413457870483
13124,215,1,0.34532445669174194,0.4126570224761963,2.5816146376200777e-07,0.38186171650886536,0.3607463240623474,-0.018961934372782707,0.43208515644073486,0.3582974374294281,-0.03100445494055748,0.46880316734313965,0.39050596952438354,-0.03658478707075119,0.48715314269065857,0.41946086287498474,-0.04184957593679428,0.40065598487854004,0.39034363627433777,-0.06251192092895508,0.4631773829460144,0.417559951543808,-0.07942798733711243,0.5019413232803345,0.43183475732803345,-0.08275949209928513,0.5304378271102905,0.44059306383132935,-0.0827493667602539,0.39154210686683655,0.4372931718826294,-0.058004360646009445,0.4591754674911499,0.46323028206825256,-0.07672552764415741,0.5045109391212463,0.47075602412223816,-0.07981531322002411,0.5371130704879761,0.4710544943809509,-0.08053857088088989,0.38959431648254395,0.4732409119606018,-0.051325105130672455,0.4534638822078705,0.49625736474990845,-0.06626913696527481,0.49479055404663086,0.4977074861526489,-0.06897898763418198,0.5241913795471191,0.49133697152137756,-0.06872144341468811,0.3941497802734375,0.4940679669380188,-0.044687818735837936,0.44536447525024414,0.5087680220603943,-0.05605326220393181,0.4783256947994232,0.5081778764724731,-0.05810629948973656,0.5021651983261108,0.5015661716461182,-0.05780315026640892,Right,0.9948623776435852
13168,216,0,0.7319898009300232,0.40823474526405334,2.5142927029264683e-07,0.6861958503723145,0.36082854866981506,-0.016934869810938835,0.637643039226532,0.3703393340110779,-0.025397079065442085,0.6034913063049316,0.4087560772895813,-0.027504481375217438,0.5890517830848694,0.44454601407051086,-0.027865031734108925,0.652256190776825,0.425406277179718,-0.0513121522963047,0.585469663143158,0.47003257274627686,-0.058100927621126175,0.5602582693099976,0.4708874523639679,-0.05191904678940773,0.552933394908905,0.4658299386501312,-0.04491783678531647,0.6659610867500305,0.47150591015815735,-0.042114075273275375,0.5912955403327942,0.49566856026649475,-0.04676801338791847,0.5843259692192078,0.47023722529411316,-0.036623548716306686,0.5962485074996948,0.45277491211891174,-0.028472885489463806,0.6753216981887817,0.5004313588142395,-0.030931927263736725,0.6064836978912354,0.5140203237533569,-0.030321070924401283,0.6044825315475464,0.4881404936313629,-0.019210895523428917,0.6174889206886292,0.4729442596435547,-0.01293650921434164,0.6820690035820007,0.5171307921409607,-0.020676421001553535,0.6296625137329102,0.5197320580482483,-0.02098446525633335,0.6263992190361023,0.4984644055366516,-0.015743449330329895,0.6356559991836548,0.4860174059867859,-0.012055110186338425,Left,0.9655812382698059
13168,216,1,0.3472084105014801,0.41164663434028625,2.8380063099575636e-07,0.38177382946014404,0.3611606955528259,-0.020910291001200676,0.42927637696266174,0.3565816879272461,-0.03515305742621422,0.4651194214820862,0.386080265045166,-0.04228156432509422,0.48246973752975464,0.4154999554157257,-0.04925624653697014,0.3990601897239685,0.38975584506988525,-0.07057776302099228,0.4645848870277405,0.41447359323501587,-0.08976630121469498,0.5034058690071106,0.4297552704811096,-0.09392867982387543,0.5310977101325989,0.4405282437801361,-0.09407586604356766,0.39094460010528564,0.43640604615211487,-0.06493208557367325,0.4609569311141968,0.4567819833755493,-0.0856202095746994,0.5062174797058105,0.4638015627861023,-0.08862673491239548,0.5376492738723755,0.46561259031295776,-0.08889516443014145,0.38952377438545227,0.4729178845882416,-0.056828901171684265,0.4540032148361206,0.49266982078552246,-0.07238494604825974,0.4956003725528717,0.4937693476676941,-0.07428229600191116,0.5237561464309692,0.4884180426597595,-0.07327580451965332,0.3936011791229248,0.49444717168807983,-0.048858918249607086,0.4439949095249176,0.5070824027061462,-0.0599186085164547,0.47677645087242126,0.5062157511711121,-0.06121999770402908,0.49904969334602356,0.5004153251647949,-0.06020452082157135,Right,0.9908968210220337
13211,217,0,0.731548011302948,0.41130709648132324,2.776351095690188e-07,0.6851823329925537,0.3637159466743469,-0.018059290945529938,0.638055682182312,0.36892393231391907,-0.027300475165247917,0.6065279245376587,0.40565165877342224,-0.030034871771931648,0.5917242169380188,0.4401572346687317,-0.030620738863945007,0.6537797451019287,0.4279307723045349,-0.051686812192201614,0.58742356300354,0.47427013516426086,-0.05863702669739723,0.5612086653709412,0.4755439758300781,-0.0521007739007473,0.5537734627723694,0.4690718352794647,-0.04446496441960335,0.6670061945915222,0.47408953309059143,-0.041843824088573456,0.591166615486145,0.5002257227897644,-0.04699482023715973,0.5820635557174683,0.4747558832168579,-0.03709062561392784,0.5928888320922852,0.45527592301368713,-0.028626732528209686,0.6748954653739929,0.5032920241355896,-0.03007754683494568,0.6044985055923462,0.518250048160553,-0.030105838552117348,0.6010973453521729,0.4916764199733734,-0.0195583775639534,0.61409592628479,0.4743157625198364,-0.013216364197432995,0.6808968782424927,0.5207566618919373,-0.019341975450515747,0.628821074962616,0.5219042301177979,-0.020614204928278923,0.6241104006767273,0.500271201133728,-0.016294101253151894,0.632655680179596,0.48680129647254944,-0.01278060395270586,Left,0.9636560678482056
13211,217,1,0.34446877241134644,0.4127100110054016,2.457032906022505e-07,0.3772798776626587,0.3629373013973236,-0.020240651443600655,0.4242343604564667,0.35712122917175293,-0.034004051238298416,0.4603564739227295,0.3845268487930298,-0.04080282896757126,0.479045569896698,0.41253435611724854,-0.04713176190853119,0.3939347565174103,0.38609111309051514,-0.06922251731157303,0.4607654809951782,0.4097197353839874,-0.08844384551048279,0.49912193417549133,0.4245544970035553,-0.0922718495130539,0.5272043347358704,0.435377836227417,-0.09224806725978851,0.3874145746231079,0.43286794424057007,-0.06398674100637436,0.4580003619194031,0.4504915773868561,-0.08486388623714447,0.5031733512878418,0.4579709470272064,-0.0879388228058815,0.5358601808547974,0.4615633189678192,-0.08833041787147522,0.387978196144104,0.46988075971603394,-0.056456733494997025,0.45244458317756653,0.4845817983150482,-0.07237754762172699,0.4936293363571167,0.4862971305847168,-0.07470234483480453,0.5228239297866821,0.483437180519104,-0.07399792224168777,0.394679456949234,0.49175068736076355,-0.049044277518987656,0.44517993927001953,0.4989335834980011,-0.06049412116408348,0.4776052236557007,0.49755430221557617,-0.06246216595172882,0.5007925629615784,0.4934985637664795,-0.06202330440282822,Right,0.992494523525238
13257,218,0,0.7303741574287415,0.41274547576904297,2.8440729238354834e-07,0.6837539076805115,0.3661520481109619,-0.01738503947854042,0.6367373466491699,0.3702743351459503,-0.02730756253004074,0.6053646206855774,0.40658995509147644,-0.03067656047642231,0.590628445148468,0.44042614102363586,-0.03191179782152176,0.6538444757461548,0.42823100090026855,-0.05409317836165428,0.588213324546814,0.47484323382377625,-0.0614425353705883,0.5614393949508667,0.47759366035461426,-0.05443889647722244,0.5540870428085327,0.47112515568733215,-0.046332187950611115,0.6672776937484741,0.47532081604003906,-0.044841449707746506,0.5908174514770508,0.5021283626556396,-0.050051212310791016,0.581221342086792,0.47824978828430176,-0.03909298777580261,0.591442346572876,0.4592743217945099,-0.02997412346303463,0.6750527620315552,0.5056190490722656,-0.033445410430431366,0.603783369064331,0.5216114521026611,-0.033136170357465744,0.5998673439025879,0.4962729215621948,-0.021536769345402718,0.6122953295707703,0.47912606596946716,-0.01471344381570816,0.6808240413665771,0.5237593054771423,-0.023005850613117218,0.6281183362007141,0.5259358286857605,-0.02378801628947258,0.6226049661636353,0.5046820044517517,-0.01870586723089218,0.6302670240402222,0.4912406802177429,-0.014799552038311958,Left,0.9673741459846497
13257,218,1,0.3468097746372223,0.411190927028656,2.9157993708395225e-07,0.3792063891887665,0.36195260286331177,-0.020163515582680702,0.42490291595458984,0.35772308707237244,-0.03428061306476593,0.46038195490837097,0.38463032245635986,-0.041564665734767914,0.47840416431427,0.41100236773490906,-0.04882711172103882,0.39481258392333984,0.38638836145401,-0.06962467730045319,0.4590907096862793,0.40971511602401733,-0.08919398486614227,0.49806421995162964,0.4240032136440277,-0.09406156837940216,0.5262216925621033,0.4338316321372986,-0.09472785145044327,0.38785165548324585,0.4322560727596283,-0.06477382779121399,0.4567347466945648,0.4512270390987396,-0.08559469133615494,0.5027198791503906,0.4579620063304901,-0.09002978354692459,0.5362613201141357,0.45971250534057617,-0.09157431870698929,0.3878333270549774,0.46945881843566895,-0.05748310685157776,0.4511866569519043,0.48665785789489746,-0.07368376851081848,0.4943182170391083,0.4895486831665039,-0.07817140966653824,0.5253655910491943,0.4865104854106903,-0.07921469211578369,0.39356401562690735,0.49213334918022156,-0.05014682933688164,0.44316306710243225,0.5018771290779114,-0.06228269264101982,0.4765676259994507,0.5015895962715149,-0.06547283381223679,0.5013673901557922,0.49759137630462646,-0.06600973755121231,Right,0.9917775392532349
13301,219,0,0.7305370569229126,0.4110732674598694,2.427029528462299e-07,0.6839922070503235,0.36454761028289795,-0.013542374595999718,0.6362176537513733,0.3726658821105957,-0.022238390520215034,0.604691207408905,0.4084520637989044,-0.024884477257728577,0.5936915874481201,0.4429820477962494,-0.026417257264256477,0.6522349119186401,0.4212976098060608,-0.054484933614730835,0.5906721949577332,0.4697469472885132,-0.062454260885715485,0.5624657273292542,0.4779255986213684,-0.05686495453119278,0.5534365177154541,0.47635018825531006,-0.04982912540435791,0.6665130257606506,0.4695998728275299,-0.04691823199391365,0.5941821336746216,0.5003467202186584,-0.05043453723192215,0.584177553653717,0.47847938537597656,-0.03861720487475395,0.593962550163269,0.46081089973449707,-0.029736874625086784,0.675979733467102,0.5017432570457458,-0.03679944947361946,0.6083477139472961,0.5215343832969666,-0.03495584428310394,0.6037611961364746,0.4972521960735321,-0.02294328436255455,0.6152595281600952,0.48151281476020813,-0.016671253368258476,0.6827731728553772,0.5210688710212708,-0.027248919010162354,0.6312193870544434,0.5260102152824402,-0.026194443926215172,0.6255922317504883,0.5056307315826416,-0.02006945200264454,0.6331873536109924,0.493454247713089,-0.01626303233206272,Left,0.9636489748954773
13301,219,1,0.34460148215293884,0.41116392612457275,2.747640337474877e-07,0.3783565163612366,0.3616248071193695,-0.020621048286557198,0.4239709973335266,0.357654869556427,-0.03478597104549408,0.4583674967288971,0.38640332221984863,-0.0421021543443203,0.47459089756011963,0.41355082392692566,-0.049371615052223206,0.39361512660980225,0.38934558629989624,-0.06846591085195541,0.457588255405426,0.41140079498291016,-0.08794040977954865,0.4959501624107361,0.4246674180030823,-0.09332643449306488,0.5243114233016968,0.433910608291626,-0.09471645206212997,0.3859502673149109,0.43452689051628113,-0.0636635571718216,0.45513731241226196,0.45318663120269775,-0.08462466299533844,0.5002065896987915,0.45928439497947693,-0.08973245322704315,0.5336057543754578,0.46138995885849,-0.0918881893157959,0.38513538241386414,0.46951523423194885,-0.05653314292430878,0.44914036989212036,0.48801925778388977,-0.07355481386184692,0.4923991858959198,0.49090373516082764,-0.07892899960279465,0.5236997604370117,0.48752930760383606,-0.08065535873174667,0.38988277316093445,0.4894096553325653,-0.04935940355062485,0.4382777512073517,0.5005633234977722,-0.06293193995952606,0.47016727924346924,0.5006293058395386,-0.06699078530073166,0.49373453855514526,0.4965141713619232,-0.06811795383691788,Right,0.9937480688095093
13344,220,0,0.7292702198028564,0.40776002407073975,2.653081310199923e-07,0.6829460859298706,0.3629123568534851,-0.012436571530997753,0.6342000961303711,0.3723089098930359,-0.020510971546173096,0.6030813455581665,0.40912577509880066,-0.02284751832485199,0.594131350517273,0.44498416781425476,-0.024478306993842125,0.6517245769500732,0.41747111082077026,-0.05206632986664772,0.5908170938491821,0.46682092547416687,-0.05933987721800804,0.5620614886283875,0.47871333360671997,-0.05465785041451454,0.5501254796981812,0.4815819263458252,-0.04879613593220711,0.6668757200241089,0.4657178819179535,-0.04519518092274666,0.595777153968811,0.4983138144016266,-0.048333894461393356,0.5840443968772888,0.47762590646743774,-0.037566326558589935,0.5918733477592468,0.45923346281051636,-0.029649430885910988,0.6768854260444641,0.4982626140117645,-0.03566601872444153,0.6088227033615112,0.5197872519493103,-0.033375274389982224,0.6031202673912048,0.49635422229766846,-0.0219494067132473,0.6131978034973145,0.4803984761238098,-0.01615997962653637,0.6831589341163635,0.5180701613426208,-0.026632899418473244,0.6311414837837219,0.5245673060417175,-0.025012165307998657,0.6242356300354004,0.5046862959861755,-0.01876513659954071,0.63008713722229,0.49228739738464355,-0.014996033161878586,Left,0.9699758887290955
13344,220,1,0.3452429473400116,0.4104101061820984,2.55725780107241e-07,0.379152774810791,0.360159695148468,-0.022150918841362,0.4251559376716614,0.35663852095603943,-0.03695186227560043,0.4589058458805084,0.3871834874153137,-0.04445718973875046,0.47410041093826294,0.41532644629478455,-0.051792584359645844,0.3917210102081299,0.38979703187942505,-0.07199431210756302,0.45769593119621277,0.41275081038475037,-0.0915745347738266,0.4959336519241333,0.4258623719215393,-0.09621611982584,0.5238025784492493,0.434261679649353,-0.0969604104757309,0.38368716835975647,0.4347872734069824,-0.0662379041314125,0.454232394695282,0.4537968039512634,-0.0875968188047409,0.49991118907928467,0.4595933258533478,-0.0920238345861435,0.533126711845398,0.46081969141960144,-0.0936226099729538,0.38351404666900635,0.47021397948265076,-0.05815185606479645,0.448729008436203,0.48826858401298523,-0.07525014132261276,0.4915057420730591,0.49127525091171265,-0.07998795807361603,0.5217726826667786,0.4883093237876892,-0.08117733895778656,0.3893623352050781,0.49124467372894287,-0.050160255283117294,0.43893861770629883,0.5018011331558228,-0.06367016583681107,0.47147059440612793,0.5014573931694031,-0.06761528551578522,0.4947151243686676,0.4973496198654175,-0.06863390654325485,Right,0.9931720495223999
13388,221,0,0.731613039970398,0.40638911724090576,2.598194441816304e-07,0.6845234632492065,0.3602719306945801,-0.01169258076697588,0.6348731517791748,0.37037229537963867,-0.018811212852597237,0.6040003299713135,0.4074220657348633,-0.02080395445227623,0.595547080039978,0.44262972474098206,-0.022257370874285698,0.6508846879005432,0.41531845927238464,-0.04716401919722557,0.5897020101547241,0.46312445402145386,-0.05453541502356529,0.5611416101455688,0.47686415910720825,-0.05113036558032036,0.549280047416687,0.4818371832370758,-0.04630863666534424,0.6665834784507751,0.4630909562110901,-0.04106829687952995,0.5958768129348755,0.4963013827800751,-0.044966794550418854,0.5843386054039001,0.47608688473701477,-0.03578043729066849,0.5930492877960205,0.4579397737979889,-0.02866475284099579,0.6775537133216858,0.4951586127281189,-0.03262246400117874,0.6097161769866943,0.5180485248565674,-0.031525880098342896,0.603815495967865,0.4949599802494049,-0.021269051358103752,0.6140868663787842,0.4794500172138214,-0.015828995034098625,0.6843619346618652,0.5145828723907471,-0.02461346983909607,0.6322550773620605,0.5224078893661499,-0.02384389564394951,0.6256881356239319,0.5026618838310242,-0.017967037856578827,0.6320765018463135,0.4905835688114166,-0.014269132167100906,Left,0.9774262309074402
13388,221,1,0.3436569571495056,0.4114828407764435,2.07401498641957e-07,0.37561360001564026,0.36142468452453613,-0.021545682102441788,0.4218090772628784,0.35554975271224976,-0.035667601972818375,0.45731401443481445,0.3841131329536438,-0.042456336319446564,0.4744246304035187,0.41197526454925537,-0.04884237423539162,0.3891080915927887,0.3900250196456909,-0.07028225809335709,0.455836683511734,0.4119260907173157,-0.08835244923830032,0.4940543472766876,0.42397964000701904,-0.09153623878955841,0.5221958160400391,0.4323819577693939,-0.09166363626718521,0.38327211141586304,0.4361296594142914,-0.06440912187099457,0.4545695185661316,0.451558917760849,-0.08468715846538544,0.4989299476146698,0.45655083656311035,-0.08811657130718231,0.5310437679290771,0.4595251977443695,-0.08924443274736404,0.3840695917606354,0.47151604294776917,-0.056193508207798004,0.44871658086776733,0.4879380762577057,-0.07304150611162186,0.49002477526664734,0.49009570479393005,-0.07750390470027924,0.5189927220344543,0.48747286200523376,-0.07868149131536484,0.3903556168079376,0.4915151596069336,-0.04794364422559738,0.43764805793762207,0.5003058910369873,-0.06149543076753616,0.46768099069595337,0.49916890263557434,-0.06562379747629166,0.489031046628952,0.4955064654350281,-0.06694750487804413,Right,0.9950429201126099
13433,222,0,0.7357003688812256,0.4014969766139984,2.4137054310813255e-07,0.6878255605697632,0.35705113410949707,-0.008372585289180279,0.6367209553718567,0.3690643310546875,-0.012813184410333633,0.6061646938323975,0.40744516253471375,-0.012188761495053768,0.5992703437805176,0.4426130950450897,-0.011340862140059471,0.6518944501876831,0.4108482897281647,-0.042970407754182816,0.5936052203178406,0.45684438943862915,-0.046481501311063766,0.5655911564826965,0.4736683666706085,-0.0414620004594326,0.5484742522239685,0.4853793978691101,-0.03695514053106308,0.667582094669342,0.45757949352264404,-0.03781380504369736,0.6003239750862122,0.4934426546096802,-0.039411794394254684,0.5863267183303833,0.47851675748825073,-0.030010854825377464,0.5895389318466187,0.46342799067497253,-0.023418966680765152,0.6792585849761963,0.4900974631309509,-0.029792048037052155,0.6143507957458496,0.5156563520431519,-0.02632845751941204,0.6066510081291199,0.494655966758728,-0.015899373218417168,0.613349437713623,0.4794272780418396,-0.01086498610675335,0.6866125464439392,0.510047435760498,-0.0220292117446661,0.6361873745918274,0.5218663215637207,-0.018737537786364555,0.6282694339752197,0.5039960145950317,-0.011996934190392494,0.6318100690841675,0.4914301335811615,-0.00822271965444088,Left,0.9812912940979004
13433,222,1,0.34162086248397827,0.4102728068828583,2.053818661806872e-07,0.3724385201931,0.36162707209587097,-0.02142878994345665,0.41776788234710693,0.3528224229812622,-0.035493042320013046,0.4542810916900635,0.3782898783683777,-0.042372800409793854,0.47293582558631897,0.4047667980194092,-0.04868602380156517,0.3870505392551422,0.3876192271709442,-0.06891123950481415,0.4539860785007477,0.408675879240036,-0.08766525238752365,0.49241435527801514,0.42077207565307617,-0.0914359986782074,0.5203584432601929,0.4297837018966675,-0.09173284471035004,0.38069620728492737,0.4337197244167328,-0.06329958140850067,0.4513661563396454,0.4492895305156708,-0.08371362835168839,0.49601101875305176,0.45503297448158264,-0.08728720247745514,0.5280221700668335,0.45857056975364685,-0.08850064873695374,0.3815731406211853,0.4697073698043823,-0.05564810708165169,0.44472455978393555,0.4849458932876587,-0.07243704795837402,0.4854474365711212,0.48689883947372437,-0.0765666514635086,0.5141873359680176,0.48416832089424133,-0.07744571566581726,0.3881247639656067,0.49081236124038696,-0.048112303018569946,0.43527159094810486,0.498736172914505,-0.06160678714513779,0.4646543264389038,0.4968816339969635,-0.06544976681470871,0.4856835603713989,0.4923214912414551,-0.06649725139141083,Right,0.9946591258049011
13478,223,0,0.7431688904762268,0.39782851934432983,2.1438125941131148e-07,0.6938716769218445,0.355633020401001,-0.003764733672142029,0.6418498158454895,0.3681708574295044,-0.0063829319551587105,0.6130713224411011,0.4061618745326996,-0.004755489528179169,0.6077419519424438,0.44054505228996277,-0.003096194239333272,0.6548611521720886,0.41068294644355774,-0.039105042815208435,0.60036700963974,0.46088671684265137,-0.043400123715400696,0.5739446878433228,0.47734513878822327,-0.0394630990922451,0.5585389137268066,0.4868476688861847,-0.03542665019631386,0.6732664704322815,0.4541774094104767,-0.03623954951763153,0.6087985634803772,0.4938160181045532,-0.03795836865901947,0.5931270122528076,0.4802764356136322,-0.028718333691358566,0.5951517820358276,0.46525484323501587,-0.0223919078707695,0.6880480051040649,0.48493000864982605,-0.030305778607726097,0.6251589059829712,0.516402006149292,-0.027164790779352188,0.6159521341323853,0.4951988160610199,-0.015815511345863342,0.6217865347862244,0.47840240597724915,-0.009913768619298935,0.6988536715507507,0.5039607882499695,-0.02423200011253357,0.6493327617645264,0.5226264595985413,-0.020268455147743225,0.6410493850708008,0.505744457244873,-0.01156037487089634,0.6446182131767273,0.49313750863075256,-0.006281323730945587,Left,0.9890679717063904
13478,223,1,0.33610284328460693,0.4154805839061737,1.498339941008453e-07,0.36796650290489197,0.36283230781555176,-0.022649010643363,0.4156818687915802,0.3582712411880493,-0.03683093935251236,0.45054784417152405,0.38908475637435913,-0.04338720068335533,0.4658852815628052,0.41830652952194214,-0.0497269369661808,0.3786432445049286,0.39321163296699524,-0.07085231691598892,0.44042471051216125,0.4131658673286438,-0.08893758058547974,0.48017048835754395,0.4229799211025238,-0.0928424596786499,0.5102328062057495,0.4282190501689911,-0.09396638721227646,0.3729175329208374,0.43965059518814087,-0.0649094507098198,0.4387646019458771,0.45543530583381653,-0.08449716866016388,0.4834345281124115,0.45773521065711975,-0.08849801123142242,0.5172755122184753,0.45707640051841736,-0.0905735045671463,0.37422773241996765,0.4743024408817291,-0.0567341186106205,0.4365025758743286,0.48693281412124634,-0.07338128983974457,0.4802684187889099,0.4878418445587158,-0.07901167869567871,0.5127299427986145,0.4836008846759796,-0.08125723898410797,0.3812551200389862,0.4940156638622284,-0.048602987080812454,0.4310712218284607,0.5013561248779297,-0.06270040571689606,0.4644874930381775,0.4991898834705353,-0.06790918111801147,0.4895395338535309,0.4932161867618561,-0.07019785791635513,Right,0.9966349601745605
13523,224,0,0.7501444816589355,0.39637666940689087,2.4232673467849963e-07,0.7014873027801514,0.35425814986228943,-0.006620536092668772,0.648551881313324,0.3689878582954407,-0.01195344515144825,0.6192286014556885,0.4090116620063782,-0.012210630811750889,0.6136097311973572,0.4452010989189148,-0.012402803637087345,0.6658633351325989,0.4102497696876526,-0.04738429933786392,0.611196756362915,0.4631929099559784,-0.05299654230475426,0.58346027135849,0.4788866639137268,-0.04851530119776726,0.566867470741272,0.48698127269744873,-0.043815430253744125,0.6849405169487,0.4528231918811798,-0.043567366898059845,0.619094967842102,0.49478232860565186,-0.046484749764204025,0.600593090057373,0.4839840829372406,-0.03613618016242981,0.599273681640625,0.471432626247406,-0.029076581820845604,0.6990283131599426,0.4832901358604431,-0.036572396755218506,0.6340737342834473,0.5164778828620911,-0.034468282014131546,0.6229112148284912,0.4959982633590698,-0.022315843030810356,0.6278260350227356,0.4795956015586853,-0.015753190964460373,0.7084740996360779,0.5021617412567139,-0.029562033712863922,0.6570316553115845,0.5219119787216187,-0.026267968118190765,0.6463823914527893,0.5055993795394897,-0.017655665054917336,0.6486649513244629,0.4934041202068329,-0.012495220638811588,Left,0.9818369746208191
13523,224,1,0.32565605640411377,0.4199700653553009,1.515896315140708e-07,0.3524719476699829,0.36596357822418213,-0.029432984068989754,0.39920908212661743,0.36073732376098633,-0.04737595096230507,0.4359632730484009,0.391309916973114,-0.05550727620720863,0.4556199610233307,0.4191441237926483,-0.06296773999929428,0.3600274622440338,0.3942815065383911,-0.08533579111099243,0.42302751541137695,0.4163447916507721,-0.10697612911462784,0.46484795212745667,0.4270308315753937,-0.11174725741147995,0.4958263635635376,0.43238410353660583,-0.11317479610443115,0.35688164830207825,0.4410114586353302,-0.0763300284743309,0.4238037168979645,0.4587321877479553,-0.09888091683387756,0.46961405873298645,0.46138671040534973,-0.1021188423037529,0.503547728061676,0.4600965082645416,-0.10359857231378555,0.36139538884162903,0.4761662483215332,-0.06525662541389465,0.42251279950141907,0.4908730089664459,-0.08399868756532669,0.4662993550300598,0.49157217144966125,-0.08887003362178802,0.4988521635532379,0.4861629605293274,-0.09065370261669159,0.3714603781700134,0.49607133865356445,-0.054651640355587006,0.42030373215675354,0.5039961338043213,-0.07087769359350204,0.4528934359550476,0.5011895895004272,-0.07681603729724884,0.47774362564086914,0.49414169788360596,-0.07958117127418518,Right,0.995589554309845
13567,225,0,0.7591473460197449,0.3931104242801666,2.94649225907051e-07,0.7080152630805969,0.3513983190059662,-0.011694897897541523,0.6559298634529114,0.3693705201148987,-0.021008826792240143,0.6295135617256165,0.41787636280059814,-0.02484612539410591,0.6245607137680054,0.45830610394477844,-0.028394877910614014,0.6793243885040283,0.4082123041152954,-0.052072666585445404,0.6290223598480225,0.4726715683937073,-0.062241535633802414,0.6012898683547974,0.4892023205757141,-0.0605219341814518,0.5851393938064575,0.49322807788848877,-0.05668928101658821,0.7018322944641113,0.45045721530914307,-0.04750234633684158,0.6373565196990967,0.5035573840141296,-0.05418286472558975,0.6135042905807495,0.498026579618454,-0.04600542038679123,0.6076977252960205,0.48426544666290283,-0.03947359696030617,0.7172857522964478,0.4804409146308899,-0.040469493716955185,0.6533647775650024,0.5227048397064209,-0.04165119677782059,0.6342208385467529,0.5086249709129333,-0.031109243631362915,0.6317886114120483,0.4922836422920227,-0.02461348846554756,0.7266935706138611,0.4989163279533386,-0.03392801806330681,0.6766558289527893,0.5243759155273438,-0.034014295786619186,0.6588889956474304,0.5122166275978088,-0.02737780474126339,0.6536994576454163,0.5004984140396118,-0.022741874679923058,Left,0.956649661064148
13567,225,1,0.30963534116744995,0.4167915880680084,9.587299132363114e-08,0.33674541115760803,0.36671650409698486,-0.03158964961767197,0.3833940625190735,0.3648200035095215,-0.05069977045059204,0.42007893323898315,0.3996192216873169,-0.05997772142291069,0.44051647186279297,0.4333077073097229,-0.0686262771487236,0.3318464159965515,0.39540237188339233,-0.08781282603740692,0.3847843408584595,0.41737064719200134,-0.1118636429309845,0.4288958013057709,0.4271409213542938,-0.11825916171073914,0.4630070924758911,0.43179503083229065,-0.12139136344194412,0.33041858673095703,0.4441889822483063,-0.07890218496322632,0.39113306999206543,0.4635865390300751,-0.10385452210903168,0.4410332143306732,0.466662734746933,-0.1082708016037941,0.47811630368232727,0.46349024772644043,-0.11126744002103806,0.3377736806869507,0.4801429808139801,-0.06851227581501007,0.3943093717098236,0.4978056252002716,-0.0908336490392685,0.44201070070266724,0.4991229772567749,-0.09854807704687119,0.4774576425552368,0.49079829454421997,-0.10235495120286942,0.3496127724647522,0.500247597694397,-0.05880698189139366,0.39386868476867676,0.51223224401474,-0.07925167679786682,0.4274684488773346,0.5102212429046631,-0.0891827642917633,0.4528740644454956,0.5003994703292847,-0.09517581760883331,Right,0.9948678016662598
13611,226,0,0.7624866366386414,0.39410680532455444,3.488543143248535e-07,0.7117084860801697,0.3577606678009033,-0.014399579726159573,0.660984992980957,0.37703007459640503,-0.025327032431960106,0.6373628377914429,0.425720751285553,-0.030593613162636757,0.6330017447471619,0.4672895073890686,-0.03537321835756302,0.6878418326377869,0.4117676615715027,-0.05576871335506439,0.6427157521247864,0.484406054019928,-0.06885159760713577,0.6141959428787231,0.505122184753418,-0.0693785548210144,0.5953083634376526,0.5114403963088989,-0.06682166457176208,0.7116355895996094,0.45198848843574524,-0.051028501242399216,0.6509914398193359,0.514957845211029,-0.06268583238124847,0.6227647662162781,0.512333333492279,-0.05821821093559265,0.6135034561157227,0.49719440937042236,-0.053584374487400055,0.7271780967712402,0.4815669357776642,-0.04391061142086983,0.6650221347808838,0.533134937286377,-0.0495675727725029,0.6442199349403381,0.5197314620018005,-0.041919149458408356,0.6420146822929382,0.5012184381484985,-0.036270055919885635,0.7357709407806396,0.5008954405784607,-0.037369824945926666,0.686037003993988,0.5331845283508301,-0.04065088927745819,0.6664147973060608,0.5205978155136108,-0.03586392104625702,0.6617984175682068,0.506331741809845,-0.031871337443590164,Left,0.9665710926055908
13611,226,1,0.30243927240371704,0.4108799397945404,4.984540424857187e-08,0.32819288969039917,0.36847320199012756,-0.03580807149410248,0.3719109296798706,0.3682812452316284,-0.05721309781074524,0.406029611825943,0.3979085683822632,-0.06770378351211548,0.4254120886325836,0.4257487654685974,-0.07729625701904297,0.3264491856098175,0.3974114656448364,-0.09695705771446228,0.3885045349597931,0.42682522535324097,-0.12206465005874634,0.43259763717651367,0.4413953125476837,-0.12886442244052887,0.467987596988678,0.4502483606338501,-0.13265830278396606,0.3230246305465698,0.44677913188934326,-0.08538613468408585,0.3805537521839142,0.4744642376899719,-0.11152897030115128,0.42640233039855957,0.4827939569950104,-0.11519131809473038,0.461127370595932,0.48445945978164673,-0.11756706237792969,0.32888293266296387,0.4830676317214966,-0.07222031056880951,0.38103142380714417,0.505040168762207,-0.09385200589895248,0.42367663979530334,0.5095272660255432,-0.0983445942401886,0.45591068267822266,0.5046459436416626,-0.10050639510154724,0.34104135632514954,0.5048156976699829,-0.06027727201581001,0.37907490134239197,0.519654393196106,-0.08031336218118668,0.41066721081733704,0.5183123350143433,-0.08871790766716003,0.43589863181114197,0.5104203224182129,-0.09347022324800491,Right,0.9963660836219788
13656,227,0,0.7645192742347717,0.39553722739219666,3.665752785764198e-07,0.7089647054672241,0.3641889691352844,-0.016285279765725136,0.65720134973526,0.39911437034606934,-0.02709788642823696,0.6383379697799683,0.458924263715744,-0.03153643757104874,0.6351543068885803,0.5038831233978271,-0.035418443381786346,0.6934846043586731,0.4166521430015564,-0.06028727814555168,0.6543040871620178,0.4981170892715454,-0.0748581737279892,0.6267229914665222,0.5206117033958435,-0.07545965909957886,0.6072056889533997,0.5294941067695618,-0.07267206907272339,0.7207155823707581,0.45389455556869507,-0.054754383862018585,0.6652546525001526,0.5264961123466492,-0.06865576654672623,0.6320533156394958,0.5325302481651306,-0.0646890327334404,0.6152905225753784,0.5243642330169678,-0.06018998101353645,0.7375221252441406,0.48361700773239136,-0.046965211629867554,0.6784738898277283,0.5442044138908386,-0.05487348139286041,0.6514089107513428,0.5368684530258179,-0.048748280853033066,0.6409021019935608,0.5222599506378174,-0.04360608756542206,0.7459987998008728,0.5049881935119629,-0.039797741919755936,0.6984813809394836,0.5460112690925598,-0.04516811668872833,0.675069272518158,0.5382249355316162,-0.04213445633649826,0.6650388836860657,0.5268131494522095,-0.03911168500781059,Left,0.9766179323196411
13656,227,1,0.30167073011398315,0.41137874126434326,5.7018784360707286e-08,0.3298438489437103,0.36548542976379395,-0.04251523315906525,0.3741706907749176,0.369101345539093,-0.06641460955142975,0.4076842963695526,0.4063114821910858,-0.07812479138374329,0.42408016324043274,0.4416215121746063,-0.0883818119764328,0.3207477331161499,0.4029047191143036,-0.10133111476898193,0.38201895356178284,0.4331414997577667,-0.12818211317062378,0.4269200563430786,0.44955113530158997,-0.13597819209098816,0.46265673637390137,0.46148985624313354,-0.14083358645439148,0.3182293772697449,0.45423975586891174,-0.08724856376647949,0.3738803565502167,0.48530682921409607,-0.11574362218379974,0.42041102051734924,0.49754831194877625,-0.12067734450101852,0.4557409882545471,0.5006656646728516,-0.12397145479917526,0.3240917921066284,0.49011334776878357,-0.07219920307397842,0.3743019998073578,0.5126233696937561,-0.09667454659938812,0.415859192609787,0.520797848701477,-0.10214001685380936,0.44842007756233215,0.5188999772071838,-0.10500466078519821,0.33610522747039795,0.5116456151008606,-0.05889834463596344,0.37002211809158325,0.5277228355407715,-0.0810614749789238,0.39911919832229614,0.5320064425468445,-0.09061887860298157,0.424375057220459,0.5313146710395813,-0.09646063297986984,Right,0.9978569149971008
13701,228,0,0.7669559121131897,0.40289047360420227,4.276493825727812e-07,0.7099061608314514,0.37675827741622925,-0.017717262730002403,0.6625679135322571,0.4176860451698303,-0.02930602990090847,0.6443014144897461,0.4771518111228943,-0.033950820565223694,0.6337059736251831,0.5191883444786072,-0.038151491433382034,0.6961376070976257,0.4323759377002716,-0.06126559153199196,0.6651954054832458,0.517107367515564,-0.07466031610965729,0.6402692198753357,0.5516899824142456,-0.07556065917015076,0.6195247173309326,0.573955774307251,-0.07410449534654617,0.7244057059288025,0.4695981442928314,-0.05486017093062401,0.6729239821434021,0.5440080165863037,-0.06521236151456833,0.6399081349372864,0.5529289841651917,-0.0594903901219368,0.6210640072822571,0.5476558208465576,-0.05505048483610153,0.7436472177505493,0.49838703870773315,-0.046168774366378784,0.6863523125648499,0.560114324092865,-0.05178283154964447,0.6616716384887695,0.5515197515487671,-0.04275117069482803,0.6525636911392212,0.5370122194290161,-0.03676685318350792,0.753594696521759,0.5180532932281494,-0.0383157916367054,0.706733226776123,0.5560805797576904,-0.04300723224878311,0.684680163860321,0.5460671186447144,-0.037886813282966614,0.676068902015686,0.5352661609649658,-0.0337931290268898,Left,0.9832386374473572
13701,228,1,0.30597877502441406,0.41161248087882996,4.076821724652291e-08,0.3392587900161743,0.3727820813655853,-0.04173218086361885,0.3841708302497864,0.38361111283302307,-0.0652618333697319,0.41572636365890503,0.4237596392631531,-0.07682310044765472,0.4300909638404846,0.45976799726486206,-0.08673413842916489,0.3301500678062439,0.4110328257083893,-0.0999077782034874,0.3905984163284302,0.4524660110473633,-0.1265346109867096,0.43220967054367065,0.4746650755405426,-0.1339396834373474,0.4644380807876587,0.4907206892967224,-0.13776028156280518,0.321401983499527,0.4606340527534485,-0.08575490117073059,0.3784789741039276,0.506843090057373,-0.11330212652683258,0.42560693621635437,0.5252028703689575,-0.11693570017814636,0.46051880717277527,0.5313672423362732,-0.11896397173404694,0.32233476638793945,0.49625396728515625,-0.07068419456481934,0.37473970651626587,0.5340707898139954,-0.09395956993103027,0.4167402684688568,0.5453262329101562,-0.09784846007823944,0.44767969846725464,0.5441827178001404,-0.09919452667236328,0.3319913446903229,0.5176881551742554,-0.05736248195171356,0.3693515956401825,0.5441585183143616,-0.07766168564558029,0.40009501576423645,0.5509883761405945,-0.08563192933797836,0.42404860258102417,0.5510363578796387,-0.0901523157954216,Right,0.9967755675315857
13743,229,0,0.7663944959640503,0.40476763248443604,3.990761570094037e-07,0.7095732092857361,0.38243401050567627,-0.017535317689180374,0.6653379797935486,0.4249647855758667,-0.02850920893251896,0.6497359871864319,0.48318710923194885,-0.032389841973781586,0.6399456858634949,0.5242496728897095,-0.03549417480826378,0.698722779750824,0.4417104721069336,-0.06232576444745064,0.6704988479614258,0.526669979095459,-0.0749954953789711,0.6465451717376709,0.560549795627594,-0.07486147433519363,0.6275162696838379,0.5829219818115234,-0.07247591018676758,0.7277920842170715,0.4762778580188751,-0.055119533091783524,0.679246187210083,0.5519486665725708,-0.06523124873638153,0.6473055481910706,0.5609601140022278,-0.058225590735673904,0.6305707097053528,0.5561138391494751,-0.05262686312198639,0.7472683191299438,0.5029144883155823,-0.04548981040716171,0.6940053105354309,0.5676557421684265,-0.049851175397634506,0.6714076995849609,0.5576963424682617,-0.03939394652843475,0.665001392364502,0.5416377782821655,-0.03240792825818062,0.757188081741333,0.5213814973831177,-0.03681201487779617,0.7142270803451538,0.5656963586807251,-0.03948427364230156,0.6934003233909607,0.5576351284980774,-0.0332784540951252,0.6860014200210571,0.546945333480835,-0.0285644493997097,Left,0.98809814453125
13743,229,1,0.30834460258483887,0.4111521244049072,-3.255090064158139e-08,0.3459170460700989,0.3753458857536316,-0.040076225996017456,0.39081355929374695,0.391779363155365,-0.06300242990255356,0.419654905796051,0.43747442960739136,-0.07414213567972183,0.4323650896549225,0.47604477405548096,-0.08377029001712799,0.33505237102508545,0.4137006103992462,-0.09958413988351822,0.3913801312446594,0.4625566899776459,-0.1260404735803604,0.43358278274536133,0.4894200563430786,-0.1330583393573761,0.467376172542572,0.5055502653121948,-0.1364031583070755,0.32406535744667053,0.46194881200790405,-0.0856284499168396,0.3815056085586548,0.5134339928627014,-0.11341723799705505,0.42754480242729187,0.5360090136528015,-0.11679539829492569,0.4615160822868347,0.5439437627792358,-0.11861594021320343,0.3231436014175415,0.49773651361465454,-0.07049250602722168,0.375404953956604,0.5412685871124268,-0.09420012682676315,0.4178217649459839,0.5581780076026917,-0.09884171932935715,0.4504868984222412,0.5609580874443054,-0.10062088817358017,0.33145925402641296,0.5197708010673523,-0.05669386684894562,0.37062859535217285,0.5521584749221802,-0.07626079022884369,0.4019585847854614,0.5633032321929932,-0.08404240012168884,0.4268534183502197,0.566234290599823,-0.0886043980717659,Right,0.9964951276779175
13788,230,0,0.7655869722366333,0.407207727432251,4.0399345380137675e-07,0.7070482969284058,0.3900822401046753,-0.018414530903100967,0.6657413840293884,0.43502920866012573,-0.029882395640015602,0.6534762978553772,0.49315908551216125,-0.03430302068591118,0.6427531242370605,0.5326006412506104,-0.037718500941991806,0.7017029523849487,0.4469599425792694,-0.061764877289533615,0.6770229935646057,0.5319094061851501,-0.07502101361751556,0.6539022922515869,0.5661676526069641,-0.07496502995491028,0.635758638381958,0.5869889855384827,-0.07229207456111908,0.7323663830757141,0.47871845960617065,-0.05435233190655708,0.6866210103034973,0.5564056634902954,-0.06492486596107483,0.656079888343811,0.5677275657653809,-0.05849691480398178,0.6401088237762451,0.5625028610229492,-0.053028978407382965,0.7521878480911255,0.5046299695968628,-0.04471768066287041,0.7003702521324158,0.5702200531959534,-0.04973893612623215,0.6767109632492065,0.5650777220726013,-0.040381353348493576,0.6683154106140137,0.5514677166938782,-0.03398413956165314,0.7615589499473572,0.5241867899894714,-0.03608425706624985,0.7187598943710327,0.5686272382736206,-0.03953120484948158,0.6967366933822632,0.5645883679389954,-0.0345151387155056,0.6873645782470703,0.5569726824760437,-0.03047095611691475,Left,0.9828694462776184
13788,230,1,0.3125365376472473,0.414239764213562,-1.6472123220978574e-08,0.3520050346851349,0.3791469633579254,-0.039450064301490784,0.39780324697494507,0.39895471930503845,-0.06133880466222763,0.4242291748523712,0.44701582193374634,-0.07162069529294968,0.433321088552475,0.4865460693836212,-0.08047083765268326,0.34251728653907776,0.41668036580085754,-0.0989646166563034,0.39692822098731995,0.4716942608356476,-0.12428969889879227,0.4378136396408081,0.5031918287277222,-0.13043494522571564,0.4700104296207428,0.5248187184333801,-0.13324666023254395,0.32789045572280884,0.4633164405822754,-0.08490249514579773,0.3830249011516571,0.5220357179641724,-0.11150994151830673,0.4291675090789795,0.5482180714607239,-0.11358272284269333,0.46205466985702515,0.558861494064331,-0.1144009605050087,0.32481634616851807,0.49980294704437256,-0.06968025863170624,0.3731516897678375,0.5514510869979858,-0.0920267328619957,0.41491687297821045,0.5713174343109131,-0.09616739302873611,0.44588276743888855,0.5753827691078186,-0.09735433012247086,0.3313348591327667,0.5236644148826599,-0.055925022810697556,0.3671571612358093,0.5635291934013367,-0.07464148104190826,0.3987385034561157,0.5780364274978638,-0.08246733993291855,0.4235594570636749,0.581810474395752,-0.08693026006221771,Right,0.9957729578018188
13832,231,0,0.767096996307373,0.41426199674606323,3.80106513375722e-07,0.7069275379180908,0.39583560824394226,-0.01877225562930107,0.6661837697029114,0.44090989232063293,-0.030328156426548958,0.6524824500083923,0.5017508268356323,-0.03474278002977371,0.6380845308303833,0.5416666865348816,-0.03772567957639694,0.7060439586639404,0.44951704144477844,-0.061874404549598694,0.6839790940284729,0.5411096811294556,-0.07622871547937393,0.6583930253982544,0.5682681798934937,-0.07534466683864594,0.6416215300559998,0.5739599466323853,-0.07074284553527832,0.7375036478042603,0.4811258614063263,-0.053696539252996445,0.6919264793395996,0.5643486380577087,-0.06645837426185608,0.6627308130264282,0.5737167000770569,-0.06084281578660011,0.651867687702179,0.5607401728630066,-0.0546354316174984,0.7564098834991455,0.5070891380310059,-0.043349482119083405,0.7071158289909363,0.5771986842155457,-0.049574803560972214,0.6822187900543213,0.5733520984649658,-0.04233658313751221,0.6760562658309937,0.5552681088447571,-0.036713287234306335,0.7660886645317078,0.5266537666320801,-0.03380516916513443,0.7260574102401733,0.573560893535614,-0.03950599581003189,0.7025521993637085,0.5718305110931396,-0.037381887435913086,0.6922621130943298,0.5625587701797485,-0.034618526697158813,Left,0.9825872778892517
13832,231,1,0.316283255815506,0.4215770661830902,5.533258118362028e-08,0.36012494564056396,0.3927380442619324,-0.03585819527506828,0.4078845679759979,0.41907796263694763,-0.05656946077942848,0.4331158697605133,0.4686180353164673,-0.0660938248038292,0.4446094334125519,0.5062204599380493,-0.07432038336992264,0.3535599112510681,0.42728835344314575,-0.09767231345176697,0.4062967300415039,0.4910672605037689,-0.12326236069202423,0.443487286567688,0.5250877141952515,-0.12950171530246735,0.4722633957862854,0.5485913753509521,-0.13168101012706757,0.33350273966789246,0.47064143419265747,-0.08523797988891602,0.3885940909385681,0.5386185646057129,-0.11100003868341446,0.4337203800678253,0.5675337910652161,-0.1122589036822319,0.4650654196739197,0.5804556012153625,-0.11217939853668213,0.3271890878677368,0.5079678893089294,-0.07128380239009857,0.37764284014701843,0.5666771531105042,-0.09149464964866638,0.4189945459365845,0.586190402507782,-0.09344811737537384,0.44815415143966675,0.589187502861023,-0.09308698773384094,0.3318833112716675,0.5346073508262634,-0.05871010944247246,0.36999404430389404,0.5771594047546387,-0.07606612890958786,0.40162408351898193,0.5901785492897034,-0.08207478374242783,0.42556336522102356,0.5928623080253601,-0.0848664790391922,Right,0.9932542443275452
13877,232,0,0.7677261233329773,0.41490209102630615,3.823908230060624e-07,0.7088790535926819,0.3976292908191681,-0.018871083855628967,0.6675572395324707,0.4417192041873932,-0.03038032166659832,0.6511043906211853,0.501704752445221,-0.03497672826051712,0.6366791129112244,0.5443630814552307,-0.03834385797381401,0.7051187753677368,0.4485100507736206,-0.059963904321193695,0.6834920048713684,0.5392967462539673,-0.07425586134195328,0.6583632826805115,0.5681647062301636,-0.07361741364002228,0.6418992280960083,0.575448215007782,-0.06923085451126099,0.7367686033248901,0.4796721041202545,-0.05205583572387695,0.6921430826187134,0.5631179213523865,-0.06514827162027359,0.6627829074859619,0.5749673247337341,-0.06079758703708649,0.6511951684951782,0.5641027688980103,-0.05536575987935066,0.7564437985420227,0.5057152509689331,-0.04220088571310043,0.708186149597168,0.5767635107040405,-0.04898664727807045,0.6812930107116699,0.5761749148368835,-0.04372419789433479,0.6724289059638977,0.560177206993103,-0.03938811272382736,0.7670987844467163,0.5256036520004272,-0.03306829556822777,0.7283928394317627,0.5737173557281494,-0.039759956300258636,0.7034164667129517,0.5745618939399719,-0.03927929326891899,0.6907919049263,0.5669213533401489,-0.037616368383169174,Left,0.9862967729568481
13877,232,1,0.319571852684021,0.42384377121925354,4.8045119882544896e-08,0.3648407459259033,0.39736828207969666,-0.033431705087423325,0.41212767362594604,0.42567265033721924,-0.053028229624032974,0.4354545474052429,0.47679054737091064,-0.06179848685860634,0.44537678360939026,0.5145498514175415,-0.06928758323192596,0.355178564786911,0.4307005703449249,-0.09456682950258255,0.40642672777175903,0.49485740065574646,-0.11900711059570312,0.4434189796447754,0.5286129713058472,-0.12482476234436035,0.4718446731567383,0.5519961714744568,-0.12684093415737152,0.33313876390457153,0.47235986590385437,-0.0832507312297821,0.3875405490398407,0.5422741770744324,-0.10744066536426544,0.4326781630516052,0.5711154341697693,-0.1080157458782196,0.4641041159629822,0.5828984379768372,-0.10763715207576752,0.3261304497718811,0.508683443069458,-0.07027744501829147,0.3774033188819885,0.5699681639671326,-0.08931554853916168,0.4184872806072235,0.5900770425796509,-0.09087014943361282,0.44770362973213196,0.5930629968643188,-0.09024735540151596,0.3306390643119812,0.5348730087280273,-0.05849198251962662,0.3704882562160492,0.5802046656608582,-0.07566693425178528,0.4025709629058838,0.5942725539207458,-0.08151586353778839,0.42686566710472107,0.5964494943618774,-0.08410675078630447,Right,0.9953604936599731
13922,233,0,0.7676509618759155,0.4137806296348572,3.9004061136438395e-07,0.7086356282234192,0.39841753244400024,-0.01888366788625717,0.6662753224372864,0.4433329105377197,-0.03060685098171234,0.6497313380241394,0.5029256343841553,-0.03548600152134895,0.6370596885681152,0.547779381275177,-0.03921768441796303,0.7054495215415955,0.4505921006202698,-0.060204628854990005,0.6825619339942932,0.5420281887054443,-0.07490838319063187,0.6577699780464172,0.5698640942573547,-0.07468096911907196,0.642033576965332,0.5748935341835022,-0.0702095702290535,0.7379947304725647,0.4807347357273102,-0.052135832607746124,0.6927176117897034,0.565073549747467,-0.06462365388870239,0.6645664572715759,0.5749063491821289,-0.05964542552828789,0.6544435620307922,0.5619794726371765,-0.053822893649339676,0.7581774592399597,0.5057897567749023,-0.042191941291093826,0.7093471884727478,0.5778035521507263,-0.048354290425777435,0.6838048100471497,0.5761460065841675,-0.042382195591926575,0.6766748428344727,0.5587625503540039,-0.03752612695097923,0.7690515518188477,0.5247904658317566,-0.033006634563207626,0.7292601466178894,0.5736505389213562,-0.03900746628642082,0.704348623752594,0.5727895498275757,-0.03787776455283165,0.69243985414505,0.5629122853279114,-0.035722825676202774,Left,0.9877982139587402
13922,233,1,0.31721314787864685,0.4251519441604614,-1.526208315283384e-08,0.3630441725254059,0.3944525420665741,-0.03474002331495285,0.40953487157821655,0.42190539836883545,-0.054164137691259384,0.4316064119338989,0.47471028566360474,-0.06251203268766403,0.437794029712677,0.5136869549751282,-0.06976018846035004,0.3535972237586975,0.4295400381088257,-0.09533018618822098,0.4061529040336609,0.4904230237007141,-0.11833522468805313,0.4429146945476532,0.5246344208717346,-0.12279069423675537,0.4718096852302551,0.5493234992027283,-0.12452822178602219,0.33407139778137207,0.47377264499664307,-0.08293218910694122,0.38843637704849243,0.537380039691925,-0.10782206803560257,0.43302950263023376,0.567723274230957,-0.10922718793153763,0.46467411518096924,0.5817686915397644,-0.10975967347621918,0.3280535042285919,0.5108725428581238,-0.06872996687889099,0.377531498670578,0.565814733505249,-0.08898098021745682,0.4202080965042114,0.588329553604126,-0.09219948947429657,0.4515487253665924,0.5949164032936096,-0.09309006482362747,0.33294984698295593,0.5369710326194763,-0.05564913898706436,0.3714486062526703,0.5776543021202087,-0.07345762848854065,0.4042419493198395,0.5919777154922485,-0.0803857371211052,0.4297122061252594,0.5960375666618347,-0.0841904804110527,Right,0.9966121315956116
13967,234,0,0.7675378322601318,0.4132104516029358,3.907388759216701e-07,0.7086098194122314,0.3987659811973572,-0.01960771717131138,0.665232241153717,0.4421358108520508,-0.032218098640441895,0.6472896933555603,0.5000045299530029,-0.03770449385046959,0.6368416547775269,0.5469822883605957,-0.04216707497835159,0.703170120716095,0.45130547881126404,-0.06404732167720795,0.6799601912498474,0.543045163154602,-0.07920592278242111,0.655735969543457,0.5704264640808105,-0.0787961408495903,0.641005277633667,0.574498176574707,-0.07394849509000778,0.7366090416908264,0.48029306530952454,-0.05571995675563812,0.692112922668457,0.5664662718772888,-0.06883656978607178,0.6644974946975708,0.5754212737083435,-0.06360822916030884,0.6556767821311951,0.5613905787467957,-0.05748974159359932,0.7583955526351929,0.5051479935646057,-0.04527745768427849,0.7102417349815369,0.5791977643966675,-0.05137383192777634,0.6853864192962646,0.5758649110794067,-0.04460179805755615,0.6799269318580627,0.5570282340049744,-0.039187487214803696,0.7708879709243774,0.5242791175842285,-0.03559914231300354,0.7312630414962769,0.5750727653503418,-0.04087786003947258,0.7070098519325256,0.5733645558357239,-0.03869601711630821,0.6970118880271912,0.5625316500663757,-0.03582216799259186,Left,0.9932706356048584
13967,234,1,0.3170715570449829,0.4203774631023407,5.966207083929476e-08,0.36361443996429443,0.39265209436416626,-0.03403931111097336,0.4097304046154022,0.4210970997810364,-0.052823375910520554,0.43147844076156616,0.474754273891449,-0.06083178520202637,0.43785786628723145,0.5138633251190186,-0.06771663576364517,0.3561057448387146,0.4285966157913208,-0.09111610800027847,0.4070996344089508,0.4890696108341217,-0.113570436835289,0.4422285854816437,0.5240923762321472,-0.11867597699165344,0.47004181146621704,0.5491819381713867,-0.12070062011480331,0.3351318836212158,0.47044914960861206,-0.07897906005382538,0.3881058990955353,0.5339678525924683,-0.10260918736457825,0.4317551851272583,0.5652517676353455,-0.10476461797952652,0.4636775255203247,0.5805677771568298,-0.10588029772043228,0.3277648687362671,0.5053308606147766,-0.06517720222473145,0.37585389614105225,0.5620688199996948,-0.08400706201791763,0.4164644479751587,0.5858321189880371,-0.08744459599256516,0.44635289907455444,0.5921139717102051,-0.08853049576282501,0.3317546248435974,0.5289507508277893,-0.05262558534741402,0.36715397238731384,0.571722149848938,-0.06939549744129181,0.39786481857299805,0.5880477428436279,-0.07625515758991241,0.4222334325313568,0.592811107635498,-0.07992813736200333,Right,0.9963846206665039
14010,235,0,0.7663800716400146,0.4134771227836609,3.8524225942637713e-07,0.7082546353340149,0.3989151120185852,-0.022529082372784615,0.6624206304550171,0.4452342689037323,-0.03652438148856163,0.6429626941680908,0.5044434666633606,-0.042278461158275604,0.6367990970611572,0.5544611811637878,-0.047521091997623444,0.7037252187728882,0.4519974887371063,-0.07225997000932693,0.6746587157249451,0.5417851805686951,-0.0870378389954567,0.6516506671905518,0.5725471377372742,-0.08543021231889725,0.636997401714325,0.5857892036437988,-0.08061359822750092,0.7381578087806702,0.4803957939147949,-0.06284433603286743,0.6928377747535706,0.5676881074905396,-0.07494793832302094,0.6656997799873352,0.576780378818512,-0.06710683554410934,0.6551999449729919,0.5676229596138,-0.06035294756293297,0.7611043453216553,0.5042402744293213,-0.05113770440220833,0.7120887637138367,0.5812251567840576,-0.05713489651679993,0.6889111995697021,0.5755008459091187,-0.04704840108752251,0.6832252740859985,0.5590627193450928,-0.04001923277974129,0.7729965448379517,0.5226911902427673,-0.04049378260970116,0.731234073638916,0.5763614177703857,-0.04555174335837364,0.7086143493652344,0.5716717839241028,-0.04122934862971306,0.700495719909668,0.5604442954063416,-0.037511009722948074,Left,0.9904369115829468
14010,235,1,0.31811660528182983,0.42365673184394836,1.1148812006922526e-07,0.3640192151069641,0.3931802213191986,-0.032946065068244934,0.40941426157951355,0.42019662261009216,-0.05166776478290558,0.43020501732826233,0.47224441170692444,-0.05986103415489197,0.43438467383384705,0.5104466080665588,-0.06701017171144485,0.35937994718551636,0.42777177691459656,-0.09077274799346924,0.41536667943000793,0.49092021584510803,-0.11304249614477158,0.44979655742645264,0.527086615562439,-0.1175045371055603,0.47542548179626465,0.5526729822158813,-0.1186816543340683,0.3375784456729889,0.4693409204483032,-0.07984256744384766,0.39324015378952026,0.5312761068344116,-0.10434053093194962,0.43669432401657104,0.5640159249305725,-0.10693581402301788,0.4679889380931854,0.5806501507759094,-0.10780175775289536,0.3290639817714691,0.5041890144348145,-0.06715387850999832,0.37933364510536194,0.5603196620941162,-0.08743248879909515,0.41885679960250854,0.5854946374893188,-0.09159144014120102,0.4478403329849243,0.5931524634361267,-0.09256772696971893,0.33233532309532166,0.5284481644630432,-0.0553906112909317,0.37016889452934265,0.5699738264083862,-0.07279151678085327,0.39960959553718567,0.5869826078414917,-0.0791965126991272,0.42203953862190247,0.5931301116943359,-0.08216825127601624,Right,0.9950286746025085
14054,236,0,0.7649489641189575,0.41177666187286377,4.010776706309116e-07,0.7071515321731567,0.39911308884620667,-0.024337580427527428,0.6615471839904785,0.4466107487678528,-0.039937324821949005,0.6419671177864075,0.5057287216186523,-0.04680442437529564,0.6375553011894226,0.5562629699707031,-0.0534222237765789,0.7040628790855408,0.4477388560771942,-0.07888346910476685,0.671595573425293,0.5390331745147705,-0.09613366425037384,0.649563193321228,0.5728052258491516,-0.0954575464129448,0.6356501579284668,0.58717942237854,-0.09073229134082794,0.7390114068984985,0.47541627287864685,-0.06903153657913208,0.6929971575737,0.5660744905471802,-0.08295696973800659,0.6669360995292664,0.5803910493850708,-0.07509524375200272,0.656457245349884,0.5728793144226074,-0.06804601848125458,0.7623540759086609,0.4993167519569397,-0.056888919323682785,0.713385820388794,0.5804197788238525,-0.06391055881977081,0.6900842189788818,0.5790486931800842,-0.05378767102956772,0.6830843687057495,0.5642623901367188,-0.046552181243896484,0.7742037773132324,0.5183625221252441,-0.045899733901023865,0.7335634231567383,0.5758925080299377,-0.05163731426000595,0.7099857926368713,0.5743099451065063,-0.04753018170595169,0.6999267339706421,0.5645644664764404,-0.043824270367622375,Left,0.9921250343322754
14054,236,1,0.31656959652900696,0.42342978715896606,1.7167387511562993e-07,0.36249294877052307,0.3938531279563904,-0.030471231788396835,0.40691420435905457,0.41760730743408203,-0.04844554886221886,0.428791880607605,0.46822452545166016,-0.056776564568281174,0.43436163663864136,0.505467414855957,-0.06431365758180618,0.36214226484298706,0.4318273663520813,-0.08479789644479752,0.41624143719673157,0.49266260862350464,-0.10701554268598557,0.4503040909767151,0.5284243226051331,-0.1127762719988823,0.4754140377044678,0.5549972057342529,-0.11476103961467743,0.3402101397514343,0.4719364643096924,-0.07509031891822815,0.3947332799434662,0.5292556285858154,-0.09992183744907379,0.43798038363456726,0.561473548412323,-0.10463059693574905,0.4688006043434143,0.5799099802970886,-0.1067095696926117,0.33070099353790283,0.5047566890716553,-0.063567616045475,0.3768942058086395,0.5591463446617126,-0.08400045335292816,0.41544756293296814,0.5868241190910339,-0.09011740982532501,0.4435553252696991,0.5974688529968262,-0.09211906790733337,0.33230718970298767,0.5269196033477783,-0.05275844782590866,0.36813411116600037,0.5680715441703796,-0.07009916007518768,0.3964001536369324,0.587792158126831,-0.0771130919456482,0.418252557516098,0.5972076654434204,-0.08015338331460953,Right,0.9942699074745178
14099,237,0,0.7623042464256287,0.41175904870033264,4.1926074345610687e-07,0.7048640847206116,0.40196824073791504,-0.025042086839675903,0.6598063707351685,0.4518532156944275,-0.04137054458260536,0.6406761407852173,0.5115537047386169,-0.0485563799738884,0.6373943090438843,0.5622596740722656,-0.05558672547340393,0.7046326994895935,0.447370320558548,-0.08283798396587372,0.6722722053527832,0.5394574999809265,-0.10011214762926102,0.6503193974494934,0.5741659998893738,-0.09891895204782486,0.6358473896980286,0.5917304754257202,-0.09415416419506073,0.7407777905464172,0.4728286564350128,-0.07286679744720459,0.6956252455711365,0.5650085210800171,-0.08761068433523178,0.6689198017120361,0.5806059837341309,-0.07926832139492035,0.6572365164756775,0.5748746395111084,-0.07204968482255936,0.7647606134414673,0.4960625171661377,-0.06036581099033356,0.7168505191802979,0.5791048407554626,-0.06801191717386246,0.6932560205459595,0.5789077877998352,-0.05706336349248886,0.6849058866500854,0.5657539963722229,-0.04930276423692703,0.7764476537704468,0.5155360698699951,-0.04904750734567642,0.735959529876709,0.5746599435806274,-0.054746679961681366,0.712492823600769,0.5736794471740723,-0.05003127083182335,0.7019540071487427,0.5646008849143982,-0.04606934264302254,Left,0.9938672184944153
14099,237,1,0.31608355045318604,0.4216024875640869,2.1619166545860935e-07,0.3612593114376068,0.39337587356567383,-0.029473276808857918,0.40458106994628906,0.41906630992889404,-0.04701517894864082,0.42749330401420593,0.47013404965400696,-0.05506591498851776,0.43588611483573914,0.5061308741569519,-0.06266685575246811,0.3610278367996216,0.4343348741531372,-0.08353162556886673,0.41601359844207764,0.49429768323898315,-0.1052422896027565,0.4497120976448059,0.5284731388092041,-0.11110323667526245,0.47462108731269836,0.55516117811203,-0.11301635950803757,0.33881109952926636,0.47133496403694153,-0.07436956465244293,0.3941758871078491,0.5316172242164612,-0.09837445616722107,0.4375750422477722,0.5653537511825562,-0.10394939035177231,0.4702582359313965,0.5862967371940613,-0.106669120490551,0.32915160059928894,0.5026516318321228,-0.06319622695446014,0.3750823438167572,0.5582132935523987,-0.08341941237449646,0.41249552369117737,0.5887240767478943,-0.09090632200241089,0.4410633444786072,0.6037875413894653,-0.09394039213657379,0.33026552200317383,0.524824321269989,-0.052483346313238144,0.36622071266174316,0.5663995742797852,-0.07011884450912476,0.3938612937927246,0.5879478454589844,-0.0776238664984703,0.41623246669769287,0.6004008650779724,-0.0810215026140213,Right,0.9929523468017578
14143,238,0,0.7609273791313171,0.4139115512371063,4.3262278381916985e-07,0.7044326663017273,0.40316247940063477,-0.02624519355595112,0.6597895622253418,0.45253151655197144,-0.04263617843389511,0.6417308449745178,0.5126379132270813,-0.04971246048808098,0.6391963362693787,0.564551055431366,-0.05653437227010727,0.703673243522644,0.4472849369049072,-0.08246207237243652,0.6705471277236938,0.5389155745506287,-0.0988808274269104,0.6497029662132263,0.5750645399093628,-0.0972772091627121,0.6355839371681213,0.5958309173583984,-0.0926889181137085,0.7398363351821899,0.4732123911380768,-0.07180526107549667,0.6953461170196533,0.5659965872764587,-0.08496095985174179,0.6695062518119812,0.5800118446350098,-0.07584600150585175,0.6581872701644897,0.5749390721321106,-0.06863884627819061,0.7642166018486023,0.4960651993751526,-0.058744996786117554,0.7162857055664062,0.5803055167198181,-0.06565738469362259,0.694340705871582,0.5756163597106934,-0.05341745913028717,0.6881367564201355,0.5605168342590332,-0.04522266611456871,0.7762782573699951,0.5149511098861694,-0.04702720418572426,0.7366870045661926,0.5734095573425293,-0.05278835818171501,0.7146005630493164,0.5705419778823853,-0.04750431701540947,0.7061624526977539,0.5610744953155518,-0.043334219604730606,Left,0.9921867251396179
14143,238,1,0.31383180618286133,0.42314794659614563,1.8496086795494193e-07,0.3595292866230011,0.3954000473022461,-0.029984431341290474,0.4029068946838379,0.4212559461593628,-0.04684188589453697,0.4259456396102905,0.4732988476753235,-0.054627906531095505,0.4355979263782501,0.5098296403884888,-0.06205153092741966,0.3588559627532959,0.44310903549194336,-0.0794292539358139,0.4139595329761505,0.49942198395729065,-0.10070936381816864,0.4480748772621155,0.532596230506897,-0.10758791118860245,0.4739568829536438,0.5598835349082947,-0.11082903295755386,0.3383554220199585,0.480984628200531,-0.07038907706737518,0.39388057589530945,0.5358322262763977,-0.09329549223184586,0.43696069717407227,0.5689105987548828,-0.09988225996494293,0.46929723024368286,0.5910624861717224,-0.10396846383810043,0.3294161260128021,0.5104725360870361,-0.05977393314242363,0.374754399061203,0.5624616742134094,-0.07942105084657669,0.4122348129749298,0.5943094491958618,-0.08826327323913574,0.4403349459171295,0.6119766235351562,-0.09299332648515701,0.33034294843673706,0.5298545360565186,-0.04983512684702873,0.3640267550945282,0.5682995915412903,-0.0681411400437355,0.39256519079208374,0.5918154716491699,-0.07749498635530472,0.41554832458496094,0.6079927682876587,-0.08264453709125519,Right,0.9947230815887451
14185,239,0,0.7614176869392395,0.4127139449119568,4.618851221493969e-07,0.705268919467926,0.40269720554351807,-0.02623312547802925,0.6616273522377014,0.4537353515625,-0.04225682467222214,0.6443132162094116,0.513561487197876,-0.049208927899599075,0.6338141560554504,0.562241792678833,-0.05579710379242897,0.7032807469367981,0.4480600655078888,-0.07951416820287704,0.6697432994842529,0.5396175384521484,-0.09600018709897995,0.648097813129425,0.5749307870864868,-0.09469858556985855,0.6322019100189209,0.5952879190444946,-0.09037242829799652,0.7391769289970398,0.47305694222450256,-0.06899166852235794,0.6950694918632507,0.5651048421859741,-0.08301576972007751,0.6678327322006226,0.5823923349380493,-0.07521940767765045,0.6534777879714966,0.5804840326309204,-0.06848020106554031,0.7636356949806213,0.4954393804073334,-0.05629459396004677,0.7164834141731262,0.5793224573135376,-0.06417004019021988,0.6921283006668091,0.580320417881012,-0.053279172629117966,0.6817799806594849,0.5709471702575684,-0.04565032199025154,0.7763742208480835,0.514184832572937,-0.04491079971194267,0.7369207739830017,0.5717712044715881,-0.051567673683166504,0.7131080627441406,0.5714394450187683,-0.046863868832588196,0.7017824053764343,0.5651562809944153,-0.042684897780418396,Left,0.9942275285720825
14185,239,1,0.3130723237991333,0.4220840334892273,1.8695105552524183e-07,0.35969334840774536,0.39632177352905273,-0.02876129373908043,0.4037782847881317,0.42346712946891785,-0.04489460587501526,0.42718958854675293,0.47497424483299255,-0.05216994881629944,0.4356421232223511,0.5113955736160278,-0.05903855711221695,0.3631718158721924,0.4434381425380707,-0.07948939502239227,0.4188016355037689,0.500044584274292,-0.09981123358011246,0.45127761363983154,0.5328388214111328,-0.10491501539945602,0.4757389426231384,0.5605853199958801,-0.10680397599935532,0.34108585119247437,0.4809153974056244,-0.07085680216550827,0.39893439412117004,0.5367157459259033,-0.09483467042446136,0.43957003951072693,0.5732207894325256,-0.10145963728427887,0.4699280261993408,0.5976319909095764,-0.10527615249156952,0.3303873538970947,0.5108774900436401,-0.06044416502118111,0.37058913707733154,0.5648430585861206,-0.08216825872659683,0.405229777097702,0.5988262295722961,-0.09268560260534286,0.43178126215934753,0.6169316172599792,-0.09780716150999069,0.33009251952171326,0.5318648219108582,-0.05028627812862396,0.3612104058265686,0.5734339356422424,-0.06947927176952362,0.38772961497306824,0.5976967811584473,-0.07972826063632965,0.40941599011421204,0.6132035255432129,-0.08542198687791824,Right,0.9928053021430969
14229,240,0,0.7616183757781982,0.414301335811615,4.6795744879091217e-07,0.7062336206436157,0.4039534628391266,-0.02406344562768936,0.6617072820663452,0.4552063047885895,-0.03973833844065666,0.6447664499282837,0.5167951583862305,-0.046968597918748856,0.6328647136688232,0.5631512999534607,-0.05396923050284386,0.7036622166633606,0.4486047327518463,-0.07884403318166733,0.6680454611778259,0.5407416224479675,-0.0970088317990303,0.6449319124221802,0.5731385946273804,-0.09716048091650009,0.6280374526977539,0.5889659523963928,-0.093553826212883,0.7396479249000549,0.4741132855415344,-0.06964161992073059,0.6945669651031494,0.566842257976532,-0.08554887771606445,0.6659429669380188,0.5835977792739868,-0.07936164736747742,0.6516557931900024,0.5799123048782349,-0.07355407625436783,0.7642287611961365,0.4965135157108307,-0.05797383561730385,0.7166613936424255,0.5833275318145752,-0.06710264086723328,0.6920454502105713,0.5822258591651917,-0.05665675923228264,0.6832119226455688,0.5687445998191833,-0.0491160973906517,0.7777346968650818,0.5145744681358337,-0.047323357313871384,0.7389222979545593,0.5733094811439514,-0.054556574672460556,0.7156505584716797,0.5727934241294861,-0.049722325056791306,0.705520510673523,0.5649212002754211,-0.04525034874677658,Left,0.9937476515769958
14229,240,1,0.313022255897522,0.42363250255584717,2.1514152592772007e-07,0.3619937300682068,0.39738163352012634,-0.028490735217928886,0.40703943371772766,0.42567744851112366,-0.044155966490507126,0.4303986132144928,0.47858983278274536,-0.051046889275312424,0.43856513500213623,0.5153348445892334,-0.057587236166000366,0.3651793599128723,0.44328954815864563,-0.08108600229024887,0.42098623514175415,0.4997293949127197,-0.10243289172649384,0.45526742935180664,0.5338878631591797,-0.1083136796951294,0.48151129484176636,0.5615517497062683,-0.11064188927412033,0.3420022428035736,0.4810807704925537,-0.07308751344680786,0.3971598446369171,0.5359508395195007,-0.09850612282752991,0.44156163930892944,0.5717569589614868,-0.1056651622056961,0.47385847568511963,0.5924058556556702,-0.10984013229608536,0.33084192872047424,0.511539101600647,-0.06331989914178848,0.36613792181015015,0.5673044919967651,-0.08592472970485687,0.40393364429473877,0.6015029549598694,-0.09672830998897552,0.4318765103816986,0.6160798668861389,-0.10159644484519958,0.3305646479129791,0.5326283574104309,-0.053894780576229095,0.36143437027931213,0.5812402963638306,-0.07358071208000183,0.3902589678764343,0.6086156368255615,-0.08401215821504593,0.4135652184486389,0.6230707168579102,-0.08963555842638016,Right,0.996269166469574
14273,241,0,0.7629913091659546,0.4152047634124756,4.194228608866979e-07,0.7085942625999451,0.40712180733680725,-0.02460603229701519,0.6645058989524841,0.4597720205783844,-0.04124508425593376,0.6459008455276489,0.5206851363182068,-0.04894288256764412,0.6320520043373108,0.5688849687576294,-0.05656963214278221,0.7052615880966187,0.449396550655365,-0.08476918190717697,0.6684088110923767,0.5424650311470032,-0.1032557561993599,0.6473386883735657,0.577200174331665,-0.10224834829568863,0.6335173845291138,0.5934159159660339,-0.09743378311395645,0.7420350313186646,0.47351014614105225,-0.07527357339859009,0.6965099573135376,0.5705600380897522,-0.09136676788330078,0.6731837391853333,0.5845170617103577,-0.08275921642780304,0.6653913259506226,0.5751075744628906,-0.07495561242103577,0.7679887413978577,0.49534621834754944,-0.06311915814876556,0.7215097546577454,0.5851336717605591,-0.07131487876176834,0.7005802392959595,0.5837658643722534,-0.05848131328821182,0.695609450340271,0.567679762840271,-0.04929003864526749,0.7834044694900513,0.5138458013534546,-0.051983870565891266,0.7458024024963379,0.5791153907775879,-0.05787636339664459,0.724358320236206,0.5789862871170044,-0.051654279232025146,0.7164072394371033,0.5692848563194275,-0.04641035571694374,Left,0.9957471489906311
14273,241,1,0.31446021795272827,0.4220365285873413,2.3317811326251103e-07,0.3646744191646576,0.3982667922973633,-0.024109365418553352,0.407662570476532,0.42604073882102966,-0.037994902580976486,0.430400013923645,0.47759824991226196,-0.044302016496658325,0.43778738379478455,0.5150249600410461,-0.05058162659406662,0.36912381649017334,0.44412025809288025,-0.07436461746692657,0.42639586329460144,0.5003814101219177,-0.09579185396432877,0.4582075774669647,0.5350233316421509,-0.10188715904951096,0.4837079644203186,0.563532292842865,-0.1045217365026474,0.34652096033096313,0.48262444138526917,-0.06838082522153854,0.40442904829978943,0.5336993932723999,-0.09256571531295776,0.4449574649333954,0.5682993531227112,-0.09967920929193497,0.4753793179988861,0.5932223796844482,-0.10399915277957916,0.33386489748954773,0.5131009221076965,-0.06070759519934654,0.37367549538612366,0.562559187412262,-0.08341948688030243,0.40839728713035583,0.5943753123283386,-0.09463454782962799,0.43553268909454346,0.612261176109314,-0.10019697993993759,0.3303411602973938,0.5325902104377747,-0.05305204913020134,0.35054340958595276,0.5778878927230835,-0.07351654022932053,0.3695775270462036,0.606389045715332,-0.08505082875490189,0.38675111532211304,0.6258860230445862,-0.0916685089468956,Right,0.9960149526596069
14315,242,0,0.763379693031311,0.4150550365447998,4.4466517579166975e-07,0.7079041004180908,0.40951547026634216,-0.025067677721381187,0.6643277406692505,0.4633297622203827,-0.0425751768052578,0.6463223099708557,0.5246444940567017,-0.051083534955978394,0.6301671266555786,0.5721367001533508,-0.05967524275183678,0.7062686681747437,0.4508836567401886,-0.08600291609764099,0.6723846197128296,0.545578122138977,-0.10473428666591644,0.6511346697807312,0.581450343132019,-0.10392370074987411,0.6358757019042969,0.6000209450721741,-0.09936545789241791,0.7441770434379578,0.4745263159275055,-0.07665637880563736,0.7000985145568848,0.5721986889839172,-0.09254095703363419,0.6742637157440186,0.5896943807601929,-0.08421637862920761,0.6629555225372314,0.5843787789344788,-0.07698970288038254,0.7708508968353271,0.49582675099372864,-0.06461861729621887,0.7257131934165955,0.5875844955444336,-0.07304873317480087,0.7020314335823059,0.5885792970657349,-0.06093324348330498,0.6936827898025513,0.5744103789329529,-0.052434518933296204,0.7868741154670715,0.5140998959541321,-0.05361747741699219,0.7507597208023071,0.5810360312461853,-0.06018674373626709,0.7271144986152649,0.5824610590934753,-0.05467286705970764,0.7165830731391907,0.573655903339386,-0.04992882162332535,Left,0.99684739112854
14315,242,1,0.31614500284194946,0.42362868785858154,2.6232186201013974e-07,0.3654032349586487,0.39829519391059875,-0.02419239841401577,0.40945038199424744,0.4247300326824188,-0.03808260336518288,0.4318564832210541,0.47630444169044495,-0.04453219473361969,0.438644677400589,0.5134254693984985,-0.05100521445274353,0.37057214975357056,0.4439823627471924,-0.07291974872350693,0.4271335005760193,0.5010055899620056,-0.09424354135990143,0.45902493596076965,0.5367258787155151,-0.10086693614721298,0.4841568171977997,0.5644837617874146,-0.10384288430213928,0.34819522500038147,0.4822867512702942,-0.06744217127561569,0.40494489669799805,0.5354812145233154,-0.09064057469367981,0.445325642824173,0.5703524947166443,-0.0979279950261116,0.47511154413223267,0.5937122106552124,-0.10245335847139359,0.33522170782089233,0.511825442314148,-0.06043541431427002,0.37517276406288147,0.5634902119636536,-0.08224904537200928,0.4101274311542511,0.5964648723602295,-0.09408379346132278,0.43684929609298706,0.6145288348197937,-0.1004548966884613,0.3310505747795105,0.5297433137893677,-0.05347375571727753,0.35176169872283936,0.575548529624939,-0.07386969774961472,0.3713098168373108,0.6050309538841248,-0.08567257225513458,0.3884509801864624,0.6253464818000793,-0.09258604049682617,Right,0.9965210556983948
14357,243,0,0.7622640132904053,0.4171328544616699,4.349318771801336e-07,0.7052221298217773,0.41410911083221436,-0.024752020835876465,0.6654284000396729,0.46875429153442383,-0.041776176542043686,0.6502525210380554,0.5292126536369324,-0.04995238780975342,0.6324667930603027,0.5740562081336975,-0.05833117663860321,0.7067174911499023,0.456037700176239,-0.08298002928495407,0.6793751120567322,0.5491467714309692,-0.1004365012049675,0.6593813896179199,0.5882855653762817,-0.10029611736536026,0.6439710259437561,0.6116294860839844,-0.09690047800540924,0.7448294162750244,0.4791658818721771,-0.07330167293548584,0.7039542198181152,0.5730795860290527,-0.08747157454490662,0.6786116361618042,0.5896900296211243,-0.0793660506606102,0.6674474477767944,0.5844244360923767,-0.07296475768089294,0.7716271877288818,0.49964001774787903,-0.06093358248472214,0.7281471490859985,0.5893348455429077,-0.06805016845464706,0.705562949180603,0.5858592987060547,-0.05600746348500252,0.6989313364028931,0.566845715045929,-0.0480671189725399,0.7869442701339722,0.5172975063323975,-0.04968603327870369,0.7519217729568481,0.5820375680923462,-0.05548231676220894,0.7290294766426086,0.5809820890426636,-0.050105005502700806,0.7202370166778564,0.5697715878486633,-0.045855771750211716,Left,0.9950870871543884
14357,243,1,0.31648188829421997,0.4230574667453766,2.7603962848843366e-07,0.3670543134212494,0.39925259351730347,-0.0224751066416502,0.4098810851573944,0.42642301321029663,-0.03601206839084625,0.4310745298862457,0.4772859513759613,-0.04277881607413292,0.43798282742500305,0.5139287114143372,-0.04976308345794678,0.3732490837574005,0.44445568323135376,-0.06947252154350281,0.42946550250053406,0.5014582276344299,-0.09161662310361862,0.4606485962867737,0.5374644994735718,-0.09929078072309494,0.48561960458755493,0.5654627084732056,-0.10272981226444244,0.3494161367416382,0.48114317655563354,-0.06546998023986816,0.40614280104637146,0.5366937518119812,-0.08924765139818192,0.44530948996543884,0.5728750228881836,-0.09753165394067764,0.4752199649810791,0.5982528328895569,-0.1023893728852272,0.3347313702106476,0.5100448727607727,-0.06001671031117439,0.3771674633026123,0.5625210404396057,-0.08236230909824371,0.41183626651763916,0.5963636636734009,-0.09432437270879745,0.4392755925655365,0.616230309009552,-0.10040736943483353,0.32882049679756165,0.528581976890564,-0.05449243634939194,0.3518050014972687,0.5754354000091553,-0.07472069561481476,0.3722987771034241,0.6045451164245605,-0.08569913357496262,0.3910423517227173,0.6248286962509155,-0.09180804342031479,Right,0.996975302696228
14399,244,0,0.7629208564758301,0.41896504163742065,4.780079052579822e-07,0.7057623267173767,0.4169994592666626,-0.026738464832305908,0.6664120554924011,0.4718366265296936,-0.04472620040178299,0.6508462429046631,0.5312694311141968,-0.05340859666466713,0.6313996315002441,0.5756365656852722,-0.06227369233965874,0.7093486189842224,0.4576742351055145,-0.08553168922662735,0.6831396818161011,0.5485303401947021,-0.1037176325917244,0.6616520881652832,0.58915114402771,-0.103519007563591,0.6441327333450317,0.6154000759124756,-0.10008580982685089,0.7469870448112488,0.48052284121513367,-0.07524427771568298,0.7066779732704163,0.5729597210884094,-0.08948162943124771,0.6794233918190002,0.5934270620346069,-0.08087681978940964,0.6646410822868347,0.592261552810669,-0.07425912469625473,0.7733020782470703,0.5010250210762024,-0.06254114210605621,0.7294644117355347,0.58739173412323,-0.0700598955154419,0.7042412161827087,0.5890311002731323,-0.05830693244934082,0.6928167343139648,0.5767685770988464,-0.0507444366812706,0.7878151535987854,0.5189440250396729,-0.05116238817572594,0.7519286870956421,0.5828144550323486,-0.057261236011981964,0.7271171808242798,0.5851699709892273,-0.05216631293296814,0.7150217890739441,0.5782054662704468,-0.04826783016324043,Left,0.9916665554046631
14399,244,1,0.3182718753814697,0.42142820358276367,2.900430047247937e-07,0.3685927093029022,0.39817148447036743,-0.022951465100049973,0.41118529438972473,0.4264298975467682,-0.03712178021669388,0.43191054463386536,0.47761934995651245,-0.044244006276130676,0.43820542097091675,0.5146080851554871,-0.051548607647418976,0.37401139736175537,0.4414704442024231,-0.07228250056505203,0.4295467138290405,0.5013848543167114,-0.09461124986410141,0.459921658039093,0.5383327603340149,-0.10174364596605301,0.4841221868991852,0.5666855573654175,-0.10485394299030304,0.3493884205818176,0.47753846645355225,-0.06800730526447296,0.4060951769351959,0.5361264944076538,-0.09206518530845642,0.4442959725856781,0.5724294781684875,-0.09961985051631927,0.4733182191848755,0.5974752902984619,-0.10409501940011978,0.3339027762413025,0.5062103867530823,-0.06221695616841316,0.3777041733264923,0.5612934827804565,-0.08475693315267563,0.4115890860557556,0.5955549478530884,-0.09626845270395279,0.4386720657348633,0.6157124638557434,-0.1022338718175888,0.3273099958896637,0.5246252417564392,-0.05637245625257492,0.35050058364868164,0.5733641982078552,-0.07728972285985947,0.37064191699028015,0.6031768918037415,-0.08882565796375275,0.3894546627998352,0.6241207122802734,-0.09547656029462814,Right,0.9962987899780273
14445,245,0,0.7675524950027466,0.42061758041381836,5.259618660602428e-07,0.7093839049339294,0.4158976078033447,-0.029961341992020607,0.6678776741027832,0.46841225028038025,-0.04945012554526329,0.6512353420257568,0.5283019542694092,-0.05875447764992714,0.6332118511199951,0.5737857818603516,-0.06798425316810608,0.7134177088737488,0.4577147960662842,-0.0910625010728836,0.6849077343940735,0.54796302318573,-0.11202847957611084,0.6621830463409424,0.5894708633422852,-0.11335068941116333,0.6435151696205139,0.6150212287902832,-0.11043120175600052,0.7513911128044128,0.48221006989479065,-0.07957876473665237,0.7113523483276367,0.5757837891578674,-0.09700024873018265,0.6832200884819031,0.5988777875900269,-0.08963841199874878,0.6662394404411316,0.5978357195854187,-0.08308149129152298,0.777140200138092,0.504447340965271,-0.06587134301662445,0.732955813407898,0.5891727209091187,-0.07562638819217682,0.7060492634773254,0.5969666838645935,-0.06516385823488235,0.6911369562149048,0.5899901390075684,-0.057923056185245514,0.7907728552818298,0.5234845876693726,-0.05371764674782753,0.7530373930931091,0.5858039259910583,-0.061187222599983215,0.7286182045936584,0.590694785118103,-0.05672980472445488,0.7157647609710693,0.5865060687065125,-0.05281131714582443,Left,0.9921790957450867
14445,245,1,0.3185209333896637,0.42190903425216675,3.05582830151252e-07,0.3687118887901306,0.39920955896377563,-0.022845681756734848,0.4111945927143097,0.42791128158569336,-0.03738195449113846,0.4321082830429077,0.47960197925567627,-0.04495968669652939,0.43889981508255005,0.5171852707862854,-0.05252428725361824,0.3753663897514343,0.44093751907348633,-0.07207103818655014,0.4311468005180359,0.5028064250946045,-0.09466267377138138,0.4618529975414276,0.5404066443443298,-0.1016271561384201,0.4859853684902191,0.56884765625,-0.10421787947416306,0.3505170941352844,0.4763981103897095,-0.06790842860937119,0.4083579182624817,0.5369359254837036,-0.09198653697967529,0.4467015862464905,0.5745987892150879,-0.0990842953324318,0.4750310778617859,0.6009243726730347,-0.1028270274400711,0.3345615863800049,0.5054853558540344,-0.06224265322089195,0.3801002502441406,0.5603682994842529,-0.08426021039485931,0.41410839557647705,0.5963655114173889,-0.09501446038484573,0.4406726062297821,0.6181133985519409,-0.10012976080179214,0.3273293375968933,0.5252378582954407,-0.05654243752360344,0.3519715666770935,0.5752579569816589,-0.07606162875890732,0.37257903814315796,0.6052880883216858,-0.08615875989198685,0.3916861116886139,0.6258881688117981,-0.09156673401594162,Right,0.9972166419029236
14488,246,0,0.767684280872345,0.42051345109939575,5.339886115507397e-07,0.7093402147293091,0.4160453677177429,-0.029562942683696747,0.6679807305335999,0.4702654778957367,-0.04898491129279137,0.6507562398910522,0.5307505130767822,-0.058251574635505676,0.6317717432975769,0.5743699669837952,-0.06723327189683914,0.7136655449867249,0.45940157771110535,-0.09130308777093887,0.6831919550895691,0.5504244565963745,-0.11184105277061462,0.6595764756202698,0.5896775126457214,-0.1123245507478714,0.6403809189796448,0.6125403046607971,-0.10891877114772797,0.7523261308670044,0.48315882682800293,-0.07981613278388977,0.7115885615348816,0.5782204270362854,-0.09766516089439392,0.6825732588768005,0.5977270007133484,-0.08960556238889694,0.6657556891441345,0.593749463558197,-0.0823582112789154,0.778358519077301,0.5046456456184387,-0.06600651890039444,0.7341971397399902,0.5912562608718872,-0.07608060538768768,0.7068135142326355,0.5940032601356506,-0.06455272436141968,0.6926674842834473,0.5835347771644592,-0.056470926851034164,0.7920952439308167,0.5229569673538208,-0.05373314395546913,0.7540246844291687,0.5836793184280396,-0.06155382841825485,0.7292369604110718,0.5857781767845154,-0.056972406804561615,0.7166908383369446,0.5801674723625183,-0.05289637669920921,Left,0.9917951226234436
14488,246,1,0.32013219594955444,0.4210169315338135,3.132500125957449e-07,0.36975952982902527,0.3990478515625,-0.022207872942090034,0.4112747013568878,0.428909033536911,-0.03661995381116867,0.43167299032211304,0.4808165431022644,-0.044178307056427,0.4387784004211426,0.5179684162139893,-0.05187942832708359,0.3766079545021057,0.4402618408203125,-0.07241823524236679,0.43219324946403503,0.5030919909477234,-0.09516162425279617,0.46293601393699646,0.5409480333328247,-0.10230877250432968,0.48727932572364807,0.5693386197090149,-0.10512703657150269,0.3516952097415924,0.4756004214286804,-0.06857610493898392,0.40960693359375,0.5366977453231812,-0.09245627373456955,0.4484514594078064,0.5732029676437378,-0.0994800329208374,0.47748011350631714,0.5988298654556274,-0.10338599979877472,0.3353281319141388,0.5045689344406128,-0.06315117329359055,0.3805222809314728,0.560581386089325,-0.08501159399747849,0.41488751769065857,0.5959928631782532,-0.09589417278766632,0.4419689178466797,0.617275595664978,-0.10138364136219025,0.32745736837387085,0.5240804553031921,-0.057644281536340714,0.3508935868740082,0.5751148462295532,-0.07739118486642838,0.3708432912826538,0.605435848236084,-0.08786347508430481,0.38965538144111633,0.6263790130615234,-0.0937354639172554,Right,0.9959533214569092
14532,247,0,0.7681737542152405,0.4211132228374481,5.433610681393475e-07,0.7101328372955322,0.4172694981098175,-0.02906450256705284,0.6680562496185303,0.47164130210876465,-0.0493159182369709,0.6501498818397522,0.5333313941955566,-0.059730127453804016,0.630775511264801,0.5773675441741943,-0.06982509791851044,0.7144830226898193,0.4565034806728363,-0.09173998981714249,0.6823371648788452,0.5446861982345581,-0.11448057740926743,0.6556808352470398,0.5827224254608154,-0.11629042029380798,0.6337375640869141,0.6023857593536377,-0.11351800709962845,0.7530251145362854,0.4805016815662384,-0.08136656880378723,0.7111142873764038,0.5778056383132935,-0.10258027166128159,0.6805928945541382,0.5954612493515015,-0.0963749885559082,0.6638422608375549,0.5868242979049683,-0.08969983458518982,0.7784990668296814,0.5027799606323242,-0.06853467226028442,0.7337222099304199,0.5921130180358887,-0.08145727217197418,0.7053593397140503,0.5946508646011353,-0.07061929255723953,0.6921795010566711,0.580798864364624,-0.06225007772445679,0.7920143604278564,0.5217258930206299,-0.05703876167535782,0.753330409526825,0.5844933390617371,-0.0665312260389328,0.7289858460426331,0.5858123302459717,-0.06204055994749069,0.7177298069000244,0.5771512389183044,-0.05759647116065025,Left,0.9918473958969116
14532,247,1,0.3194641172885895,0.42095276713371277,3.031391031527164e-07,0.3695652484893799,0.39915263652801514,-0.021029498428106308,0.41137588024139404,0.4292494058609009,-0.03476983681321144,0.4316573441028595,0.4811558723449707,-0.041983362287282944,0.4383990168571472,0.5188038349151611,-0.04932011663913727,0.3783719539642334,0.4416542947292328,-0.06961356848478317,0.43307772278785706,0.5042803287506104,-0.09162331372499466,0.46349433064460754,0.54176926612854,-0.09832286089658737,0.4871637523174286,0.5696220397949219,-0.10084526985883713,0.35282430052757263,0.4761793315410614,-0.066366046667099,0.4100002646446228,0.5375035405158997,-0.08976008743047714,0.4485367238521576,0.5738213658332825,-0.09656902402639389,0.476858526468277,0.5987605452537537,-0.10025661438703537,0.33557644486427307,0.5043241381645203,-0.0616329051554203,0.3805527091026306,0.5605684518814087,-0.0834527537226677,0.41518616676330566,0.5959639549255371,-0.09463158994913101,0.44199904799461365,0.6168490648269653,-0.10024131089448929,0.32690104842185974,0.5235859155654907,-0.05668002739548683,0.3506447374820709,0.5745823383331299,-0.07660755515098572,0.3709380030632019,0.6051879525184631,-0.08741090446710587,0.38965606689453125,0.626108705997467,-0.09346207231283188,Right,0.9960164427757263
14575,248,0,0.7728912830352783,0.4221462607383728,5.355808525564498e-07,0.7167503833770752,0.4129736125469208,-0.02908976562321186,0.6717309355735779,0.46232715249061584,-0.04867670685052872,0.6493189930915833,0.5236765146255493,-0.05865069106221199,0.6346853971481323,0.5710166692733765,-0.06834353506565094,0.7158685326576233,0.4537885785102844,-0.08897361904382706,0.6762301325798035,0.5389021635055542,-0.11062219738960266,0.6497284770011902,0.5771411657333374,-0.11202972382307053,0.6296902894973755,0.5979191064834595,-0.109015092253685,0.752824068069458,0.4793270230293274,-0.07840987294912338,0.7075799703598022,0.5741986036300659,-0.09921642392873764,0.676313579082489,0.5948968529701233,-0.09418832510709763,0.6591562032699585,0.5890873074531555,-0.08825480937957764,0.7773143649101257,0.5024987459182739,-0.06541059911251068,0.7302519679069519,0.5908426642417908,-0.07879128307104111,0.7008558511734009,0.595190167427063,-0.07017397880554199,0.6871309280395508,0.5817273855209351,-0.06303911656141281,0.7895280122756958,0.5216904282569885,-0.0535908080637455,0.7499856352806091,0.5846797823905945,-0.06397491693496704,0.7241334915161133,0.5872273445129395,-0.06087624281644821,0.7112405896186829,0.5778362154960632,-0.05711246281862259,Left,0.9963400363922119
14575,248,1,0.3190755248069763,0.42018771171569824,3.141260833672277e-07,0.3686269521713257,0.39990290999412537,-0.019942335784435272,0.41024523973464966,0.42987385392189026,-0.033715348690748215,0.43081095814704895,0.4808274209499359,-0.041298720985651016,0.43780237436294556,0.5180169343948364,-0.04905139282345772,0.3794613480567932,0.4418874680995941,-0.06854777038097382,0.43361541628837585,0.5044304728507996,-0.09089796245098114,0.4642323851585388,0.5418177843093872,-0.09807911515235901,0.4879017472267151,0.5698924660682678,-0.10084942728281021,0.3537766635417938,0.4755975902080536,-0.06606140732765198,0.41058406233787537,0.5374261140823364,-0.08948036283254623,0.449370801448822,0.5737597346305847,-0.09635502099990845,0.4778953194618225,0.599376380443573,-0.10001223534345627,0.3360132575035095,0.5033891201019287,-0.062034621834754944,0.3810245990753174,0.5606178045272827,-0.08338646590709686,0.4157746732234955,0.596018373966217,-0.09402456879615784,0.44309043884277344,0.6173805594444275,-0.09928812086582184,0.32651856541633606,0.5225958824157715,-0.0577826127409935,0.3499535024166107,0.5748198628425598,-0.07689480483531952,0.3703160881996155,0.6053679585456848,-0.08686597645282745,0.38947224617004395,0.6265371441841125,-0.09234163910150528,Right,0.995487630367279
14616,249,0,0.7687951326370239,0.42577746510505676,5.174186412659765e-07,0.7132553458213806,0.4161679446697235,-0.027767330408096313,0.6688191294670105,0.4669487476348877,-0.047113604843616486,0.6485061645507812,0.5288747549057007,-0.05669635161757469,0.6376825571060181,0.5777385830879211,-0.06597109138965607,0.7153962254524231,0.44767892360687256,-0.09297652542591095,0.6768807172775269,0.5371707081794739,-0.11439534276723862,0.6501949429512024,0.5763312578201294,-0.1145065501332283,0.630384624004364,0.6004926562309265,-0.11069049686193466,0.7523648142814636,0.4750159978866577,-0.08317543566226959,0.7067447900772095,0.5717511773109436,-0.1044953316450119,0.6765090823173523,0.5879160761833191,-0.09726589173078537,0.6622957587242126,0.580318033695221,-0.08982663601636887,0.777003288269043,0.5002446174621582,-0.07051216065883636,0.7275657653808594,0.5883023142814636,-0.08307481557130814,0.6996687650680542,0.5871027708053589,-0.07038109004497528,0.6889486312866211,0.5719073414802551,-0.06047448888421059,0.7897945046424866,0.5215926766395569,-0.05908576771616936,0.7487938404083252,0.5860645771026611,-0.06691699475049973,0.7231147289276123,0.5857256650924683,-0.06038089841604233,0.7119696736335754,0.574695348739624,-0.054645441472530365,Left,0.9953889846801758
14616,249,1,0.3185034692287445,0.4191085398197174,3.1926126098369423e-07,0.36862796545028687,0.40066567063331604,-0.018578635528683662,0.41001078486442566,0.43108245730400085,-0.03195877745747566,0.43088406324386597,0.4815066456794739,-0.03945012763142586,0.438179075717926,0.5187340378761292,-0.04719805344939232,0.38114896416664124,0.44205141067504883,-0.06724883615970612,0.4339529275894165,0.5043449997901917,-0.08964909613132477,0.4639286994934082,0.5419692993164062,-0.09694034606218338,0.4868377447128296,0.5704387426376343,-0.09980431944131851,0.35488346219062805,0.4753638505935669,-0.06547567248344421,0.4106682538986206,0.537261426448822,-0.08908437937498093,0.4487133026123047,0.5736535787582397,-0.09606999903917313,0.4768242835998535,0.5997143983840942,-0.0998024195432663,0.3362008035182953,0.5027661323547363,-0.06210704892873764,0.38068148493766785,0.5603774189949036,-0.08364184945821762,0.4153260886669159,0.5959296226501465,-0.09446006268262863,0.4427095949649811,0.6176083087921143,-0.0998535007238388,0.3257202208042145,0.5219433307647705,-0.058376751840114594,0.3490752577781677,0.5744955539703369,-0.07767253369092941,0.3697887361049652,0.6052320003509521,-0.08795709162950516,0.3892824351787567,0.6267040967941284,-0.09370584785938263,Right,0.9952458143234253
14660,250,0,0.7690582275390625,0.42659997940063477,5.001448357688787e-07,0.7141509056091309,0.41608142852783203,-0.026879731565713882,0.6698322296142578,0.46682441234588623,-0.04519316554069519,0.6468375325202942,0.5272708535194397,-0.054265182465314865,0.6314687728881836,0.5754526853561401,-0.06306517869234085,0.7136567831039429,0.4440866708755493,-0.0888688862323761,0.6746004223823547,0.5317261815071106,-0.10841301828622818,0.6501621603965759,0.5736860632896423,-0.10760871320962906,0.632090151309967,0.6015851497650146,-0.10370093584060669,0.7501075863838196,0.4716441035270691,-0.07952354103326797,0.704197883605957,0.5643409490585327,-0.09908748418092728,0.6748659014701843,0.5849748849868774,-0.09221404045820236,0.6603348851203918,0.5819034576416016,-0.08564845472574234,0.7753598690032959,0.4973722994327545,-0.06752105802297592,0.7255682945251465,0.5839640498161316,-0.07955192774534225,0.6972740888595581,0.5852744579315186,-0.06869050860404968,0.685265839099884,0.5708624124526978,-0.060459401458501816,0.7883742451667786,0.5196483135223389,-0.056656986474990845,0.7477168440818787,0.5833677649497986,-0.0654279813170433,0.7216376066207886,0.5835597515106201,-0.06086103245615959,0.7091385722160339,0.5720053911209106,-0.05670418590307236,Left,0.997208833694458
14660,250,1,0.31783878803253174,0.41977161169052124,3.2639832170389127e-07,0.3681836724281311,0.40123841166496277,-0.017975350841879845,0.4101073145866394,0.4311937093734741,-0.031068773940205574,0.431484192609787,0.4813191294670105,-0.03840667009353638,0.4387229084968567,0.5183179974555969,-0.045967213809490204,0.38137325644493103,0.44202345609664917,-0.06636305153369904,0.4341123402118683,0.5039981007575989,-0.08839160948991776,0.4640403985977173,0.5418645143508911,-0.09543663263320923,0.4866301119327545,0.570273220539093,-0.09810841828584671,0.35495373606681824,0.4756034016609192,-0.06478587538003922,0.4102376401424408,0.5377325415611267,-0.08804727345705032,0.4484437108039856,0.5743561387062073,-0.09473446011543274,0.4765509366989136,0.6000045537948608,-0.09823370724916458,0.33604270219802856,0.5034405589103699,-0.06159777194261551,0.3800053298473358,0.5609740018844604,-0.08261407911777496,0.4149763286113739,0.5966671109199524,-0.09314624965190887,0.4425448775291443,0.6181129813194275,-0.09838958829641342,0.3252689838409424,0.523065984249115,-0.05804067105054855,0.3482593595981598,0.5757034420967102,-0.07684170454740524,0.3692961633205414,0.6064102649688721,-0.08688924461603165,0.3890894651412964,0.6276213526725769,-0.09249070286750793,Right,0.9945586919784546
14704,251,0,0.7665879130363464,0.4278132915496826,4.64032979152762e-07,0.7114803194999695,0.4173675775527954,-0.025188591331243515,0.666801929473877,0.46637049317359924,-0.04376242682337761,0.6449637413024902,0.526341438293457,-0.053255558013916016,0.6301277279853821,0.5777852535247803,-0.06285299360752106,0.7124451994895935,0.44162118434906006,-0.09050560742616653,0.674592137336731,0.5313941240310669,-0.1095549538731575,0.650316596031189,0.5728223919868469,-0.10825058072805405,0.6327497363090515,0.6013615727424622,-0.10402549058198929,0.7491652369499207,0.46815717220306396,-0.08222801983356476,0.7029021978378296,0.5613599419593811,-0.09957229346036911,0.6756448745727539,0.5822809934616089,-0.09068679809570312,0.6639196276664734,0.5813684463500977,-0.08343849331140518,0.7749926447868347,0.4931507706642151,-0.07104551792144775,0.7259726524353027,0.5796272158622742,-0.08063141256570816,0.6994941830635071,0.5812908411026001,-0.06726020574569702,0.6890936493873596,0.5683454275131226,-0.057986781001091,0.7888787984848022,0.514593243598938,-0.06099071353673935,0.7487514615058899,0.5797165036201477,-0.06753092259168625,0.7229484915733337,0.5785134434700012,-0.060777079313993454,0.7114143371582031,0.5660114884376526,-0.05553191900253296,Left,0.997736394405365
14704,251,1,0.31634002923965454,0.4205806255340576,3.3914329833351076e-07,0.36724159121513367,0.4024670720100403,-0.01653844118118286,0.4097733497619629,0.4332195818424225,-0.029031919315457344,0.4313599467277527,0.4832470118999481,-0.036116790026426315,0.4390854835510254,0.5198685526847839,-0.0435507707297802,0.38311681151390076,0.44327035546302795,-0.06429969519376755,0.43487876653671265,0.5033312439918518,-0.08611413836479187,0.46501538157463074,0.5410922169685364,-0.0935906395316124,0.48767077922821045,0.5692697167396545,-0.09662113338708878,0.3565344512462616,0.477043479681015,-0.06353306025266647,0.4102434515953064,0.5393436551094055,-0.08626846224069595,0.4479467272758484,0.5765151381492615,-0.09297844022512436,0.475773423910141,0.6022734045982361,-0.09649946540594101,0.33688750863075256,0.5046495795249939,-0.061085864901542664,0.37981095910072327,0.5626639127731323,-0.08126024156808853,0.41456863284111023,0.5981584787368774,-0.09124912321567535,0.44204506278038025,0.6189673542976379,-0.09622401744127274,0.32521089911460876,0.5237149000167847,-0.05821281671524048,0.34786146879196167,0.577278733253479,-0.07602939754724503,0.3687896728515625,0.6081497669219971,-0.08523653447628021,0.3883665204048157,0.629150390625,-0.09025382250547409,Right,0.994495153427124
14746,252,0,0.7644413113594055,0.42995521426200867,5.005327352591848e-07,0.710403561592102,0.4194880723953247,-0.025883931666612625,0.6639690399169922,0.462754487991333,-0.04612686485052109,0.6405970454216003,0.5195218920707703,-0.05730057135224342,0.6298316121101379,0.569963276386261,-0.06887964904308319,0.7128444314002991,0.4397563636302948,-0.0947687178850174,0.6729896068572998,0.5287381410598755,-0.1162986010313034,0.6461203694343567,0.5700851678848267,-0.11713758111000061,0.6269456744194031,0.5972804427146912,-0.1140693947672844,0.7493664622306824,0.4657320976257324,-0.08697044849395752,0.7044552564620972,0.5569227337837219,-0.10739424079656601,0.6738635301589966,0.5798011422157288,-0.10083858668804169,0.6596250534057617,0.5783098936080933,-0.09494543820619583,0.7748934626579285,0.49119868874549866,-0.07614251226186752,0.726719856262207,0.5769679546356201,-0.0881095677614212,0.6972566843032837,0.5822394490242004,-0.07731754332780838,0.684658408164978,0.569003164768219,-0.06947042047977448,0.7881900072097778,0.5137724876403809,-0.06639698892831802,0.7486158013343811,0.577552080154419,-0.07514497637748718,0.7205893993377686,0.5800803303718567,-0.07059311866760254,0.7069780826568604,0.5689114928245544,-0.06655491143465042,Left,0.9984920024871826
14746,252,1,0.30987846851348877,0.4266119599342346,3.143583171549835e-07,0.3603489398956299,0.4024601876735687,-0.01981777884066105,0.4049665331840515,0.42953044176101685,-0.03298564255237579,0.43094152212142944,0.47876495122909546,-0.03976090997457504,0.4431166350841522,0.5146511197090149,-0.04650827869772911,0.3710069954395294,0.4451332688331604,-0.06799576431512833,0.4301551878452301,0.4993867874145508,-0.09006179124116898,0.46380096673965454,0.5334377288818359,-0.09719476848840714,0.4899921417236328,0.5593218207359314,-0.10014180094003677,0.3472861647605896,0.48510241508483887,-0.06501515209674835,0.4063144326210022,0.5433352589607239,-0.08743824064731598,0.44453907012939453,0.5776003003120422,-0.09340717643499374,0.4731487035751343,0.6018919348716736,-0.09644922614097595,0.3316204249858856,0.5160096287727356,-0.060499683022499084,0.3781767785549164,0.5693721771240234,-0.08016867190599442,0.41343748569488525,0.6001483201980591,-0.0888630598783493,0.44166290760040283,0.6184405088424683,-0.0931515023112297,0.3241391181945801,0.5356838703155518,-0.055955689400434494,0.3464847207069397,0.5835953950881958,-0.07344814389944077,0.3673105537891388,0.6102138757705688,-0.08220289647579193,0.3873433768749237,0.6285357475280762,-0.08696246147155762,Right,0.9962085485458374
14790,253,0,0.7646809816360474,0.43255379796028137,5.226581833994715e-07,0.7112836837768555,0.419230580329895,-0.026773253455758095,0.66359543800354,0.46108853816986084,-0.0478118360042572,0.6397944092750549,0.516416072845459,-0.05939088016748428,0.6308064460754395,0.5643091201782227,-0.07116419821977615,0.7153115272521973,0.43577840924263,-0.09845460206270218,0.672519326210022,0.523564875125885,-0.12080065160989761,0.6445071697235107,0.565627932548523,-0.12118111550807953,0.6244547367095947,0.5930871963500977,-0.1178220883011818,0.7513079047203064,0.4646282196044922,-0.09049134701490402,0.7032450437545776,0.5562627911567688,-0.11300212889909744,0.6731736660003662,0.5768157243728638,-0.1063302755355835,0.6598713994026184,0.571547269821167,-0.09971728920936584,0.7760418057441711,0.4924882650375366,-0.07936672866344452,0.7248286008834839,0.5768991112709045,-0.09254784882068634,0.6946266293525696,0.5826150178909302,-0.08168508857488632,0.680795431137085,0.5698438882827759,-0.07360092550516129,0.7884392142295837,0.516656219959259,-0.06933090090751648,0.7475970387458801,0.5782500505447388,-0.07868125289678574,0.7193285226821899,0.5814363956451416,-0.07451040297746658,0.7048488855361938,0.5708373188972473,-0.07076653093099594,Left,0.9978469014167786
14790,253,1,0.30788537859916687,0.4272380471229553,2.7688457748809014e-07,0.35616129636764526,0.4043523371219635,-0.020134763792157173,0.40135735273361206,0.42646586894989014,-0.03379221260547638,0.4300840198993683,0.4716983437538147,-0.04085467755794525,0.44477128982543945,0.5075225830078125,-0.047737810760736465,0.369619756937027,0.4468974769115448,-0.06908448040485382,0.4291283190250397,0.49632006883621216,-0.09165186434984207,0.46423810720443726,0.526668131351471,-0.09898076206445694,0.49109983444213867,0.5498442649841309,-0.10202924907207489,0.3458186984062195,0.4876357316970825,-0.06589662283658981,0.4033883512020111,0.5455120801925659,-0.089499831199646,0.4424593150615692,0.579660177230835,-0.09635025262832642,0.47121912240982056,0.6023120880126953,-0.09993206709623337,0.3306193947792053,0.5183457732200623,-0.06114468351006508,0.3757287263870239,0.5718668103218079,-0.08281854540109634,0.41189953684806824,0.6021783947944641,-0.09298212081193924,0.4408794641494751,0.6181707978248596,-0.09774143248796463,0.32397720217704773,0.5357751250267029,-0.056063100695610046,0.34520334005355835,0.5852157473564148,-0.07518962025642395,0.36700597405433655,0.6123044490814209,-0.08512524515390396,0.38795149326324463,0.6289547085762024,-0.0904022753238678,Right,0.9960678815841675
14834,254,0,0.7631971836090088,0.4334563612937927,5.442544761535828e-07,0.7107033729553223,0.42064931988716125,-0.027581097558140755,0.6641729474067688,0.4589930474758148,-0.049911681562662125,0.6409527063369751,0.5108140110969543,-0.0625830888748169,0.6332693696022034,0.556283175945282,-0.07548557966947556,0.7179905772209167,0.43068891763687134,-0.1023685485124588,0.6749264001846313,0.5139027833938599,-0.12796270847320557,0.6448845267295837,0.5574178099632263,-0.1311977207660675,0.6230701208114624,0.5863451957702637,-0.12958569824695587,0.7534950375556946,0.4607473611831665,-0.09466132521629333,0.7045782208442688,0.5486947298049927,-0.12170025706291199,0.672773540019989,0.5742285251617432,-0.1175846979022026,0.6582663655281067,0.5719942450523376,-0.11200972646474838,0.7764732241630554,0.49113714694976807,-0.08364860713481903,0.7241581082344055,0.5715648531913757,-0.10022199153900146,0.6925369501113892,0.581969678401947,-0.0910009890794754,0.677882194519043,0.5718791484832764,-0.08317381143569946,0.7866975665092468,0.5177803039550781,-0.07372505962848663,0.7464833855628967,0.5763998031616211,-0.08486682921648026,0.7175628542900085,0.5816331505775452,-0.08144492655992508,0.7021411061286926,0.5728346109390259,-0.07777155190706253,Left,0.9985941648483276
14834,254,1,0.3054257929325104,0.4290032982826233,2.505008183106838e-07,0.35279545187950134,0.4044477939605713,-0.021015489473938942,0.39805153012275696,0.42342326045036316,-0.03520948439836502,0.42756813764572144,0.4664505422115326,-0.042630862444639206,0.44317078590393066,0.5022935271263123,-0.0497155487537384,0.36539506912231445,0.4477440416812897,-0.07030102610588074,0.42626839876174927,0.4935022294521332,-0.09293141961097717,0.46237677335739136,0.5211539268493652,-0.09961701184511185,0.4901239573955536,0.5427628755569458,-0.10222762078046799,0.3430866599082947,0.48919275403022766,-0.06689196079969406,0.40265750885009766,0.5443347096443176,-0.09120635688304901,0.4426685869693756,0.5772019028663635,-0.09794455766677856,0.4721384644508362,0.599770724773407,-0.10127995908260345,0.32927465438842773,0.5203297734260559,-0.06195301562547684,0.37488144636154175,0.5724990963935852,-0.0844976082444191,0.41085317730903625,0.603478193283081,-0.094728022813797,0.4397406280040741,0.6212868690490723,-0.09928616881370544,0.32359132170677185,0.5374186635017395,-0.05670449882745743,0.3450757563114166,0.5854925513267517,-0.07626071572303772,0.36648666858673096,0.612568199634552,-0.08610528707504272,0.38685259222984314,0.6293018460273743,-0.09122203290462494,Right,0.9961464405059814
14876,255,0,0.7691459655761719,0.4325806200504303,5.051769562669506e-07,0.7215871214866638,0.4135006070137024,-0.026045938953757286,0.6759161353111267,0.4387226700782776,-0.04764990881085396,0.6529884934425354,0.4852622151374817,-0.06045057624578476,0.6504141092300415,0.526554524898529,-0.07292523235082626,0.7284582257270813,0.41388577222824097,-0.09677612781524658,0.6828750967979431,0.4894360601902008,-0.12244037538766861,0.6519522070884705,0.5301699638366699,-0.1266203373670578,0.6299763917922974,0.5574761033058167,-0.12593816220760345,0.7612552046775818,0.44956183433532715,-0.08980757743120193,0.7115110754966736,0.5298213958740234,-0.11518855392932892,0.6799758076667786,0.5531874299049377,-0.11145036667585373,0.6655973196029663,0.5517969727516174,-0.1069616749882698,0.7809752225875854,0.4846543073654175,-0.07985668629407883,0.7265639305114746,0.5577656030654907,-0.09599583595991135,0.6955857872962952,0.5655409693717957,-0.08777546882629395,0.6830760836601257,0.5543213486671448,-0.08099643141031265,0.7881377935409546,0.5148566961288452,-0.07102135568857193,0.7471675872802734,0.5677136778831482,-0.08161222189664841,0.7190677523612976,0.5714525580406189,-0.07868960499763489,0.70502108335495,0.5619018077850342,-0.07577026635408401,Left,0.9960753321647644
14876,255,1,0.30180081725120544,0.4307508170604706,1.6091860288725002e-07,0.3481765389442444,0.40539732575416565,-0.026851732283830643,0.3960459530353546,0.4219735562801361,-0.042073335498571396,0.4304523766040802,0.46238288283348083,-0.04970790445804596,0.45527565479278564,0.49547478556632996,-0.05659196153283119,0.3559363782405853,0.44329750537872314,-0.07089223712682724,0.41302627325057983,0.48302161693573,-0.09349050372838974,0.45003756880760193,0.5074560046195984,-0.10065627098083496,0.47907739877700806,0.5286659002304077,-0.10437151789665222,0.3371654450893402,0.48664480447769165,-0.06481653451919556,0.39125385880470276,0.5308245420455933,-0.08855541050434113,0.43070656061172485,0.5608609318733215,-0.09558413177728653,0.4596746265888214,0.5851013660430908,-0.10043778270483017,0.32649222016334534,0.5198445916175842,-0.05822794511914253,0.36810630559921265,0.567298173904419,-0.08085843920707703,0.4020484983921051,0.5979623198509216,-0.09109341353178024,0.4295845031738281,0.6188462376594543,-0.09658555686473846,0.3232623338699341,0.5405442118644714,-0.052187059074640274,0.34354251623153687,0.5853351950645447,-0.07340580970048904,0.3637481927871704,0.610927164554596,-0.08530846983194351,0.3840925097465515,0.6284360289573669,-0.09259572625160217,Right,0.9954444766044617
14919,256,0,0.778369128704071,0.42671167850494385,5.148139621269365e-07,0.7309216260910034,0.40441766381263733,-0.02641937881708145,0.6837182641029358,0.424713134765625,-0.049902211874723434,0.6612183451652527,0.46787869930267334,-0.06423033028841019,0.658902645111084,0.5100671052932739,-0.07869310677051544,0.7373771667480469,0.4018637537956238,-0.10343757271766663,0.6921551823616028,0.47784584760665894,-0.13102276623249054,0.6606490612030029,0.5171514749526978,-0.13568395376205444,0.6376215815544128,0.5439783930778503,-0.1350494921207428,0.7691880464553833,0.43816524744033813,-0.09714469313621521,0.7199495434761047,0.5179750919342041,-0.12601351737976074,0.6846504807472229,0.5419557690620422,-0.12276864796876907,0.6666090488433838,0.5425254106521606,-0.11777706444263458,0.7881016731262207,0.472988098859787,-0.08757030963897705,0.7342905402183533,0.5456713438034058,-0.10567785054445267,0.6997749209403992,0.5558937191963196,-0.0970652624964714,0.6822932958602905,0.5469704866409302,-0.08908691257238388,0.7947326302528381,0.5028578639030457,-0.07901088148355484,0.7522399425506592,0.5548601746559143,-0.08958729356527328,0.7219914197921753,0.5613533854484558,-0.08607091754674911,0.7050331234931946,0.5541317462921143,-0.08244629949331284,Left,0.9989057183265686
14919,256,1,0.2999255657196045,0.4277861714363098,1.8292639936134947e-07,0.34269168972969055,0.402596652507782,-0.03229479491710663,0.3897213935852051,0.41690194606781006,-0.05126618221402168,0.4253305494785309,0.45352286100387573,-0.061420515179634094,0.4522955119609833,0.48621049523353577,-0.07085009664297104,0.3467779755592346,0.4362185299396515,-0.08202511817216873,0.400302529335022,0.4762149155139923,-0.10895124822854996,0.43701836466789246,0.5025880336761475,-0.11924146860837936,0.46637260913848877,0.5257847309112549,-0.12514685094356537,0.3278399705886841,0.4793038070201874,-0.07370365411043167,0.3779892027378082,0.5212351679801941,-0.10060589015483856,0.4182499349117279,0.5512287020683289,-0.10841065645217896,0.44868338108062744,0.577256441116333,-0.11415665596723557,0.3179967403411865,0.512454092502594,-0.0651085153222084,0.35713350772857666,0.5566233396530151,-0.0892079770565033,0.3914751708507538,0.5876169800758362,-0.09883400052785873,0.41908809542655945,0.6098371744155884,-0.10427074879407883,0.31577056646347046,0.5331758856773376,-0.05755852162837982,0.3358428478240967,0.5767692923545837,-0.08038847148418427,0.3566422164440155,0.6019623279571533,-0.09305034577846527,0.37745797634124756,0.6203497052192688,-0.10108426958322525,Right,0.9945039749145508
14963,257,0,0.7786932587623596,0.43003377318382263,3.7149229115129856e-07,0.7352425456047058,0.4055652320384979,-0.02155759558081627,0.6890722513198853,0.4150676727294922,-0.04058575630187988,0.6677337884902954,0.4533475637435913,-0.05114031210541725,0.6664626598358154,0.4905944764614105,-0.062443383038043976,0.7459055185317993,0.3955446481704712,-0.09046772122383118,0.7038783431053162,0.46601784229278564,-0.1135101243853569,0.674557089805603,0.5057283639907837,-0.11831019073724747,0.6528791785240173,0.531770646572113,-0.11829988658428192,0.7797093987464905,0.4296516180038452,-0.08537845313549042,0.7299124598503113,0.5033003091812134,-0.10864205658435822,0.6953787207603455,0.5332924127578735,-0.10582448542118073,0.6763577461242676,0.5428324937820435,-0.102094367146492,0.7986503839492798,0.4625105559825897,-0.0769549161195755,0.7460640668869019,0.5316159725189209,-0.09122946858406067,0.7122595906257629,0.5493193864822388,-0.08350590616464615,0.6939780116081238,0.5463024377822876,-0.07615610212087631,0.805396318435669,0.49039286375045776,-0.06909514963626862,0.7619326114654541,0.542231023311615,-0.0753173977136612,0.73447585105896,0.5525782108306885,-0.06944544613361359,0.7185693383216858,0.5480460524559021,-0.064421646296978,Left,0.9998148679733276
14963,257,1,0.29675447940826416,0.42169633507728577,1.5164332012318482e-07,0.3369748592376709,0.40230652689933777,-0.030651880428195,0.3804054856300354,0.4148578643798828,-0.0497196726500988,0.414604127407074,0.44767358899116516,-0.06041131541132927,0.43824413418769836,0.481525182723999,-0.07031012326478958,0.3380003869533539,0.42475757002830505,-0.08047615736722946,0.38925135135650635,0.46781399846076965,-0.10692814737558365,0.42487749457359314,0.49703991413116455,-0.11636391282081604,0.451854407787323,0.522409975528717,-0.12118807435035706,0.3187125027179718,0.4690674841403961,-0.07245031744241714,0.3669646978378296,0.5135319828987122,-0.09837615489959717,0.4067062735557556,0.5456724762916565,-0.10466670989990234,0.4352445602416992,0.5717796683311462,-0.10911373049020767,0.3096112012863159,0.5050208568572998,-0.06406132876873016,0.3477434813976288,0.5491841435432434,-0.08707547932863235,0.38173314929008484,0.5803597569465637,-0.0955246239900589,0.40902772545814514,0.6008010506629944,-0.09990118443965912,0.3089403808116913,0.5283359885215759,-0.056652091443538666,0.3260224163532257,0.5692186951637268,-0.0777367576956749,0.34514153003692627,0.5940415263175964,-0.0891396701335907,0.3650437891483307,0.6109882593154907,-0.09613876789808273,Right,0.9956984519958496
15005,258,0,0.8187593817710876,0.4148564636707306,-1.4256495717290818e-07,0.7664280533790588,0.39779967069625854,-0.01586596481502056,0.7180894613265991,0.4124406576156616,-0.033580146729946136,0.683683454990387,0.4550284743309021,-0.04677772521972656,0.6647642850875854,0.4970816969871521,-0.06230252608656883,0.7551108598709106,0.3824424147605896,-0.061914779245853424,0.7126076817512512,0.4474344551563263,-0.08470039069652557,0.6852769255638123,0.491243839263916,-0.09714394807815552,0.6658870577812195,0.5195311903953552,-0.10431195050477982,0.7877025008201599,0.409715861082077,-0.062499526888132095,0.7400485873222351,0.4823428690433502,-0.08363500982522964,0.7039813995361328,0.5196295380592346,-0.08890490233898163,0.6799370050430298,0.5399313569068909,-0.09378506988286972,0.8092417120933533,0.44133731722831726,-0.06125292554497719,0.7600002884864807,0.5122004151344299,-0.07856234163045883,0.7256702780723572,0.5384973287582397,-0.07592108100652695,0.7045971155166626,0.548965334892273,-0.07298186421394348,0.8215661644935608,0.47223934531211853,-0.060203228145837784,0.7782975435256958,0.5236948728561401,-0.0729154646396637,0.7490159869194031,0.5408178567886353,-0.07046229392290115,0.7306441068649292,0.5463805198669434,-0.06757228821516037,Left,0.9917724132537842
15005,258,1,0.2907608449459076,0.4124709665775299,1.607738795428304e-07,0.33091431856155396,0.3958178460597992,-0.028646932914853096,0.3727632164955139,0.4118593633174896,-0.046695008873939514,0.40353021025657654,0.4479895830154419,-0.05638713017106056,0.4213750958442688,0.4836723208427429,-0.06516135483980179,0.3298620581626892,0.4167502522468567,-0.0790327861905098,0.3786539137363434,0.46618303656578064,-0.10382352769374847,0.41164490580558777,0.49766814708709717,-0.11171351373195648,0.43593665957450867,0.5250464677810669,-0.11559033393859863,0.3089377284049988,0.45840972661972046,-0.0710659995675087,0.3536284863948822,0.5102221369743347,-0.09548376500606537,0.388678640127182,0.5464441180229187,-0.1006251648068428,0.4137836992740631,0.5750682353973389,-0.10433965921401978,0.2989298701286316,0.49225693941116333,-0.062342606484889984,0.3307252526283264,0.5403622984886169,-0.08414334803819656,0.3593444526195526,0.5759884119033813,-0.09213638305664062,0.38269349932670593,0.5998662114143372,-0.09623509645462036,0.29836300015449524,0.5138369202613831,-0.054318953305482864,0.31009459495544434,0.5573822259902954,-0.07454956322908401,0.3241393566131592,0.5852689743041992,-0.08578617125749588,0.33961862325668335,0.6054807305335999,-0.09275143593549728,Right,0.9949826598167419
15047,259,0,0.8396037817001343,0.4019685983657837,-2.0522020349744707e-07,0.7861925363540649,0.39194193482398987,-0.01594863459467888,0.737969696521759,0.4087626338005066,-0.03136228024959564,0.7054328918457031,0.44145286083221436,-0.04295777156949043,0.689109206199646,0.4714866280555725,-0.05719126760959625,0.7593854069709778,0.3922540843486786,-0.05504605546593666,0.7294675707817078,0.45864734053611755,-0.07991417497396469,0.7105138897895813,0.5048527121543884,-0.09630347788333893,0.6942829489707947,0.5405108332633972,-0.10663304477930069,0.7930881381034851,0.40892836451530457,-0.056949809193611145,0.7611205577850342,0.4833936095237732,-0.07851661741733551,0.7346629500389099,0.5334556102752686,-0.08936091512441635,0.7143294811248779,0.5697058439254761,-0.09972254186868668,0.8195796012878418,0.43323516845703125,-0.057774774730205536,0.7870944738388062,0.5092933177947998,-0.07707774639129639,0.7582254409790039,0.5539516806602478,-0.08200764656066895,0.7358564138412476,0.58346027135849,-0.08598712086677551,0.8392348289489746,0.46379363536834717,-0.05874598026275635,0.8085610270500183,0.5216004252433777,-0.07444923371076584,0.7842684984207153,0.552686870098114,-0.07723410427570343,0.764188289642334,0.5725524425506592,-0.07930951565504074,Left,0.9873185157775879
15047,259,1,0.2894565165042877,0.4065340757369995,2.488106929376954e-07,0.3299747407436371,0.4009714722633362,-0.028892653062939644,0.3696269094944,0.4265732765197754,-0.04570494964718819,0.39633244276046753,0.46559417247772217,-0.05438960716128349,0.4099102318286896,0.504086434841156,-0.06211303547024727,0.3280908465385437,0.41508495807647705,-0.07135540246963501,0.36363673210144043,0.47059279680252075,-0.09484586864709854,0.38529646396636963,0.5083252787590027,-0.10400162637233734,0.40183770656585693,0.5412654876708984,-0.10941514372825623,0.3002905547618866,0.4441196322441101,-0.06294930726289749,0.3277101516723633,0.49894294142723083,-0.08492030203342438,0.34521374106407166,0.5425892472267151,-0.09095681458711624,0.3581131100654602,0.578050971031189,-0.09597815573215485,0.28277388215065,0.47036445140838623,-0.05445978790521622,0.29833635687828064,0.5194915533065796,-0.07631514221429825,0.31029635667800903,0.5641665458679199,-0.08547495305538177,0.3206515312194824,0.5978025794029236,-0.0906432643532753,0.27545055747032166,0.49124228954315186,-0.046679481863975525,0.27780646085739136,0.5356988906860352,-0.06806977093219757,0.2773837149143219,0.5694114565849304,-0.08016782253980637,0.2779078483581543,0.5981090068817139,-0.08801446855068207,Right,0.9871938824653625
15090,260,0,0.8304704427719116,0.41989731788635254,-7.747240715616499e-08,0.7765851020812988,0.4110249876976013,-0.019467035308480263,0.7351950407028198,0.42219647765159607,-0.03445633873343468,0.7104899883270264,0.45246583223342896,-0.04563663899898529,0.6999631524085999,0.48600566387176514,-0.05949128419160843,0.7767710089683533,0.4142707288265228,-0.055493127554655075,0.7558913230895996,0.47257399559020996,-0.0814579576253891,0.7397599816322327,0.5212548971176147,-0.09997943043708801,0.7274399399757385,0.5635395050048828,-0.1115894541144371,0.8136020302772522,0.4328291118144989,-0.05653608217835426,0.7918272018432617,0.4999712109565735,-0.07980924099683762,0.7663710713386536,0.5562220811843872,-0.09488460421562195,0.7470060586929321,0.6001366972923279,-0.10892404615879059,0.8397465348243713,0.4558463394641876,-0.05687550827860832,0.821355402469635,0.5248613357543945,-0.07748842239379883,0.7955945730209351,0.5751465559005737,-0.08737731724977493,0.7756063938140869,0.6131560802459717,-0.09526032209396362,0.8561949729919434,0.48124971985816956,-0.05792725458741188,0.8445084095001221,0.5409978032112122,-0.07397141307592392,0.827124297618866,0.5776914358139038,-0.07924728095531464,0.8126927018165588,0.6052518486976624,-0.08390688896179199,Left,0.9956388473510742
15090,260,1,0.2970229685306549,0.4112584590911865,2.8379969307934516e-07,0.3371971547603607,0.40972936153411865,-0.02742035873234272,0.37334030866622925,0.4392405152320862,-0.04339012876152992,0.3954808712005615,0.4777657091617584,-0.052418168634176254,0.4048634469509125,0.5139528512954712,-0.060726020485162735,0.33738476037979126,0.42840376496315,-0.06656836718320847,0.3607143759727478,0.4773046374320984,-0.089170902967453,0.37505456805229187,0.5139032602310181,-0.09853294491767883,0.38549864292144775,0.5475218892097473,-0.10461647063493729,0.30557405948638916,0.45376071333885193,-0.059919096529483795,0.3203161656856537,0.5025885105133057,-0.08137466013431549,0.3290953040122986,0.5426152348518372,-0.08877494931221008,0.3352106809616089,0.5777358412742615,-0.0954078882932663,0.2828587293624878,0.47654545307159424,-0.053138211369514465,0.2877160906791687,0.5157303810119629,-0.07583406567573547,0.2934023439884186,0.5541335344314575,-0.08545152842998505,0.29909175634384155,0.5855402946472168,-0.09148912876844406,0.26950258016586304,0.49450182914733887,-0.04712677747011185,0.26139888167381287,0.5330073833465576,-0.06958213448524475,0.25199151039123535,0.5584607720375061,-0.08145489543676376,0.24395962059497833,0.5807275772094727,-0.08933088928461075,Right,0.9380180239677429
15135,261,0,0.830580472946167,0.4125714898109436,-2.626400652516736e-09,0.7767746448516846,0.4201924800872803,-0.0183545034378767,0.7368736863136292,0.4397298991680145,-0.031755220144987106,0.7126383781433105,0.47263413667678833,-0.041598040610551834,0.7033416032791138,0.49091264605522156,-0.05415714159607887,0.7732015252113342,0.43592122197151184,-0.04782787337899208,0.7696336507797241,0.4819462299346924,-0.06980017572641373,0.7663173675537109,0.525757372379303,-0.08618135005235672,0.7629370093345642,0.5656518340110779,-0.09741206467151642,0.8099690675735474,0.44799908995628357,-0.04787910729646683,0.8046312928199768,0.5132148265838623,-0.06912369281053543,0.7979487180709839,0.5673351883888245,-0.08467230200767517,0.7939854264259338,0.6110636591911316,-0.0980309322476387,0.8378579616546631,0.46248871088027954,-0.04701386019587517,0.8368123769760132,0.5282430648803711,-0.06694547832012177,0.8311898708343506,0.5805469155311584,-0.07839911431074142,0.827655553817749,0.6241577863693237,-0.08691916614770889,0.8577119708061218,0.47824421525001526,-0.04644513502717018,0.8658698201179504,0.5308429002761841,-0.0625729039311409,0.8671880960464478,0.5717241764068604,-0.06882575154304504,0.8679180145263672,0.6069158911705017,-0.07351447641849518,Left,0.9988382458686829
15135,261,1,0.2972598373889923,0.4025764763355255,2.693386136343179e-07,0.33905431628227234,0.41245460510253906,-0.025422662496566772,0.37118756771087646,0.451248437166214,-0.03961966559290886,0.387772798538208,0.4943593442440033,-0.047884225845336914,0.3990912139415741,0.5241664052009583,-0.05552835389971733,0.3399311602115631,0.4480375349521637,-0.056993067264556885,0.3538990020751953,0.49339306354522705,-0.07811932265758514,0.36255648732185364,0.5276703834533691,-0.08811646699905396,0.36820629239082336,0.5616824626922607,-0.09494441002607346,0.30609655380249023,0.4669419229030609,-0.05160599574446678,0.3105529546737671,0.5119597315788269,-0.07273209095001221,0.31284862756729126,0.5498676300048828,-0.08145541697740555,0.3130198121070862,0.584959864616394,-0.08881015330553055,0.28001683950424194,0.4825141131877899,-0.046347636729478836,0.2750788927078247,0.5204886198043823,-0.07018762081861496,0.2726006805896759,0.5531597137451172,-0.07989399135112762,0.2704893946647644,0.5814281105995178,-0.08530173450708389,0.26233822107315063,0.4936966300010681,-0.04180259257555008,0.24655163288116455,0.5313360691070557,-0.06423759460449219,0.23278656601905823,0.5531808733940125,-0.0752350464463234,0.21998676657676697,0.5737066864967346,-0.0821581706404686,Right,0.8931491374969482
15179,262,0,0.8243901133537292,0.40894371271133423,4.4798451170890985e-08,0.7735814452171326,0.41852226853370667,-0.024135081097483635,0.7340109944343567,0.4561145305633545,-0.03964769095182419,0.7147245407104492,0.4999345541000366,-0.050153519958257675,0.6943760514259338,0.5180680751800537,-0.06250868737697601,0.7728917598724365,0.46679216623306274,-0.05610693618655205,0.7727429270744324,0.5074976682662964,-0.08003866672515869,0.774523138999939,0.5373414158821106,-0.09626028686761856,0.7769793272018433,0.5677998065948486,-0.10735788941383362,0.8112621903419495,0.48106876015663147,-0.052343618124723434,0.8182462453842163,0.5299479961395264,-0.07723023742437363,0.8221737742424011,0.5683525204658508,-0.09425155073404312,0.8281316757202148,0.6054439544677734,-0.10812894254922867,0.8392694592475891,0.4905267357826233,-0.0476454421877861,0.8520516157150269,0.5431846380233765,-0.07089448720216751,0.8608413934707642,0.5802516341209412,-0.08359682559967041,0.8708943128585815,0.6170305013656616,-0.09272744506597519,0.8590700626373291,0.4973362982273102,-0.04329703003168106,0.8787318468093872,0.5406237840652466,-0.06240662932395935,0.8949426412582397,0.5697495937347412,-0.07076656818389893,0.9100623726844788,0.5995967984199524,-0.07653368264436722,Left,0.995974063873291
15179,262,1,0.30271053314208984,0.39775893092155457,3.2006306582843536e-07,0.3448239862918854,0.4169600307941437,-0.027986817061901093,0.37348315119743347,0.4695538282394409,-0.041664060205221176,0.3849387764930725,0.5194217562675476,-0.048796363174915314,0.39916306734085083,0.539835512638092,-0.055681344121694565,0.34120550751686096,0.46534112095832825,-0.05615852028131485,0.3465461730957031,0.5107593536376953,-0.07567457109689713,0.3505735993385315,0.5446028113365173,-0.08551708608865738,0.3514449894428253,0.5771195888519287,-0.09272981435060501,0.3061673939228058,0.47606414556503296,-0.04943956434726715,0.3009529113769531,0.5231883525848389,-0.07083459943532944,0.2958108186721802,0.5596311092376709,-0.08186894655227661,0.2865779995918274,0.5905939340591431,-0.09127294272184372,0.2807067632675171,0.4852728843688965,-0.04300859943032265,0.2681008577346802,0.5265781283378601,-0.066749207675457,0.2582136392593384,0.5581037402153015,-0.07949309051036835,0.24604322016239166,0.5836871862411499,-0.08747468888759613,0.2632569968700409,0.4937337040901184,-0.03750774264335632,0.2401709258556366,0.5344774723052979,-0.05919516831636429,0.2210198938846588,0.5572131872177124,-0.07252080738544464,0.2015945315361023,0.5779236555099487,-0.08199971169233322,Right,0.937438428401947
15222,263,0,0.8158174753189087,0.39825135469436646,2.435874932871229e-07,0.768078088760376,0.4321407079696655,-0.023140760138630867,0.7335037589073181,0.49734246730804443,-0.03529324755072594,0.7175016403198242,0.5518313646316528,-0.04269178956747055,0.6877482533454895,0.5678645372390747,-0.05174789950251579,0.770835816860199,0.5215632915496826,-0.053497180342674255,0.7646766304969788,0.5687240958213806,-0.07373971492052078,0.7601950764656067,0.6068495512008667,-0.08600848913192749,0.7578182220458984,0.6439963579177856,-0.09537394344806671,0.8109793066978455,0.5298104882240295,-0.04905935376882553,0.8208886981010437,0.5780876874923706,-0.07153069972991943,0.8287583589553833,0.6191275715827942,-0.0842697024345398,0.8385578393936157,0.6587414741516113,-0.09427040070295334,0.8421785235404968,0.5293970704078674,-0.04392793029546738,0.860554575920105,0.5782973766326904,-0.06507552415132523,0.8746165633201599,0.611219048500061,-0.07623971998691559,0.8898642063140869,0.6410192251205444,-0.08363345265388489,0.865090012550354,0.5221937298774719,-0.03952600434422493,0.8929336071014404,0.5656208395957947,-0.05795631185173988,0.9154185056686401,0.5924897789955139,-0.06811776757240295,0.93571937084198,0.6176056265830994,-0.07442748546600342,Left,0.9791737794876099
15222,263,1,0.3018167316913605,0.41861462593078613,4.139830593885563e-07,0.34867992997169495,0.43708887696266174,-0.024328280240297318,0.3772159814834595,0.48867592215538025,-0.03612825646996498,0.3824463188648224,0.5414811968803406,-0.04233657196164131,0.3880302608013153,0.5716572999954224,-0.048172034323215485,0.33726242184638977,0.5096865296363831,-0.04448937252163887,0.3347392976284027,0.5518696904182434,-0.05998644605278969,0.33338576555252075,0.5874095559120178,-0.06997275352478027,0.32856571674346924,0.6208580732345581,-0.0782129094004631,0.301423043012619,0.5211930871009827,-0.03927662596106529,0.2898024320602417,0.5704547762870789,-0.05493413656949997,0.2786514163017273,0.6096051931381226,-0.06479882448911667,0.26466915011405945,0.6436712145805359,-0.07415427267551422,0.2764257490634918,0.5267952084541321,-0.03466467186808586,0.2576456665992737,0.5710861682891846,-0.054230060428380966,0.24055922031402588,0.6024041175842285,-0.06659606099128723,0.22291973233222961,0.6268467903137207,-0.07502074539661407,0.25785622000694275,0.5266318321228027,-0.030892198905348778,0.23067739605903625,0.5658127665519714,-0.052195366472005844,0.20777161419391632,0.5874207019805908,-0.06546590477228165,0.18595632910728455,0.6062057018280029,-0.07450772821903229,Right,0.9565060138702393
15264,264,0,0.8121333718299866,0.4150439202785492,2.2299941804249102e-07,0.7600402235984802,0.4409281313419342,-0.02401774376630783,0.7307383418083191,0.5046178102493286,-0.03505999594926834,0.71346116065979,0.5586475133895874,-0.04105331376194954,0.6855448484420776,0.5720903277397156,-0.04813331738114357,0.7698205709457397,0.5412935614585876,-0.05336827039718628,0.76149582862854,0.5959243774414062,-0.07160390913486481,0.7592567205429077,0.6362262964248657,-0.08133042603731155,0.7600201368331909,0.6722049117088318,-0.08911652117967606,0.810083270072937,0.5499145984649658,-0.048133257776498795,0.816700279712677,0.6068247556686401,-0.0691147893667221,0.8238171935081482,0.6502282619476318,-0.07902101427316666,0.8340299725532532,0.6906425952911377,-0.0868581235408783,0.8410285115242004,0.5488942861557007,-0.042701609432697296,0.856539785861969,0.6036297678947449,-0.06414980441331863,0.8666627407073975,0.6426635980606079,-0.0769200474023819,0.8782552480697632,0.6783033013343811,-0.08532778918743134,0.8619815111160278,0.5401814579963684,-0.03820529952645302,0.8914397358894348,0.5899131894111633,-0.0603230819106102,0.9153706431388855,0.6178535223007202,-0.07453186064958572,0.9371033906936646,0.6439380049705505,-0.08375120908021927,Left,0.973688542842865
15264,264,1,0.3032536804676056,0.42363250255584717,4.4119096287431603e-07,0.3524537980556488,0.4481806457042694,-0.025435568764805794,0.37848228216171265,0.5002875924110413,-0.039594195783138275,0.3806374967098236,0.554083526134491,-0.047138676047325134,0.38979554176330566,0.591372549533844,-0.05468262359499931,0.3394787013530731,0.5277386903762817,-0.05719098076224327,0.3389131426811218,0.5869389772415161,-0.07915234565734863,0.3384419083595276,0.6328176856040955,-0.09238333255052567,0.33378759026527405,0.6737998723983765,-0.10191328823566437,0.30237606167793274,0.5380250811576843,-0.0521358922123909,0.29155564308166504,0.6013001203536987,-0.07330124080181122,0.28227749466896057,0.6500986218452454,-0.08543997257947922,0.26993972063064575,0.691653847694397,-0.09595680236816406,0.2751474380493164,0.5406718254089355,-0.04708277806639671,0.2574805021286011,0.5983470678329468,-0.06942912936210632,0.2437833547592163,0.640479326248169,-0.08341260999441147,0.22885999083518982,0.6735224723815918,-0.09303556382656097,0.25500836968421936,0.5372697710990906,-0.04267716407775879,0.2257324606180191,0.5849573612213135,-0.0673779621720314,0.20268556475639343,0.6121249198913574,-0.0830058678984642,0.18148936331272125,0.6367872953414917,-0.09330882877111435,Right,0.9615585803985596
15305,265,0,0.8118889927864075,0.422691285610199,1.8434991488902597e-07,0.7597240805625916,0.44695672392845154,-0.022641172632575035,0.7300108075141907,0.5087881088256836,-0.03463485464453697,0.7136378884315491,0.5606470108032227,-0.04189636930823326,0.6844813823699951,0.5724304914474487,-0.05053366348147392,0.769212543964386,0.5447275638580322,-0.055140525102615356,0.7615941762924194,0.5980647206306458,-0.07410196214914322,0.7595121264457703,0.6369808912277222,-0.0841013714671135,0.7602440118789673,0.6731318831443787,-0.09217680990695953,0.8100447058677673,0.5525259971618652,-0.05094074085354805,0.8169564604759216,0.6088929176330566,-0.07221277803182602,0.8236379623413086,0.6510640382766724,-0.0821027159690857,0.8329658508300781,0.6926199793815613,-0.09037181735038757,0.84190434217453,0.5512837767601013,-0.046240922063589096,0.856583833694458,0.6063815951347351,-0.0677458643913269,0.867087721824646,0.644324541091919,-0.08074398338794708,0.8788372278213501,0.679340660572052,-0.08968911319971085,0.8637661933898926,0.5429924726486206,-0.04223284870386124,0.8931152820587158,0.5918887853622437,-0.06362194567918777,0.9165126085281372,0.6200335025787354,-0.07757952809333801,0.9374717473983765,0.647576093673706,-0.08712154626846313,Left,0.9795984625816345
15305,265,1,0.3054971396923065,0.428754985332489,3.5993429037262104e-07,0.3541824519634247,0.4566735625267029,-0.020745621994137764,0.3765299320220947,0.512160062789917,-0.032329414039850235,0.38022422790527344,0.5644598007202148,-0.03891496732831001,0.39146751165390015,0.5936458706855774,-0.046274151653051376,0.3403341472148895,0.5434156656265259,-0.05061797425150871,0.34172725677490234,0.6025751829147339,-0.07020788639783859,0.34087270498275757,0.6458569765090942,-0.08098746091127396,0.3356974422931671,0.6837770938873291,-0.08857373893260956,0.30433472990989685,0.5514816045761108,-0.047843996435403824,0.2942521274089813,0.6122506856918335,-0.06707724928855896,0.28444913029670715,0.6572751998901367,-0.07688910514116287,0.2721022665500641,0.693234920501709,-0.0852411761879921,0.27666667103767395,0.5504682064056396,-0.04511581361293793,0.2587435245513916,0.6076228618621826,-0.06688655912876129,0.2451876699924469,0.6479472517967224,-0.08058568090200424,0.2315969467163086,0.6781306266784668,-0.08956266939640045,0.2558188736438751,0.5436915755271912,-0.042700983583927155,0.22641310095787048,0.5908679962158203,-0.06644437462091446,0.20423640310764313,0.6187397241592407,-0.08173865079879761,0.18441620469093323,0.6426745057106018,-0.0917942151427269,Right,0.9507906436920166
15346,266,0,0.8148230910301208,0.4160918891429901,1.5836812394809385e-07,0.7599577903747559,0.4416199028491974,-0.021325791254639626,0.7294755578041077,0.5077717304229736,-0.03234995901584625,0.7128517031669617,0.561472475528717,-0.038709186017513275,0.6824780106544495,0.57341468334198,-0.046621888875961304,0.7687652111053467,0.5398541688919067,-0.055227912962436676,0.761137843132019,0.596235990524292,-0.07370837032794952,0.7588078379631042,0.6364977359771729,-0.08297327160835266,0.7592706680297852,0.6733899116516113,-0.09066162258386612,0.8094940781593323,0.5474992990493774,-0.0516277514398098,0.8163645267486572,0.6073392629623413,-0.0728813037276268,0.823287308216095,0.6510393619537354,-0.08284449577331543,0.8324744701385498,0.6929011940956116,-0.09118995815515518,0.8415460586547852,0.5467299818992615,-0.047284577041864395,0.8561347723007202,0.6058206558227539,-0.06888487190008163,0.8659954071044922,0.6466965675354004,-0.08242850005626678,0.8768278360366821,0.6840016841888428,-0.09187707304954529,0.8640676736831665,0.5389067530632019,-0.04342671483755112,0.893102765083313,0.5901574492454529,-0.06500916182994843,0.9160585403442383,0.6193994879722595,-0.07936222851276398,0.9361914396286011,0.6479620337486267,-0.08934981375932693,Left,0.9803391098976135
15346,266,1,0.30578210949897766,0.42984673380851746,3.8294604109978536e-07,0.35660332441329956,0.4567395746707916,-0.02698076330125332,0.3786207139492035,0.5097162127494812,-0.043916404247283936,0.3813239336013794,0.5643251538276672,-0.05397982895374298,0.3949645161628723,0.5947672128677368,-0.06505408883094788,0.3413279950618744,0.5397436618804932,-0.07124657183885574,0.342505544424057,0.6002435088157654,-0.09879443049430847,0.3414536118507385,0.6453149318695068,-0.11337428539991379,0.33627551794052124,0.6833997964859009,-0.12294597178697586,0.30600282549858093,0.5480315089225769,-0.06608692556619644,0.2944338619709015,0.6090293526649475,-0.09550438076257706,0.2847018837928772,0.6558079123497009,-0.10994832962751389,0.2720942497253418,0.6915605068206787,-0.12118476629257202,0.2789086699485779,0.5482686161994934,-0.06036172807216644,0.2604784667491913,0.6050183773040771,-0.09073672443628311,0.24781137704849243,0.6471784710884094,-0.10901092737913132,0.2335791438817978,0.6777051687240601,-0.12054041773080826,0.2579798400402069,0.5435407757759094,-0.054664671421051025,0.22780878841876984,0.5905078649520874,-0.08516185730695724,0.20467153191566467,0.6189767718315125,-0.1052478551864624,0.18367162346839905,0.6430850028991699,-0.11871161311864853,Right,0.9499314427375793
15389,267,0,0.8152431845664978,0.41732171177864075,1.6378827183416433e-07,0.760782778263092,0.44159647822380066,-0.021289143711328506,0.730124294757843,0.5068536996841431,-0.032539866864681244,0.7129614353179932,0.5622535943984985,-0.03945292532444,0.6819567680358887,0.575107753276825,-0.047878921031951904,0.7671995162963867,0.5424256920814514,-0.052735671401023865,0.7599459290504456,0.5973931550979614,-0.07100755721330643,0.7579304575920105,0.6376008987426758,-0.08070950210094452,0.7588161826133728,0.674576461315155,-0.08878661692142487,0.8087576031684875,0.550872802734375,-0.04939263314008713,0.816202700138092,0.6093903183937073,-0.06993559747934341,0.8236157894134521,0.6520973443984985,-0.07963675260543823,0.8333191275596619,0.6932492852210999,-0.08786861598491669,0.84175705909729,0.5498619675636292,-0.04549070820212364,0.8561599254608154,0.6071606874465942,-0.06620986014604568,0.8666948080062866,0.6464543342590332,-0.07851869612932205,0.8784835338592529,0.6828097701072693,-0.08718512207269669,0.8651778697967529,0.5408823490142822,-0.042230311781167984,0.8934845328330994,0.5915868282318115,-0.06265132129192352,0.9159701466560364,0.6205955147743225,-0.07565398514270782,0.9359598755836487,0.6493500471115112,-0.08463744819164276,Left,0.9742453694343567
15389,267,1,0.3062282204627991,0.4305153489112854,3.8165103433129843e-07,0.3562496304512024,0.4580199122428894,-0.024768462404608727,0.37876564264297485,0.5128496289253235,-0.03936747461557388,0.3818824589252472,0.5674342513084412,-0.04772951453924179,0.3953993022441864,0.59470534324646,-0.057079993188381195,0.34163492918014526,0.5421730279922485,-0.06244678422808647,0.34265708923339844,0.6013092398643494,-0.08624134212732315,0.34165212512016296,0.6453028321266174,-0.09926361590623856,0.336672306060791,0.6836429238319397,-0.10829637199640274,0.3061152696609497,0.5501224398612976,-0.05811873450875282,0.29482677578926086,0.6116107702255249,-0.08267997950315475,0.2854374647140503,0.6576562523841858,-0.09512089937925339,0.27320316433906555,0.6938175559043884,-0.10531096905469894,0.2789269685745239,0.549640953540802,-0.05349825322628021,0.26058706641197205,0.6070271134376526,-0.07944586127996445,0.24779100716114044,0.6485477089881897,-0.09550652652978897,0.23376765847206116,0.6791579127311707,-0.10602608323097229,0.2579061985015869,0.5438463687896729,-0.04914366826415062,0.22794410586357117,0.5913128852844238,-0.07648231089115143,0.20510652661323547,0.6193337440490723,-0.0944371223449707,0.18415209650993347,0.6433488130569458,-0.1064748540520668,Right,0.9381755590438843
