timestamp_ms,frame,hand,x0,y0,z0,x1,y1,z1,x2,y2,z2,x3,y3,z3,x4,y4,z4,x5,y5,z5,x6,y6,z6,x7,y7,z7,x8,y8,z8,x9,y9,z9,x10,y10,z10,x11,y11,z11,x12,y12,z12,x13,y13,z13,x14,y14,z14,x15,y15,z15,x16,y16,z16,x17,y17,z17,x18,y18,z18,x19,y19,z19,x20,y20,z20,handedness,handedness_score
0,1,0,0.7883722186088562,0.4211556315422058,1.452268207913221e-07,0.7264712452888489,0.44412705302238464,-0.023486705496907234,0.6680715680122375,0.49566650390625,-0.04284387826919556,0.618280291557312,0.5272005200386047,-0.0566994845867157,0.5775470733642578,0.540290355682373,-0.07356008887290955,0.7163744568824768,0.5393152236938477,-0.07461434602737427,0.7027819156646729,0.6130771636962891,-0.09969207644462585,0.700523316860199,0.6652973890304565,-0.11434930562973022,0.7011893391609192,0.7096936106681824,-0.1251702606678009,0.7606188058853149,0.5436878204345703,-0.07479029148817062,0.776681661605835,0.6345058083534241,-0.10597985237836838,0.7875801920890808,0.700525164604187,-0.12723535299301147,0.797193169593811,0.7503941059112549,-0.14414949715137482,0.7986766695976257,0.5398856401443481,-0.0718681812286377,0.819463312625885,0.6232801675796509,-0.10049429535865784,0.8309818506240845,0.6781198978424072,-0.1187020093202591,0.8417267799377441,0.7197234630584717,-0.13144896924495697,0.8258546590805054,0.5316895246505737,-0.06839032471179962,0.8477071523666382,0.5905836820602417,-0.09269436448812485,0.8618487119674683,0.6298914551734924,-0.10438608378171921,0.8736468553543091,0.6647966504096985,-0.11190614104270935,Left,0.9945094585418701
0,1,1,0.271592378616333,0.402241051197052,5.55300289306615e-07,0.3227199912071228,0.43527528643608093,-0.04022959619760513,0.3693085014820099,0.4744255840778351,-0.08034288883209229,0.4110841751098633,0.5048232674598694,-0.11263811588287354,0.4471665024757385,0.5286782383918762,-0.1475253850221634,0.3135876953601837,0.5114591121673584,-0.11986475437879562,0.313875675201416,0.5793061256408691,-0.16288721561431885,0.3110799789428711,0.6329217553138733,-0.18625684082508087,0.3041897714138031,0.680390477180481,-0.20164328813552856,0.2711811363697052,0.5170271992683411,-0.11440957337617874,0.25481992959976196,0.5984576344490051,-0.1610991656780243,0.23765258491039276,0.6604484915733337,-0.1852768063545227,0.217777818441391,0.7104137539863586,-0.20413674414157867,0.23635341227054596,0.5180361270904541,-0.10650019347667694,0.21436549723148346,0.5860780477523804,-0.14762075245380402,0.19525620341300964,0.6438720226287842,-0.17398902773857117,0.17709782719612122,0.6863073110580444,-0.1920362263917923,0.20852473378181458,0.5166913866996765,-0.09871452301740646,0.172857403755188,0.5692490339279175,-0.13182111084461212,0.14748936891555786,0.6026690602302551,-0.15355555713176727,0.12545278668403625,0.6329772472381592,-0.17023669183254242,Right,0.8885769248008728
64,2,0,0.77924644947052,0.4294828176498413,1.944928271768731e-07,0.7214609980583191,0.450414776802063,-0.02508116513490677,0.6681801676750183,0.49668794870376587,-0.045864690095186234,0.620888888835907,0.5286756753921509,-0.06292793899774551,0.5823898315429688,0.542818009853363,-0.0828288272023201,0.716236412525177,0.5382059216499329,-0.07470037043094635,0.7052209377288818,0.6041804552078247,-0.10377820581197739,0.7009421586990356,0.6543964743614197,-0.12121090292930603,0.6994237303733826,0.7022584080696106,-0.13393843173980713,0.7617295384407043,0.5485230088233948,-0.07544728368520737,0.770294725894928,0.6296053528785706,-0.10609886050224304,0.7815248966217041,0.6893395781517029,-0.12337693572044373,0.7950147986412048,0.7434791326522827,-0.13760820031166077,0.8005352020263672,0.549433171749115,-0.07432615011930466,0.8173562288284302,0.6282367706298828,-0.10180806368589401,0.8350110054016113,0.6819981336593628,-0.11489693075418472,0.8527769446372986,0.7298962473869324,-0.12434664368629456,0.8314810395240784,0.5432990193367004,-0.07391966879367828,0.8579716682434082,0.6072692275047302,-0.0971718430519104,0.8800495266914368,0.6440989971160889,-0.10726350545883179,0.9010183215141296,0.6766692996025085,-0.11417325586080551,Left,0.9404367208480835
64,2,1,0.277127206325531,0.3980292081832886,4.198285523671075e-07,0.32542961835861206,0.42852774262428284,-0.027485409751534462,0.3690507113933563,0.47536587715148926,-0.05026313662528992,0.4081708788871765,0.5096558928489685,-0.06843709200620651,0.444303035736084,0.5318453311920166,-0.08768686652183533,0.31324175000190735,0.5136660933494568,-0.07079135626554489,0.31475988030433655,0.5806119441986084,-0.09939244389533997,0.31131213903427124,0.632530152797699,-0.11509738117456436,0.30430084466934204,0.6788634061813354,-0.12618395686149597,0.2694154381752014,0.5223930478096008,-0.07047147303819656,0.2535964846611023,0.6013879776000977,-0.10034246742725372,0.23921993374824524,0.6582000255584717,-0.11573787778615952,0.22301840782165527,0.7054051160812378,-0.12892407178878784,0.23482829332351685,0.5227505564689636,-0.06966033577919006,0.21323062479496002,0.5920658707618713,-0.09884190559387207,0.19674593210220337,0.6428935527801514,-0.1123175323009491,0.1809784471988678,0.6849151253700256,-0.12153766304254532,0.20798519253730774,0.5160861611366272,-0.06973747909069061,0.17461621761322021,0.571081817150116,-0.09545581787824631,0.14774788916110992,0.6035630106925964,-0.10787426680326462,0.12530460953712463,0.6338860392570496,-0.11694913357496262,Right,0.9039256572723389
107,3,0,0.7811006307601929,0.42903825640678406,2.2850711900446186e-07,0.7203719615936279,0.44941452145576477,-0.029084041714668274,0.6660669445991516,0.4969840347766876,-0.05113980174064636,0.6184646487236023,0.5316055417060852,-0.06893251836299896,0.5779536962509155,0.5444380640983582,-0.0891791433095932,0.7168511152267456,0.5407041311264038,-0.07744264602661133,0.7053591012954712,0.6086391806602478,-0.10744554549455643,0.7018476128578186,0.6584926843643188,-0.12528622150421143,0.7010311484336853,0.7059488296508789,-0.13811779022216797,0.7628057599067688,0.551856279373169,-0.07630101591348648,0.7680508494377136,0.6323369741439819,-0.10674234479665756,0.7788143754005432,0.6935003995895386,-0.12323031574487686,0.7932643890380859,0.747861385345459,-0.13728848099708557,0.8013361096382141,0.5523569583892822,-0.07403036206960678,0.8170409202575684,0.6287572383880615,-0.10138607770204544,0.8344042301177979,0.6819981336593628,-0.11482035368680954,0.852764904499054,0.7290400266647339,-0.12491332739591599,0.8317545056343079,0.544499397277832,-0.07310778647661209,0.8562533855438232,0.6086338758468628,-0.09700117260217667,0.8778483867645264,0.6465079188346863,-0.10857526957988739,0.8989412784576416,0.6804018020629883,-0.11700750142335892,Left,0.8838986158370972
107,3,1,0.27484986186027527,0.40008342266082764,4.594450615513779e-07,0.3249203562736511,0.4287649393081665,-0.035293396562337875,0.368064820766449,0.47400766611099243,-0.06394163519144058,0.40638813376426697,0.5101372003555298,-0.08642228692770004,0.4419563412666321,0.5365471839904785,-0.11033393442630768,0.3118261992931366,0.515460193157196,-0.0877547562122345,0.3144354224205017,0.5840486288070679,-0.12314103543758392,0.31099733710289,0.6357124447822571,-0.14353762567043304,0.30295565724372864,0.6816630363464355,-0.15757262706756592,0.26879486441612244,0.5244325399398804,-0.08493560552597046,0.2534306049346924,0.6024038195610046,-0.12276938557624817,0.23861739039421082,0.659271240234375,-0.14401580393314362,0.22184860706329346,0.706484317779541,-0.16118086874485016,0.23451144993305206,0.5254712700843811,-0.0813482403755188,0.21243691444396973,0.5932481288909912,-0.11557097733020782,0.19575557112693787,0.6441318392753601,-0.13347217440605164,0.1792309731245041,0.6845298409461975,-0.1458481103181839,0.20839764177799225,0.5193073153495789,-0.07900788635015488,0.1748933047056198,0.5726419687271118,-0.10816598683595657,0.14985689520835876,0.6041985154151917,-0.12395021319389343,0.12853026390075684,0.6333514451980591,-0.13570891320705414,Right,0.8607571721076965
152,4,0,0.7804199457168579,0.42850178480148315,2.2984917791291082e-07,0.7202813029289246,0.44897061586380005,-0.02946113422513008,0.6658949851989746,0.49675214290618896,-0.05212579295039177,0.6177018284797668,0.5313243269920349,-0.07047431170940399,0.5775466561317444,0.5438598990440369,-0.09134579449892044,0.7166582942008972,0.5379546880722046,-0.0804046094417572,0.7046957612037659,0.6071423888206482,-0.11176041513681412,0.7008471488952637,0.6579284071922302,-0.13031333684921265,0.6995588541030884,0.7051857709884644,-0.1434219479560852,0.763020932674408,0.5485174655914307,-0.07921726256608963,0.7686908841133118,0.6292598247528076,-0.11133516579866409,0.7792975902557373,0.6919854879379272,-0.12889644503593445,0.7932825684547424,0.7475836873054504,-0.14369149506092072,0.8014642000198364,0.5494006276130676,-0.07667463272809982,0.8173965215682983,0.6268810033798218,-0.10524647682905197,0.8349805474281311,0.6819690465927124,-0.11919570714235306,0.853340744972229,0.7302418947219849,-0.12955604493618011,0.8316532373428345,0.5424128770828247,-0.07542160898447037,0.8563669919967651,0.6076527833938599,-0.10012166202068329,0.8779828548431396,0.6463432908058167,-0.11212347447872162,0.8991149067878723,0.6808279752731323,-0.12082710862159729,Left,0.89399254322052
152,4,1,0.27409884333610535,0.3966372013092041,4.7310209083661903e-07,0.32417407631874084,0.4267239272594452,-0.034616176038980484,0.3676857352256775,0.47310131788253784,-0.06307986378669739,0.4064297080039978,0.5100418329238892,-0.08544430136680603,0.44294604659080505,0.5362551808357239,-0.10927855223417282,0.3117266595363617,0.5117564797401428,-0.08833940327167511,0.31453821063041687,0.5818562507629395,-0.12396229058504105,0.31136569380760193,0.634841799736023,-0.14424163103103638,0.3037430942058563,0.6816185116767883,-0.1581447869539261,0.2689253091812134,0.5211392641067505,-0.08567532151937485,0.25357767939567566,0.600598156452179,-0.1245562732219696,0.23876935243606567,0.6594061255455017,-0.1460636407136917,0.22194334864616394,0.7079004645347595,-0.163224458694458,0.23481012880802155,0.5224418640136719,-0.08203227072954178,0.21295292675495148,0.5922271609306335,-0.11702419817447662,0.19638288021087646,0.6448792815208435,-0.1348390281200409,0.1797754466533661,0.6866028904914856,-0.14694514870643616,0.20901736617088318,0.5166346430778503,-0.07949842512607574,0.17531505227088928,0.5717451572418213,-0.10909893363714218,0.14981627464294434,0.604407548904419,-0.12488289177417755,0.12817692756652832,0.6344656348228455,-0.136536106467247,Right,0.8761957883834839
194,5,0,0.7800977230072021,0.42851510643959045,2.3616124167347152e-07,0.7200371026992798,0.4507502317428589,-0.0280188899487257,0.6656681299209595,0.4975501298904419,-0.0505354180932045,0.6175247430801392,0.5315082669258118,-0.06892365962266922,0.5776162147521973,0.5441970229148865,-0.08980420231819153,0.7171042561531067,0.5380322337150574,-0.07956846058368683,0.7045893669128418,0.607297420501709,-0.11070549488067627,0.7005826830863953,0.6578713655471802,-0.12893979251384735,0.6993107795715332,0.7049195766448975,-0.14172765612602234,0.7634303569793701,0.5479045510292053,-0.07886146008968353,0.7686553597450256,0.6291145086288452,-0.11091742664575577,0.7791929244995117,0.6918196678161621,-0.12815001606941223,0.7931880354881287,0.7470839023590088,-0.14270563423633575,0.8017839789390564,0.5484285950660706,-0.07666295766830444,0.8173810839653015,0.6264028549194336,-0.10513903945684433,0.834623396396637,0.6818375587463379,-0.11887649446725845,0.8527883887290955,0.7301846742630005,-0.12905962765216827,0.8317405581474304,0.5416505336761475,-0.07556946575641632,0.8563302755355835,0.6077355146408081,-0.10007549077272415,0.8776758909225464,0.6462458372116089,-0.11183289438486099,0.8987831473350525,0.6807205677032471,-0.12035275250673294,Left,0.898127555847168
194,5,1,0.2738928198814392,0.39692923426628113,4.827774091609172e-07,0.3243735730648041,0.4270173907279968,-0.03403979167342186,0.3680647909641266,0.4742940664291382,-0.06243816390633583,0.4063302278518677,0.5109896063804626,-0.08470416814088821,0.44390571117401123,0.5363664031028748,-0.10855705291032791,0.31275978684425354,0.5133278965950012,-0.08945013582706451,0.3143036365509033,0.5827673077583313,-0.12483270466327667,0.310968816280365,0.6354902386665344,-0.14481836557388306,0.30362242460250854,0.681934118270874,-0.15863461792469025,0.26964402198791504,0.5217797160148621,-0.08720096200704575,0.25324514508247375,0.6011257171630859,-0.1256135106086731,0.2381632924079895,0.6596141457557678,-0.1466490775346756,0.22117266058921814,0.7076082229614258,-0.1637057512998581,0.23504121601581573,0.5226311683654785,-0.08384536951780319,0.21291595697402954,0.5924432873725891,-0.11847087740898132,0.1962452381849289,0.6443967819213867,-0.13608229160308838,0.17954139411449432,0.6856772899627686,-0.14833837747573853,0.20844346284866333,0.5167379975318909,-0.08153259009122849,0.17516052722930908,0.5717392563819885,-0.11121802031993866,0.149739608168602,0.6040747165679932,-0.1271217167377472,0.1281408667564392,0.6340334415435791,-0.13901090621948242,Right,0.8838923573493958
237,6,0,0.779462993144989,0.4302130341529846,2.459864560933056e-07,0.7194902896881104,0.45183631777763367,-0.02829865552484989,0.6650764346122742,0.4974367022514343,-0.050866637378931046,0.6168761253356934,0.5311121940612793,-0.06925696134567261,0.5770024061203003,0.543733537197113,-0.09010620415210724,0.7172620296478271,0.5377839803695679,-0.07911261171102524,0.7050103545188904,0.607138991355896,-0.10976453870534897,0.7010036706924438,0.658114492893219,-0.127644345164299,0.699524462223053,0.7055262327194214,-0.14022262394428253,0.7634611129760742,0.5477738380432129,-0.0781136006116867,0.768801748752594,0.6294094324111938,-0.10957080870866776,0.7791664600372314,0.6924496293067932,-0.12641942501068115,0.792856752872467,0.7478519678115845,-0.14074726402759552,0.8018127679824829,0.548331081867218,-0.07567621767520905,0.817524790763855,0.6261966228485107,-0.10364846885204315,0.8346716165542603,0.6816220283508301,-0.11727826297283173,0.852575421333313,0.7299225926399231,-0.1274350881576538,0.8316805958747864,0.5416572690010071,-0.07440172135829926,0.8564509749412537,0.6071602702140808,-0.09855768084526062,0.8777521848678589,0.6458160281181335,-0.11027496308088303,0.8987598419189453,0.6803871989250183,-0.11882323771715164,Left,0.8949009776115417
237,6,1,0.27503907680511475,0.3969840407371521,4.658073464725021e-07,0.32487237453460693,0.42656099796295166,-0.03223010152578354,0.3684411644935608,0.4736265242099762,-0.05870458483695984,0.4066597521305084,0.5101312398910522,-0.07952697575092316,0.443659245967865,0.5344735980033875,-0.10156282037496567,0.3124450743198395,0.5130914449691772,-0.08213572204113007,0.3139694333076477,0.582004189491272,-0.11465916782617569,0.3107392191886902,0.6347401142120361,-0.1326775848865509,0.3036240041255951,0.6812438368797302,-0.14515475928783417,0.26932084560394287,0.5212624073028564,-0.08038623631000519,0.2530338168144226,0.5995796918869019,-0.11582610756158829,0.23829130828380585,0.658012866973877,-0.13496753573417664,0.22160495817661285,0.7060816287994385,-0.15046721696853638,0.23474028706550598,0.521659255027771,-0.07779082655906677,0.21279901266098022,0.591189444065094,-0.11069928854703903,0.19606006145477295,0.6433422565460205,-0.12693887948989868,0.17964273691177368,0.6857427358627319,-0.13791321218013763,0.20808660984039307,0.5153184533119202,-0.07622615247964859,0.17461919784545898,0.5701907277107239,-0.10436074435710907,0.14894941449165344,0.6027014851570129,-0.11874854564666748,0.1274619698524475,0.6331959962844849,-0.12925995886325836,Right,0.8872495293617249
282,7,0,0.7797393798828125,0.42949551343917847,2.443225071147026e-07,0.7195722460746765,0.45096254348754883,-0.02846623957157135,0.6654420495033264,0.4971415400505066,-0.05103660002350807,0.6176165342330933,0.5309906005859375,-0.06949031352996826,0.5785344839096069,0.5435657501220703,-0.0904926061630249,0.7173221111297607,0.5386879444122314,-0.0795026421546936,0.7052916884422302,0.6076070666313171,-0.11043825000524521,0.7011442184448242,0.6583941578865051,-0.12869508564472198,0.6993870735168457,0.7060109376907349,-0.14159779250621796,0.763443648815155,0.5488827228546143,-0.0785805806517601,0.7685427069664001,0.6297191977500916,-0.11047999560832977,0.7791374921798706,0.6924059391021729,-0.1277036815881729,0.793090283870697,0.7478108406066895,-0.14225585758686066,0.8018150925636292,0.5494531989097595,-0.07620809972286224,0.8175804615020752,0.6269667148590088,-0.10456923395395279,0.8350616097450256,0.6819329261779785,-0.11835415661334991,0.8532936573028564,0.7299354076385498,-0.12856578826904297,0.8319103121757507,0.5423412919044495,-0.07500655949115753,0.8565942049026489,0.6076632142066956,-0.09939996153116226,0.8778774738311768,0.6460028290748596,-0.11117136478424072,0.898810088634491,0.6803471446037292,-0.11974433809518814,Left,0.8718066215515137
282,7,1,0.27420252561569214,0.3967180848121643,4.7622498300370353e-07,0.32417720556259155,0.426791250705719,-0.035653360188007355,0.36778002977371216,0.4739546775817871,-0.06475461274385452,0.4062279164791107,0.5105777978897095,-0.08740201592445374,0.4434627890586853,0.5367279648780823,-0.11172962188720703,0.3120464086532593,0.5138982534408569,-0.09140880405902863,0.31412458419799805,0.5828821659088135,-0.1278717815876007,0.3113938868045807,0.6354475021362305,-0.14905443787574768,0.30432307720184326,0.6822373270988464,-0.16383469104766846,0.26893526315689087,0.5231499671936035,-0.08836176246404648,0.2531841993331909,0.6019997596740723,-0.1275135725736618,0.2383405566215515,0.6598948836326599,-0.1496429145336151,0.22152866423130035,0.708150327205658,-0.16769075393676758,0.2345617711544037,0.5241778492927551,-0.08426999300718307,0.21274074912071228,0.592943549156189,-0.11912934482097626,0.19617629051208496,0.644283652305603,-0.1375323235988617,0.1795128583908081,0.6850613951683044,-0.15059177577495575,0.20826978981494904,0.5178996920585632,-0.08135618269443512,0.1751554310321808,0.572037935256958,-0.11134457588195801,0.15002569556236267,0.604212760925293,-0.1279813051223755,0.12856201827526093,0.6341944336891174,-0.14057758450508118,Right,0.8691898584365845
323,8,0,0.7793726921081543,0.42994335293769836,2.443706534904777e-07,0.7193053960800171,0.4516388773918152,-0.028169475495815277,0.6655598878860474,0.49742311239242554,-0.05056753009557724,0.6177720427513123,0.530976414680481,-0.06889347732067108,0.5782692432403564,0.5433940887451172,-0.08968845009803772,0.7172686457633972,0.5394574403762817,-0.07819031178951263,0.705224871635437,0.6080998778343201,-0.10861189663410187,0.7012401819229126,0.6586958169937134,-0.12653093039989471,0.6996919512748718,0.7060801386833191,-0.13922218978405,0.7633391618728638,0.5497152805328369,-0.07727059721946716,0.7685130834579468,0.6302213072776794,-0.10869324207305908,0.7791895270347595,0.6926791667938232,-0.12559932470321655,0.7931313514709473,0.7476396560668945,-0.13991500437259674,0.8018205165863037,0.5502195358276367,-0.07495882362127304,0.8173506855964661,0.6272855997085571,-0.10297664999961853,0.8346856832504272,0.6820985078811646,-0.11666993051767349,0.8526953458786011,0.7299401164054871,-0.12681953608989716,0.832055926322937,0.5431416630744934,-0.07380854338407516,0.8566610813140869,0.6081245541572571,-0.0980214774608612,0.8779417872428894,0.6463980674743652,-0.10977747291326523,0.8988601565361023,0.6807145476341248,-0.11831235885620117,Left,0.8872173428535461
323,8,1,0.2740150988101959,0.3973357081413269,4.698786142398603e-07,0.3240799903869629,0.4271509647369385,-0.0333261638879776,0.3677825331687927,0.47379398345947266,-0.06088299676775932,0.4061237573623657,0.5104225873947144,-0.08260847628116608,0.4433671832084656,0.5358982086181641,-0.10575027763843536,0.3121415078639984,0.5147377848625183,-0.08518378436565399,0.3140464425086975,0.5831179022789001,-0.11934245377779007,0.3112536072731018,0.6353513598442078,-0.13886059820652008,0.3044229745864868,0.6817702054977417,-0.15245383977890015,0.2693687975406647,0.523411750793457,-0.08309493213891983,0.2531816065311432,0.6016731262207031,-0.12014495581388474,0.23845432698726654,0.6596750020980835,-0.1407018005847931,0.22176462411880493,0.7077329158782959,-0.15738216042518616,0.23509377241134644,0.5240433216094971,-0.08009818941354752,0.21279528737068176,0.5930243730545044,-0.11377343535423279,0.1961064636707306,0.6446795463562012,-0.13092787563800812,0.17956599593162537,0.6860650777816772,-0.1427728533744812,0.2086527943611145,0.5175930857658386,-0.07819372415542603,0.17496798932552338,0.5718711018562317,-0.1071021631360054,0.149412140250206,0.6039502620697021,-0.12241121381521225,0.12791018187999725,0.6338604688644409,-0.13373908400535583,Right,0.881406307220459
367,9,0,0.7798318266868591,0.4288145899772644,2.4112205210258253e-07,0.7198919057846069,0.45077863335609436,-0.02786850742995739,0.6663135886192322,0.4979913830757141,-0.05003335326910019,0.6186513900756836,0.531405508518219,-0.06820306181907654,0.5789151191711426,0.5423264503479004,-0.08897393941879272,0.7169911861419678,0.5386341214179993,-0.0782841369509697,0.7049077749252319,0.6078789830207825,-0.10844290256500244,0.7008917927742004,0.6586177349090576,-0.12607863545417786,0.699279248714447,0.7061624526977539,-0.13864444196224213,0.7628845572471619,0.5488377809524536,-0.07754100859165192,0.7681323885917664,0.6302581429481506,-0.10856228321790695,0.7789475321769714,0.6928819417953491,-0.12511850893497467,0.7931388020515442,0.7478020787239075,-0.13917472958564758,0.8014010787010193,0.5495071411132812,-0.07538971304893494,0.8170425891876221,0.627250075340271,-0.1031179204583168,0.8342878818511963,0.6819467544555664,-0.11684896051883698,0.8523691296577454,0.7294689416885376,-0.1270141452550888,0.8317958116531372,0.5424578189849854,-0.0743783637881279,0.8565800189971924,0.6079696416854858,-0.09844353049993515,0.8779690265655518,0.6464300751686096,-0.11028139293193817,0.8988487720489502,0.6805187463760376,-0.11888191103935242,Left,0.8898122310638428
367,9,1,0.27396777272224426,0.3966122269630432,4.666064228331379e-07,0.32433682680130005,0.42631471157073975,-0.03250538185238838,0.36802414059638977,0.47333258390426636,-0.05919972062110901,0.406535804271698,0.5103223919868469,-0.08023149520158768,0.4441341161727905,0.5347616076469421,-0.10255115479230881,0.31237179040908813,0.5136362314224243,-0.08247984200716019,0.31436413526535034,0.5821647644042969,-0.11570606380701065,0.31133511662483215,0.6346375942230225,-0.13448284566402435,0.3042379915714264,0.681293249130249,-0.14754562079906464,0.2694602608680725,0.522597074508667,-0.08057335019111633,0.253175288438797,0.6011854410171509,-0.11658252030611038,0.23851749300956726,0.6594216227531433,-0.13613799214363098,0.22192996740341187,0.7075934410095215,-0.151963010430336,0.23492829501628876,0.5234389901161194,-0.0778612568974495,0.21265479922294617,0.5928177833557129,-0.11097653955221176,0.1958838552236557,0.6446171402931213,-0.12726598978042603,0.17937994003295898,0.6866779327392578,-0.13835106790065765,0.20831409096717834,0.5171418786048889,-0.07623916119337082,0.1746915876865387,0.5715245604515076,-0.10470673441886902,0.14894907176494598,0.6035391092300415,-0.11933960020542145,0.12730096280574799,0.6336804628372192,-0.13003750145435333,Right,0.8831669092178345
409,10,0,0.7805982828140259,0.4273608326911926,2.3318018804729945e-07,0.7201547622680664,0.4488654136657715,-0.02848287858068943,0.6657189130783081,0.49706539511680603,-0.050816066563129425,0.6174819469451904,0.5316033363342285,-0.0688592791557312,0.5770589113235474,0.5430307388305664,-0.08948816359043121,0.7164899706840515,0.5370565056800842,-0.0796881839632988,0.7043578028678894,0.6065384149551392,-0.11001389473676682,0.7006775736808777,0.6575925350189209,-0.12759248912334442,0.6994167566299438,0.7055246829986572,-0.14016562700271606,0.7624902129173279,0.5472537279129028,-0.07867652922868729,0.7677823901176453,0.6295419931411743,-0.1096750870347023,0.7784757614135742,0.6925057172775269,-0.126046285033226,0.7926641702651978,0.7480055093765259,-0.14001832902431488,0.8008907437324524,0.5481246113777161,-0.07626206427812576,0.8167615532875061,0.6266361474990845,-0.10392816364765167,0.8341559171676636,0.6819853782653809,-0.11767001450061798,0.8523755073547363,0.7303334474563599,-0.12795086205005646,0.8309280276298523,0.5413547158241272,-0.07504258304834366,0.8558949828147888,0.6072199940681458,-0.09925555437803268,0.8775995969772339,0.6461988687515259,-0.11130224913358688,0.8985973596572876,0.6807486414909363,-0.12008524686098099,Left,0.9075407385826111
409,10,1,0.2732054591178894,0.39519202709198,4.568402687255002e-07,0.32344239950180054,0.42513906955718994,-0.03218686953186989,0.3678016662597656,0.4727150797843933,-0.05785702168941498,0.4066626727581024,0.5096197128295898,-0.07797905057668686,0.44423386454582214,0.5329630374908447,-0.099268838763237,0.3121163249015808,0.5122566819190979,-0.07870043069124222,0.31507739424705505,0.5805018544197083,-0.11097566783428192,0.31268954277038574,0.6327706575393677,-0.12963370978832245,0.30596107244491577,0.6797568798065186,-0.14275656640529633,0.26896974444389343,0.5225509405136108,-0.07661128044128418,0.25315195322036743,0.6013830900192261,-0.11118046939373016,0.23888644576072693,0.6591491103172302,-0.13026753067970276,0.22258204221725464,0.7074248194694519,-0.1458127647638321,0.23459206521511078,0.5242612957954407,-0.07395952194929123,0.2124882936477661,0.5938404202461243,-0.10594817250967026,0.19568949937820435,0.6452022194862366,-0.12188012897968292,0.1791764348745346,0.6871637105941772,-0.132747083902359,0.20837095379829407,0.5184075832366943,-0.07249031960964203,0.17476025223731995,0.5720998644828796,-0.10005300492048264,0.14883990585803986,0.6037787199020386,-0.11429662257432938,0.12705716490745544,0.6337064504623413,-0.12472692877054214,Right,0.8789315223693848
453,11,0,0.7807177901268005,0.42684996128082275,2.354880734856124e-07,0.7204495072364807,0.4485361576080322,-0.028571689501404762,0.6659279465675354,0.49771445989608765,-0.051282286643981934,0.6169590950012207,0.530880331993103,-0.0697355568408966,0.5748962163925171,0.5384858250617981,-0.09088222682476044,0.7158986330032349,0.5374375581741333,-0.08168254047632217,0.702937126159668,0.6070035099983215,-0.11290064454078674,0.699734628200531,0.6579115390777588,-0.1309521645307541,0.6994109153747559,0.7056663632392883,-0.14377905428409576,0.7623851895332336,0.5473591089248657,-0.0807860791683197,0.7680010199546814,0.6290832757949829,-0.11288924515247345,0.7786397337913513,0.6917973756790161,-0.12988997995853424,0.7926909327507019,0.7475752234458923,-0.14432844519615173,0.8009591102600098,0.5480802655220032,-0.078327976167202,0.8172812461853027,0.6263659596443176,-0.10690535604953766,0.8350711464881897,0.681861162185669,-0.12106432765722275,0.8537567257881165,0.7304410338401794,-0.1315830796957016,0.8311288356781006,0.541490375995636,-0.07700183987617493,0.8561013340950012,0.6078135967254639,-0.101490817964077,0.8781271576881409,0.6463894248008728,-0.11355964839458466,0.8996785283088684,0.6806799173355103,-0.1224069744348526,Left,0.9135233759880066
453,11,1,0.2713051736354828,0.39399224519729614,3.4794339853760903e-07,0.32033050060272217,0.4264027774333954,-0.023882661014795303,0.36342549324035645,0.4759029448032379,-0.04273856803774834,0.40229642391204834,0.5124439001083374,-0.05814437195658684,0.4405335783958435,0.528131365776062,-0.07454333454370499,0.3106097877025604,0.5143148303031921,-0.05828681215643883,0.3215741813182831,0.5816172361373901,-0.0820029154419899,0.32687050104141235,0.6299147009849548,-0.09507668018341064,0.32644689083099365,0.6761629581451416,-0.104880690574646,0.2675063908100128,0.5266347527503967,-0.05937504395842552,0.25669729709625244,0.6029217839241028,-0.08569754660129547,0.24731284379959106,0.6587195992469788,-0.10057128220796585,0.23358885943889618,0.7077608108520508,-0.11297887563705444,0.23300990462303162,0.5280213952064514,-0.06002441421151161,0.21146312355995178,0.5961006283760071,-0.08744920045137405,0.19465212523937225,0.646018385887146,-0.10210062563419342,0.17820477485656738,0.6888907551765442,-0.11163408309221268,0.2070242166519165,0.5207191109657288,-0.06136123463511467,0.17267343401908875,0.5738992094993591,-0.08510614186525345,0.1463318169116974,0.6054601669311523,-0.09680899977684021,0.12414366006851196,0.6349822282791138,-0.10512302815914154,Right,0.8929040431976318
498,12,0,0.7809760570526123,0.42340508103370667,2.4266711307063815e-07,0.720190167427063,0.44436246156692505,-0.030143635347485542,0.6668090224266052,0.4965718984603882,-0.05334128811955452,0.6193767786026001,0.5332183241844177,-0.07198314368724823,0.5763640999794006,0.5373125076293945,-0.09336686879396439,0.7141025066375732,0.5342679023742676,-0.08437647670507431,0.7019252777099609,0.6040598154067993,-0.1159496009349823,0.6988372206687927,0.6567810773849487,-0.13410541415214539,0.6988511085510254,0.7071468234062195,-0.1474088579416275,0.7610284686088562,0.546085000038147,-0.0830058678984642,0.7675091624259949,0.6282290816307068,-0.1159370094537735,0.7783752679824829,0.6920196413993835,-0.13312914967536926,0.7929310202598572,0.7496609687805176,-0.14769764244556427,0.7998443841934204,0.5477346181869507,-0.08002694696187973,0.8190447092056274,0.6263654232025146,-0.10932737588882446,0.8384165167808533,0.681916356086731,-0.123780757188797,0.8584405779838562,0.7305423617362976,-0.13451477885246277,0.8297579884529114,0.5411391258239746,-0.07833626121282578,0.8558827042579651,0.6073689460754395,-0.1031847894191742,0.8790197372436523,0.6460374593734741,-0.115626759827137,0.9013919234275818,0.6802843809127808,-0.12488840520381927,Left,0.9210665225982666
498,12,1,0.2724073529243469,0.38867658376693726,2.531772338443261e-07,0.31968095898628235,0.42104825377464294,-0.02198108844459057,0.35916051268577576,0.4686541259288788,-0.04005065932869911,0.3944095969200134,0.5069500207901001,-0.054714180529117584,0.4317081868648529,0.5231533050537109,-0.07080063223838806,0.3164980411529541,0.506431519985199,-0.061330899596214294,0.32979145646095276,0.5716554522514343,-0.08637884259223938,0.34160536527633667,0.6189785003662109,-0.1007571816444397,0.3472821116447449,0.6673495173454285,-0.11209288984537125,0.27575698494911194,0.5231145620346069,-0.06299802660942078,0.27130240201950073,0.5929865837097168,-0.09430267661809921,0.2693805992603302,0.6479134559631348,-0.11368382722139359,0.26311010122299194,0.7000769376754761,-0.12925377488136292,0.24042099714279175,0.5279122591018677,-0.06309501826763153,0.2158658504486084,0.595252275466919,-0.09479200094938278,0.19689670205116272,0.6459659337997437,-0.11339875310659409,0.17975392937660217,0.6899454593658447,-0.12528574466705322,0.2136927843093872,0.5228700041770935,-0.06316067278385162,0.17483240365982056,0.5769591927528381,-0.09007199853658676,0.1472553163766861,0.6071287393569946,-0.1043110340833664,0.12431342899799347,0.6360257863998413,-0.11431597173213959,Right,0.866527795791626
541,13,0,0.7832310199737549,0.4181973934173584,2.3644098234854027e-07,0.720526933670044,0.42993101477622986,-0.02921883948147297,0.6702795028686523,0.4848642647266388,-0.04903710260987282,0.6300427913665771,0.5300481915473938,-0.06340591609477997,0.5873751640319824,0.5329031944274902,-0.08016984909772873,0.7134323716163635,0.5154355764389038,-0.0828346535563469,0.6906930208206177,0.5743569731712341,-0.10999966412782669,0.680489182472229,0.6240777373313904,-0.12388109415769577,0.6742389798164368,0.6744965314865112,-0.13543705642223358,0.7615253925323486,0.5413552522659302,-0.08001217991113663,0.7655685544013977,0.6188644766807556,-0.10924766212701797,0.7742978930473328,0.6811656951904297,-0.12267538905143738,0.7865269184112549,0.7394870519638062,-0.13483718037605286,0.8010646104812622,0.5527364015579224,-0.07518450915813446,0.8217885494232178,0.6270902156829834,-0.10285013169050217,0.8418716192245483,0.6811542510986328,-0.11652001738548279,0.8622612953186035,0.7294774055480957,-0.1270020753145218,0.829897940158844,0.5514532327651978,-0.07137008756399155,0.8571215271949768,0.6123558282852173,-0.09604517370462418,0.8817244172096252,0.6489225625991821,-0.10921623557806015,0.9042096138000488,0.6812105774879456,-0.11916448175907135,Left,0.9699077606201172
541,13,1,0.2651364207267761,0.37877097725868225,2.7496142251948186e-07,0.3186144530773163,0.41034114360809326,-0.023008054122328758,0.3541562855243683,0.46546855568885803,-0.03938395157456398,0.37950390577316284,0.5137598514556885,-0.051156025379896164,0.4115253686904907,0.5399945974349976,-0.06393327564001083,0.31941187381744385,0.48639851808547974,-0.06811664998531342,0.33383166790008545,0.5564852356910706,-0.09721357375383377,0.3482431471347809,0.6085041165351868,-0.11390426009893417,0.35680389404296875,0.6602150797843933,-0.1262378692626953,0.27794134616851807,0.5049595832824707,-0.06806217133998871,0.27828624844551086,0.5773544311523438,-0.10225538164377213,0.27956846356391907,0.6372995376586914,-0.12301529943943024,0.2770521938800812,0.692355751991272,-0.13951721787452698,0.2417566180229187,0.5152695178985596,-0.0661994218826294,0.2227168083190918,0.5847315788269043,-0.10015133768320084,0.20924970507621765,0.6377345323562622,-0.11945480853319168,0.1968352347612381,0.6842363476753235,-0.13190554082393646,0.2143372893333435,0.5183627605438232,-0.06426656246185303,0.1749245524406433,0.5737833976745605,-0.09537071734666824,0.1464993953704834,0.6052937507629395,-0.1128804162144661,0.1226131021976471,0.6367816925048828,-0.12478633970022202,Right,0.9012237787246704
584,14,0,0.7793477773666382,0.4068396985530853,3.137099895411666e-07,0.7161585688591003,0.4179280996322632,-0.027418218553066254,0.6640086770057678,0.4733249545097351,-0.04786146804690361,0.6257495880126953,0.5185310244560242,-0.06209791079163551,0.5863860845565796,0.5247789025306702,-0.07873896509408951,0.7070513367652893,0.4992143511772156,-0.08820304274559021,0.6829365491867065,0.5587303042411804,-0.118110790848732,0.6694164276123047,0.6038857102394104,-0.1335507035255432,0.6573426723480225,0.6509302854537964,-0.14535658061504364,0.7553080320358276,0.525597870349884,-0.0850345566868782,0.749659538269043,0.6067614555358887,-0.11739865690469742,0.7463378310203552,0.6684428453445435,-0.13301600515842438,0.7462142705917358,0.7299573421478271,-0.14656440913677216,0.7945690751075745,0.5421665906906128,-0.07910820841789246,0.8133219480514526,0.6201211214065552,-0.10767263919115067,0.8269947171211243,0.6777647733688354,-0.12288188934326172,0.8389735817909241,0.7323013544082642,-0.13472960889339447,0.8241263628005981,0.547560453414917,-0.07371288537979126,0.8504006266593933,0.6120398640632629,-0.09818477928638458,0.8703803420066833,0.6487026810646057,-0.11184189468622208,0.8872472643852234,0.6846268177032471,-0.12273363023996353,Left,0.9690465927124023
584,14,1,0.2625139355659485,0.38262972235679626,3.385224260910036e-07,0.3175463080406189,0.4080093204975128,-0.026901444420218468,0.3539629578590393,0.4645352363586426,-0.04209326580166817,0.37712913751602173,0.5174146890640259,-0.05121912434697151,0.40812063217163086,0.5486643314361572,-0.06103193759918213,0.3193604648113251,0.4730226397514343,-0.06975777447223663,0.3366592526435852,0.5478993058204651,-0.0988755151629448,0.3506973385810852,0.6017977595329285,-0.11511033028364182,0.35944864153862,0.6535261869430542,-0.12704940140247345,0.27588677406311035,0.4955379068851471,-0.0670914575457573,0.2802516520023346,0.5686566829681396,-0.0985194519162178,0.2843768894672394,0.6286317706108093,-0.11761263757944107,0.28479158878326416,0.6843585968017578,-0.1333770602941513,0.23977504670619965,0.5095319747924805,-0.06357549130916595,0.2268427163362503,0.5779391527175903,-0.09711170941591263,0.21841225028038025,0.6320199966430664,-0.11770401149988174,0.21024292707443237,0.6797850131988525,-0.1313832849264145,0.21347832679748535,0.5164720416069031,-0.06026272103190422,0.17777115106582642,0.5712871551513672,-0.09430298209190369,0.15165001153945923,0.6052460670471191,-0.11519411951303482,0.12948553264141083,0.6386342644691467,-0.12937211990356445,Right,0.9002159833908081
627,15,0,0.7730602025985718,0.398605078458786,3.813202908986568e-07,0.7097378969192505,0.4117249548435211,-0.022848546504974365,0.6569176912307739,0.4667716920375824,-0.0430971123278141,0.613000750541687,0.5119048357009888,-0.058206744492053986,0.5721083879470825,0.5181375741958618,-0.07631896436214447,0.6904024481773376,0.48199662566185,-0.08916373550891876,0.6543755531311035,0.5453256964683533,-0.12124408781528473,0.6316702365875244,0.590333104133606,-0.13781175017356873,0.6096120476722717,0.6358922123908997,-0.15001513063907623,0.7355624437332153,0.5093297362327576,-0.08931568264961243,0.723186194896698,0.5873661041259766,-0.12408358603715897,0.7131200432777405,0.6480078101158142,-0.1411529779434204,0.7058539390563965,0.7058073282241821,-0.15564756095409393,0.7744348645210266,0.526576578617096,-0.08619198948144913,0.7881163954734802,0.6092486381530762,-0.11717619001865387,0.797728419303894,0.6720865964889526,-0.13422197103500366,0.8061264753341675,0.728198230266571,-0.14724892377853394,0.8055607080459595,0.533057451248169,-0.08283288776874542,0.832719087600708,0.5994000434875488,-0.1088654175400734,0.850692629814148,0.6402915120124817,-0.12320857495069504,0.8644572496414185,0.6794148087501526,-0.134646937251091,Left,0.9550985097885132
627,15,1,0.2623196542263031,0.37523287534713745,3.6977598938392475e-07,0.316648930311203,0.40140753984451294,-0.02835921384394169,0.3541940152645111,0.455997496843338,-0.04659578949213028,0.3767226040363312,0.5111817121505737,-0.05876049026846886,0.405187726020813,0.554256796836853,-0.07126050442457199,0.3185139298439026,0.46342191100120544,-0.07441793382167816,0.33910804986953735,0.5413608551025391,-0.10528379678726196,0.3545909523963928,0.5965495705604553,-0.12125921994447708,0.3647083044052124,0.6493943929672241,-0.13245120644569397,0.2758004665374756,0.48567092418670654,-0.07263419777154922,0.2831052541732788,0.5634896159172058,-0.10749501734972,0.29003655910491943,0.6282473206520081,-0.12766562402248383,0.29323938488960266,0.6868417859077454,-0.14345598220825195,0.24042707681655884,0.49887752532958984,-0.06989707797765732,0.22931063175201416,0.5715727210044861,-0.10534192621707916,0.22251147031784058,0.630381166934967,-0.12534292042255402,0.21744176745414734,0.6818122267723083,-0.13788501918315887,0.2150624841451645,0.5045174360275269,-0.0673753172159195,0.18692466616630554,0.5653069019317627,-0.10054036229848862,0.16635450720787048,0.6057624220848083,-0.11945262551307678,0.15058007836341858,0.6444275975227356,-0.13210073113441467,Right,0.9314286112785339
671,16,0,0.7655596733093262,0.40010693669319153,3.910556642949814e-07,0.7024198174476624,0.41062483191490173,-0.022778429090976715,0.6473724842071533,0.4646398425102234,-0.04299093782901764,0.6039905548095703,0.515637218952179,-0.05872015282511711,0.5613504648208618,0.5321060419082642,-0.07735944539308548,0.6681439280509949,0.47266823053359985,-0.08612304925918579,0.6332155466079712,0.5343952178955078,-0.1201404333114624,0.6088745594024658,0.5773304104804993,-0.13858698308467865,0.5823830366134644,0.6185298562049866,-0.15160983800888062,0.712965190410614,0.499359130859375,-0.08743002265691757,0.6981640458106995,0.5688668489456177,-0.12503373622894287,0.6836057305335999,0.6292960047721863,-0.14348483085632324,0.6699807643890381,0.6860809922218323,-0.15830369293689728,0.753258466720581,0.5172825455665588,-0.08608251810073853,0.7619753479957581,0.5963696241378784,-0.11968152225017548,0.7680920362472534,0.6594580411911011,-0.13531287014484406,0.7707786560058594,0.716418981552124,-0.14686407148838043,0.7885904312133789,0.5263322591781616,-0.08466833829879761,0.8102147579193115,0.5905588269233704,-0.11374194920063019,0.8250068426132202,0.6315174102783203,-0.12791630625724792,0.835093080997467,0.6716046929359436,-0.13832080364227295,Left,0.9727416634559631
671,16,1,0.2648753523826599,0.3693982660770416,4.0329757666768273e-07,0.3204028606414795,0.39725518226623535,-0.031338490545749664,0.35802388191223145,0.45553770661354065,-0.05064690113067627,0.3797610402107239,0.5143342614173889,-0.06251021474599838,0.40741729736328125,0.5593838095664978,-0.0744604766368866,0.32153674960136414,0.4507134258747101,-0.08330196142196655,0.34347426891326904,0.532666027545929,-0.11585970968008041,0.3600841760635376,0.5925534963607788,-0.1317925751209259,0.37171027064323425,0.6481162309646606,-0.1426536589860916,0.27729108929634094,0.46951770782470703,-0.07946170121431351,0.28541427850723267,0.5524107217788696,-0.11608041077852249,0.29394134879112244,0.622632622718811,-0.1356825977563858,0.29980403184890747,0.6840449571609497,-0.15084555745124817,0.2415814846754074,0.4834623634815216,-0.07458198070526123,0.23397788405418396,0.5602052807807922,-0.11031097918748856,0.232355996966362,0.6248530149459839,-0.13011547923088074,0.23220741748809814,0.6797285079956055,-0.14225712418556213,0.21761968731880188,0.4934062063694,-0.07000972330570221,0.19333459436893463,0.5587167739868164,-0.10261982679367065,0.17895923554897308,0.6037980914115906,-0.12219776958227158,0.16963797807693481,0.6467540264129639,-0.135487362742424,Right,0.9718906283378601
715,17,0,0.7576427459716797,0.3972761631011963,5.269370149107999e-07,0.6826187968254089,0.40831536054611206,-0.018434125930070877,0.6381168961524963,0.4621829688549042,-0.040588319301605225,0.6084836721420288,0.5224568247795105,-0.05760859325528145,0.5762080550193787,0.5597906708717346,-0.07653576135635376,0.6437119245529175,0.45614925026893616,-0.09795839339494705,0.5989736914634705,0.5287768840789795,-0.13809385895729065,0.5713573098182678,0.5815955400466919,-0.15744204819202423,0.5454001426696777,0.6296626925468445,-0.17007805407047272,0.6889143586158752,0.4780276119709015,-0.10300195962190628,0.662151575088501,0.5671581029891968,-0.14909394085407257,0.6374418139457703,0.6355999708175659,-0.17049846053123474,0.6138933300971985,0.6926990151405334,-0.1861715167760849,0.731207013130188,0.4988299012184143,-0.10437998920679092,0.7315018177032471,0.5908123254776001,-0.1439678966999054,0.7186532616615295,0.6566995978355408,-0.16164542734622955,0.7020519971847534,0.7088862657546997,-0.1730262041091919,0.7656146287918091,0.5175210237503052,-0.1045026183128357,0.7753830552101135,0.594646155834198,-0.1375315934419632,0.7733232975006104,0.6460679769515991,-0.15376220643520355,0.7637658715248108,0.692617654800415,-0.16459956765174866,Left,0.9792946577072144
715,17,1,0.2728033661842346,0.37650421261787415,5.115439307701308e-07,0.33241668343544006,0.40609392523765564,-0.0373922735452652,0.369373083114624,0.4738306701183319,-0.06393032521009445,0.3883694112300873,0.5406943559646606,-0.07974528521299362,0.4153585731983185,0.5980863571166992,-0.09571226686239243,0.33571353554725647,0.45243963599205017,-0.11895406991243362,0.35223454236984253,0.5373247265815735,-0.15984608232975006,0.3683520257472992,0.6010273098945618,-0.18043310940265656,0.3800354599952698,0.6591163277626038,-0.19518019258975983,0.28859591484069824,0.4614427387714386,-0.11289524286985397,0.2969404458999634,0.5487545728683472,-0.16651342809200287,0.30940255522727966,0.6262272596359253,-0.19783885776996613,0.3182244896888733,0.6937349438667297,-0.2220706045627594,0.2499191015958786,0.4748646020889282,-0.10272469371557236,0.23667806386947632,0.5556749701499939,-0.14720986783504486,0.23910990357398987,0.6282283067703247,-0.17306376993656158,0.240645632147789,0.6874121427536011,-0.19043223559856415,0.2232099026441574,0.4900018870830536,-0.09213872998952866,0.20267367362976074,0.5555888414382935,-0.12936420738697052,0.1969704031944275,0.6042918562889099,-0.15323758125305176,0.1953696608543396,0.6514295339584351,-0.17104856669902802,Right,0.9731066823005676
758,18,0,0.7490680813789368,0.4083186686038971,3.928522573914961e-07,0.6765956282615662,0.41581839323043823,-0.019297171384096146,0.6228545308113098,0.47240200638771057,-0.039488986134529114,0.5835960507392883,0.5322160720825195,-0.054064441472291946,0.5460900664329529,0.5695956945419312,-0.07113433629274368,0.635283350944519,0.4594937264919281,-0.0951775461435318,0.5896862745285034,0.5361109375953674,-0.13183197379112244,0.5630714297294617,0.5952156186103821,-0.14796464145183563,0.541214644908905,0.6458911299705505,-0.15798994898796082,0.6788904070854187,0.4788282513618469,-0.09967618435621262,0.6522409915924072,0.5705832242965698,-0.1403655856847763,0.6266669034957886,0.643110990524292,-0.15652745962142944,0.6043269038200378,0.7001569271087646,-0.1684388518333435,0.7211941480636597,0.49792930483818054,-0.10118580609560013,0.7206482887268066,0.5904847979545593,-0.13715913891792297,0.7065491080284119,0.6565470695495605,-0.1510949581861496,0.6885392069816589,0.7065543532371521,-0.15963336825370789,0.7571306824684143,0.5153880715370178,-0.10183271765708923,0.7640048265457153,0.5967050790786743,-0.13266509771347046,0.7577877044677734,0.6476252675056458,-0.14681491255760193,0.7441734075546265,0.6867233514785767,-0.15573221445083618,Left,0.9906992316246033
758,18,1,0.28001588582992554,0.37991148233413696,5.708446337848727e-07,0.3402581512928009,0.4146196246147156,-0.04244760796427727,0.3735547959804535,0.48388537764549255,-0.07124465703964233,0.38845792412757874,0.5550491213798523,-0.08786236494779587,0.4117555618286133,0.6122827529907227,-0.1042478159070015,0.33790498971939087,0.4492533504962921,-0.12899905443191528,0.3564797043800354,0.5349655747413635,-0.17261341214179993,0.3709794282913208,0.5996845960617065,-0.19389396905899048,0.3820597529411316,0.6567542552947998,-0.20864081382751465,0.28897979855537415,0.4565311074256897,-0.1213844045996666,0.2957145869731903,0.5476504564285278,-0.17568325996398926,0.3057430684566498,0.6260195970535278,-0.20329797267913818,0.31335747241973877,0.6909234523773193,-0.22479121387004852,0.24925923347473145,0.4685271382331848,-0.1104879304766655,0.23680377006530762,0.5523616075515747,-0.15557871758937836,0.2393568754196167,0.630408763885498,-0.17981623113155365,0.24191266298294067,0.6890135407447815,-0.19624127447605133,0.22255641222000122,0.4812384843826294,-0.09975740313529968,0.2022799700498581,0.5521360039710999,-0.13745154440402985,0.2007322758436203,0.6035308241844177,-0.16115260124206543,0.2036632001399994,0.6485593318939209,-0.17926356196403503,Right,0.9853484034538269
803,19,0,0.7493257522583008,0.4075702428817749,2.9213828156571253e-07,0.6756662130355835,0.41058242321014404,-0.013644704595208168,0.6255558133125305,0.46404510736465454,-0.03337876498699188,0.5898154973983765,0.523044228553772,-0.048261016607284546,0.5567120313644409,0.5660058856010437,-0.06621153652667999,0.6295011639595032,0.45325976610183716,-0.09359244257211685,0.5848172903060913,0.5381547808647156,-0.1290789246559143,0.5587598085403442,0.5973243117332458,-0.14528027176856995,0.5358980298042297,0.6446524262428284,-0.15570971369743347,0.6733992695808411,0.47531288862228394,-0.10095194727182388,0.6453014016151428,0.5739136934280396,-0.14103983342647552,0.6170677542686462,0.6473929286003113,-0.15771150588989258,0.5915460586547852,0.6993611454963684,-0.17050382494926453,0.7158795595169067,0.49601447582244873,-0.10449522733688354,0.706117570400238,0.5942814946174622,-0.1380249410867691,0.6827606558799744,0.6616532206535339,-0.1520877182483673,0.6567848324775696,0.7067977786064148,-0.16208906471729279,0.752295970916748,0.5128322243690491,-0.10663247108459473,0.7543916702270508,0.5989217758178711,-0.1373828649520874,0.7422032952308655,0.6486530900001526,-0.15210330486297607,0.7219101786613464,0.6824116706848145,-0.1617651730775833,Left,0.9943045973777771
803,19,1,0.28175345063209534,0.3760469853878021,4.523820962276659e-07,0.3395901918411255,0.4095920920372009,-0.03798259422183037,0.3732113242149353,0.4801456928253174,-0.06455457955598831,0.38434383273124695,0.5543229579925537,-0.08007989078760147,0.39719849824905396,0.6175789833068848,-0.09482213854789734,0.34046879410743713,0.4453769028186798,-0.12266518920660019,0.3543395400047302,0.5325296521186829,-0.1655641794204712,0.36888062953948975,0.5988020896911621,-0.18584424257278442,0.3807307481765747,0.6560497879981995,-0.19971612095832825,0.29165443778038025,0.4523291289806366,-0.11675209552049637,0.2958358824253082,0.5430181622505188,-0.17003613710403442,0.30782780051231384,0.6220239400863647,-0.19564317166805267,0.3176621198654175,0.6879417896270752,-0.21530282497406006,0.25215771794319153,0.46482565999031067,-0.10767956078052521,0.2383536398410797,0.5467013120651245,-0.15246164798736572,0.2424934059381485,0.6231127977371216,-0.1749715507030487,0.24818433821201324,0.68124920129776,-0.18940554559230804,0.22549620270729065,0.4791504740715027,-0.09852810204029083,0.20520800352096558,0.5496088266372681,-0.13618020713329315,0.20608577132225037,0.6015860438346863,-0.1589668244123459,0.21392515301704407,0.6474973559379578,-0.17560644447803497,Right,0.987420916557312
846,20,0,0.7420213222503662,0.4032725691795349,2.3369945267859293e-07,0.6700417399406433,0.4015154242515564,-0.01480650994926691,0.6218725442886353,0.460202157497406,-0.034853532910346985,0.599250316619873,0.5275889039039612,-0.04980450123548508,0.5790264010429382,0.5777372717857361,-0.06830408424139023,0.620595395565033,0.4489486515522003,-0.09144116193056107,0.5766928195953369,0.5368229746818542,-0.12420545518398285,0.552577793598175,0.6025199890136719,-0.138738751411438,0.5338115096092224,0.6554981470108032,-0.14754748344421387,0.6663380861282349,0.46955618262290955,-0.09706385433673859,0.638258159160614,0.5686326026916504,-0.13217824697494507,0.6126273274421692,0.6460608839988708,-0.14474278688430786,0.5912873148918152,0.7000634074211121,-0.15489405393600464,0.7108452916145325,0.49254289269447327,-0.0993020236492157,0.6970701813697815,0.5904415845870972,-0.1275055855512619,0.672095537185669,0.6579228043556213,-0.13805407285690308,0.6479938626289368,0.7010594010353088,-0.1457606703042984,0.7496106624603271,0.5139132142066956,-0.10056503862142563,0.7421292662620544,0.6063711047172546,-0.1263599991798401,0.7246326804161072,0.6580670475959778,-0.1382114738225937,0.7033724188804626,0.689069390296936,-0.14592400193214417,Left,0.995212197303772
846,20,1,0.2806776463985443,0.3700863718986511,4.906762001155585e-07,0.3386424779891968,0.40292781591415405,-0.038221199065446854,0.3691905736923218,0.46938908100128174,-0.0692417100071907,0.37712782621383667,0.5380423665046692,-0.08877019584178925,0.3816234767436981,0.5973959565162659,-0.10828694701194763,0.3417626917362213,0.4369416832923889,-0.13630162179470062,0.35724785923957825,0.5262466073036194,-0.1847877949476242,0.37142109870910645,0.5951924324035645,-0.20732994377613068,0.38196244835853577,0.6495587229728699,-0.22117865085601807,0.29300814867019653,0.44255009293556213,-0.13131114840507507,0.29830029606819153,0.5420644879341125,-0.18725545704364777,0.31129541993141174,0.6230905652046204,-0.2114829123020172,0.32301974296569824,0.6830235719680786,-0.22907580435276031,0.2524052858352661,0.4565020799636841,-0.12283996492624283,0.24458305537700653,0.5424071550369263,-0.16991303861141205,0.2555149793624878,0.617668628692627,-0.19293218851089478,0.2689606845378876,0.670756459236145,-0.20711389183998108,0.22497054934501648,0.4726356565952301,-0.1139768436551094,0.2118169367313385,0.5456312298774719,-0.15404510498046875,0.22052519023418427,0.599284827709198,-0.1776091754436493,0.23585888743400574,0.6409530639648438,-0.19402272999286652,Right,0.9879024624824524
889,21,0,0.7417136430740356,0.40129196643829346,2.2832045942777768e-07,0.6696383357048035,0.40207889676094055,-0.012507105246186256,0.6226229071617126,0.4585772156715393,-0.03207165002822876,0.6022917032241821,0.5238559246063232,-0.04689102992415428,0.5851789116859436,0.5750563144683838,-0.0652758777141571,0.618822455406189,0.44945403933525085,-0.08976411074399948,0.5748905539512634,0.5349250435829163,-0.1222948282957077,0.5506337285041809,0.5986498594284058,-0.1370140016078949,0.5317978858947754,0.6497427225112915,-0.1459646224975586,0.6653628945350647,0.47002729773521423,-0.09639602899551392,0.6383692026138306,0.5715151429176331,-0.13119742274284363,0.6117560863494873,0.6478232145309448,-0.14429795742034912,0.5897928476333618,0.6997367143630981,-0.15482206642627716,0.7103258967399597,0.49372953176498413,-0.09932239353656769,0.6948290467262268,0.5945177674293518,-0.12727053463459015,0.6680692434310913,0.6613072752952576,-0.13806748390197754,0.6427084803581238,0.7023302912712097,-0.14581409096717834,0.7494734525680542,0.5157309174537659,-0.10099915415048599,0.7412201762199402,0.6094892621040344,-0.12685853242874146,0.7219769954681396,0.6596018671989441,-0.13859640061855316,0.698835551738739,0.6880508065223694,-0.14595578610897064,Left,0.9961095452308655
889,21,1,0.27953585982322693,0.3686550259590149,5.916321583754325e-07,0.34010764956474304,0.3990207314491272,-0.0375421978533268,0.370606392621994,0.4598309397697449,-0.06987500935792923,0.3748379051685333,0.5229002237319946,-0.09012333303689957,0.3739030361175537,0.5789934992790222,-0.11084244400262833,0.3429308235645294,0.43893885612487793,-0.14179183542728424,0.35727375745773315,0.5259811878204346,-0.19284115731716156,0.3710179924964905,0.5941362977027893,-0.21857815980911255,0.3815920650959015,0.648963451385498,-0.23490707576274872,0.2933567464351654,0.44351375102996826,-0.1369156688451767,0.2985883951187134,0.5423277020454407,-0.19562827050685883,0.31017783284187317,0.6225446462631226,-0.2237928956747055,0.3212326467037201,0.685067355632782,-0.24461238086223602,0.2520662844181061,0.4571845531463623,-0.12748540937900543,0.2454848289489746,0.5418618321418762,-0.17608022689819336,0.25813618302345276,0.6142632961273193,-0.20039071142673492,0.2717045545578003,0.6673300266265869,-0.215815469622612,0.2246565818786621,0.4743266999721527,-0.11719422787427902,0.21320997178554535,0.5463287234306335,-0.15776006877422333,0.22118794918060303,0.5982882976531982,-0.1811043918132782,0.23389267921447754,0.6412280797958374,-0.19763369858264923,Right,0.9889457821846008
931,22,0,0.743416965007782,0.39731258153915405,2.0796403532585828e-07,0.6695349812507629,0.3973644971847534,-0.014186320826411247,0.6148712038993835,0.45676928758621216,-0.033319730311632156,0.5795788764953613,0.5211333632469177,-0.04717051610350609,0.5453760027885437,0.5665876865386963,-0.0646008625626564,0.6191623210906982,0.445022851228714,-0.094338558614254,0.5741000175476074,0.5294634699821472,-0.12746401131153107,0.5467293858528137,0.5897388458251953,-0.1414068192243576,0.5251899361610413,0.6392822265625,-0.14989976584911346,0.664410412311554,0.466621458530426,-0.09995896369218826,0.6378040909767151,0.5692896842956543,-0.13607574999332428,0.6098693609237671,0.6449459195137024,-0.14824141561985016,0.5868998765945435,0.697954535484314,-0.15805868804454803,0.7081952095031738,0.49114087224006653,-0.10182532668113708,0.6931275725364685,0.5935936570167542,-0.13110871613025665,0.6661548614501953,0.6590337157249451,-0.14075517654418945,0.6404109597206116,0.7000207901000977,-0.14775654673576355,0.7460898160934448,0.5129804611206055,-0.10247508436441422,0.7386990785598755,0.6072344779968262,-0.129384383559227,0.7197820544242859,0.6574697494506836,-0.14125576615333557,0.6972813606262207,0.686520516872406,-0.14874108135700226,Left,0.9970915913581848
931,22,1,0.27932262420654297,0.36018508672714233,5.513663268175151e-07,0.340415358543396,0.3937070369720459,-0.03185456991195679,0.37046441435813904,0.464387983083725,-0.056211549788713455,0.3781566023826599,0.5388932824134827,-0.07044237852096558,0.3853068947792053,0.597347617149353,-0.08457714319229126,0.34307289123535156,0.4388256072998047,-0.11490663886070251,0.35874438285827637,0.5314044952392578,-0.15523727238178253,0.37079721689224243,0.5984757542610168,-0.17303606867790222,0.3808876872062683,0.6528647541999817,-0.18326881527900696,0.29424262046813965,0.4422299861907959,-0.1107494905591011,0.29984578490257263,0.5423057675361633,-0.15533475577831268,0.3108989894390106,0.6221546530723572,-0.1729828268289566,0.3220035433769226,0.6829705238342285,-0.18587343394756317,0.2532309293746948,0.4528981149196625,-0.1035463958978653,0.2466025948524475,0.5416410565376282,-0.1412186473608017,0.25976797938346863,0.6125024557113647,-0.15736335515975952,0.27504363656044006,0.66382896900177,-0.16672560572624207,0.2253432720899582,0.4667900800704956,-0.09608908742666245,0.2133018672466278,0.5447579026222229,-0.12725423276424408,0.2214195728302002,0.5983250737190247,-0.1433524489402771,0.23457302153110504,0.6412304639816284,-0.15398117899894714,Right,0.992451548576355
974,23,0,0.7434611320495605,0.39408841729164124,2.3848005525906046e-07,0.6703174114227295,0.3948400318622589,-0.013163496740162373,0.6156999468803406,0.45113682746887207,-0.030913613736629486,0.5799603462219238,0.5122174620628357,-0.04371512308716774,0.5462052822113037,0.5543581247329712,-0.06011825054883957,0.6178827881813049,0.44725221395492554,-0.09034745395183563,0.56803959608078,0.5248053669929504,-0.12222013622522354,0.5382864475250244,0.5827985405921936,-0.13571634888648987,0.5143477320671082,0.631188154220581,-0.14403094351291656,0.6623730063438416,0.46794605255126953,-0.09581591933965683,0.634826123714447,0.5705264210700989,-0.13003164529800415,0.6073994040489197,0.6457186937332153,-0.14182128012180328,0.5846410989761353,0.6986743211746216,-0.15163443982601166,0.7068263292312622,0.4911145567893982,-0.097597636282444,0.6925192475318909,0.5931881666183472,-0.126168891787529,0.6658797860145569,0.6600514054298401,-0.13634462654590607,0.6409236192703247,0.7032977938652039,-0.14366517961025238,0.74579256772995,0.5119388103485107,-0.09805141389369965,0.7373590469360352,0.6084896326065063,-0.1240985095500946,0.7182665467262268,0.6597387790679932,-0.13570719957351685,0.6962423324584961,0.68986576795578,-0.14306826889514923,Left,0.9949734210968018
974,23,1,0.2808414101600647,0.35841992497444153,5.31180489815597e-07,0.3407725393772125,0.38948148488998413,-0.02821328118443489,0.37122949957847595,0.46087563037872314,-0.05018848180770874,0.3785051703453064,0.5357311367988586,-0.06288169324398041,0.38283324241638184,0.5951685309410095,-0.07561801373958588,0.3456087112426758,0.43918144702911377,-0.10664594918489456,0.359625905752182,0.5329373478889465,-0.14479891955852509,0.371185839176178,0.5999507904052734,-0.16178461909294128,0.38069504499435425,0.6538445949554443,-0.17144276201725006,0.2969154417514801,0.44211345911026,-0.10380677878856659,0.3015328347682953,0.545922040939331,-0.1445925533771515,0.31156790256500244,0.6249986886978149,-0.16038841009140015,0.32209426164627075,0.6847495436668396,-0.1718347668647766,0.25535595417022705,0.4512171745300293,-0.09807000309228897,0.24824711680412292,0.5439388155937195,-0.13317956030368805,0.26106026768684387,0.6131007671356201,-0.1479315459728241,0.2765023112297058,0.6628335118293762,-0.1561376303434372,0.22687023878097534,0.46349626779556274,-0.09186305105686188,0.21500778198242188,0.5434838533401489,-0.12120312452316284,0.22276274859905243,0.5963937640190125,-0.13579301536083221,0.23589114844799042,0.6385557651519775,-0.14504098892211914,Right,0.9939436316490173
1017,24,0,0.7402184009552002,0.3892662525177002,2.397969467438088e-07,0.6669227480888367,0.39191436767578125,-0.0075162374414503574,0.6193551421165466,0.4518146216869354,-0.02262900397181511,0.599151074886322,0.5193620324134827,-0.03426078334450722,0.5860737562179565,0.5715506076812744,-0.049704134464263916,0.6107465624809265,0.45001235604286194,-0.07594236731529236,0.5617653131484985,0.5343896746635437,-0.10274577140808105,0.5346987247467041,0.595421314239502,-0.11423633247613907,0.5132951140403748,0.6446410417556763,-0.12134750187397003,0.6552905440330505,0.47212040424346924,-0.08358170837163925,0.6252296566963196,0.5744454264640808,-0.11132866144180298,0.5994796752929688,0.6445379853248596,-0.12160801887512207,0.5776612162590027,0.691399097442627,-0.13042601943016052,0.7012950778007507,0.4935244917869568,-0.08744880557060242,0.6835734844207764,0.5946576595306396,-0.10970112681388855,0.6597354412078857,0.6578010320663452,-0.11872415244579315,0.6373308300971985,0.6960705518722534,-0.12576913833618164,0.7428330779075623,0.5099118947982788,-0.08986599743366241,0.7341660261154175,0.6038996577262878,-0.11086561530828476,0.718172013759613,0.652351975440979,-0.12001176923513412,0.6997994184494019,0.6792189478874207,-0.12576644122600555,Left,0.9964549541473389
1017,24,1,0.2788257300853729,0.3530164659023285,5.37136713774089e-07,0.34033817052841187,0.3773752450942993,-0.024456694722175598,0.3693635165691376,0.43709978461265564,-0.04787590354681015,0.37129345536231995,0.5021286606788635,-0.06235833838582039,0.3661114573478699,0.5519118905067444,-0.07714352756738663,0.3482632040977478,0.4272281229496002,-0.10727456957101822,0.36146941781044006,0.5275087952613831,-0.1422429084777832,0.3733143210411072,0.5951694250106812,-0.15668445825576782,0.3834482729434967,0.6474283933639526,-0.16392041742801666,0.299179345369339,0.4339211583137512,-0.10462634265422821,0.30431675910949707,0.5433485507965088,-0.14087583124637604,0.31706738471984863,0.6209167242050171,-0.15188975632190704,0.3297269940376282,0.6745083332061768,-0.15959013998508453,0.25797799229621887,0.4468635618686676,-0.0980944111943245,0.25648486614227295,0.5470707416534424,-0.12590116262435913,0.27267220616340637,0.6139835715293884,-0.13480518758296967,0.2903115153312683,0.6551268100738525,-0.13930533826351166,0.2302466779947281,0.46171560883522034,-0.09114232659339905,0.22694498300552368,0.5471006631851196,-0.11204764991998672,0.24189671874046326,0.5977987051010132,-0.11971254646778107,0.25997525453567505,0.6306412220001221,-0.12387251853942871,Right,0.9948335886001587
1062,25,0,0.7442444562911987,0.38657277822494507,2.4065477077783726e-07,0.669373631477356,0.38710933923721313,-0.0065222857519984245,0.6197447180747986,0.44595664739608765,-0.022563418373465538,0.5963747501373291,0.5135376453399658,-0.034854188561439514,0.5816395878791809,0.5672256946563721,-0.050773005932569504,0.6097960472106934,0.4462563395500183,-0.08136072009801865,0.559381365776062,0.5356044769287109,-0.11099008470773697,0.5319362878799438,0.5969730019569397,-0.12357775121927261,0.51088547706604,0.6460213661193848,-0.1305341124534607,0.6535052061080933,0.47064825892448425,-0.08888960629701614,0.6189985871315002,0.5768216848373413,-0.11866401880979538,0.5919777154922485,0.6442008018493652,-0.12707722187042236,0.5716482996940613,0.6849717497825623,-0.1336214691400528,0.6982592940330505,0.4943423271179199,-0.0925028994679451,0.6734556555747986,0.5986533761024475,-0.11536669731140137,0.6464962363243103,0.6585648655891418,-0.12265871465206146,0.6245617270469666,0.6895167827606201,-0.12767118215560913,0.7386128306388855,0.5119982957839966,-0.09450920671224594,0.726134717464447,0.6066187620162964,-0.1144745871424675,0.7094780802726746,0.6535950899124146,-0.12192178517580032,0.6929616928100586,0.675929844379425,-0.12590788304805756,Left,0.9977633357048035
1062,25,1,0.2809562385082245,0.35131362080574036,5.634419153466297e-07,0.34198427200317383,0.3734133243560791,-0.023619405925273895,0.37102189660072327,0.43554168939590454,-0.04551049321889877,0.374891072511673,0.502434492111206,-0.05843934789299965,0.37089788913726807,0.5543425679206848,-0.07152890413999557,0.35090333223342896,0.4229291081428528,-0.10121428966522217,0.36260396242141724,0.5226197838783264,-0.1325233429670334,0.3744291365146637,0.5892503261566162,-0.14371523261070251,0.3830701410770416,0.63753741979599,-0.14795882999897003,0.303953617811203,0.42933574318885803,-0.09814423322677612,0.3106311559677124,0.539558470249176,-0.1303742527961731,0.32683852314949036,0.6148253679275513,-0.1372152417898178,0.34132280945777893,0.661665678024292,-0.14126388728618622,0.26423734426498413,0.4405210316181183,-0.09152057021856308,0.2630566358566284,0.5439627170562744,-0.11674821376800537,0.28297364711761475,0.6119829416275024,-0.12369859963655472,0.3034139573574066,0.6502212285995483,-0.126342311501503,0.23712460696697235,0.45161712169647217,-0.08442018926143646,0.236085444688797,0.5404216647148132,-0.10356132686138153,0.25339916348457336,0.5925687551498413,-0.1096729263663292,0.2730998992919922,0.6217638254165649,-0.11219833791255951,Right,0.995638906955719
1105,26,0,0.7455804347991943,0.3878518342971802,2.0718287885301834e-07,0.6707247495651245,0.38821887969970703,-0.003603718476369977,0.620050311088562,0.44462141394615173,-0.01916390471160412,0.5953155159950256,0.5105943083763123,-0.03184071183204651,0.5791183114051819,0.5661965012550354,-0.04784345254302025,0.6061660051345825,0.445812463760376,-0.07509541511535645,0.5544818639755249,0.5363068580627441,-0.10360565036535263,0.5287392139434814,0.6002607941627502,-0.11523228138685226,0.5107974410057068,0.6501539945602417,-0.12108147144317627,0.648979663848877,0.4711117446422577,-0.08430488407611847,0.6101632118225098,0.5768395662307739,-0.11281240731477737,0.5839014649391174,0.644081711769104,-0.11936404556035995,0.5662996768951416,0.6829431653022766,-0.12397591024637222,0.6937782764434814,0.4961950182914734,-0.08980215340852737,0.6615989208221436,0.6003344655036926,-0.11177799850702286,0.6339264512062073,0.6562039256095886,-0.1163468062877655,0.6137847900390625,0.681402325630188,-0.11878218501806259,0.7352712750434875,0.5161342620849609,-0.09356532990932465,0.716264545917511,0.6110950112342834,-0.11220644414424896,0.6970862150192261,0.6555224061012268,-0.11690858006477356,0.6801802515983582,0.6736272573471069,-0.11838747560977936,Left,0.9975627660751343
1105,26,1,0.2838364541530609,0.35026949644088745,5.823821425110509e-07,0.34554341435432434,0.372283011674881,-0.02193811535835266,0.3752230107784271,0.4450111389160156,-0.04276532679796219,0.37992843985557556,0.5232354998588562,-0.0541381910443306,0.38082218170166016,0.5827062129974365,-0.0659375786781311,0.3574397563934326,0.42514896392822266,-0.1011357456445694,0.3625261187553406,0.5295497179031372,-0.1288030594587326,0.37267887592315674,0.5959879755973816,-0.13595548272132874,0.3792606294155121,0.6418668031692505,-0.1372215449810028,0.3108006417751312,0.4285244941711426,-0.09790550172328949,0.31385335326194763,0.5458502173423767,-0.12703195214271545,0.3300468921661377,0.6164268255233765,-0.12989073991775513,0.3426602780818939,0.6556037664413452,-0.1308595836162567,0.2702094316482544,0.43765389919281006,-0.09048425406217575,0.26805540919303894,0.5519503355026245,-0.11307082325220108,0.2887897491455078,0.6171696782112122,-0.11661596596240997,0.30913257598876953,0.650532603263855,-0.11734825372695923,0.2402215152978897,0.4474208652973175,-0.08214514702558517,0.23992863297462463,0.5405782461166382,-0.09795743227005005,0.2560458779335022,0.5882676243782043,-0.10031155496835709,0.27408167719841003,0.6115388870239258,-0.10045219212770462,Right,0.995620846748352
1148,27,0,0.743418276309967,0.3850559592247009,1.3311046132002957e-07,0.667757511138916,0.38889530301094055,-0.001715297345072031,0.616814911365509,0.4452873468399048,-0.01605496183037758,0.5921595692634583,0.5109207630157471,-0.028475968167185783,0.5773676633834839,0.5665642023086548,-0.044640686362981796,0.6022465229034424,0.4480525851249695,-0.07054780423641205,0.5510838031768799,0.5365350246429443,-0.09955571591854095,0.526663064956665,0.6011292338371277,-0.11202629655599594,0.5114467144012451,0.6502410769462585,-0.11829213052988052,0.6436215043067932,0.47156423330307007,-0.08181830495595932,0.602302074432373,0.5735609531402588,-0.11107338219881058,0.5783968567848206,0.6428087949752808,-0.11840078234672546,0.5660740733146667,0.6828393936157227,-0.12334174662828445,0.6892260909080505,0.4947142004966736,-0.08981450647115707,0.654888391494751,0.5914497971534729,-0.11366816610097885,0.6279675960540771,0.6496524214744568,-0.12061034142971039,0.6108770966529846,0.6778350472450256,-0.1244734600186348,0.7333220839500427,0.5136407613754272,-0.09589464217424393,0.7121076583862305,0.6060624122619629,-0.11762391775846481,0.6930813193321228,0.6526530385017395,-0.12510666251182556,0.6785563826560974,0.6731346249580383,-0.12848490476608276,Left,0.995535671710968
1148,27,1,0.2893303632736206,0.3459634780883789,6.391600209099124e-07,0.3508557081222534,0.3745459318161011,-0.01858609728515148,0.37745803594589233,0.4453479051589966,-0.04184418544173241,0.3785032033920288,0.5151862502098083,-0.05577964708209038,0.3752571940422058,0.5690819025039673,-0.06919311732053757,0.3603455722332001,0.4262319803237915,-0.11195898801088333,0.36012619733810425,0.5360217094421387,-0.14637412130832672,0.3722591698169708,0.6024656295776367,-0.15359245240688324,0.37919503450393677,0.6403828859329224,-0.1509389579296112,0.31338393688201904,0.4270159602165222,-0.10969100892543793,0.3087504804134369,0.5545139312744141,-0.14354680478572845,0.3325554132461548,0.6265708804130554,-0.13669587671756744,0.34841954708099365,0.6475444436073303,-0.12542089819908142,0.272244930267334,0.43258315324783325,-0.10286286473274231,0.2664634585380554,0.5581589341163635,-0.12918013334274292,0.295083224773407,0.6215121746063232,-0.11885952204465866,0.3185412287712097,0.6384533047676086,-0.10418578237295151,0.24173755943775177,0.44070684909820557,-0.09495537728071213,0.2387753576040268,0.5408547520637512,-0.11406324803829193,0.2625657916069031,0.5901061296463013,-0.10861175507307053,0.284715473651886,0.6046023964881897,-0.09750309586524963,Right,0.9954685568809509
1195,28,0,0.739193320274353,0.3859243094921112,8.87813129679671e-08,0.6658622622489929,0.39245274662971497,0.006470795720815659,0.6125653386116028,0.4472743272781372,-0.003689026227220893,0.5883500576019287,0.5114840269088745,-0.01377948746085167,0.5750876665115356,0.564144492149353,-0.027843406423926353,0.5986560583114624,0.4511682093143463,-0.05703171715140343,0.5499889850616455,0.5425201654434204,-0.08295805752277374,0.530036449432373,0.6032911539077759,-0.0942445620894432,0.5195425152778625,0.6504088044166565,-0.09968098253011703,0.6390379667282104,0.47011154890060425,-0.07256946712732315,0.5867148041725159,0.563531756401062,-0.09922147542238235,0.5626948475837708,0.6345552206039429,-0.1073790118098259,0.5503857731819153,0.6834930181503296,-0.11310726404190063,0.6840340495109558,0.4908432066440582,-0.08438551425933838,0.6415305137634277,0.5812717080116272,-0.10624080151319504,0.6184328198432922,0.6431152820587158,-0.11314720660448074,0.6030327677726746,0.6816750764846802,-0.11740467697381973,0.7297499179840088,0.5095682144165039,-0.09353593736886978,0.7033172249794006,0.6005899310112,-0.11291796714067459,0.6880842447280884,0.6442198753356934,-0.11804836988449097,0.6756638884544373,0.6673868894577026,-0.1204090341925621,Left,0.9939103722572327
1195,28,1,0.29763954877853394,0.34221935272216797,4.864608058596787e-07,0.35996362566947937,0.3719307780265808,-0.015138683840632439,0.38558217883110046,0.45477408170700073,-0.033089347183704376,0.3891725540161133,0.5328079462051392,-0.04278501868247986,0.3946986496448517,0.5905295014381409,-0.05048799142241478,0.3623085021972656,0.4490177035331726,-0.09315525740385056,0.3579428195953369,0.5583218336105347,-0.11893844604492188,0.3727189302444458,0.6141353845596313,-0.11586175113916397,0.38410961627960205,0.6290689706802368,-0.10438243299722672,0.3154277801513672,0.4489971101284027,-0.09046623855829239,0.31172671914100647,0.5734182000160217,-0.1155431866645813,0.33402401208877563,0.6326949596405029,-0.10018321871757507,0.3496190905570984,0.6375522613525391,-0.08139731734991074,0.27593863010406494,0.4496634602546692,-0.0842563733458519,0.27217403054237366,0.5734350681304932,-0.1039009764790535,0.29648900032043457,0.6271339654922485,-0.08616629242897034,0.31550148129463196,0.6325308680534363,-0.06541711837053299,0.24654100835323334,0.4499692916870117,-0.07702046632766724,0.24727924168109894,0.5508686304092407,-0.09109099209308624,0.26871562004089355,0.6004279255867004,-0.08161371946334839,0.2879394590854645,0.6143227815628052,-0.06662898510694504,Right,0.9975298643112183
1238,29,0,0.742916464805603,0.3876979351043701,4.718353707744427e-08,0.670694887638092,0.38928118348121643,0.012285367585718632,0.6167776584625244,0.4380759596824646,0.004716914147138596,0.589552104473114,0.49660900235176086,-0.0036106090992689133,0.5735733509063721,0.5479117035865784,-0.015900662168860435,0.6002445220947266,0.4449886083602905,-0.051300402730703354,0.5487207770347595,0.5375221967697144,-0.07563130557537079,0.5297880172729492,0.5991578698158264,-0.08512280881404877,0.5221844911575317,0.6469662189483643,-0.08869878202676773,0.6390723586082458,0.4665418267250061,-0.06873396784067154,0.581106960773468,0.5612109899520874,-0.09456972032785416,0.55723637342453,0.6321917772293091,-0.10116429626941681,0.545818567276001,0.681362509727478,-0.1048324927687645,0.682591438293457,0.490540474653244,-0.08188816905021667,0.633121907711029,0.580450177192688,-0.10217129439115524,0.6083661913871765,0.6402168273925781,-0.10621393471956253,0.5924742221832275,0.6778704524040222,-0.10786539316177368,0.7277470231056213,0.5124405026435852,-0.0918726921081543,0.6954971551895142,0.6040061712265015,-0.10873464494943619,0.6778790354728699,0.6462123990058899,-0.11066432297229767,0.6636594533920288,0.6684174537658691,-0.11031553149223328,Left,0.9944995641708374
1238,29,1,0.29511433839797974,0.33842092752456665,3.5791512686955684e-07,0.35952532291412354,0.3711906969547272,-0.012437084689736366,0.3837621808052063,0.4555957317352295,-0.02663383260369301,0.387106716632843,0.5334385633468628,-0.033579472452402115,0.39534908533096313,0.5891733169555664,-0.037553176283836365,0.36412352323532104,0.4528329372406006,-0.08196761459112167,0.35880744457244873,0.5656678080558777,-0.10669045150279999,0.36908605694770813,0.6212961077690125,-0.10269942134618759,0.3790476322174072,0.6299290657043457,-0.09016754478216171,0.316562294960022,0.4509352743625641,-0.08063484728336334,0.3109474182128906,0.5772797465324402,-0.10610666126012802,0.32782813906669617,0.6335386633872986,-0.09219108521938324,0.34220045804977417,0.6342236995697021,-0.07361554354429245,0.27733007073402405,0.44874775409698486,-0.07637886703014374,0.27191972732543945,0.5722100734710693,-0.09503751248121262,0.29122960567474365,0.6216384768486023,-0.07609393447637558,0.3079911172389984,0.6260097026824951,-0.05416331812739372,0.249114990234375,0.44796478748321533,-0.0713612511754036,0.24876245856285095,0.5482496619224548,-0.08525986224412918,0.26577073335647583,0.5941289663314819,-0.07595329731702805,0.28207069635391235,0.6061204075813293,-0.060750219970941544,Right,0.9972311854362488
1283,30,0,0.745615541934967,0.3936501443386078,5.081476572854626e-08,0.6730381846427917,0.39128148555755615,0.012373223900794983,0.6197899580001831,0.43571585416793823,0.0049154506996273994,0.5916991233825684,0.49176761507987976,-0.0030606205109506845,0.5732053518295288,0.5413755178451538,-0.01462272647768259,0.6005954742431641,0.4423125386238098,-0.050170574337244034,0.5446720123291016,0.5369774699211121,-0.07317686080932617,0.5256105661392212,0.5984207391738892,-0.08017466962337494,0.5193281769752502,0.6428816914558411,-0.08099237084388733,0.6377909779548645,0.46760293841362,-0.06643268465995789,0.5742431879043579,0.5654751062393188,-0.0892268493771553,0.550926923751831,0.6333649158477783,-0.09106934070587158,0.5423700213432312,0.6742624044418335,-0.09022971987724304,0.6795649528503418,0.4958259165287018,-0.07868284732103348,0.622589647769928,0.5872898101806641,-0.0962577611207962,0.5966906547546387,0.6437823176383972,-0.0960187017917633,0.5825739502906799,0.6736825108528137,-0.09387965500354767,0.7235319018363953,0.5214235186576843,-0.08793637901544571,0.6840649843215942,0.6095320582389832,-0.102373406291008,0.664483904838562,0.6478008031845093,-0.10093460232019424,0.6514487862586975,0.6632148027420044,-0.09724976122379303,Left,0.9960642457008362
1283,30,1,0.2902582585811615,0.3379875719547272,3.1879901030151814e-07,0.35725247859954834,0.369329035282135,-0.009285599924623966,0.3823220431804657,0.451032817363739,-0.0213609728962183,0.3870221674442291,0.5272959470748901,-0.026655185967683792,0.39264917373657227,0.5829053521156311,-0.028647681698203087,0.3627786934375763,0.4570264518260956,-0.07560089230537415,0.3562600016593933,0.5707921981811523,-0.09915053844451904,0.36618074774742126,0.6221383810043335,-0.09386268258094788,0.3742189109325409,0.6236965656280518,-0.07968369871377945,0.3152649402618408,0.458211213350296,-0.07438705861568451,0.3097357749938965,0.5863782167434692,-0.0985848680138588,0.3270289897918701,0.6400347948074341,-0.08270690590143204,0.3404955565929413,0.6352543830871582,-0.06176755949854851,0.2765519320964813,0.45729532837867737,-0.07029341161251068,0.271388441324234,0.5814569592475891,-0.08723778277635574,0.29032576084136963,0.6293898224830627,-0.06551066040992737,0.30534157156944275,0.6316619515419006,-0.04085081070661545,0.24962671101093292,0.4558168649673462,-0.06530273705720901,0.24991625547409058,0.5557022094726562,-0.0775599330663681,0.26562899351119995,0.6026403903961182,-0.06668957322835922,0.27942484617233276,0.615607738494873,-0.049654778093099594,Right,0.9974760413169861
1328,31,0,0.752566933631897,0.4036715030670166,6.498180482594762e-08,0.6758837103843689,0.3919451832771301,0.01696191541850567,0.6222929358482361,0.43277817964553833,0.011636478826403618,0.5892530679702759,0.4865611493587494,0.0054543884471058846,0.5687670111656189,0.5378713011741638,-0.0036495858803391457,0.6054636836051941,0.43687132000923157,-0.046318668872117996,0.5462116599082947,0.5310642719268799,-0.0660448968410492,0.524974524974823,0.5863557457923889,-0.06832312047481537,0.5170926451683044,0.6194002032279968,-0.06432059407234192,0.6401512026786804,0.46734118461608887,-0.06065627560019493,0.5756041407585144,0.5781267881393433,-0.07945170998573303,0.5527387857437134,0.6277058720588684,-0.07190520316362381,0.5506080389022827,0.6396503448486328,-0.06178143993020058,0.678346574306488,0.5001535415649414,-0.07052062451839447,0.6185904145240784,0.6062257885932922,-0.08424622565507889,0.5929754376411438,0.6469594240188599,-0.07282326370477676,0.5853731632232666,0.65183025598526,-0.060025863349437714,0.7163002490997314,0.5287349820137024,-0.07716019451618195,0.6728270053863525,0.616102933883667,-0.08516526967287064,0.6523226499557495,0.6446282863616943,-0.07514658570289612,0.6439911127090454,0.6454642415046692,-0.06302536278963089,Left,0.9966691136360168
1328,31,1,0.28715720772743225,0.34101709723472595,2.7675221758727275e-07,0.35423898696899414,0.3711271584033966,-0.0059030489064753056,0.38035401701927185,0.45184755325317383,-0.016928067430853844,0.3877946138381958,0.5271520614624023,-0.02193816751241684,0.40127864480018616,0.5772075057029724,-0.023646092042326927,0.3619654178619385,0.45966053009033203,-0.07182971388101578,0.3606950640678406,0.575975775718689,-0.0943204015493393,0.3721771538257599,0.6236470937728882,-0.088324636220932,0.3792606294155121,0.6219915151596069,-0.07350116223096848,0.3154639005661011,0.46390342712402344,-0.07202189415693283,0.31567490100860596,0.5927181839942932,-0.09378929436206818,0.3356260657310486,0.6414154171943665,-0.07558020949363708,0.34893879294395447,0.6324121952056885,-0.052991822361946106,0.2772550582885742,0.4645352363586426,-0.06913366913795471,0.27796682715415955,0.5885451436042786,-0.08389374613761902,0.2987159192562103,0.6312389373779297,-0.05924314633011818,0.31280723214149475,0.6291513442993164,-0.032685719430446625,0.25006330013275146,0.46279090642929077,-0.0652536079287529,0.25254178047180176,0.5632137060165405,-0.07474371045827866,0.268884539604187,0.6059333682060242,-0.06075901910662651,0.2817843556404114,0.6149995923042297,-0.041568852961063385,Right,0.9981804490089417
1372,32,0,0.752129077911377,0.40924233198165894,6.127584128989838e-08,0.6735899448394775,0.3958365023136139,0.013769399374723434,0.6193955540657043,0.43806976079940796,0.00549085671082139,0.5848209857940674,0.49479997158050537,-0.0026703914627432823,0.5632826089859009,0.5472011566162109,-0.013053595088422298,0.6060342192649841,0.4377408027648926,-0.05353749543428421,0.5466631650924683,0.5331090688705444,-0.07408878207206726,0.5247315168380737,0.5855165123939514,-0.07474444806575775,0.5188804268836975,0.6167256236076355,-0.0689726248383522,0.6414054036140442,0.4706326723098755,-0.06618700921535492,0.5781247615814209,0.5822888612747192,-0.08604864776134491,0.5533193349838257,0.6287943124771118,-0.07703190296888351,0.5514651536941528,0.6392848491668701,-0.06584584712982178,0.6786044836044312,0.5050267577171326,-0.0742575153708458,0.6208575963973999,0.6111351847648621,-0.08741269260644913,0.5935335159301758,0.6493716239929199,-0.0739646703004837,0.5865065455436707,0.6527414321899414,-0.06015748158097267,0.7148749232292175,0.5343305468559265,-0.07953337579965591,0.6705271005630493,0.621691107749939,-0.08677953481674194,0.647671639919281,0.6486996412277222,-0.07627566158771515,0.6377331018447876,0.6484606266021729,-0.06404483318328857,Left,0.9968497157096863
1372,32,1,0.2836240231990814,0.33880817890167236,2.0160914004918595e-07,0.3514816164970398,0.3662622272968292,-0.0017894685734063387,0.3787107467651367,0.44514045119285583,-0.01041388139128685,0.387569785118103,0.5186952352523804,-0.013809525407850742,0.401627779006958,0.5693305134773254,-0.013685688376426697,0.3624202609062195,0.45804068446159363,-0.06418562680482864,0.3608889877796173,0.5736370086669922,-0.08203792572021484,0.3722573220729828,0.6150023937225342,-0.07253505289554596,0.3801928162574768,0.6107706427574158,-0.05608609691262245,0.31664878129959106,0.46461522579193115,-0.06589291989803314,0.3195872902870178,0.5924445390701294,-0.08412504941225052,0.3404039144515991,0.6341961622238159,-0.06407895684242249,0.35452139377593994,0.625829815864563,-0.04076078161597252,0.27906858921051025,0.46699103713035583,-0.06421535462141037,0.2825563848018646,0.5890525579452515,-0.07520819455385208,0.3043179512023926,0.6253891587257385,-0.04859891161322594,0.31885841488838196,0.623256266117096,-0.021633638069033623,0.25226885080337524,0.4645271599292755,-0.06154245883226395,0.25542640686035156,0.5644336938858032,-0.06748928874731064,0.27332180738449097,0.6040892004966736,-0.05191952362656593,0.2870435416698456,0.6142292022705078,-0.03235762193799019,Right,0.998409628868103
1415,33,0,0.755115270614624,0.4149991571903229,8.91113884904371e-08,0.6760085821151733,0.39846718311309814,0.01566355861723423,0.6219693422317505,0.43736258149147034,0.008521364070475101,0.5861522555351257,0.49137231707572937,0.001485643326304853,0.5640386939048767,0.5423535108566284,-0.0073804063722491264,0.6097537279129028,0.43897560238838196,-0.051187913864851,0.5481374263763428,0.5332716107368469,-0.07043413072824478,0.5251165628433228,0.5848064422607422,-0.06971129029989243,0.5187665820121765,0.6153231859207153,-0.06240903213620186,0.6439337730407715,0.47559115290641785,-0.0630013644695282,0.5792424082756042,0.5861154198646545,-0.08152415603399277,0.5535621643066406,0.6294401288032532,-0.07016368210315704,0.5516514778137207,0.6371338367462158,-0.05656293034553528,0.6795685291290283,0.5127241611480713,-0.06997641175985336,0.6205770373344421,0.6161811351776123,-0.08106420934200287,0.5924841165542603,0.6495751738548279,-0.06473495811223984,0.5857993960380554,0.64958256483078,-0.04827604815363884,0.714288592338562,0.5430814027786255,-0.07405496388673782,0.6683999300003052,0.6257748603820801,-0.07749493420124054,0.645296573638916,0.6482421159744263,-0.06362541019916534,0.6357930302619934,0.6443135142326355,-0.048648327589035034,Left,0.9973472952842712
1415,33,1,0.2817211151123047,0.33646881580352783,1.608417505849502e-07,0.35096275806427,0.3611449897289276,-0.0020290042739361525,0.37964633107185364,0.43826770782470703,-0.00894127506762743,0.3879021108150482,0.5094836950302124,-0.010492428205907345,0.3925666809082031,0.56087726354599,-0.00821701530367136,0.3631744086742401,0.45710325241088867,-0.059284064918756485,0.3627888560295105,0.5715457201004028,-0.0734994038939476,0.37697944045066833,0.6032416820526123,-0.06169227883219719,0.3841952085494995,0.5896672010421753,-0.04441097378730774,0.3167775273323059,0.464372456073761,-0.06014428660273552,0.32228222489356995,0.5908243656158447,-0.07619228214025497,0.3448113799095154,0.6293178200721741,-0.056923121213912964,0.3593899607658386,0.6192173361778259,-0.034957800060510635,0.27900850772857666,0.4666169583797455,-0.05779590085148811,0.28409498929977417,0.5871145129203796,-0.06790804862976074,0.30650144815444946,0.6253107786178589,-0.04494866356253624,0.32180097699165344,0.6242822408676147,-0.02136749029159546,0.25298580527305603,0.46342119574546814,-0.05420318990945816,0.25776761770248413,0.5613370537757874,-0.06041274592280388,0.2752414345741272,0.6020335555076599,-0.04733114689588547,0.28853675723075867,0.613795280456543,-0.03038755990564823,Right,0.9988539814949036
1459,34,0,0.7576918601989746,0.4249427020549774,1.1971941660249286e-07,0.6813477873802185,0.4018256962299347,0.01371146459132433,0.6270325183868408,0.43486258387565613,0.006413971073925495,0.5894908308982849,0.4823462963104248,-0.0008644381305202842,0.565602719783783,0.5292081236839294,-0.009746987372636795,0.6142317056655884,0.4378140866756439,-0.049513570964336395,0.5506395697593689,0.521245539188385,-0.07150842249393463,0.52504563331604,0.5685656070709229,-0.07360978424549103,0.5202727913856506,0.5934863686561584,-0.06733650714159012,0.6455760598182678,0.4797927141189575,-0.06019647419452667,0.5788755416870117,0.5812095999717712,-0.08012712746858597,0.5507248640060425,0.6189744472503662,-0.07024876028299332,0.549737811088562,0.6208040714263916,-0.056945059448480606,0.6789467334747314,0.5203242897987366,-0.06669829785823822,0.6181250810623169,0.6171079277992249,-0.07968921214342117,0.5873737931251526,0.6442368626594543,-0.0650709792971611,0.5807230472564697,0.6365694403648376,-0.04875604808330536,0.7111653685569763,0.5519596338272095,-0.07044543325901031,0.6644402146339417,0.6290082335472107,-0.07602763175964355,0.637912929058075,0.6489535570144653,-0.06385023146867752,0.6269616484642029,0.6410104632377625,-0.04914657399058342,Left,0.9973201155662537
1459,34,1,0.27367743849754333,0.3393939733505249,1.6579046757669857e-07,0.3429150879383087,0.352189302444458,-0.0001875109737738967,0.3742375075817108,0.41730979084968567,-0.006773287430405617,0.38285815715789795,0.48483794927597046,-0.008963446132838726,0.3815602660179138,0.5377536416053772,-0.008493956178426743,0.3636462688446045,0.4487534761428833,-0.05387413501739502,0.36866915225982666,0.5626757740974426,-0.06840679049491882,0.38384103775024414,0.5968128442764282,-0.059283699840307236,0.39397627115249634,0.5878598093986511,-0.04398583993315697,0.3191174864768982,0.46424639225006104,-0.054991815239191055,0.3290031850337982,0.5859233140945435,-0.06883680075407028,0.3520183563232422,0.6261094212532043,-0.05222649872303009,0.3691757023334503,0.6213730573654175,-0.03292875364422798,0.2818502187728882,0.4716109335422516,-0.05289696156978607,0.29235193133354187,0.5845786333084106,-0.060893312096595764,0.31480467319488525,0.6230964064598083,-0.04041937738656998,0.33214280009269714,0.6257705688476562,-0.01923520863056183,0.2563798427581787,0.47138065099716187,-0.04941466450691223,0.26637518405914307,0.5622316598892212,-0.05230555683374405,0.28406214714050293,0.6016202569007874,-0.038545623421669006,0.29923856258392334,0.6157118082046509,-0.021734412759542465,Right,0.997221052646637
1503,35,0,0.7574975490570068,0.4315592646598816,1.2339086197243887e-07,0.6840748190879822,0.40659287571907043,0.012465088628232479,0.6308467388153076,0.43644922971725464,0.004901167005300522,0.5928136706352234,0.4798716604709625,-0.0020248282235115767,0.5679400563240051,0.5257681608200073,-0.009965443052351475,0.6186157464981079,0.43503841757774353,-0.054994285106658936,0.5502574443817139,0.5096479654312134,-0.07939895242452621,0.5252212882041931,0.5583624243736267,-0.08055800199508667,0.5245192050933838,0.5831142067909241,-0.07234250754117966,0.647516131401062,0.4775913655757904,-0.06462708860635757,0.5770155191421509,0.5733319520950317,-0.08739253133535385,0.5495166778564453,0.6111701726913452,-0.07478467375040054,0.5541702508926392,0.6112104058265686,-0.057826340198516846,0.6791115403175354,0.5208537578582764,-0.07026815414428711,0.6160722970962524,0.615837037563324,-0.08682361990213394,0.5862290263175964,0.6425875425338745,-0.06992007791996002,0.5848371982574463,0.632692277431488,-0.049915991723537445,0.7093771696090698,0.5555080771446228,-0.0729903057217598,0.6600040197372437,0.6302651166915894,-0.08237938582897186,0.6334699988365173,0.648711621761322,-0.07030700892210007,0.6260455846786499,0.6375783085823059,-0.05385391414165497,Left,0.9976460933685303
1503,35,1,0.2660076916217804,0.34624770283699036,1.651598751095662e-07,0.3375546634197235,0.3524886667728424,-0.00019205923308618367,0.3727252781391144,0.4122418165206909,-0.006161796394735575,0.38436728715896606,0.4797724187374115,-0.00802292674779892,0.38358891010284424,0.5328704118728638,-0.007208175491541624,0.3617418706417084,0.44388625025749207,-0.050343107432127,0.3734918236732483,0.5576039552688599,-0.06484470516443253,0.3915519714355469,0.5896533131599426,-0.056318603456020355,0.40170812606811523,0.5795101523399353,-0.04118157550692558,0.3183209300041199,0.46464890241622925,-0.05092582479119301,0.33881112933158875,0.5846953392028809,-0.06440581381320953,0.36743098497390747,0.6196152567863464,-0.047972191125154495,0.3856695294380188,0.6108124256134033,-0.028380200266838074,0.28201478719711304,0.4779358208179474,-0.048482730984687805,0.30361777544021606,0.5868909955024719,-0.0556543692946434,0.3316946029663086,0.6188894510269165,-0.034878380596637726,0.3509598970413208,0.6159874796867371,-0.013247326016426086,0.2567291259765625,0.48348453640937805,-0.0449088029563427,0.2746123671531677,0.5710339546203613,-0.04691452160477638,0.2972943186759949,0.6060540080070496,-0.03287164866924286,0.315316766500473,0.6164121627807617,-0.01564558781683445,Right,0.9973846673965454
1544,36,0,0.7577509880065918,0.434874027967453,1.323394513974563e-07,0.6857457756996155,0.4099231958389282,0.011430974118411541,0.6321741342544556,0.43839502334594727,0.0036830164026468992,0.5941914916038513,0.4813153147697449,-0.0031792744994163513,0.568999171257019,0.5264330506324768,-0.011066334322094917,0.6201838850975037,0.435403048992157,-0.05486878380179405,0.5518773794174194,0.5050983428955078,-0.08129008859395981,0.5236115455627441,0.5543013215065002,-0.08531096577644348,0.5189531445503235,0.5811378359794617,-0.07916330546140671,0.6482610106468201,0.47762414813041687,-0.06389354914426804,0.5785881876945496,0.5703644156455994,-0.08905250579118729,0.5504839420318604,0.6085039377212524,-0.07827513664960861,0.555819034576416,0.6091786623001099,-0.0621865876019001,0.6792137622833252,0.5213887095451355,-0.06918589770793915,0.6170706748962402,0.6137983202934265,-0.08798059821128845,0.5864811539649963,0.6410170793533325,-0.07292532175779343,0.584732711315155,0.631744384765625,-0.05342630669474602,0.7088706493377686,0.5567914843559265,-0.07151413708925247,0.6603140234947205,0.6302590370178223,-0.08096250146627426,0.6339717507362366,0.6481364369392395,-0.06931857019662857,0.6275066137313843,0.6363155841827393,-0.053122129291296005,Left,0.998339056968689
1544,36,1,0.2603110074996948,0.3529455065727234,1.8683742553093907e-07,0.3316650688648224,0.3531346917152405,-0.004031316377222538,0.37236878275871277,0.4075198471546173,-0.01187980454415083,0.3884778916835785,0.47285717725753784,-0.014843697659671307,0.39209380745887756,0.52375328540802,-0.01531231589615345,0.3561142086982727,0.4338667392730713,-0.057750117033720016,0.3788259029388428,0.5453789830207825,-0.0749090313911438,0.40210944414138794,0.580731987953186,-0.06930602341890335,0.4161487817764282,0.5771804451942444,-0.05653774365782738,0.3147852122783661,0.4590280055999756,-0.056959230452775955,0.3454809784889221,0.57916259765625,-0.07315926998853683,0.3794358968734741,0.6131730079650879,-0.05883222073316574,0.39991286396980286,0.6052818298339844,-0.04090961068868637,0.280991792678833,0.4785025417804718,-0.053002577275037766,0.31064295768737793,0.5871532559394836,-0.06173967197537422,0.34346503019332886,0.6149992346763611,-0.042099691927433014,0.3644234538078308,0.6098249554634094,-0.021364456042647362,0.2579473555088043,0.48884060978889465,-0.04830329120159149,0.28127869963645935,0.5761629343032837,-0.05098254233598709,0.30793190002441406,0.6058071255683899,-0.03714152052998543,0.3280569314956665,0.6107237339019775,-0.02033090405166149,Right,0.9975769519805908
1587,37,0,0.7582681775093079,0.4392159581184387,1.3469663429077627e-07,0.6880876421928406,0.41411954164505005,0.011733051389455795,0.6344070434570312,0.43909186124801636,0.00571958813816309,0.5984284281730652,0.48036813735961914,0.0010512430453673005,0.5748027563095093,0.5234277248382568,-0.004668886307626963,0.6213608384132385,0.4373423755168915,-0.05515827238559723,0.5485110878944397,0.49425455927848816,-0.08237059414386749,0.5145601034164429,0.5470317602157593,-0.08636823296546936,0.502273678779602,0.5803793668746948,-0.08029887080192566,0.6489229798316956,0.4781877398490906,-0.06347645819187164,0.5783817768096924,0.566580593585968,-0.0905919298529625,0.5517974495887756,0.6065784096717834,-0.07821660488843918,0.5578854084014893,0.6095271706581116,-0.05965452268719673,0.6797685623168945,0.5219792723655701,-0.0681568905711174,0.6183122992515564,0.6110129952430725,-0.09043978154659271,0.5879665017127991,0.6413581967353821,-0.07531683146953583,0.5852862596511841,0.6352460980415344,-0.05387609824538231,0.7091090679168701,0.5580249428749084,-0.06947411596775055,0.6616050601005554,0.6288402080535889,-0.08093825727701187,0.6358704566955566,0.6470906734466553,-0.06937725841999054,0.629525899887085,0.6362605094909668,-0.05220641940832138,Left,0.9984739422798157
1587,37,1,0.2588517963886261,0.3590770959854126,2.0646493226195162e-07,0.327307790517807,0.35290229320526123,-0.0072478665970265865,0.36974018812179565,0.4027104079723358,-0.016965804621577263,0.38687852025032043,0.4685560166835785,-0.021093031391501427,0.3917895555496216,0.5186792612075806,-0.02282317355275154,0.3474798798561096,0.4231495261192322,-0.06293340027332306,0.377967894077301,0.5329267978668213,-0.08101385831832886,0.40304747223854065,0.571236789226532,-0.076739601790905,0.4180205762386322,0.5734108090400696,-0.06557818502187729,0.3086564242839813,0.4516913592815399,-0.0608411505818367,0.34686553478240967,0.5707035660743713,-0.0788455381989479,0.3821824789047241,0.6041319370269775,-0.06664746254682541,0.4021840989589691,0.5974137187004089,-0.05083188787102699,0.2783130407333374,0.47561484575271606,-0.05553232133388519,0.3136119544506073,0.5828033089637756,-0.06552261859178543,0.3483629524707794,0.6091916561126709,-0.049035534262657166,0.37009888887405396,0.6046308279037476,-0.0312810018658638,0.2580174207687378,0.49066978693008423,-0.04962681606411934,0.28527015447616577,0.5748814940452576,-0.05333089455962181,0.31389278173446655,0.6015167832374573,-0.041934747248888016,0.33547842502593994,0.6047620177268982,-0.027924666181206703,Right,0.9961810111999512
1628,38,0,0.7680310606956482,0.4377652406692505,1.4045441787402524e-07,0.6961553692817688,0.41199547052383423,0.01122105773538351,0.6403252482414246,0.4337154030799866,0.0038711277302354574,0.6025185585021973,0.4731590449810028,-0.0020400111097842455,0.5758275389671326,0.5165471434593201,-0.009594540111720562,0.6272721290588379,0.4328368604183197,-0.058447785675525665,0.5552752614021301,0.48553621768951416,-0.08647815883159637,0.5164792537689209,0.5337534546852112,-0.09202633053064346,0.49653759598731995,0.5685301423072815,-0.08829068392515182,0.6567301154136658,0.4745701253414154,-0.06776963174343109,0.5882474184036255,0.5602784752845764,-0.09726107865571976,0.5582127571105957,0.5992928147315979,-0.08758698403835297,0.5569359660148621,0.6085084676742554,-0.07146694511175156,0.6876857280731201,0.519099771976471,-0.07306817919015884,0.6256381273269653,0.608583390712738,-0.09631398320198059,0.5914061069488525,0.638168215751648,-0.08193697035312653,0.5824378132820129,0.6352435350418091,-0.061711765825748444,0.7162578701972961,0.5555625557899475,-0.07518498599529266,0.6663516163825989,0.6274347901344299,-0.08849504590034485,0.6371389031410217,0.6468619108200073,-0.07816143333911896,0.6248342990875244,0.6391714215278625,-0.06204799562692642,Left,0.9986706972122192
1628,38,1,0.25679337978363037,0.3546856641769409,2.3262379045263515e-07,0.3213067948818207,0.34653061628341675,-0.009632375091314316,0.36453697085380554,0.38921821117401123,-0.02127256616950035,0.3830614984035492,0.45161449909210205,-0.026978347450494766,0.3891865909099579,0.4993041753768921,-0.03098255582153797,0.33794859051704407,0.41224852204322815,-0.06734287738800049,0.37378257513046265,0.5111593008041382,-0.08845990896224976,0.4018855690956116,0.5533624291419983,-0.08945952355861664,0.41963693499565125,0.5679162740707397,-0.08322201669216156,0.3007139265537262,0.44253313541412354,-0.06500660628080368,0.34025150537490845,0.5565513372421265,-0.08563143014907837,0.3782084584236145,0.5911766290664673,-0.07599576562643051,0.4004043936729431,0.5890663862228394,-0.06255843490362167,0.27297478914260864,0.46721363067626953,-0.059609100222587585,0.30893412232398987,0.5700439214706421,-0.07230433821678162,0.34522131085395813,0.5981184244155884,-0.05822969973087311,0.3678807020187378,0.5968043804168701,-0.042123302817344666,0.2552472949028015,0.48220887780189514,-0.05379198491573334,0.2814582288265228,0.5652338266372681,-0.0598209872841835,0.3102692663669586,0.5947155952453613,-0.05022622272372246,0.3321673274040222,0.6012749671936035,-0.037717923521995544,Right,0.9969732165336609
1672,39,0,0.7713667154312134,0.4367417097091675,1.1862490367775536e-07,0.7019118070602417,0.4088208079338074,0.010929891839623451,0.6474868655204773,0.42897844314575195,0.0038591166958212852,0.6102979779243469,0.4671279489994049,-0.0017107076710090041,0.5839436054229736,0.5093840956687927,-0.00866292417049408,0.6332278251647949,0.42919304966926575,-0.05743759125471115,0.5597485303878784,0.4821738600730896,-0.08479120582342148,0.5235337018966675,0.5316259860992432,-0.089530810713768,0.5063153505325317,0.5670707821846008,-0.08510791510343552,0.6609380841255188,0.472191721200943,-0.06613851338624954,0.588360071182251,0.5520492196083069,-0.09487219899892807,0.5613213777542114,0.5911306142807007,-0.08406513184309006,0.5624970197677612,0.6008625030517578,-0.06705188751220703,0.6903148293495178,0.5177193880081177,-0.07100632786750793,0.6260027289390564,0.6017624735832214,-0.09278550744056702,0.5949710607528687,0.6287486553192139,-0.076569564640522,0.5888825058937073,0.6246508955955505,-0.05528968572616577,0.7177579402923584,0.5546895861625671,-0.07293982058763504,0.6655201315879822,0.6201346516609192,-0.0842694640159607,0.6363388895988464,0.6370241045951843,-0.07267819344997406,0.6243911385536194,0.6279731392860413,-0.05606149882078171,Left,0.9984475374221802
1672,39,1,0.25746244192123413,0.3554953932762146,2.3453465303191479e-07,0.32182765007019043,0.347838819026947,-0.010806218720972538,0.36691245436668396,0.3887048065662384,-0.022944297641515732,0.3858259618282318,0.4480881094932556,-0.028851568698883057,0.3910170793533325,0.4955345690250397,-0.033029381185770035,0.33826744556427,0.40969952940940857,-0.07142582535743713,0.3748268485069275,0.5029911398887634,-0.09555153548717499,0.40367722511291504,0.5449557304382324,-0.09800863265991211,0.4216310977935791,0.5601868629455566,-0.09197581559419632,0.3010805547237396,0.4396354854106903,-0.06875285506248474,0.3388454020023346,0.547182023525238,-0.09064841270446777,0.37683698534965515,0.5809558629989624,-0.07921037822961807,0.3972088396549225,0.5763134360313416,-0.06354358792304993,0.2727976441383362,0.4627493619918823,-0.06327204406261444,0.3074328899383545,0.5629525184631348,-0.07883400470018387,0.34377574920654297,0.5891548991203308,-0.06236354634165764,0.3640415668487549,0.5834414958953857,-0.04277045652270317,0.25486114621162415,0.47668465971946716,-0.05736028403043747,0.2818416953086853,0.5595650672912598,-0.0667387843132019,0.31131604313850403,0.5886026620864868,-0.056224141269922256,0.33133673667907715,0.5919020175933838,-0.04123865067958832,Right,0.9965986013412476
1716,40,0,0.7780232429504395,0.43520432710647583,1.2288725770304154e-07,0.7075377702713013,0.4066601097583771,0.010684758424758911,0.6511893272399902,0.4217436909675598,0.0029878378845751286,0.6129180192947388,0.45709148049354553,-0.002876303158700466,0.5861666798591614,0.49873101711273193,-0.010068560019135475,0.6401057243347168,0.4197142720222473,-0.058678071945905685,0.5672449469566345,0.4721464216709137,-0.08483275026082993,0.5308650135993958,0.5201148390769958,-0.08814729750156403,0.5137089490890503,0.5544830560684204,-0.0828465074300766,0.6690165400505066,0.4625234305858612,-0.06783834844827652,0.594307541847229,0.5407886505126953,-0.09618812054395676,0.5639896392822266,0.5824487209320068,-0.08572307229042053,0.560749888420105,0.5966582298278809,-0.0691770613193512,0.6974763870239258,0.5087927579879761,-0.07294381409883499,0.6302294731140137,0.5914905071258545,-0.09403186291456223,0.596167802810669,0.6205525994300842,-0.07832607626914978,0.5864153504371643,0.6204327344894409,-0.057943277060985565,0.7234910130500793,0.5473207831382751,-0.07513771951198578,0.668313205242157,0.6109330654144287,-0.08668836951255798,0.6367730498313904,0.6285572052001953,-0.07569676637649536,0.6218324899673462,0.6219835877418518,-0.059763044118881226,Left,0.9987235069274902
1716,40,1,0.25938668847084045,0.3552704453468323,2.4808596776892955e-07,0.321503221988678,0.34406739473342896,-0.015364223159849644,0.36790964007377625,0.38403239846229553,-0.030187532305717468,0.388077974319458,0.446794718503952,-0.03778334707021713,0.3947899341583252,0.49580827355384827,-0.04376216232776642,0.3340694308280945,0.40248027443885803,-0.07814701646566391,0.3713994026184082,0.4935387372970581,-0.10307878255844116,0.4021008014678955,0.5342794060707092,-0.10708575695753098,0.42180439829826355,0.5499304533004761,-0.10316134989261627,0.2980782389640808,0.4344179332256317,-0.07389724254608154,0.3380986452102661,0.5386044383049011,-0.09635172039270401,0.3773687481880188,0.5707910060882568,-0.08713821321725845,0.3986387848854065,0.5675569772720337,-0.07455255091190338,0.27175840735435486,0.4598158299922943,-0.06695128232240677,0.3080277740955353,0.5559544563293457,-0.0821629986166954,0.3463979661464691,0.5817338824272156,-0.06902013719081879,0.3686405420303345,0.5771599411964417,-0.05354297533631325,0.25568774342536926,0.47557133436203003,-0.0599675215780735,0.2826337516307831,0.5545352697372437,-0.06941969692707062,0.31307756900787354,0.5819769501686096,-0.06168580800294876,0.3341870605945587,0.5842606425285339,-0.05028032884001732,Right,0.9973424673080444
1760,41,0,0.7778337001800537,0.42632803320884705,1.3444179103316856e-07,0.7108251452445984,0.3950662612915039,0.0032596751116216183,0.6523232460021973,0.40963318943977356,-0.010270744562149048,0.6119577288627625,0.44515252113342285,-0.021511875092983246,0.5840946435928345,0.4849010705947876,-0.034888993948698044,0.6506204009056091,0.39979156851768494,-0.06706640869379044,0.5751192569732666,0.4513879716396332,-0.09478668868541718,0.539007842540741,0.4965072572231293,-0.10129204392433167,0.5221058130264282,0.5306934714317322,-0.09953329712152481,0.6800622940063477,0.4454996883869171,-0.07622245699167252,0.6013112664222717,0.5191538333892822,-0.10465805977582932,0.5692915916442871,0.5562236905097961,-0.10012558102607727,0.564056396484375,0.5689352750778198,-0.09067341685295105,0.707085371017456,0.4945965111255646,-0.0816253051161766,0.6334155797958374,0.5731908082962036,-0.10183586180210114,0.5965421199798584,0.5998517870903015,-0.0918150246143341,0.5844663977622986,0.6005606055259705,-0.07880894839763641,0.7299060225486755,0.5364937782287598,-0.08484729379415512,0.6679903268814087,0.5968771576881409,-0.09734559059143066,0.6345014572143555,0.6104146838188171,-0.08988559991121292,0.6182013154029846,0.6040537357330322,-0.07911518961191177,Left,0.9983961582183838
1760,41,1,0.2596700191497803,0.3576519191265106,1.980684487534745e-07,0.317144513130188,0.3316095471382141,-0.02851208485662937,0.3674975335597992,0.3682781457901001,-0.04760323464870453,0.39275819063186646,0.4359615743160248,-0.05630945786833763,0.4072748124599457,0.48513296246528625,-0.06403886526823044,0.32221463322639465,0.37947702407836914,-0.09634030610322952,0.3620154857635498,0.46119967103004456,-0.12124013155698776,0.39523518085479736,0.5036368370056152,-0.12457632273435593,0.4232003092765808,0.527270495891571,-0.12361180037260056,0.2931424081325531,0.4257167875766754,-0.0874856561422348,0.3440444767475128,0.51561039686203,-0.11208651959896088,0.3868708908557892,0.5561985969543457,-0.11180427670478821,0.41858261823654175,0.5742658972740173,-0.11068885028362274,0.27723565697669983,0.46746760606765747,-0.07594725489616394,0.3257301449775696,0.5458331108093262,-0.09381718933582306,0.36805495619773865,0.5780798196792603,-0.09507954120635986,0.401297390460968,0.5899697542190552,-0.09497851133346558,0.2731228470802307,0.4963551461696625,-0.06502930074930191,0.30847567319869995,0.5578547716140747,-0.08015593886375427,0.3402765989303589,0.5814303159713745,-0.08488096296787262,0.3681781589984894,0.5890927314758301,-0.0871177390217781,Right,0.9945138096809387
1803,42,0,0.7780120372772217,0.4255669414997101,1.878793938203671e-07,0.71405428647995,0.390234112739563,0.002630001399666071,0.6561065316200256,0.4020073413848877,-0.010843856260180473,0.6165432929992676,0.43910983204841614,-0.021050352603197098,0.5887479186058044,0.4818572402000427,-0.033081553876399994,0.6542978882789612,0.3955526053905487,-0.07124622166156769,0.5784966349601746,0.4457013010978699,-0.0997568815946579,0.5412741303443909,0.490553617477417,-0.10534591227769852,0.5238909721374512,0.5233358144760132,-0.10170311480760574,0.6810916066169739,0.44194090366363525,-0.07724177837371826,0.6017135977745056,0.5141335725784302,-0.1049209013581276,0.5697598457336426,0.5451884269714355,-0.0952567383646965,0.5686703324317932,0.5524141788482666,-0.08083371818065643,0.7060959935188293,0.49108678102493286,-0.07925648242235184,0.6337980031967163,0.5647611618041992,-0.0989266186952591,0.6002988219261169,0.583356499671936,-0.08293639123439789,0.5955110192298889,0.5776345133781433,-0.06371662765741348,0.7279701232910156,0.5322074294090271,-0.07906483858823776,0.66790771484375,0.5849311351776123,-0.08876214921474457,0.638933539390564,0.5926918983459473,-0.07627223432064056,0.630296528339386,0.5812281966209412,-0.060462407767772675,Left,0.9987409114837646
1803,42,1,0.2617992162704468,0.3502769470214844,2.3757776546062814e-07,0.3194831907749176,0.3266828656196594,-0.028061090037226677,0.3704048693180084,0.3637537360191345,-0.046206846833229065,0.3959275782108307,0.4285787045955658,-0.055085618048906326,0.41058897972106934,0.47404733300209045,-0.06367921084165573,0.3270803689956665,0.3718310594558716,-0.08923522382974625,0.366910845041275,0.4443284273147583,-0.11564894765615463,0.4003690481185913,0.48567014932632446,-0.12303977459669113,0.4283595681190491,0.5136106014251709,-0.1253868043422699,0.2975565195083618,0.414634108543396,-0.08239565044641495,0.34814122319221497,0.50164395570755,-0.10928694903850555,0.39239317178726196,0.5483261346817017,-0.11515618115663528,0.4263545274734497,0.5752335786819458,-0.11833080649375916,0.2800354063510895,0.45308807492256165,-0.07335404306650162,0.3274349868297577,0.5301680564880371,-0.09483863413333893,0.3721674382686615,0.5703990459442139,-0.10306889563798904,0.40825843811035156,0.5921316742897034,-0.10722880065441132,0.27431681752204895,0.4804019331932068,-0.06466350704431534,0.30967608094215393,0.5412170886993408,-0.08238066732883453,0.3430677652359009,0.5701340436935425,-0.09069539606571198,0.37243127822875977,0.5849505662918091,-0.09547578543424606,Right,0.9947932958602905
1846,43,0,0.7798538208007812,0.4219932556152344,1.9179108790012833e-07,0.7173371911048889,0.38455235958099365,-0.0006481212330982089,0.657334566116333,0.39562803506851196,-0.015519028529524803,0.6163575649261475,0.4351153075695038,-0.026717182248830795,0.5892518162727356,0.4778931736946106,-0.03997843712568283,0.6573874354362488,0.38590866327285767,-0.07143957167863846,0.5826544761657715,0.4343242943286896,-0.09862909466028214,0.5443874597549438,0.4773203134536743,-0.1049487292766571,0.5247173309326172,0.5101625323295593,-0.10305195301771164,0.6839436292648315,0.4333999752998352,-0.07716595381498337,0.6041237711906433,0.5059539079666138,-0.10324619710445404,0.5717949867248535,0.5373780131340027,-0.09659819304943085,0.5693134665489197,0.5467410683631897,-0.0858200192451477,0.7079663276672363,0.4833572506904602,-0.07904943078756332,0.6337307095527649,0.5567200183868408,-0.09779331833124161,0.59950852394104,0.5751248002052307,-0.08541829884052277,0.5935375094413757,0.5718799233436584,-0.07032669335603714,0.7283250093460083,0.5259504318237305,-0.07899852842092514,0.6673293709754944,0.576580286026001,-0.08936751633882523,0.638552725315094,0.5834993124008179,-0.07949066162109375,0.6285302042961121,0.5743158459663391,-0.06672349572181702,Left,0.9985966086387634
1846,43,1,0.2654480040073395,0.3531542718410492,2.7733719321076933e-07,0.3204156160354614,0.3254353702068329,-0.028351927176117897,0.37183892726898193,0.3569638431072235,-0.047448936849832535,0.3980940580368042,0.4177570939064026,-0.057386066764593124,0.41083842515945435,0.4619928002357483,-0.06704018265008926,0.33045852184295654,0.3648211658000946,-0.08935145288705826,0.3725913166999817,0.4358246624469757,-0.11705080419778824,0.40522289276123047,0.4755811095237732,-0.1265649050474167,0.4331362545490265,0.5022650361061096,-0.1302971988916397,0.3019014596939087,0.4091225564479828,-0.08263377100229263,0.35701531171798706,0.49110525846481323,-0.10844527930021286,0.4009106159210205,0.5347824096679688,-0.11385699361562729,0.4351716637611389,0.560897946357727,-0.11687039583921432,0.28477543592453003,0.44887492060661316,-0.07382162660360336,0.3370378911495209,0.5196236968040466,-0.09353753924369812,0.3824901878833771,0.5542837977409363,-0.09945198893547058,0.419309139251709,0.5724275708198547,-0.10237080603837967,0.2789638042449951,0.47806674242019653,-0.06563772261142731,0.31950312852859497,0.5333117246627808,-0.08226250857114792,0.35422149300575256,0.5578289031982422,-0.08843759447336197,0.3837074637413025,0.5702437162399292,-0.09157086163759232,Right,0.9953674674034119
1891,44,0,0.7784218788146973,0.4200337529182434,1.7719401057547657e-07,0.7174823880195618,0.3813241422176361,0.0005492453346960247,0.6589083075523376,0.3894204795360565,-0.013527492061257362,0.6185278296470642,0.427066832780838,-0.02414005808532238,0.5903353095054626,0.4672359228134155,-0.03684039041399956,0.6578306555747986,0.379379540681839,-0.06890972703695297,0.5832201242446899,0.42560064792633057,-0.09527144581079483,0.5456129908561707,0.4677152633666992,-0.10147459805011749,0.5252929925918579,0.5003909468650818,-0.09977414458990097,0.6845248937606812,0.4263130724430084,-0.0750889852643013,0.6035183668136597,0.4980931878089905,-0.10028676688671112,0.5724204182624817,0.5308241844177246,-0.09361279010772705,0.5697990655899048,0.5421063303947449,-0.08324693888425827,0.7081193327903748,0.4763612449169159,-0.07740920037031174,0.6327511668205261,0.5469667315483093,-0.09528698772192001,0.600365936756134,0.5642673373222351,-0.08206832408905029,0.594634473323822,0.561082124710083,-0.06672732532024384,0.7283744812011719,0.5198860764503479,-0.07780174911022186,0.6661778092384338,0.5676684975624084,-0.08685574680566788,0.6383922696113586,0.5734944343566895,-0.07567121833562851,0.6288192272186279,0.564167857170105,-0.06233265623450279,Left,0.9983954429626465
1891,44,1,0.2716040015220642,0.3534100651741028,2.8715177791127644e-07,0.3241210877895355,0.32376977801322937,-0.02594040520489216,0.37578117847442627,0.35038793087005615,-0.044348008930683136,0.40501946210861206,0.4057570695877075,-0.05432605743408203,0.41966545581817627,0.4486636817455292,-0.06362200528383255,0.3362016975879669,0.35813114047050476,-0.08355200290679932,0.3780801594257355,0.42616066336631775,-0.1097315326333046,0.41229838132858276,0.4621976613998413,-0.11800273507833481,0.43964749574661255,0.4854567050933838,-0.12082615494728088,0.307893306016922,0.40005022287368774,-0.07817765325307846,0.36281055212020874,0.47853705286979675,-0.10309892892837524,0.4077526032924652,0.5153676271438599,-0.10689086467027664,0.4408969581127167,0.5354877710342407,-0.10842211544513702,0.29066842794418335,0.4379727840423584,-0.07095008343458176,0.3419646918773651,0.5074210166931152,-0.08957915008068085,0.38716480135917664,0.5381336808204651,-0.09341465681791306,0.4225955605506897,0.5523313879966736,-0.0946037769317627,0.28385278582572937,0.46653246879577637,-0.06437177211046219,0.32305511832237244,0.5216034054756165,-0.07960830628871918,0.35741761326789856,0.5444269776344299,-0.08436155319213867,0.3863407373428345,0.5545139908790588,-0.08632979542016983,Right,0.997099757194519
1935,45,0,0.7791200280189514,0.4156850576400757,1.3915581575929536e-07,0.7217043042182922,0.3748209476470947,0.0009468018542975187,0.6631671190261841,0.3771272897720337,-0.013537717051804066,0.6203168034553528,0.4083702564239502,-0.02491934970021248,0.5913181304931641,0.44820040464401245,-0.038793060928583145,0.6622647047042847,0.3658560812473297,-0.06804122030735016,0.5859546065330505,0.4117963910102844,-0.09183409810066223,0.5487593412399292,0.4521152675151825,-0.0971626415848732,0.527125358581543,0.48438018560409546,-0.09592016786336899,0.6894060373306274,0.41041746735572815,-0.07538511604070663,0.6067313551902771,0.4783523976802826,-0.09804096072912216,0.5708763599395752,0.5177097320556641,-0.09333296120166779,0.5584538578987122,0.5382267832756042,-0.08641182631254196,0.7113767862319946,0.4600599706172943,-0.0785582885146141,0.6318891644477844,0.5269812345504761,-0.09356990456581116,0.5984714031219482,0.5482336282730103,-0.08140585571527481,0.5872615575790405,0.55145663022995,-0.06904006749391556,0.7292116284370422,0.5055981874465942,-0.07996165752410889,0.6632307767868042,0.5488870739936829,-0.08744923025369644,0.6343476176261902,0.5546877384185791,-0.07653278112411499,0.6210496425628662,0.548292338848114,-0.06487637013196945,Left,0.9982540607452393
1935,45,1,0.28346922993659973,0.35073620080947876,3.517046422985004e-07,0.33158814907073975,0.3186240792274475,-0.024552972987294197,0.3851122558116913,0.3368222713470459,-0.04167119413614273,0.4169647693634033,0.3850524127483368,-0.050537437200546265,0.43046998977661133,0.4240150451660156,-0.05866141989827156,0.343722939491272,0.34161266684532166,-0.07961784303188324,0.3893665373325348,0.4067441523075104,-0.10381242632865906,0.4241398274898529,0.4410564601421356,-0.11126549541950226,0.4508707523345947,0.46355223655700684,-0.1140441969037056,0.31659215688705444,0.38476207852363586,-0.07516268640756607,0.374124139547348,0.46021562814712524,-0.09869534522294998,0.4189835488796234,0.4908994436264038,-0.10276610404253006,0.4508715569972992,0.5058174133300781,-0.10471922904253006,0.3006490468978882,0.4237321615219116,-0.06887132674455643,0.3510616719722748,0.49249976873397827,-0.08694960176944733,0.39492300152778625,0.5211354494094849,-0.09246347844600677,0.4288058876991272,0.5319660902023315,-0.09519854187965393,0.29525697231292725,0.45435604453086853,-0.06303750723600388,0.32838648557662964,0.5098689198493958,-0.07820052653551102,0.3588666617870331,0.5351759791374207,-0.08446720987558365,0.38662636280059814,0.5476973652839661,-0.08805297315120697,Right,0.9981783032417297
1980,46,0,0.7796614766120911,0.4141894280910492,1.0089571844673628e-07,0.723202109336853,0.371091365814209,0.0018825161969289184,0.6665929555892944,0.3735492527484894,-0.01214432343840599,0.6257206797599792,0.409127414226532,-0.023569416254758835,0.5983070731163025,0.45111313462257385,-0.037877947092056274,0.6647141575813293,0.3602633774280548,-0.06307239830493927,0.5903518795967102,0.40248310565948486,-0.08581676334142685,0.5537288188934326,0.44153261184692383,-0.09288942813873291,0.5302527546882629,0.47357821464538574,-0.09408540278673172,0.692035436630249,0.4048963785171509,-0.0714292973279953,0.6094324588775635,0.4700721800327301,-0.09160222113132477,0.5713818669319153,0.5113914608955383,-0.08996900916099548,0.5542662739753723,0.5352146625518799,-0.08728454262018204,0.7137554287910461,0.455258309841156,-0.07570144534111023,0.6346974968910217,0.5198332667350769,-0.08876723796129227,0.6007699966430664,0.5421218872070312,-0.07962790131568909,0.5863484740257263,0.5469067692756653,-0.07137878984212875,0.7306638956069946,0.5015811324119568,-0.07823576033115387,0.6662787795066833,0.5431301593780518,-0.0855761170387268,0.63722825050354,0.5493506193161011,-0.0770299956202507,0.6208952069282532,0.5436791181564331,-0.06847885251045227,Left,0.9978641271591187
1980,46,1,0.2849903702735901,0.3508358895778656,3.448274981110444e-07,0.3340710997581482,0.32289522886276245,-0.019986111670732498,0.3831512928009033,0.337166965007782,-0.03613068163394928,0.41576552391052246,0.37868088483810425,-0.044933024793863297,0.43513429164886475,0.4124899208545685,-0.053069546818733215,0.34612932801246643,0.34431466460227966,-0.0730222761631012,0.39118707180023193,0.40466007590293884,-0.0955318734049797,0.4268856644630432,0.43400803208351135,-0.10277391225099564,0.45555898547172546,0.4534662663936615,-0.105448417365551,0.32000845670700073,0.38742396235466003,-0.06977546215057373,0.3784719407558441,0.4587448239326477,-0.08966929465532303,0.42358076572418213,0.48599737882614136,-0.09278371185064316,0.4567120671272278,0.5000236630439758,-0.094871886074543,0.30541756749153137,0.4242587089538574,-0.06432879716157913,0.35886403918266296,0.4921092092990875,-0.07900184392929077,0.4041236639022827,0.5165405869483948,-0.08296458423137665,0.43941718339920044,0.5257066488265991,-0.08533252775669098,0.3008132576942444,0.45051825046539307,-0.05900803953409195,0.33746758103370667,0.503940999507904,-0.07118919491767883,0.36900919675827026,0.5248408317565918,-0.07533843070268631,0.39765509963035583,0.5331743955612183,-0.07773886620998383,Right,0.9973686337471008
2024,47,0,0.778620183467865,0.41360145807266235,1.1076627970396657e-07,0.7231048345565796,0.36928048729896545,0.0011196730192750692,0.666449785232544,0.3683709502220154,-0.013445449061691761,0.624596118927002,0.4008386433124542,-0.025066018104553223,0.5958396792411804,0.43987759947776794,-0.03958674147725105,0.6660993099212646,0.35573190450668335,-0.06581733375787735,0.5928106307983398,0.39567089080810547,-0.08901891112327576,0.5549411773681641,0.4330996572971344,-0.0963277518749237,0.5300993919372559,0.46436309814453125,-0.09768818318843842,0.6938781142234802,0.40131261944770813,-0.07340625673532486,0.6126253008842468,0.46921220421791077,-0.09463562071323395,0.5716174840927124,0.509405255317688,-0.0938890129327774,0.55206298828125,0.5335279703140259,-0.09202636033296585,0.7145109176635742,0.45188891887664795,-0.07663074135780334,0.6352606415748596,0.5168775916099548,-0.0906352549791336,0.5997081398963928,0.5361326932907104,-0.08221377432346344,0.5843714475631714,0.5394103527069092,-0.07427188754081726,0.7298134565353394,0.49877530336380005,-0.07802268862724304,0.6639124751091003,0.5395500063896179,-0.08563081175088882,0.6346988677978516,0.5438979268074036,-0.07723001390695572,0.6191967725753784,0.5369894504547119,-0.0686943307518959,Left,0.9988207817077637
2024,47,1,0.28693148493766785,0.35641559958457947,3.4435396401022444e-07,0.33474913239479065,0.3235943913459778,-0.021097274497151375,0.3862075209617615,0.33563166856765747,-0.03673544526100159,0.42135947942733765,0.3775254487991333,-0.044794194400310516,0.44060570001602173,0.41221579909324646,-0.052184708416461945,0.3473989963531494,0.34679651260375977,-0.07360155135393143,0.3960067331790924,0.40406957268714905,-0.09586049616336823,0.4313189387321472,0.43265587091445923,-0.10212752223014832,0.45874908566474915,0.4501293897628784,-0.1037839949131012,0.3231501281261444,0.3901774287223816,-0.06980140507221222,0.38386306166648865,0.45554086565971375,-0.09044092893600464,0.42950624227523804,0.4812379479408264,-0.09356076270341873,0.46215593814849854,0.49264591932296753,-0.09500132501125336,0.30971425771713257,0.42755115032196045,-0.06396269798278809,0.36384716629981995,0.4900994300842285,-0.079948790371418,0.40757879614830017,0.5134330987930298,-0.08478450030088425,0.44025322794914246,0.5207802653312683,-0.08706435561180115,0.30580320954322815,0.45503079891204834,-0.05820627510547638,0.3435702621936798,0.5043424367904663,-0.0715240016579628,0.37410980463027954,0.5262126326560974,-0.07653084397315979,0.40024346113204956,0.536116361618042,-0.07907016575336456,Right,0.997765064239502
2068,48,0,0.775591254234314,0.4136524796485901,1.0768390268367511e-07,0.7203648686408997,0.36813071370124817,-0.00011479698878247291,0.6620606184005737,0.3687112629413605,-0.016112109646201134,0.6173915863037109,0.40723538398742676,-0.028632061555981636,0.5871078372001648,0.44828420877456665,-0.044129617512226105,0.6664475798606873,0.35020291805267334,-0.06956400722265244,0.594813346862793,0.38728946447372437,-0.09257789701223373,0.5562192797660828,0.4241945147514343,-0.09937819838523865,0.5302534699440002,0.4565110504627228,-0.10050918161869049,0.6954670548439026,0.39744460582733154,-0.07632119953632355,0.613152027130127,0.46897631883621216,-0.09748301655054092,0.5695239901542664,0.5085499882698059,-0.09678459167480469,0.5467349290847778,0.5330225229263306,-0.09560400247573853,0.7152590751647949,0.448564350605011,-0.07839512079954147,0.6338998079299927,0.5130086541175842,-0.09263692796230316,0.597581684589386,0.5294493436813354,-0.08420170098543167,0.5811574459075928,0.5321230888366699,-0.07638371735811234,0.7287293672561646,0.49587371945381165,-0.07853645831346512,0.6598506569862366,0.5343619585037231,-0.08614737540483475,0.6309552192687988,0.5363307595252991,-0.07760721445083618,0.6160094141960144,0.5291394591331482,-0.06913339346647263,Left,0.9989358186721802
2068,48,1,0.29276376962661743,0.36250415444374084,4.0049943095255003e-07,0.33984625339508057,0.3294214606285095,-0.02200436405837536,0.39068567752838135,0.3381437063217163,-0.03851153329014778,0.42878878116607666,0.37702611088752747,-0.04724038764834404,0.45131024718284607,0.41162195801734924,-0.055208053439855576,0.3535849452018738,0.35035791993141174,-0.07280001789331436,0.40392547845840454,0.40488970279693604,-0.09548766911029816,0.4401862621307373,0.4336434304714203,-0.10279227793216705,0.46712130308151245,0.45253506302833557,-0.10499794781208038,0.3307186961174011,0.39610952138900757,-0.06791141629219055,0.3909808397293091,0.4619341492652893,-0.08802331238985062,0.4375026822090149,0.48435884714126587,-0.0907336175441742,0.46977847814559937,0.4929753541946411,-0.09178412705659866,0.3185160160064697,0.4342213273048401,-0.061143867671489716,0.3722921311855316,0.49593713879585266,-0.0756414607167244,0.41629931330680847,0.5155011415481567,-0.07920332998037338,0.44755643606185913,0.5192517638206482,-0.08084803819656372,0.3147619366645813,0.4602557420730591,-0.054661061614751816,0.35018280148506165,0.5112143158912659,-0.06632160395383835,0.3800983130931854,0.5322648286819458,-0.07033694535493851,0.4059899151325226,0.5413305759429932,-0.07225572317838669,Right,0.9978909492492676
2112,49,0,0.7740346193313599,0.4134492874145508,8.556360597822277e-08,0.7209858298301697,0.3677864074707031,-0.0005671177059412003,0.6633359789848328,0.364167720079422,-0.016109900549054146,0.6184877157211304,0.4000425338745117,-0.028316793963313103,0.5889453887939453,0.4396916925907135,-0.04344049096107483,0.6669159531593323,0.3496239185333252,-0.0673660933971405,0.593415379524231,0.3873339891433716,-0.09113252907991409,0.555047869682312,0.4255131483078003,-0.09898785501718521,0.5307314395904541,0.4577430486679077,-0.10067146271467209,0.6958253979682922,0.39797163009643555,-0.07421135902404785,0.6130636930465698,0.46824678778648376,-0.09548002481460571,0.5689049959182739,0.5083044767379761,-0.09551964700222015,0.5456522703170776,0.5329325199127197,-0.0947621539235115,0.715682864189148,0.44934719800949097,-0.07676529884338379,0.6338839530944824,0.5112348198890686,-0.09158209711313248,0.5970928072929382,0.5278217196464539,-0.08349098265171051,0.5800570249557495,0.5304552316665649,-0.07569266110658646,0.7292180061340332,0.497566819190979,-0.07748941332101822,0.6585579514503479,0.5336922407150269,-0.08595912903547287,0.6291626691818237,0.5349024534225464,-0.07779368758201599,0.6135388016700745,0.5263721346855164,-0.06936865299940109,Left,0.9990874528884888
2112,49,1,0.299401193857193,0.3671020269393921,3.7949473608023254e-07,0.3467221260070801,0.3341793417930603,-0.021722711622714996,0.396938681602478,0.3446561098098755,-0.03837018087506294,0.4345685839653015,0.38430261611938477,-0.04739784821867943,0.4579301178455353,0.41778916120529175,-0.05564712733030319,0.35472577810287476,0.35199183225631714,-0.07434087246656418,0.40361279249191284,0.4062461853027344,-0.0970143973827362,0.4407147765159607,0.43307286500930786,-0.10341993719339371,0.46828675270080566,0.4504467844963074,-0.10511288046836853,0.3318842947483063,0.3970611095428467,-0.07003893703222275,0.39257150888442993,0.4628733992576599,-0.09103154391050339,0.439380407333374,0.48406052589416504,-0.09343378245830536,0.47158220410346985,0.492104709148407,-0.09440721571445465,0.32043272256851196,0.43586739897727966,-0.0637514516711235,0.3759632706642151,0.4977845251560211,-0.07928390800952911,0.4209108054637909,0.5146294236183167,-0.08266608417034149,0.4538407325744629,0.5166668891906738,-0.08422587066888809,0.3178601861000061,0.4632224440574646,-0.05772104859352112,0.3530525863170624,0.5147390961647034,-0.06971427798271179,0.38315412402153015,0.5337233543395996,-0.07384287565946579,0.40994277596473694,0.5401387214660645,-0.07616212218999863,Right,0.9974251389503479
2158,50,0,0.7747331857681274,0.4134710133075714,8.386410144112233e-08,0.721518337726593,0.36870652437210083,0.0006975903525017202,0.6635266542434692,0.3657453656196594,-0.013853662647306919,0.6184965968132019,0.39959102869033813,-0.02515234611928463,0.5887794494628906,0.43811655044555664,-0.03920219466090202,0.6669442057609558,0.35106271505355835,-0.06534811109304428,0.5941362977027893,0.38604944944381714,-0.08814816176891327,0.5559631586074829,0.42464086413383484,-0.09507221728563309,0.5322468280792236,0.4568789303302765,-0.0960640087723732,0.6958525776863098,0.3988918662071228,-0.07238183915615082,0.6124418377876282,0.4695550501346588,-0.09264522790908813,0.5680419206619263,0.5097182393074036,-0.09211891889572144,0.5443418025970459,0.5340518951416016,-0.09088301658630371,0.7159410119056702,0.4501184821128845,-0.07498954981565475,0.6333102583885193,0.5132178068161011,-0.08914287388324738,0.597162663936615,0.5289868712425232,-0.08068694174289703,0.5801914930343628,0.5305700302124023,-0.07251006364822388,0.7300784587860107,0.4981186091899872,-0.07560238242149353,0.6596216559410095,0.5358489155769348,-0.08335784822702408,0.6309672594070435,0.5369582176208496,-0.07464652508497238,0.6156711578369141,0.5276176333427429,-0.06571168452501297,Left,0.9993240833282471
2158,50,1,0.3017463982105255,0.36916422843933105,3.446575362886506e-07,0.348625123500824,0.33420097827911377,-0.02342228963971138,0.3997344970703125,0.34495827555656433,-0.041292186826467514,0.43741273880004883,0.3862578570842743,-0.05076690763235092,0.46162131428718567,0.4201468229293823,-0.05944789573550224,0.3562247157096863,0.3535711169242859,-0.08020299673080444,0.40591299533843994,0.4105640947818756,-0.10410146415233612,0.443618506193161,0.43553754687309265,-0.1107623502612114,0.4718722105026245,0.44912734627723694,-0.11259207874536514,0.33394357562065125,0.3985176384449005,-0.07503056526184082,0.39556053280830383,0.4658687710762024,-0.09703721106052399,0.4420526921749115,0.4834306836128235,-0.09831223636865616,0.4732424318790436,0.4870145320892334,-0.09840618073940277,0.323096364736557,0.43654757738113403,-0.06783851981163025,0.3798878788948059,0.500566840171814,-0.08330576866865158,0.42402753233909607,0.5153347849845886,-0.08496459573507309,0.4556625485420227,0.5146600604057312,-0.08557184040546417,0.32074469327926636,0.463268905878067,-0.061118144541978836,0.35618144273757935,0.5156042575836182,-0.07376774400472641,0.38618505001068115,0.5343695878982544,-0.07790134847164154,0.41296282410621643,0.5402429103851318,-0.08024004846811295,Right,0.9967537522315979
2200,51,0,0.7729770541191101,0.41951844096183777,1.1625958507011092e-07,0.7201790809631348,0.3727617561817169,0.0004914957680739462,0.662775456905365,0.3669508993625641,-0.014933507889509201,0.6182060241699219,0.39801347255706787,-0.02678413689136505,0.588671088218689,0.4351680874824524,-0.04146730899810791,0.6669291853904724,0.3546249270439148,-0.06975670903921127,0.5936583876609802,0.38813355565071106,-0.09358557313680649,0.5555202960968018,0.4263930022716522,-0.10077225416898727,0.5322825908660889,0.45831137895584106,-0.10156229883432388,0.6955053806304932,0.4024306535720825,-0.07645949721336365,0.6093575358390808,0.47032803297042847,-0.097103551030159,0.5642853379249573,0.5098767876625061,-0.09537021070718765,0.5413064956665039,0.5343124866485596,-0.0932026281952858,0.7150030732154846,0.45398515462875366,-0.07846661657094955,0.6290788054466248,0.5153959393501282,-0.09284511208534241,0.5966097712516785,0.526279866695404,-0.08212698996067047,0.5852150917053223,0.5236175656318665,-0.07207480818033218,0.728747546672821,0.5030558705329895,-0.07851415127515793,0.6567670702934265,0.5410286784172058,-0.08650747686624527,0.6320674419403076,0.5379732847213745,-0.0761183351278305,0.6228314638137817,0.524419903755188,-0.06562432646751404,Left,0.9992474913597107
2200,51,1,0.3055296540260315,0.37244245409965515,3.32886173737279e-07,0.3516896963119507,0.3367061913013458,-0.024079784750938416,0.40204057097435,0.346560001373291,-0.04279747232794762,0.43940988183021545,0.3863754868507385,-0.05302707105875015,0.4643159508705139,0.4192323088645935,-0.06235208734869957,0.3566717505455017,0.3533402979373932,-0.0825091078877449,0.4059745967388153,0.4093853235244751,-0.10818566381931305,0.44502490758895874,0.4335862398147583,-0.1164964959025383,0.4729663133621216,0.44512563943862915,-0.11920969933271408,0.33527544140815735,0.3995596170425415,-0.07721446454524994,0.3969593644142151,0.46705323457717896,-0.10081402212381363,0.44445955753326416,0.48152095079421997,-0.10220612585544586,0.4743872880935669,0.48011159896850586,-0.10205326974391937,0.3253815472126007,0.43870893120765686,-0.07001747190952301,0.38270309567451477,0.5023161768913269,-0.08575739711523056,0.42678946256637573,0.5138182640075684,-0.08612052351236343,0.4563004970550537,0.5077858567237854,-0.08562706410884857,0.32403942942619324,0.4658614993095398,-0.06351330876350403,0.35949280858039856,0.5197466015815735,-0.07611063867807388,0.39008328318595886,0.5373748540878296,-0.07973471283912659,0.4165814518928528,0.5404738187789917,-0.08155132085084915,Right,0.997747004032135
2242,52,0,0.7772023677825928,0.41852688789367676,1.0785398529833401e-07,0.7237996459007263,0.3737391233444214,0.002232321770861745,0.6648690104484558,0.3719900846481323,-0.012689043767750263,0.6192018389701843,0.40677571296691895,-0.024195028468966484,0.5883626937866211,0.44574788212776184,-0.03860841318964958,0.6678685545921326,0.3543931841850281,-0.06980574876070023,0.5956757068634033,0.3855709731578827,-0.0936059057712555,0.5564424991607666,0.4214910864830017,-0.10082274675369263,0.5312613248825073,0.45252883434295654,-0.10179315507411957,0.6956842541694641,0.4031795263290405,-0.07723212242126465,0.6081671118736267,0.4693892002105713,-0.09724890440702438,0.5632208585739136,0.5088224411010742,-0.0950084775686264,0.5405462980270386,0.5331889390945435,-0.09269177913665771,0.715042769908905,0.4548584818840027,-0.07976915687322617,0.6279188394546509,0.5159958600997925,-0.09366143494844437,0.5960032343864441,0.5277745127677917,-0.0829252228140831,0.5857091546058655,0.5256654024124146,-0.07303135842084885,0.7291207313537598,0.5034076571464539,-0.08012989163398743,0.6582464575767517,0.5406382083892822,-0.08755176514387131,0.6341049075126648,0.5384238362312317,-0.07732313126325607,0.6253090500831604,0.5254168510437012,-0.06708592921495438,Left,0.9993690848350525
2242,52,1,0.3078289330005646,0.3718697130680084,2.946257779967709e-07,0.3531877398490906,0.33646005392074585,-0.02294411137700081,0.40209612250328064,0.3447631001472473,-0.040531352162361145,0.4381987452507019,0.38287198543548584,-0.04998615384101868,0.4619378447532654,0.414463073015213,-0.05871221050620079,0.35658788681030273,0.35399705171585083,-0.07953853160142899,0.40546512603759766,0.40803617238998413,-0.10437595844268799,0.44370317459106445,0.4305739402770996,-0.11312703043222427,0.47199445962905884,0.4408037066459656,-0.11653508245944977,0.3358049988746643,0.3994450271129608,-0.07433588802814484,0.3964672386646271,0.46305015683174133,-0.09636415541172028,0.4429056942462921,0.4770658314228058,-0.09825661033391953,0.4734432101249695,0.4759301543235779,-0.09922252595424652,0.3263917565345764,0.4377381205558777,-0.0672566145658493,0.3825734257698059,0.499097615480423,-0.08200258761644363,0.42499929666519165,0.5101175308227539,-0.08297029137611389,0.4537946581840515,0.5042474865913391,-0.08340348303318024,0.32561999559402466,0.46404021978378296,-0.060814812779426575,0.3597961664199829,0.5162450075149536,-0.07308144122362137,0.3888060450553894,0.5330803394317627,-0.07716283947229385,0.41410011053085327,0.535940408706665,-0.07965906709432602,Right,0.9970875382423401
2286,53,0,0.7761460542678833,0.4195930063724518,1.3834917922395107e-07,0.7225943803787231,0.3730621039867401,0.0020302918273955584,0.6645512580871582,0.3694756031036377,-0.013396278955042362,0.6183590888977051,0.4015344977378845,-0.02518060989677906,0.5860244631767273,0.4399275779724121,-0.039912641048431396,0.6680532097816467,0.35309505462646484,-0.07193069159984589,0.5943774580955505,0.38402149081230164,-0.09469641000032425,0.5554233193397522,0.41986507177352905,-0.10047288984060287,0.5313556790351868,0.45025983452796936,-0.10032620280981064,0.6961038708686829,0.40128424763679504,-0.07906783372163773,0.6074663996696472,0.46782606840133667,-0.09920231252908707,0.5617095232009888,0.504855751991272,-0.09641604125499725,0.5402833223342896,0.5278273224830627,-0.09348231554031372,0.7155177593231201,0.45332759618759155,-0.08099374175071716,0.6257400512695312,0.5144916772842407,-0.09536504745483398,0.594327986240387,0.5225990414619446,-0.08437524735927582,0.5871443748474121,0.518031120300293,-0.07393718510866165,0.7295375466346741,0.5026901364326477,-0.0805966779589653,0.6566342115402222,0.541444718837738,-0.08909732103347778,0.6342695355415344,0.536996603012085,-0.07871834933757782,0.6295901536941528,0.5224459767341614,-0.06784742325544357,Left,0.9994630813598633
2286,53,1,0.3102242946624756,0.3747807443141937,2.6846279865822e-07,0.35449865460395813,0.33773210644721985,-0.025874119251966476,0.4037526249885559,0.3469395637512207,-0.04540504887700081,0.4398094713687897,0.38557302951812744,-0.055966854095458984,0.4650672376155853,0.41641393303871155,-0.0658719390630722,0.3552663326263428,0.35764995217323303,-0.0895158126950264,0.40274015069007874,0.40862518548965454,-0.11728113889694214,0.44200006127357483,0.43026483058929443,-0.1264350414276123,0.47080498933792114,0.43887147307395935,-0.12968672811985016,0.33675795793533325,0.4047366678714752,-0.08349677175283432,0.39732787013053894,0.4654794931411743,-0.10911189764738083,0.44500425457954407,0.4757223129272461,-0.11022986471652985,0.47513851523399353,0.4716407358646393,-0.1099781021475792,0.32959163188934326,0.44421038031578064,-0.07553038001060486,0.3862400949001312,0.5034598708152771,-0.0935061126947403,0.4302033483982086,0.5109292268753052,-0.09371095895767212,0.45952916145324707,0.5021883249282837,-0.0928996279835701,0.330258309841156,0.47025227546691895,-0.06829200685024261,0.3657318651676178,0.5226780772209167,-0.08290641009807587,0.396244615316391,0.5382335186004639,-0.08713149279356003,0.42227092385292053,0.5394672155380249,-0.08924539387226105,Right,0.9980007410049438
2331,54,0,0.7793138027191162,0.4182320535182953,1.0161394925489731e-07,0.7266502380371094,0.3720097839832306,0.0027570058591663837,0.6675439476966858,0.36899852752685547,-0.011172764003276825,0.6200495362281799,0.40166836977005005,-0.02219369262456894,0.5876641273498535,0.4387876093387604,-0.03633513301610947,0.6704879403114319,0.34950119256973267,-0.06512037664651871,0.5946453809738159,0.38246580958366394,-0.08569829910993576,0.5552982687950134,0.4173886179924011,-0.09130138903856277,0.5302339792251587,0.4466136693954468,-0.09189806133508682,0.6965509057044983,0.3986622989177704,-0.07336805015802383,0.6062223315238953,0.4619172513484955,-0.09113088995218277,0.5610129237174988,0.4996030926704407,-0.08986253291368484,0.5385283827781677,0.5230664014816284,-0.08897008001804352,0.7152132987976074,0.4517448842525482,-0.07677127420902252,0.6257820129394531,0.5091432332992554,-0.08979184925556183,0.5949504375457764,0.5182631015777588,-0.08162301778793335,0.5866990685462952,0.5153105854988098,-0.07436427474021912,0.7290028929710388,0.502379298210144,-0.07790369540452957,0.6569131016731262,0.5385021567344666,-0.08620304614305496,0.6357322335243225,0.5352773666381836,-0.07773326337337494,0.6309390664100647,0.5229980945587158,-0.06927679479122162,Left,0.9993476271629333
2331,54,1,0.31298139691352844,0.3773537874221802,1.70378868347143e-07,0.3547346591949463,0.338074266910553,-0.028163304552435875,0.4047015607357025,0.34543150663375854,-0.04753720387816429,0.44235002994537354,0.38356611132621765,-0.057412438094615936,0.46495896577835083,0.4188064932823181,-0.06632230430841446,0.3551872670650482,0.3615172505378723,-0.08871763199567795,0.39861300587654114,0.40606579184532166,-0.11576036363840103,0.43839210271835327,0.42646247148513794,-0.12437587976455688,0.467449814081192,0.4351009428501129,-0.1277998834848404,0.33897435665130615,0.4091314971446991,-0.08148349821567535,0.39829739928245544,0.4634612202644348,-0.1066126748919487,0.44536811113357544,0.47335323691368103,-0.10759061574935913,0.4743877351284027,0.470580518245697,-0.10747034847736359,0.33319753408432007,0.4478949010372162,-0.07276361435651779,0.3865509629249573,0.5034432411193848,-0.09261811524629593,0.4304788410663605,0.5109051465988159,-0.09419678151607513,0.45931389927864075,0.5025521516799927,-0.09366603940725327,0.33390238881111145,0.4722815752029419,-0.06475131213665009,0.3713710606098175,0.5191788673400879,-0.08136282116174698,0.402185320854187,0.5303951501846313,-0.08661547303199768,0.42701655626296997,0.5266309976577759,-0.0891183614730835,Right,0.9980223178863525
2375,55,0,0.77886962890625,0.4181177616119385,9.754449337151527e-08,0.7257069945335388,0.3713730275630951,0.0014133264776319265,0.666875958442688,0.36724749207496643,-0.013537642545998096,0.6193146705627441,0.39863121509552,-0.025386469438672066,0.5866292119026184,0.4350690543651581,-0.04024717956781387,0.6718374490737915,0.34960997104644775,-0.06679180264472961,0.5956317782402039,0.3854618966579437,-0.0887913927435875,0.5563748478889465,0.4195944368839264,-0.0960497334599495,0.5309849977493286,0.4483191967010498,-0.09771814197301865,0.6982013583183289,0.39992669224739075,-0.07469017058610916,0.6075605154037476,0.46222662925720215,-0.09258747100830078,0.5616694092750549,0.4994668960571289,-0.0919996127486229,0.5380147099494934,0.5235910415649414,-0.09199193120002747,0.716744065284729,0.45300108194351196,-0.07787635177373886,0.6271328926086426,0.5094417929649353,-0.09079083800315857,0.5962995290756226,0.5182429552078247,-0.08252820372581482,0.5870636701583862,0.5155388712882996,-0.07568935304880142,0.7300865650177002,0.5028803944587708,-0.07903967797756195,0.6587553024291992,0.5382870435714722,-0.08761155605316162,0.6375637650489807,0.5342987179756165,-0.07923486083745956,0.6318484544754028,0.5216517448425293,-0.07112892717123032,Left,0.9990795850753784
2375,55,1,0.31632572412490845,0.38241055607795715,1.396762456806755e-07,0.35558655858039856,0.3446256220340729,-0.029638279229402542,0.4045329689979553,0.3494844436645508,-0.05061867833137512,0.4412962794303894,0.3852899670600891,-0.061778269708156586,0.4631626605987549,0.41951435804367065,-0.0718354880809784,0.3555600047111511,0.36783164739608765,-0.09313762187957764,0.40033406019210815,0.4098168611526489,-0.12094826251268387,0.43944185972213745,0.4295457601547241,-0.12940768897533417,0.46770554780960083,0.4355974495410919,-0.13262932002544403,0.34017133712768555,0.4151442348957062,-0.08553963899612427,0.3983863890171051,0.46608293056488037,-0.1114269569516182,0.4453943073749542,0.47558727860450745,-0.1126805767416954,0.47496163845062256,0.4713585674762726,-0.1128266379237175,0.33480021357536316,0.45350927114486694,-0.07644837349653244,0.3873024582862854,0.5049335956573486,-0.09668812900781631,0.43158990144729614,0.5121880769729614,-0.0991043969988823,0.46173322200775146,0.5026955008506775,-0.09954013675451279,0.33551284670829773,0.4769824147224426,-0.06817197054624557,0.36927342414855957,0.5237273573875427,-0.08616863936185837,0.40006715059280396,0.536124587059021,-0.09330128878355026,0.4260815382003784,0.5333139896392822,-0.09723211079835892,Right,0.9983344078063965
2419,56,0,0.7784109115600586,0.419609397649765,1.0832469143906565e-07,0.7254904508590698,0.3724650740623474,4.896707469015382e-05,0.6657797694206238,0.3681831955909729,-0.015511511825025082,0.617901086807251,0.3999544382095337,-0.027698826044797897,0.5854371190071106,0.4369446635246277,-0.04271693527698517,0.6709787845611572,0.3522239923477173,-0.06791777908802032,0.5941900610923767,0.3874388635158539,-0.09093324095010757,0.5551630854606628,0.42365506291389465,-0.09876974672079086,0.5310112833976746,0.45413658022880554,-0.10059696435928345,0.6974108815193176,0.40238112211227417,-0.07513654232025146,0.6076763272285461,0.4646357595920563,-0.09410068392753601,0.5616697072982788,0.5022539496421814,-0.09388772398233414,0.5378028750419617,0.5264480710029602,-0.09398602694272995,0.7161559462547302,0.45502302050590515,-0.07785159349441528,0.6272327899932861,0.5096992254257202,-0.09141937643289566,0.5957154035568237,0.5188313722610474,-0.0834471583366394,0.5856783986091614,0.5170432329177856,-0.07662039250135422,0.7298189401626587,0.5043913125991821,-0.07863915711641312,0.657958447933197,0.5383865833282471,-0.0873701348900795,0.6351361274719238,0.5350631475448608,-0.0792822316288948,0.6278825998306274,0.5238099694252014,-0.07135876268148422,Left,0.9991482496261597
2419,56,1,0.3174613118171692,0.38517436385154724,1.1483002992918045e-07,0.35626333951950073,0.34778669476509094,-0.03057134337723255,0.40393465757369995,0.352827250957489,-0.05257851257920265,0.44078776240348816,0.3881341218948364,-0.06474535167217255,0.46323204040527344,0.4231243431568146,-0.0759057030081749,0.35445263981819153,0.3675134778022766,-0.09649750590324402,0.39911291003227234,0.4118138253688812,-0.12509624660015106,0.43807747960090637,0.43416285514831543,-0.1335163712501526,0.4656728506088257,0.4418332874774933,-0.13663628697395325,0.33961111307144165,0.416878342628479,-0.08864700049161911,0.3985908627510071,0.46830976009368896,-0.11522416025400162,0.445049911737442,0.4806937575340271,-0.11606423556804657,0.4736167788505554,0.4784146547317505,-0.11603675782680511,0.33438345789909363,0.4571603834629059,-0.07930544018745422,0.3877144157886505,0.5090283751487732,-0.10076787322759628,0.43100422620773315,0.5176182389259338,-0.10281068831682205,0.4600190222263336,0.5085276961326599,-0.10275367647409439,0.33580130338668823,0.4815499782562256,-0.07076020538806915,0.37131279706954956,0.5278627276420593,-0.08966580033302307,0.4019978642463684,0.539909839630127,-0.09678756445646286,0.42664292454719543,0.5353913307189941,-0.10060564428567886,Right,0.9980332255363464
2463,57,0,0.7785978317260742,0.42087504267692566,1.0944396677814439e-07,0.725724995136261,0.37455323338508606,0.0013301181606948376,0.6664625406265259,0.37113508582115173,-0.01324248593300581,0.6200157999992371,0.4021993577480316,-0.02474243752658367,0.5885140895843506,0.4394901394844055,-0.039129167795181274,0.6703882813453674,0.3539665937423706,-0.06539705395698547,0.5954068899154663,0.38905349373817444,-0.08704892545938492,0.5568191409111023,0.42411649227142334,-0.09404783695936203,0.5321537256240845,0.45337802171707153,-0.09544685482978821,0.697073221206665,0.40341681241989136,-0.0730409026145935,0.608142614364624,0.46667778491973877,-0.09112584590911865,0.5615404844284058,0.5049746036529541,-0.09068408608436584,0.5364970564842224,0.5299078822135925,-0.09061255306005478,0.7159053087234497,0.45653054118156433,-0.07604606449604034,0.626747190952301,0.5119432210922241,-0.08926372230052948,0.5953077077865601,0.521490752696991,-0.08116284012794495,0.5848590135574341,0.5199035406112671,-0.07411083579063416,0.7296385765075684,0.5066826343536377,-0.0769863948225975,0.657081127166748,0.5402145385742188,-0.08546831458806992,0.6339811086654663,0.5365973711013794,-0.07692836970090866,0.6262133717536926,0.5250586271286011,-0.06856326758861542,Left,0.999104380607605
2463,57,1,0.3187333047389984,0.3890169858932495,1.0710886044762447e-07,0.3574232757091522,0.35154005885124207,-0.03279295936226845,0.4045148491859436,0.35797083377838135,-0.05633026361465454,0.44034838676452637,0.39351221919059753,-0.0693759173154831,0.4629039168357849,0.42883536219596863,-0.08126077800989151,0.3543507754802704,0.37229686975479126,-0.10218821465969086,0.3994865417480469,0.416809618473053,-0.13351815938949585,0.4383236765861511,0.43879058957099915,-0.14265240728855133,0.4646453857421875,0.4445689022541046,-0.14528943598270416,0.33951473236083984,0.42133834958076477,-0.0933607667684555,0.4000207483768463,0.4727075397968292,-0.12240909785032272,0.4471535086631775,0.4841102957725525,-0.12259926646947861,0.4748527407646179,0.4797830879688263,-0.12107285857200623,0.33447325229644775,0.4616720378398895,-0.08313613384962082,0.3889535367488861,0.5128653645515442,-0.10659070312976837,0.43264129757881165,0.5207213759422302,-0.10706121474504471,0.46080800890922546,0.5107402801513672,-0.10487327724695206,0.33626803755760193,0.48582330346107483,-0.07383061200380325,0.37396398186683655,0.5306081771850586,-0.09399917721748352,0.4052858352661133,0.5415588617324829,-0.10008130222558975,0.42945218086242676,0.5361684560775757,-0.10230667144060135,Right,0.9973612427711487
2505,58,0,0.7794921398162842,0.4233537018299103,1.2254605508132954e-07,0.7255272269248962,0.3768850564956665,0.0005252718110568821,0.6640907526016235,0.37590456008911133,-0.013965937308967113,0.6156064867973328,0.40753602981567383,-0.025217412039637566,0.581974983215332,0.4424040913581848,-0.03917288780212402,0.6698404550552368,0.3572799563407898,-0.06582455337047577,0.5938460230827332,0.3934268355369568,-0.08726330101490021,0.5543882846832275,0.428114652633667,-0.09382641315460205,0.5293847322463989,0.45708611607551575,-0.09491725265979767,0.695695161819458,0.4073311388492584,-0.07298197597265244,0.6065548062324524,0.4701129198074341,-0.0915336012840271,0.560065746307373,0.506529688835144,-0.09100301563739777,0.5366578698158264,0.5300110578536987,-0.0906103178858757,0.714268147945404,0.45992130041122437,-0.07556531578302383,0.6244881749153137,0.5153889656066895,-0.0890270248055458,0.5938044786453247,0.5225702524185181,-0.08110761642456055,0.5865601897239685,0.5192757844924927,-0.07385193556547165,0.7280492782592773,0.5091920495033264,-0.07617951184511185,0.6543998122215271,0.543893575668335,-0.0849633663892746,0.6324499249458313,0.5383234024047852,-0.07701296359300613,0.6280524730682373,0.5245134234428406,-0.06882162392139435,Left,0.9994580745697021
2505,58,1,0.3188815712928772,0.39514753222465515,6.228816573639051e-08,0.35613390803337097,0.3563229739665985,-0.03524203598499298,0.4034382104873657,0.36445969343185425,-0.0587443932890892,0.43914204835891724,0.40090277791023254,-0.07107511907815933,0.46243566274642944,0.43456459045410156,-0.08223851770162582,0.3512569069862366,0.3785988986492157,-0.105311818420887,0.39652782678604126,0.4217979311943054,-0.1365283578634262,0.43532246351242065,0.4422891139984131,-0.1451936662197113,0.4626476466655731,0.44674792885780334,-0.14774258434772491,0.33765172958374023,0.4280107319355011,-0.09506500512361526,0.39801472425460815,0.4751415550708771,-0.12413227558135986,0.4468269348144531,0.4860853850841522,-0.1244298443198204,0.4771258533000946,0.48188838362693787,-0.12338417768478394,0.3342263698577881,0.46900027990341187,-0.08355599641799927,0.3879910409450531,0.5142829418182373,-0.10702516883611679,0.4323093593120575,0.521741509437561,-0.10789329558610916,0.4622623324394226,0.5126184225082397,-0.10640856623649597,0.3378913998603821,0.4937545657157898,-0.07319250702857971,0.3747444450855255,0.5353958606719971,-0.09366628527641296,0.40582141280174255,0.5460753440856934,-0.10038404166698456,0.4309670031070709,0.5421010851860046,-0.1034182533621788,Right,0.9959290623664856
2549,59,0,0.7811136245727539,0.42501893639564514,1.2462517418043717e-07,0.7264093160629272,0.37793734669685364,0.0018985610222443938,0.6659539937973022,0.3785151243209839,-0.011819393374025822,0.6174144744873047,0.40964484214782715,-0.022638680413365364,0.5832343697547913,0.4442159831523895,-0.036311086267232895,0.6706126928329468,0.3569038510322571,-0.06374279409646988,0.5959388017654419,0.39412468671798706,-0.08324146270751953,0.5562965273857117,0.42721518874168396,-0.0886758416891098,0.5289458632469177,0.4546273648738861,-0.08957508206367493,0.6955828666687012,0.40725240111351013,-0.07174063473939896,0.6062827706336975,0.47016197443008423,-0.08924569189548492,0.559817910194397,0.5055988430976868,-0.08882638812065125,0.5358562469482422,0.5282090306282043,-0.08873678743839264,0.7134500741958618,0.460718035697937,-0.07493223249912262,0.6234144568443298,0.5174854397773743,-0.08808425813913345,0.5932403206825256,0.5236003398895264,-0.08101916313171387,0.5865988731384277,0.5194150805473328,-0.07459577918052673,0.7265809178352356,0.5104858875274658,-0.07600996643304825,0.6534531116485596,0.5463526248931885,-0.08510149270296097,0.6335455179214478,0.5394136905670166,-0.07764492928981781,0.631138265132904,0.5245225429534912,-0.0699002668261528,Left,0.9993916153907776
2549,59,1,0.3195166289806366,0.3960263431072235,1.8291800074621278e-08,0.3564002215862274,0.3574301600456238,-0.03417760133743286,0.4028417468070984,0.36555883288383484,-0.05696798861026764,0.43737539649009705,0.40057501196861267,-0.06876091659069061,0.4598791301250458,0.43311214447021484,-0.07914411276578903,0.35030847787857056,0.37885260581970215,-0.10171885788440704,0.39616191387176514,0.42308351397514343,-0.13168983161449432,0.43479275703430176,0.4439733624458313,-0.13954950869083405,0.4627370536327362,0.4481768012046814,-0.14171816408634186,0.33716076612472534,0.42752543091773987,-0.09184044599533081,0.40003636479377747,0.477197527885437,-0.12008535861968994,0.4471730589866638,0.4882090389728546,-0.12050437927246094,0.47741279006004333,0.48370033502578735,-0.11937976628541946,0.3344663977622986,0.4677708148956299,-0.0806591659784317,0.3902862071990967,0.514152467250824,-0.10377755761146545,0.43377360701560974,0.5216947197914124,-0.10525273531675339,0.4647130072116852,0.5121002197265625,-0.10405192524194717,0.33915942907333374,0.4925818145275116,-0.07047812640666962,0.3770764470100403,0.5307565927505493,-0.0904737040400505,0.4080888628959656,0.5394651889801025,-0.0973958671092987,0.43467578291893005,0.5342566967010498,-0.1005604937672615,Right,0.9969078898429871
2592,60,0,0.7797055244445801,0.42584845423698425,1.338506621095803e-07,0.7250600457191467,0.37874752283096313,0.0009247680427506566,0.6647496819496155,0.37862181663513184,-0.013710206374526024,0.6165450811386108,0.4120103716850281,-0.025231894105672836,0.5830614566802979,0.44800183176994324,-0.0395943708717823,0.6697607040405273,0.35848161578178406,-0.06560798734426498,0.5944962501525879,0.3957914113998413,-0.08614006638526917,0.5547953844070435,0.42960426211357117,-0.09216618537902832,0.5278637409210205,0.45747634768486023,-0.09329275786876678,0.6946252584457397,0.40865615010261536,-0.07311940938234329,0.6054123640060425,0.4714203476905823,-0.09140586107969284,0.5590007305145264,0.5064859390258789,-0.09079964458942413,0.5354053378105164,0.5287290811538696,-0.09051451086997986,0.7123386859893799,0.4617287814617157,-0.07593041658401489,0.6223402619361877,0.5177407264709473,-0.08945335447788239,0.5926507115364075,0.5237230658531189,-0.08188323676586151,0.5867214798927307,0.5196475982666016,-0.07497237622737885,0.7255291938781738,0.5115531086921692,-0.07672947645187378,0.6523936986923218,0.5465642809867859,-0.0859365165233612,0.6318245530128479,0.5398581624031067,-0.07846460491418839,0.6290801763534546,0.525608241558075,-0.07065227627754211,Left,0.9992668628692627
2592,60,1,0.3204401731491089,0.4010392427444458,1.935719851076101e-08,0.3579557538032532,0.3581875264644623,-0.03628487512469292,0.40511587262153625,0.37130212783813477,-0.058387238532304764,0.43982231616973877,0.41189447045326233,-0.06917150318622589,0.46594905853271484,0.4439493417739868,-0.07889863848686218,0.3499528765678406,0.3840590715408325,-0.10199000686407089,0.3938378393650055,0.4280701279640198,-0.13199040293693542,0.43151718378067017,0.45092442631721497,-0.14095023274421692,0.4604598581790924,0.45827344059944153,-0.144175186753273,0.33705511689186096,0.433834433555603,-0.09105507284402847,0.39928674697875977,0.4794864356517792,-0.11788265407085419,0.4469118118286133,0.4932650923728943,-0.11872128397226334,0.47880691289901733,0.49352967739105225,-0.11891994625329971,0.3354854881763458,0.47523218393325806,-0.07911416888237,0.3924463987350464,0.5166199803352356,-0.10186740756034851,0.4368852376937866,0.5231320858001709,-0.10383183509111404,0.4683024287223816,0.5140743851661682,-0.10360408574342728,0.34131401777267456,0.5022238492965698,-0.06843529641628265,0.38428741693496704,0.5353080630302429,-0.08872532844543457,0.4168248176574707,0.5383614897727966,-0.09548889100551605,0.4430241286754608,0.5295538902282715,-0.0989142432808876,Right,0.9969267845153809
2634,61,0,0.7805997729301453,0.4274442791938782,1.26636422237425e-07,0.7252169251441956,0.3810157775878906,0.0008122032159008086,0.6632674336433411,0.38017258048057556,-0.013330081477761269,0.6143415570259094,0.4121837913990021,-0.024472489953041077,0.5805913209915161,0.44779539108276367,-0.038357287645339966,0.6682835221290588,0.3613172173500061,-0.06342922151088715,0.5938984155654907,0.4002646207809448,-0.0843074843287468,0.553888201713562,0.4341731667518616,-0.0912744477391243,0.5265771150588989,0.4622480571269989,-0.09309026598930359,0.6925116777420044,0.4117031693458557,-0.07087533921003342,0.6051690578460693,0.47443002462387085,-0.08924383670091629,0.5586625933647156,0.5102283358573914,-0.0893322080373764,0.5345242619514465,0.5332451462745667,-0.08952978253364563,0.710048496723175,0.46457940340042114,-0.07380569726228714,0.6207728981971741,0.5200291275978088,-0.08698556572198868,0.5911052227020264,0.526466965675354,-0.07942799478769302,0.5849668383598328,0.5225799083709717,-0.07257169485092163,0.7235123515129089,0.5144082307815552,-0.07487185299396515,0.6503509283065796,0.549171507358551,-0.08338717371225357,0.6293851733207703,0.5429621338844299,-0.07564639300107956,0.6263096332550049,0.5289211869239807,-0.06771466881036758,Left,0.9994893074035645
2634,61,1,0.3212933838367462,0.3992970287799835,5.342469133751138e-09,0.357535183429718,0.3597397208213806,-0.03944142535328865,0.4047791361808777,0.3696422874927521,-0.06459935754537582,0.440478652715683,0.4064408540725708,-0.07715791463851929,0.4640105366706848,0.4398714303970337,-0.08803221583366394,0.3486199378967285,0.3847224712371826,-0.11133558303117752,0.3960222601890564,0.4300172030925751,-0.1445688158273697,0.4346812665462494,0.45118993520736694,-0.15373660624027252,0.46339020133018494,0.45539116859436035,-0.15605129301548004,0.33504563570022583,0.4324079751968384,-0.09857746213674545,0.39955902099609375,0.4820444881916046,-0.1293594390153885,0.4482153654098511,0.4940437376499176,-0.12953336536884308,0.4795108139514923,0.48962879180908203,-0.12778551876544952,0.3331919014453888,0.47307586669921875,-0.08474476635456085,0.3906082808971405,0.5155936479568481,-0.11059433966875076,0.4360274374485016,0.5218202471733093,-0.11152451485395432,0.46778249740600586,0.511366605758667,-0.10918977856636047,0.33899059891700745,0.5002486705780029,-0.07219009846448898,0.3801283836364746,0.5361255407333374,-0.09448907524347305,0.4117198586463928,0.5423348546028137,-0.10110428184270859,0.4379090368747711,0.5349277257919312,-0.10334217548370361,Right,0.9947930574417114
2677,62,0,0.782360315322876,0.4283158779144287,1.4809823767336638e-07,0.7267985939979553,0.38221558928489685,0.0010645543225109577,0.6656707525253296,0.38129472732543945,-0.012629976496100426,0.6181796193122864,0.41295239329338074,-0.023285815492272377,0.5850883722305298,0.4490009844303131,-0.0366017185151577,0.6690635085105896,0.36497342586517334,-0.0637909546494484,0.5942142605781555,0.4058743119239807,-0.08459828048944473,0.554053544998169,0.4385623037815094,-0.09152483195066452,0.5259697437286377,0.4653831124305725,-0.09322661906480789,0.6922010779380798,0.41617757081985474,-0.07121969014406204,0.6043514609336853,0.4779173731803894,-0.08931493759155273,0.5580601692199707,0.5116326808929443,-0.08920963853597641,0.5347298383712769,0.5328208208084106,-0.08918729424476624,0.7094390988349915,0.46935132145881653,-0.07402770221233368,0.6199527382850647,0.5252760648727417,-0.08730608969926834,0.5930571556091309,0.528873860836029,-0.07979262620210648,0.591083288192749,0.5220574736595154,-0.07272738963365555,0.7229784727096558,0.519377589225769,-0.07498523592948914,0.6502837538719177,0.5550006628036499,-0.08416228741407394,0.6321876645088196,0.5463569760322571,-0.07662292569875717,0.6332082748413086,0.5293319225311279,-0.06851411610841751,Left,0.9994029998779297
2677,62,1,0.32159215211868286,0.39951038360595703,-7.969678250674406e-08,0.35848960280418396,0.360119104385376,-0.038954589515924454,0.40661102533340454,0.37009140849113464,-0.06353870034217834,0.4421325623989105,0.40738609433174133,-0.07604357600212097,0.46686506271362305,0.44154098629951477,-0.08673553913831711,0.3501780033111572,0.3845047652721405,-0.10730262845754623,0.3953874111175537,0.4318660795688629,-0.13994768261909485,0.4343307614326477,0.4510582983493805,-0.14931298792362213,0.46369826793670654,0.4557047486305237,-0.15188650786876678,0.33673232793807983,0.43271541595458984,-0.09459967166185379,0.3996601402759552,0.48119211196899414,-0.12463779002428055,0.4487323760986328,0.49174198508262634,-0.12460964918136597,0.4802717864513397,0.48807457089424133,-0.123090460896492,0.3353293240070343,0.4737764596939087,-0.08109704405069351,0.39293351769447327,0.5157361626625061,-0.1070408821105957,0.4381081461906433,0.5196957588195801,-0.10747160762548447,0.46886515617370605,0.5100600123405457,-0.104758121073246,0.3411531150341034,0.5018638372421265,-0.06889801472425461,0.38574254512786865,0.534054160118103,-0.09007582068443298,0.41869041323661804,0.5357783436775208,-0.09546506404876709,0.44390207529067993,0.5259107947349548,-0.09711527824401855,Right,0.9883472323417664
2718,63,0,0.7831207513809204,0.4308098256587982,1.7935312257577607e-07,0.7274829745292664,0.38402047753334045,-0.000401821278501302,0.6678252816200256,0.38282570242881775,-0.015050811693072319,0.6224919557571411,0.41492536664009094,-0.026563743129372597,0.5899204015731812,0.4509815275669098,-0.04055391624569893,0.6700578331947327,0.3668777644634247,-0.0664769634604454,0.5967433452606201,0.40905284881591797,-0.0895109623670578,0.5562847852706909,0.441001832485199,-0.09831453114748001,0.5263978242874146,0.467395544052124,-0.10117968916893005,0.6932262778282166,0.4184478223323822,-0.07387062162160873,0.607147753238678,0.47891804575920105,-0.09348098188638687,0.558659553527832,0.5120916962623596,-0.09454619884490967,0.5324307680130005,0.5333083868026733,-0.09539482742547989,0.7103900909423828,0.4719650447368622,-0.07682490348815918,0.6209919452667236,0.5259276628494263,-0.09106619656085968,0.5953264236450195,0.5284245014190674,-0.083669513463974,0.5954635739326477,0.5207774043083191,-0.07643734663724899,0.7230471968650818,0.5223080515861511,-0.07821495831012726,0.6503902673721313,0.5582016706466675,-0.08825844526290894,0.6307091116905212,0.5505160093307495,-0.0812300369143486,0.6302719116210938,0.5345075726509094,-0.07325797528028488,Left,0.9994142055511475
2718,63,1,0.3221607506275177,0.3991050124168396,-5.385376056210589e-08,0.3594464659690857,0.3591773808002472,-0.039159663021564484,0.4074552059173584,0.3699257969856262,-0.06390944868326187,0.4433988928794861,0.4081580340862274,-0.07625195384025574,0.4686765670776367,0.44211745262145996,-0.08689484745264053,0.3503151834011078,0.38289785385131836,-0.1096227690577507,0.3966606855392456,0.4310861825942993,-0.14210911095142365,0.4357723891735077,0.45103132724761963,-0.15100857615470886,0.46563905477523804,0.45591622591018677,-0.1533614993095398,0.3367011845111847,0.43161138892173767,-0.09661512076854706,0.40178996324539185,0.4805639386177063,-0.12638941407203674,0.45000597834587097,0.49052074551582336,-0.12577368319034576,0.480735719203949,0.486981064081192,-0.12389175593852997,0.33510029315948486,0.47287416458129883,-0.08259798586368561,0.39420685172080994,0.5149229168891907,-0.1077079176902771,0.4388006031513214,0.5195645093917847,-0.10749349743127823,0.4692777395248413,0.5105992555618286,-0.10462667047977448,0.34075218439102173,0.5008035898208618,-0.06989428400993347,0.38511544466018677,0.5342206954956055,-0.09056035429239273,0.41726136207580566,0.5374508500099182,-0.09563063085079193,0.44235000014305115,0.5289022922515869,-0.09721531718969345,Right,0.9910510778427124
2764,64,0,0.7808133363723755,0.43310701847076416,1.8818678881871165e-07,0.7256983518600464,0.3855915665626526,2.963144470413681e-05,0.6674097776412964,0.38440531492233276,-0.014371742494404316,0.6230646371841431,0.4167358875274658,-0.025887738913297653,0.5914473533630371,0.45248711109161377,-0.03996558487415314,0.6689994931221008,0.3694305419921875,-0.06477750837802887,0.5974442362785339,0.4094558656215668,-0.08715302497148514,0.5579649209976196,0.4411775767803192,-0.09507384896278381,0.5298184156417847,0.4672607481479645,-0.0971919596195221,0.6914596557617188,0.4204300045967102,-0.07238002866506577,0.6063075065612793,0.4809532165527344,-0.09214262664318085,0.5581273436546326,0.5136877298355103,-0.09290403872728348,0.5325542688369751,0.5342620015144348,-0.09316076338291168,0.7084792852401733,0.4735466241836548,-0.07563545554876328,0.6207596063613892,0.5273597240447998,-0.09009202569723129,0.5945582389831543,0.5302050709724426,-0.08307991176843643,0.5938310623168945,0.5230218172073364,-0.0758085772395134,0.721581220626831,0.5233625173568726,-0.0772380605340004,0.6500964164733887,0.5599048733711243,-0.08724543452262878,0.6301488876342773,0.552279531955719,-0.08042634278535843,0.6293355226516724,0.5363867282867432,-0.07246653735637665,Left,0.999356746673584
2764,64,1,0.322083979845047,0.3993951678276062,-4.9289681669506535e-08,0.3598315417766571,0.35989049077033997,-0.04006091132760048,0.40778711438179016,0.3714979290962219,-0.06510630995035172,0.44390350580215454,0.41045522689819336,-0.07755707204341888,0.4702557325363159,0.4442400336265564,-0.08838503807783127,0.3509165644645691,0.38368433713912964,-0.11145872622728348,0.39821332693099976,0.43040263652801514,-0.14407388865947723,0.4376254081726074,0.4517294764518738,-0.15299062430858612,0.4679720401763916,0.4582238793373108,-0.15565398335456848,0.3370833992958069,0.4325296878814697,-0.09820608794689178,0.401524156332016,0.4803432822227478,-0.1288762092590332,0.4501156508922577,0.4904704988002777,-0.12873388826847076,0.4811098575592041,0.4868776202201843,-0.12731125950813293,0.33529430627822876,0.473953515291214,-0.08392912149429321,0.39377275109291077,0.5150531530380249,-0.10950138419866562,0.4385729730129242,0.5199306607246399,-0.10954511165618896,0.46885454654693604,0.5110321044921875,-0.1070745661854744,0.3407886326313019,0.5018252730369568,-0.07109809666872025,0.38404881954193115,0.5347878336906433,-0.09253841638565063,0.4164679944515228,0.5385417342185974,-0.09843037277460098,0.44187650084495544,0.5305604934692383,-0.1007186621427536,Right,0.9900692701339722
2806,65,0,0.7785235047340393,0.43601518869400024,1.947282868286493e-07,0.7239776253700256,0.38716426491737366,-0.0010148122673854232,0.6648029685020447,0.38560736179351807,-0.015467887744307518,0.6197107434272766,0.41759249567985535,-0.026784665882587433,0.5879952907562256,0.45336347818374634,-0.0405002199113369,0.6691380143165588,0.3699572682380676,-0.06451626867055893,0.5984196662902832,0.4112156629562378,-0.08638936281204224,0.5592484474182129,0.44157665967941284,-0.09386579692363739,0.5307387709617615,0.4656926393508911,-0.09569557011127472,0.6910187602043152,0.4217744767665863,-0.07139626145362854,0.6053844690322876,0.48252561688423157,-0.09046565741300583,0.5581039190292358,0.5145811438560486,-0.09050720930099487,0.5323697924613953,0.5340216159820557,-0.09021192044019699,0.7067978382110596,0.47548815608024597,-0.07409294694662094,0.617940366268158,0.5287287831306458,-0.08833664655685425,0.5926133394241333,0.5309908986091614,-0.08067363500595093,0.591351330280304,0.523564338684082,-0.0728641077876091,0.7183789014816284,0.5253168940544128,-0.07523690909147263,0.6458285450935364,0.5594894886016846,-0.08506593853235245,0.6267324090003967,0.5502762198448181,-0.07772093266248703,0.6257986426353455,0.5338220000267029,-0.06936229765415192,Left,0.9994041919708252
2806,65,1,0.32280004024505615,0.3994372487068176,-2.1035228670029937e-08,0.3602846562862396,0.3594416081905365,-0.03968276455998421,0.4090121388435364,0.372439444065094,-0.06469996273517609,0.44440218806266785,0.41095882654190063,-0.07677235454320908,0.4704684615135193,0.4449056088924408,-0.0870526134967804,0.35159778594970703,0.38266822695732117,-0.11579755693674088,0.40505170822143555,0.43076685070991516,-0.1481570303440094,0.4452574849128723,0.45365190505981445,-0.1550966054201126,0.4752037525177002,0.46320924162864685,-0.15601874887943268,0.3372495174407959,0.43237483501434326,-0.10255135595798492,0.407289057970047,0.4831758439540863,-0.13312283158302307,0.45621204376220703,0.49312910437583923,-0.13000079989433289,0.48563075065612793,0.4894134998321533,-0.1257382184267044,0.33488717675209045,0.4750414490699768,-0.08790404349565506,0.3979465067386627,0.5181680917739868,-0.11343412846326828,0.4415653347969055,0.5215674042701721,-0.10988081991672516,0.46882787346839905,0.5123192071914673,-0.10418692231178284,0.3402557671070099,0.504209041595459,-0.07465066015720367,0.38546979427337646,0.5390051603317261,-0.09551530331373215,0.4176281690597534,0.5409942865371704,-0.09858552366495132,0.44082561135292053,0.5319712162017822,-0.09820564836263657,Right,0.9904064536094666
2850,66,0,0.7764164209365845,0.4366845488548279,2.0407057377269666e-07,0.722425103187561,0.3871789574623108,-0.0008889299351722002,0.6636265516281128,0.3849070072174072,-0.015313373878598213,0.6193490028381348,0.415884792804718,-0.02649407647550106,0.5882570147514343,0.45071470737457275,-0.04000110179185867,0.6681259870529175,0.37156087160110474,-0.06540538370609283,0.5979248285293579,0.41142958402633667,-0.0875699445605278,0.5580307841300964,0.4396821856498718,-0.09488633275032043,0.5281693339347839,0.4615706503391266,-0.09649086743593216,0.689512312412262,0.423886239528656,-0.07207946479320526,0.6043339967727661,0.4834608733654022,-0.09123843163251877,0.5572823286056519,0.5150303840637207,-0.09001190215349197,0.5312997698783875,0.5341978073120117,-0.08836115896701813,0.7047214508056641,0.47730353474617004,-0.07450543344020844,0.6160816550254822,0.5286818146705627,-0.08811797201633453,0.5904380679130554,0.530528724193573,-0.07809490710496902,0.5882781744003296,0.5228632688522339,-0.06831145286560059,0.716191828250885,0.526528537273407,-0.07549149543046951,0.6431729793548584,0.5592955350875854,-0.08390507847070694,0.6225783824920654,0.5506460666656494,-0.07466123253107071,0.6199954152107239,0.5346693992614746,-0.06471020728349686,Left,0.999468207359314
2850,66,1,0.3226844072341919,0.39717432856559753,-6.695490384345248e-08,0.3622361123561859,0.3585945665836334,-0.03485918045043945,0.4131886065006256,0.3743458390235901,-0.055294156074523926,0.4495376944541931,0.4133457541465759,-0.06439336389303207,0.4756648540496826,0.445766419172287,-0.07167322188615799,0.3559889793395996,0.3839673697948456,-0.1003863662481308,0.41195547580718994,0.4341776371002197,-0.1279318928718567,0.4524080753326416,0.45438170433044434,-0.13311362266540527,0.48186320066452026,0.46172118186950684,-0.13332118093967438,0.3406991958618164,0.43281567096710205,-0.0887710452079773,0.41209542751312256,0.4837852120399475,-0.11454541236162186,0.4603382349014282,0.4934711754322052,-0.11162543296813965,0.49004608392715454,0.48983606696128845,-0.10793568193912506,0.33665916323661804,0.4749547243118286,-0.07585795968770981,0.40011996030807495,0.5185257792472839,-0.09639649093151093,0.4427506625652313,0.5216773748397827,-0.09167537838220596,0.4701279401779175,0.5125871896743774,-0.08584701269865036,0.34058627486228943,0.5042789578437805,-0.06444000452756882,0.3855300545692444,0.5381230115890503,-0.08140368014574051,0.41729438304901123,0.5394748449325562,-0.08312498778104782,0.44067585468292236,0.5304710268974304,-0.0821264237165451,Right,0.9917556643486023
2891,67,0,0.7739605903625488,0.43887951970100403,2.300240566910361e-07,0.7205536365509033,0.3873193860054016,-0.0018627311801537871,0.6613243818283081,0.38331061601638794,-0.016145475208759308,0.6162891983985901,0.41460248827934265,-0.02675486169755459,0.5861830711364746,0.4515717625617981,-0.03949371352791786,0.6670141220092773,0.3730297386646271,-0.06623036414384842,0.5951880812644958,0.41101738810539246,-0.08738342672586441,0.5548043251037598,0.43808555603027344,-0.09324397891759872,0.5247390270233154,0.45815515518188477,-0.0938541516661644,0.6872496604919434,0.42649972438812256,-0.07179883867502213,0.602056622505188,0.48499906063079834,-0.09034565091133118,0.5562282800674438,0.5146324038505554,-0.0875341072678566,0.5315273404121399,0.5313859581947327,-0.0844622477889061,0.7015508413314819,0.47998398542404175,-0.0731343999505043,0.6138684749603271,0.5287708640098572,-0.08593092858791351,0.5886462926864624,0.5291557908058167,-0.07459276169538498,0.5862882733345032,0.5206377506256104,-0.0638442263007164,0.7124820351600647,0.5282696485519409,-0.07313600927591324,0.6406540870666504,0.5583287477493286,-0.08043847233057022,0.6210703253746033,0.5486313104629517,-0.07021956145763397,0.6188191175460815,0.5324153900146484,-0.05959382280707359,Left,0.9992930293083191
2891,67,1,0.3236555755138397,0.39783746004104614,-5.19756859773679e-08,0.36293825507164,0.3567764461040497,-0.035758811980485916,0.4145101010799408,0.37201178073883057,-0.056198544800281525,0.4490261971950531,0.41232848167419434,-0.06522059440612793,0.4714064598083496,0.44573381543159485,-0.07269345223903656,0.35620635747909546,0.3859657347202301,-0.09955038875341415,0.41106775403022766,0.4333592355251312,-0.12739098072052002,0.4510906934738159,0.4538472592830658,-0.13448314368724823,0.48176974058151245,0.46285727620124817,-0.13664545118808746,0.34175118803977966,0.43513527512550354,-0.08772885054349899,0.4130706489086151,0.48298734426498413,-0.1134037971496582,0.461690753698349,0.4914736747741699,-0.1122196689248085,0.49292975664138794,0.48866575956344604,-0.11030753701925278,0.33905911445617676,0.4771500825881958,-0.07478184252977371,0.4029957950115204,0.5181575417518616,-0.09528536349534988,0.44678908586502075,0.5202330350875854,-0.09279970079660416,0.475717157125473,0.5110279321670532,-0.08911670744419098,0.3444216251373291,0.5066207051277161,-0.0634056106209755,0.3905382752418518,0.5383790731430054,-0.08080484718084335,0.4226236045360565,0.5384955406188965,-0.08398894220590591,0.4465678334236145,0.5298491716384888,-0.08450136333703995,Right,0.9926197528839111
2936,68,0,0.773669421672821,0.44068029522895813,2.428786274322192e-07,0.7201112508773804,0.3879111707210541,-0.0028814077377319336,0.6597411036491394,0.38664939999580383,-0.01689710095524788,0.6138623356819153,0.4228362739086151,-0.02674161270260811,0.5838685631752014,0.4622919261455536,-0.0381939634680748,0.6679144501686096,0.3743041753768921,-0.06649356335401535,0.5962416529655457,0.408741295337677,-0.08814629167318344,0.5550107955932617,0.43283215165138245,-0.09470120817422867,0.5234646797180176,0.4505488872528076,-0.09593751281499863,0.6862223744392395,0.4293661117553711,-0.07093848288059235,0.600809633731842,0.48645806312561035,-0.08860281109809875,0.5561602115631104,0.5121734142303467,-0.0851922407746315,0.53204745054245,0.5256772041320801,-0.08201047778129578,0.6982982754707336,0.48321080207824707,-0.07130812108516693,0.6104278564453125,0.5294591188430786,-0.08246516436338425,0.5867248177528381,0.5270184874534607,-0.07030539959669113,0.5859792828559875,0.5171197056770325,-0.0593855082988739,0.7066276669502258,0.529964804649353,-0.0706242099404335,0.6357558965682983,0.5572376847267151,-0.0763898491859436,0.6157510280609131,0.5466946959495544,-0.06598277390003204,0.6124944686889648,0.530754566192627,-0.05554932728409767,Left,0.9987598657608032
2936,68,1,0.3256852626800537,0.39627009630203247,-5.829854643479848e-08,0.3660000264644623,0.3563196063041687,-0.035540543496608734,0.416942298412323,0.3735782504081726,-0.055367760360240936,0.44960734248161316,0.41455501317977905,-0.0637517124414444,0.4725114405155182,0.4448885917663574,-0.07068395614624023,0.35638874769210815,0.38545987010002136,-0.09872166812419891,0.4150512218475342,0.43583518266677856,-0.12582503259181976,0.4567207992076874,0.45664021372795105,-0.13239289820194244,0.4888145625591278,0.46490150690078735,-0.13420967757701874,0.34159359335899353,0.4357622265815735,-0.08688955754041672,0.4159124493598938,0.4852322041988373,-0.11201076209545135,0.4648050367832184,0.4941527545452118,-0.11157791316509247,0.4965328574180603,0.49177467823028564,-0.11027974635362625,0.33865371346473694,0.47837966680526733,-0.07371994853019714,0.4069519340991974,0.5175352692604065,-0.09365250915288925,0.45103543996810913,0.5188249945640564,-0.09172827750444412,0.4806319773197174,0.5102104544639587,-0.08876412361860275,0.3440808653831482,0.5082454085350037,-0.062047865241765976,0.3933332860469818,0.5387971997261047,-0.07870794087648392,0.4254433810710907,0.5366799235343933,-0.081296406686306,0.4489782154560089,0.5272189378738403,-0.08170118182897568,Right,0.9944698810577393
2981,69,0,0.7735555171966553,0.44006863236427307,2.5301247319475806e-07,0.7202419638633728,0.3874599039554596,-0.006448990199714899,0.6574513912200928,0.3905867636203766,-0.022497473284602165,0.6092690229415894,0.4315309226512909,-0.03367522358894348,0.5776877999305725,0.47260940074920654,-0.04626300930976868,0.6712587475776672,0.3715474009513855,-0.07064323127269745,0.5980443358421326,0.4069042205810547,-0.09290502965450287,0.5562602877616882,0.43057218194007874,-0.09982424229383469,0.5245857238769531,0.44836336374282837,-0.10153359919786453,0.6898181438446045,0.4282101094722748,-0.0742214173078537,0.602948784828186,0.48632124066352844,-0.09334012120962143,0.5576556921005249,0.5104455947875977,-0.09159639477729797,0.533021867275238,0.5222287178039551,-0.08999122679233551,0.701388955116272,0.48288217186927795,-0.07388463616371155,0.6115990281105042,0.5294824838638306,-0.08701266348361969,0.5877849459648132,0.5230139493942261,-0.07738432288169861,0.5872828960418701,0.5100534558296204,-0.06853087991476059,0.7080439925193787,0.5299358367919922,-0.07261038571596146,0.6356629729270935,0.5576404929161072,-0.08075261861085892,0.6164677143096924,0.5438083410263062,-0.07263514399528503,0.6141536235809326,0.5249506831169128,-0.06424671411514282,Left,0.9987979531288147
2981,69,1,0.32771652936935425,0.39076417684555054,-1.0984970799654548e-07,0.3703822195529938,0.35611143708229065,-0.03550464287400246,0.4219341278076172,0.37749308347702026,-0.05470336228609085,0.45756348967552185,0.420641154050827,-0.06258324533700943,0.4856092631816864,0.4489196240901947,-0.06897451728582382,0.36078542470932007,0.38571256399154663,-0.09469766169786453,0.4170382022857666,0.4336423873901367,-0.12030977755784988,0.4572434425354004,0.45520949363708496,-0.12637591361999512,0.48867174983024597,0.46767929196357727,-0.12827269732952118,0.34395837783813477,0.4343473017215729,-0.08255551010370255,0.4162220358848572,0.484707236289978,-0.10594978928565979,0.4638602137565613,0.49622347950935364,-0.10472650080919266,0.49458587169647217,0.49641841650009155,-0.10334117710590363,0.33910590410232544,0.4765705168247223,-0.0691930502653122,0.4051494896411896,0.5168912410736084,-0.08839138597249985,0.44783031940460205,0.5188370943069458,-0.08486834913492203,0.47517624497413635,0.5107367038726807,-0.08074180036783218,0.342390775680542,0.5071934461593628,-0.05743534862995148,0.3923473358154297,0.5368161201477051,-0.07285678386688232,0.42443928122520447,0.5327677130699158,-0.07379376888275146,0.44639718532562256,0.5215074419975281,-0.0731540322303772,Right,0.9942077398300171
3025,70,0,0.7736250758171082,0.44070228934288025,2.5326505692646606e-07,0.7202108502388,0.38690733909606934,-0.006162199191749096,0.6583203077316284,0.3908330798149109,-0.023338207975029945,0.6108562350273132,0.4313315153121948,-0.03568505868315697,0.5788614749908447,0.47233232855796814,-0.04984059929847717,0.6757398247718811,0.3708186745643616,-0.07454217970371246,0.6047047972679138,0.401178240776062,-0.09875870496034622,0.561741828918457,0.4232815206050873,-0.1070932000875473,0.5283992290496826,0.44072890281677246,-0.11001914739608765,0.6940547227859497,0.4279125928878784,-0.0791090577840805,0.6075699329376221,0.4816018342971802,-0.09927958995103836,0.5605566501617432,0.5045457482337952,-0.09834980964660645,0.5343274474143982,0.5158500075340271,-0.0978275015950203,0.7053086757659912,0.48327478766441345,-0.07954198122024536,0.6156298518180847,0.5279155969619751,-0.09311895072460175,0.5873432755470276,0.5231461524963379,-0.08455406874418259,0.5836467742919922,0.5115028619766235,-0.07700295001268387,0.7119659185409546,0.5306738018989563,-0.07892298698425293,0.6395004987716675,0.5596649050712585,-0.08753782510757446,0.6154745221138,0.548901379108429,-0.08057157695293427,0.6090400218963623,0.5326859354972839,-0.07346025854349136,Left,0.9992623925209045
3025,70,1,0.325970321893692,0.3908866345882416,-1.427639944040493e-07,0.3695736229419708,0.35574421286582947,-0.035272181034088135,0.41944628953933716,0.37306898832321167,-0.05591147020459175,0.45427337288856506,0.41428065299987793,-0.06553348153829575,0.4831371009349823,0.44435861706733704,-0.0739322379231453,0.35795754194259644,0.37970608472824097,-0.09683343768119812,0.4148145318031311,0.42665350437164307,-0.12304932624101639,0.45603734254837036,0.45104822516441345,-0.12966158986091614,0.4885850250720978,0.46775686740875244,-0.13221855461597443,0.3403583765029907,0.42993995547294617,-0.0853775218129158,0.4140632748603821,0.47643905878067017,-0.11013852804899216,0.46422022581100464,0.49176111817359924,-0.10999913513660431,0.49799472093582153,0.49527424573898315,-0.10979827493429184,0.3354519009590149,0.4741169810295105,-0.07248003035783768,0.404290109872818,0.512109637260437,-0.09385623782873154,0.4481212794780731,0.5165947079658508,-0.09176001697778702,0.4775646924972534,0.5100544691085815,-0.08862750977277756,0.3391353487968445,0.5057423114776611,-0.06097183749079704,0.39157164096832275,0.5344113707542419,-0.07864576578140259,0.42354074120521545,0.5300289988517761,-0.0806499570608139,0.444989413022995,0.5181651711463928,-0.08072710782289505,Right,0.9949142336845398
3070,71,0,0.7757946252822876,0.43865859508514404,3.223711360078596e-07,0.7230789661407471,0.38128677010536194,-0.007359154988080263,0.6633879542350769,0.3817419409751892,-0.025340212509036064,0.6179772615432739,0.4161008596420288,-0.03774147108197212,0.5874219536781311,0.45350363850593567,-0.05197269469499588,0.6832617521286011,0.3721469044685364,-0.08300476521253586,0.6146425008773804,0.3976137638092041,-0.10984371602535248,0.5698877573013306,0.4174001216888428,-0.11859144270420074,0.53541499376297,0.43255919218063354,-0.12104316055774689,0.701408863067627,0.43089422583580017,-0.08695045113563538,0.6118219494819641,0.47799476981163025,-0.11012879014015198,0.5600034594535828,0.496106892824173,-0.10863560438156128,0.5329846143722534,0.5045159459114075,-0.10657058656215668,0.7117751836776733,0.4866178333759308,-0.08631784468889236,0.6194750070571899,0.5274554491043091,-0.1018807515501976,0.5887452363967896,0.5175456404685974,-0.09261853992938995,0.5865581035614014,0.5014964938163757,-0.08326588571071625,0.717576265335083,0.5332160592079163,-0.08459891378879547,0.6418425440788269,0.5606407523155212,-0.09452556073665619,0.6142726540565491,0.5480028390884399,-0.08753416687250137,0.6075632572174072,0.5293912887573242,-0.0793893039226532,Left,0.9996138215065002
3070,71,1,0.3286721706390381,0.3877192735671997,-1.393754303080641e-07,0.3726739287376404,0.353824257850647,-0.03510288894176483,0.42209261655807495,0.3692224621772766,-0.05660572275519371,0.4557660222053528,0.4085637331008911,-0.0671408548951149,0.47791147232055664,0.44132867455482483,-0.07655778527259827,0.36144697666168213,0.3768679201602936,-0.09970840066671371,0.4214208126068115,0.4210089147090912,-0.12677107751369476,0.4645173251628876,0.4439970850944519,-0.13310551643371582,0.49728408455848694,0.45972803235054016,-0.13539905846118927,0.343660831451416,0.42650526762008667,-0.08873362839221954,0.4181263744831085,0.47285905480384827,-0.11560217291116714,0.4683491289615631,0.4875318706035614,-0.11621099710464478,0.5006792545318604,0.4912375211715698,-0.11610119789838791,0.33784106373786926,0.47165030241012573,-0.07610318064689636,0.40756383538246155,0.5090662837028503,-0.09970857203006744,0.45198971033096313,0.5139107704162598,-0.09912963956594467,0.4805920720100403,0.5088704824447632,-0.09668805450201035,0.3402777314186096,0.5056806206703186,-0.06461899727582932,0.39466941356658936,0.5317389369010925,-0.08408604562282562,0.4257708191871643,0.5255596041679382,-0.08693226426839828,0.4455358684062958,0.513282299041748,-0.0873628705739975,Right,0.9902449250221252
3113,72,0,0.772291898727417,0.4342995882034302,4.4759718775821966e-07,0.7222728729248047,0.3789405822753906,-0.012043032795190811,0.670138418674469,0.3754383325576782,-0.03302732855081558,0.6294324398040771,0.4035523235797882,-0.04653027281165123,0.5975742340087891,0.43253785371780396,-0.06228630989789963,0.6890029311180115,0.37577831745147705,-0.10027776658535004,0.6249691843986511,0.39448851346969604,-0.13445578515529633,0.579223096370697,0.4090399146080017,-0.14765416085720062,0.5426350235939026,0.4202893376350403,-0.15217861533164978,0.7080942392349243,0.43373313546180725,-0.10177214443683624,0.6195574998855591,0.47344258427619934,-0.13100282847881317,0.5651159882545471,0.4880914092063904,-0.1321191042661667,0.5329819917678833,0.4927824139595032,-0.13115151226520538,0.7176255583763123,0.4876593053340912,-0.0983964055776596,0.6308862566947937,0.5298699140548706,-0.11729509383440018,0.5871591567993164,0.5284375548362732,-0.1119590476155281,0.5675173997879028,0.5147897005081177,-0.10561486333608627,0.7231095433235168,0.5309790372848511,-0.09396104514598846,0.6527842283248901,0.5583981275558472,-0.1046433374285698,0.6199699640274048,0.5495645403862,-0.0994284525513649,0.6051116585731506,0.5303954482078552,-0.09310527890920639,Left,0.9996652007102966
3113,72,1,0.3290180265903473,0.3841997981071472,-1.2437772056728136e-07,0.3730376958847046,0.3491151034832001,-0.03405361250042915,0.42295050621032715,0.363270103931427,-0.05522240325808525,0.4572387933731079,0.40381982922554016,-0.0652945265173912,0.47804543375968933,0.43859314918518066,-0.0740729495882988,0.36284253001213074,0.36922305822372437,-0.09999950230121613,0.4243520200252533,0.4169444739818573,-0.12624149024486542,0.46681666374206543,0.44023388624191284,-0.13167408108711243,0.498971164226532,0.4571034014225006,-0.13322827219963074,0.34459933638572693,0.41890740394592285,-0.088838130235672,0.4199618697166443,0.4704669713973999,-0.11442653834819794,0.4696844518184662,0.486057311296463,-0.11327618360519409,0.5017144680023193,0.49130451679229736,-0.1117948666214943,0.3384438753128052,0.46432942152023315,-0.07579132914543152,0.40813255310058594,0.5048812031745911,-0.09750721603631973,0.45253628492355347,0.5106390118598938,-0.09516940265893936,0.48145678639411926,0.5067861676216125,-0.09157771617174149,0.3405084013938904,0.49879705905914307,-0.06388776004314423,0.3926067054271698,0.525654673576355,-0.08122506737709045,0.42353686690330505,0.5207385420799255,-0.08285381644964218,0.4436938762664795,0.5096679329872131,-0.08252386748790741,Right,0.99057537317276
3156,73,0,0.7664217948913574,0.4309080243110657,5.995927381263755e-07,0.7176839113235474,0.3774411082267761,-0.01790238730609417,0.6692912578582764,0.37712913751602173,-0.04623844102025032,0.6341739296913147,0.4106283187866211,-0.06461736559867859,0.6054639220237732,0.44075706601142883,-0.08471526950597763,0.6878966093063354,0.38006243109703064,-0.12439083307981491,0.625699520111084,0.40120458602905273,-0.16855359077453613,0.5805214643478394,0.4148196876049042,-0.1886821687221527,0.5430241823196411,0.4251137971878052,-0.1974468231201172,0.7049189209938049,0.43889057636260986,-0.12181942909955978,0.6181232333183289,0.4753227233886719,-0.15955020487308502,0.5608213543891907,0.4871101677417755,-0.16420096158981323,0.5218784809112549,0.4930576682090759,-0.16581663489341736,0.7110670208930969,0.4928767681121826,-0.1131896823644638,0.626093864440918,0.5315494537353516,-0.133492112159729,0.5841422080993652,0.5236583352088928,-0.12476009130477905,0.5632113814353943,0.5062338709831238,-0.1168150082230568,0.7138122320175171,0.5353005528450012,-0.1039314866065979,0.6470068097114563,0.5551167726516724,-0.11182034015655518,0.6153108477592468,0.5438477396965027,-0.1032959595322609,0.5972200632095337,0.5246128439903259,-0.09560593962669373,Left,0.9997181296348572
3156,73,1,0.32397428154945374,0.38436928391456604,-8.800035544709317e-08,0.3673577904701233,0.3485616445541382,-0.031242623925209045,0.41903454065322876,0.3614497780799866,-0.050585225224494934,0.45245280861854553,0.39947229623794556,-0.059496574103832245,0.4703463912010193,0.43332958221435547,-0.0671149268746376,0.3606334924697876,0.3711055517196655,-0.09496621787548065,0.4226623475551605,0.41862401366233826,-0.11944542080163956,0.4640626907348633,0.4428536295890808,-0.1245366707444191,0.4967307448387146,0.4594525694847107,-0.12611828744411469,0.3424413800239563,0.42083385586738586,-0.08482054620981216,0.4183274805545807,0.4705392122268677,-0.10801099985837936,0.4676421284675598,0.4847460687160492,-0.10698167979717255,0.5003005862236023,0.48921194672584534,-0.10598603636026382,0.336525022983551,0.46568918228149414,-0.07256337255239487,0.4075862169265747,0.5071588158607483,-0.09195633977651596,0.4514927268028259,0.5085567235946655,-0.08920899033546448,0.47875308990478516,0.5002374053001404,-0.08561209589242935,0.34010177850723267,0.4985927641391754,-0.061322011053562164,0.39486929774284363,0.5259725451469421,-0.0777098760008812,0.42611029744148254,0.51865553855896,-0.0791071355342865,0.44540560245513916,0.5061025023460388,-0.07848840206861496,Right,0.9932986497879028
3198,74,0,0.7616758942604065,0.42988690733909607,6.251296440495935e-07,0.7163037061691284,0.377743661403656,-0.018671149387955666,0.6698997020721436,0.3790653347969055,-0.042750876396894455,0.6349402666091919,0.4085270166397095,-0.05840163305401802,0.6078343391418457,0.4368046820163727,-0.07565110176801682,0.689855694770813,0.38967224955558777,-0.10368369519710541,0.6267355680465698,0.4081003665924072,-0.13973456621170044,0.5834646224975586,0.42087939381599426,-0.15495282411575317,0.5470513105392456,0.43044745922088623,-0.16101336479187012,0.7040231227874756,0.44928112626075745,-0.10132726281881332,0.6177828907966614,0.48233839869499207,-0.13217604160308838,0.5630812644958496,0.4893321394920349,-0.13634686172008514,0.5249417424201965,0.4912547767162323,-0.13748982548713684,0.7097768783569336,0.5013213753700256,-0.09444945305585861,0.6280571222305298,0.5376547574996948,-0.11367570608854294,0.5853878259658813,0.530663013458252,-0.11109063029289246,0.561234176158905,0.5172558426856995,-0.10745946317911148,0.7119030356407166,0.5382725596427917,-0.08703791350126266,0.6479561924934387,0.5578352808952332,-0.09725148230791092,0.616980791091919,0.5448325872421265,-0.09343228489160538,0.5973653197288513,0.5272368788719177,-0.089157834649086,Left,0.9987323880195618
3198,74,1,0.3212997019290924,0.3870987594127655,-5.016145010472428e-08,0.36509960889816284,0.34868124127388,-0.030800720676779747,0.4170241355895996,0.36187881231307983,-0.04933692887425423,0.44885075092315674,0.4006776511669159,-0.057520873844623566,0.4655771255493164,0.4340745210647583,-0.06440121680498123,0.35905545949935913,0.3720551133155823,-0.09352297335863113,0.42067140340805054,0.42164137959480286,-0.11754569411277771,0.46206173300743103,0.4464414119720459,-0.12248799204826355,0.4946230947971344,0.4632875323295593,-0.12396162003278732,0.34051233530044556,0.4235683083534241,-0.08354893326759338,0.4171081781387329,0.4736204743385315,-0.10578901320695877,0.4660758972167969,0.4868064522743225,-0.10400751233100891,0.49807825684547424,0.491012841463089,-0.10236360132694244,0.3349560797214508,0.468491792678833,-0.07153812795877457,0.4078822135925293,0.5081710815429688,-0.08995085954666138,0.4504846930503845,0.5076796412467957,-0.08634182810783386,0.47571906447410583,0.4980396032333374,-0.08212588727474213,0.33934152126312256,0.5006705522537231,-0.06057954579591751,0.3967759609222412,0.5249857902526855,-0.07660442590713501,0.4274924397468567,0.515256404876709,-0.07734059542417526,0.44522809982299805,0.5014158487319946,-0.076103076338768,Right,0.9957126379013062
3241,75,0,0.7453104257583618,0.42852795124053955,6.02328668719565e-07,0.6976191997528076,0.3758638799190521,-0.031249618157744408,0.6381694078445435,0.38248294591903687,-0.056802332401275635,0.5916047692298889,0.41465795040130615,-0.07094604521989822,0.5527483820915222,0.43885040283203125,-0.08557610213756561,0.6860976219177246,0.3954421281814575,-0.1154497042298317,0.6319360136985779,0.42468535900115967,-0.15250380337238312,0.5895650386810303,0.44190943241119385,-0.16572561860084534,0.554000735282898,0.45471906661987305,-0.1707412302494049,0.7025327682495117,0.4556170701980591,-0.10682627558708191,0.6197627186775208,0.49140462279319763,-0.1389489471912384,0.5643875598907471,0.4973801374435425,-0.14177179336547852,0.5269536972045898,0.4976349472999573,-0.14261198043823242,0.7069568037986755,0.5038753747940063,-0.09472997486591339,0.6261787414550781,0.5422921776771545,-0.1170380488038063,0.5814382433891296,0.5315130352973938,-0.11506679654121399,0.5537531971931458,0.5155819058418274,-0.11211498081684113,0.7058317065238953,0.5370160937309265,-0.08319594711065292,0.6428923606872559,0.5637698769569397,-0.0978148803114891,0.6087056398391724,0.5521393418312073,-0.09795114398002625,0.5855143666267395,0.5371588468551636,-0.09700816869735718,Left,0.9989080429077148
3241,75,1,0.3163788616657257,0.3918202519416809,-1.0906517466935384e-08,0.36113011837005615,0.35165050625801086,-0.03334514796733856,0.413627028465271,0.36529526114463806,-0.052856963127851486,0.44653868675231934,0.4060983657836914,-0.06150246411561966,0.46612584590911865,0.438321977853775,-0.06886168569326401,0.3546382188796997,0.3778875172138214,-0.09475060552358627,0.41683316230773926,0.43065738677978516,-0.1189391016960144,0.456146240234375,0.4566032886505127,-0.1251567155122757,0.4874981939792633,0.4732847809791565,-0.1274934858083725,0.3370014429092407,0.42971253395080566,-0.08324836939573288,0.4117971658706665,0.48096540570259094,-0.10427892953157425,0.45801663398742676,0.49260807037353516,-0.10262249410152435,0.48773008584976196,0.49432191252708435,-0.10134446620941162,0.33211490511894226,0.47417718172073364,-0.06995253264904022,0.40461647510528564,0.5126128792762756,-0.08757655322551727,0.44158270955085754,0.5080550312995911,-0.08396376669406891,0.46056127548217773,0.49460092186927795,-0.0799674242734909,0.3368142545223236,0.5074188113212585,-0.057994548231363297,0.3942069113254547,0.5304751396179199,-0.07478592544794083,0.4213740825653076,0.5169436931610107,-0.07608168572187424,0.43495509028434753,0.49991023540496826,-0.07509683817625046,Right,0.9947619438171387
3283,76,0,0.7341673374176025,0.42510855197906494,7.039283786980377e-07,0.6899263858795166,0.3759508728981018,-0.03282662108540535,0.6337562799453735,0.38154464960098267,-0.061551012098789215,0.5882870554924011,0.4111045300960541,-0.07821600139141083,0.5537237524986267,0.43105944991111755,-0.09555172175168991,0.6819786429405212,0.3955063223838806,-0.12719526886940002,0.6283285021781921,0.4197685122489929,-0.16840475797653198,0.5851837396621704,0.43805578351020813,-0.1844310164451599,0.5494393706321716,0.4524309039115906,-0.19145171344280243,0.6998679637908936,0.4552563428878784,-0.11885590851306915,0.61536705493927,0.4869607388973236,-0.15589836239814758,0.556725025177002,0.49567970633506775,-0.16097280383110046,0.516345739364624,0.4990054965019226,-0.16355431079864502,0.705525279045105,0.5046299695968628,-0.10626789182424545,0.6196061372756958,0.5376453995704651,-0.13143432140350342,0.5721824169158936,0.5291682481765747,-0.1296672821044922,0.5428246855735779,0.5157424807548523,-0.12719343602657318,0.7047387361526489,0.5387061834335327,-0.09416013956069946,0.6398559808731079,0.5617667436599731,-0.10983552783727646,0.6038578152656555,0.5509161353111267,-0.10960157215595245,0.579943835735321,0.5383539199829102,-0.10867100208997726,Left,0.998914897441864
3283,76,1,0.3137061595916748,0.39125320315361023,-3.6199104158640694e-08,0.3582687973976135,0.3522486686706543,-0.0334901288151741,0.41133275628089905,0.3693046271800995,-0.0520910769701004,0.4451628625392914,0.41155922412872314,-0.05993331968784332,0.467223584651947,0.44269809126853943,-0.06638122349977493,0.3510892391204834,0.38122016191482544,-0.09325342625379562,0.41274553537368774,0.4319646656513214,-0.11719460785388947,0.45344167947769165,0.455378919839859,-0.12278354167938232,0.48563629388809204,0.4687778651714325,-0.1245628297328949,0.33419105410575867,0.43283939361572266,-0.0817679837346077,0.40862157940864563,0.48235219717025757,-0.10351141542196274,0.45724785327911377,0.4908335506916046,-0.1015302836894989,0.48855552077293396,0.4886587858200073,-0.09972506761550903,0.3297881484031677,0.47624439001083374,-0.06866421550512314,0.40235304832458496,0.5155864357948303,-0.08658511191606522,0.4407835006713867,0.5091145038604736,-0.08181925117969513,0.46072205901145935,0.49328529834747314,-0.07672999799251556,0.3346397876739502,0.5071738958358765,-0.05705348774790764,0.391924113035202,0.5314005017280579,-0.07317466288805008,0.42082908749580383,0.5189353227615356,-0.0737021192908287,0.43581250309944153,0.5019692778587341,-0.07217006385326385,Right,0.9957146644592285
3330,77,0,0.7279636859893799,0.419219434261322,6.914774530741852e-07,0.681662380695343,0.37104442715644836,-0.03524453938007355,0.6226475834846497,0.3819078207015991,-0.06399593502283096,0.578067421913147,0.4159541130065918,-0.08064663410186768,0.5419161319732666,0.4298206567764282,-0.09771204739809036,0.679709792137146,0.3902968764305115,-0.12714219093322754,0.6291959881782532,0.4163567125797272,-0.16870972514152527,0.5869776010513306,0.43413788080215454,-0.1845749318599701,0.5515888333320618,0.44612428545951843,-0.19191281497478485,0.6993379592895508,0.4489283263683319,-0.11789608001708984,0.6185811758041382,0.48574867844581604,-0.15499906241893768,0.5589186549186707,0.4985840320587158,-0.15961693227291107,0.5172271728515625,0.5021051168441772,-0.1624819040298462,0.7051149010658264,0.4971282482147217,-0.1052057147026062,0.6223828196525574,0.5358618497848511,-0.13288567960262299,0.5745345950126648,0.5270732641220093,-0.1332499086856842,0.5442340970039368,0.5111574530601501,-0.13233357667922974,0.7027414441108704,0.5316051244735718,-0.09323988854885101,0.6416881084442139,0.5553777813911438,-0.11309441924095154,0.6059302091598511,0.5465002655982971,-0.11678534001111984,0.5809051990509033,0.5355485081672668,-0.11876112967729568,Left,0.9969860911369324
3330,77,1,0.3140600323677063,0.3906753361225128,-6.587398360125007e-08,0.357052206993103,0.3526759743690491,-0.03462816774845123,0.41018953919410706,0.36986735463142395,-0.05374765768647194,0.445368230342865,0.4111514687538147,-0.06195435672998428,0.47011467814445496,0.4410077929496765,-0.06895215064287186,0.34929847717285156,0.3805096447467804,-0.09445282816886902,0.4083269238471985,0.4301823377609253,-0.11896512657403946,0.44986751675605774,0.45356810092926025,-0.12474337220191956,0.4826195240020752,0.46650218963623047,-0.12675847113132477,0.3323630690574646,0.43159428238868713,-0.08275698870420456,0.4053143560886383,0.4802209436893463,-0.1056288555264473,0.45589715242385864,0.49004632234573364,-0.1050800308585167,0.4895152151584625,0.4874887466430664,-0.10453107208013535,0.3282431364059448,0.47459766268730164,-0.06956171989440918,0.3981653153896332,0.5127527117729187,-0.08831597119569778,0.442931205034256,0.5113258361816406,-0.08607222139835358,0.4714597165584564,0.49833428859710693,-0.083344466984272,0.33340203762054443,0.5046532154083252,-0.057862039655447006,0.38862818479537964,0.5284042954444885,-0.07443754374980927,0.4216384291648865,0.5202690362930298,-0.07698196172714233,0.44327792525291443,0.5060372352600098,-0.07761810719966888,Right,0.9957435727119446
3373,78,0,0.7251603603363037,0.4124813377857208,6.964244221308036e-07,0.6800393462181091,0.3630943298339844,-0.0386158712208271,0.6212656497955322,0.3697541356086731,-0.06654239445924759,0.5800570249557495,0.40656107664108276,-0.08162001520395279,0.5487833023071289,0.4329640865325928,-0.0965486466884613,0.6783411502838135,0.38976261019706726,-0.1254882961511612,0.629915714263916,0.41736435890197754,-0.1643473505973816,0.5917949676513672,0.43495050072669983,-0.17769037187099457,0.5590641498565674,0.44610726833343506,-0.18334995210170746,0.6968396902084351,0.4485986530780792,-0.1138373613357544,0.6170666217803955,0.4846140146255493,-0.14939266443252563,0.5612220168113708,0.4947374761104584,-0.15124854445457458,0.5223590731620789,0.49510079622268677,-0.15177421271800995,0.7018147706985474,0.49417153000831604,-0.09925656765699387,0.6149386167526245,0.5230845212936401,-0.12575232982635498,0.5726714134216309,0.5083149671554565,-0.12278268486261368,0.5486791729927063,0.4891495406627655,-0.11910409480333328,0.6988027691841125,0.5237641334533691,-0.08606014400720596,0.632075309753418,0.535007655620575,-0.10426535457372665,0.5999060273170471,0.5150216817855835,-0.10493837296962738,0.5809052586555481,0.49620500206947327,-0.10442789644002914,Left,0.9952071905136108
3373,78,1,0.3127935826778412,0.38964203000068665,-8.40297147419733e-08,0.3545590341091156,0.35142725706100464,-0.03444656729698181,0.4082046151161194,0.3659975528717041,-0.05389222130179405,0.44462186098098755,0.40663599967956543,-0.06206898018717766,0.47045257687568665,0.4373212158679962,-0.06906833499670029,0.34927132725715637,0.3756670355796814,-0.09597974270582199,0.40621763467788696,0.426302433013916,-0.11990264803171158,0.44746336340904236,0.45081478357315063,-0.12517155706882477,0.48026543855667114,0.46512943506240845,-0.12708602845668793,0.33242782950401306,0.4278383255004883,-0.08416426181793213,0.4066784381866455,0.47724649310112,-0.10635259002447128,0.4565226435661316,0.48803263902664185,-0.10549017786979675,0.4893433749675751,0.48608019948005676,-0.10495708137750626,0.328542023897171,0.4722329080104828,-0.07059244811534882,0.3990463316440582,0.5094221830368042,-0.08914564549922943,0.4440872073173523,0.5088927149772644,-0.08752987533807755,0.4734041690826416,0.4965493083000183,-0.08550024777650833,0.33358660340309143,0.5035507678985596,-0.05830930173397064,0.388897567987442,0.5256193280220032,-0.07507634907960892,0.4212743937969208,0.5175390839576721,-0.0781039148569107,0.4426543414592743,0.5036858916282654,-0.07921351492404938,Right,0.9963811635971069
3416,79,0,0.7265452742576599,0.41102737188339233,6.744603524566628e-07,0.6883243322372437,0.3546704947948456,-0.040589749813079834,0.6339027881622314,0.35367679595947266,-0.06638380140066147,0.5934246182441711,0.387177050113678,-0.07935430109500885,0.5640642046928406,0.41845881938934326,-0.0909610390663147,0.6857859492301941,0.39534997940063477,-0.11373618990182877,0.6418808102607727,0.4291435480117798,-0.14389464259147644,0.605621874332428,0.4411458969116211,-0.14994314312934875,0.5762200355529785,0.4457705616950989,-0.1505894660949707,0.695682168006897,0.45202189683914185,-0.09959831833839417,0.617810070514679,0.49040287733078003,-0.1305917352437973,0.562605619430542,0.49181193113327026,-0.1306600719690323,0.5264706015586853,0.4791138172149658,-0.128625750541687,0.6938914656639099,0.49180084466934204,-0.08314303308725357,0.6143007874488831,0.5209470987319946,-0.10723987966775894,0.5763427019119263,0.5022026896476746,-0.10662182420492172,0.5570608973503113,0.47713276743888855,-0.103822723031044,0.687330424785614,0.5134207010269165,-0.06809734553098679,0.6277644038200378,0.5254150032997131,-0.08536558598279953,0.5979353785514832,0.5037368535995483,-0.08789891749620438,0.5811120271682739,0.4804960787296295,-0.08809125423431396,Left,0.9970217347145081
3416,79,1,0.31081151962280273,0.387466698884964,-3.7645808248498724e-08,0.35055193305015564,0.34566181898117065,-0.03569451719522476,0.4041517972946167,0.35442617535591125,-0.05685236677527428,0.4401913583278656,0.39307987689971924,-0.06646087020635605,0.4620300531387329,0.4257633686065674,-0.07457677274942398,0.34616759419441223,0.3697618544101715,-0.09881295263767242,0.4043298661708832,0.42030996084213257,-0.12478386610746384,0.445242702960968,0.44300413131713867,-0.1317702680826187,0.47751036286354065,0.45420941710472107,-0.13443729281425476,0.33086085319519043,0.4212431311607361,-0.08664707094430923,0.4050804674625397,0.47232261300086975,-0.10977811366319656,0.45368456840515137,0.4799126088619232,-0.10899192094802856,0.4856896698474884,0.4747903347015381,-0.10815805196762085,0.328102171421051,0.46509814262390137,-0.07279738038778305,0.3980801999568939,0.5038728713989258,-0.09108882397413254,0.4411589503288269,0.500078022480011,-0.0881376564502716,0.46852385997772217,0.48490750789642334,-0.08509257435798645,0.3338913023471832,0.4960505962371826,-0.06045369803905487,0.3873811960220337,0.5218998193740845,-0.07593528926372528,0.4176289737224579,0.51241135597229,-0.07727479934692383,0.43708935379981995,0.49637919664382935,-0.07716028392314911,Right,0.9949936866760254
3460,80,0,0.7254607677459717,0.41140303015708923,7.003595783316996e-07,0.6942769289016724,0.360373318195343,-0.04450184851884842,0.6480146050453186,0.345057874917984,-0.07563991844654083,0.6080940961837769,0.3675595819950104,-0.09337326884269714,0.5781025290489197,0.39675405621528625,-0.11001287400722504,0.6911906003952026,0.4047267436981201,-0.12105058878660202,0.64872807264328,0.4336008131504059,-0.15605181455612183,0.6096777319908142,0.44205817580223083,-0.16750894486904144,0.5779076814651489,0.4445793032646179,-0.17175549268722534,0.696708619594574,0.4576749801635742,-0.10626135021448135,0.6217350363731384,0.4896164834499359,-0.13991273939609528,0.5670614242553711,0.48756876587867737,-0.14364302158355713,0.5286774635314941,0.47288617491722107,-0.14454469084739685,0.6914065480232239,0.4920809268951416,-0.08925772458314896,0.6169939041137695,0.517304003238678,-0.11523309350013733,0.5732678771018982,0.5016719102859497,-0.11869581043720245,0.545315146446228,0.47784367203712463,-0.1193392351269722,0.6829937696456909,0.5093296766281128,-0.07380562275648117,0.6286591291427612,0.5221643447875977,-0.0935404896736145,0.5974293351173401,0.5033791065216064,-0.09896913915872574,0.5759028196334839,0.48047757148742676,-0.10118409991264343,Left,0.9980685114860535
3460,80,1,0.3100398778915405,0.3875039219856262,-3.3570387358849985e-08,0.3476640582084656,0.3456210196018219,-0.034049853682518005,0.4019920825958252,0.34989142417907715,-0.05449290573596954,0.438576340675354,0.38501355051994324,-0.06416524946689606,0.4600803256034851,0.41607460379600525,-0.07237941026687622,0.3437594175338745,0.3671525716781616,-0.09459996223449707,0.4038338363170624,0.41573911905288696,-0.12028997391462326,0.44495755434036255,0.4361303150653839,-0.1281954050064087,0.4785996675491333,0.4438633322715759,-0.1315561681985855,0.330567866563797,0.4194069504737854,-0.08325155079364777,0.4062136709690094,0.46382778882980347,-0.10402186214923859,0.4545951783657074,0.4690697193145752,-0.10332115739583969,0.4877268075942993,0.46336233615875244,-0.10340207815170288,0.32959413528442383,0.46343106031417847,-0.07035712152719498,0.401639848947525,0.5004382133483887,-0.08737566322088242,0.4382510483264923,0.49248483777046204,-0.08381667733192444,0.4588679075241089,0.4738113582134247,-0.08052217215299606,0.33754250407218933,0.49479275941848755,-0.058989543467760086,0.39253368973731995,0.5182527303695679,-0.07468298822641373,0.4200533628463745,0.5064406394958496,-0.07610220462083817,0.4352600574493408,0.4885229170322418,-0.0758424624800682,Right,0.9938046336174011
3502,81,0,0.7228784561157227,0.4165800213813782,6.493581281574734e-07,0.6919678449630737,0.36265021562576294,-0.04159453883767128,0.648230791091919,0.34684017300605774,-0.06797350198030472,0.6076546907424927,0.36585772037506104,-0.08296575397253036,0.5755181312561035,0.3897550106048584,-0.09690197557210922,0.6789249777793884,0.4253780245780945,-0.09465742111206055,0.6385331153869629,0.4481738805770874,-0.1224326640367508,0.603258490562439,0.4535238742828369,-0.13293977081775665,0.5751904845237732,0.4538290202617645,-0.13822051882743835,0.6794447302818298,0.47422465682029724,-0.08035861700773239,0.6104639172554016,0.495632529258728,-0.10620104521512985,0.561186671257019,0.48764729499816895,-0.1120779886841774,0.5255517959594727,0.4712097942829132,-0.11581499129533768,0.6753363609313965,0.5023928880691528,-0.06508929282426834,0.6079564690589905,0.5198192596435547,-0.08775690197944641,0.5634483098983765,0.5036304593086243,-0.09527424722909927,0.5326561331748962,0.48134538531303406,-0.09975584596395493,0.6710922718048096,0.5138638615608215,-0.051254305988550186,0.6201056838035583,0.5195879340171814,-0.07141287624835968,0.589119017124176,0.5012046694755554,-0.07982061803340912,0.5673168301582336,0.4804447889328003,-0.08444830775260925,Left,0.9945913553237915
3502,81,1,0.30421650409698486,0.3835374414920807,-3.352257493816069e-08,0.3432568907737732,0.3416239023208618,-0.03305574133992195,0.39640915393829346,0.3460483253002167,-0.053496651351451874,0.4337078630924225,0.3792283833026886,-0.06316599994897842,0.4573669135570526,0.40764176845550537,-0.07135946303606033,0.33955079317092896,0.36552050709724426,-0.09547354280948639,0.4029255509376526,0.4079191982746124,-0.12228017300367355,0.44564956426620483,0.4257667362689972,-0.13083532452583313,0.4792848527431488,0.4314713180065155,-0.1342761069536209,0.32862770557403564,0.4187234044075012,-0.08433426916599274,0.4039522409439087,0.4583263397216797,-0.10608287155628204,0.4526478052139282,0.4609932005405426,-0.10466162860393524,0.4847991466522217,0.4535248577594757,-0.10357284545898438,0.32833874225616455,0.4620313048362732,-0.07147693634033203,0.39825671911239624,0.49548327922821045,-0.08835010230541229,0.434207558631897,0.48736321926116943,-0.08285729587078094,0.45318084955215454,0.468988299369812,-0.07774495333433151,0.336053729057312,0.49064338207244873,-0.06012845039367676,0.38843628764152527,0.5131117105484009,-0.07489445805549622,0.41522490978240967,0.5021139979362488,-0.07452508807182312,0.42901724576950073,0.48450949788093567,-0.07253362238407135,Right,0.9957035779953003
3544,82,0,0.7098218202590942,0.4234183728694916,6.843087021479732e-07,0.691999077796936,0.3659769892692566,-0.054007306694984436,0.653326690196991,0.35211071372032166,-0.08313683420419693,0.6152181625366211,0.3713749945163727,-0.0989483967423439,0.5823913812637329,0.3982681632041931,-0.11262210458517075,0.6877833008766174,0.45404037833213806,-0.09844893962144852,0.6497380137443542,0.4713402986526489,-0.13081441819667816,0.6133394241333008,0.47452762722969055,-0.14630725979804993,0.5841295123100281,0.47208371758461,-0.15537267923355103,0.6725208163261414,0.4948508143424988,-0.07899792492389679,0.6060657501220703,0.5036652684211731,-0.109633669257164,0.5579824447631836,0.48788711428642273,-0.12021686881780624,0.5244207978248596,0.46628302335739136,-0.1271643042564392,0.6546483039855957,0.5124022364616394,-0.06052199751138687,0.5913513898849487,0.5140204429626465,-0.09019486606121063,0.5497027039527893,0.4940185248851776,-0.1027262955904007,0.5225387811660767,0.471942275762558,-0.10981712490320206,0.6384775638580322,0.5146387219429016,-0.044417619705200195,0.5907992720603943,0.5070108771324158,-0.07149273157119751,0.5638549327850342,0.485838383436203,-0.08495252579450607,0.5458202362060547,0.4655904769897461,-0.09279036521911621,Left,0.9964975714683533
3544,82,1,0.30089762806892395,0.37095731496810913,-4.147928223119379e-08,0.3439510762691498,0.32702216506004333,-0.030854275450110435,0.39964473247528076,0.3304457366466522,-0.04861224815249443,0.4377439618110657,0.3658807575702667,-0.05655858665704727,0.4638179540634155,0.38994932174682617,-0.0631265640258789,0.3409758508205414,0.3509424924850464,-0.08595398813486099,0.4008491039276123,0.3880038559436798,-0.10942156612873077,0.4422428011894226,0.40610578656196594,-0.11639364063739777,0.4760828912258148,0.41544750332832336,-0.11959800869226456,0.327509343624115,0.40161406993865967,-0.07651052623987198,0.40400856733322144,0.4365309476852417,-0.09701365232467651,0.45191699266433716,0.43845343589782715,-0.09608425945043564,0.4824156165122986,0.43335777521133423,-0.09526023268699646,0.3260231912136078,0.4431135058403015,-0.06564351171255112,0.3997645378112793,0.46994075179100037,-0.0833304226398468,0.438220739364624,0.46204227209091187,-0.07981670647859573,0.45852965116500854,0.44572341442108154,-0.07555007934570312,0.33290529251098633,0.47266528010368347,-0.05602473393082619,0.39151525497436523,0.49129655957221985,-0.0721224993467331,0.42186880111694336,0.48183107376098633,-0.07308288663625717,0.4381156265735626,0.4671861529350281,-0.07185223698616028,Right,0.9973544478416443
3585,83,0,0.6988424062728882,0.4111365079879761,6.199158519848424e-07,0.6947112083435059,0.37530168890953064,-0.06288234889507294,0.6656219363212585,0.3724159300327301,-0.09726983308792114,0.621285080909729,0.38954249024391174,-0.11673421412706375,0.5823030471801758,0.41265660524368286,-0.1341668963432312,0.6825153827667236,0.45808595418930054,-0.1089889258146286,0.6468496918678284,0.475810706615448,-0.14701144397258759,0.6154646277427673,0.4805583953857422,-0.16797848045825958,0.5873926877975464,0.47827064990997314,-0.18110689520835876,0.6548336148262024,0.489618718624115,-0.08667518943548203,0.5980546474456787,0.49985891580581665,-0.12196105718612671,0.55470871925354,0.4866052269935608,-0.1370687186717987,0.5209546089172363,0.4662342965602875,-0.14748439192771912,0.6291027665138245,0.4993712306022644,-0.06588095426559448,0.5787898898124695,0.5005233287811279,-0.09860901534557343,0.5489055514335632,0.4831821322441101,-0.11060958355665207,0.527742862701416,0.4616691768169403,-0.11773329228162766,0.6086555123329163,0.49423936009407043,-0.048387013375759125,0.5726136565208435,0.4891520142555237,-0.07680422067642212,0.5592707395553589,0.4712296426296234,-0.08856038004159927,0.5492998361587524,0.45184022188186646,-0.0952632948756218,Left,0.9992368221282959
3585,83,1,0.3046850860118866,0.3701111674308777,2.7009097181007746e-08,0.3434446156024933,0.31974536180496216,-0.0322551429271698,0.3998897075653076,0.3209179937839508,-0.05020115152001381,0.43942776322364807,0.3558148443698883,-0.05761183053255081,0.464230477809906,0.3815350830554962,-0.06357865780591965,0.33859413862228394,0.3452266752719879,-0.08918476849794388,0.3997824490070343,0.3831709027290344,-0.1124802827835083,0.4456040859222412,0.3991740345954895,-0.1185980960726738,0.48103487491607666,0.4072151780128479,-0.1212056577205658,0.327073335647583,0.3994062542915344,-0.0790625736117363,0.4065127968788147,0.43201103806495667,-0.10034280270338058,0.4555065631866455,0.42812100052833557,-0.0990697368979454,0.4849836230278015,0.4196767807006836,-0.09748593717813492,0.3284553289413452,0.44294577836990356,-0.06730469316244125,0.40545475482940674,0.4672970771789551,-0.08549501746892929,0.44652727246284485,0.45517632365226746,-0.08214350789785385,0.46780604124069214,0.437302827835083,-0.0777658075094223,0.3386658728122711,0.4737056493759155,-0.05671394616365433,0.40145212411880493,0.48915329575538635,-0.07258129119873047,0.4317775368690491,0.47338494658470154,-0.07275734096765518,0.44712764024734497,0.45522743463516235,-0.07093323022127151,Right,0.9983786940574646
3627,84,0,0.6994134783744812,0.41417139768600464,6.360524480442109e-07,0.6919079422950745,0.3698880672454834,-0.060155004262924194,0.6605979204177856,0.3580985367298126,-0.09406968951225281,0.6184183955192566,0.37252265214920044,-0.11357633024454117,0.584954559803009,0.4010838270187378,-0.13066735863685608,0.6858003735542297,0.45440420508384705,-0.10836637765169144,0.6499469876289368,0.47267699241638184,-0.14479956030845642,0.618187427520752,0.47632458806037903,-0.16340450942516327,0.5911659002304077,0.4732576012611389,-0.17454960942268372,0.6615389585494995,0.48960015177726746,-0.08723948150873184,0.6022930145263672,0.5008513927459717,-0.12094505876302719,0.5572307109832764,0.48811250925064087,-0.13279813528060913,0.5228830575942993,0.4674200713634491,-0.14059661328792572,0.6374011635780334,0.5022001266479492,-0.06738576292991638,0.5821993947029114,0.5009604692459106,-0.09869423508644104,0.5495796203613281,0.48233532905578613,-0.1082754135131836,0.5267788171768188,0.4611419439315796,-0.11357231438159943,0.617350161075592,0.4987700581550598,-0.050658438354730606,0.5764757394790649,0.4891414940357208,-0.0777781531214714,0.5592598915100098,0.46902766823768616,-0.08801493048667908,0.5468152761459351,0.4492648243904114,-0.09336203336715698,Left,0.9983039498329163
3627,84,1,0.3054899573326111,0.37011659145355225,-2.999979153983645e-09,0.33983272314071655,0.31640827655792236,-0.037939004600048065,0.39734941720962524,0.3153202533721924,-0.05775850638747215,0.44077980518341064,0.34444743394851685,-0.06519617140293121,0.4747251272201538,0.36217430233955383,-0.07084427773952484,0.3380471467971802,0.34771421551704407,-0.09859815984964371,0.40095317363739014,0.3800486624240875,-0.12411926686763763,0.44685107469558716,0.3940020501613617,-0.1312083899974823,0.482194185256958,0.40140390396118164,-0.13435976207256317,0.328340619802475,0.40373098850250244,-0.08525285869836807,0.40554550290107727,0.4435082674026489,-0.10792915523052216,0.4531581997871399,0.43954718112945557,-0.10554655641317368,0.4798697233200073,0.4289919435977936,-0.10301891714334488,0.33175069093704224,0.4454091191291809,-0.07058718800544739,0.4041057229042053,0.47348472476005554,-0.0896412655711174,0.44770073890686035,0.45925211906433105,-0.08531206101179123,0.4701894223690033,0.43933552503585815,-0.08019891381263733,0.3429120182991028,0.4708988070487976,-0.05757863447070122,0.40199023485183716,0.4900386333465576,-0.07451405376195908,0.4349812865257263,0.4748047888278961,-0.07550112158060074,0.4529028534889221,0.4547565281391144,-0.07428744435310364,Right,0.9966428875923157
3669,85,0,0.6901954412460327,0.39427801966667175,6.990975975895708e-07,0.7006007432937622,0.4011520743370056,-0.05724287033081055,0.6837618947029114,0.4211670458316803,-0.0853012427687645,0.6452871561050415,0.44425106048583984,-0.10069417953491211,0.6107843518257141,0.4666852056980133,-0.11417355388402939,0.6627724170684814,0.4745170772075653,-0.08752486109733582,0.6154999136924744,0.48624852299690247,-0.12485041469335556,0.5775984525680542,0.4817817807197571,-0.14856809377670288,0.5418727397918701,0.47079020738601685,-0.16311530768871307,0.6331956386566162,0.48424842953681946,-0.06787332147359848,0.5848775506019592,0.4874274730682373,-0.10462114214897156,0.544680118560791,0.4750615358352661,-0.12193725258111954,0.5107288360595703,0.45566827058792114,-0.1318378895521164,0.6116472482681274,0.47728392481803894,-0.050527263432741165,0.5822834372520447,0.4689675271511078,-0.08425509184598923,0.5885695219039917,0.44751080870628357,-0.0897185280919075,0.5933088064193726,0.4267966151237488,-0.08929824084043503,0.59776371717453,0.45896321535110474,-0.037061657756567,0.5845557451248169,0.450977087020874,-0.06592732667922974,0.593688428401947,0.43467676639556885,-0.07180455327033997,0.6007723808288574,0.41856279969215393,-0.0714944452047348,Left,0.9967420697212219
3669,85,1,0.3078095316886902,0.36788779497146606,6.278646935697907e-09,0.33988189697265625,0.32043546438217163,-0.036394111812114716,0.38619592785835266,0.305639386177063,-0.06022056192159653,0.4234268069267273,0.317038357257843,-0.07324071228504181,0.45690280199050903,0.3312148153781891,-0.0840807557106018,0.3403685688972473,0.3510894477367401,-0.09779378026723862,0.4003303349018097,0.3807884156703949,-0.1305038034915924,0.44712644815444946,0.3951316475868225,-0.14345839619636536,0.48218828439712524,0.40466877818107605,-0.1491927206516266,0.3318207263946533,0.4050813317298889,-0.0864052027463913,0.40482017397880554,0.445769339799881,-0.11291512846946716,0.45380890369415283,0.442974716424942,-0.11124072223901749,0.4803158640861511,0.4316956400871277,-0.10797819495201111,0.3343788683414459,0.44411855936050415,-0.07436183094978333,0.4014548659324646,0.475946307182312,-0.09600038826465607,0.446723610162735,0.4645915627479553,-0.09079883247613907,0.4694317579269409,0.44562458992004395,-0.08353852480649948,0.3438359797000885,0.4659249782562256,-0.06409983336925507,0.3983018100261688,0.49091988801956177,-0.08262994140386581,0.4333753287792206,0.4800707697868347,-0.08333314210176468,0.4531770348548889,0.46177589893341064,-0.08033695071935654,Right,0.9960771203041077
3712,86,0,0.7006551027297974,0.39443063735961914,6.291453473750153e-07,0.7075997591018677,0.4301261901855469,-0.031214706599712372,0.6907069087028503,0.47024357318878174,-0.04771316051483154,0.6520394086837769,0.48171308636665344,-0.059907156974077225,0.6179745197296143,0.4837819039821625,-0.07081659883260727,0.63101726770401,0.49375292658805847,-0.03625112771987915,0.5855866074562073,0.4876359701156616,-0.06296388059854507,0.5519116520881653,0.47748973965644836,-0.08278200775384903,0.521399199962616,0.46557021141052246,-0.09498698264360428,0.613632082939148,0.4715783894062042,-0.030942630022764206,0.5758194327354431,0.4701026976108551,-0.06004289910197258,0.5442282557487488,0.46179094910621643,-0.07605420053005219,0.516916811466217,0.45173466205596924,-0.08298541605472565,0.6061120629310608,0.44129329919815063,-0.027741504833102226,0.5989332795143127,0.42062073945999146,-0.05701051279902458,0.6354386806488037,0.4014629125595093,-0.05529617518186569,0.6631471514701843,0.3892626464366913,-0.04615005850791931,0.6039932370185852,0.4059065282344818,-0.027192017063498497,0.6040821671485901,0.39292043447494507,-0.050623808056116104,0.6316287517547607,0.3831935524940491,-0.047330621629953384,0.6523744463920593,0.37979406118392944,-0.038112808018922806,Left,0.8978490829467773
3712,86,1,0.3094990849494934,0.36727190017700195,3.1709586068018325e-08,0.33730703592300415,0.3080839514732361,-0.050325553864240646,0.3818745017051697,0.29868069291114807,-0.08011244982481003,0.42086169123649597,0.3271141052246094,-0.09562522172927856,0.45348605513572693,0.3536665439605713,-0.10861329734325409,0.32947757840156555,0.3545513451099396,-0.11514812707901001,0.39390432834625244,0.38549038767814636,-0.14896509051322937,0.44211676716804504,0.400332510471344,-0.16117890179157257,0.4781323969364166,0.40990781784057617,-0.16749954223632812,0.32904842495918274,0.4119431674480438,-0.09766964614391327,0.40490514039993286,0.4523290693759918,-0.12837804853916168,0.4529050290584564,0.4452645480632782,-0.12837938964366913,0.4790492057800293,0.42986106872558594,-0.12665210664272308,0.33739471435546875,0.4501831829547882,-0.07982704788446426,0.40580978989601135,0.47990506887435913,-0.10473655164241791,0.44835883378982544,0.46365800499916077,-0.10123606771230698,0.4699176549911499,0.44103729724884033,-0.09608089923858643,0.351101279258728,0.4686914086341858,-0.06477569043636322,0.40357303619384766,0.4889006018638611,-0.08679695427417755,0.43627631664276123,0.47464534640312195,-0.09094122797250748,0.453582227230072,0.45401477813720703,-0.09118913859128952,Right,0.9967215657234192
3753,87,0,0.7036656141281128,0.40403246879577637,5.411891947915137e-07,0.7093018293380737,0.4370390474796295,-0.034909091889858246,0.6924973726272583,0.474600225687027,-0.05176154524087906,0.6614552736282349,0.4867211878299713,-0.06451074033975601,0.6297673583030701,0.48717156052589417,-0.07500855624675751,0.6242976784706116,0.49721452593803406,-0.029194148257374763,0.5834534764289856,0.4900999069213867,-0.05201243981719017,0.5544346570968628,0.4774841070175171,-0.0681564062833786,0.5275576710700989,0.4650062322616577,-0.07751230150461197,0.611325740814209,0.47066280245780945,-0.02196996472775936,0.5775264501571655,0.46636804938316345,-0.045892972499132156,0.5498826503753662,0.459204763174057,-0.05851608142256737,0.5237164497375488,0.4524462819099426,-0.06375326216220856,0.6085663437843323,0.43908676505088806,-0.018961388617753983,0.5995021462440491,0.413598895072937,-0.04839899390935898,0.6271121501922607,0.3993755578994751,-0.05174000561237335,0.6452599167823792,0.3929155468940735,-0.04558124020695686,0.6110830307006836,0.4038912057876587,-0.018740331754088402,0.603037416934967,0.38968926668167114,-0.042427320033311844,0.6242395639419556,0.3806300461292267,-0.043892111629247665,0.6389440298080444,0.3780440092086792,-0.03860078752040863,Left,0.9210999608039856
3753,87,1,0.311309278011322,0.3658139109611511,-6.902314453327563e-08,0.34349676966667175,0.30738258361816406,-0.05279975384473801,0.3929275572299957,0.29914236068725586,-0.08318787813186646,0.43299996852874756,0.3345717191696167,-0.09895115345716476,0.46354591846466064,0.36755314469337463,-0.11173307150602341,0.33267921209335327,0.3569145202636719,-0.11501473188400269,0.39608702063560486,0.38760438561439514,-0.1484713852405548,0.4449698030948639,0.4041994512081146,-0.16086377203464508,0.4840624928474426,0.418416291475296,-0.16829055547714233,0.33319538831710815,0.417057067155838,-0.09652267396450043,0.40611323714256287,0.45847293734550476,-0.12626314163208008,0.4537432789802551,0.44985365867614746,-0.12665590643882751,0.48045527935028076,0.43556711077690125,-0.12666869163513184,0.341558575630188,0.45587319135665894,-0.07783903926610947,0.4098929762840271,0.4866039752960205,-0.10466575622558594,0.4509454369544983,0.4662701487541199,-0.1024465262889862,0.4713345170021057,0.44318491220474243,-0.09884928911924362,0.3558279275894165,0.47637346386909485,-0.06187606602907181,0.40851736068725586,0.49423855543136597,-0.08442529290914536,0.44144386053085327,0.4769818186759949,-0.0886237770318985,0.4578157961368561,0.4560043215751648,-0.0897868350148201,Right,0.9962030649185181
3796,88,0,0.7049545049667358,0.40675970911979675,5.476634328260843e-07,0.7125365734100342,0.4441992938518524,-0.04021855816245079,0.6956807971000671,0.4818156659603119,-0.05740533396601677,0.6649183630943298,0.4986380636692047,-0.06963541358709335,0.6326887607574463,0.5093902945518494,-0.07922953367233276,0.6266810894012451,0.4938372075557709,-0.03009081818163395,0.5846895575523376,0.4891871511936188,-0.051711305975914,0.5548374056816101,0.47726988792419434,-0.06595670431852341,0.5275254845619202,0.463871568441391,-0.07339872419834137,0.6126952767372131,0.4685576856136322,-0.018926765769720078,0.5789827704429626,0.4695200026035309,-0.04205021262168884,0.5499066710472107,0.4650866687297821,-0.053570784628391266,0.5237627625465393,0.4562457501888275,-0.0576254278421402,0.6085478663444519,0.43944573402404785,-0.012853789143264294,0.6014085412025452,0.4248516261577606,-0.04350322484970093,0.6297785043716431,0.41078782081604004,-0.04857867211103439,0.649506688117981,0.3981582820415497,-0.042302921414375305,0.6080914735794067,0.40710851550102234,-0.009851695038378239,0.5976161360740662,0.4051347076892853,-0.035171426832675934,0.6163071990013123,0.39607736468315125,-0.03900749981403351,0.6299217939376831,0.38805773854255676,-0.03470972552895546,Left,0.9080703258514404
3796,88,1,0.3070615530014038,0.36513298749923706,-1.1404080169086228e-07,0.3402162194252014,0.30719462037086487,-0.055123891681432724,0.3922942876815796,0.30086010694503784,-0.08600932359695435,0.43564653396606445,0.3370268642902374,-0.10162656009197235,0.4718766212463379,0.3687213659286499,-0.1141592264175415,0.3317585289478302,0.3592216670513153,-0.11854148656129837,0.39971667528152466,0.390443354845047,-0.1516595333814621,0.44964101910591125,0.40497317910194397,-0.16353154182434082,0.49009963870048523,0.4195428788661957,-0.17100605368614197,0.3344481289386749,0.4192477762699127,-0.09850168973207474,0.41171565651893616,0.4559377431869507,-0.12666760385036469,0.4607608914375305,0.4460194706916809,-0.12558022141456604,0.4879412353038788,0.4317362606525421,-0.1256536841392517,0.344537615776062,0.4566543400287628,-0.07840394228696823,0.4155465364456177,0.4839850664138794,-0.10450895875692368,0.45710599422454834,0.46244314312934875,-0.10145992040634155,0.47788622975349426,0.43929558992385864,-0.09820614010095596,0.35996323823928833,0.4772084057331085,-0.06123478338122368,0.4134330153465271,0.4910150468349457,-0.08396995067596436,0.4466862976551056,0.47264039516448975,-0.08844985067844391,0.46292513608932495,0.4516032934188843,-0.0903741866350174,Right,0.9955652356147766
3838,89,0,0.7077295780181885,0.4004520773887634,5.365817514757509e-07,0.7129183411598206,0.4447074830532074,-0.03539333492517471,0.6930139064788818,0.48513370752334595,-0.05142051354050636,0.6608675122261047,0.5029978156089783,-0.06376418471336365,0.6293795704841614,0.5199082493782043,-0.0737309455871582,0.6297694444656372,0.49611568450927734,-0.02837260253727436,0.5870763063430786,0.4869552254676819,-0.05334111675620079,0.5555179715156555,0.47389134764671326,-0.07023831456899643,0.525380551815033,0.45881280303001404,-0.07975876331329346,0.6146759986877441,0.46997198462486267,-0.020901966840028763,0.58656907081604,0.4787239730358124,-0.051239464432001114,0.5577723383903503,0.47631609439849854,-0.06624124944210052,0.5301949381828308,0.4678119122982025,-0.07171442359685898,0.6084496974945068,0.4393143653869629,-0.01767200045287609,0.6043509840965271,0.428831547498703,-0.05486453324556351,0.6434141993522644,0.41409730911254883,-0.05698370561003685,0.673056423664093,0.40073341131210327,-0.04693771153688431,0.6060062646865845,0.40615031123161316,-0.01713104359805584,0.5998865962028503,0.4103943705558777,-0.04819824546575546,0.6285535097122192,0.40203657746315,-0.04980305954813957,0.6492042541503906,0.39421436190605164,-0.04221411421895027,Left,0.9166765809059143
3838,89,1,0.30922237038612366,0.36288535594940186,-1.3270818044475163e-07,0.3425329923629761,0.30406349897384644,-0.05113062635064125,0.3955565094947815,0.30077415704727173,-0.07854138314723969,0.43721824884414673,0.3399704098701477,-0.09183590114116669,0.4649718403816223,0.3760833442211151,-0.10230430960655212,0.3318549394607544,0.364268034696579,-0.11104147881269455,0.40126416087150574,0.39326080679893494,-0.14028577506542206,0.45246264338493347,0.40341129899024963,-0.1490774154663086,0.49286431074142456,0.4140015244483948,-0.15438172221183777,0.3334251046180725,0.42371129989624023,-0.09258720278739929,0.40968063473701477,0.4601357877254486,-0.11987583339214325,0.46050554513931274,0.44780242443084717,-0.11945845186710358,0.4883466362953186,0.4302443861961365,-0.11926867812871933,0.34259292483329773,0.4605731964111328,-0.07374008744955063,0.4131993353366852,0.4906444251537323,-0.09928475320339203,0.45556920766830444,0.4675281345844269,-0.0980939269065857,0.4756755828857422,0.44161659479141235,-0.0953991487622261,0.3574407994747162,0.47949734330177307,-0.057399578392505646,0.4114176630973816,0.4972626268863678,-0.0788234993815422,0.4451650083065033,0.4788127541542053,-0.08355344831943512,0.46074405312538147,0.45716679096221924,-0.08548451960086823,Right,0.9957748055458069
3881,90,0,0.7092441916465759,0.40641218423843384,5.81599238103081e-07,0.714360773563385,0.4464964270591736,-0.03664002940058708,0.6956067085266113,0.4856409430503845,-0.054728005081415176,0.6643921732902527,0.5041564106941223,-0.06836375594139099,0.6336733102798462,0.5240883827209473,-0.07964213192462921,0.631633996963501,0.5022205114364624,-0.03587772697210312,0.5875334143638611,0.49155083298683167,-0.06251198798418045,0.5569485425949097,0.4788176715373993,-0.08010098338127136,0.5273603200912476,0.4652547538280487,-0.09045588225126266,0.6160488128662109,0.47831591963768005,-0.028508301824331284,0.5879400372505188,0.4803854525089264,-0.06218692660331726,0.5596641302108765,0.4736228883266449,-0.07914675027132034,0.5318716764450073,0.46403780579566956,-0.08569250255823135,0.6097263693809509,0.4477107524871826,-0.024598997086286545,0.6078792214393616,0.43240272998809814,-0.06358247250318527,0.6471028327941895,0.41730910539627075,-0.06566648930311203,0.6755532026290894,0.40585872530937195,-0.05598383769392967,0.6075571775436401,0.41330698132514954,-0.023302113637328148,0.6070619821548462,0.4112951159477234,-0.05567832291126251,0.6374465227127075,0.40269094705581665,-0.057268671691417694,0.658021867275238,0.39659804105758667,-0.04968107119202614,Left,0.8988692760467529
3881,90,1,0.31222161650657654,0.36915603280067444,-1.551381529907303e-07,0.34452784061431885,0.3154127299785614,-0.06070160120725632,0.3954891860485077,0.30952155590057373,-0.09411391615867615,0.4413379430770874,0.3434419333934784,-0.11156509816646576,0.477811723947525,0.37705036997795105,-0.12600675225257874,0.3278017044067383,0.38252222537994385,-0.12399999797344208,0.40181106328964233,0.40508511662483215,-0.1578957587480545,0.4533349275588989,0.41115236282348633,-0.17037980258464813,0.4938567578792572,0.4192580282688141,-0.17796282470226288,0.334141343832016,0.4411107301712036,-0.10137049108743668,0.4107683300971985,0.4708571135997772,-0.13287878036499023,0.4621002674102783,0.4547944664955139,-0.13550330698490143,0.4916090965270996,0.43215620517730713,-0.13789713382720947,0.3473825454711914,0.4727316200733185,-0.07850313931703568,0.4175569415092468,0.499461829662323,-0.10870841890573502,0.4589079022407532,0.47232764959335327,-0.10901682823896408,0.47932326793670654,0.4422246813774109,-0.107456736266613,0.3642802834510803,0.48708707094192505,-0.058400075882673264,0.41768863797187805,0.5019299983978271,-0.08308793604373932,0.45015326142311096,0.4785859286785126,-0.08776625990867615,0.4647941291332245,0.4518510401248932,-0.08955154567956924,Right,0.9953976273536682
3922,91,0,0.7095228433609009,0.4047275483608246,5.981829076517897e-07,0.7175920009613037,0.44202637672424316,-0.039809949696063995,0.7018158435821533,0.47993937134742737,-0.0602230466902256,0.6701787710189819,0.4994118809700012,-0.07443731278181076,0.637285053730011,0.5179698467254639,-0.08604485541582108,0.6464974284172058,0.49290236830711365,-0.05006546527147293,0.5953043699264526,0.4904114902019501,-0.07536009699106216,0.5602628588676453,0.4792465567588806,-0.08993133902549744,0.5282301902770996,0.46612152457237244,-0.0978885293006897,0.6290581226348877,0.47090983390808105,-0.03865637630224228,0.5949782729148865,0.47994697093963623,-0.06834550946950912,0.5625569224357605,0.4747292995452881,-0.08094526082277298,0.533556342124939,0.4653962552547455,-0.08585623651742935,0.6194203495979309,0.4444269835948944,-0.029998941347002983,0.6073192358016968,0.43874213099479675,-0.06190643087029457,0.6369743943214417,0.4270070493221283,-0.06279637664556503,0.6611617803573608,0.41730955243110657,-0.05444299802184105,0.6113658547401428,0.41640782356262207,-0.024224454537034035,0.5958423018455505,0.4258563816547394,-0.05085069313645363,0.6135149598121643,0.42046794295310974,-0.05308588594198227,0.6282579302787781,0.4155336618423462,-0.04759220778942108,Left,0.885476291179657
3922,91,1,0.31722551584243774,0.36608582735061646,-1.9738644141398254e-07,0.34458857774734497,0.3168869614601135,-0.06344590336084366,0.3863804340362549,0.3088850677013397,-0.10013987869024277,0.42761316895484924,0.33849847316741943,-0.12022358179092407,0.4643036425113678,0.3678993284702301,-0.1373554766178131,0.32534119486808777,0.38806527853012085,-0.125307098031044,0.4005920886993408,0.40964651107788086,-0.16036203503608704,0.45099201798439026,0.4138500392436981,-0.1744893193244934,0.48899221420288086,0.4178377687931061,-0.18240559101104736,0.33350855112075806,0.4448009729385376,-0.10123327374458313,0.41453662514686584,0.4704180061817169,-0.13181918859481812,0.46415942907333374,0.455219566822052,-0.1339096873998642,0.49294549226760864,0.43365615606307983,-0.13555242121219635,0.34873318672180176,0.4748997092247009,-0.07717674225568771,0.4213242828845978,0.4970950484275818,-0.1054462417960167,0.4589100778102875,0.47185736894607544,-0.10316144675016403,0.47814837098121643,0.4464893639087677,-0.10002314299345016,0.3677249550819397,0.4873367249965668,-0.056292954832315445,0.4202212393283844,0.49803683161735535,-0.07876793295145035,0.4494182765483856,0.4760677218437195,-0.08021912723779678,0.4621221423149109,0.4523351490497589,-0.07928767800331116,Right,0.9946572184562683
3964,92,0,0.7062699794769287,0.39925825595855713,5.714969688597193e-07,0.7193434238433838,0.43288499116897583,-0.041692715138196945,0.7046132683753967,0.47277775406837463,-0.06464845687150955,0.6722530722618103,0.4941423237323761,-0.07925204932689667,0.6400280594825745,0.5143539309501648,-0.09187863022089005,0.6614314317703247,0.4814318120479584,-0.06950655579566956,0.6074246764183044,0.4853675663471222,-0.09722897410392761,0.5692276954650879,0.48190170526504517,-0.11157956719398499,0.5362142324447632,0.4729407727718353,-0.11941780894994736,0.6404867172241211,0.4596607983112335,-0.057159751653671265,0.5998048782348633,0.4716881215572357,-0.08647887408733368,0.5630793571472168,0.4716472625732422,-0.09730315208435059,0.5308509469032288,0.4641716182231903,-0.10218622535467148,0.6271381974220276,0.43156057596206665,-0.04624802619218826,0.5988152027130127,0.42906808853149414,-0.07469066232442856,0.598509669303894,0.4192267060279846,-0.07657449692487717,0.598935604095459,0.4080844223499298,-0.07222889363765717,0.6173800230026245,0.4010240435600281,-0.03800540789961815,0.5940333604812622,0.4092801809310913,-0.06283199042081833,0.595104455947876,0.40623217821121216,-0.06659361720085144,0.5973020195960999,0.40120717883110046,-0.06409167498350143,Left,0.9458142518997192
3964,92,1,0.31782257556915283,0.3608218729496002,-2.1174783171318268e-07,0.34449124336242676,0.3142702579498291,-0.06490349769592285,0.38266414403915405,0.30772462487220764,-0.10461440682411194,0.4204748868942261,0.338029682636261,-0.12775903940200806,0.4542858600616455,0.369198203086853,-0.1486341804265976,0.3246906101703644,0.3850862383842468,-0.1287398487329483,0.3994717299938202,0.409542977809906,-0.16723796725273132,0.44759005308151245,0.41457417607307434,-0.18457597494125366,0.4826525151729584,0.4186474084854126,-0.1940995305776596,0.32952451705932617,0.44097262620925903,-0.10457931458950043,0.41005179286003113,0.47010281682014465,-0.13928036391735077,0.460228830575943,0.4554558992385864,-0.1446099728345871,0.4924367070198059,0.43204471468925476,-0.14769086241722107,0.3430013656616211,0.4707443118095398,-0.08039526641368866,0.41350722312927246,0.4962291419506073,-0.11102529615163803,0.45346778631210327,0.4749675393104553,-0.1112561821937561,0.4781567454338074,0.452116996049881,-0.10974689573049545,0.3602036237716675,0.4827912151813507,-0.059266652911901474,0.4109240174293518,0.4913501739501953,-0.0829433798789978,0.442385733127594,0.4717698097229004,-0.08580071479082108,0.4607575535774231,0.45087677240371704,-0.08586426824331284,Right,0.9969079494476318
4005,93,0,0.703582763671875,0.39190852642059326,5.303611487761373e-07,0.7165935039520264,0.4340232014656067,-0.036327313631772995,0.6991836428642273,0.47820353507995605,-0.05644849315285683,0.666771650314331,0.49922969937324524,-0.06882371008396149,0.6366658210754395,0.5222034454345703,-0.08058447390794754,0.6562785506248474,0.47823578119277954,-0.06016570329666138,0.6061518788337708,0.4869363307952881,-0.08452875167131424,0.5680674314498901,0.4837401807308197,-0.0993088036775589,0.5369631052017212,0.4763545095920563,-0.10747117549180984,0.6370289325714111,0.4493706524372101,-0.05004815757274628,0.595775842666626,0.46964260935783386,-0.07276592403650284,0.5600624084472656,0.4748000502586365,-0.08361239731311798,0.5301929712295532,0.4726986885070801,-0.08968829363584518,0.6250490546226501,0.418689101934433,-0.040969956666231155,0.588245689868927,0.4455505609512329,-0.060779329389333725,0.5577895641326904,0.45575660467147827,-0.06512808799743652,0.5323270559310913,0.45698225498199463,-0.06607257574796677,0.6178669929504395,0.385800838470459,-0.034023504704236984,0.5892753601074219,0.413044810295105,-0.05071205645799637,0.5714837908744812,0.42487120628356934,-0.053009968250989914,0.5565757155418396,0.4309479594230652,-0.05212223529815674,Left,0.7740033864974976
4005,93,1,0.31642764806747437,0.3526923656463623,-2.3241348401370487e-07,0.3428989052772522,0.3124519884586334,-0.0652754083275795,0.3797771632671356,0.3120241165161133,-0.10456573963165283,0.4194927215576172,0.3456679582595825,-0.12710483372211456,0.45737242698669434,0.3767923414707184,-0.1476309448480606,0.32726433873176575,0.39133110642433167,-0.127116397023201,0.39804038405418396,0.40949803590774536,-0.16287513077259064,0.44157353043556213,0.4114750325679779,-0.17613503336906433,0.4728999137878418,0.4123578667640686,-0.1828376054763794,0.33051735162734985,0.44424867630004883,-0.10239621996879578,0.4092027246952057,0.4670536518096924,-0.13626672327518463,0.45903337001800537,0.45246192812919617,-0.14165151119232178,0.49150550365448,0.4304746687412262,-0.14509131014347076,0.3429703116416931,0.47183549404144287,-0.0776650607585907,0.4128638207912445,0.4920409917831421,-0.10997643321752548,0.45519426465034485,0.47099846601486206,-0.11368758976459503,0.48165521025657654,0.44840341806411743,-0.11460331827402115,0.35927802324295044,0.48259681463241577,-0.05553244426846504,0.4109315574169159,0.48855119943618774,-0.08260049670934677,0.44309771060943604,0.4679858088493347,-0.08886929601430893,0.4628170430660248,0.4468131959438324,-0.0911676287651062,Right,0.9978830814361572
4046,94,0,0.7052838206291199,0.3945450186729431,5.882739628759737e-07,0.7152543663978577,0.42906978726387024,-0.04117127135396004,0.6991589069366455,0.47234854102134705,-0.06346902251243591,0.6686355471611023,0.49903494119644165,-0.07704086601734161,0.6367272734642029,0.5247727036476135,-0.0896744504570961,0.659309446811676,0.4850221276283264,-0.06423499435186386,0.6103653311729431,0.49381858110427856,-0.09151600301265717,0.5709513425827026,0.49066802859306335,-0.1085878387093544,0.5383149981498718,0.48158183693885803,-0.11832340806722641,0.6391637325286865,0.46194928884506226,-0.05155979469418526,0.5970326662063599,0.47999703884124756,-0.07886236160993576,0.5599445700645447,0.48103785514831543,-0.09294512867927551,0.5284372568130493,0.47479739785194397,-0.10096032917499542,0.6259856820106506,0.43366968631744385,-0.04021145775914192,0.5872728824615479,0.4600686728954315,-0.0644795149564743,0.5569966435432434,0.4696102440357208,-0.07185284048318863,0.531742513179779,0.4709744453430176,-0.07440175116062164,0.6170725226402283,0.40256500244140625,-0.031157933175563812,0.587518036365509,0.42927098274230957,-0.05096174776554108,0.5697497129440308,0.4427361488342285,-0.056315451860427856,0.5537636280059814,0.4515131413936615,-0.05765901505947113,Left,0.8310450911521912
4046,94,1,0.31287845969200134,0.3539103865623474,-2.2402092270112917e-07,0.3382733166217804,0.3146602213382721,-0.0670304000377655,0.37790390849113464,0.3246116638183594,-0.10223537683486938,0.4232337176799774,0.35986605286598206,-0.12055075168609619,0.46569496393203735,0.38323161005973816,-0.13706611096858978,0.3304980993270874,0.41825881600379944,-0.11249427497386932,0.40757545828819275,0.4283932149410248,-0.14680133759975433,0.45255398750305176,0.4244428873062134,-0.16359804570674896,0.48579108715057373,0.4206772446632385,-0.1728840470314026,0.3401924669742584,0.4691360294818878,-0.08617424964904785,0.4168427288532257,0.4887906610965729,-0.11810193955898285,0.4635857343673706,0.4647977650165558,-0.12638399004936218,0.49400272965431213,0.4361903667449951,-0.13038140535354614,0.3552796244621277,0.49216336011886597,-0.060722894966602325,0.4247198700904846,0.48973238468170166,-0.08795548230409622,0.45988523960113525,0.45887625217437744,-0.09009907394647598,0.48029667139053345,0.4337940514087677,-0.08977862447500229,0.37291693687438965,0.495070219039917,-0.039177343249320984,0.41959071159362793,0.48345622420310974,-0.06290962547063828,0.4448750615119934,0.45611506700515747,-0.0673804059624672,0.45993736386299133,0.4358474016189575,-0.06764987856149673,Right,0.9977766871452332
4089,95,0,0.7057362198829651,0.39810460805892944,5.762997830061067e-07,0.7181617021560669,0.43279874324798584,-0.04020460695028305,0.7000428438186646,0.47549834847450256,-0.059387631714344025,0.6665152311325073,0.5020617246627808,-0.07037199288606644,0.6369062066078186,0.5295808911323547,-0.07991798222064972,0.6524393558502197,0.48948144912719727,-0.0550454780459404,0.6045054793357849,0.49553513526916504,-0.07963485270738602,0.5685817003250122,0.49054154753685,-0.09578632563352585,0.5378283858299255,0.48204657435417175,-0.10516770929098129,0.6324219703674316,0.4719071090221405,-0.04194779694080353,0.5939414501190186,0.4829201102256775,-0.06669063866138458,0.5608454942703247,0.4830712676048279,-0.0794379860162735,0.5318102836608887,0.4767191410064697,-0.08620776236057281,0.6199652552604675,0.44848939776420593,-0.03069397807121277,0.5949801802635193,0.46699947118759155,-0.05212080851197243,0.5857492089271545,0.47180962562561035,-0.05541626736521721,0.57670658826828,0.46869248151779175,-0.05451366677880287,0.612565279006958,0.42112019658088684,-0.022341866046190262,0.593559205532074,0.4431989789009094,-0.0404634028673172,0.5895519852638245,0.449251651763916,-0.042539142072200775,0.5845645666122437,0.45004868507385254,-0.04061800241470337,Left,0.8173094391822815
4089,95,1,0.30308517813682556,0.35703372955322266,-2.7040201189265645e-07,0.32953324913978577,0.3198782503604889,-0.06381089985370636,0.37315165996551514,0.3306533694267273,-0.09528274089097977,0.4232788681983948,0.363766610622406,-0.11094547063112259,0.46711891889572144,0.38548144698143005,-0.1243242546916008,0.33152151107788086,0.43502190709114075,-0.09824507683515549,0.40956389904022217,0.43968620896339417,-0.13026171922683716,0.4548988342285156,0.42985063791275024,-0.14779549837112427,0.48881927132606506,0.42255550622940063,-0.15805880725383759,0.3446825444698334,0.4827127754688263,-0.07312041521072388,0.4232982099056244,0.4962303042411804,-0.10245813429355621,0.4677552580833435,0.4637088179588318,-0.11075147986412048,0.49468716979026794,0.43000245094299316,-0.11472319811582565,0.36154571175575256,0.5013178586959839,-0.04959839954972267,0.42974773049354553,0.4957888424396515,-0.07531101256608963,0.4615532457828522,0.45754823088645935,-0.07694048434495926,0.47812342643737793,0.4281936287879944,-0.07589762657880783,0.3787916898727417,0.49917834997177124,-0.030064117163419724,0.4248461127281189,0.4845500588417053,-0.05256174877285957,0.4489716589450836,0.45255178213119507,-0.05642196908593178,0.4624532163143158,0.428946852684021,-0.056060824543237686,Right,0.9976834058761597
4131,96,0,0.7064632773399353,0.40754538774490356,5.641509233100805e-07,0.7154849171638489,0.42226845026016235,-0.048072878271341324,0.6965484023094177,0.4553561210632324,-0.06889189034700394,0.6646150350570679,0.4831514060497284,-0.07930823415517807,0.6358561515808105,0.5133333206176758,-0.08784575015306473,0.6490859985351562,0.48420894145965576,-0.061064355075359344,0.6013400554656982,0.49127256870269775,-0.08422905206680298,0.5667877197265625,0.48590677976608276,-0.0986076220870018,0.5373891592025757,0.4775535762310028,-0.10639456659555435,0.6346765756607056,0.4811929166316986,-0.04232598841190338,0.5916892290115356,0.48878002166748047,-0.0664868876338005,0.5598066449165344,0.48254626989364624,-0.07870415598154068,0.5333080291748047,0.4704771041870117,-0.08446518331766129,0.6257650256156921,0.4698968231678009,-0.02582411654293537,0.5939841270446777,0.47945940494537354,-0.04744579270482063,0.574333131313324,0.4784919023513794,-0.0536939799785614,0.5575409531593323,0.4719836115837097,-0.05450177192687988,0.620495080947876,0.4553455710411072,-0.012559481896460056,0.5954501032829285,0.47149959206581116,-0.030494263395667076,0.5828192234039307,0.47448426485061646,-0.035591401159763336,0.5713790059089661,0.47345468401908875,-0.03592925891280174,Left,0.8754163384437561
4131,96,1,0.30041080713272095,0.35727131366729736,-2.776482688204851e-07,0.3266283869743347,0.3261161148548126,-0.06013744696974754,0.37183406949043274,0.3384518623352051,-0.08813651651144028,0.42468440532684326,0.3651876151561737,-0.10172049701213837,0.46936410665512085,0.3786994516849518,-0.1130090057849884,0.33481016755104065,0.45174640417099,-0.0866895467042923,0.41320016980171204,0.4478553533554077,-0.11568120121955872,0.45769280195236206,0.4332652688026428,-0.1322791427373886,0.49019742012023926,0.4242922067642212,-0.1422567516565323,0.3503881096839905,0.4938456416130066,-0.06303991377353668,0.42730987071990967,0.5041009187698364,-0.09249117225408554,0.46760833263397217,0.4672902822494507,-0.10184690356254578,0.48914486169815063,0.4317020773887634,-0.1052730530500412,0.36712968349456787,0.5076980590820312,-0.04113370552659035,0.43460020422935486,0.5024601817131042,-0.06825459003448486,0.46300819516181946,0.46232032775878906,-0.07165136188268661,0.4754551649093628,0.4317959249019623,-0.0702301561832428,0.38299569487571716,0.501919686794281,-0.02288733795285225,0.4282014071941376,0.4888570010662079,-0.047082751989364624,0.44934046268463135,0.45577988028526306,-0.05199024826288223,0.45936018228530884,0.4307704269886017,-0.0512249581515789,Right,0.9970195889472961
4172,97,0,0.7050957083702087,0.39843252301216125,5.7224690408475e-07,0.7152185440063477,0.417996883392334,-0.050929922610521317,0.7017658352851868,0.4568524956703186,-0.07334819436073303,0.6738424897193909,0.48838287591934204,-0.0847906768321991,0.6452075242996216,0.5171036124229431,-0.09362629801034927,0.6502686738967896,0.49248191714286804,-0.05751889944076538,0.6027808785438538,0.49599510431289673,-0.07706748694181442,0.569575309753418,0.48802176117897034,-0.09024929255247116,0.5416704416275024,0.47884005308151245,-0.09783214330673218,0.6343268752098083,0.485982209444046,-0.03548021242022514,0.5921652317047119,0.49449583888053894,-0.056346774101257324,0.5611167550086975,0.4866684079170227,-0.06702835857868195,0.5346837043762207,0.47634342312812805,-0.07235393673181534,0.6246370077133179,0.4722132980823517,-0.016024786978960037,0.5911253690719604,0.4895269572734833,-0.0343632698059082,0.5631891489028931,0.4883604943752289,-0.03978508710861206,0.5390431880950928,0.4801205098628998,-0.04097982868552208,0.6170754432678223,0.45411354303359985,-0.00021068952628411353,0.5909494161605835,0.4760409891605377,-0.014379573985934258,0.5728389620780945,0.47894227504730225,-0.018636589869856834,0.5553283095359802,0.4775400757789612,-0.019422026351094246,Left,0.9343306422233582
4172,97,1,0.29611530900001526,0.3596045970916748,-2.9887419827900885e-07,0.32039931416511536,0.33010363578796387,-0.06090522184967995,0.3676415979862213,0.34198281168937683,-0.0889158770442009,0.4233556389808655,0.365243136882782,-0.10286401212215424,0.47034314274787903,0.3749268352985382,-0.11432197690010071,0.33638572692871094,0.46213629841804504,-0.0810292661190033,0.4144518971443176,0.4522951543331146,-0.1113983541727066,0.45797452330589294,0.43279901146888733,-0.13092616200447083,0.4897948205471039,0.4214053153991699,-0.14275284111499786,0.35469910502433777,0.501374363899231,-0.05710599571466446,0.43063512444496155,0.507858157157898,-0.08676739037036896,0.46814587712287903,0.4666575491428375,-0.09738470613956451,0.48791342973709106,0.42901477217674255,-0.10141576826572418,0.3725053071975708,0.5121487975120544,-0.03561892360448837,0.4374215602874756,0.5023703575134277,-0.06310561299324036,0.46068423986434937,0.4577031433582306,-0.06724514812231064,0.46980053186416626,0.42475730180740356,-0.06582412868738174,0.38823801279067993,0.503862738609314,-0.01806463859975338,0.43081074953079224,0.4882928133010864,-0.04191266745328903,0.4480445981025696,0.45255693793296814,-0.04681399464607239,0.4559580981731415,0.4261099398136139,-0.04580523073673248,Right,0.9941043257713318
4215,98,0,0.7042495608329773,0.40575405955314636,5.906378532927192e-07,0.7119147777557373,0.39035913348197937,-0.054741211235523224,0.6993251442909241,0.41788744926452637,-0.08188930153846741,0.6719865798950195,0.4599981904029846,-0.09465683251619339,0.6470775008201599,0.5011711716651917,-0.10510365664958954,0.6883561611175537,0.4635872542858124,-0.09418603777885437,0.6429910063743591,0.48204582929611206,-0.12596888840198517,0.6030290722846985,0.4915063977241516,-0.14244066178798676,0.5669950246810913,0.49334487318992615,-0.15149030089378357,0.665637731552124,0.4846823811531067,-0.07050522416830063,0.6124391555786133,0.4976488947868347,-0.09985344856977463,0.5719678401947021,0.4926164746284485,-0.10896572470664978,0.5381182432174683,0.48122239112854004,-0.11374112963676453,0.6457464098930359,0.4897012710571289,-0.04759061336517334,0.6034946441650391,0.5063719153404236,-0.07427342236042023,0.5713081359863281,0.5013573169708252,-0.0806560143828392,0.5463854670524597,0.4904438853263855,-0.08252504467964172,0.6302030682563782,0.4847346246242523,-0.027520298957824707,0.6004472970962524,0.5018692016601562,-0.05092712491750717,0.5818814039230347,0.49690836668014526,-0.05934995785355568,0.5659480094909668,0.4909828305244446,-0.0627070814371109,Left,0.9927231669425964
4215,98,1,0.2870098352432251,0.35728850960731506,-3.41074638754435e-07,0.3170478641986847,0.3310287594795227,-0.057099949568510056,0.36978045105934143,0.34512150287628174,-0.08151058852672577,0.42753517627716064,0.3650796115398407,-0.09264164417982101,0.4745121896266937,0.3699081242084503,-0.10144628584384918,0.33834052085876465,0.4707893431186676,-0.07310212403535843,0.41752123832702637,0.4605277478694916,-0.09865790605545044,0.45942386984825134,0.437389075756073,-0.1144331768155098,0.48867860436439514,0.42050251364707947,-0.12350199371576309,0.3527807593345642,0.5054137110710144,-0.048872727900743484,0.43267399072647095,0.510239839553833,-0.07585535198450089,0.4685136675834656,0.46676522493362427,-0.08564035594463348,0.4855461120605469,0.4251337945461273,-0.0885530635714531,0.36721619963645935,0.5134528279304504,-0.026846304535865784,0.43669506907463074,0.49935442209243774,-0.05232347175478935,0.4612077474594116,0.45271798968315125,-0.05844712257385254,0.47104424238204956,0.4160154163837433,-0.05804840102791786,0.37932246923446655,0.5039820671081543,-0.008237247355282307,0.4272291362285614,0.4862625002861023,-0.031450312584638596,0.4457502067089081,0.44765567779541016,-0.038022153079509735,0.45480281114578247,0.41779905557632446,-0.038014113903045654,Right,0.9960229992866516
4256,99,0,0.7090010046958923,0.4171869158744812,7.575018798888777e-07,0.7059411406517029,0.3711771070957184,-0.06332273036241531,0.6809300184249878,0.36030495166778564,-0.1022837907075882,0.6424335241317749,0.37128138542175293,-0.12510892748832703,0.608016312122345,0.3918531835079193,-0.14487728476524353,0.7068591117858887,0.4462590515613556,-0.12508699297904968,0.6842729449272156,0.4686354100704193,-0.16911888122558594,0.6610792279243469,0.4888319671154022,-0.1938232034444809,0.638687252998352,0.5043814778327942,-0.2092173546552658,0.6814521551132202,0.48452064394950867,-0.10085182636976242,0.621534526348114,0.49471819400787354,-0.14042851328849792,0.5743770003318787,0.4894343912601471,-0.1522960513830185,0.5358677506446838,0.4824930727481842,-0.1596517562866211,0.6557848453521729,0.5013303756713867,-0.07663621008396149,0.6119071245193481,0.48510825634002686,-0.10625012964010239,0.6134904026985168,0.4608422815799713,-0.10238725692033768,0.6170930862426758,0.4448360502719879,-0.09767260402441025,0.633774995803833,0.5029032230377197,-0.056747354567050934,0.6066359281539917,0.4902417063713074,-0.08098946511745453,0.6095887422561646,0.4689059257507324,-0.08192969113588333,0.6110789179801941,0.4564012289047241,-0.07958360016345978,Left,0.9986686706542969
4256,99,1,0.2865428328514099,0.3546569049358368,-3.4402791015963885e-07,0.31745684146881104,0.3326188325881958,-0.05646837130188942,0.37077370285987854,0.34578365087509155,-0.08094574511051178,0.4289596974849701,0.3631327748298645,-0.09259095042943954,0.4755910038948059,0.3696576952934265,-0.10158921778202057,0.3375051021575928,0.47414204478263855,-0.07224603742361069,0.4183596968650818,0.4641132056713104,-0.09814482182264328,0.4613801836967468,0.4399433732032776,-0.11422037333250046,0.4907616376876831,0.42090722918510437,-0.12313913553953171,0.3516901135444641,0.5074098706245422,-0.04807090014219284,0.4319673180580139,0.5131901502609253,-0.07473864406347275,0.46658939123153687,0.4716810882091522,-0.0842442438006401,0.4811108112335205,0.43097832798957825,-0.08706659078598022,0.3659617602825165,0.5148687362670898,-0.026155343279242516,0.43637415766716003,0.5041429996490479,-0.05134345591068268,0.46051034331321716,0.45812204480171204,-0.057127442210912704,0.4686720371246338,0.4214363098144531,-0.05645198002457619,0.3777303397655487,0.5060741305351257,-0.007651478983461857,0.426125705242157,0.49241578578948975,-0.03066546842455864,0.4455869793891907,0.4544796049594879,-0.03718676418066025,0.45422154664993286,0.4243783950805664,-0.037113793194293976,Right,0.9955704212188721
4298,100,0,0.7057225108146667,0.4182170033454895,8.068645911407657e-07,0.7016205787658691,0.36928170919418335,-0.057117823511362076,0.6760966777801514,0.36024776101112366,-0.09220580756664276,0.6379354000091553,0.3719561696052551,-0.11200644820928574,0.605398416519165,0.3932565450668335,-0.128763347864151,0.7044029235839844,0.4417138993740082,-0.11773016303777695,0.6862894892692566,0.4628969728946686,-0.1596335470676422,0.660539448261261,0.4817768931388855,-0.18330880999565125,0.6348975300788879,0.49855318665504456,-0.19808131456375122,0.6809704899787903,0.484082967042923,-0.09599466621875763,0.6183426380157471,0.4942823052406311,-0.13253839313983917,0.5715616941452026,0.48813673853874207,-0.14196929335594177,0.5337642431259155,0.48512232303619385,-0.14700059592723846,0.6568010449409485,0.5049728751182556,-0.0737612172961235,0.616984486579895,0.47822436690330505,-0.10050179809331894,0.632805347442627,0.43960854411125183,-0.09128359705209732,0.6490306854248047,0.41722211241722107,-0.08147329092025757,0.6348572373390198,0.508189857006073,-0.055692415684461594,0.6108400225639343,0.4884103238582611,-0.07651121914386749,0.6205534934997559,0.46081146597862244,-0.07301240414381027,0.6286386847496033,0.44632643461227417,-0.06666046380996704,Left,0.9990155100822449
4298,100,1,0.2854657769203186,0.35426101088523865,-3.6273394243835355e-07,0.31870749592781067,0.33706820011138916,-0.05611787363886833,0.37373775243759155,0.34998756647109985,-0.0794428288936615,0.43225908279418945,0.36492639780044556,-0.09061872959136963,0.4776630699634552,0.37491869926452637,-0.09873977303504944,0.3388063907623291,0.4827345013618469,-0.06449371576309204,0.4187699854373932,0.47413167357444763,-0.08924852311611176,0.4615221321582794,0.44746851921081543,-0.10599494725465775,0.49069449305534363,0.4243551790714264,-0.11524925380945206,0.35146716237068176,0.5117624402046204,-0.04012829437851906,0.42978590726852417,0.5194182395935059,-0.06512612104415894,0.46365460753440857,0.478090763092041,-0.07539235055446625,0.4781752824783325,0.4359973073005676,-0.07890798151493073,0.36463356018066406,0.5162121653556824,-0.01870398037135601,0.4327138364315033,0.5104150772094727,-0.04291059449315071,0.45674246549606323,0.4656889736652374,-0.05014558136463165,0.46578460931777954,0.4287167489528656,-0.050471000373363495,0.3752671182155609,0.5057159066200256,-0.0007823152118362486,0.42265039682388306,0.497254878282547,-0.023328127339482307,0.4423586130142212,0.46112513542175293,-0.030789704993367195,0.4517764747142792,0.4320749342441559,-0.03143908083438873,Right,0.9956217408180237
4342,101,0,0.710509717464447,0.42542460560798645,7.672775268474652e-07,0.695767879486084,0.371049165725708,-0.05574386194348335,0.6657164096832275,0.35924601554870605,-0.08968403190374374,0.6296901106834412,0.3773425221443176,-0.10884785652160645,0.6013022661209106,0.40841200947761536,-0.1257796287536621,0.7036584615707397,0.44081926345825195,-0.11434762924909592,0.6820377707481384,0.4617784023284912,-0.1536351591348648,0.6531484127044678,0.4795384407043457,-0.1753533035516739,0.6264494061470032,0.4937664568424225,-0.18902762234210968,0.6891599893569946,0.488832950592041,-0.094393789768219,0.6234236359596252,0.5033677220344543,-0.1268589198589325,0.5741960406303406,0.4935430884361267,-0.1359318643808365,0.5350586175918579,0.4803411662578583,-0.14192244410514832,0.6717672944068909,0.5121738910675049,-0.07452601194381714,0.6124818921089172,0.5103926658630371,-0.10278380662202835,0.5807144045829773,0.49109816551208496,-0.10750123858451843,0.5584250092506409,0.47283047437667847,-0.10976828634738922,0.6535754203796387,0.5171661376953125,-0.05752332881093025,0.6142643690109253,0.5033186674118042,-0.08320721983909607,0.5986740589141846,0.4790928065776825,-0.09024742245674133,0.5858525037765503,0.46029970049858093,-0.09302151948213577,Left,0.9979771971702576
4342,101,1,0.2819024622440338,0.35359448194503784,-3.831805202025862e-07,0.3176532983779907,0.3387073576450348,-0.059179287403821945,0.3752354383468628,0.35544225573539734,-0.08149340748786926,0.4334322214126587,0.37274783849716187,-0.09082043170928955,0.4788379669189453,0.3810022473335266,-0.09674140810966492,0.342044860124588,0.49067923426628113,-0.060179319232702255,0.4203687608242035,0.4809647500514984,-0.08485227823257446,0.4616561830043793,0.45151814818382263,-0.10274326801300049,0.49015548825263977,0.4263010025024414,-0.11236879974603653,0.3550770580768585,0.5159997940063477,-0.03357023373246193,0.43265172839164734,0.5233872532844543,-0.05874824896454811,0.4649713635444641,0.47692498564720154,-0.07038766145706177,0.4784046411514282,0.42989858984947205,-0.07356631010770798,0.36825382709503174,0.5178343057632446,-0.010580724105238914,0.43457403779029846,0.5027995705604553,-0.03573485091328621,0.45352092385292053,0.45258429646492004,-0.045204393565654755,0.45894497632980347,0.413890540599823,-0.0455474779009819,0.3778732717037201,0.5062957406044006,0.008548527024686337,0.4236089885234833,0.48971351981163025,-0.014459654688835144,0.4391731321811676,0.44947806000709534,-0.023173892870545387,0.44623544812202454,0.4183596670627594,-0.023850509896874428,Right,0.9951343536376953
4386,102,0,0.7207384705543518,0.4245866537094116,7.129206096578855e-07,0.7027683258056641,0.3711737394332886,-0.056279413402080536,0.6716151237487793,0.3557276725769043,-0.09208215028047562,0.6360988020896912,0.3711415231227875,-0.1135748103260994,0.6074485182762146,0.400019109249115,-0.1333317905664444,0.697282612323761,0.4405647814273834,-0.1164548322558403,0.6540356874465942,0.45833608508110046,-0.15399260818958282,0.6172624826431274,0.4675912857055664,-0.17196570336818695,0.5852547287940979,0.4730764329433441,-0.18264617025852203,0.6853753328323364,0.49321356415748596,-0.09642674773931503,0.619891345500946,0.5021277070045471,-0.12763455510139465,0.5717803239822388,0.4891209900379181,-0.1335052102804184,0.5350732803344727,0.47164708375930786,-0.1372736394405365,0.6718041896820068,0.5169254541397095,-0.07674036175012589,0.6096141934394836,0.5087807178497314,-0.1046844869852066,0.5768619775772095,0.48989883065223694,-0.1085624024271965,0.5546672940254211,0.47161418199539185,-0.11060823500156403,0.6583921313285828,0.5183780193328857,-0.05993038788437843,0.6137416958808899,0.5004078149795532,-0.0841822624206543,0.5959858298301697,0.47838085889816284,-0.09140021353960037,0.5839183330535889,0.45958536863327026,-0.09496495872735977,Left,0.9986586570739746
4386,102,1,0.2834237217903137,0.35482531785964966,-4.1342914869346714e-07,0.320917546749115,0.34979307651519775,-0.05493279546499252,0.3754649758338928,0.3712906539440155,-0.07527134567499161,0.43240684270858765,0.389008104801178,-0.08316145837306976,0.4746599793434143,0.39498284459114075,-0.08776943385601044,0.34519487619400024,0.5092309713363647,-0.05605148524045944,0.42234766483306885,0.49300259351730347,-0.07899993658065796,0.46088457107543945,0.46137771010398865,-0.09521335363388062,0.487434059381485,0.4332706034183502,-0.10384486615657806,0.3611781597137451,0.528482973575592,-0.030601169914007187,0.4382578134536743,0.5243436694145203,-0.05457711219787598,0.4678701162338257,0.47757887840270996,-0.06653562933206558,0.48228561878204346,0.43184226751327515,-0.07075012475252151,0.37552136182785034,0.5257297158241272,-0.00829328503459692,0.4403710663318634,0.5025895237922668,-0.031896866858005524,0.4590538740158081,0.45348918437957764,-0.041935455054044724,0.4682076573371887,0.4130966067314148,-0.04369144141674042,0.3855355679988861,0.5086038112640381,0.010480344295501709,0.43053844571113586,0.48052874207496643,-0.011676357127726078,0.44432058930397034,0.4397696256637573,-0.021417923271656036,0.45375940203666687,0.40848037600517273,-0.02339678630232811,Right,0.9918879866600037
4428,103,0,0.7225614190101624,0.4201478958129883,5.205540105635009e-07,0.7002435326576233,0.36634761095046997,-0.044579509645700455,0.6624802947044373,0.35263943672180176,-0.07488350570201874,0.6228062510490417,0.3685060441493988,-0.09395040571689606,0.5929076671600342,0.3926689326763153,-0.11184079945087433,0.6949071288108826,0.4204447269439697,-0.10460161417722702,0.6763674020767212,0.4383231997489929,-0.13731220364570618,0.6598643064498901,0.45354413986206055,-0.15181080996990204,0.6445896029472351,0.4679839611053467,-0.16027697920799255,0.688991129398346,0.47067806124687195,-0.09119773656129837,0.6268949508666992,0.4883600175380707,-0.12135740369558334,0.5783159732818604,0.487837016582489,-0.12729640305042267,0.5422111749649048,0.4758608341217041,-0.13124437630176544,0.6759827136993408,0.498934805393219,-0.0773494616150856,0.6138448715209961,0.5125267505645752,-0.10467872023582458,0.5705227851867676,0.5020170211791992,-0.11291294544935226,0.5386852025985718,0.4836614727973938,-0.11735434830188751,0.660279393196106,0.5091441869735718,-0.06522732973098755,0.6123837828636169,0.5114428400993347,-0.08736441284418106,0.5802313685417175,0.5000731945037842,-0.09610474109649658,0.5554248690605164,0.48565608263015747,-0.10107972472906113,Left,0.9934585094451904
4428,103,1,0.28105369210243225,0.35934558510780334,-4.850104460274451e-07,0.3233105540275574,0.35120144486427307,-0.053320422768592834,0.38077887892723083,0.37621647119522095,-0.07231339067220688,0.4383038580417633,0.3971012234687805,-0.0784759670495987,0.4811956286430359,0.4001758098602295,-0.08153669536113739,0.3471330404281616,0.5178062319755554,-0.05983760580420494,0.4257218837738037,0.49872061610221863,-0.08042194694280624,0.46386078000068665,0.4629856050014496,-0.09286229312419891,0.4899738132953644,0.4330172836780548,-0.09918823093175888,0.35889309644699097,0.5440555214881897,-0.03479507192969322,0.43873926997184753,0.5284079909324646,-0.0574084147810936,0.47299832105636597,0.47984087467193604,-0.06721165031194687,0.4925951063632965,0.43455880880355835,-0.07075899094343185,0.3708368241786957,0.546057403087616,-0.012281287461519241,0.43935608863830566,0.5148284435272217,-0.03478306531906128,0.4642278254032135,0.467546671628952,-0.04425657168030739,0.4799293279647827,0.4276508092880249,-0.046813737601041794,0.379246324300766,0.5310916900634766,0.006939684972167015,0.4274623394012451,0.49601873755455017,-0.01581399515271187,0.44501152634620667,0.45339295268058777,-0.02586684562265873,0.45906299352645874,0.42022988200187683,-0.028317024931311607,Right,0.9917386770248413
4469,104,0,0.7224630117416382,0.41859713196754456,5.721704496863822e-07,0.6932471394538879,0.36528441309928894,-0.044904857873916626,0.6514756083488464,0.3512845039367676,-0.0774969607591629,0.6127081513404846,0.37030407786369324,-0.09807772189378738,0.5849559307098389,0.3981056213378906,-0.11757875978946686,0.6931742429733276,0.4032498896121979,-0.1181192547082901,0.67986661195755,0.42337390780448914,-0.1550540328025818,0.6634042263031006,0.4390851855278015,-0.17105144262313843,0.6457164287567139,0.4556204378604889,-0.1796751469373703,0.6930031776428223,0.45667657256126404,-0.10511617362499237,0.6333802342414856,0.4806593656539917,-0.1416655033826828,0.5795856714248657,0.48670390248298645,-0.14886780083179474,0.5386300683021545,0.47788265347480774,-0.1529773622751236,0.6831562519073486,0.4908936321735382,-0.0905289351940155,0.6201550364494324,0.512221097946167,-0.12079314142465591,0.5714014172554016,0.5034850835800171,-0.1280711442232132,0.53636234998703,0.4839613139629364,-0.13094837963581085,0.6688199043273926,0.5070133209228516,-0.07749360799789429,0.6194595098495483,0.5148201584815979,-0.09890970587730408,0.5820744037628174,0.5045348405838013,-0.10603689402341843,0.5543670058250427,0.4891298711299896,-0.10984840989112854,Left,0.9947823882102966
4469,104,1,0.285060852766037,0.36360928416252136,-5.295635787661013e-07,0.3270200788974762,0.3511250913143158,-0.05163464695215225,0.3823627531528473,0.3743685483932495,-0.07168379426002502,0.4389302432537079,0.39715301990509033,-0.07963956147432327,0.48250386118888855,0.4002940058708191,-0.08473694324493408,0.3462830185890198,0.5138532519340515,-0.061348408460617065,0.4226914346218109,0.4942038655281067,-0.08532340079545975,0.46210241317749023,0.4594254195690155,-0.10048213601112366,0.4893537163734436,0.4313216209411621,-0.10854228585958481,0.3591350317001343,0.5452143549919128,-0.038682907819747925,0.4400908648967743,0.5270075798034668,-0.06365745514631271,0.4735354781150818,0.47594475746154785,-0.07370840013027191,0.4909290373325348,0.43253737688064575,-0.07762914150953293,0.3720805048942566,0.5527154803276062,-0.01869356445968151,0.4421558678150177,0.5209313035011292,-0.04263313487172127,0.4666767120361328,0.4712132215499878,-0.05095246061682701,0.480614572763443,0.43304309248924255,-0.052935902029275894,0.3818483054637909,0.541864812374115,-0.0019699321128427982,0.4310501217842102,0.5113807320594788,-0.023787610232830048,0.4493802785873413,0.4699726700782776,-0.03226873278617859,0.46231862902641296,0.43953561782836914,-0.034221142530441284,Right,0.9904123544692993
4510,105,0,0.726432740688324,0.42006874084472656,6.132610224085511e-07,0.698765218257904,0.3649354577064514,-0.04052996635437012,0.6561314463615417,0.34712302684783936,-0.07096388936042786,0.618556797504425,0.36336463689804077,-0.08886566758155823,0.591000497341156,0.38940784335136414,-0.10473412275314331,0.6963297724723816,0.3967859745025635,-0.11479820311069489,0.6703057289123535,0.4249429404735565,-0.1490701138973236,0.6514281630516052,0.4476175010204315,-0.16176900267601013,0.6319355368614197,0.46584299206733704,-0.16764011979103088,0.6990060210227966,0.4510473906993866,-0.10231611877679825,0.6313291192054749,0.4772297739982605,-0.13795307278633118,0.5771123170852661,0.48470887541770935,-0.1430603265762329,0.5358113050460815,0.4772082269191742,-0.14444731175899506,0.691478967666626,0.48665139079093933,-0.08737169951200485,0.6154756546020508,0.5008735656738281,-0.11297214776277542,0.5681489109992981,0.49028345942497253,-0.1133754625916481,0.5357120037078857,0.4724101126194,-0.11120571196079254,0.6784976720809937,0.5053837299346924,-0.07377939671278,0.6231902241706848,0.5076907277107239,-0.08884967118501663,0.5864785313606262,0.4968929588794708,-0.08954758942127228,0.55902099609375,0.4852066934108734,-0.08854332566261292,Left,0.9991837739944458
4510,105,1,0.28920215368270874,0.3654422163963318,-4.912241706733766e-07,0.3281775414943695,0.3505299687385559,-0.052924882620573044,0.38085058331489563,0.3704136610031128,-0.07536361366510391,0.4362547993659973,0.3939365744590759,-0.08510170131921768,0.47988229990005493,0.3949227035045624,-0.09221994876861572,0.34620219469070435,0.5049980878829956,-0.07000303268432617,0.4239007830619812,0.487689346075058,-0.09219705313444138,0.46245962381362915,0.45628008246421814,-0.10355309396982193,0.4885282516479492,0.4306396543979645,-0.10896886140108109,0.35619914531707764,0.5394107699394226,-0.045869067311286926,0.43846118450164795,0.5235839486122131,-0.06978102028369904,0.4715932309627533,0.4744812250137329,-0.07698065787553787,0.4876139163970947,0.431149959564209,-0.07924161851406097,0.36732378602027893,0.5486413836479187,-0.023595988750457764,0.43900540471076965,0.5207045674324036,-0.04641682282090187,0.4647921025753021,0.4718695878982544,-0.05315675958991051,0.47776031494140625,0.4324514865875244,-0.0544586218893528,0.3765661418437958,0.5396860241889954,-0.00436140364035964,0.4257758557796478,0.5140268802642822,-0.02517622709274292,0.44659459590911865,0.47252243757247925,-0.03310548886656761,0.4600677788257599,0.44102558493614197,-0.03507007285952568,Right,0.9923855662345886
4552,106,0,0.7256320714950562,0.42397230863571167,6.174227564770263e-07,0.6934399008750916,0.3643675446510315,-0.040574491024017334,0.6442527770996094,0.3529401421546936,-0.06667668372392654,0.6038534045219421,0.3756868839263916,-0.08036975562572479,0.5743823647499084,0.4041937291622162,-0.09289780259132385,0.6897914409637451,0.40097567439079285,-0.10894660651683807,0.666573166847229,0.4418628215789795,-0.14097727835178375,0.6408575773239136,0.46735039353370667,-0.15303373336791992,0.6154568791389465,0.48702308535575867,-0.15833303332328796,0.6957352757453918,0.4539051949977875,-0.09507917612791061,0.6299231052398682,0.4863166809082031,-0.12480911612510681,0.5740037560462952,0.49293607473373413,-0.1280134916305542,0.5329148173332214,0.48555517196655273,-0.12881748378276825,0.6910243034362793,0.48845797777175903,-0.07937005907297134,0.6198604106903076,0.5108149647712708,-0.102716825902462,0.5677735805511475,0.5010011792182922,-0.10644786059856415,0.531186580657959,0.48239555954933167,-0.1068381667137146,0.6798087954521179,0.5073593854904175,-0.06496190279722214,0.624799907207489,0.5130321383476257,-0.08081571757793427,0.5858337879180908,0.5041440725326538,-0.08467312157154083,0.556134045124054,0.491734117269516,-0.08603046089410782,Left,0.9993335008621216
4552,106,1,0.2919695973396301,0.3674045205116272,-4.823459676117636e-07,0.32958659529685974,0.350250780582428,-0.05395776033401489,0.38164690136909485,0.3687881827354431,-0.07615454494953156,0.43665528297424316,0.3921886682510376,-0.08469534665346146,0.4800049066543579,0.3959181010723114,-0.0905064046382904,0.34595075249671936,0.5004338026046753,-0.07491090148687363,0.4240206778049469,0.48367980122566223,-0.09540152549743652,0.46240803599357605,0.45436909794807434,-0.10382746160030365,0.4888423681259155,0.4314795434474945,-0.10763335227966309,0.3562844693660736,0.5353728532791138,-0.049941226840019226,0.438347190618515,0.5220499634742737,-0.07308889925479889,0.47224488854408264,0.4742586016654968,-0.07882555574178696,0.48869749903678894,0.43210360407829285,-0.08033417910337448,0.3683055341243744,0.5454446077346802,-0.026442397385835648,0.43917223811149597,0.5185784101486206,-0.04915880411863327,0.46490269899368286,0.470130980014801,-0.056238606572151184,0.4776882231235504,0.4316449463367462,-0.05809517949819565,0.3781220316886902,0.5366660952568054,-0.005846163723617792,0.4270152151584625,0.5098282694816589,-0.027941059321165085,0.4480597972869873,0.46845030784606934,-0.037101443856954575,0.46184560656547546,0.4377824366092682,-0.03996879607439041,Right,0.9944079518318176
4596,107,0,0.7233362197875977,0.43005093932151794,6.17529451574228e-07,0.6917130947113037,0.36553698778152466,-0.04159371554851532,0.6421478390693665,0.35283857583999634,-0.06788986176252365,0.603338897228241,0.37917429208755493,-0.08144453167915344,0.5767658948898315,0.4147239029407501,-0.09396664053201675,0.6915714740753174,0.40289321541786194,-0.11098188906908035,0.6660101413726807,0.4391597807407379,-0.14354431629180908,0.6393244862556458,0.4608657658100128,-0.15643280744552612,0.6118783950805664,0.47631946206092834,-0.16223235428333282,0.6963846683502197,0.4546545445919037,-0.09650176763534546,0.633359432220459,0.48675838112831116,-0.1263124644756317,0.5780654549598694,0.49456819891929626,-0.13130879402160645,0.5365632772445679,0.4886052906513214,-0.13398872315883636,0.6913505792617798,0.4899534583091736,-0.07997056096792221,0.6208319067955017,0.5129050016403198,-0.10294945538043976,0.5679193735122681,0.5037513971328735,-0.1076091080904007,0.530393123626709,0.48691102862358093,-0.1090310737490654,0.6800147891044617,0.5097496509552002,-0.0646977648139,0.6237599849700928,0.5167216658592224,-0.07990481704473495,0.582363486289978,0.5085318088531494,-0.08408065140247345,0.55096834897995,0.49782976508140564,-0.08609630167484283,Left,0.9992865920066833
4596,107,1,0.2924564480781555,0.3708353638648987,-4.5794573111379577e-07,0.32827603816986084,0.35257941484451294,-0.055701013654470444,0.37977495789527893,0.3686704635620117,-0.0791141614317894,0.434295117855072,0.38930583000183105,-0.08900279551744461,0.4783250093460083,0.39305827021598816,-0.09621265530586243,0.34752893447875977,0.5033285021781921,-0.07287353277206421,0.42241278290748596,0.48638010025024414,-0.09562959522008896,0.4617229104042053,0.4570046365261078,-0.10744959115982056,0.49002906680107117,0.4328961670398712,-0.11346668750047684,0.35779282450675964,0.5365340709686279,-0.048083044588565826,0.4354008734226227,0.523948609828949,-0.07186301797628403,0.47134271264076233,0.4778290390968323,-0.07924055308103561,0.49124211072921753,0.43551114201545715,-0.08194109797477722,0.3694961667060852,0.5450229048728943,-0.025558266788721085,0.4367811679840088,0.5190863609313965,-0.049002207815647125,0.4645776152610779,0.4717658758163452,-0.05685299262404442,0.4808722734451294,0.43408817052841187,-0.05918310210108757,0.3784295618534088,0.5353919267654419,-0.006260696332901716,0.4256212115287781,0.509738028049469,-0.02860746532678604,0.4471513032913208,0.4685925245285034,-0.03756845369935036,0.4624737501144409,0.43753188848495483,-0.040270932018756866,Right,0.9941858053207397
4638,108,0,0.7290551066398621,0.4324600398540497,6.77476180044323e-07,0.7019882798194885,0.3729717433452606,-0.03770838677883148,0.6587733030319214,0.3563605546951294,-0.06210218742489815,0.6223341226577759,0.37500935792922974,-0.07543128728866577,0.5946012735366821,0.4031487703323364,-0.08801060914993286,0.6927128434181213,0.4123116731643677,-0.10009711235761642,0.6459106802940369,0.45368799567222595,-0.1316690444946289,0.6005528569221497,0.475432425737381,-0.1438126564025879,0.5621402859687805,0.48409029841423035,-0.14891836047172546,0.6975337266921997,0.46362194418907166,-0.08755796402692795,0.6293177604675293,0.5020321607589722,-0.11419527977705002,0.5740119814872742,0.5082345604896545,-0.11799409985542297,0.5316850543022156,0.5000637173652649,-0.1195651963353157,0.6947455406188965,0.49615365266799927,-0.07349670678377151,0.6228051781654358,0.5184756517410278,-0.09395215660333633,0.5707770586013794,0.5067294836044312,-0.09900075942277908,0.5343407988548279,0.48737114667892456,-0.10084705799818039,0.6871856451034546,0.5133342146873474,-0.060701724141836166,0.6304468512535095,0.5212836265563965,-0.07668618112802505,0.5902012586593628,0.512630820274353,-0.0829424262046814,0.5583913922309875,0.5019403696060181,-0.08608837425708771,Left,0.9998448491096497
4638,108,1,0.2885439693927765,0.37644389271736145,-4.441348266936984e-07,0.3230952024459839,0.3571424186229706,-0.059422094374895096,0.3756392300128937,0.3703655004501343,-0.08449147641658783,0.4313388764858246,0.38803911209106445,-0.09526433795690536,0.4763634502887726,0.3925902843475342,-0.1033690869808197,0.3483887016773224,0.5082727670669556,-0.07485809177160263,0.4242384433746338,0.48687630891799927,-0.09843923896551132,0.46323856711387634,0.45504292845726013,-0.11165570467710495,0.49143075942993164,0.4288926422595978,-0.11857625842094421,0.3586377799510956,0.5394045114517212,-0.047966331243515015,0.4367568790912628,0.5229756236076355,-0.0717281773686409,0.4714362919330597,0.4757758378982544,-0.07960417866706848,0.4914543926715851,0.43172410130500793,-0.0826641321182251,0.37000522017478943,0.5457970499992371,-0.02368258126080036,0.4372180998325348,0.5145882964134216,-0.046925559639930725,0.4634588658809662,0.46667614579200745,-0.05464689061045647,0.47973644733428955,0.4281263053417206,-0.056900639086961746,0.3780151903629303,0.5349566340446472,-0.0030078780837357044,0.4252822697162628,0.5038285851478577,-0.025393309071660042,0.4456551671028137,0.46069735288619995,-0.03416251763701439,0.46101298928260803,0.42783528566360474,-0.03658197820186615,Right,0.9941914081573486
4682,109,0,0.7281804084777832,0.43310460448265076,6.065665729693137e-07,0.6992555260658264,0.3729116916656494,-0.032290756702423096,0.6544435620307922,0.355119526386261,-0.05275580286979675,0.6187968254089355,0.37662845849990845,-0.06286606937646866,0.595544695854187,0.410321444272995,-0.07171441614627838,0.6887661814689636,0.40635034441947937,-0.08848011493682861,0.6529567837715149,0.44491690397262573,-0.11312846839427948,0.620917558670044,0.4684804677963257,-0.12063420563936234,0.5899851322174072,0.4818342626094818,-0.12320823967456818,0.6951948404312134,0.45931392908096313,-0.07736020535230637,0.6263042688369751,0.4938647747039795,-0.09965121746063232,0.5729404091835022,0.5021166801452637,-0.10062039643526077,0.5316760540008545,0.4948936998844147,-0.10041692107915878,0.6928164958953857,0.4948371946811676,-0.06448081135749817,0.6182876825332642,0.5119173526763916,-0.08155111968517303,0.57007896900177,0.5012089610099792,-0.0842585414648056,0.5360326766967773,0.4823143780231476,-0.08464579284191132,0.6856692433357239,0.5149756073951721,-0.05253973230719566,0.6281371116638184,0.5163451433181763,-0.06363771110773087,0.5908873081207275,0.5039684772491455,-0.06611519306898117,0.5621767044067383,0.4911113977432251,-0.06712178885936737,Left,0.9999139308929443
4682,109,1,0.2869017720222473,0.3759046196937561,-4.3442153696560126e-07,0.3200611472129822,0.3590814471244812,-0.05810680612921715,0.3726763129234314,0.3706057667732239,-0.08327845484018326,0.42950838804244995,0.3863649368286133,-0.09483098983764648,0.4742952287197113,0.3905160427093506,-0.10347020626068115,0.3470796048641205,0.5103192925453186,-0.07251010835170746,0.423066645860672,0.4879379868507385,-0.09640089422464371,0.4615892767906189,0.4569774270057678,-0.10983695089817047,0.48931822180747986,0.42967748641967773,-0.11678952723741531,0.358284056186676,0.5397260189056396,-0.04655337333679199,0.4371606409549713,0.5204766988754272,-0.07151629775762558,0.4705002009868622,0.47348377108573914,-0.0806843563914299,0.4892401099205017,0.428234726190567,-0.0843992680311203,0.3697882294654846,0.5447510480880737,-0.02319066785275936,0.4374236464500427,0.5117631554603577,-0.047059521079063416,0.4630119502544403,0.46421098709106445,-0.05538618937134743,0.47847792506217957,0.4243825674057007,-0.05777717009186745,0.37808695435523987,0.5326677560806274,-0.003376379609107971,0.4241275191307068,0.5036050081253052,-0.026094496250152588,0.44358864426612854,0.4625627100467682,-0.0355188250541687,0.4578835368156433,0.43055981397628784,-0.03830912709236145,Right,0.9940387010574341
4724,110,0,0.722179651260376,0.42861515283584595,5.415342911874177e-07,0.693045973777771,0.36548471450805664,-0.035007886588573456,0.6479673385620117,0.34827566146850586,-0.06046522781252861,0.6114010810852051,0.3715762495994568,-0.07464637607336044,0.592059314250946,0.4084126353263855,-0.08856761455535889,0.6878294348716736,0.39390867948532104,-0.10386544466018677,0.665486216545105,0.4124804139137268,-0.13454461097717285,0.6455772519111633,0.4306338429450989,-0.14542743563652039,0.6227782368659973,0.44602468609809875,-0.1500866711139679,0.6920191645622253,0.44923853874206543,-0.09358112514019012,0.6261821389198303,0.46780917048454285,-0.12471973150968552,0.5721491575241089,0.479399174451828,-0.12903590500354767,0.5298826694488525,0.4810113310813904,-0.13053327798843384,0.6877555251121521,0.48983103036880493,-0.08087716996669769,0.6170171499252319,0.5016319751739502,-0.10578379034996033,0.5672602653503418,0.49545037746429443,-0.11042853444814682,0.5298744440078735,0.48375678062438965,-0.11102886497974396,0.6809278726577759,0.5137624144554138,-0.06875132024288177,0.626462996006012,0.5167730450630188,-0.08348629623651505,0.588320791721344,0.5104403495788574,-0.08639514446258545,0.558249294757843,0.5017716884613037,-0.08764395117759705,Left,0.9996695518493652
4724,110,1,0.2819853127002716,0.3721860349178314,-4.3197758259339025e-07,0.31540292501449585,0.35643720626831055,-0.05756891518831253,0.37134692072868347,0.3688270151615143,-0.0803799256682396,0.4285223186016083,0.3815913796424866,-0.08946112543344498,0.4726519286632538,0.384004145860672,-0.09545687586069107,0.3423967957496643,0.5059828162193298,-0.06847137957811356,0.42219698429107666,0.49077659845352173,-0.09243805706501007,0.46317851543426514,0.4644368290901184,-0.10738380253314972,0.4936743974685669,0.440578818321228,-0.11521492898464203,0.3526251018047333,0.5348944067955017,-0.04219596087932587,0.43132856488227844,0.5238309502601624,-0.06561189889907837,0.4632532000541687,0.47775998711586,-0.07393642514944077,0.48005127906799316,0.4315125048160553,-0.0763612762093544,0.3646576702594757,0.5394477844238281,-0.0188324935734272,0.4326404929161072,0.5064367651939392,-0.040710821747779846,0.45351797342300415,0.457022488117218,-0.04732561856508255,0.4646095037460327,0.41843152046203613,-0.047847118228673935,0.37343764305114746,0.5271788835525513,0.0006203847005963326,0.42003387212753296,0.49422687292099,-0.02014422044157982,0.43682950735092163,0.4527302384376526,-0.02806539088487625,0.4481813609600067,0.4207550883293152,-0.029309973120689392,Right,0.9952237010002136
4765,111,0,0.7232397198677063,0.42707833647727966,5.613221674138913e-07,0.6901154518127441,0.3622578978538513,-0.03495921939611435,0.6404356956481934,0.3496827781200409,-0.05973172187805176,0.6018721461296082,0.3803887665271759,-0.07311443239450455,0.5792450308799744,0.41802340745925903,-0.08625979721546173,0.6831862926483154,0.393533319234848,-0.10491381585597992,0.6528177261352539,0.41882410645484924,-0.1340557485818863,0.6275219917297363,0.4450262486934662,-0.143335223197937,0.6024324893951416,0.4672779440879822,-0.14748694002628326,0.6890811920166016,0.4515763521194458,-0.09353695809841156,0.6219509243965149,0.47171851992607117,-0.12235778570175171,0.5692251324653625,0.4811694324016571,-0.12378706783056259,0.5293871760368347,0.48175564408302307,-0.12403489649295807,0.686238169670105,0.4929099678993225,-0.07944615185260773,0.6106213331222534,0.5047748684883118,-0.10131601244211197,0.5670444965362549,0.49320119619369507,-0.1002531349658966,0.5372722148895264,0.477013498544693,-0.09782014787197113,0.6800839900970459,0.5165108442306519,-0.06626550108194351,0.6225365996360779,0.5093083381652832,-0.08007904142141342,0.5883848071098328,0.4919305443763733,-0.08057814836502075,0.563413143157959,0.4760795533657074,-0.08006966859102249,Left,0.999252438545227
4765,111,1,0.27876442670822144,0.3678896129131317,-4.402122044666612e-07,0.31557947397232056,0.3534666895866394,-0.05664004385471344,0.3723691403865814,0.3677198886871338,-0.07963819056749344,0.43053337931632996,0.3826797604560852,-0.08866297453641891,0.4750673472881317,0.38590335845947266,-0.09418874233961105,0.3383684754371643,0.5009931325912476,-0.07302404940128326,0.4218989312648773,0.4919259548187256,-0.09259618073701859,0.4644671380519867,0.4717755913734436,-0.10184423625469208,0.4976240396499634,0.45421966910362244,-0.10631012171506882,0.34439617395401,0.5348748564720154,-0.045623328536748886,0.4303422272205353,0.5182054042816162,-0.06605253368616104,0.46032795310020447,0.4712284505367279,-0.06955528259277344,0.4738464057445526,0.4287174642086029,-0.06949666887521744,0.3541863262653351,0.5437934994697571,-0.020371967926621437,0.42884618043899536,0.5108790993690491,-0.03932318463921547,0.4498756527900696,0.46291208267211914,-0.042454302310943604,0.4589545726776123,0.4274885952472687,-0.041554342955350876,0.3634261190891266,0.5358563661575317,0.0011353719746693969,0.4138200581073761,0.5077995657920837,-0.01692773960530758,0.43162646889686584,0.46905019879341125,-0.023236848413944244,0.441622793674469,0.43980735540390015,-0.024206465110182762,Right,0.9947363138198853
4806,112,0,0.7242853045463562,0.4251498878002167,5.242058023213758e-07,0.6911227107048035,0.36137688159942627,-0.035347770899534225,0.6433901786804199,0.3456542193889618,-0.06152942404150963,0.6058683395385742,0.3764610290527344,-0.07662574201822281,0.5847203731536865,0.41619375348091125,-0.09153762459754944,0.684891939163208,0.38070493936538696,-0.10625267028808594,0.6568697094917297,0.4060787558555603,-0.13806918263435364,0.6343542337417603,0.4363498091697693,-0.14940020442008972,0.6109196543693542,0.4644676148891449,-0.15487320721149445,0.690866231918335,0.4409092664718628,-0.09656239300966263,0.6235100030899048,0.4625641703605652,-0.12763521075248718,0.5694234371185303,0.47523441910743713,-0.13128876686096191,0.5286696553230286,0.4774622917175293,-0.13304124772548676,0.6873879432678223,0.4864666759967804,-0.08444775640964508,0.6150811910629272,0.5013800859451294,-0.10882406681776047,0.5661910772323608,0.4942098557949066,-0.11139249056577682,0.5307774543762207,0.4807157814502716,-0.11144718527793884,0.6806597113609314,0.5152829885482788,-0.07317300140857697,0.6259799003601074,0.5113593935966492,-0.08872297406196594,0.5896063446998596,0.49759164452552795,-0.09120374172925949,0.5616915225982666,0.4840102791786194,-0.09233880043029785,Left,0.9956318140029907
4806,112,1,0.2759644687175751,0.3655562698841095,-4.083397016074741e-07,0.313163161277771,0.35324570536613464,-0.05686447396874428,0.3692164123058319,0.3687891662120819,-0.07817462086677551,0.42628854513168335,0.38213980197906494,-0.08571778982877731,0.4705128073692322,0.38406991958618164,-0.08944375813007355,0.33966365456581116,0.4964781701564789,-0.06653222441673279,0.4202116131782532,0.4926639795303345,-0.08467316627502441,0.4617834985256195,0.47463247179985046,-0.0939578264951706,0.4937409460544586,0.45887383818626404,-0.09831590950489044,0.34409570693969727,0.5265507102012634,-0.038990721106529236,0.4284209609031677,0.5179709196090698,-0.058673322200775146,0.455724835395813,0.47049278020858765,-0.06285538524389267,0.4647885262966156,0.42630618810653687,-0.06264961510896683,0.35263440012931824,0.53288334608078,-0.01430177316069603,0.42675143480300903,0.5170443058013916,-0.03376798704266548,0.44947153329849243,0.4700174927711487,-0.03959635645151138,0.4579470157623291,0.4333238899707794,-0.039626073092222214,0.36145201325416565,0.5247082114219666,0.006745970342308283,0.41273635625839233,0.5136253833770752,-0.011268539354205132,0.4340827763080597,0.48162466287612915,-0.01944088190793991,0.4453876316547394,0.45452171564102173,-0.021590111777186394,Right,0.9939528107643127
4851,113,0,0.7205019593238831,0.43018731474876404,4.825753876502858e-07,0.6908167600631714,0.36380863189697266,-0.033006832003593445,0.6427499651908875,0.34429314732551575,-0.05701333284378052,0.6047558784484863,0.3748512864112854,-0.07028097659349442,0.5857507586479187,0.4147847890853882,-0.08356989920139313,0.680397093296051,0.38296717405319214,-0.09890822321176529,0.6510201692581177,0.40112367272377014,-0.12636049091815948,0.6260865330696106,0.4276196360588074,-0.13609126210212708,0.5992816090583801,0.44972479343414307,-0.1408219188451767,0.6856744885444641,0.4430927634239197,-0.08930175006389618,0.6202393770217896,0.46517860889434814,-0.1153898537158966,0.5673936009407043,0.4822915196418762,-0.1181381344795227,0.5240338444709778,0.48878440260887146,-0.11983895301818848,0.6824475526809692,0.48772644996643066,-0.07684468477964401,0.6116134524345398,0.5011179447174072,-0.09758426249027252,0.5661802887916565,0.4941682517528534,-0.09882435202598572,0.5321183800697327,0.48189201951026917,-0.0980958566069603,0.6773198246955872,0.5156859159469604,-0.06505454331636429,0.6233268976211548,0.5123471021652222,-0.07752399146556854,0.5887154340744019,0.49931156635284424,-0.07768519967794418,0.5611670613288879,0.4852835536003113,-0.07731705158948898,Left,0.9934139251708984
4851,113,1,0.27315276861190796,0.3648228645324707,-3.857117860661674e-07,0.3121197521686554,0.3505522906780243,-0.06163782626390457,0.3694571554660797,0.36662960052490234,-0.08402238041162491,0.42598995566368103,0.3792370557785034,-0.09122214466333389,0.4709300100803375,0.38342729210853577,-0.09434988349676132,0.33861738443374634,0.5020322203636169,-0.06970906257629395,0.42038825154304504,0.4988402724266052,-0.08793162554502487,0.4614080488681793,0.4768417477607727,-0.09809695184230804,0.4923129081726074,0.4576692581176758,-0.10297336429357529,0.34417209029197693,0.527764081954956,-0.03886209428310394,0.4278923571109772,0.5176145434379578,-0.05900517478585243,0.44991737604141235,0.4674847722053528,-0.06419552117586136,0.45433443784713745,0.425148606300354,-0.06414783746004105,0.35346025228500366,0.5308884978294373,-0.011023215018212795,0.4261830449104309,0.5081545114517212,-0.030617857351899147,0.4388938844203949,0.4563094973564148,-0.03657493740320206,0.4396834671497345,0.4206876754760742,-0.03624297305941582,0.3617428243160248,0.5218180418014526,0.012750523164868355,0.4117240309715271,0.498879998922348,-0.0065720584243535995,0.4253584146499634,0.45948538184165955,-0.015484202653169632,0.4301535189151764,0.4309448301792145,-0.017431754618883133,Right,0.991096019744873
4892,114,0,0.7159837484359741,0.4234828054904938,4.324128894950263e-07,0.6918649673461914,0.36148717999458313,-0.03161728382110596,0.6492695212364197,0.3428610563278198,-0.05938313156366348,0.6182346940040588,0.3784187436103821,-0.07741281390190125,0.6034699082374573,0.42426174879074097,-0.09573004394769669,0.6744714975357056,0.3669429123401642,-0.09931199252605438,0.6450319290161133,0.3917539119720459,-0.1322769969701767,0.6329252123832703,0.4137273132801056,-0.14612339437007904,0.6218400001525879,0.430405855178833,-0.1517796665430069,0.6789250373840332,0.42368456721305847,-0.09182003885507584,0.6129287481307983,0.4497324824333191,-0.1254335343837738,0.562541127204895,0.46785980463027954,-0.13378871977329254,0.5207541584968567,0.47631531953811646,-0.13779416680335999,0.6757411956787109,0.47224465012550354,-0.0814279243350029,0.6050681471824646,0.48918578028678894,-0.10957127064466476,0.5539529323577881,0.49006742238998413,-0.11538945138454437,0.5116947293281555,0.48560473322868347,-0.1163409873843193,0.6728184223175049,0.5088794827461243,-0.07072287797927856,0.615043580532074,0.5026496648788452,-0.08553025871515274,0.5826777219772339,0.48558855056762695,-0.08453404158353806,0.5573856234550476,0.4679136574268341,-0.08303459733724594,Left,0.7457712888717651
4892,114,1,0.26942384243011475,0.3654969334602356,-3.4458804520909325e-07,0.3077469766139984,0.3514866828918457,-0.06294278800487518,0.3651982545852661,0.3672448396682739,-0.08588293939828873,0.4229483902454376,0.37842169404029846,-0.09414396435022354,0.46921074390411377,0.3807508945465088,-0.09843067824840546,0.3400033712387085,0.5043182373046875,-0.0650833398103714,0.4244070053100586,0.502501904964447,-0.08365412056446075,0.4652337431907654,0.4774410128593445,-0.09584449231624603,0.49436691403388977,0.45299071073532104,-0.10150089859962463,0.34503141045570374,0.524513840675354,-0.03266467899084091,0.4281061291694641,0.5182225704193115,-0.053132064640522,0.451921284198761,0.468483567237854,-0.06126879155635834,0.4587938189506531,0.42283615469932556,-0.0626220628619194,0.3526219427585602,0.5219990611076355,-0.0034617779310792685,0.4239063560962677,0.5041713714599609,-0.023641232401132584,0.4382421672344208,0.45325809717178345,-0.031864412128925323,0.4395586848258972,0.41471168398857117,-0.031981781125068665,0.3600209355354309,0.5096918344497681,0.021769043058156967,0.4098881781101227,0.49123114347457886,0.0025675431825220585,0.4253908395767212,0.45363128185272217,-0.006863746792078018,0.4304865002632141,0.42346444725990295,-0.008501355536282063,Right,0.9907666444778442
4934,115,0,0.7168485522270203,0.42035624384880066,3.92108830737925e-07,0.6860733032226562,0.3640112280845642,-0.02119799330830574,0.6411057710647583,0.34799832105636597,-0.04343511164188385,0.608432412147522,0.3836073875427246,-0.057406578212976456,0.5918481349945068,0.42686501145362854,-0.07330936193466187,0.6791467666625977,0.356914758682251,-0.0896095484495163,0.656244695186615,0.3824833035469055,-0.1169499084353447,0.6341867446899414,0.40319979190826416,-0.12747973203659058,0.6126700043678284,0.4176322817802429,-0.1319674700498581,0.6883643269538879,0.41156530380249023,-0.08769639581441879,0.6197184324264526,0.4465036690235138,-0.11891140043735504,0.5669072270393372,0.4653622508049011,-0.12712490558624268,0.5257747173309326,0.471973180770874,-0.13119304180145264,0.688042938709259,0.46018514037132263,-0.08165726810693741,0.6142224073410034,0.49217337369918823,-0.10770941525697708,0.5632891058921814,0.49519607424736023,-0.11274871975183487,0.5241270065307617,0.48803097009658813,-0.11276667565107346,0.686938464641571,0.5008506178855896,-0.07418349385261536,0.627344012260437,0.5076723098754883,-0.08605287224054337,0.5933835506439209,0.49305886030197144,-0.08356894552707672,0.5696446895599365,0.4746405780315399,-0.08133219927549362,Left,0.9983363747596741
4934,115,1,0.2691877782344818,0.3633236885070801,-3.2343788802791096e-07,0.30917131900787354,0.3536812663078308,-0.05934441462159157,0.3673728406429291,0.36940011382102966,-0.08039726316928864,0.4248715043067932,0.37792181968688965,-0.08797106146812439,0.46926501393318176,0.3784934878349304,-0.09203159809112549,0.3429233133792877,0.5098648071289062,-0.056944478303194046,0.4260011911392212,0.5020958185195923,-0.07388067245483398,0.4651995897293091,0.4738710820674896,-0.08687269687652588,0.4939936399459839,0.4479316473007202,-0.09368451684713364,0.34984391927719116,0.5246263742446899,-0.02613796293735504,0.4297820031642914,0.5169069170951843,-0.0447767898440361,0.4560283124446869,0.47122257947921753,-0.055394187569618225,0.46798282861709595,0.42783379554748535,-0.05929107591509819,0.3571610450744629,0.5179480314254761,0.001654461259022355,0.42499908804893494,0.4945351779460907,-0.0164598748087883,0.43805503845214844,0.44586169719696045,-0.026118973270058632,0.44047364592552185,0.40816953778266907,-0.027959715574979782,0.3632631301879883,0.5017545223236084,0.02551940269768238,0.40980657935142517,0.4755193591117859,0.006980333011597395,0.4227455258369446,0.43596547842025757,-0.0031681375112384558,0.4271693527698517,0.4050888121128082,-0.005506245419383049,Right,0.9876011610031128
4976,116,0,0.7207250595092773,0.41803184151649475,3.228313119052473e-07,0.6895691156387329,0.3678053617477417,-0.024412592872977257,0.6444870829582214,0.35276275873184204,-0.05088300630450249,0.6067371964454651,0.3869960606098175,-0.06820889562368393,0.5861908793449402,0.42476344108581543,-0.08848334103822708,0.6856500506401062,0.3484366834163666,-0.10227794200181961,0.6625926494598389,0.3766469359397888,-0.13391897082328796,0.6351757049560547,0.39824914932250977,-0.1482561081647873,0.6095225214958191,0.4141037166118622,-0.1557530015707016,0.6953532099723816,0.4014546871185303,-0.1013464406132698,0.6209050416946411,0.44507622718811035,-0.13644446432590485,0.5657380223274231,0.467048317193985,-0.14843551814556122,0.5275302529335022,0.47474342584609985,-0.15615209937095642,0.6947631239891052,0.4507877230644226,-0.09577439725399017,0.6155838966369629,0.48764023184776306,-0.1265524923801422,0.559596836566925,0.49341151118278503,-0.13426169753074646,0.5207231044769287,0.4870211184024811,-0.13637903332710266,0.6905832290649414,0.4958512783050537,-0.08864400535821915,0.6266316771507263,0.5048743486404419,-0.1069440245628357,0.5912772417068481,0.4898526668548584,-0.10735480487346649,0.570415735244751,0.4686039388179779,-0.10683730989694595,Left,0.9994366765022278
4976,116,1,0.26809418201446533,0.3630451560020447,-3.344804326843587e-07,0.3078005015850067,0.3531092703342438,-0.060061074793338776,0.3660460412502289,0.36830031871795654,-0.08162562549114227,0.4246252775192261,0.3775584399700165,-0.08938908576965332,0.4695422053337097,0.37981921434402466,-0.0936521366238594,0.34507331252098083,0.5096151828765869,-0.0593840554356575,0.4272841811180115,0.49882638454437256,-0.07662860304117203,0.46532735228538513,0.4686034619808197,-0.0892048254609108,0.49293264746665955,0.44079577922821045,-0.09571686387062073,0.3528629243373871,0.5240501761436462,-0.028198562562465668,0.43380576372146606,0.5159194469451904,-0.046800944954156876,0.4618222415447235,0.469817191362381,-0.05709726735949516,0.4754209518432617,0.4250069260597229,-0.06106322631239891,0.3604107201099396,0.5170163512229919,0.00010348414070904255,0.42825523018836975,0.4928435981273651,-0.01805177889764309,0.4420943260192871,0.4437943994998932,-0.027596311643719673,0.44576016068458557,0.40449583530426025,-0.029680825769901276,0.36594831943511963,0.5006060600280762,0.024448880925774574,0.41200217604637146,0.47320640087127686,0.00511174276471138,0.42495226860046387,0.4328720271587372,-0.005598700139671564,0.43045175075531006,0.40124988555908203,-0.00841799657791853,Right,0.9877369403839111
5018,117,0,0.7175184488296509,0.4250090718269348,2.621455053031241e-07,0.6790110468864441,0.3648717403411865,-0.02293209545314312,0.6368957161903381,0.3477667272090912,-0.048789188265800476,0.6028050184249878,0.3847254812717438,-0.0662604346871376,0.5891786217689514,0.4280755817890167,-0.08734822273254395,0.6824319362640381,0.3535298705101013,-0.0949493795633316,0.6649170517921448,0.3736700415611267,-0.12584498524665833,0.6396932005882263,0.3912716805934906,-0.1419021636247635,0.6163662672042847,0.40569955110549927,-0.15141618251800537,0.6984164118766785,0.40400996804237366,-0.09511473029851913,0.6203048825263977,0.44671398401260376,-0.12775389850139618,0.5621229410171509,0.46459120512008667,-0.1419803500175476,0.5242102742195129,0.47409260272979736,-0.1530330628156662,0.7017533183097839,0.45358917117118835,-0.09079810976982117,0.6167314648628235,0.4918557107448578,-0.11956780403852463,0.5598211288452148,0.4946441352367401,-0.12658298015594482,0.5256547927856445,0.48785150051116943,-0.12903310358524323,0.6975633502006531,0.4961822032928467,-0.08509416878223419,0.6294633746147156,0.5077037811279297,-0.10234607011079788,0.5917460322380066,0.4923217296600342,-0.10208918154239655,0.5718858242034912,0.4728955924510956,-0.10178161412477493,Left,0.9979858994483948
5018,117,1,0.26837533712387085,0.3663908541202545,-4.2607354089341243e-07,0.30795103311538696,0.35385990142822266,-0.058043044060468674,0.36640504002571106,0.3653549253940582,-0.08093816041946411,0.42574062943458557,0.3742193281650543,-0.09064748138189316,0.4707711637020111,0.37749433517456055,-0.0967194139957428,0.34853649139404297,0.5114976167678833,-0.06165654584765434,0.4308406710624695,0.49358677864074707,-0.08284437656402588,0.4671347141265869,0.45663681626319885,-0.09746775776147842,0.4911354184150696,0.42277154326438904,-0.10458570718765259,0.3572048842906952,0.5314565300941467,-0.032813023775815964,0.43992674350738525,0.5149402618408203,-0.054921433329582214,0.46496647596359253,0.4624175429344177,-0.06517660617828369,0.47438082098960876,0.4136240780353546,-0.06844303011894226,0.3664408028125763,0.5292447805404663,-0.006701127626001835,0.4368523359298706,0.5018358826637268,-0.027401307597756386,0.4492134153842926,0.4509718418121338,-0.03521643951535225,0.4508568048477173,0.40961939096450806,-0.035684503614902496,0.3735974133014679,0.5148760080337524,0.01564115658402443,0.4234422743320465,0.48687636852264404,-0.005320208612829447,0.4358329176902771,0.4460282623767853,-0.014587152749300003,0.4406667649745941,0.41482439637184143,-0.015764057636260986,Right,0.9900340437889099
5061,118,0,0.7104598879814148,0.4433382451534271,1.502862545521566e-07,0.6846551299095154,0.37577158212661743,-0.024131162092089653,0.650737464427948,0.35563820600509644,-0.04958429932594299,0.6122161746025085,0.3823073208332062,-0.06827007234096527,0.5884557366371155,0.4131329655647278,-0.08947110176086426,0.6877070069313049,0.3698444366455078,-0.08477698266506195,0.6692456603050232,0.3886847198009491,-0.11503219604492188,0.6464446187019348,0.4107474088668823,-0.1301388293504715,0.6272198557853699,0.42862412333488464,-0.13912813365459442,0.693987250328064,0.41788923740386963,-0.08517730236053467,0.620110809803009,0.45205259323120117,-0.11815071105957031,0.5640252232551575,0.46629801392555237,-0.13259010016918182,0.525938868522644,0.4724341332912445,-0.14397113025188446,0.6895915269851685,0.46391022205352783,-0.08276665955781937,0.6097581386566162,0.48891839385032654,-0.11423678696155548,0.5573721528053284,0.48877501487731934,-0.12230128794908524,0.523495078086853,0.4816322922706604,-0.12542769312858582,0.6814200282096863,0.5017463564872742,-0.07937173545360565,0.6202585697174072,0.5027477741241455,-0.10087910294532776,0.5826232433319092,0.48978522419929504,-0.1032799780368805,0.5586522817611694,0.4771565794944763,-0.10437137633562088,Left,0.9807973504066467
5061,118,1,0.2682381868362427,0.363198459148407,-5.201890758144145e-07,0.3123915493488312,0.3522293269634247,-0.04833028465509415,0.3712949752807617,0.36458688974380493,-0.06762146949768066,0.43042096495628357,0.375448614358902,-0.07601029425859451,0.47375816106796265,0.37624308466911316,-0.08107735216617584,0.34722450375556946,0.5101776123046875,-0.05387827381491661,0.42716503143310547,0.4854172170162201,-0.07293324172496796,0.4637780785560608,0.44564929604530334,-0.08523619920015335,0.4874970018863678,0.411583811044693,-0.09127357602119446,0.35360467433929443,0.5360360145568848,-0.030324256047606468,0.43648844957351685,0.5073921084403992,-0.049936793744564056,0.46683990955352783,0.4556067883968353,-0.05886668711900711,0.482746422290802,0.40931829810142517,-0.06296606361865997,0.3612052798271179,0.5391258001327515,-0.008913055993616581,0.43164512515068054,0.502926766872406,-0.02674201875925064,0.453642874956131,0.4551134407520294,-0.03328784555196762,0.4653387665748596,0.41374877095222473,-0.03489121422171593,0.36655935645103455,0.5268200635910034,0.009337294846773148,0.41643983125686646,0.49610844254493713,-0.008140621706843376,0.43387389183044434,0.4550999402999878,-0.01525829453021288,0.44529014825820923,0.42137381434440613,-0.016428111121058464,Right,0.9915316700935364
5103,119,0,0.7036115527153015,0.4517993628978729,9.702777248321581e-08,0.6910604238510132,0.388174831867218,-0.02996172569692135,0.6609905362129211,0.3604468107223511,-0.057619333267211914,0.6210886836051941,0.3723737299442291,-0.07824192196130753,0.5937307476997375,0.399213582277298,-0.10192973166704178,0.6927083134651184,0.379192590713501,-0.09057842195034027,0.6679338216781616,0.3957350552082062,-0.12480425089597702,0.6399429440498352,0.4093572199344635,-0.14464285969734192,0.6152095794677734,0.42281684279441833,-0.15686209499835968,0.6886819005012512,0.4283471703529358,-0.08808340132236481,0.6246891021728516,0.4546445608139038,-0.12069745361804962,0.5687825083732605,0.46603769063949585,-0.13734838366508484,0.5281400680541992,0.47665366530418396,-0.15197095274925232,0.676780641078949,0.47174450755119324,-0.0838327407836914,0.6121451258659363,0.48860806226730347,-0.1128903180360794,0.5645679235458374,0.4855920374393463,-0.12376131117343903,0.532733678817749,0.48365074396133423,-0.13139179348945618,0.6642893552780151,0.5037261843681335,-0.07971930503845215,0.6164056658744812,0.5040287971496582,-0.10180989652872086,0.5822654962539673,0.49310967326164246,-0.10856157541275024,0.556462824344635,0.4850466847419739,-0.11411365121603012,Left,0.9647698998451233
5103,119,1,0.2737053632736206,0.361294150352478,-4.5689321837016905e-07,0.31368371844291687,0.3509584665298462,-0.051784366369247437,0.3691719174385071,0.3679845631122589,-0.07263127714395523,0.4273727238178253,0.3820836544036865,-0.08171693235635757,0.4708211421966553,0.3816470503807068,-0.0874994546175003,0.344804048538208,0.5054131150245667,-0.05902836099267006,0.42122992873191833,0.48722293972969055,-0.07985242456197739,0.4567561745643616,0.4505460560321808,-0.09199490398168564,0.4792216718196869,0.41658610105514526,-0.09758816659450531,0.3531029522418976,0.5291809439659119,-0.03443526849150658,0.43195658922195435,0.5099799633026123,-0.05614888295531273,0.4628095328807831,0.4623616933822632,-0.06504472345113754,0.47864842414855957,0.41616418957710266,-0.06854718923568726,0.36167314648628235,0.5304303169250488,-0.012415003031492233,0.4298572540283203,0.5038406252861023,-0.03345498442649841,0.4541330933570862,0.4570182263851166,-0.04179265350103378,0.46808838844299316,0.4152190685272217,-0.043929342180490494,0.3674394190311432,0.5169675350189209,0.006465930957347155,0.41633161902427673,0.4935702085494995,-0.013638879172503948,0.43473127484321594,0.4550546407699585,-0.02266426384449005,0.44786110520362854,0.4227701425552368,-0.025074219331145287,Right,0.9923083782196045
5143,120,0,0.7021989822387695,0.4561324417591095,7.735233964467625e-08,0.689475417137146,0.3917117714881897,-0.0288351122289896,0.6574161052703857,0.36403167247772217,-0.05409863218665123,0.618244469165802,0.37280353903770447,-0.07237882167100906,0.5899674892425537,0.3953874707221985,-0.09326040744781494,0.6854026317596436,0.37837138772010803,-0.08410635590553284,0.6700541377067566,0.3976471424102783,-0.11435775458812714,0.6482059955596924,0.4140486419200897,-0.13148468732833862,0.628902018070221,0.4266323149204254,-0.14202767610549927,0.6837286353111267,0.42734476923942566,-0.08082068711519241,0.622291088104248,0.4599696397781372,-0.11122950166463852,0.5674664974212646,0.47203806042671204,-0.12649768590927124,0.5279627442359924,0.4829005002975464,-0.1401551216840744,0.6736338138580322,0.47223711013793945,-0.07566788047552109,0.6107606291770935,0.49104100465774536,-0.10307937115430832,0.5672928690910339,0.483103483915329,-0.11130347847938538,0.5397319197654724,0.4764000475406647,-0.11678826808929443,0.6625319123268127,0.5046038031578064,-0.07046256214380264,0.6153729557991028,0.5031723976135254,-0.09050380438566208,0.5867547392845154,0.487501323223114,-0.09409460425376892,0.5670374035835266,0.4744338393211365,-0.09706180542707443,Left,0.97111976146698
5143,120,1,0.2776179909706116,0.35915395617485046,-4.7218188115039084e-07,0.31878039240837097,0.3503541946411133,-0.05039169266819954,0.37356847524642944,0.37256669998168945,-0.06974688917398453,0.4294017553329468,0.390011727809906,-0.07734261453151703,0.4705924689769745,0.38961952924728394,-0.08176985383033752,0.3425789773464203,0.5066989064216614,-0.05786674842238426,0.41663235425949097,0.491280198097229,-0.07798776775598526,0.4516534209251404,0.45687341690063477,-0.08951614797115326,0.47543078660964966,0.4244908392429352,-0.09483183920383453,0.3513915538787842,0.5307409167289734,-0.03383992239832878,0.42917880415916443,0.5114985704421997,-0.05544896051287651,0.46087437868118286,0.46405255794525146,-0.06471081078052521,0.4785701632499695,0.4190526008605957,-0.06836514919996262,0.3607133626937866,0.5327834486961365,-0.012200653553009033,0.4278447926044464,0.5049045085906982,-0.0332537405192852,0.452451229095459,0.45896586775779724,-0.0423414446413517,0.46763816475868225,0.4188673496246338,-0.044939592480659485,0.367084801197052,0.5193783640861511,0.006463014520704746,0.41495731472969055,0.49498993158340454,-0.013489880599081516,0.43311643600463867,0.45737898349761963,-0.022806541994214058,0.44676560163497925,0.42634227871894836,-0.02546941302716732,Right,0.9921468496322632
5186,121,0,0.7042008638381958,0.46071529388427734,9.06798476307813e-08,0.6950051784515381,0.40051841735839844,-0.035903383046388626,0.6637307405471802,0.37685951590538025,-0.06434843689203262,0.6238107085227966,0.3848620653152466,-0.08386807888746262,0.5972212553024292,0.410860538482666,-0.1051350012421608,0.6909789443016052,0.38869503140449524,-0.09572438895702362,0.6564533114433289,0.40008124709129333,-0.12543636560440063,0.6278563737869263,0.41782060265541077,-0.1388537585735321,0.604784369468689,0.42941948771476746,-0.1475141942501068,0.6824612617492676,0.4307269752025604,-0.08820173889398575,0.6217402815818787,0.46427100896835327,-0.12179388850927353,0.5731911063194275,0.4793858826160431,-0.13783080875873566,0.5369501113891602,0.48897257447242737,-0.15188458561897278,0.6660239696502686,0.46990153193473816,-0.07875823974609375,0.605783224105835,0.4904923439025879,-0.10915256291627884,0.5630452036857605,0.48758387565612793,-0.12049992382526398,0.5329537987709045,0.4858071506023407,-0.12828469276428223,0.6502518653869629,0.49683380126953125,-0.0694979652762413,0.6043992638587952,0.4970676898956299,-0.0930442288517952,0.5771542191505432,0.4892667233943939,-0.10063967108726501,0.555411696434021,0.48366931080818176,-0.10644274950027466,Left,0.7811075448989868
5186,121,1,0.28235703706741333,0.35857105255126953,-5.068848167866236e-07,0.3252007067203522,0.3453983664512634,-0.04668639600276947,0.37606218457221985,0.3685298264026642,-0.06583097577095032,0.42820483446121216,0.3937433063983917,-0.07357576489448547,0.46998098492622375,0.3986038863658905,-0.07813707739114761,0.3382353186607361,0.49553564190864563,-0.06326960027217865,0.41370272636413574,0.48856934905052185,-0.08194507658481598,0.45142364501953125,0.4579106867313385,-0.08952735364437103,0.4772496819496155,0.4273417592048645,-0.0921696275472641,0.34494322538375854,0.525509238243103,-0.04148498922586441,0.4259940981864929,0.5106140971183777,-0.06215612590312958,0.46155065298080444,0.46515247225761414,-0.06884225457906723,0.48188963532447815,0.42200514674186707,-0.07135460525751114,0.35430556535720825,0.532997727394104,-0.020998355001211166,0.42622822523117065,0.5086082220077515,-0.04056521877646446,0.4531031548976898,0.46451959013938904,-0.047089867293834686,0.4690187871456146,0.42617669701576233,-0.04888511076569557,0.3626936674118042,0.5231761336326599,-0.003124187933281064,0.41365954279899597,0.5024494528770447,-0.02238059975206852,0.43444401025772095,0.4661003351211548,-0.030350489541888237,0.44862663745880127,0.4355350732803345,-0.03249228000640869,Right,0.9938573241233826
5228,122,0,0.696543276309967,0.47062796354293823,8.503551640615115e-08,0.689834713935852,0.4013446867465973,-0.027956992387771606,0.6610674858093262,0.3749852478504181,-0.05113302171230316,0.6231895089149475,0.380575031042099,-0.06659943610429764,0.5977023243904114,0.40330880880355835,-0.08392979949712753,0.6951016783714294,0.39747315645217896,-0.08600059896707535,0.6784889698028564,0.41894176602363586,-0.11418931186199188,0.6532800197601318,0.43233805894851685,-0.12907680869102478,0.6289470195770264,0.4415470063686371,-0.1388559192419052,0.6835207939147949,0.4437023103237152,-0.0816388949751854,0.6267729997634888,0.47254830598831177,-0.1112031564116478,0.573189914226532,0.48029252886772156,-0.12480998039245605,0.5369587540626526,0.4870645999908447,-0.13723863661289215,0.66382896900177,0.48427268862724304,-0.07493201643228531,0.60209721326828,0.49977752566337585,-0.10212558507919312,0.5584980845451355,0.49276527762413025,-0.11183854192495346,0.5314991474151611,0.48839861154556274,-0.11800691485404968,0.6464663743972778,0.512763500213623,-0.06802504509687424,0.600516676902771,0.505293607711792,-0.08803018182516098,0.5695338845252991,0.4917382001876831,-0.09383663535118103,0.5482804179191589,0.4825112223625183,-0.09832973033189774,Left,0.9307655096054077
5228,122,1,0.2967352569103241,0.3575420677661896,-4.768879193761677e-07,0.335459440946579,0.3322743773460388,-0.05176553875207901,0.38243040442466736,0.3542109727859497,-0.0757785215973854,0.4306927025318146,0.39161598682403564,-0.08556442707777023,0.4735913872718811,0.40222132205963135,-0.09193114936351776,0.3265509605407715,0.4629436731338501,-0.09173205494880676,0.4045034945011139,0.47499334812164307,-0.11186095327138901,0.44779172539711,0.45415598154067993,-0.11478620767593384,0.47886553406715393,0.43106040358543396,-0.11418042331933975,0.32816940546035767,0.5083449482917786,-0.06742703169584274,0.4139489233493805,0.5075055956840515,-0.08874508738517761,0.45705726742744446,0.47107768058776855,-0.08981215208768845,0.48271268606185913,0.43193477392196655,-0.08983876556158066,0.3375856578350067,0.5299719572067261,-0.04289989545941353,0.4147796332836151,0.5166856646537781,-0.06149658188223839,0.4496714472770691,0.4787066876888275,-0.06287255138158798,0.47023963928222656,0.4407297670841217,-0.062858946621418,0.3496449589729309,0.532729983329773,-0.02105768583714962,0.4046768844127655,0.5211302638053894,-0.038925521075725555,0.4331386387348175,0.4856400191783905,-0.044004276394844055,0.45125386118888855,0.45267605781555176,-0.04539449140429497,Right,0.9953778982162476
5272,123,0,0.6624348759651184,0.4510200321674347,9.618371166197903e-08,0.6645695567131042,0.3886609971523285,-0.035507820546627045,0.6477108597755432,0.372589111328125,-0.06589522957801819,0.6144408583641052,0.38967087864875793,-0.08760228008031845,0.5893451571464539,0.41795629262924194,-0.1100943312048912,0.6827036738395691,0.40388455986976624,-0.10265131294727325,0.6637254953384399,0.4438342750072479,-0.13774193823337555,0.6473544836044312,0.4603862464427948,-0.15392999351024628,0.6338979005813599,0.4692225456237793,-0.1628599762916565,0.6754059195518494,0.4534628987312317,-0.09668762981891632,0.6155569553375244,0.48697271943092346,-0.13628336787223816,0.5601101517677307,0.49074292182922363,-0.15064235031604767,0.5210918188095093,0.4916500449180603,-0.16242891550064087,0.6562318205833435,0.49211668968200684,-0.08823653310537338,0.5926521420478821,0.5054347515106201,-0.1231129989027977,0.5487734079360962,0.4944353699684143,-0.12799054384231567,0.5211170315742493,0.48418447375297546,-0.12897063791751862,0.6386232972145081,0.5161103010177612,-0.08030405640602112,0.5938523411750793,0.5046212673187256,-0.10030143707990646,0.5639454126358032,0.48913270235061646,-0.09948839992284775,0.5439231395721436,0.47843989729881287,-0.09909171611070633,Left,0.6861061453819275
5272,123,1,0.3008022606372833,0.36530065536499023,-4.51402343060181e-07,0.3368788957595825,0.33451494574546814,-0.06267116218805313,0.3842110335826874,0.35277876257896423,-0.0934194028377533,0.43172314763069153,0.3911445736885071,-0.10692770034074783,0.47354528307914734,0.4109826385974884,-0.11697490513324738,0.3238683044910431,0.4574485719203949,-0.11115319281816483,0.4009338617324829,0.470054030418396,-0.13688409328460693,0.4441712200641632,0.45551836490631104,-0.14203348755836487,0.478127658367157,0.44004979729652405,-0.14278769493103027,0.32588067650794983,0.5072072744369507,-0.0823369026184082,0.41328394412994385,0.5048432946205139,-0.10879857838153839,0.4566623568534851,0.4685381054878235,-0.11041298508644104,0.48357462882995605,0.4335690140724182,-0.11045275628566742,0.3369176685810089,0.5325298309326172,-0.0535532645881176,0.4155501127243042,0.513495147228241,-0.07790596783161163,0.4507524371147156,0.47334760427474976,-0.08075158298015594,0.4718296527862549,0.43923890590667725,-0.08132873475551605,0.3506280779838562,0.5381608009338379,-0.02788727730512619,0.404460072517395,0.5163101553916931,-0.05051727220416069,0.4337110221385956,0.4797767102718353,-0.05782012641429901,0.4533965587615967,0.4525524377822876,-0.060543693602085114,Right,0.9968612790107727
5314,124,0,0.701607882976532,0.411185085773468,-1.8059790818369947e-07,0.689605176448822,0.3987410068511963,-0.029539305716753006,0.6632428169250488,0.4099141061306,-0.06369860470294952,0.6379302144050598,0.44751420617103577,-0.09249439090490341,0.6269109845161438,0.47460898756980896,-0.12245414406061172,0.658782958984375,0.41494181752204895,-0.10163296014070511,0.6106370091438293,0.450745165348053,-0.14240941405296326,0.5788725018501282,0.4699287712574005,-0.17224614322185516,0.5536361336708069,0.4775363802909851,-0.19067206978797913,0.6540944576263428,0.43212375044822693,-0.10105639696121216,0.5992074012756348,0.4657696783542633,-0.14931128919124603,0.5612147450447083,0.47972577810287476,-0.17485535144805908,0.5351295471191406,0.4876566231250763,-0.19196656346321106,0.6532683968544006,0.4474999010562897,-0.09657972306013107,0.6064047813415527,0.47926008701324463,-0.13088452816009521,0.5845749378204346,0.4914301037788391,-0.1398935467004776,0.5675575137138367,0.4967299997806549,-0.144118532538414,0.6543498039245605,0.4610677659511566,-0.09278018027544022,0.6332401037216187,0.4779094457626343,-0.10942243784666061,0.6288396120071411,0.4851168990135193,-0.10897984355688095,0.6277682781219482,0.4834127426147461,-0.10981564223766327,Left,0.9172347784042358
5314,124,1,0.30528682470321655,0.3622739911079407,-4.325462725773832e-07,0.34084612131118774,0.3329044580459595,-0.0625610277056694,0.38753238320350647,0.35075971484184265,-0.09388317167758942,0.4342444837093353,0.3893139958381653,-0.10787413269281387,0.47475388646125793,0.41187164187431335,-0.11843923479318619,0.32314199209213257,0.44769856333732605,-0.11382395774126053,0.40022557973861694,0.46675777435302734,-0.14068832993507385,0.44471126794815063,0.45424318313598633,-0.1464240401983261,0.479484885931015,0.4394560158252716,-0.1474681943655014,0.3237404227256775,0.4976479113101959,-0.08502833545207977,0.41062062978744507,0.5030972957611084,-0.11142019927501678,0.4549742043018341,0.4710271656513214,-0.11270241439342499,0.4827871322631836,0.43895670771598816,-0.11289544403553009,0.3341009318828583,0.5229435563087463,-0.05613234266638756,0.41276389360427856,0.5123439431190491,-0.08036234229803085,0.44865989685058594,0.47581708431243896,-0.08257753401994705,0.4704461693763733,0.4445428252220154,-0.0830175131559372,0.34757503867149353,0.5287424325942993,-0.03025226667523384,0.4017167091369629,0.5122917294502258,-0.053018007427453995,0.43168526887893677,0.4792143404483795,-0.060095954686403275,0.45165443420410156,0.45450690388679504,-0.06279326975345612,Right,0.9972476959228516
5358,125,0,0.7160188555717468,0.4456459879875183,6.750095735696959e-07,0.6929765343666077,0.38657042384147644,-0.041991326957941055,0.6531640291213989,0.37716609239578247,-0.06771504133939743,0.6177423000335693,0.404319167137146,-0.08218246698379517,0.5970607399940491,0.4411448538303375,-0.09634990990161896,0.6787035465240479,0.4325522482395172,-0.0960034430027008,0.635751485824585,0.4674834907054901,-0.12851400673389435,0.5929448008537292,0.4891524910926819,-0.14368602633476257,0.558705747127533,0.5019420981407166,-0.15094728767871857,0.6785086393356323,0.48155316710472107,-0.08149926364421844,0.6178103685379028,0.49721869826316833,-0.10882414132356644,0.5650452971458435,0.49824708700180054,-0.11469903588294983,0.5259051322937012,0.4900251030921936,-0.11746846139431,0.6750690937042236,0.5134498476982117,-0.06627094000577927,0.6138264536857605,0.5161247253417969,-0.08732084929943085,0.5687649250030518,0.5036084651947021,-0.09137166291475296,0.5377139449119568,0.48586538434028625,-0.09220239520072937,0.670807421207428,0.5285776257514954,-0.05301385745406151,0.623386800289154,0.5219852328300476,-0.06901435554027557,0.5885254144668579,0.5091738104820251,-0.07391159236431122,0.5626569986343384,0.4948866367340088,-0.07572927325963974,Left,0.9937449097633362
5358,125,1,0.3033435046672821,0.3616931736469269,-4.141632246046356e-07,0.33919674158096313,0.3295917510986328,-0.0638454407453537,0.38528746366500854,0.348364919424057,-0.09449222683906555,0.43050456047058105,0.3886566758155823,-0.10789985209703445,0.47060543298721313,0.41371968388557434,-0.11789657175540924,0.3247397243976593,0.4471393823623657,-0.10976225882768631,0.40196776390075684,0.4650990068912506,-0.1375805288553238,0.44657254219055176,0.4521127939224243,-0.14495737850666046,0.48100799322128296,0.43701493740081787,-0.14709119498729706,0.32605645060539246,0.4959909915924072,-0.08108903467655182,0.41038626432418823,0.504499614238739,-0.10886746644973755,0.45557770133018494,0.47248518466949463,-0.11155705153942108,0.4845552146434784,0.43976280093193054,-0.1118532121181488,0.337007999420166,0.5188002586364746,-0.05293741822242737,0.4133979082107544,0.5110971331596375,-0.07891632616519928,0.4501563608646393,0.4745008051395416,-0.08189481496810913,0.4723750352859497,0.44324105978012085,-0.08189588040113449,0.3509403467178345,0.5209469795227051,-0.02804039604961872,0.4048672616481781,0.5037837028503418,-0.053161293268203735,0.4351733922958374,0.4714188575744629,-0.06136550009250641,0.4552071690559387,0.4473890960216522,-0.06394170969724655,Right,0.9978749752044678
5403,126,0,0.7225711345672607,0.4563831686973572,7.475610459550808e-07,0.7032385468482971,0.3962060213088989,-0.05007315054535866,0.6651383638381958,0.3760027289390564,-0.07786548137664795,0.6269314289093018,0.3916311264038086,-0.0926508754491806,0.5984311699867249,0.4123210906982422,-0.10579012334346771,0.6735108494758606,0.4580264389514923,-0.09742603451013565,0.6194830536842346,0.48451167345046997,-0.12854453921318054,0.5733170509338379,0.49590009450912476,-0.14306963980197906,0.5387243032455444,0.49944135546684265,-0.14999404549598694,0.6690290570259094,0.5021213889122009,-0.07701650261878967,0.6038660407066345,0.5039109587669373,-0.10238102078437805,0.5564937591552734,0.4934845566749573,-0.10719725489616394,0.5240930914878845,0.4788570702075958,-0.10903158783912659,0.6630585789680481,0.5259495377540588,-0.05681900307536125,0.6034825444221497,0.5189089179039001,-0.07598121464252472,0.562484622001648,0.5038100481033325,-0.07924184203147888,0.5350133776664734,0.4867097735404968,-0.07998465746641159,0.6583591103553772,0.5340694189071655,-0.03946097940206528,0.6109751462936401,0.5253818035125732,-0.05515296384692192,0.5797106623649597,0.512933611869812,-0.060292817652225494,0.5583614706993103,0.49944013357162476,-0.061983756721019745,Left,0.996161699295044
5403,126,1,0.29992854595184326,0.35748523473739624,-3.437478994783305e-07,0.33666345477104187,0.3271632194519043,-0.06286147236824036,0.38450103998184204,0.34456831216812134,-0.09365915507078171,0.43574708700180054,0.37894678115844727,-0.10837456583976746,0.48001009225845337,0.39598092436790466,-0.12012646347284317,0.32775452733039856,0.448220819234848,-0.10249992460012436,0.4038519263267517,0.4606846272945404,-0.12957008183002472,0.4467458128929138,0.4454919993877411,-0.13974440097808838,0.4794350862503052,0.430636465549469,-0.14460258185863495,0.3306538164615631,0.49530595541000366,-0.07496114075183868,0.41037246584892273,0.5077126622200012,-0.10208547115325928,0.4567289352416992,0.47922974824905396,-0.10786695778369904,0.4874180257320404,0.44929325580596924,-0.11108589917421341,0.34119391441345215,0.5149297714233398,-0.04817584902048111,0.41332557797431946,0.514938473701477,-0.07347149401903152,0.4523913264274597,0.4818798303604126,-0.07894992083311081,0.47682464122772217,0.451921671628952,-0.08136086165904999,0.3547358214855194,0.5144170522689819,-0.024644674733281136,0.40553346276283264,0.5053819417953491,-0.048453256487846375,0.4364033043384552,0.4749341309070587,-0.05690763518214226,0.45712870359420776,0.44984230399131775,-0.06048675626516342,Right,0.9986074566841125
5450,127,0,0.7230298519134521,0.45249655842781067,7.059147151267098e-07,0.70218425989151,0.3920117914676666,-0.0504111647605896,0.6652578711509705,0.3728128969669342,-0.07867363095283508,0.6289425492286682,0.39449506998062134,-0.0939907506108284,0.5992130637168884,0.42071864008903503,-0.10767271369695663,0.6805368661880493,0.45948147773742676,-0.10050040483474731,0.6343067288398743,0.4842787981033325,-0.1317112147808075,0.5921706557273865,0.5030030012130737,-0.14562645554542542,0.5588305592536926,0.5134019255638123,-0.15270306169986725,0.6734509468078613,0.5055174231529236,-0.07992830127477646,0.6087347865104675,0.5069854259490967,-0.10610829293727875,0.561862587928772,0.49396970868110657,-0.10950517654418945,0.5307634472846985,0.47514551877975464,-0.11048028618097305,0.6649031043052673,0.5278789401054382,-0.05941400304436684,0.6065645813941956,0.5228790640830994,-0.07975544780492783,0.5670635104179382,0.505893886089325,-0.08146537095308304,0.5422937273979187,0.4859069585800171,-0.08108196407556534,0.6583293676376343,0.5337831974029541,-0.04181837663054466,0.6129533052444458,0.5282091498374939,-0.057245977222919464,0.5852728486061096,0.5142466425895691,-0.06111832335591316,0.5679405331611633,0.49974578619003296,-0.062265750020742416,Left,0.9969651103019714
5450,127,1,0.29499584436416626,0.35603970289230347,-3.5717243918043096e-07,0.33263856172561646,0.3248881995677948,-0.06339648365974426,0.3840949833393097,0.34044149518013,-0.09431197494268417,0.4373838007450104,0.3749682903289795,-0.10867728292942047,0.4814697802066803,0.392569363117218,-0.11970365047454834,0.32689914107322693,0.4455844759941101,-0.10684718936681747,0.40632107853889465,0.4571186900138855,-0.13272035121917725,0.4489591717720032,0.4398524761199951,-0.14044241607189178,0.4809121787548065,0.42397341132164,-0.14370134472846985,0.33010298013687134,0.49437737464904785,-0.07884006202220917,0.41266942024230957,0.5083006024360657,-0.1060539036989212,0.4587482810020447,0.47786709666252136,-0.11114946007728577,0.48792019486427307,0.4465806186199188,-0.11398788541555405,0.33999282121658325,0.5150370001792908,-0.05102335661649704,0.4126013219356537,0.5202290415763855,-0.07674060016870499,0.45293474197387695,0.4865233302116394,-0.08240684121847153,0.4776862561702728,0.4547138810157776,-0.0849444717168808,0.3526107370853424,0.5157008171081543,-0.026199787855148315,0.403728187084198,0.5119755268096924,-0.05073435604572296,0.43518349528312683,0.48207494616508484,-0.059626366943120956,0.4561745822429657,0.45642510056495667,-0.06348155438899994,Right,0.998264491558075
5493,128,0,0.7254728078842163,0.450082927942276,7.301894697775424e-07,0.7052627205848694,0.39230912923812866,-0.052969515323638916,0.6681517958641052,0.3728020191192627,-0.0819774940609932,0.6320300698280334,0.39001837372779846,-0.0973544493317604,0.6024832129478455,0.41507890820503235,-0.11072081327438354,0.6780477166175842,0.4645949900150299,-0.10123717039823532,0.6288784742355347,0.4866909980773926,-0.13236713409423828,0.5856145620346069,0.4983656704425812,-0.1467653512954712,0.5494701862335205,0.5011915564537048,-0.15374210476875305,0.6714774370193481,0.5096355080604553,-0.07840901613235474,0.6057586669921875,0.5106160640716553,-0.10250625759363174,0.5594303607940674,0.49512597918510437,-0.10535947978496552,0.5278397798538208,0.4737880527973175,-0.10613545030355453,0.6633980870246887,0.5300741791725159,-0.055863168090581894,0.6031392216682434,0.5237582325935364,-0.07492920011281967,0.5655443668365479,0.50582355260849,-0.07659444957971573,0.541717529296875,0.48445621132850647,-0.07633822411298752,0.6575393676757812,0.5344550013542175,-0.03647726774215698,0.6117093563079834,0.5267252922058105,-0.05229306221008301,0.5856868028640747,0.5104089379310608,-0.05667506158351898,0.5688879489898682,0.4931555390357971,-0.05777720734477043,Left,0.9973641633987427
5493,128,1,0.29928484559059143,0.3508950471878052,-3.8837788451928645e-07,0.3391229808330536,0.32309436798095703,-0.060973186045885086,0.38977617025375366,0.3409099578857422,-0.09053658694028854,0.4422890543937683,0.3760509192943573,-0.10384683310985565,0.48607534170150757,0.3908008337020874,-0.11381048709154129,0.3274509012699127,0.44321998953819275,-0.10732468217611313,0.40797293186187744,0.45455560088157654,-0.13039818406105042,0.4509686827659607,0.43829160928726196,-0.13485360145568848,0.4840109050273895,0.422961562871933,-0.13587771356105804,0.3283708095550537,0.49352285265922546,-0.07942262291908264,0.41218864917755127,0.504848837852478,-0.10420592129230499,0.45771804451942444,0.4771265983581543,-0.10702533274888992,0.4863802194595337,0.4472111463546753,-0.10883761942386627,0.3367455005645752,0.5176655650138855,-0.05114974454045296,0.40962448716163635,0.5212723612785339,-0.0748550072312355,0.44919854402542114,0.491682767868042,-0.07943970710039139,0.4739929139614105,0.46131762862205505,-0.08157555013895035,0.34851324558258057,0.5227552652359009,-0.025651078671216965,0.3978501856327057,0.523571789264679,-0.048218656331300735,0.4275948703289032,0.49565112590789795,-0.055828336626291275,0.447595477104187,0.4690639078617096,-0.05909440293908119,Right,0.9971240758895874
5535,129,0,0.7284049391746521,0.4491291046142578,7.068060767778661e-07,0.7069749236106873,0.39192450046539307,-0.05162202939391136,0.6680261492729187,0.37120020389556885,-0.07935204356908798,0.6310630440711975,0.3874891400337219,-0.0936153307557106,0.5992127060890198,0.412198930978775,-0.10561402887105942,0.6766397356987,0.4698171019554138,-0.09649252146482468,0.6230844259262085,0.48874813318252563,-0.1242951974272728,0.5803520679473877,0.49597612023353577,-0.13619104027748108,0.5452728271484375,0.4961356222629547,-0.14162245392799377,0.6710535883903503,0.5143568515777588,-0.07379140704870224,0.6037470698356628,0.5122126340866089,-0.09372618049383163,0.5596786737442017,0.4943980872631073,-0.09398213773965836,0.5303089618682861,0.47337695956230164,-0.09340599179267883,0.6635388135910034,0.5328395962715149,-0.051443565636873245,0.6038954854011536,0.5261818766593933,-0.06703896075487137,0.5690513849258423,0.5064186453819275,-0.06575387716293335,0.5476059317588806,0.48432427644729614,-0.06412758678197861,0.6576852202415466,0.5355343222618103,-0.03238796815276146,0.6130235195159912,0.5294349193572998,-0.04576294869184494,0.5886492133140564,0.5114589333534241,-0.047852564603090286,0.573462963104248,0.4918934106826782,-0.04751530662178993,Left,0.9973951578140259
5535,129,1,0.2988450229167938,0.35468214750289917,-4.077879509623017e-07,0.3373781740665436,0.3238777220249176,-0.0636085718870163,0.38852205872535706,0.3408214747905731,-0.09489919990301132,0.4417543411254883,0.37551164627075195,-0.10927572101354599,0.4856656789779663,0.39115574955940247,-0.12049401551485062,0.3274890184402466,0.4421513080596924,-0.11180229485034943,0.4080471098423004,0.4541884660720825,-0.13774776458740234,0.45122030377388,0.4370158016681671,-0.14394232630729675,0.4837115406990051,0.41965335607528687,-0.14576564729213715,0.32971373200416565,0.4941011071205139,-0.08342801779508591,0.4141285717487335,0.5058020949363708,-0.11111393570899963,0.4600936770439148,0.47397446632385254,-0.11509857326745987,0.48900046944618225,0.4402295649051666,-0.11692360043525696,0.33920949697494507,0.5189225077629089,-0.054874956607818604,0.4134019911289215,0.5190322399139404,-0.08080968260765076,0.45335936546325684,0.4853564202785492,-0.08630155026912689,0.478180855512619,0.4535560607910156,-0.088716059923172,0.35167884826660156,0.5240108370780945,-0.029137995094060898,0.40298134088516235,0.5199633836746216,-0.05329976975917816,0.43445029854774475,0.48904645442962646,-0.06142010539770126,0.4559982419013977,0.462425172328949,-0.06476179510354996,Right,0.9975810050964355
5580,130,0,0.7320169806480408,0.451050728559494,6.691801104352635e-07,0.7107981443405151,0.3945334553718567,-0.047617316246032715,0.6707051396369934,0.3734280467033386,-0.0730871930718422,0.6314420700073242,0.38781067728996277,-0.08598550409078598,0.5973859429359436,0.40813830494880676,-0.09656036645174026,0.6757199764251709,0.4690680503845215,-0.08825164288282394,0.6189199686050415,0.48950469493865967,-0.11405903846025467,0.5757989287376404,0.4934595823287964,-0.12467794120311737,0.5413450002670288,0.4910077154636383,-0.12901954352855682,0.6698761582374573,0.5128490924835205,-0.06713210046291351,0.6025248169898987,0.5114448070526123,-0.08469091355800629,0.5596365332603455,0.4938300549983978,-0.08477947860956192,0.5314051508903503,0.4741223156452179,-0.08425977826118469,0.6632051467895508,0.5313737988471985,-0.04634210467338562,0.6054564118385315,0.5264073014259338,-0.05987216904759407,0.5714012980461121,0.5078209638595581,-0.05879754573106766,0.5509883165359497,0.48645925521850586,-0.05749836564064026,0.6584470272064209,0.5349476337432861,-0.02852344512939453,0.6146259903907776,0.5326400399208069,-0.03943686559796333,0.59103924036026,0.5166882276535034,-0.04033515974879265,0.5777505040168762,0.4983052909374237,-0.039322562515735626,Left,0.995434045791626
5580,130,1,0.3034341335296631,0.3542075753211975,-4.294953441785765e-07,0.3447093963623047,0.32357367873191833,-0.06081070005893707,0.39681708812713623,0.341511607170105,-0.09139358997344971,0.4482618272304535,0.3789636790752411,-0.10493757575750351,0.4907870590686798,0.3993460536003113,-0.11529385298490524,0.3267604112625122,0.4298487901687622,-0.11853130161762238,0.4110519587993622,0.44677379727363586,-0.14335526525974274,0.4561730623245239,0.43105366826057434,-0.14675898849964142,0.4895520806312561,0.41437995433807373,-0.14689680933952332,0.32769137620925903,0.483826607465744,-0.09115305542945862,0.4173530042171478,0.49883192777633667,-0.11714348196983337,0.4635697305202484,0.4696123003959656,-0.11817950755357742,0.49132102727890015,0.43838241696357727,-0.11919179558753967,0.33663758635520935,0.5115827322006226,-0.06256362795829773,0.41533493995666504,0.5161988139152527,-0.08619774878025055,0.45409756898880005,0.4837523102760315,-0.08837141841650009,0.47683095932006836,0.453875869512558,-0.08976351469755173,0.3490622639656067,0.5201965570449829,-0.03658347949385643,0.4025040864944458,0.5200580954551697,-0.059422168880701065,0.43425244092941284,0.4896945655345917,-0.06603632867336273,0.45449429750442505,0.4633917212486267,-0.06914239376783371,Right,0.9968977570533752
5621,131,0,0.7300504446029663,0.4501038193702698,6.959219831514929e-07,0.7102168798446655,0.3906453549861908,-0.050491150468587875,0.6689907312393188,0.3725630044937134,-0.07677733898162842,0.627784013748169,0.39072704315185547,-0.08946575224399567,0.592988908290863,0.41061943769454956,-0.09969323873519897,0.6794863343238831,0.4706382155418396,-0.09613638371229172,0.6257221698760986,0.4934004247188568,-0.12412700802087784,0.5814111232757568,0.49940431118011475,-0.13533920049667358,0.546355664730072,0.49577796459198,-0.1394953727722168,0.6723841428756714,0.5160732865333557,-0.07247963547706604,0.604956328868866,0.513674259185791,-0.09046231210231781,0.5611792802810669,0.4933861196041107,-0.08890221267938614,0.5340800285339355,0.4697493314743042,-0.08696021884679794,0.6643176674842834,0.5344303250312805,-0.04898901656270027,0.6056509613990784,0.5261353850364685,-0.06369121372699738,0.5711076259613037,0.5039944648742676,-0.062211014330387115,0.5518025755882263,0.4798547625541687,-0.06008406728506088,0.6586434245109558,0.5372775197029114,-0.028416091576218605,0.6137117147445679,0.5303306579589844,-0.040490370243787766,0.58905428647995,0.5108166933059692,-0.041653431951999664,0.5755006670951843,0.489638090133667,-0.040396906435489655,Left,0.997480034828186
5621,131,1,0.30580687522888184,0.35779184103012085,-4.242911302299035e-07,0.347842812538147,0.3264947235584259,-0.059551939368247986,0.3989226222038269,0.34244051575660706,-0.0920598953962326,0.44704094529151917,0.37989455461502075,-0.10756729543209076,0.4871225953102112,0.4025649130344391,-0.1203400194644928,0.32727769017219543,0.4152401089668274,-0.1274941861629486,0.4126843512058258,0.43299609422683716,-0.1555568277835846,0.45996296405792236,0.4220294654369354,-0.15890814363956451,0.49606654047966003,0.40878531336784363,-0.1582893282175064,0.32453399896621704,0.47069448232650757,-0.1021837443113327,0.41724586486816406,0.49227243661880493,-0.13225781917572021,0.46949493885040283,0.4672919511795044,-0.13297797739505768,0.5034586191177368,0.43938973546028137,-0.13299746811389923,0.33083388209342957,0.5024676322937012,-0.07503677904605865,0.41300463676452637,0.5137141346931458,-0.10201652348041534,0.4575176239013672,0.485068142414093,-0.10356152802705765,0.4851810336112976,0.45963114500045776,-0.10372324287891388,0.3420630097389221,0.5162743926048279,-0.050068166106939316,0.3969184458255768,0.5227978825569153,-0.07308405637741089,0.43254387378692627,0.49611133337020874,-0.0780700072646141,0.4561581611633301,0.47219669818878174,-0.07999388128519058,Right,0.9977934956550598
5663,132,0,0.7268243432044983,0.4450012445449829,6.655024549218069e-07,0.7071216106414795,0.3862118124961853,-0.050535306334495544,0.6653760671615601,0.37198248505592346,-0.07720017433166504,0.622661828994751,0.39015108346939087,-0.09045153111219406,0.5879883170127869,0.4095662236213684,-0.10106363892555237,0.6916238069534302,0.4689437448978424,-0.09905658662319183,0.6515694856643677,0.49674299359321594,-0.13020960986614227,0.6124542355537415,0.5102278590202332,-0.1435992270708084,0.581379234790802,0.5148205757141113,-0.1497117429971695,0.6812854409217834,0.5132122039794922,-0.07700477540493011,0.6115195155143738,0.5116493105888367,-0.09982378035783768,0.5638580918312073,0.4910813570022583,-0.10033762454986572,0.5326588153839111,0.4667728543281555,-0.09978751838207245,0.6691864132881165,0.5315352082252502,-0.055385325103998184,0.6072400808334351,0.5264860391616821,-0.07710336148738861,0.5686702132225037,0.5023807883262634,-0.07935720682144165,0.545699954032898,0.4764546751976013,-0.07889255881309509,0.659162163734436,0.5333337187767029,-0.03622264415025711,0.6122910380363464,0.5277255773544312,-0.05460945516824722,0.5855726599693298,0.5069159865379333,-0.05900422856211662,0.5696775317192078,0.48550865054130554,-0.05969349667429924,Left,0.9941996932029724
5663,132,1,0.30399686098098755,0.3556506931781769,-4.79589232327271e-07,0.3493571877479553,0.32218310236930847,-0.05102228373289108,0.4021509289741516,0.33692610263824463,-0.0794280543923378,0.4453733265399933,0.3766833543777466,-0.0938437432050705,0.4817107021808624,0.4026440680027008,-0.10595911741256714,0.328544557094574,0.39835548400878906,-0.11217665672302246,0.4109220802783966,0.4267032742500305,-0.1419452428817749,0.4616740345954895,0.42560750246047974,-0.15009477734565735,0.49772709608078003,0.4203851521015167,-0.15291017293930054,0.3219396471977234,0.4521457254886627,-0.09154277294874191,0.41724738478660583,0.4764639437198639,-0.11766570061445236,0.47016680240631104,0.45855817198753357,-0.11780037730932236,0.5013726353645325,0.4328371286392212,-0.11874052882194519,0.3273579478263855,0.4839072823524475,-0.07003931701183319,0.41171330213546753,0.5083507895469666,-0.09516508877277374,0.4553495943546295,0.48377853631973267,-0.0960002988576889,0.47952765226364136,0.45760515332221985,-0.09573929011821747,0.33899036049842834,0.49932539463043213,-0.05038997530937195,0.40041032433509827,0.513386607170105,-0.07323026657104492,0.4374162256717682,0.4945550858974457,-0.07896474003791809,0.4590282440185547,0.47424307465553284,-0.08134181797504425,Right,0.9983017444610596
5705,133,0,0.725008487701416,0.43870222568511963,5.67381050586846e-07,0.705182671546936,0.38350266218185425,-0.051731809973716736,0.6636635661125183,0.3720515966415405,-0.08244329690933228,0.6174131631851196,0.39031749963760376,-0.09973810613155365,0.5809342265129089,0.4127650856971741,-0.11536643654108047,0.7062047123908997,0.45879989862442017,-0.11152203381061554,0.691535234451294,0.4893869459629059,-0.14934571087360382,0.6706892251968384,0.5153663754463196,-0.16890721023082733,0.6527929902076721,0.5352630615234375,-0.18053361773490906,0.690849244594574,0.5015531778335571,-0.09202297031879425,0.6226699948310852,0.506791889667511,-0.12132018804550171,0.5751978158950806,0.49202173948287964,-0.12769724428653717,0.5415158271789551,0.4707268178462982,-0.13285943865776062,0.6721193790435791,0.5196723937988281,-0.07266290485858917,0.6087126135826111,0.5225393772125244,-0.10151930153369904,0.5668743848800659,0.5006866455078125,-0.11127934604883194,0.5380613207817078,0.4745570123195648,-0.11689455062150955,0.6528883576393127,0.5210596323013306,-0.05518868565559387,0.6063132286071777,0.514517605304718,-0.07989523559808731,0.5782427191734314,0.49522724747657776,-0.09002692997455597,0.5581966638565063,0.4744804799556732,-0.09575967490673065,Left,0.9931058287620544
5705,133,1,0.29922324419021606,0.35544127225875854,-3.4292381201339595e-07,0.3425673246383667,0.3152207136154175,-0.047840822488069534,0.39601972699165344,0.3240404427051544,-0.07714936137199402,0.4366748332977295,0.36756035685539246,-0.09366915374994278,0.47121644020080566,0.40206027030944824,-0.10800609737634659,0.33404234051704407,0.37013593316078186,-0.10966774076223373,0.3955104649066925,0.4107925295829773,-0.1466762274503708,0.44132861495018005,0.42831698060035706,-0.1627475768327713,0.47752782702445984,0.43911972641944885,-0.17072390019893646,0.3254188895225525,0.4224280118942261,-0.09237762540578842,0.4090213179588318,0.4594079256057739,-0.122121162712574,0.46195298433303833,0.45486000180244446,-0.12399930506944656,0.49456262588500977,0.44004443287849426,-0.12547509372234344,0.32865381240844727,0.45712482929229736,-0.07499417662620544,0.4058987498283386,0.491673082113266,-0.10378501564264297,0.4505762755870819,0.47622454166412354,-0.10416366904973984,0.47731995582580566,0.4568936824798584,-0.10207413882017136,0.3389119505882263,0.476426899433136,-0.0594712533056736,0.3977554440498352,0.495111882686615,-0.08150482177734375,0.43312782049179077,0.4846512973308563,-0.08573810011148453,0.45441538095474243,0.4698430597782135,-0.0870283842086792,Right,0.9951726198196411
5746,134,0,0.7226953506469727,0.43617042899131775,7.161774533415155e-07,0.7027139067649841,0.38386058807373047,-0.057241588830947876,0.6613697409629822,0.37225455045700073,-0.09249745309352875,0.6160041689872742,0.3910824656486511,-0.11175325512886047,0.5789902210235596,0.41569647192955017,-0.1286384016275406,0.709349513053894,0.46210989356040955,-0.12635457515716553,0.6907650232315063,0.4878840446472168,-0.16779424250125885,0.6637071371078491,0.5101561546325684,-0.1896420568227768,0.6383954286575317,0.5255853533744812,-0.20299354195594788,0.6927506327629089,0.507010817527771,-0.10387607663869858,0.6200735569000244,0.50815749168396,-0.1364811211824417,0.5684069991111755,0.48994386196136475,-0.14349035918712616,0.5307303667068481,0.4672468304634094,-0.1491948962211609,0.6732386350631714,0.527178168296814,-0.08095533400774002,0.6071271896362305,0.5205985307693481,-0.11075586080551147,0.5692333579063416,0.4950278699398041,-0.11709904670715332,0.544353723526001,0.46821844577789307,-0.12082542479038239,0.6538625955581665,0.5284633636474609,-0.06032777577638626,0.6085448861122131,0.5135594606399536,-0.08547613769769669,0.5875692963600159,0.48920485377311707,-0.09344981610774994,0.5728816390037537,0.46727922558784485,-0.09762506186962128,Left,0.9954718947410583
5746,134,1,0.3005344271659851,0.35633933544158936,-1.671400724490013e-07,0.3433433771133423,0.3062688112258911,-0.04848422110080719,0.4000226855278015,0.3200163245201111,-0.07662934064865112,0.43782660365104675,0.3691236972808838,-0.09005256742238998,0.4633152186870575,0.40968775749206543,-0.102114737033844,0.3311541974544525,0.34536221623420715,-0.12345113605260849,0.37700724601745605,0.38844287395477295,-0.15639400482177734,0.4155787527561188,0.4150370657444,-0.1678985357284546,0.4496500790119171,0.43262121081352234,-0.17532314360141754,0.31921467185020447,0.4022836685180664,-0.10743545740842819,0.39958664774894714,0.44151973724365234,-0.13832400739192963,0.45374682545661926,0.45119351148605347,-0.1422390341758728,0.491729199886322,0.4488002061843872,-0.1468018889427185,0.31941187381744385,0.4459589719772339,-0.09008722007274628,0.39748504757881165,0.48338091373443604,-0.12118338793516159,0.44745558500289917,0.4800935685634613,-0.12763714790344238,0.4841076135635376,0.4653778076171875,-0.13129964470863342,0.3276016414165497,0.4734560251235962,-0.07400869578123093,0.3906219005584717,0.4923846423625946,-0.10387728363275528,0.42739877104759216,0.4807220697402954,-0.11629568785429001,0.4539477825164795,0.46307986974716187,-0.12422040104866028,Right,0.9906781911849976
5789,135,0,0.7183279991149902,0.43299737572669983,7.400391837109055e-07,0.6992737650871277,0.3855988085269928,-0.05414576828479767,0.6594770550727844,0.37338945269584656,-0.08916663378477097,0.6158280372619629,0.38986822962760925,-0.10937980562448502,0.5799490213394165,0.4143963158130646,-0.12720857560634613,0.7091313600540161,0.45743662118911743,-0.11716891080141068,0.6890016198158264,0.48188287019729614,-0.1553342193365097,0.6625677347183228,0.5020763874053955,-0.17640240490436554,0.6366410255432129,0.5182360410690308,-0.19013911485671997,0.6923173666000366,0.502474308013916,-0.09625640511512756,0.6177192330360413,0.506844162940979,-0.12756574153900146,0.56649249792099,0.4860607385635376,-0.13528476655483246,0.5293364524841309,0.4647701382637024,-0.14141134917736053,0.673978865146637,0.5232792496681213,-0.07465344667434692,0.6072320342063904,0.5188775062561035,-0.10109296441078186,0.5731742978096008,0.49431803822517395,-0.10411042720079422,0.5514140129089355,0.47133713960647583,-0.10610262304544449,0.656494677066803,0.5264945030212402,-0.05551177263259888,0.612542450428009,0.5143164992332458,-0.07730091363191605,0.5957409143447876,0.4907030761241913,-0.08222614228725433,0.5836572647094727,0.471319317817688,-0.08460390567779541,Left,0.9926611185073853
5789,135,1,0.3060414493083954,0.35624590516090393,-5.980253092729981e-08,0.34758904576301575,0.30528178811073303,-0.04098440706729889,0.40216612815856934,0.3216836452484131,-0.06533399969339371,0.43289145827293396,0.378055602312088,-0.07623788714408875,0.4488365650177002,0.4247441291809082,-0.08647240698337555,0.34383583068847656,0.32653969526290894,-0.10612582415342331,0.38412949442863464,0.3691207468509674,-0.13326533138751984,0.4166111648082733,0.3989136815071106,-0.1421249806880951,0.44366002082824707,0.41967982053756714,-0.14765900373458862,0.3250783085823059,0.38374996185302734,-0.09255512803792953,0.4051540493965149,0.4273430407047272,-0.11641939729452133,0.4562382698059082,0.4436161518096924,-0.11791033297777176,0.49109411239624023,0.45208537578582764,-0.12090310454368591,0.3194500207901001,0.43243181705474854,-0.07742579281330109,0.4021514356136322,0.47187498211860657,-0.10482615977525711,0.4469773769378662,0.47093266248703003,-0.10780423134565353,0.4766487777233124,0.4625985026359558,-0.10866580158472061,0.32404956221580505,0.4670628309249878,-0.06281851977109909,0.3915551006793976,0.485825777053833,-0.08982306718826294,0.4103686809539795,0.46422722935676575,-0.09583108872175217,0.4138185679912567,0.4442371726036072,-0.09861182421445847,Right,0.9868333339691162
5830,136,0,0.7137186527252197,0.4339618682861328,7.503929850827262e-07,0.6947574019432068,0.3840881586074829,-0.05838315933942795,0.6570410132408142,0.37153229117393494,-0.0966557189822197,0.6141646504402161,0.3895300030708313,-0.1192035973072052,0.5783185958862305,0.41560637950897217,-0.13955429196357727,0.7058318257331848,0.45847880840301514,-0.12444525957107544,0.6790942549705505,0.4781455099582672,-0.16587482392787933,0.6475531458854675,0.4942972660064697,-0.18852755427360535,0.6189872622489929,0.5059131383895874,-0.20273467898368835,0.6920848488807678,0.5058112144470215,-0.1020042672753334,0.6181023120880127,0.5139815211296082,-0.13510778546333313,0.5683702230453491,0.4906468093395233,-0.14259065687656403,0.5337281227111816,0.4666171371936798,-0.14810128509998322,0.6749961972236633,0.5276914834976196,-0.0793708935379982,0.6076192259788513,0.5266762375831604,-0.10941846668720245,0.5710927248001099,0.5016251802444458,-0.11420367658138275,0.5483662486076355,0.4775528311729431,-0.11667994409799576,0.6577184796333313,0.5305956602096558,-0.05911580100655556,0.612282931804657,0.5205315947532654,-0.08365568518638611,0.592621922492981,0.49584004282951355,-0.09023205935955048,0.5793551206588745,0.47481977939605713,-0.09354105591773987,Left,0.9928639531135559
5830,136,1,0.3398945927619934,0.36149662733078003,3.76245253619345e-07,0.38188785314559937,0.3320552110671997,-0.02781279943883419,0.41782277822494507,0.3262691795825958,-0.052214592695236206,0.4385961890220642,0.3522476851940155,-0.0677887573838234,0.44715654850006104,0.3875334858894348,-0.08264651894569397,0.3653790354728699,0.2838100790977478,-0.09631458669900894,0.4200107157230377,0.34703537821769714,-0.12632475793361664,0.4577787220478058,0.3892219364643097,-0.13716962933540344,0.48348522186279297,0.4231225550174713,-0.14209908246994019,0.33153966069221497,0.32640254497528076,-0.09259317070245743,0.40129968523979187,0.39509284496307373,-0.1244310513138771,0.4480651915073395,0.43553969264030457,-0.13118897378444672,0.4801529347896576,0.46581897139549255,-0.13529454171657562,0.3153378367424011,0.3761080801486969,-0.08624596148729324,0.3823142349720001,0.4387277364730835,-0.11406998336315155,0.4286225438117981,0.4717496335506439,-0.11753924936056137,0.4625483751296997,0.4895996153354645,-0.11720068007707596,0.3133634328842163,0.42196691036224365,-0.07992173731327057,0.36936402320861816,0.45515522360801697,-0.09868021309375763,0.40381699800491333,0.46316856145858765,-0.09897340089082718,0.43042436242103577,0.4626961648464203,-0.09792971611022949,Right,0.9963529706001282
5874,137,0,0.7115160226821899,0.42828479409217834,7.14763018550002e-07,0.6968627572059631,0.38147228956222534,-0.061274006962776184,0.6621127128601074,0.37020358443260193,-0.10049088299274445,0.6180663108825684,0.38568004965782166,-0.12329007685184479,0.5811058282852173,0.4091383218765259,-0.14348407089710236,0.704302191734314,0.4577316641807556,-0.12679974734783173,0.6757373213768005,0.476529061794281,-0.1673370897769928,0.6469148397445679,0.48998767137527466,-0.18879596889019012,0.6210752725601196,0.5009990930557251,-0.20246313512325287,0.6849397420883179,0.5041801929473877,-0.10334399342536926,0.6135413646697998,0.5092241168022156,-0.1373317688703537,0.5649635791778564,0.4882820248603821,-0.14558638632297516,0.530523955821991,0.4686349630355835,-0.15128697454929352,0.6622108817100525,0.5245025753974915,-0.07968194782733917,0.5995932817459106,0.513585090637207,-0.10809788107872009,0.5712704658508301,0.48653775453567505,-0.1102091521024704,0.5541321039199829,0.4640160799026489,-0.11102626472711563,0.6411758661270142,0.5248606204986572,-0.05929214507341385,0.5981343388557434,0.5042544603347778,-0.08371273428201675,0.583098828792572,0.4756377935409546,-0.08920688927173615,0.5727776288986206,0.4539901316165924,-0.0911516323685646,Left,0.9977226853370667
5874,137,1,0.33826500177383423,0.3546920120716095,1.5593784041811887e-07,0.3723658621311188,0.31611868739128113,-0.02346220798790455,0.41039934754371643,0.3153810501098633,-0.052869245409965515,0.43971771001815796,0.3457779884338379,-0.08253443241119385,0.4601142108440399,0.38726410269737244,-0.11330057680606842,0.3671284317970276,0.26472213864326477,-0.06170688197016716,0.42757588624954224,0.3405807912349701,-0.10783258080482483,0.4596637487411499,0.3902509808540344,-0.13699008524417877,0.48194271326065063,0.42404016852378845,-0.15233883261680603,0.3360435366630554,0.3106286823749542,-0.06988374143838882,0.3979921340942383,0.3896738290786743,-0.11511392891407013,0.4438275694847107,0.43712109327316284,-0.12819643318653107,0.4754408001899719,0.46606189012527466,-0.1330772042274475,0.31655269861221313,0.3629734516143799,-0.07969164848327637,0.3760857880115509,0.4335220456123352,-0.12145557999610901,0.42343515157699585,0.46769028902053833,-0.12160567194223404,0.45610445737838745,0.48539113998413086,-0.11416774988174438,0.31206411123275757,0.4111453592777252,-0.09135844558477402,0.3654457926750183,0.4641318917274475,-0.11481510102748871,0.40665385127067566,0.4804728031158447,-0.11120178550481796,0.43627291917800903,0.48715728521347046,-0.10479360073804855,Right,0.9966335892677307
5916,138,0,0.7138281464576721,0.42599451541900635,6.706457611471706e-07,0.6981191635131836,0.37981995940208435,-0.056770194321870804,0.662632167339325,0.37378406524658203,-0.09419050812721252,0.616337239742279,0.389461874961853,-0.11666157841682434,0.5793807506561279,0.41203659772872925,-0.13710306584835052,0.7019583582878113,0.4592583477497101,-0.12202604115009308,0.6739472150802612,0.47551390528678894,-0.16284698247909546,0.6452825665473938,0.48679789900779724,-0.18426497280597687,0.6197367310523987,0.4940255284309387,-0.19733579456806183,0.6865072250366211,0.5053836107254028,-0.10115436464548111,0.6159877181053162,0.5072752237319946,-0.1365235149860382,0.5666199326515198,0.48630988597869873,-0.14511752128601074,0.530891478061676,0.4616590440273285,-0.15065868198871613,0.6672202348709106,0.5253865718841553,-0.08020265400409698,0.6018387079238892,0.517913281917572,-0.11361555010080338,0.5629677772521973,0.49465757608413696,-0.12073233723640442,0.5350349545478821,0.4709511399269104,-0.12380967289209366,0.6476349234580994,0.5251851081848145,-0.061351679265499115,0.6003775596618652,0.5099502801895142,-0.08852443844079971,0.5772348642349243,0.4851289689540863,-0.09664484858512878,0.5599187612533569,0.46431607007980347,-0.10039838403463364,Left,0.9965472221374512
5916,138,1,0.3374701142311096,0.3699508011341095,2.0932988320510049e-07,0.37698107957839966,0.3267655670642853,-0.02414701133966446,0.4147481322288513,0.31911754608154297,-0.05182425305247307,0.44635331630706787,0.3462229073047638,-0.08017566055059433,0.4679795801639557,0.38301408290863037,-0.10941579192876816,0.37032830715179443,0.25733184814453125,-0.056749992072582245,0.42567887902259827,0.3297837972640991,-0.10248146951198578,0.45791518688201904,0.38321563601493835,-0.13274748623371124,0.482693612575531,0.4189777970314026,-0.14881961047649384,0.3364877998828888,0.30103904008865356,-0.06434397399425507,0.3938544988632202,0.378069669008255,-0.10946499556303024,0.4373876452445984,0.42924463748931885,-0.12585309147834778,0.4715349078178406,0.46177369356155396,-0.1329386830329895,0.3141454756259918,0.35177648067474365,-0.07381770759820938,0.37043648958206177,0.42438358068466187,-0.11633569002151489,0.4152810573577881,0.46465790271759033,-0.12172871828079224,0.44900885224342346,0.4886666536331177,-0.11742612719535828,0.3059585690498352,0.4002532958984375,-0.08515480160713196,0.35617703199386597,0.4560015797615051,-0.10949660837650299,0.39421525597572327,0.47780880331993103,-0.10893309861421585,0.4235798120498657,0.48934048414230347,-0.1044570803642273,Right,0.9940598011016846
5960,139,0,0.7144975662231445,0.42358216643333435,6.349985710585315e-07,0.6990528702735901,0.3778700828552246,-0.05695323273539543,0.6621818542480469,0.3736397325992584,-0.09222468733787537,0.6145575642585754,0.3896264433860779,-0.11261966824531555,0.5774319171905518,0.4128073453903198,-0.1308976411819458,0.698739230632782,0.45984697341918945,-0.11615481972694397,0.672812819480896,0.4781007170677185,-0.1538209468126297,0.6450942754745483,0.4873095750808716,-0.17361494898796082,0.6197213530540466,0.4940969944000244,-0.18625883758068085,0.6813406348228455,0.505737841129303,-0.09525242447853088,0.615008533000946,0.5074760913848877,-0.12881560623645782,0.5671705007553101,0.48613324761390686,-0.13779249787330627,0.5323067903518677,0.46287110447883606,-0.14379289746284485,0.6611565351486206,0.5258066654205322,-0.07447174191474915,0.6021397709846497,0.5144979357719421,-0.10414528846740723,0.5715413689613342,0.4894312620162964,-0.10848450660705566,0.5507627725601196,0.4668721854686737,-0.11043008416891098,0.6422600746154785,0.5257917046546936,-0.056541573256254196,0.5996730327606201,0.5082159638404846,-0.0819317027926445,0.5825752019882202,0.48168057203292847,-0.08858580142259598,0.5699563026428223,0.46089640259742737,-0.09137728065252304,Left,0.997252881526947
5960,139,1,0.3440113067626953,0.3691757917404175,8.378194849001375e-08,0.38580265641212463,0.3408554792404175,-0.019886618480086327,0.42300882935523987,0.3377230167388916,-0.04459111765027046,0.4535234868526459,0.36052095890045166,-0.07132873684167862,0.47352689504623413,0.39125972986221313,-0.09924504160881042,0.38624924421310425,0.25227051973342896,-0.044531580060720444,0.43160486221313477,0.3197518289089203,-0.08833285421133041,0.45844152569770813,0.37523913383483887,-0.11831076443195343,0.47905024886131287,0.4156675934791565,-0.13304445147514343,0.348207026720047,0.2861240804195404,-0.05280763655900955,0.3983953297138214,0.37145987153053284,-0.09320703148841858,0.4361327290534973,0.428398072719574,-0.10852176696062088,0.46473240852355957,0.4667437970638275,-0.11445021629333496,0.3202190399169922,0.33205077052116394,-0.06328129023313522,0.36815211176872253,0.411028653383255,-0.10188683867454529,0.40876466035842896,0.4589410126209259,-0.10637358576059341,0.4388536512851715,0.4905303716659546,-0.10119099169969559,0.30442947149276733,0.3797333836555481,-0.0753353089094162,0.34766727685928345,0.4395473599433899,-0.09635782241821289,0.3824321925640106,0.4689791798591614,-0.0935029536485672,0.40915244817733765,0.488170325756073,-0.08667907118797302,Right,0.9966796040534973
6003,140,0,0.7183020710945129,0.4279603958129883,6.839408115411061e-07,0.700404167175293,0.3815097212791443,-0.05413328483700752,0.6633816361427307,0.3733924627304077,-0.08653295040130615,0.6177818179130554,0.3889631927013397,-0.1055171862244606,0.5810292363166809,0.41251012682914734,-0.12222368270158768,0.6925658583641052,0.47359955310821533,-0.10229330509901047,0.6413137316703796,0.4872143268585205,-0.1390555500984192,0.5968024730682373,0.488267719745636,-0.1582595705986023,0.5602208375930786,0.4832737445831299,-0.16915616393089294,0.6768568754196167,0.517413854598999,-0.08198751509189606,0.6082962155342102,0.5130157470703125,-0.11123492568731308,0.5631058216094971,0.48887816071510315,-0.11784782260656357,0.5318012237548828,0.46487900614738464,-0.12211062759160995,0.6597315073013306,0.5337948203086853,-0.06293115019798279,0.5997368693351746,0.5227487087249756,-0.09304454177618027,0.5637730360031128,0.49830162525177,-0.09911729395389557,0.5401562452316284,0.4754907190799713,-0.10133247822523117,0.6430385112762451,0.5310341119766235,-0.04621083661913872,0.6005730628967285,0.5146353244781494,-0.07121556997299194,0.5797037482261658,0.4901384711265564,-0.07836846262216568,0.5656739473342896,0.468837708234787,-0.08117929846048355,Left,0.9956970810890198
6003,140,1,0.34665989875793457,0.36544355750083923,9.919587995455004e-08,0.3892773985862732,0.34210267663002014,-0.02314089983701706,0.4270405173301697,0.34379443526268005,-0.05041731521487236,0.459219366312027,0.3692244589328766,-0.07921799272298813,0.4803757667541504,0.4010525941848755,-0.10859567672014236,0.39685630798339844,0.25120124220848083,-0.04813312366604805,0.44003885984420776,0.3146131634712219,-0.09555935859680176,0.46320536732673645,0.3700264096260071,-0.1284153312444687,0.47982507944107056,0.411982923746109,-0.1444724202156067,0.3581319749355316,0.2820502817630768,-0.055547963827848434,0.40658894181251526,0.36970120668411255,-0.09981902688741684,0.4401744306087494,0.4309445321559906,-0.11604112386703491,0.4646490514278412,0.4711759686470032,-0.12172145396471024,0.3290594816207886,0.32477015256881714,-0.06566321849822998,0.37640681862831116,0.40666621923446655,-0.10611234605312347,0.4126330018043518,0.45876365900039673,-0.10901574045419693,0.43817663192749023,0.4925242066383362,-0.10227232426404953,0.31158435344696045,0.36945152282714844,-0.07788246870040894,0.35388797521591187,0.4317583441734314,-0.0995243564248085,0.38610023260116577,0.46421247720718384,-0.0955381989479065,0.4098547399044037,0.48420387506484985,-0.0874810665845871,Right,0.9957196712493896
6048,141,0,0.7197055220603943,0.4273430109024048,5.937173455095035e-07,0.7009143829345703,0.37960806488990784,-0.059516534209251404,0.663559079170227,0.3723111152648926,-0.09914270788431168,0.6181120872497559,0.3862074315547943,-0.12306012213230133,0.5815392136573792,0.4090003967285156,-0.14544348418712616,0.7018038630485535,0.44742706418037415,-0.1388859748840332,0.6765292286872864,0.4634019732475281,-0.1821085661649704,0.6517860293388367,0.47602301836013794,-0.2022167146205902,0.6313524842262268,0.4844502806663513,-0.2145831137895584,0.6889805793762207,0.4945872128009796,-0.1198049783706665,0.624812126159668,0.5070967078208923,-0.16117115318775177,0.5762022733688354,0.49436894059181213,-0.17342114448547363,0.5401455760002136,0.47223982214927673,-0.18260151147842407,0.6703044772148132,0.5189967155456543,-0.09988369792699814,0.6065161228179932,0.519458532333374,-0.13713207840919495,0.5633522272109985,0.5003053545951843,-0.15137164294719696,0.5318292379379272,0.4764021337032318,-0.16083090007305145,0.6509682536125183,0.5226462483406067,-0.08200012892484665,0.6013547778129578,0.5129322409629822,-0.11245458573102951,0.5724260210990906,0.49234357476234436,-0.12713177502155304,0.551446259021759,0.4724141061306,-0.13718657195568085,Left,0.9938339591026306
6048,141,1,0.35773223638534546,0.36828404664993286,1.6452493412089098e-07,0.40021026134490967,0.3387669622898102,-0.019017543643712997,0.4358685612678528,0.3365330100059509,-0.045782964676618576,0.4668569564819336,0.3661644160747528,-0.07482372224330902,0.4880519211292267,0.4006619155406952,-0.1038026511669159,0.40382614731788635,0.2505857050418854,-0.04714561998844147,0.44821786880493164,0.31249189376831055,-0.09400659799575806,0.4719446897506714,0.3644818365573883,-0.1253502517938614,0.48904716968536377,0.40447598695755005,-0.14086908102035522,0.3662678897380829,0.2831936478614807,-0.056899022310972214,0.41645514965057373,0.3746677041053772,-0.10421562194824219,0.45039102435112,0.43840718269348145,-0.11981996893882751,0.4743640422821045,0.4788355827331543,-0.12421664595603943,0.3389936685562134,0.3267224431037903,-0.06903256475925446,0.3901384770870209,0.4106844663619995,-0.11110971868038177,0.4281870424747467,0.4623521566390991,-0.11340554803609848,0.4545508027076721,0.4934858977794647,-0.10588228702545166,0.3241819739341736,0.3720438480377197,-0.0829630121588707,0.3702233135700226,0.434511661529541,-0.10546056181192398,0.4036356508731842,0.4667722284793854,-0.10202045738697052,0.42802268266677856,0.4853918254375458,-0.09431348741054535,Right,0.9965434670448303
6090,142,0,0.7174821496009827,0.43315234780311584,7.172301934588177e-07,0.701926589012146,0.3846750557422638,-0.06291669607162476,0.673585832118988,0.3765474855899811,-0.10240551829338074,0.639060378074646,0.39996248483657837,-0.1253810077905655,0.6136513352394104,0.44041457772254944,-0.14601010084152222,0.7051731944084167,0.4461703598499298,-0.13746480643749237,0.6776042580604553,0.4574300944805145,-0.17637376487255096,0.6522109508514404,0.4620208740234375,-0.1905478835105896,0.6309018135070801,0.46335750818252563,-0.19855885207653046,0.6896745562553406,0.49273937940597534,-0.11609288305044174,0.6210710406303406,0.5033175945281982,-0.15724718570709229,0.5708574056625366,0.48738253116607666,-0.16813544929027557,0.5338966846466064,0.46252375841140747,-0.1751222461462021,0.6689939498901367,0.5168105959892273,-0.09394054114818573,0.6043802499771118,0.5185712575912476,-0.12955047190189362,0.5628291368484497,0.4981500804424286,-0.1408090889453888,0.5347166657447815,0.4725944995880127,-0.14751465618610382,0.648777961730957,0.5217880010604858,-0.07431235909461975,0.6006373167037964,0.5155414342880249,-0.10325799882411957,0.5735133290290833,0.494576632976532,-0.11610417813062668,0.5559207201004028,0.4734165668487549,-0.12407485395669937,Left,0.9966707229614258
6090,142,1,0.3566279411315918,0.378111869096756,1.683668102714364e-07,0.3984448313713074,0.34343791007995605,-0.019700905308127403,0.43544307351112366,0.33675479888916016,-0.04638417810201645,0.46932902932167053,0.36554017663002014,-0.07500358670949936,0.4931160807609558,0.3971182107925415,-0.10325796902179718,0.4011296033859253,0.25143367052078247,-0.04906242713332176,0.449402391910553,0.3083011507987976,-0.09594650566577911,0.4760492444038391,0.3605495095252991,-0.12682117521762848,0.49373024702072144,0.3988930583000183,-0.14202968776226044,0.36715638637542725,0.28774911165237427,-0.0584854856133461,0.42142453789711,0.37642085552215576,-0.10564231127500534,0.4582837224006653,0.43758320808410645,-0.12131479382514954,0.483167827129364,0.47490108013153076,-0.12572595477104187,0.3439375162124634,0.33521169424057007,-0.07012026011943817,0.39986199140548706,0.41623929142951965,-0.11265631020069122,0.4393651783466339,0.4647347927093506,-0.11498110741376877,0.4650956690311432,0.492938756942749,-0.10712634027004242,0.3326098322868347,0.3834262192249298,-0.08347810804843903,0.38285768032073975,0.44265127182006836,-0.10700175911188126,0.41807252168655396,0.47245460748672485,-0.10357869416475296,0.44309043884277344,0.4890260696411133,-0.09531138837337494,Right,0.9963687062263489
6133,143,0,0.7228851914405823,0.42805391550064087,7.192583666437713e-07,0.7026961445808411,0.3784138560295105,-0.06226295977830887,0.6686922311782837,0.3634474575519562,-0.10481815785169601,0.6311313509941101,0.3773616552352905,-0.13005109131336212,0.6040629744529724,0.4102921187877655,-0.1536257565021515,0.7015029788017273,0.43335264921188354,-0.14893954992294312,0.6776509284973145,0.4453340768814087,-0.19233250617980957,0.6564977169036865,0.45658615231513977,-0.21193206310272217,0.6378152966499329,0.46616652607917786,-0.2236929088830948,0.6936293840408325,0.4829716980457306,-0.12727367877960205,0.6195822358131409,0.4969663619995117,-0.17108675837516785,0.5675731897354126,0.48115384578704834,-0.18206286430358887,0.5300241708755493,0.4565066695213318,-0.1888142079114914,0.6779959201812744,0.5108315944671631,-0.10356272011995316,0.6045151948928833,0.5157675743103027,-0.13723179697990417,0.5645331144332886,0.4941794276237488,-0.14372538030147552,0.5380316972732544,0.4671016335487366,-0.14731048047542572,0.6620814800262451,0.5199875831604004,-0.0824618712067604,0.6080496311187744,0.5148274898529053,-0.10671494156122208,0.5818943977355957,0.4928552210330963,-0.11432841420173645,0.5650018453598022,0.4697113335132599,-0.11889289319515228,Left,0.9976162910461426
6133,143,1,0.35401061177253723,0.37512779235839844,2.735876023507444e-07,0.39654335379600525,0.3330650329589844,-0.020249919965863228,0.43538394570350647,0.32428306341171265,-0.048279933631420135,0.4695780277252197,0.3546532690525055,-0.07814458012580872,0.4904545247554779,0.39658617973327637,-0.10790378600358963,0.3984200060367584,0.2565806806087494,-0.052559491246938705,0.4472459554672241,0.31023362278938293,-0.09880731999874115,0.4759187400341034,0.357856810092926,-0.12891101837158203,0.49529993534088135,0.3930743336677551,-0.14432302117347717,0.36473485827445984,0.2968086004257202,-0.0626441240310669,0.42155152559280396,0.3749556541442871,-0.11120782792568207,0.46059826016426086,0.4325352907180786,-0.12671703100204468,0.4867173433303833,0.47001081705093384,-0.131075918674469,0.3426583409309387,0.34472623467445374,-0.07480022311210632,0.40146225690841675,0.41639244556427,-0.11859249323606491,0.44308727979660034,0.46013128757476807,-0.12131742388010025,0.47098278999328613,0.4856894612312317,-0.11373219639062881,0.33340030908584595,0.39080026745796204,-0.08866852521896362,0.38684970140457153,0.44426029920578003,-0.11291483789682388,0.42477208375930786,0.47045406699180603,-0.11016764491796494,0.4528941810131073,0.48538702726364136,-0.10279791802167892,Right,0.995137095451355
6179,144,0,0.7214227914810181,0.4302944839000702,7.470744094462134e-07,0.7095240354537964,0.3824819326400757,-0.07347378134727478,0.6859529614448547,0.37221911549568176,-0.12122054398059845,0.6542153358459473,0.3897334933280945,-0.14901743829250336,0.6216287016868591,0.42484110593795776,-0.17435723543167114,0.7058103680610657,0.4474034607410431,-0.16446492075920105,0.673629641532898,0.4545542895793915,-0.20844265818595886,0.6452064514160156,0.4530179500579834,-0.22358982264995575,0.6230605244636536,0.4518343508243561,-0.2317805290222168,0.6896450519561768,0.49191874265670776,-0.13744302093982697,0.6192687749862671,0.49642354249954224,-0.18468496203422546,0.5687410235404968,0.47706764936447144,-0.19807441532611847,0.5344288349151611,0.4528513550758362,-0.2074050009250641,0.669105589389801,0.5158711671829224,-0.108620285987854,0.607210636138916,0.5149847865104675,-0.14799538254737854,0.5649999380111694,0.49209219217300415,-0.16138406097888947,0.5375134944915771,0.4634477496147156,-0.17006874084472656,0.6495562195777893,0.5214122533798218,-0.08249769359827042,0.6065201163291931,0.5171820521354675,-0.1125645563006401,0.5805106163024902,0.4960126280784607,-0.12707272171974182,0.5652308464050293,0.473977655172348,-0.13737070560455322,Left,0.9976357817649841
6179,144,1,0.3556039035320282,0.3668597340583801,3.396069985228678e-07,0.39914748072624207,0.3272549510002136,-0.023373879492282867,0.43986576795578003,0.3171887993812561,-0.05152031034231186,0.4796503782272339,0.3419756293296814,-0.0796835869550705,0.5098057985305786,0.3770573139190674,-0.10779915004968643,0.38844215869903564,0.2652432918548584,-0.06018245592713356,0.439215749502182,0.31841668486595154,-0.10174280405044556,0.4720783233642578,0.362804651260376,-0.1266448199748993,0.4966745972633362,0.39385923743247986,-0.1393951177597046,0.3572982847690582,0.3112359941005707,-0.06809982657432556,0.4209604263305664,0.38149434328079224,-0.1129797175526619,0.46232831478118896,0.4304289221763611,-0.12606774270534515,0.4906395375728607,0.4593099057674408,-0.13050945103168488,0.33886173367500305,0.3598659336566925,-0.07775725424289703,0.40012481808662415,0.4216127097606659,-0.11906787008047104,0.44600799679756165,0.45691540837287903,-0.12271194905042648,0.4771805703639984,0.47699666023254395,-0.1176408976316452,0.3334231972694397,0.4033600986003876,-0.08902642130851746,0.3816449046134949,0.4446178078651428,-0.11217993497848511,0.4190542995929718,0.46121805906295776,-0.11084472388029099,0.4484877288341522,0.47026705741882324,-0.10613072663545609,Right,0.996492862701416
6221,145,0,0.7278282046318054,0.42635807394981384,6.896462991790031e-07,0.7104710936546326,0.3765851855278015,-0.05749267339706421,0.6737714409828186,0.3614426851272583,-0.09668214619159698,0.6283981800079346,0.3748287558555603,-0.12097377330064774,0.5914431810379028,0.4028107523918152,-0.14342114329338074,0.7088965773582458,0.4352073669433594,-0.13447022438049316,0.6744102835655212,0.45471179485321045,-0.1758648157119751,0.641115665435791,0.4621669352054596,-0.19216588139533997,0.6139928102493286,0.464692085981369,-0.20072171092033386,0.6955136060714722,0.48440584540367126,-0.1155335083603859,0.61844801902771,0.4962962865829468,-0.15463240444660187,0.5641891956329346,0.4804101586341858,-0.16298270225524902,0.5272445678710938,0.45517078042030334,-0.168247252702713,0.6776241064071655,0.5087471008300781,-0.09591908007860184,0.6062136888504028,0.5095801949501038,-0.1306074857711792,0.5586550235748291,0.4878285825252533,-0.14115045964717865,0.5267300009727478,0.4596373736858368,-0.14703139662742615,0.6591482758522034,0.5124185085296631,-0.07826913148164749,0.6077562570571899,0.509966254234314,-0.10488448292016983,0.5749594569206238,0.4905549883842468,-0.11626501381397247,0.5536215305328369,0.4679450988769531,-0.12350701540708542,Left,0.9965011477470398
6221,145,1,0.3645979166030884,0.36795270442962646,3.0708221743225295e-07,0.4038506746292114,0.32458993792533875,-0.023151537403464317,0.4431406855583191,0.3093758821487427,-0.05116259306669235,0.48171383142471313,0.3291179835796356,-0.07859663665294647,0.5084182620048523,0.36456501483917236,-0.10659632831811905,0.3858751952648163,0.2647777497768402,-0.06284194439649582,0.440253883600235,0.3185674250125885,-0.10563766956329346,0.4759105145931244,0.3573077619075775,-0.13317802548408508,0.502253532409668,0.38553154468536377,-0.14812640845775604,0.35584479570388794,0.31385159492492676,-0.07094985246658325,0.41955792903900146,0.37336137890815735,-0.11676821112632751,0.462049663066864,0.4170352518558502,-0.13231901824474335,0.4890201687812805,0.44630977511405945,-0.1387874186038971,0.33924031257629395,0.36446288228034973,-0.08024366199970245,0.40141400694847107,0.41549164056777954,-0.12098342180252075,0.4465072453022003,0.44517195224761963,-0.12561054527759552,0.475704550743103,0.46278804540634155,-0.12181968986988068,0.33496689796447754,0.40909022092819214,-0.09107023477554321,0.38167604804039,0.4424445331096649,-0.11356756836175919,0.41709497570991516,0.454101026058197,-0.11240911483764648,0.4447697401046753,0.4596553444862366,-0.10848617553710938,Right,0.9964075088500977
6263,146,0,0.7277207970619202,0.42605990171432495,7.722256896158797e-07,0.7163759469985962,0.37774857878685,-0.062368083745241165,0.687947154045105,0.36976704001426697,-0.09820155054330826,0.6531991362571716,0.3912799060344696,-0.11907020211219788,0.6219931840896606,0.4232388734817505,-0.13844163715839386,0.6861154437065125,0.45804986357688904,-0.11851657181978226,0.6294875144958496,0.4716743230819702,-0.15863987803459167,0.5831846594810486,0.47245362401008606,-0.17807725071907043,0.5446615815162659,0.46534067392349243,-0.18851563334465027,0.6730054616928101,0.5037922263145447,-0.09560731798410416,0.6013482213020325,0.49934083223342896,-0.131129190325737,0.5537313222885132,0.47757405042648315,-0.13967284560203552,0.5214781165122986,0.4477909505367279,-0.14427252113819122,0.6589820384979248,0.5218719840049744,-0.07398148626089096,0.5964506268501282,0.5144729614257812,-0.10611055046319962,0.5564388036727905,0.4893818497657776,-0.11333046853542328,0.5306329727172852,0.4591921865940094,-0.11642666161060333,0.64780193567276,0.5207985043525696,-0.05568649619817734,0.6012955904006958,0.5120535492897034,-0.08269281685352325,0.572055995464325,0.489670991897583,-0.09259036928415298,0.5538811087608337,0.4651888310909271,-0.09732571244239807,Left,0.9954702854156494
6263,146,1,0.3696128726005554,0.3639853000640869,4.8038074851319834e-08,0.4047486484050751,0.32584086060523987,-0.023974033072590828,0.44503164291381836,0.31520119309425354,-0.05181276798248291,0.4863585829734802,0.33335864543914795,-0.08002796024084091,0.5165101885795593,0.3632597327232361,-0.10901626199483871,0.3845459222793579,0.26237255334854126,-0.05784496292471886,0.4378671944141388,0.3157258927822113,-0.10152421146631241,0.47354909777641296,0.35923030972480774,-0.1300770342350006,0.4997769296169281,0.3896140456199646,-0.14455848932266235,0.35653841495513916,0.3095478415489197,-0.06514240801334381,0.42241179943084717,0.37528201937675476,-0.10991021245718002,0.4671157896518707,0.4242240786552429,-0.12496781349182129,0.49854812026023865,0.4532220959663391,-0.13051696121692657,0.34108829498291016,0.3608129620552063,-0.07414750009775162,0.4015730917453766,0.42071637511253357,-0.11480840295553207,0.44896215200424194,0.45461881160736084,-0.11823873221874237,0.4835872948169708,0.47243741154670715,-0.11274545639753342,0.3367609977722168,0.4066864252090454,-0.08504374325275421,0.37461310625076294,0.4454575777053833,-0.1058465838432312,0.403457373380661,0.45668673515319824,-0.10313446819782257,0.42699453234672546,0.459017276763916,-0.09783732146024704,Right,0.9875530004501343
6306,147,0,0.7371178269386292,0.42694154381752014,5.799369660053344e-07,0.7146103382110596,0.37599971890449524,-0.047044314444065094,0.6703743934631348,0.36422252655029297,-0.07329171895980835,0.6239248514175415,0.381769597530365,-0.08824239671230316,0.5854175090789795,0.4027441143989563,-0.10117756575345993,0.6847010254859924,0.4511236250400543,-0.09148169308900833,0.6323765516281128,0.4737740457057953,-0.12357021868228912,0.5878941416740417,0.4731537997722626,-0.13777224719524384,0.5531457662582397,0.46324652433395386,-0.14470431208610535,0.6762111186981201,0.4994862973690033,-0.075132817029953,0.6070432662963867,0.5051256418228149,-0.10217843949794769,0.5611785650253296,0.48639634251594543,-0.1074894443154335,0.531496524810791,0.4578096270561218,-0.11026433855295181,0.6647196412086487,0.5190597176551819,-0.05968617647886276,0.6026634573936462,0.5203043818473816,-0.0847749188542366,0.5628148913383484,0.4971191883087158,-0.09082888811826706,0.5378844738006592,0.4669906198978424,-0.09350215643644333,0.6542195081710815,0.5199371576309204,-0.04678548872470856,0.6065851449966431,0.517121434211731,-0.06841821223497391,0.5768541693687439,0.497127890586853,-0.07626388221979141,0.5578292012214661,0.47206243872642517,-0.07980368286371231,Left,0.9872962236404419
6306,147,1,0.3720605671405792,0.3723418712615967,2.2957431511372306e-08,0.40664926171302795,0.33687013387680054,-0.028439931571483612,0.4491225779056549,0.3243664503097534,-0.05795326456427574,0.4924057126045227,0.334523469209671,-0.08695714175701141,0.5129398703575134,0.36564698815345764,-0.11604323238134384,0.3820485770702362,0.26851797103881836,-0.06213235855102539,0.4368782937526703,0.3172776401042938,-0.10683667659759521,0.4737982451915741,0.3597523868083954,-0.13538116216659546,0.4986637830734253,0.389583557844162,-0.1494636833667755,0.35450103878974915,0.3159264624118805,-0.06669917702674866,0.42059168219566345,0.3796062171459198,-0.109923355281353,0.46685847640037537,0.42179667949676514,-0.12295817583799362,0.4989273250102997,0.44824081659317017,-0.12745560705661774,0.34113609790802,0.3671528398990631,-0.07338262349367142,0.4078468680381775,0.4265691041946411,-0.1109892949461937,0.4531117379665375,0.45321041345596313,-0.11220688372850418,0.48533564805984497,0.46808725595474243,-0.10581699758768082,0.33935731649398804,0.41278374195098877,-0.0828213170170784,0.3892267048358917,0.4534522294998169,-0.1020784080028534,0.4236421585083008,0.4631553292274475,-0.09892068058252335,0.45057645440101624,0.466030091047287,-0.09313404560089111,Right,0.9846084117889404
6349,148,0,0.7307654023170471,0.42146146297454834,6.448250360335805e-07,0.7073851227760315,0.37163540720939636,-0.04828443378210068,0.6590321063995361,0.36467188596725464,-0.07389496266841888,0.6099749803543091,0.38193678855895996,-0.08814404159784317,0.5698513984680176,0.4004039168357849,-0.100621797144413,0.6816238164901733,0.45830485224723816,-0.09197793900966644,0.6298238635063171,0.48276782035827637,-0.12454022467136383,0.5834642648696899,0.4806657135486603,-0.13889023661613464,0.5474343299865723,0.4687798023223877,-0.1455356329679489,0.6739903688430786,0.5021265149116516,-0.07503149658441544,0.6080793142318726,0.5074869394302368,-0.10397398471832275,0.5607599020004272,0.4875710904598236,-0.11012735217809677,0.5291160345077515,0.4589563012123108,-0.1128743514418602,0.6621975302696228,0.5179262161254883,-0.059202779084444046,0.603164792060852,0.5206998586654663,-0.08616136014461517,0.5625927448272705,0.4969700574874878,-0.09236232191324234,0.5374169945716858,0.46593722701072693,-0.09430467337369919,0.6508635878562927,0.5155362486839294,-0.045993197709321976,0.6048666834831238,0.5163559317588806,-0.06831565499305725,0.5742006897926331,0.4967106282711029,-0.07577462494373322,0.5544382333755493,0.4707615077495575,-0.07870850712060928,Left,0.9865978360176086
6349,148,1,0.3684940040111542,0.3691408634185791,6.665309371101102e-08,0.4008987545967102,0.3346083164215088,-0.030365316197276115,0.4448857307434082,0.32841628789901733,-0.06352245807647705,0.489960253238678,0.34903964400291443,-0.09627249091863632,0.5143783688545227,0.39065662026405334,-0.12903636693954468,0.37765660881996155,0.27675700187683105,-0.06539621204137802,0.4279208183288574,0.32233962416648865,-0.113004669547081,0.468973845243454,0.3627428710460663,-0.14393159747123718,0.495719850063324,0.3923473656177521,-0.15950210392475128,0.3539285361766815,0.3267076313495636,-0.07038263231515884,0.4147688150405884,0.3833320736885071,-0.11611009389162064,0.4662065804004669,0.4206133484840393,-0.13030658662319183,0.499528706073761,0.4440078139305115,-0.13524171710014343,0.34316930174827576,0.37815234065055847,-0.07755866646766663,0.4106321632862091,0.43263834714889526,-0.1175852119922638,0.46089380979537964,0.4563642144203186,-0.11746364831924438,0.4944398105144501,0.4684674143791199,-0.10948359221220016,0.3455984592437744,0.4223375916481018,-0.08774243295192719,0.4010125398635864,0.4628765285015106,-0.10833007097244263,0.44060444831848145,0.47159284353256226,-0.10367279499769211,0.46881595253944397,0.47216343879699707,-0.09652668237686157,Right,0.981255292892456
6393,149,0,0.7261780500411987,0.412250280380249,5.349310754354519e-07,0.6978800892829895,0.37173324823379517,-0.04040709137916565,0.6513205766677856,0.36858296394348145,-0.06182922050356865,0.6062502264976501,0.38596871495246887,-0.0745677500963211,0.5702811479568481,0.40221545100212097,-0.08551906794309616,0.6643679738044739,0.45870351791381836,-0.07023480534553528,0.6154741048812866,0.48219752311706543,-0.09785453975200653,0.5758998990058899,0.48249953985214233,-0.11234557628631592,0.5447379350662231,0.47520798444747925,-0.12020135670900345,0.6619253754615784,0.4977511763572693,-0.057682596147060394,0.6055082678794861,0.5013968348503113,-0.08299414813518524,0.5631330013275146,0.4855303466320038,-0.09093334525823593,0.5322308540344238,0.4620945155620575,-0.09505066275596619,0.6551957130432129,0.5144283175468445,-0.04664001241326332,0.6051360964775085,0.5170107483863831,-0.07029528170824051,0.568713366985321,0.49942639470100403,-0.07609716057777405,0.543432891368866,0.4754104018211365,-0.07814352214336395,0.647883415222168,0.5146703124046326,-0.03818482905626297,0.6083289980888367,0.5111131072044373,-0.05764751136302948,0.5822464227676392,0.4935639202594757,-0.06300915777683258,0.5640228986740112,0.47183874249458313,-0.06452710926532745,Left,0.9173181653022766
6393,149,1,0.35914433002471924,0.36244091391563416,1.3267900556002132e-07,0.3899138867855072,0.3259418308734894,-0.029427148401737213,0.4362133741378784,0.32147300243377686,-0.06299842894077301,0.4842023253440857,0.34703323245048523,-0.0962614044547081,0.507824182510376,0.3936101794242859,-0.12952405214309692,0.3712502717971802,0.2816546857357025,-0.06658957153558731,0.4236881136894226,0.32641544938087463,-0.11432597786188126,0.46814948320388794,0.3635149300098419,-0.1451490968465805,0.4964601695537567,0.3903677761554718,-0.16088807582855225,0.35180091857910156,0.3346923291683197,-0.0725632831454277,0.41848641633987427,0.3902994394302368,-0.11887215077877045,0.4740189015865326,0.4247511625289917,-0.13234113156795502,0.5087435245513916,0.4455708861351013,-0.13696590065956116,0.3445008099079132,0.3868418037891388,-0.08071082085371017,0.4170813262462616,0.43733662366867065,-0.12095638364553452,0.4678677022457123,0.45516106486320496,-0.11944586783647537,0.5000949501991272,0.4626716077327728,-0.11075693368911743,0.35038745403289795,0.42962315678596497,-0.09181249886751175,0.40988823771476746,0.4643058776855469,-0.1116139143705368,0.44791004061698914,0.46880680322647095,-0.10544750094413757,0.4728335738182068,0.4662654399871826,-0.09770853817462921,Right,0.9878449440002441
6437,150,0,0.7180880308151245,0.4189031422138214,6.400036909326445e-07,0.6952027082443237,0.37392351031303406,-0.048098232597112656,0.6505892872810364,0.3689080774784088,-0.07333803921937943,0.6083438396453857,0.3858744204044342,-0.08750929683446884,0.5730074048042297,0.40299758315086365,-0.10007365792989731,0.6647071242332458,0.4557856023311615,-0.087227001786232,0.614251971244812,0.4741346538066864,-0.11755279451608658,0.5727563500404358,0.4759339690208435,-0.13289666175842285,0.5388556718826294,0.4703831672668457,-0.1410101354122162,0.6594494581222534,0.4950159192085266,-0.06999314576387405,0.6041058897972107,0.4983968436717987,-0.09773200750350952,0.5607014894485474,0.48608943819999695,-0.10553915053606033,0.5289273858070374,0.4659242033958435,-0.1095491349697113,0.6524851322174072,0.5140594244003296,-0.05376782268285751,0.6054413318634033,0.5052945613861084,-0.07900368422269821,0.5839569568634033,0.4815153181552887,-0.08202452212572098,0.5727049708366394,0.45597517490386963,-0.08155427128076553,0.6470691561698914,0.5172626376152039,-0.04051613807678223,0.6092110276222229,0.5068264603614807,-0.06242602318525314,0.5924288630485535,0.48382851481437683,-0.06706252694129944,0.5824337005615234,0.4606646001338959,-0.06737172603607178,Left,0.9153976440429688
6437,150,1,0.35851186513900757,0.3775942921638489,3.035020768038521e-07,0.3877110183238983,0.33274415135383606,-0.03273443132638931,0.42365917563438416,0.3198470175266266,-0.06733498722314835,0.46479618549346924,0.3410247564315796,-0.0999598279595375,0.4934709370136261,0.38257038593292236,-0.13200904428958893,0.3680746555328369,0.2893831133842468,-0.07446562498807907,0.42598408460617065,0.328029602766037,-0.12224951386451721,0.46886110305786133,0.3597087860107422,-0.15228894352912903,0.49665775895118713,0.3811901807785034,-0.1682126820087433,0.3482014238834381,0.3430253565311432,-0.07872360199689865,0.41983506083488464,0.3959622085094452,-0.1266445815563202,0.4733677804470062,0.42463982105255127,-0.13908380270004272,0.50700843334198,0.4415861964225769,-0.14305557310581207,0.342609703540802,0.39478960633277893,-0.08533122390508652,0.42098307609558105,0.4432334899902344,-0.12690380215644836,0.4724807143211365,0.45584097504615784,-0.12684455513954163,0.5031416416168213,0.4589037299156189,-0.11950819194316864,0.34866097569465637,0.4365858733654022,-0.09491670876741409,0.41204264760017395,0.4675852060317993,-0.11624667048454285,0.4499742090702057,0.47043871879577637,-0.11244753003120422,0.4748300611972809,0.46581846475601196,-0.1065848097205162,Right,0.9745392799377441
6477,151,0,0.7189241647720337,0.42087066173553467,8.06461798674718e-07,0.7084529399871826,0.3780186176300049,-0.06139816343784332,0.6754347681999207,0.3724149167537689,-0.09456750750541687,0.6364535689353943,0.38624703884124756,-0.11257012188434601,0.6006703972816467,0.40525999665260315,-0.12802846729755402,0.6753925085067749,0.47609227895736694,-0.10844533890485764,0.6166823506355286,0.48439425230026245,-0.14426933228969574,0.5720674395561218,0.48026639223098755,-0.16239330172538757,0.5357217192649841,0.4710686504840851,-0.17161822319030762,0.6657301187515259,0.5096693634986877,-0.08370107412338257,0.59782874584198,0.49445846676826477,-0.11603892594575882,0.5555448532104492,0.47407281398773193,-0.12366451323032379,0.5255237817764282,0.4561222791671753,-0.1268632858991623,0.6537249088287354,0.5216482281684875,-0.06021648645401001,0.5962938070297241,0.4953235387802124,-0.08753244578838348,0.5716993808746338,0.4674896001815796,-0.0885261744260788,0.5571260452270508,0.4457031786441803,-0.08624842762947083,0.6444934606552124,0.519830048084259,-0.04052997753024101,0.5996565818786621,0.4976212978363037,-0.06271766871213913,0.5808517336845398,0.47155502438545227,-0.0662391260266304,0.5698930025100708,0.4533471167087555,-0.06533460319042206,Left,0.9953650236129761
6477,151,1,0.3523426949977875,0.37300050258636475,4.5717450802840176e-07,0.38098323345184326,0.32634037733078003,-0.03674451634287834,0.41849300265312195,0.3151838779449463,-0.07689055800437927,0.461083322763443,0.34158602356910706,-0.11353577673435211,0.49099963903427124,0.38378697633743286,-0.1507750302553177,0.359110027551651,0.3264830708503723,-0.10281594097614288,0.41289222240448,0.34705832600593567,-0.1534561663866043,0.4560838043689728,0.3595927059650421,-0.18533764779567719,0.48112261295318604,0.3694707155227661,-0.20399384200572968,0.35155007243156433,0.385908842086792,-0.10720881819725037,0.42237725853919983,0.4093019366264343,-0.1550011932849884,0.47123247385025024,0.40895649790763855,-0.16888423264026642,0.5011775493621826,0.41001343727111816,-0.17850616574287415,0.35584720969200134,0.4328182637691498,-0.11223132908344269,0.4337785243988037,0.4487982392311096,-0.15350820124149323,0.4787341058254242,0.44504860043525696,-0.15431822836399078,0.5053316950798035,0.44181662797927856,-0.151596799492836,0.36963480710983276,0.46802088618278503,-0.12048467248678207,0.4341876804828644,0.4695769250392914,-0.1446337103843689,0.4696024954319,0.4639415740966797,-0.141902893781662,0.4934500753879547,0.4579452574253082,-0.13940927386283875,Right,0.9868841171264648
6520,152,0,0.7274402379989624,0.4227904677391052,6.878851763758576e-07,0.7081501483917236,0.3731026351451874,-0.05784071236848831,0.6676566004753113,0.36335980892181396,-0.08939970284700394,0.6248361468315125,0.37864166498184204,-0.10678420215845108,0.5884259343147278,0.3994832932949066,-0.12204775214195251,0.6820521354675293,0.465450644493103,-0.103295236825943,0.6278977990150452,0.485397607088089,-0.13887035846710205,0.583098292350769,0.4861670732498169,-0.15733954310417175,0.5473077297210693,0.4790751338005066,-0.16683830320835114,0.6709757447242737,0.5026364326477051,-0.07957343012094498,0.6021100878715515,0.49678587913513184,-0.10910768806934357,0.558530330657959,0.4748270809650421,-0.1161004975438118,0.5292698740959167,0.45089998841285706,-0.11966343224048615,0.6577773690223694,0.5175357460975647,-0.0572885125875473,0.5968342423439026,0.5067824125289917,-0.0860941931605339,0.5604833960533142,0.48356199264526367,-0.09290354698896408,0.5363669395446777,0.4593192934989929,-0.09516096115112305,0.6467373371124268,0.5166163444519043,-0.03782084956765175,0.6007978320121765,0.5007022619247437,-0.06168239936232567,0.5761221051216125,0.47853532433509827,-0.06938902288675308,0.5598404407501221,0.4580150246620178,-0.07226633280515671,Left,0.9953536987304688
6520,152,1,0.3326070308685303,0.35829174518585205,-2.6869469138546265e-07,0.3644217550754547,0.32446014881134033,-0.046587273478507996,0.4080826938152313,0.3209306001663208,-0.08112265914678574,0.44321882724761963,0.34349575638771057,-0.1029360443353653,0.47027429938316345,0.37415677309036255,-0.12412968277931213,0.3531911373138428,0.33517569303512573,-0.1219702884554863,0.40437671542167664,0.35821008682250977,-0.1629215031862259,0.4436623156070709,0.3716515004634857,-0.1804671734571457,0.4780551791191101,0.3827325999736786,-0.19016559422016144,0.34264495968818665,0.38752177357673645,-0.10986239463090897,0.4108424186706543,0.41507893800735474,-0.14786261320114136,0.4616527855396271,0.42537128925323486,-0.1565449833869934,0.4996964633464813,0.43045851588249207,-0.16326771676540375,0.3443511128425598,0.4323495030403137,-0.09683482348918915,0.410658597946167,0.45680898427963257,-0.13255368173122406,0.4589875042438507,0.46142661571502686,-0.14025245606899261,0.4961438477039337,0.46153268218040466,-0.1440836489200592,0.35248368978500366,0.4654522240161896,-0.0848970040678978,0.40563157200813293,0.4744783639907837,-0.11248225718736649,0.4412905275821686,0.46664395928382874,-0.12034469097852707,0.4689100980758667,0.4591037929058075,-0.12490248680114746,Right,0.9959001541137695
6563,153,0,0.7270171642303467,0.4264994263648987,7.251198326230224e-07,0.7115294933319092,0.37531977891921997,-0.0623990073800087,0.6735787987709045,0.3608739972114563,-0.09624175727367401,0.6337710022926331,0.37558549642562866,-0.1147831380367279,0.5977968573570251,0.40253186225891113,-0.13099096715450287,0.6888007521629333,0.4626433849334717,-0.11147917062044144,0.633342444896698,0.4863261878490448,-0.148154154419899,0.5873991250991821,0.48783227801322937,-0.16651242971420288,0.5498784184455872,0.48081275820732117,-0.1756623387336731,0.6752358078956604,0.501557469367981,-0.0853964313864708,0.6060035824775696,0.5051412582397461,-0.11493980884552002,0.560920000076294,0.48386865854263306,-0.12092576920986176,0.5327114462852478,0.4594501554965973,-0.12358873337507248,0.6593279242515564,0.5169205069541931,-0.06070829927921295,0.600920557975769,0.5111333727836609,-0.08638611435890198,0.5702790021896362,0.4855528473854065,-0.0901452898979187,0.5535789132118225,0.46016359329223633,-0.09070190787315369,0.6469388604164124,0.5179003477096558,-0.039731334894895554,0.6048198342323303,0.507118821144104,-0.06232820078730583,0.5860952138900757,0.4832313656806946,-0.06934143602848053,0.5761982202529907,0.4607495665550232,-0.07152603566646576,Left,0.9934365749359131
6563,153,1,0.3285773992538452,0.3699396848678589,-1.307720793874978e-07,0.3562413156032562,0.32985758781433105,-0.042462900280952454,0.4009047746658325,0.3238641917705536,-0.07099707424640656,0.4373084008693695,0.3481617569923401,-0.08735710382461548,0.46446406841278076,0.37839293479919434,-0.10309509932994843,0.35699355602264404,0.35535913705825806,-0.10808204114437103,0.40254923701286316,0.3696759343147278,-0.1396426558494568,0.4393029808998108,0.37559476494789124,-0.15240460634231567,0.4713127613067627,0.38050490617752075,-0.160008043050766,0.3521115183830261,0.4101411700248718,-0.09556669741868973,0.41993585228919983,0.4275352954864502,-0.12401240319013596,0.46778973937034607,0.43445298075675964,-0.1295970380306244,0.5029553771018982,0.43560928106307983,-0.13474804162979126,0.35552939772605896,0.45191332697868347,-0.08183111250400543,0.4230053126811981,0.4646954834461212,-0.10846832394599915,0.4693946838378906,0.4651816487312317,-0.11371451616287231,0.5055459141731262,0.4602208733558655,-0.1168707013130188,0.3645409941673279,0.47812220454216003,-0.06924665719270706,0.41613227128982544,0.4818088114261627,-0.0919492170214653,0.4496473968029022,0.47128716111183167,-0.09845247864723206,0.47428789734840393,0.45948654413223267,-0.10218725353479385,Right,0.9907837510108948
6604,154,0,0.7219778299331665,0.4237567186355591,6.805599355175218e-07,0.7134871482849121,0.38064563274383545,-0.055720165371894836,0.6798153519630432,0.37713950872421265,-0.08418650180101395,0.6380908489227295,0.39423298835754395,-0.10027532279491425,0.6019466519355774,0.4157377779483795,-0.11367762088775635,0.6756011843681335,0.46896371245384216,-0.0893353745341301,0.6342291235923767,0.49126458168029785,-0.12105734646320343,0.5978732109069824,0.4932044744491577,-0.13742591440677643,0.5657520890235901,0.4887063801288605,-0.1461164951324463,0.6588038206100464,0.5049307346343994,-0.06813813000917435,0.6037283539772034,0.500093936920166,-0.09967617690563202,0.5585845708847046,0.48102620244026184,-0.10930939018726349,0.5246631503105164,0.45807603001594543,-0.11285880208015442,0.6435279250144958,0.5196082592010498,-0.048831917345523834,0.6020742654800415,0.4916120171546936,-0.07786533236503601,0.6016345620155334,0.46005621552467346,-0.07891691476106644,0.6061486601829529,0.4355824589729309,-0.07436399906873703,0.6319541931152344,0.5199269652366638,-0.03317125141620636,0.5999079942703247,0.4976193606853485,-0.05571800097823143,0.598943293094635,0.4705162048339844,-0.05799621716141701,0.6016416549682617,0.4491526186466217,-0.055032502859830856,Left,0.9825653433799744
6604,154,1,0.3232734203338623,0.37748709321022034,8.035496712466283e-09,0.34634384512901306,0.3408113718032837,-0.049771860241889954,0.3838876783847809,0.34264639019966125,-0.08100231736898422,0.4186207056045532,0.3717344105243683,-0.09916453063488007,0.4484798312187195,0.39598795771598816,-0.11636686325073242,0.3420865535736084,0.38035207986831665,-0.11412476748228073,0.40206995606422424,0.4016932249069214,-0.148593932390213,0.44985753297805786,0.41043180227279663,-0.16270193457603455,0.48886191844940186,0.4162804186344147,-0.17110976576805115,0.34487396478652954,0.4223628640174866,-0.09960079193115234,0.41633713245391846,0.43790748715400696,-0.13245952129364014,0.46964359283447266,0.444112092256546,-0.1403082013130188,0.5101262331008911,0.4464789628982544,-0.1459849774837494,0.35374897718429565,0.452875018119812,-0.08484138548374176,0.42196932435035706,0.46492889523506165,-0.11492227017879486,0.46836820244789124,0.4641084372997284,-0.12131443619728088,0.5034318566322327,0.4571639895439148,-0.12400089204311371,0.3670562505722046,0.46988651156425476,-0.07212831825017929,0.4190695881843567,0.4774167239665985,-0.098549984395504,0.4543802738189697,0.47204408049583435,-0.10785260796546936,0.4805647134780884,0.46385177969932556,-0.11259946972131729,Right,0.9884978532791138
6647,155,0,0.7157504558563232,0.4166980981826782,7.128976449166657e-07,0.7207849025726318,0.39851701259613037,-0.05249397084116936,0.6991975903511047,0.41503968834877014,-0.07803363353013992,0.6667866706848145,0.4318656325340271,-0.09410472214221954,0.6331342458724976,0.4442726671695709,-0.10773376375436783,0.656745433807373,0.48953530192375183,-0.06616046279668808,0.607317328453064,0.49561142921447754,-0.09411321580410004,0.5711829662322998,0.49035704135894775,-0.110479936003685,0.5394455790519714,0.48300012946128845,-0.1199088767170906,0.643170952796936,0.5061284899711609,-0.04933379217982292,0.5973520278930664,0.5061439275741577,-0.0801679715514183,0.5624251365661621,0.4916152060031891,-0.09231264144182205,0.5337938070297241,0.4757053852081299,-0.09658841043710709,0.6351145505905151,0.5077902674674988,-0.03590346872806549,0.6096106171607971,0.4856066107749939,-0.0698808953166008,0.6314488649368286,0.4513641893863678,-0.07140509784221649,0.6483995318412781,0.42762407660484314,-0.06448107957839966,0.6305569410324097,0.4982188045978546,-0.02608438767492771,0.6128066778182983,0.4803156554698944,-0.05417913943529129,0.6304989457130432,0.4520684480667114,-0.05647614970803261,0.6440277099609375,0.43174687027931213,-0.05177690088748932,Left,0.9009236097335815
6647,155,1,0.32569625973701477,0.3737547695636749,-3.630011846667003e-08,0.3641842007637024,0.33130836486816406,-0.05202872306108475,0.414228230714798,0.339524507522583,-0.08391551673412323,0.44869428873062134,0.37723180651664734,-0.10087337344884872,0.47283434867858887,0.41113460063934326,-0.11685504764318466,0.3519396185874939,0.3676837384700775,-0.12880566716194153,0.405102014541626,0.3987419009208679,-0.16922564804553986,0.4489037096500397,0.41763103008270264,-0.18534523248672485,0.48527413606643677,0.4273146092891693,-0.19387249648571014,0.34250950813293457,0.4193166196346283,-0.11319196969270706,0.41669562458992004,0.4468899965286255,-0.1520523726940155,0.47186774015426636,0.4597700834274292,-0.15989528596401215,0.5114678740501404,0.4627654552459717,-0.16483604907989502,0.34447312355041504,0.4616953730583191,-0.09707380831241608,0.41752898693084717,0.48103609681129456,-0.13355468213558197,0.47078004479408264,0.4867832064628601,-0.14230002462863922,0.510524570941925,0.4844481348991394,-0.14578448235988617,0.3533056676387787,0.49069130420684814,-0.08264917880296707,0.4138786196708679,0.5009118318557739,-0.1146826297044754,0.45271196961402893,0.4940186142921448,-0.12624205648899078,0.4821554124355316,0.4866229295730591,-0.13225425779819489,Right,0.9935175776481628
6688,156,0,0.7138678431510925,0.41521134972572327,7.50179083297553e-07,0.7137108445167542,0.38638776540756226,-0.0597868412733078,0.6899135112762451,0.39278069138526917,-0.09054697304964066,0.6540553569793701,0.41113990545272827,-0.10943327099084854,0.6166678667068481,0.42616018652915955,-0.1257466822862625,0.6722754836082458,0.48582369089126587,-0.08596968650817871,0.6284425258636475,0.4966467320919037,-0.11886631697416306,0.590971052646637,0.4957984983921051,-0.13613571226596832,0.5582398176193237,0.49080753326416016,-0.14611099660396576,0.6525130867958069,0.5115991234779358,-0.0659719854593277,0.6039467453956604,0.5101161003112793,-0.10215919464826584,0.5636178255081177,0.49813762307167053,-0.11507711559534073,0.5316191911697388,0.48173514008522034,-0.1205022856593132,0.6386539936065674,0.5185682773590088,-0.04920715093612671,0.6080940961837769,0.4955001175403595,-0.08975101262331009,0.6241217851638794,0.4634077548980713,-0.09625166654586792,0.639095664024353,0.4378971755504608,-0.09269826114177704,0.6288204789161682,0.5126774907112122,-0.035869061946868896,0.6066416501998901,0.4940643608570099,-0.0709293857216835,0.6209089756011963,0.46634382009506226,-0.0794314444065094,0.6337052583694458,0.44376206398010254,-0.07930467277765274,Left,0.9596242308616638
6688,156,1,0.3241402506828308,0.3792877793312073,-2.0126655897456658e-07,0.3659156858921051,0.33296558260917664,-0.05161391571164131,0.41658931970596313,0.33834314346313477,-0.08224175870418549,0.45145636796951294,0.37768739461898804,-0.09827164560556412,0.47653472423553467,0.4140085279941559,-0.11256348341703415,0.34385180473327637,0.38388022780418396,-0.11920271068811417,0.40055596828460693,0.41194409132003784,-0.15489450097084045,0.4467279016971588,0.42577335238456726,-0.16876597702503204,0.48717981576919556,0.43498504161834717,-0.1767391711473465,0.33699938654899597,0.43471983075141907,-0.10259200632572174,0.4168846011161804,0.4564812183380127,-0.13688495755195618,0.4711674451828003,0.45806387066841125,-0.1429678201675415,0.5102923512458801,0.4539996385574341,-0.1475672721862793,0.341979444026947,0.4730799198150635,-0.08554793149232864,0.4168289005756378,0.4958326518535614,-0.11867107450962067,0.4666626751422882,0.49210068583488464,-0.12447771430015564,0.5042239427566528,0.48211294412612915,-0.12637411057949066,0.35358983278274536,0.4968332052230835,-0.07030239701271057,0.4140872359275818,0.5092481970787048,-0.09802929311990738,0.44904401898384094,0.5001242160797119,-0.10675901174545288,0.4747694134712219,0.4902536869049072,-0.11128699779510498,Right,0.9967043399810791
6731,157,0,0.7197725176811218,0.43924480676651,7.163051236602769e-07,0.7109532952308655,0.38396283984184265,-0.0609910823404789,0.6713647842407227,0.37526676058769226,-0.09626229852437973,0.6267470717430115,0.39581942558288574,-0.11552706360816956,0.5890985131263733,0.42008498311042786,-0.13300150632858276,0.7083009481430054,0.4647541642189026,-0.12538166344165802,0.6798626184463501,0.48502710461616516,-0.16300185024738312,0.651130735874176,0.49865737557411194,-0.18143583834171295,0.6258499026298523,0.5070580244064331,-0.19300200045108795,0.6872790455818176,0.5083686113357544,-0.10311642289161682,0.6223112344741821,0.5200754404067993,-0.137736514210701,0.5725509524345398,0.513739824295044,-0.14705677330493927,0.5348368883132935,0.49801453948020935,-0.15360844135284424,0.6638197898864746,0.5254685878753662,-0.08079520612955093,0.602872908115387,0.5150383114814758,-0.11185826361179352,0.5761544704437256,0.49473029375076294,-0.11916811019182205,0.5582812428474426,0.47293415665626526,-0.12335282564163208,0.6432154774665833,0.5242851376533508,-0.061284009367227554,0.5964992046356201,0.5040084719657898,-0.08801891654729843,0.5872247219085693,0.4802341163158417,-0.09664648771286011,0.580462634563446,0.45907801389694214,-0.10130013525485992,Left,0.9985609650611877
6731,157,1,0.3263298273086548,0.3878366947174072,-2.1584334319868503e-07,0.3642261028289795,0.3406372666358948,-0.06453588604927063,0.41585585474967957,0.34737294912338257,-0.10194095969200134,0.4578528106212616,0.391782283782959,-0.12181876599788666,0.48952192068099976,0.43592503666877747,-0.13892872631549835,0.3331129848957062,0.39520901441574097,-0.13778062164783478,0.3957256078720093,0.4274793267250061,-0.17912700772285461,0.4441259503364563,0.44284510612487793,-0.19592653214931488,0.4862413704395294,0.45549994707107544,-0.20633728802204132,0.33429548144340515,0.4508521854877472,-0.11505363881587982,0.4167846143245697,0.4741702079772949,-0.15354245901107788,0.4741373360157013,0.4717779755592346,-0.15985484421253204,0.5137648582458496,0.46322280168533325,-0.16582225263118744,0.34583181142807007,0.4872933030128479,-0.0925971046090126,0.4213508069515228,0.5080822706222534,-0.13044406473636627,0.47124183177948,0.49472641944885254,-0.13460300862789154,0.5065239667892456,0.4775252640247345,-0.13602744042873383,0.3622514307498932,0.5075125694274902,-0.07284610718488693,0.41898012161254883,0.5143872499465942,-0.10595259815454483,0.45456308126449585,0.5019636154174805,-0.11634627729654312,0.4799286425113678,0.4887165427207947,-0.122320756316185,Right,0.9912993311882019
6772,158,0,0.7205216288566589,0.43639230728149414,6.991933787503513e-07,0.7022228240966797,0.380632221698761,-0.061388928443193436,0.6588351726531982,0.37412577867507935,-0.09738041460514069,0.6152734756469727,0.3988761007785797,-0.1176053136587143,0.5774570107460022,0.4293333888053894,-0.13590548932552338,0.710922122001648,0.4619171619415283,-0.12420547753572464,0.6793461441993713,0.4837190508842468,-0.1634920984506607,0.6449943780899048,0.4974934458732605,-0.18314842879772186,0.615646243095398,0.5038307905197144,-0.19551903009414673,0.6956775188446045,0.5066044330596924,-0.10289697349071503,0.6288138031959534,0.5255041122436523,-0.1384311467409134,0.5792854428291321,0.5157914161682129,-0.15020321309566498,0.5425429344177246,0.4996802508831024,-0.15917202830314636,0.6748930811882019,0.526619017124176,-0.08191321790218353,0.6087606549263,0.5351112484931946,-0.11623886227607727,0.5638980865478516,0.5200380682945251,-0.1303718090057373,0.5323560237884521,0.5011081695556641,-0.1395030915737152,0.6542145609855652,0.5283868312835693,-0.06324117630720139,0.6028470396995544,0.5246564745903015,-0.09343010187149048,0.575628399848938,0.5066803097724915,-0.10809879004955292,0.555707573890686,0.4904656708240509,-0.11755570769309998,Left,0.990326464176178
6772,158,1,0.33216041326522827,0.3907957673072815,-2.2856217185562855e-07,0.3655526638031006,0.3465709686279297,-0.07231725752353668,0.4126394987106323,0.3555545210838318,-0.11529678851366043,0.456013947725296,0.39563649892807007,-0.13867855072021484,0.4901611804962158,0.43189892172813416,-0.15960998833179474,0.3292137682437897,0.404338538646698,-0.15414731204509735,0.39341139793395996,0.43980884552001953,-0.20032642781734467,0.4422127604484558,0.45350176095962524,-0.21998974680900574,0.48373937606811523,0.4631694555282593,-0.23144406080245972,0.33029040694236755,0.46049264073371887,-0.12743428349494934,0.4113272726535797,0.488225519657135,-0.1694687455892563,0.4669291079044342,0.4801991581916809,-0.17652498185634613,0.5050617456436157,0.4648202359676361,-0.18257567286491394,0.3438483476638794,0.49684563279151917,-0.10077352821826935,0.41768479347229004,0.5168520212173462,-0.14060238003730774,0.4655463695526123,0.49886205792427063,-0.14467467367649078,0.4981059432029724,0.4782516658306122,-0.14618313312530518,0.3626386523246765,0.5172073841094971,-0.07717982679605484,0.41426801681518555,0.5260511040687561,-0.11156763136386871,0.44800397753715515,0.510235071182251,-0.12135232985019684,0.47202593088150024,0.4936158359050751,-0.12673351168632507,Right,0.9938300848007202
6814,159,0,0.7256061434745789,0.425360769033432,7.61474097998871e-07,0.6935614347457886,0.3783159852027893,-0.05682862177491188,0.6444475650787354,0.3724302649497986,-0.09245946258306503,0.6035323739051819,0.40623873472213745,-0.11282631009817123,0.5753344297409058,0.44732382893562317,-0.13174736499786377,0.7044568061828613,0.4345461428165436,-0.12944146990776062,0.6655914187431335,0.46744194626808167,-0.16980671882629395,0.6240408420562744,0.48746392130851746,-0.18700653314590454,0.5881243944168091,0.4986557960510254,-0.19645509123802185,0.7026775479316711,0.49027448892593384,-0.11003097146749496,0.6318576335906982,0.5262470245361328,-0.14582355320453644,0.5760835409164429,0.5233975648880005,-0.1529027819633484,0.5370446443557739,0.5053884983062744,-0.1576840728521347,0.6914101839065552,0.5232207775115967,-0.0901094451546669,0.6241159439086914,0.5483131408691406,-0.12183117121458054,0.5764740705490112,0.5340210199356079,-0.1303231418132782,0.5451297163963318,0.5120341777801514,-0.13536012172698975,0.678596019744873,0.5370208024978638,-0.07247313857078552,0.6274946331977844,0.5450848340988159,-0.09998234361410141,0.5931460857391357,0.5264043807983398,-0.1116357296705246,0.5688767433166504,0.5051223039627075,-0.11866820603609085,Left,0.9980663061141968
6814,159,1,0.3351519703865051,0.3810141384601593,-3.3030130452971207e-07,0.36980098485946655,0.3523353338241577,-0.07119761407375336,0.41509324312210083,0.3693764805793762,-0.11267805844545364,0.4577154219150543,0.4099988639354706,-0.13470882177352905,0.49358049035072327,0.4413185715675354,-0.15392452478408813,0.3276325464248657,0.4256047010421753,-0.1469726711511612,0.4006821811199188,0.46928489208221436,-0.18397583067417145,0.44804447889328003,0.4717680811882019,-0.19390536844730377,0.48830536007881165,0.4674272835254669,-0.19749382138252258,0.3259325921535492,0.4776812195777893,-0.11691276729106903,0.41150858998298645,0.5120171904563904,-0.15242742002010345,0.4665466547012329,0.49638471007347107,-0.1557779759168625,0.5053457617759705,0.47189557552337646,-0.15851141512393951,0.3389076292514801,0.5098116993904114,-0.08599717915058136,0.41668644547462463,0.5319444537162781,-0.11907436698675156,0.461469829082489,0.5073442459106445,-0.1233961284160614,0.4903649389743805,0.4808259904384613,-0.12571747601032257,0.3571877181529999,0.5265178680419922,-0.05775914341211319,0.4122517704963684,0.5353229641914368,-0.08729473501443863,0.44534605741500854,0.5130974054336548,-0.09576933085918427,0.4660075306892395,0.4922245740890503,-0.10025905072689056,Right,0.9967849254608154
6856,160,0,0.7233999371528625,0.42747464776039124,8.073300818978169e-07,0.6918184757232666,0.37981557846069336,-0.06030476838350296,0.6427960395812988,0.3739129602909088,-0.09748504310846329,0.6031476259231567,0.40943896770477295,-0.11833695322275162,0.5755519270896912,0.44767794013023376,-0.1375311315059662,0.7021020650863647,0.43568873405456543,-0.13410049676895142,0.6596372127532959,0.4694801867008209,-0.17590215802192688,0.6162539720535278,0.4863651692867279,-0.19426412880420685,0.5788711309432983,0.4944879412651062,-0.20432469248771667,0.7018038630485535,0.4917815327644348,-0.11276354640722275,0.6300449967384338,0.5286299586296082,-0.15079936385154724,0.5744161009788513,0.5241047143936157,-0.1592639535665512,0.5355387330055237,0.5050544738769531,-0.1645030975341797,0.690403401851654,0.5256555080413818,-0.09077098965644836,0.6234673857688904,0.5489802956581116,-0.12287479639053345,0.5772086977958679,0.5327641367912292,-0.1307285875082016,0.5470726490020752,0.5103007555007935,-0.1352694034576416,0.6775639057159424,0.5424139499664307,-0.07150480896234512,0.6261644959449768,0.545074999332428,-0.09968835860490799,0.5924074649810791,0.5234115719795227,-0.11129143834114075,0.5674494504928589,0.5011215209960938,-0.11794447898864746,Left,0.9988389611244202
6856,160,1,0.3361390233039856,0.38144129514694214,-2.9557480729636154e-07,0.36613404750823975,0.3509114980697632,-0.07669179141521454,0.40832188725471497,0.36634695529937744,-0.12175249308347702,0.45390450954437256,0.40939629077911377,-0.14624978601932526,0.4910019338130951,0.4459821283817291,-0.16802334785461426,0.3242262303829193,0.4266839325428009,-0.15195156633853912,0.3980582654476166,0.46855977177619934,-0.18960843980312347,0.4474770426750183,0.4717753231525421,-0.20016257464885712,0.4882470369338989,0.46938562393188477,-0.20475779473781586,0.3234119713306427,0.48098692297935486,-0.11984257400035858,0.4068337082862854,0.5174703001976013,-0.15724436938762665,0.46233490109443665,0.5019031763076782,-0.1624131202697754,0.49993544816970825,0.4808431565761566,-0.1664731204509735,0.3388103246688843,0.5147424340248108,-0.08677984774112701,0.41649794578552246,0.5351210236549377,-0.12030337750911713,0.45988884568214417,0.5086408853530884,-0.12340990453958511,0.48613521456718445,0.48256799578666687,-0.12518179416656494,0.36049580574035645,0.5324239730834961,-0.05689910426735878,0.4146002531051636,0.5385636687278748,-0.0871824100613594,0.44595810770988464,0.5150668025016785,-0.09456049650907516,0.4636658728122711,0.4952946901321411,-0.09796324372291565,Right,0.9971421957015991
6898,161,0,0.7207491397857666,0.42862263321876526,8.88194847448176e-07,0.6916509866714478,0.3789002597332001,-0.06491943448781967,0.6417321562767029,0.3743799924850464,-0.10359209775924683,0.6021385788917542,0.4132058322429657,-0.12433886528015137,0.5741399526596069,0.4516063630580902,-0.14258918166160583,0.7011709809303284,0.4382230341434479,-0.14188511669635773,0.6581076383590698,0.47296443581581116,-0.18646007776260376,0.614541232585907,0.4889533221721649,-0.20674997568130493,0.5762246251106262,0.49556055665016174,-0.2181960791349411,0.6979398727416992,0.4953213632106781,-0.11789306253194809,0.6248658299446106,0.5318647623062134,-0.15834814310073853,0.568537712097168,0.5272952914237976,-0.1673637479543686,0.5296832323074341,0.5063937306404114,-0.17302536964416504,0.6844048500061035,0.5278671383857727,-0.09319742769002914,0.6137741804122925,0.5401157736778259,-0.12643925845623016,0.5791000127792358,0.5148318409919739,-0.13061687350273132,0.5612461566925049,0.48656636476516724,-0.13239318132400513,0.6709279417991638,0.5421605110168457,-0.0718279629945755,0.613979697227478,0.5307819843292236,-0.1029120534658432,0.5821338295936584,0.5021677017211914,-0.1144801676273346,0.560364842414856,0.47613316774368286,-0.12029237300157547,Left,0.9994891285896301
6898,161,1,0.33666810393333435,0.3825906217098236,-3.049366341656423e-07,0.36648988723754883,0.34998956322669983,-0.08072911202907562,0.4060957133769989,0.36494648456573486,-0.12861953675746918,0.4498567581176758,0.4083636403083801,-0.15514443814754486,0.48748108744621277,0.44558456540107727,-0.1788334846496582,0.32071369886398315,0.4232824146747589,-0.1595601886510849,0.39674896001815796,0.46648743748664856,-0.2005738765001297,0.4479919970035553,0.46951326727867126,-0.21227677166461945,0.4896602928638458,0.46639284491539,-0.21715271472930908,0.32166409492492676,0.47899383306503296,-0.1262148767709732,0.4086456298828125,0.515984058380127,-0.1679152548313141,0.466827392578125,0.4996631145477295,-0.1745159924030304,0.5044701099395752,0.4776979386806488,-0.17909134924411774,0.33907216787338257,0.5151439905166626,-0.09208621084690094,0.4183266758918762,0.5342972278594971,-0.12970373034477234,0.46584558486938477,0.5079582333564758,-0.13450802862644196,0.4938979744911194,0.4810865521430969,-0.1365370899438858,0.36204397678375244,0.5358579754829407,-0.061303090304136276,0.4155600965023041,0.5419310331344604,-0.0942690521478653,0.4485015571117401,0.5191482305526733,-0.10315966606140137,0.4676986634731293,0.4992409348487854,-0.107253298163414,Right,0.995068371295929
6940,162,0,0.7198323011398315,0.42415982484817505,9.284127600039938e-07,0.6886840462684631,0.3763754963874817,-0.06762070953845978,0.641401469707489,0.3747671842575073,-0.10698862373828888,0.6039788722991943,0.414205938577652,-0.1278214007616043,0.57694011926651,0.45371171832084656,-0.14639462530612946,0.7021027207374573,0.442765474319458,-0.14326278865337372,0.6591005921363831,0.479046106338501,-0.18828250467777252,0.6138381361961365,0.49352699518203735,-0.2091263234615326,0.5747257471084595,0.49849262833595276,-0.2206893116235733,0.698674738407135,0.4950709044933319,-0.11789694428443909,0.6256185173988342,0.5343645811080933,-0.1595418006181717,0.5698424577713013,0.5317188501358032,-0.17155349254608154,0.5298033952713013,0.5145812034606934,-0.1789495348930359,0.6846029162406921,0.5253667831420898,-0.09186951071023941,0.6187268495559692,0.5472754836082458,-0.12749549746513367,0.5752601027488708,0.5306522846221924,-0.13757231831550598,0.5461421012878418,0.5080100893974304,-0.143241286277771,0.6701645851135254,0.5391509532928467,-0.0689113438129425,0.617186427116394,0.5314761996269226,-0.10163108259439468,0.5841282606124878,0.5039132237434387,-0.11593985557556152,0.5588845610618591,0.47790494561195374,-0.12369883060455322,Left,0.9994616508483887
6940,162,1,0.3387063145637512,0.38275617361068726,-2.9221425279502e-07,0.3678583800792694,0.3499339818954468,-0.08268788456916809,0.4074930250644684,0.3629390001296997,-0.13221704959869385,0.450503408908844,0.4054446518421173,-0.16058236360549927,0.48546820878982544,0.4464837312698364,-0.1861688196659088,0.32160595059394836,0.4200824797153473,-0.16302162408828735,0.3938782811164856,0.4660577178001404,-0.20658016204833984,0.44480133056640625,0.4691482484340668,-0.2200894057750702,0.48738354444503784,0.4657922387123108,-0.22567975521087646,0.32268255949020386,0.47628253698349,-0.12949040532112122,0.4057941138744354,0.5137282609939575,-0.17375922203063965,0.46376535296440125,0.5005475282669067,-0.18214182555675507,0.5012822151184082,0.48062023520469666,-0.18798165023326874,0.3400566875934601,0.5140568614006042,-0.0954805314540863,0.4149337112903595,0.5370062589645386,-0.13495276868343353,0.4635121822357178,0.5147243738174438,-0.14155085384845734,0.4925477206707001,0.48871853947639465,-0.14465969800949097,0.36276429891586304,0.5368812084197998,-0.06497815996408463,0.41265445947647095,0.5486218333244324,-0.09911441057920456,0.4457150101661682,0.5287644267082214,-0.10930511355400085,0.4655977487564087,0.5086421370506287,-0.1142800897359848,Right,0.9927091002464294
6982,163,0,0.7306594848632812,0.42567476630210876,8.745449235902925e-07,0.6967212557792664,0.37813276052474976,-0.06471188366413116,0.6472888588905334,0.3810754716396332,-0.10074909031391144,0.6081842184066772,0.4228872060775757,-0.1202029138803482,0.5789543986320496,0.4647698402404785,-0.13696105778217316,0.716011106967926,0.4536042809486389,-0.12504538893699646,0.6712352633476257,0.4899384379386902,-0.16597779095172882,0.6257957816123962,0.5062022805213928,-0.1847551465034485,0.5873159766197205,0.511597752571106,-0.19510318338871002,0.7130826115608215,0.506524920463562,-0.10217958688735962,0.6390805244445801,0.5416121482849121,-0.14080606400966644,0.5831266641616821,0.5375301241874695,-0.15212348103523254,0.542050302028656,0.5195881724357605,-0.15839111804962158,0.6978903412818909,0.5362038016319275,-0.08007006347179413,0.6276466250419617,0.5539494752883911,-0.11482732743024826,0.5794254541397095,0.5389043092727661,-0.12651871144771576,0.545077383518219,0.5183346271514893,-0.13266944885253906,0.6811298131942749,0.5472514629364014,-0.06107144057750702,0.626335084438324,0.5408293008804321,-0.09233621507883072,0.5932250022888184,0.515895426273346,-0.10660085827112198,0.567427933216095,0.49256443977355957,-0.11403234302997589,Left,0.9996340870857239
6982,163,1,0.3253483772277832,0.3721385896205902,-3.643845616352337e-07,0.3537261486053467,0.34353959560394287,-0.07430221140384674,0.3896274268627167,0.3565058410167694,-0.1173148825764656,0.42714688181877136,0.40052342414855957,-0.14208172261714935,0.4553503394126892,0.44645610451698303,-0.16387006640434265,0.3043420910835266,0.42555829882621765,-0.13576024770736694,0.3708709478378296,0.47386232018470764,-0.17506077885627747,0.42350324988365173,0.47869545221328735,-0.1907215267419815,0.46671777963638306,0.4754166603088379,-0.19830456376075745,0.30483245849609375,0.47850626707077026,-0.10675931721925735,0.3804000914096832,0.52325040102005,-0.144324392080307,0.4385417103767395,0.5103965997695923,-0.15333230793476105,0.4771413207054138,0.49031728506088257,-0.15919002890586853,0.3204934597015381,0.5127931833267212,-0.07810083776712418,0.38963380455970764,0.5412033200263977,-0.10990900546312332,0.43380671739578247,0.518481969833374,-0.1139245480298996,0.45956113934516907,0.4934981167316437,-0.11586034297943115,0.34239745140075684,0.5314912796020508,-0.05326218903064728,0.3880974054336548,0.54737389087677,-0.08085621893405914,0.4189720153808594,0.5287744998931885,-0.08680902421474457,0.43618685007095337,0.5091923475265503,-0.08873288333415985,Right,0.9966428875923157
7023,164,0,0.7415536046028137,0.4302089214324951,8.833328593027545e-07,0.7057691216468811,0.38426506519317627,-0.06458620727062225,0.6544652581214905,0.38618332147598267,-0.10072724521160126,0.616274356842041,0.42842137813568115,-0.1205863431096077,0.5925040245056152,0.47514015436172485,-0.13788659870624542,0.7289512157440186,0.4585779905319214,-0.12485093623399734,0.6904494166374207,0.4970599114894867,-0.16583746671676636,0.6468664407730103,0.5180542469024658,-0.1851518750190735,0.6086710691452026,0.5266627073287964,-0.1961393505334854,0.7237095236778259,0.5114448070526123,-0.10256783664226532,0.6487517952919006,0.5480322241783142,-0.14105406403541565,0.5922881960868835,0.5464605093002319,-0.152830570936203,0.5516952872276306,0.5295154452323914,-0.1596270203590393,0.7082329392433167,0.5401320457458496,-0.08109349012374878,0.6358299255371094,0.5570399761199951,-0.11651774495840073,0.5861232876777649,0.5435324907302856,-0.12868988513946533,0.5517266392707825,0.5239664316177368,-0.13525278866291046,0.6924105882644653,0.5492716431617737,-0.06262876838445663,0.6366957426071167,0.5413646101951599,-0.09442214667797089,0.6027525663375854,0.5165982842445374,-0.10885949432849884,0.5771698951721191,0.49230942130088806,-0.11645384132862091,Left,0.9990600943565369
7023,164,1,0.3087618052959442,0.36693763732910156,-3.4809534099622397e-07,0.33824753761291504,0.3409963846206665,-0.07450661063194275,0.3742784261703491,0.35848891735076904,-0.11756165325641632,0.4113791584968567,0.4069971442222595,-0.1419893205165863,0.43932995200157166,0.4546892046928406,-0.1634179651737213,0.2878299951553345,0.4234887361526489,-0.13765504956245422,0.3538895547389984,0.4745422899723053,-0.17627191543579102,0.40704116225242615,0.48004889488220215,-0.19046999514102936,0.45084863901138306,0.4763391613960266,-0.1969725489616394,0.2890133857727051,0.47791600227355957,-0.10852440446615219,0.3623518943786621,0.5297213792800903,-0.14605578780174255,0.4207083284854889,0.5169187188148499,-0.15387766063213348,0.4598401188850403,0.4951529800891876,-0.15844842791557312,0.3055565655231476,0.5132992267608643,-0.07950139045715332,0.3740355968475342,0.5459762811660767,-0.11067366600036621,0.41936859488487244,0.5218692421913147,-0.11332826316356659,0.44656676054000854,0.4952652156352997,-0.11427441239356995,0.32785728573799133,0.5320824384689331,-0.05433352664113045,0.3742818832397461,0.5479888916015625,-0.08179684728384018,0.4072442650794983,0.5276864171028137,-0.08720238506793976,0.4264429211616516,0.506806492805481,-0.08858855068683624,Right,0.9960697889328003
7069,165,0,0.7462184429168701,0.436666876077652,8.959063961810898e-07,0.710522472858429,0.38776811957359314,-0.06701511144638062,0.6600490212440491,0.3961678445339203,-0.10402250289916992,0.6232808828353882,0.440804660320282,-0.12376048415899277,0.5987706184387207,0.486333429813385,-0.14117331802845,0.736392617225647,0.4677760899066925,-0.1292492151260376,0.701240062713623,0.504907488822937,-0.1717860847711563,0.6573972702026367,0.5284329056739807,-0.19271697103977203,0.6185948848724365,0.5388368368148804,-0.20483821630477905,0.7317761182785034,0.5197590589523315,-0.10572754591703415,0.6598573327064514,0.559088945388794,-0.1456632763147354,0.6039335131645203,0.558174729347229,-0.15782196819782257,0.5629969239234924,0.5423153638839722,-0.16468219459056854,0.7167965173721313,0.5482397079467773,-0.08300143480300903,0.6455267667770386,0.5696534514427185,-0.12082705646753311,0.5968756675720215,0.556043267250061,-0.13324233889579773,0.5635578632354736,0.5374168753623962,-0.1394626796245575,0.7005984783172607,0.557378351688385,-0.06323283910751343,0.6432709097862244,0.5526947975158691,-0.09723411500453949,0.6102362871170044,0.5263267159461975,-0.11154063791036606,0.5861488580703735,0.501654326915741,-0.11867625266313553,Left,0.99856036901474
7069,165,1,0.2985594868659973,0.36826539039611816,-3.2559970009060635e-07,0.3259395360946655,0.34118521213531494,-0.07147861272096634,0.3597872257232666,0.35626959800720215,-0.11219307780265808,0.39630767703056335,0.4040016233921051,-0.13564705848693848,0.4238201975822449,0.4513523280620575,-0.15602466464042664,0.2719290852546692,0.4263841211795807,-0.12636065483093262,0.3354276120662689,0.4806215763092041,-0.16498339176177979,0.38770240545272827,0.48861655592918396,-0.18033254146575928,0.4275238513946533,0.48555463552474976,-0.1873767226934433,0.27548420429229736,0.48127105832099915,-0.09956801682710648,0.3441031575202942,0.5346300601959229,-0.13547176122665405,0.40106409788131714,0.5219079852104187,-0.14238575100898743,0.4364602267742157,0.49819216132164,-0.14548541605472565,0.2935437262058258,0.5166365504264832,-0.073993980884552,0.35951170325279236,0.5514000058174133,-0.1066572442650795,0.4055406451225281,0.527133047580719,-0.11004994809627533,0.4308488368988037,0.4993957281112671,-0.10997654497623444,0.3162241578102112,0.5349882245063782,-0.05213887616991997,0.3626011610031128,0.5537413358688354,-0.08177146315574646,0.3956094980239868,0.532776415348053,-0.08770255744457245,0.41351139545440674,0.5096757411956787,-0.08815793693065643,Right,0.9960238337516785
7111,166,0,0.7555168867111206,0.42978528141975403,7.571784408355597e-07,0.7110459804534912,0.386960506439209,-0.06375905126333237,0.6592117547988892,0.40149542689323425,-0.09827277809381485,0.6247206330299377,0.45136988162994385,-0.11651774495840073,0.6016138195991516,0.4997222423553467,-0.13202235102653503,0.7408847808837891,0.4657288193702698,-0.12028317898511887,0.7100580334663391,0.5112864375114441,-0.1598244458436966,0.667158305644989,0.5413222312927246,-0.1790798306465149,0.629608154296875,0.5560221076011658,-0.1895640790462494,0.7440454959869385,0.5174842476844788,-0.09692808985710144,0.6817228198051453,0.56517493724823,-0.13443361222743988,0.6342170834541321,0.5684322118759155,-0.1447557806968689,0.6037170886993408,0.551960289478302,-0.1495029777288437,0.7335278987884521,0.5467270016670227,-0.07440977543592453,0.6723742485046387,0.5781666040420532,-0.10819318145513535,0.6270633935928345,0.5678952932357788,-0.11802598088979721,0.5992498993873596,0.5473366975784302,-0.12180778384208679,0.7202039361000061,0.5576332807540894,-0.055061742663383484,0.670531690120697,0.5688638687133789,-0.08579675108194351,0.6358934044837952,0.5529677867889404,-0.0991881936788559,0.6111013889312744,0.5326588749885559,-0.10532186925411224,Left,0.9988341331481934
7111,166,1,0.2984648048877716,0.37209558486938477,-2.340783851195738e-07,0.31635066866874695,0.34123894572257996,-0.07320019602775574,0.34753015637397766,0.3552626967430115,-0.1139931008219719,0.3854818344116211,0.4059428572654724,-0.1375635713338852,0.4130173623561859,0.4591143727302551,-0.15867377817630768,0.26356029510498047,0.426327109336853,-0.11902984231710434,0.31818854808807373,0.4823051691055298,-0.1623479574918747,0.3698611855506897,0.4988883435726166,-0.18592530488967896,0.4091135859489441,0.50201016664505,-0.19886475801467896,0.27246490120887756,0.4842900037765503,-0.09418900310993195,0.3263428211212158,0.5497032999992371,-0.1318310648202896,0.3817417323589325,0.5384517908096313,-0.14200860261917114,0.4160047769546509,0.5129427909851074,-0.1459970623254776,0.2937607169151306,0.519237220287323,-0.07178451120853424,0.35046955943107605,0.5599214434623718,-0.10460656881332397,0.3921334743499756,0.5283415913581848,-0.10450915992259979,0.41237229108810425,0.4936870038509369,-0.10097789764404297,0.31881821155548096,0.5337237119674683,-0.05408834293484688,0.3640577793121338,0.5487080216407776,-0.08385194092988968,0.39396315813064575,0.5217550992965698,-0.08617697656154633,0.4072135090827942,0.4926251173019409,-0.08279387652873993,Right,0.9962732195854187
7154,167,0,0.7524995803833008,0.42693454027175903,8.387922889596666e-07,0.705996036529541,0.38926467299461365,-0.06711985170841217,0.6619256734848022,0.4143645763397217,-0.1029338389635086,0.6324355006217957,0.47129473090171814,-0.12190702557563782,0.6038055419921875,0.5198650360107422,-0.13831520080566406,0.7388787865638733,0.4720260500907898,-0.12217608839273453,0.7048097252845764,0.5338842868804932,-0.16114918887615204,0.6631587743759155,0.5654084086418152,-0.17843692004680634,0.6267076134681702,0.5812740921974182,-0.18793877959251404,0.7484503388404846,0.5201436281204224,-0.09770970791578293,0.6895756125450134,0.5828577876091003,-0.13628774881362915,0.6383399367332458,0.5965471267700195,-0.14826460182666779,0.5985890030860901,0.5902537107467651,-0.15439608693122864,0.7431456446647644,0.5492247343063354,-0.07406817376613617,0.6878389120101929,0.5978711247444153,-0.10859573632478714,0.6394641399383545,0.6049221754074097,-0.12007207423448563,0.6024550199508667,0.598650336265564,-0.12575912475585938,0.7319656610488892,0.5625947713851929,-0.0538441501557827,0.6870741248130798,0.5864629149436951,-0.08598648011684418,0.6509588956832886,0.5822008848190308,-0.10037659853696823,0.6214287281036377,0.5738793015480042,-0.10743555426597595,Left,0.9987464547157288
7154,167,1,0.28223562240600586,0.37399953603744507,-2.3179340757906175e-07,0.3166481852531433,0.3528353273868561,-0.07624480128288269,0.3511008620262146,0.38394302129745483,-0.11538863182067871,0.38054153323173523,0.44415614008903503,-0.13577114045619965,0.4032822549343109,0.5025590658187866,-0.15238916873931885,0.25315630435943604,0.43776747584342957,-0.1256151646375656,0.3086071312427521,0.5111464858055115,-0.1636723279953003,0.3596852123737335,0.5318031907081604,-0.18095546960830688,0.39542603492736816,0.5380736589431763,-0.19045671820640564,0.248199000954628,0.49239465594291687,-0.09617942571640015,0.29977595806121826,0.5728129744529724,-0.1331958770751953,0.35465577244758606,0.57025545835495,-0.14058032631874084,0.38655638694763184,0.5504140257835388,-0.14291323721408844,0.26046663522720337,0.5270668268203735,-0.06830796599388123,0.3168105483055115,0.5776680707931519,-0.0991835743188858,0.3550845980644226,0.5517778992652893,-0.0975683405995369,0.3699607253074646,0.5212350487709045,-0.09373603761196136,0.2809012532234192,0.5447248816490173,-0.045412614941596985,0.32479992508888245,0.565753161907196,-0.07560420036315918,0.35584449768066406,0.5476754903793335,-0.08035444468259811,0.3686773180961609,0.5255597233772278,-0.0791715458035469,Right,0.9975602030754089
7198,168,0,0.748111367225647,0.4273350238800049,8.743277817302442e-07,0.7040236592292786,0.39255863428115845,-0.07637778669595718,0.662471354007721,0.4170210361480713,-0.11884482949972153,0.6331363320350647,0.4741944372653961,-0.14228631556034088,0.6040684580802917,0.5252002477645874,-0.16315723955631256,0.7398396134376526,0.4787101149559021,-0.1421092301607132,0.7032671570777893,0.5425127148628235,-0.18607744574546814,0.6609811186790466,0.5712417364120483,-0.2059163600206375,0.6229102611541748,0.5838547945022583,-0.21721941232681274,0.7463639974594116,0.5273594856262207,-0.11377480626106262,0.6871603727340698,0.5970146059989929,-0.15822508931159973,0.6333051323890686,0.6143128871917725,-0.1739225536584854,0.5891340970993042,0.6129651665687561,-0.18339626491069794,0.73756343126297,0.5578685402870178,-0.08592505753040314,0.6802613735198975,0.6106524467468262,-0.12589870393276215,0.6290863156318665,0.6209709644317627,-0.14023691415786743,0.5874100923538208,0.618232786655426,-0.14827537536621094,0.7222980260848999,0.5713106989860535,-0.06168384104967117,0.6747766733169556,0.597955048084259,-0.09715722501277924,0.6365244388580322,0.5946923494338989,-0.11348553001880646,0.6046884655952454,0.5888465642929077,-0.12263936549425125,Left,0.9976465106010437
7198,168,1,0.28363150358200073,0.3730587959289551,-2.82935616269242e-07,0.3222261369228363,0.36369025707244873,-0.0718739703297615,0.3540405333042145,0.40252357721328735,-0.10947289317846298,0.3802672326564789,0.466792494058609,-0.1291404515504837,0.401355117559433,0.5227281451225281,-0.1450650691986084,0.2530844509601593,0.44675907492637634,-0.12177858501672745,0.305004358291626,0.5227192044258118,-0.15454252064228058,0.3498142659664154,0.5470148921012878,-0.16592839360237122,0.3840925097465515,0.5577862858772278,-0.17137755453586578,0.24148739874362946,0.49651235342025757,-0.09296457469463348,0.29322826862335205,0.5755150318145752,-0.1274978667497635,0.34576237201690674,0.5816195011138916,-0.13392433524131775,0.38119179010391235,0.5716586112976074,-0.1364755779504776,0.24728098511695862,0.5295964479446411,-0.06511013209819794,0.29686325788497925,0.5870696306228638,-0.09600606560707092,0.3402952253818512,0.5792442560195923,-0.09998960793018341,0.366751492023468,0.5642824172973633,-0.10065678507089615,0.2622224688529968,0.5477488040924072,-0.04110860824584961,0.2969379723072052,0.5806434750556946,-0.07083746790885925,0.33170169591903687,0.5722968578338623,-0.07913890480995178,0.35368281602859497,0.5618613958358765,-0.08161704242229462,Right,0.9954805374145508
7239,169,0,0.7486395835876465,0.4314257800579071,8.041496926125546e-07,0.7000535130500793,0.3954511880874634,-0.07221443206071854,0.6542546153068542,0.42275887727737427,-0.11218523234128952,0.6254939436912537,0.4851592481136322,-0.13375471532344818,0.5968694090843201,0.5369263291358948,-0.1532529890537262,0.7306670546531677,0.4728761315345764,-0.14033517241477966,0.701137363910675,0.5431652069091797,-0.18369832634925842,0.6613562703132629,0.5820032358169556,-0.20287302136421204,0.6249234080314636,0.6038269996643066,-0.21359801292419434,0.7402254343032837,0.5269566178321838,-0.11427046358585358,0.6886311769485474,0.6111761331558228,-0.15610957145690918,0.6354795098304749,0.6325201392173767,-0.16956855356693268,0.5922685861587524,0.6318120956420898,-0.17727753520011902,0.7328586578369141,0.5609631538391113,-0.08842696249485016,0.6825884580612183,0.6281569600105286,-0.1262790411710739,0.629493236541748,0.6409435272216797,-0.14058049023151398,0.5875367522239685,0.6372196674346924,-0.14851485192775726,0.7190583348274231,0.5751760005950928,-0.06588045507669449,0.6749189496040344,0.6122415065765381,-0.10126368701457977,0.6345213651657104,0.6117519736289978,-0.11860217899084091,0.6008104681968689,0.603857159614563,-0.12826591730117798,Left,0.9977973103523254
7239,169,1,0.28184622526168823,0.37470951676368713,-3.3846370683932037e-07,0.3218027651309967,0.3685910105705261,-0.07195843011140823,0.35364603996276855,0.4133596420288086,-0.10963401198387146,0.37832361459732056,0.4827643632888794,-0.12942422926425934,0.3991357088088989,0.5418896079063416,-0.14568683505058289,0.25294578075408936,0.45241716504096985,-0.12331842631101608,0.30292701721191406,0.5315006971359253,-0.1599084734916687,0.34732338786125183,0.5581260919570923,-0.17447195947170258,0.38431382179260254,0.5723472237586975,-0.18135206401348114,0.24117359519004822,0.502360999584198,-0.09514215588569641,0.29169777035713196,0.5806518793106079,-0.13187937438488007,0.34604576230049133,0.5919637084007263,-0.14048901200294495,0.3856966495513916,0.588378369808197,-0.1443738043308258,0.24674546718597412,0.5361254811286926,-0.06809628009796143,0.29778149724006653,0.5931678414344788,-0.10173528641462326,0.3445030450820923,0.5896547436714172,-0.10767601430416107,0.37578970193862915,0.579837441444397,-0.10913649201393127,0.2614860534667969,0.5535868406295776,-0.04474939778447151,0.2989564836025238,0.5869525074958801,-0.07566388696432114,0.3364739418029785,0.5819234251976013,-0.08420848101377487,0.3624260425567627,0.5747355222702026,-0.08659446984529495,Right,0.9951892495155334
7283,170,0,0.7483389377593994,0.431496262550354,7.23641221611615e-07,0.6947159767150879,0.3978734612464905,-0.07035671919584274,0.6463978886604309,0.4278591573238373,-0.10758707672357559,0.6184397339820862,0.49327391386032104,-0.12609924376010895,0.592904806137085,0.5502725839614868,-0.1414039433002472,0.7235931754112244,0.47472092509269714,-0.13716326653957367,0.6962863206863403,0.5449627041816711,-0.1762218028306961,0.6528117656707764,0.5820702314376831,-0.1904134303331375,0.6153048276901245,0.5970460772514343,-0.19680513441562653,0.7380476593971252,0.5268921256065369,-0.11076012998819351,0.7158782482147217,0.6278554201126099,-0.1518879383802414,0.6659592390060425,0.6467711925506592,-0.16236087679862976,0.6276208162307739,0.6327379941940308,-0.16599953174591064,0.7337014675140381,0.5615494251251221,-0.0841352716088295,0.7096130847930908,0.6484819054603577,-0.12270773947238922,0.6593945026397705,0.6571214199066162,-0.13728974759578705,0.6248387694358826,0.6418987512588501,-0.14335376024246216,0.7221327424049377,0.5800216197967529,-0.06042569875717163,0.6914253830909729,0.6250962018966675,-0.09740456193685532,0.6518388390541077,0.621975302696228,-0.11602653563022614,0.6213971376419067,0.6060835123062134,-0.12518630921840668,Left,0.9921694993972778
7283,170,1,0.2847449779510498,0.3801826238632202,-2.84576913145429e-07,0.32602179050445557,0.3752828538417816,-0.0757233276963234,0.35618314146995544,0.4248599708080292,-0.11524675786495209,0.3784114420413971,0.49585261940956116,-0.13558928668498993,0.4000716209411621,0.5526514649391174,-0.15231041610240936,0.25367408990859985,0.4526516795158386,-0.13483428955078125,0.30073896050453186,0.5326474905014038,-0.17248143255710602,0.3410579562187195,0.5634560585021973,-0.18634647130966187,0.3757587671279907,0.5840961337089539,-0.19325695931911469,0.24261021614074707,0.502878725528717,-0.10511496663093567,0.28917786478996277,0.5803423523902893,-0.1442161500453949,0.3411020338535309,0.6001476049423218,-0.15337896347045898,0.3809029459953308,0.6035937070846558,-0.15856662392616272,0.24762973189353943,0.5376113057136536,-0.07626599073410034,0.2931631803512573,0.5953484177589417,-0.1124337911605835,0.3408329486846924,0.6010816693305969,-0.12049246579408646,0.3752402365207672,0.5984482765197754,-0.12406264245510101,0.26123160123825073,0.5568810105323792,-0.05120484530925751,0.29390087723731995,0.5918358564376831,-0.084788016974926,0.3310758173465729,0.5930501222610474,-0.09638900309801102,0.3595057725906372,0.5919657349586487,-0.10168464481830597,Right,0.9931864142417908
7326,171,0,0.7503114938735962,0.4225974380970001,6.867633146612206e-07,0.6917993426322937,0.3920968174934387,-0.06111505255103111,0.6433696150779724,0.4291177988052368,-0.0947733148932457,0.615585446357727,0.501121997833252,-0.1127161830663681,0.586000382900238,0.5530953407287598,-0.12778404355049133,0.7238564491271973,0.4690079689025879,-0.12460795789957047,0.6916390657424927,0.5548381805419922,-0.16218489408493042,0.6462371349334717,0.591630220413208,-0.17457951605319977,0.6078169345855713,0.6051782965660095,-0.1787271648645401,0.745548665523529,0.5202991366386414,-0.1017204225063324,0.7082631587982178,0.6193827390670776,-0.1393444538116455,0.6578024625778198,0.6423981189727783,-0.14684168994426727,0.6203184723854065,0.6330986022949219,-0.1484408676624298,0.7463875412940979,0.5558150410652161,-0.07848584651947021,0.7193619012832642,0.645503580570221,-0.1099671721458435,0.6722899079322815,0.6638525724411011,-0.11894164979457855,0.6369797587394714,0.6558120250701904,-0.121957927942276,0.7380261421203613,0.5770279169082642,-0.05822538584470749,0.7151156067848206,0.6378543972969055,-0.08607830107212067,0.6796679496765137,0.6540985703468323,-0.09873845428228378,0.6481041312217712,0.6537907123565674,-0.10434494912624359,Left,0.9980450868606567
7326,171,1,0.2848939895629883,0.3804700970649719,-3.1957856094777526e-07,0.3296799957752228,0.3783949315547943,-0.07366771996021271,0.36274856328964233,0.42964062094688416,-0.11345507949590683,0.384006142616272,0.502788245677948,-0.1348215639591217,0.40351244807243347,0.5619685649871826,-0.1526031643152237,0.25988247990608215,0.4397650957107544,-0.1366369128227234,0.3072740137577057,0.527228057384491,-0.17471832036972046,0.3480565547943115,0.5616078972816467,-0.18764087557792664,0.3820580542087555,0.5847899317741394,-0.19341729581356049,0.2406563013792038,0.4880310595035553,-0.10751821100711823,0.29121312499046326,0.5750951766967773,-0.14598402380943298,0.34338873624801636,0.5979061126708984,-0.1530439853668213,0.38220739364624023,0.6001587510108948,-0.15710918605327606,0.24003872275352478,0.5231668949127197,-0.07900838553905487,0.28660711646080017,0.5946319699287415,-0.11571790277957916,0.3374277949333191,0.6077644228935242,-0.12338610738515854,0.37363845109939575,0.6065362095832825,-0.1264580935239792,0.24959418177604675,0.5461193919181824,-0.0537516288459301,0.2809157073497772,0.5955780744552612,-0.08631652593612671,0.3195993900299072,0.6044342517852783,-0.0972244143486023,0.34900301694869995,0.6042609810829163,-0.1023632138967514,Right,0.9961132407188416
7371,172,0,0.7425620555877686,0.4154423475265503,7.023408556960931e-07,0.6851857304573059,0.3888465464115143,-0.06604830175638199,0.6374203562736511,0.42531368136405945,-0.10257638245820999,0.6112863421440125,0.49383413791656494,-0.12206807732582092,0.5838662385940552,0.5479610562324524,-0.1383051723241806,0.7192930579185486,0.46451905369758606,-0.13241881132125854,0.6845159530639648,0.5514310002326965,-0.16967175900936127,0.6395519375801086,0.5886279344558716,-0.18123123049736023,0.5999854207038879,0.6060727834701538,-0.18547232449054718,0.7407059073448181,0.5161533355712891,-0.10743535310029984,0.6879922747612,0.6132962703704834,-0.14507068693637848,0.6356327533721924,0.6269701719284058,-0.15107904374599457,0.5983745455741882,0.6116234064102173,-0.15198303759098053,0.7414722442626953,0.5521756410598755,-0.08206590265035629,0.696198582649231,0.6374775171279907,-0.11205906420946121,0.6438398361206055,0.6470557451248169,-0.11769819259643555,0.6064651608467102,0.6336566209793091,-0.11935977637767792,0.7338602542877197,0.5735213756561279,-0.060399290174245834,0.6987380981445312,0.6314067244529724,-0.08825401216745377,0.6574959754943848,0.6409704089164734,-0.10015085339546204,0.623431384563446,0.6365820169448853,-0.10559827089309692,Left,0.9984641671180725
7371,172,1,0.28680703043937683,0.3808279037475586,-3.6560567195920157e-07,0.33281078934669495,0.3827992379665375,-0.06828799843788147,0.36474770307540894,0.43684518337249756,-0.10669524222612381,0.38479822874069214,0.5105599164962769,-0.12775184214115143,0.40549901127815247,0.5686162710189819,-0.14555667340755463,0.26542603969573975,0.4368038773536682,-0.13148437440395355,0.3151233196258545,0.5286535024642944,-0.16857309639453888,0.35673588514328003,0.5665529370307922,-0.18079453706741333,0.38890495896339417,0.5919508337974548,-0.1858576238155365,0.2418210506439209,0.48302438855171204,-0.10427627712488174,0.2909976840019226,0.5754303336143494,-0.13988837599754333,0.3422744572162628,0.5972970724105835,-0.14360488951206207,0.3770648241043091,0.5988849997520447,-0.14567910134792328,0.23819500207901,0.5178001523017883,-0.07737772911787033,0.27826201915740967,0.5994279384613037,-0.11394836008548737,0.32794803380966187,0.6124734878540039,-0.11949535459280014,0.3604104220867157,0.610668420791626,-0.12065275013446808,0.24510571360588074,0.5429301261901855,-0.052904386073350906,0.2713876962661743,0.6005001068115234,-0.08407963067293167,0.3092529773712158,0.6110824346542358,-0.09233638644218445,0.33611199259757996,0.6106693148612976,-0.09561154991388321,Right,0.9940863251686096
7414,173,0,0.7340226769447327,0.4080054759979248,7.475712209270569e-07,0.6757791042327881,0.388924777507782,-0.0620744451880455,0.6301456689834595,0.4282228648662567,-0.09679261595010757,0.6064466238021851,0.4974678158760071,-0.11545158177614212,0.5784252882003784,0.5488945245742798,-0.13048452138900757,0.713828444480896,0.4620509743690491,-0.12347051501274109,0.6741423010826111,0.5507358908653259,-0.1572614312171936,0.6307271122932434,0.5897671580314636,-0.16626611351966858,0.5931479930877686,0.6086233854293823,-0.16881082952022552,0.7410497069358826,0.512043833732605,-0.0994672179222107,0.687081515789032,0.6108815670013428,-0.1335441768169403,0.6356296539306641,0.6302469968795776,-0.1379317343235016,0.5974763631820679,0.6195635199546814,-0.13776622712612152,0.7470588684082031,0.5479509830474854,-0.07499808818101883,0.7005980610847473,0.6340716481208801,-0.10197985172271729,0.6492986679077148,0.6471269130706787,-0.10689694434404373,0.6116419434547424,0.6373493671417236,-0.10827965289354324,0.7428951263427734,0.5703233480453491,-0.05405157804489136,0.7054967284202576,0.624252200126648,-0.07935306429862976,0.6646724343299866,0.6353079676628113,-0.09039553254842758,0.6307483315467834,0.6334625482559204,-0.09523040801286697,Left,0.9985470771789551
7414,173,1,0.28911611437797546,0.38307374715805054,-3.7921373063909414e-07,0.3351632356643677,0.3856259286403656,-0.0670967847108841,0.36673370003700256,0.4373999834060669,-0.10495097190141678,0.38535887002944946,0.5111419558525085,-0.12619322538375854,0.40398237109184265,0.5705828070640564,-0.1441716104745865,0.2687501013278961,0.4330682158470154,-0.12826576828956604,0.3147241473197937,0.5262066721916199,-0.16568084061145782,0.3552415072917938,0.5683571696281433,-0.17846034467220306,0.38478347659111023,0.5964347124099731,-0.18406260013580322,0.2427266389131546,0.4802572727203369,-0.10223223268985748,0.2878316044807434,0.5742978453636169,-0.13723330199718475,0.3408415913581848,0.6018312573432922,-0.13999991118907928,0.37604808807373047,0.6062864065170288,-0.14166544377803802,0.23750129342079163,0.5165325403213501,-0.07689832150936127,0.27350836992263794,0.6005223989486694,-0.11319296807050705,0.3243679404258728,0.6185532808303833,-0.11748041957616806,0.3568532466888428,0.6192560195922852,-0.11785809695720673,0.24324405193328857,0.5438775420188904,-0.054105911403894424,0.26467403769493103,0.604543924331665,-0.0848395973443985,0.30295637249946594,0.6186984181404114,-0.09219229221343994,0.3300449550151825,0.6192613244056702,-0.09486351907253265,Right,0.9950292110443115
7458,174,0,0.7248764634132385,0.4041596055030823,7.128528523026034e-07,0.6683186888694763,0.39236682653427124,-0.06111228093504906,0.6249251365661621,0.43643251061439514,-0.09700335562229156,0.6010743379592896,0.5054260492324829,-0.11740074306726456,0.5738294720649719,0.55877286195755,-0.13450300693511963,0.7074476480484009,0.45651885867118835,-0.1293729841709137,0.665264368057251,0.5501089692115784,-0.16322289407253265,0.6221527457237244,0.5926924347877502,-0.16905395686626434,0.5875685811042786,0.6135185956954956,-0.16866478323936462,0.7391164302825928,0.5018823742866516,-0.10664726793766022,0.6899385452270508,0.6058217287063599,-0.14208857715129852,0.6383309364318848,0.6320139169692993,-0.14399504661560059,0.6032910346984863,0.6246007084846497,-0.14115023612976074,0.7505360841751099,0.5384314656257629,-0.08310941606760025,0.7143847346305847,0.6320469975471497,-0.11160615086555481,0.667316734790802,0.6535977721214294,-0.11449721455574036,0.6347964406013489,0.6482681035995483,-0.11277350038290024,0.7510142922401428,0.56550133228302,-0.06290261447429657,0.731843113899231,0.6399268507957458,-0.08857055008411407,0.6983816623687744,0.6589757204055786,-0.09746163338422775,0.6687172055244446,0.6572235822677612,-0.09954656660556793,Left,0.9952753186225891
7458,174,1,0.2953023910522461,0.3874651789665222,-3.745107335362263e-07,0.3400822579860687,0.39182335138320923,-0.06501885503530502,0.3718665838241577,0.4416695833206177,-0.10229191929101944,0.3887130320072174,0.5155148506164551,-0.12379176914691925,0.40275847911834717,0.5764944553375244,-0.14148469269275665,0.27544355392456055,0.43074190616607666,-0.12599608302116394,0.3163715898990631,0.5281614661216736,-0.1621992588043213,0.3556273579597473,0.5734571218490601,-0.1733880490064621,0.3835541605949402,0.6025433540344238,-0.17774081230163574,0.24577544629573822,0.47593027353286743,-0.10106401145458221,0.2826664447784424,0.5727000832557678,-0.13480588793754578,0.3329916298389435,0.6049950122833252,-0.13543327152729034,0.366793692111969,0.6100577116012573,-0.13549385964870453,0.23731522262096405,0.5119113326072693,-0.07679357379674911,0.2638380527496338,0.5995323061943054,-0.11151013523340225,0.31186550855636597,0.6221221089363098,-0.11347494274377823,0.3433903753757477,0.6224936246871948,-0.11211999505758286,0.23999974131584167,0.5405513048171997,-0.05512993410229683,0.25276580452919006,0.6050748229026794,-0.0840759351849556,0.2891054153442383,0.6221585273742676,-0.08968710154294968,0.31565412878990173,0.6211086511611938,-0.09109936654567719,Right,0.9959181547164917
7502,175,0,0.7252365350723267,0.39993733167648315,6.46100204448885e-07,0.6644794940948486,0.3976908326148987,-0.05673621967434883,0.6210735440254211,0.4498503804206848,-0.09058813750743866,0.5971872210502625,0.5246753692626953,-0.10995633155107498,0.5670614242553711,0.579096257686615,-0.1265619993209839,0.6998215913772583,0.461442232131958,-0.12138456851243973,0.6601565480232239,0.5637198686599731,-0.15279313921928406,0.621614396572113,0.6114280819892883,-0.15891094505786896,0.5907737612724304,0.6401610374450684,-0.1598539799451828,0.7346585392951965,0.504713237285614,-0.10054804384708405,0.6850894093513489,0.6176654696464539,-0.13124379515647888,0.63493412733078,0.6444504857063293,-0.13188350200653076,0.6001980304718018,0.642326831817627,-0.13031604886054993,0.7495944499969482,0.5409495830535889,-0.07890047878026962,0.7074999213218689,0.6395708322525024,-0.10371718555688858,0.6596570014953613,0.6569086313247681,-0.10578641295433044,0.6268978118896484,0.650626003742218,-0.10551666468381882,0.752596378326416,0.568466305732727,-0.06046409532427788,0.7288207411766052,0.6473186612129211,-0.08306902647018433,0.6937257647514343,0.6615775227546692,-0.09067535400390625,0.6639184355735779,0.6558486223220825,-0.09362469613552094,Left,0.9947401881217957
7502,175,1,0.30538108944892883,0.3886045217514038,-3.8230083987400576e-07,0.3484991490840912,0.3978123664855957,-0.058087125420570374,0.37651705741882324,0.4494689106941223,-0.09336201846599579,0.38691800832748413,0.5241767168045044,-0.11553134024143219,0.39838409423828125,0.587128221988678,-0.13454501330852509,0.2897651195526123,0.42849496006965637,-0.11617729812860489,0.31892967224121094,0.5305391550064087,-0.15176212787628174,0.35377997159957886,0.5841001272201538,-0.1649003028869629,0.3767276704311371,0.6192933320999146,-0.1710987538099289,0.2527032196521759,0.4649902284145355,-0.0955764651298523,0.2731529176235199,0.5620166659355164,-0.1309189647436142,0.31777888536453247,0.6054466366767883,-0.13484181463718414,0.3508157432079315,0.6187490820884705,-0.1365317851305008,0.23655745387077332,0.4950939118862152,-0.07518698275089264,0.23976656794548035,0.5831064581871033,-0.1096414104104042,0.2782856225967407,0.6190268397331238,-0.11445268988609314,0.30896759033203125,0.6266921758651733,-0.11440558731555939,0.23236516118049622,0.5201453566551208,-0.05689680576324463,0.22971823811531067,0.5851159691810608,-0.08361577242612839,0.2556716799736023,0.6128926277160645,-0.09031090885400772,0.27827775478363037,0.6185154318809509,-0.09262976795434952,Right,0.9937191009521484
7546,176,0,0.7232640981674194,0.40248262882232666,6.719120051457139e-07,0.662879467010498,0.3989529013633728,-0.05570569261908531,0.62076735496521,0.4517388641834259,-0.09006194770336151,0.5975084900856018,0.5257390141487122,-0.1099882647395134,0.5671230554580688,0.5788533687591553,-0.12747642397880554,0.6956152319908142,0.46371573209762573,-0.12663260102272034,0.6574082374572754,0.5677481293678284,-0.15983350574970245,0.6185637712478638,0.6165135502815247,-0.16621868312358856,0.5881017446517944,0.6423028707504272,-0.16628700494766235,0.731576681137085,0.5051871538162231,-0.1060502901673317,0.6859381198883057,0.6171207427978516,-0.13952362537384033,0.6353096961975098,0.6486862897872925,-0.14080661535263062,0.6000889539718628,0.6441085338592529,-0.13848808407783508,0.748165488243103,0.5394898056983948,-0.08406906574964523,0.7139884829521179,0.6408315300941467,-0.11017990112304688,0.6674673557281494,0.6629186272621155,-0.11267959326505661,0.6346529722213745,0.6557914614677429,-0.11188402026891708,0.7527618408203125,0.5651698708534241,-0.06501713395118713,0.7348219156265259,0.6468760371208191,-0.08888868242502213,0.7008925080299377,0.6659131646156311,-0.09702678769826889,0.670346200466156,0.6606515049934387,-0.09944037348031998,Left,0.9941626191139221
7546,176,1,0.3080940842628479,0.3888288736343384,-3.5868916370418447e-07,0.3493807911872864,0.3986330032348633,-0.05826325714588165,0.37703126668930054,0.44981932640075684,-0.09553708881139755,0.38763266801834106,0.5261062383651733,-0.1199699342250824,0.39780718088150024,0.5922092199325562,-0.14149054884910583,0.2932070791721344,0.4305618405342102,-0.11874246597290039,0.32009121775627136,0.5374667048454285,-0.15619225800037384,0.35242170095443726,0.5951825380325317,-0.1702464073896408,0.3737955093383789,0.6321622729301453,-0.1766379177570343,0.25459587574005127,0.46412861347198486,-0.09860864281654358,0.26901739835739136,0.5646068453788757,-0.1362074911594391,0.3121238648891449,0.6107392311096191,-0.1408488154411316,0.34541139006614685,0.6240053772926331,-0.14249522984027863,0.23772595822811127,0.49301400780677795,-0.07847421616315842,0.23606427013874054,0.5818837881088257,-0.11449860036373138,0.27325931191444397,0.6214807033538818,-0.1198912188410759,0.30417361855506897,0.6298906207084656,-0.11987745761871338,0.23306691646575928,0.5181167721748352,-0.0602746345102787,0.2251598834991455,0.5823646783828735,-0.08689979463815689,0.24947188794612885,0.612135112285614,-0.09309549629688263,0.2720116972923279,0.6179695129394531,-0.09507244825363159,Right,0.9941588044166565
7589,177,0,0.7278664112091064,0.3986073434352875,6.780746275580896e-07,0.6642410159111023,0.39506256580352783,-0.05409536883234978,0.6212964653968811,0.4511469304561615,-0.08709494024515152,0.5992472171783447,0.5269856452941895,-0.10595455765724182,0.5676844120025635,0.5789948105812073,-0.12233583629131317,0.6909306645393372,0.4639506936073303,-0.12482023239135742,0.6554105281829834,0.569668173789978,-0.15762002766132355,0.6188042163848877,0.6213569641113281,-0.16269558668136597,0.590523362159729,0.6466195583343506,-0.16118231415748596,0.7288446426391602,0.5042216777801514,-0.10488298535346985,0.689981997013092,0.617222785949707,-0.13978838920593262,0.6405559182167053,0.6546511650085449,-0.14123374223709106,0.6050624847412109,0.6500786542892456,-0.1372789740562439,0.7469850778579712,0.5356196761131287,-0.08331722021102905,0.7203066349029541,0.6403998732566833,-0.11051053553819656,0.6769664287567139,0.6686459183692932,-0.11282403022050858,0.644661545753479,0.6636130213737488,-0.11033973842859268,0.7524440288543701,0.5582241415977478,-0.0644519105553627,0.7405267953872681,0.638784646987915,-0.08921577781438828,0.7121555209159851,0.6663710474967957,-0.0981450155377388,0.6842487454414368,0.6688286066055298,-0.09988781809806824,Left,0.9947457909584045
7589,177,1,0.3042054772377014,0.3972095847129822,-2.6439724365445727e-07,0.35025954246520996,0.40258657932281494,-0.06881773471832275,0.3779709041118622,0.4550696611404419,-0.11300311237573624,0.3891390264034271,0.5329282283782959,-0.1410890370607376,0.4002092480659485,0.6020318269729614,-0.16621270775794983,0.29440024495124817,0.4277259111404419,-0.14603430032730103,0.3198198676109314,0.5320175290107727,-0.18862858414649963,0.3525146245956421,0.5963069796562195,-0.20323729515075684,0.3729156255722046,0.6405840516090393,-0.21053121984004974,0.25461429357528687,0.4647577106952667,-0.12281253188848495,0.255815714597702,0.5679389238357544,-0.16912685334682465,0.3050087094306946,0.6171513199806213,-0.17468878626823425,0.3422092795372009,0.6306763291358948,-0.1761012226343155,0.23776987195014954,0.49789249897003174,-0.09897425025701523,0.22568181157112122,0.5878220200538635,-0.14253762364387512,0.26935967803001404,0.6291802525520325,-0.14941349625587463,0.3037561774253845,0.6363199949264526,-0.14970780909061432,0.23379254341125488,0.5252519249916077,-0.0771586075425148,0.2222023606300354,0.5892878174781799,-0.10795480012893677,0.25019925832748413,0.6212384700775146,-0.11559057235717773,0.27539557218551636,0.6281357407569885,-0.11896508187055588,Right,0.9939911961555481
7634,178,0,0.7250716090202332,0.4079722762107849,7.317908057302702e-07,0.6603949069976807,0.40481364727020264,-0.05274897813796997,0.6215835809707642,0.4645155668258667,-0.08403070271015167,0.6020200848579407,0.5421895384788513,-0.09984393417835236,0.5707547664642334,0.5935715436935425,-0.11336144804954529,0.682919442653656,0.4802456796169281,-0.12630397081375122,0.6537768244743347,0.5833969116210938,-0.15856972336769104,0.6154753565788269,0.6404814124107361,-0.1632835865020752,0.5853865146636963,0.6718058586120605,-0.16141368448734283,0.724147379398346,0.5127135515213013,-0.10482928156852722,0.7218238711357117,0.6313537359237671,-0.14226318895816803,0.6753500699996948,0.6709784269332886,-0.14223887026309967,0.638819694519043,0.6705819964408875,-0.13600103557109833,0.7452288866043091,0.539341151714325,-0.08123097568750381,0.7489606738090515,0.6451004147529602,-0.11080785095691681,0.7005250453948975,0.6753574013710022,-0.11317329853773117,0.6628251075744629,0.674614429473877,-0.10920163989067078,0.7509260177612305,0.5584967136383057,-0.05965610593557358,0.7475969195365906,0.6378077268600464,-0.08340651541948318,0.7137118577957153,0.661976158618927,-0.09061402827501297,0.6820775866508484,0.6643857955932617,-0.09108396619558334,Left,0.9962068796157837
7634,178,1,0.3068612813949585,0.39286959171295166,-2.5488751020930067e-07,0.35373038053512573,0.4046866297721863,-0.06300310045480728,0.38268330693244934,0.4595571458339691,-0.10367707163095474,0.39032602310180664,0.5363485217094421,-0.12937521934509277,0.39728593826293945,0.6048903465270996,-0.15109236538410187,0.30390068888664246,0.43920180201530457,-0.1352699100971222,0.3286878764629364,0.5424139499664307,-0.1760713905096054,0.36155039072036743,0.6057849526405334,-0.18835154175758362,0.38230443000793457,0.6449976563453674,-0.19283485412597656,0.2619073688983917,0.47334644198417664,-0.11385281383991241,0.2513447403907776,0.5686219334602356,-0.15995241701602936,0.29694515466690063,0.6156792640686035,-0.1636715829372406,0.3319183886051178,0.6258418560028076,-0.161518394947052,0.2424076944589615,0.5062036514282227,-0.09165685623884201,0.22846946120262146,0.5894412994384766,-0.13464492559432983,0.27415385842323303,0.6279881000518799,-0.13889384269714355,0.30817875266075134,0.6326452493667603,-0.1351662576198578,0.23596468567848206,0.5313805341720581,-0.07115574926137924,0.2246571183204651,0.5935987234115601,-0.09898258000612259,0.2566760182380676,0.625874400138855,-0.10263966768980026,0.28580382466316223,0.6318995952606201,-0.10177922248840332,Right,0.9948622584342957
7677,179,0,0.7290785908699036,0.4139630198478699,7.29727332782204e-07,0.6620414853096008,0.41074758768081665,-0.05169651657342911,0.6225597262382507,0.47069674730300903,-0.08272210508584976,0.6034353375434875,0.548621654510498,-0.09853771328926086,0.5711572170257568,0.5994214415550232,-0.11220087856054306,0.6847453117370605,0.4819486439228058,-0.125421404838562,0.6580014824867249,0.5843702554702759,-0.158717080950737,0.6201817393302917,0.6416724920272827,-0.16433563828468323,0.5901287794113159,0.6736868023872375,-0.16313351690769196,0.7266948223114014,0.5139306783676147,-0.10477275401353836,0.7243485450744629,0.6324775815010071,-0.1433294415473938,0.6781755685806274,0.6716921329498291,-0.1438981294631958,0.6421321630477905,0.6724470853805542,-0.1381497085094452,0.7482488751411438,0.5408691763877869,-0.0820765420794487,0.7500127553939819,0.6471790671348572,-0.11242673546075821,0.7012403011322021,0.6766181588172913,-0.11481351405382156,0.6639906167984009,0.6764678955078125,-0.11083852499723434,0.7540382742881775,0.5607434511184692,-0.06136641651391983,0.7492868304252625,0.6397272944450378,-0.0854063630104065,0.7156655192375183,0.6638134717941284,-0.09277303516864777,0.684831440448761,0.6668470501899719,-0.09350456297397614,Left,0.9968560934066772
7677,179,1,0.3015294671058655,0.3956443667411804,-2.7738656172004994e-07,0.35484984517097473,0.4020223021507263,-0.06300772726535797,0.38287901878356934,0.4602632522583008,-0.10131706297397614,0.3860659599304199,0.5394724011421204,-0.12419280409812927,0.39651253819465637,0.6039045453071594,-0.14308933913707733,0.3011508882045746,0.43480509519577026,-0.13580714166164398,0.3245787024497986,0.5355436205863953,-0.17753741145133972,0.35878807306289673,0.5988215804100037,-0.1921767294406891,0.37855255603790283,0.6402033567428589,-0.19923020899295807,0.26072052121162415,0.47540831565856934,-0.1143530011177063,0.2503027319908142,0.5720025897026062,-0.157200887799263,0.29859989881515503,0.6171108484268188,-0.15888382494449615,0.33262279629707336,0.6240347623825073,-0.15687589347362518,0.2420482039451599,0.5109034776687622,-0.09279406815767288,0.22582387924194336,0.5948394536972046,-0.13282014429569244,0.2725759446620941,0.6315765976905823,-0.13585007190704346,0.30425965785980225,0.6333944201469421,-0.1330881267786026,0.2363627552986145,0.5375808477401733,-0.07350631058216095,0.2251136302947998,0.596281886100769,-0.10134676098823547,0.25722354650497437,0.6303109526634216,-0.10719645768404007,0.28353363275527954,0.6363663673400879,-0.10900195688009262,Right,0.9940811991691589
7720,180,0,0.7297326922416687,0.415296733379364,7.036000511106977e-07,0.6620197892189026,0.41078951954841614,-0.049129851162433624,0.6229231953620911,0.4740884006023407,-0.0775715708732605,0.6038826107978821,0.554082453250885,-0.091448575258255,0.5706790089607239,0.6027029156684875,-0.10377875715494156,0.6823025941848755,0.4848613440990448,-0.12010198831558228,0.6573446989059448,0.5887189507484436,-0.1530531495809555,0.6217543482780457,0.6469877362251282,-0.16030526161193848,0.5930584669113159,0.6814324855804443,-0.1606641709804535,0.7256214618682861,0.5148482322692871,-0.10032904148101807,0.7211415767669678,0.6330453753471375,-0.1378895342350006,0.6749268174171448,0.6714571714401245,-0.1393667608499527,0.638593852519989,0.6725994348526001,-0.13465242087841034,0.7485114932060242,0.5393127202987671,-0.07858052849769592,0.7481635808944702,0.6462019681930542,-0.10788817703723907,0.700423002243042,0.675776481628418,-0.11068874597549438,0.6633548736572266,0.6765708923339844,-0.10735248774290085,0.7553962469100952,0.557245135307312,-0.05874590575695038,0.7487770915031433,0.6371996402740479,-0.08234736323356628,0.7150518894195557,0.6619370579719543,-0.09001601487398148,0.6837581396102905,0.666438102722168,-0.09124233573675156,Left,0.9964525103569031
7720,180,1,0.30178332328796387,0.39802825450897217,-2.4792339559098764e-07,0.35594603419303894,0.40290334820747375,-0.06794853508472443,0.38378626108169556,0.4634634256362915,-0.10763948410749435,0.3868262767791748,0.5458508133888245,-0.13069120049476624,0.39685356616973877,0.6121401786804199,-0.149619922041893,0.300876647233963,0.43260061740875244,-0.14072361588478088,0.3236979842185974,0.530549168586731,-0.18562626838684082,0.35848870873451233,0.5951671600341797,-0.20329569280147552,0.3791208565235138,0.6387850046157837,-0.2123800814151764,0.2613687515258789,0.47537463903427124,-0.1173611581325531,0.24928608536720276,0.5708024501800537,-0.1635265350341797,0.29846352338790894,0.616266131401062,-0.1676725596189499,0.3333290219306946,0.6242075562477112,-0.1670510321855545,0.24315637350082397,0.5135709047317505,-0.09433840960264206,0.2274555265903473,0.5969460010528564,-0.13729557394981384,0.2749149203300476,0.632301926612854,-0.14149174094200134,0.3072594404220581,0.6339759826660156,-0.13895858824253082,0.23744040727615356,0.5424339771270752,-0.07396040856838226,0.2278691828250885,0.6006256937980652,-0.10336785018444061,0.26084575057029724,0.6319762468338013,-0.10961512476205826,0.28813761472702026,0.6366848349571228,-0.1114949882030487,Right,0.9932764768600464
7762,181,0,0.7271348237991333,0.41144412755966187,6.873039524180058e-07,0.6588425040245056,0.4092520475387573,-0.04853448644280434,0.6203659772872925,0.4736971855163574,-0.07737290114164352,0.6018193960189819,0.5531394481658936,-0.09139671921730042,0.5695608854293823,0.6030405759811401,-0.104282908141613,0.6779817342758179,0.48231780529022217,-0.12393899261951447,0.6569608449935913,0.5834793448448181,-0.15879271924495697,0.6231018304824829,0.6461358666419983,-0.16711704432964325,0.5955138206481934,0.6849173903465271,-0.1679629534482956,0.7215825319290161,0.5116510987281799,-0.10422663390636444,0.7197028398513794,0.6298379302024841,-0.14261218905448914,0.675397515296936,0.6682637333869934,-0.1429896503686905,0.6414089202880859,0.6680467128753662,-0.13714933395385742,0.7457044124603271,0.5349642038345337,-0.0823594406247139,0.747382640838623,0.642335057258606,-0.11198252439498901,0.7001388669013977,0.6719467639923096,-0.11268912255764008,0.6640475392341614,0.6715672016143799,-0.10746201127767563,0.7540470361709595,0.5514119267463684,-0.0622955821454525,0.7488834857940674,0.6328752040863037,-0.08610730618238449,0.7147976160049438,0.6571803689002991,-0.09281112998723984,0.683233916759491,0.6596969962120056,-0.09291242063045502,Left,0.9953111410140991
7762,181,1,0.3035549223423004,0.395053893327713,-3.0664267569591175e-07,0.35714614391326904,0.4016701579093933,-0.06471878290176392,0.3841637969017029,0.46216633915901184,-0.10330604761838913,0.38635873794555664,0.542413592338562,-0.12602674961090088,0.39641451835632324,0.6077072620391846,-0.14475607872009277,0.30154648423194885,0.4326041638851166,-0.13785721361637115,0.3239718973636627,0.5316563248634338,-0.18180477619171143,0.35839149355888367,0.5957680344581604,-0.19885410368442535,0.3779800832271576,0.6404415369033813,-0.2075354903936386,0.26142096519470215,0.4729870855808258,-0.11564186215400696,0.2537064850330353,0.5709107518196106,-0.15933263301849365,0.30420368909835815,0.6168429851531982,-0.1613275706768036,0.33846524357795715,0.6242324113845825,-0.15979361534118652,0.24284768104553223,0.5083913803100586,-0.09373770654201508,0.22659078240394592,0.5955748558044434,-0.13491873443126678,0.2745605707168579,0.6327736973762512,-0.1380102038383484,0.30662256479263306,0.6342935562133789,-0.1350918561220169,0.23719072341918945,0.5348981022834778,-0.07428231090307236,0.2248886525630951,0.596834659576416,-0.10244697332382202,0.2581654191017151,0.6320564150810242,-0.10836763679981232,0.28573092818260193,0.6378233432769775,-0.11028394848108292,Right,0.9908902645111084
7804,182,0,0.7261888980865479,0.41151541471481323,7.126468517526519e-07,0.6578625440597534,0.4104388356208801,-0.049453068524599075,0.620019793510437,0.47443482279777527,-0.07902055233716965,0.5999974608421326,0.5528704524040222,-0.09323717653751373,0.5680100321769714,0.602898120880127,-0.10625476390123367,0.6778689026832581,0.4809655547142029,-0.1273902952671051,0.657350480556488,0.5826867818832397,-0.16125355660915375,0.6249356865882874,0.6473844051361084,-0.1688871532678604,0.5989822745323181,0.6889885663986206,-0.1697249561548233,0.722115159034729,0.5097445249557495,-0.10703899711370468,0.7226306200027466,0.6304382085800171,-0.14435987174510956,0.6790627837181091,0.67085200548172,-0.1438002735376358,0.6453728079795837,0.6734694242477417,-0.13796395063400269,0.7468609809875488,0.5329733490943909,-0.08437974750995636,0.7496300339698792,0.6435732841491699,-0.11328723281621933,0.7014366388320923,0.6728243827819824,-0.11407459527254105,0.6645115613937378,0.6730484366416931,-0.10940569639205933,0.7550982236862183,0.5501540899276733,-0.06351447105407715,0.7498247623443604,0.6327832937240601,-0.08707640320062637,0.7144421935081482,0.6571020483970642,-0.09429211169481277,0.6815749406814575,0.6605800986289978,-0.09516356140375137,Left,0.992811918258667
7804,182,1,0.3081338405609131,0.3948690891265869,-3.1179186521512747e-07,0.3597523868083954,0.40485596656799316,-0.06245040148496628,0.3844234347343445,0.46440860629081726,-0.10118014365434647,0.38552093505859375,0.5438423752784729,-0.12428086251020432,0.39717134833335876,0.609115719795227,-0.14367811381816864,0.30420246720314026,0.4333629906177521,-0.13886630535125732,0.3256469964981079,0.5351166725158691,-0.1825893223285675,0.35967186093330383,0.5995383262634277,-0.19844603538513184,0.37949874997138977,0.6429421901702881,-0.2058829963207245,0.262075811624527,0.47051459550857544,-0.1173606812953949,0.25455442070961,0.5729709267616272,-0.16232798993587494,0.30491822957992554,0.6204630136489868,-0.16408567130565643,0.3403940796852112,0.6283603310585022,-0.16168929636478424,0.24219471216201782,0.5037091374397278,-0.09563060104846954,0.22482679784297943,0.5954592823982239,-0.13757295906543732,0.27113133668899536,0.6345220804214478,-0.14088968932628632,0.30343151092529297,0.6376746296882629,-0.13764385879039764,0.23602433502674103,0.5292080044746399,-0.07584443688392639,0.22365938127040863,0.5938794612884521,-0.1040869727730751,0.25510063767433167,0.6298860907554626,-0.10997214168310165,0.2813297510147095,0.637043833732605,-0.11164042353630066,Right,0.9898623824119568
7846,183,0,0.7270904779434204,0.4132525324821472,7.242950914587709e-07,0.6577959060668945,0.4116690754890442,-0.05130859464406967,0.6196767091751099,0.4757685363292694,-0.08212451636791229,0.5994832515716553,0.5547171235084534,-0.09724798053503036,0.5665314793586731,0.6052061319351196,-0.11137030273675919,0.6769409775733948,0.48276013135910034,-0.13075394928455353,0.6573954820632935,0.5851067900657654,-0.16641291975975037,0.6274436116218567,0.6521764397621155,-0.17597416043281555,0.6041545867919922,0.6972556710243225,-0.17837950587272644,0.7228870987892151,0.5110672116279602,-0.10983729362487793,0.7225960493087769,0.6322641372680664,-0.14801177382469177,0.6784143447875977,0.6749300956726074,-0.14825989305973053,0.6433529853820801,0.6810762882232666,-0.14346079528331757,0.7489343881607056,0.5337506532669067,-0.08666089922189713,0.749964714050293,0.6447445750236511,-0.11617404967546463,0.7010856866836548,0.6759090423583984,-0.11762451380491257,0.6629053354263306,0.6779319047927856,-0.11380470544099808,0.7578164339065552,0.550609290599823,-0.06542254239320755,0.7503114342689514,0.6355420351028442,-0.08944288641214371,0.7138651609420776,0.6603602766990662,-0.09683599323034286,0.6799330711364746,0.6646906137466431,-0.0981673002243042,Left,0.9921240210533142
7846,183,1,0.30688923597335815,0.3944578170776367,-3.024334205292689e-07,0.358283132314682,0.4034155011177063,-0.06102139130234718,0.3840286135673523,0.4602545499801636,-0.09880094230175018,0.38537120819091797,0.5373788475990295,-0.1219913512468338,0.3932654559612274,0.6031899452209473,-0.14177818596363068,0.3058050870895386,0.4350467920303345,-0.13156108558177948,0.32799869775772095,0.538608193397522,-0.1735638976097107,0.3589594066143036,0.6044036149978638,-0.1895645558834076,0.3760184645652771,0.6482399106025696,-0.19729867577552795,0.26293593645095825,0.4701414406299591,-0.1109294593334198,0.25554341077804565,0.5705861449241638,-0.15365765988826752,0.30292558670043945,0.6200221180915833,-0.15641945600509644,0.3376922607421875,0.6305421590805054,-0.15508459508419037,0.24229422211647034,0.5027679800987244,-0.09028696268796921,0.2269420474767685,0.5927417278289795,-0.13013748824596405,0.27142223715782166,0.6322084069252014,-0.1341410130262375,0.30388158559799194,0.6367860436439514,-0.13174903392791748,0.23524950444698334,0.5288345217704773,-0.07164540886878967,0.2232416421175003,0.5942040681838989,-0.09789850562810898,0.25351977348327637,0.629364013671875,-0.10287810117006302,0.2800310254096985,0.6362959742546082,-0.10405434668064117,Right,0.9917283654212952
7889,184,0,0.7404447197914124,0.4111316502094269,8.076460176198452e-07,0.6693112850189209,0.40228986740112305,-0.06930257380008698,0.6265656352043152,0.4543337821960449,-0.11241482198238373,0.6021825671195984,0.5257837772369385,-0.13552767038345337,0.560916006565094,0.5723975300788879,-0.15781962871551514,0.6948445439338684,0.4651329815387726,-0.16514702141284943,0.680807888507843,0.5589601993560791,-0.21274049580097198,0.6594789028167725,0.6341952681541443,-0.23182955384254456,0.6407678723335266,0.6902138590812683,-0.24156592786312103,0.739353358745575,0.5003864765167236,-0.1367570459842682,0.7405818104743958,0.6084660887718201,-0.18000994622707367,0.7023957371711731,0.6622971892356873,-0.18270744383335114,0.6668754816055298,0.6864784359931946,-0.1826106160879135,0.7631322145462036,0.5278518199920654,-0.10662879049777985,0.7600586414337158,0.6257201433181763,-0.138759046792984,0.7185801863670349,0.6627255082130432,-0.13979727029800415,0.681850016117096,0.672109067440033,-0.13809192180633545,0.7698356509208679,0.5484486222267151,-0.08008340001106262,0.760317325592041,0.6205035448074341,-0.1063312366604805,0.7290146350860596,0.6516078114509583,-0.11512394994497299,0.6967915892601013,0.6642250418663025,-0.11911601573228836,Left,0.9963846802711487
7889,184,1,0.294333279132843,0.38805773854255676,-2.561396286182571e-07,0.3459194004535675,0.38858628273010254,-0.06283707916736603,0.3758886456489563,0.4414095878601074,-0.10252458602190018,0.3804102838039398,0.5160624980926514,-0.12776321172714233,0.39384135603904724,0.578940749168396,-0.15022431313991547,0.2988910675048828,0.4159204959869385,-0.1317625343799591,0.31241947412490845,0.5103330612182617,-0.17654001712799072,0.3369186818599701,0.5801609754562378,-0.19668851792812347,0.3514845371246338,0.6321479082107544,-0.207870215177536,0.2574276328086853,0.4557177424430847,-0.11235807836055756,0.24446497857570648,0.552460253238678,-0.1550971120595932,0.2881072461605072,0.6092928647994995,-0.16182084381580353,0.3226034939289093,0.6283606886863708,-0.1640802025794983,0.23586225509643555,0.49095335602760315,-0.09324351698160172,0.2235035002231598,0.5771353840827942,-0.13253732025623322,0.2700580060482025,0.6174676418304443,-0.13895420730113983,0.3046365976333618,0.6246515512466431,-0.13905848562717438,0.22815865278244019,0.5189307332038879,-0.07663074880838394,0.2254045158624649,0.5807732343673706,-0.10305188596248627,0.2578645348548889,0.6124732494354248,-0.10914158821105957,0.2851295471191406,0.6187734603881836,-0.1116298958659172,Right,0.9942760467529297
7929,185,0,0.7563382387161255,0.4110638201236725,7.585191497128108e-07,0.6888062953948975,0.3948209285736084,-0.06983247399330139,0.6386730670928955,0.437776118516922,-0.11401282250881195,0.6097618341445923,0.5028027892112732,-0.13925060629844666,0.5688852667808533,0.5423275828361511,-0.16367864608764648,0.7020162343978882,0.44622719287872314,-0.16176649928092957,0.6989191770553589,0.5248396396636963,-0.20999294519424438,0.6847963333129883,0.5902350544929504,-0.2313728928565979,0.6716695427894592,0.6438959836959839,-0.24348071217536926,0.7502889633178711,0.4837334156036377,-0.13491961359977722,0.7490438222885132,0.5833072662353516,-0.17658740282058716,0.7194366455078125,0.6428052186965942,-0.18105942010879517,0.6895834803581238,0.681118369102478,-0.18398238718509674,0.7779649496078491,0.5157661437988281,-0.10713387280702591,0.7676274180412292,0.608711838722229,-0.13859102129936218,0.728620707988739,0.6502621173858643,-0.14174841344356537,0.6915290951728821,0.6684608459472656,-0.14270468056201935,0.7893769145011902,0.5411688685417175,-0.08332938700914383,0.7691816091537476,0.6106021404266357,-0.1107407733798027,0.7365403175354004,0.6422939300537109,-0.12195854634046555,0.7035948038101196,0.6619516015052795,-0.12845619022846222,Left,0.9957829713821411
7929,185,1,0.2854304015636444,0.3738337755203247,-2.1794065219182812e-07,0.33637112379074097,0.37892070412635803,-0.05632402375340462,0.3679601550102234,0.43033134937286377,-0.09360227733850479,0.37591415643692017,0.5007843971252441,-0.11779150366783142,0.3938899636268616,0.5586751103401184,-0.13989600539207458,0.29675015807151794,0.3993378281593323,-0.1244988963007927,0.3047855794429779,0.48747873306274414,-0.16613411903381348,0.3217768967151642,0.5576058030128479,-0.1845734417438507,0.3320702314376831,0.6132597327232361,-0.1952313780784607,0.25227805972099304,0.4331645965576172,-0.1081148236989975,0.24202190339565277,0.5262141227722168,-0.1477087289094925,0.27961239218711853,0.5899851322174072,-0.15372924506664276,0.3137117624282837,0.6159799695014954,-0.15636485815048218,0.2257918119430542,0.4657589793205261,-0.09160692989826202,0.21911928057670593,0.5504970550537109,-0.12710541486740112,0.2605823576450348,0.6006508469581604,-0.13196666538715363,0.29549741744995117,0.6185441017150879,-0.13204778730869293,0.21379518508911133,0.4935043752193451,-0.07756473869085312,0.21122100949287415,0.5555570721626282,-0.10139618813991547,0.2402559220790863,0.590901792049408,-0.10661572217941284,0.26827290654182434,0.6037764549255371,-0.10911614447832108,Right,0.9935388565063477
7972,186,0,0.7643319368362427,0.3977970778942108,5.742805910813331e-07,0.7045968770980835,0.38658401370048523,-0.06008639186620712,0.6583544611930847,0.42731431126594543,-0.10182946920394897,0.6238967180252075,0.4829704165458679,-0.1275492012500763,0.5844337940216064,0.518044650554657,-0.15333303809165955,0.7148818373680115,0.43271076679229736,-0.156616672873497,0.7132657766342163,0.5086600184440613,-0.2030986100435257,0.7027285099029541,0.570449948310852,-0.22240570187568665,0.6929813623428345,0.6234434843063354,-0.2336895763874054,0.7617090344429016,0.4654202163219452,-0.1370275318622589,0.763229489326477,0.559994637966156,-0.18072982132434845,0.7375454902648926,0.6232448816299438,-0.1873050481081009,0.710792064666748,0.6672787666320801,-0.1917879283428192,0.7905735969543457,0.4953692853450775,-0.11554338783025742,0.7895581722259521,0.582553505897522,-0.14779771864414215,0.754715621471405,0.6372249126434326,-0.1542399823665619,0.7182076573371887,0.6681661009788513,-0.15796060860157013,0.8055661916732788,0.5175985097885132,-0.09708098322153091,0.8038238883018494,0.5872055888175964,-0.12335552275180817,0.7772656679153442,0.6302601099014282,-0.13607721030712128,0.7455699443817139,0.6607178449630737,-0.14470338821411133,Left,0.9936912655830383
7972,186,1,0.2733616232872009,0.36696359515190125,-1.4931531211459514e-07,0.32160282135009766,0.3747707009315491,-0.05178609862923622,0.35652053356170654,0.42035549879074097,-0.08743114024400711,0.37365883588790894,0.4846242368221283,-0.11178139597177505,0.39925673604011536,0.5358099937438965,-0.13415232300758362,0.29202941060066223,0.39088860154151917,-0.11387508362531662,0.2993374466896057,0.46997907757759094,-0.15301060676574707,0.31335175037384033,0.5388184785842896,-0.17072665691375732,0.3208923041820526,0.594489574432373,-0.18112124502658844,0.24804969131946564,0.41922178864479065,-0.09966139495372772,0.23554660379886627,0.4997096657752991,-0.13519035279750824,0.2626570761203766,0.5685522556304932,-0.14025694131851196,0.288536936044693,0.6033614277839661,-0.14311924576759338,0.21932607889175415,0.4478897750377655,-0.08559785783290863,0.2095433473587036,0.5216773152351379,-0.11661184579133987,0.2417864352464676,0.5750763416290283,-0.11975188553333282,0.27063241600990295,0.5986443161964417,-0.11935056000947952,0.20414578914642334,0.47472983598709106,-0.0742596760392189,0.1998097002506256,0.5308849811553955,-0.09504874050617218,0.222991943359375,0.5692743062973022,-0.09918063879013062,0.2468637079000473,0.5872645974159241,-0.10115847736597061,Right,0.989371657371521
8014,187,0,0.7802042365074158,0.3966561257839203,4.364302697013045e-07,0.7223986387252808,0.390680730342865,-0.050853852182626724,0.672517716884613,0.4283832311630249,-0.08606909960508347,0.6368509531021118,0.47674521803855896,-0.10924665629863739,0.5970185995101929,0.5026752948760986,-0.13307105004787445,0.7278236746788025,0.44031742215156555,-0.12426377087831497,0.7210534811019897,0.5020708441734314,-0.16424080729484558,0.715199887752533,0.5570863485336304,-0.1831645369529724,0.7094889283180237,0.6100574731826782,-0.1955719143152237,0.7728615403175354,0.4690892994403839,-0.10979370772838593,0.7708683013916016,0.5424332618713379,-0.14644205570220947,0.757285475730896,0.6033928394317627,-0.15752869844436646,0.7422402501106262,0.6562058925628662,-0.16714493930339813,0.8028807044029236,0.495252400636673,-0.0943639725446701,0.8009586930274963,0.5659695863723755,-0.12537215650081635,0.7799056172370911,0.6233408451080322,-0.13914348185062408,0.7572271227836609,0.6668370366096497,-0.14863315224647522,0.8209711313247681,0.5160964131355286,-0.08131855726242065,0.82064288854599,0.578959584236145,-0.10825891047716141,0.8055986166000366,0.622167706489563,-0.12472362071275711,0.7841347455978394,0.6584262847900391,-0.1366632729768753,Left,0.9899810552597046
8014,187,1,0.2693873345851898,0.3646867275238037,-4.861857050286744e-08,0.3173331320285797,0.37971001863479614,-0.04534568265080452,0.34922558069229126,0.4264560341835022,-0.07739072293043137,0.3716101348400116,0.4816373288631439,-0.09875426441431046,0.4038269519805908,0.516110897064209,-0.11908894032239914,0.2951531410217285,0.3890541195869446,-0.10952752083539963,0.2977479100227356,0.4579971432685852,-0.14606639742851257,0.30653759837150574,0.5216565132141113,-0.16411779820919037,0.31394967436790466,0.5758298635482788,-0.17529770731925964,0.24811148643493652,0.4062434434890747,-0.09724388271570206,0.23610971868038177,0.47392624616622925,-0.1288928985595703,0.25731825828552246,0.5407398343086243,-0.13415227830410004,0.28161245584487915,0.5800783634185791,-0.13839024305343628,0.21693828701972961,0.42925864458084106,-0.08435152471065521,0.21128365397453308,0.49659791588783264,-0.11125373840332031,0.23906785249710083,0.5580878257751465,-0.11510759592056274,0.26888230443000793,0.5906565189361572,-0.11628667265176773,0.20123304426670074,0.4529005289077759,-0.07387930154800415,0.18764010071754456,0.5063474774360657,-0.09368253499269485,0.204788938164711,0.5465357899665833,-0.09879734367132187,0.2295651137828827,0.5678586959838867,-0.10189482569694519,Right,0.9949695467948914
8055,188,0,0.8081758618354797,0.40169569849967957,3.2099168834065495e-07,0.7515893578529358,0.4029334783554077,-0.04074831306934357,0.6987202763557434,0.44641438126564026,-0.06883922219276428,0.6563080549240112,0.4864006042480469,-0.08772360533475876,0.6153668165206909,0.5005487203598022,-0.10799862444400787,0.7501659989356995,0.46872439980506897,-0.10288308560848236,0.739331066608429,0.5236508250236511,-0.13641074299812317,0.7322446703910828,0.5711797475814819,-0.15387241542339325,0.7240797877311707,0.6186888813972473,-0.16641102731227875,0.7950121164321899,0.4919220209121704,-0.0935087725520134,0.7955767512321472,0.5614274740219116,-0.1267351359128952,0.7931163907051086,0.6179318428039551,-0.14243842661380768,0.7891455888748169,0.676185667514801,-0.1560625582933426,0.8263247609138489,0.5114516615867615,-0.08250970393419266,0.8366163969039917,0.5797778367996216,-0.11075504869222641,0.8422991633415222,0.6361302137374878,-0.12663593888282776,0.8454938530921936,0.6905467510223389,-0.13867570459842682,0.8455525636672974,0.5233700275421143,-0.07332531362771988,0.8582687377929688,0.5864078998565674,-0.09646562486886978,0.8724702000617981,0.6314374208450317,-0.11152894794940948,0.8830128908157349,0.6761106252670288,-0.12350217998027802,Left,0.9854624271392822
8055,188,1,0.25853586196899414,0.3759170174598694,1.1287024648254373e-07,0.30603843927383423,0.40229225158691406,-0.034194666892290115,0.3416585922241211,0.44041845202445984,-0.062052782624959946,0.373868465423584,0.4776465594768524,-0.08306200802326202,0.4114009141921997,0.4949151873588562,-0.10435649007558823,0.2915579676628113,0.42356011271476746,-0.09171494096517563,0.2919744849205017,0.47519776225090027,-0.12575508654117584,0.29602479934692383,0.5323405265808105,-0.14414836466312408,0.29949772357940674,0.5852385759353638,-0.15614737570285797,0.24526093900203705,0.4255082607269287,-0.08729887008666992,0.2247520089149475,0.4746982753276825,-0.11930755525827408,0.22803819179534912,0.5449376106262207,-0.1317484825849533,0.23623906075954437,0.6003968715667725,-0.14217227697372437,0.2112867832183838,0.4384232759475708,-0.08201257139444351,0.18517231941223145,0.4792346954345703,-0.11169733852148056,0.18610939383506775,0.5443243980407715,-0.12526361644268036,0.1959594339132309,0.5937002897262573,-0.1328286975622177,0.19090408086776733,0.45480185747146606,-0.077971450984478,0.15940189361572266,0.4846360981464386,-0.10174858570098877,0.1540161520242691,0.5284869074821472,-0.11364608258008957,0.1597287952899933,0.5698404312133789,-0.12146398425102234,Right,0.9962479472160339
8099,189,0,0.8093247413635254,0.40582454204559326,2.9296521120159014e-07,0.7532206773757935,0.4129534959793091,-0.03722892701625824,0.7007410526275635,0.46201610565185547,-0.0625389814376831,0.656170666217804,0.5025215148925781,-0.08004535734653473,0.6156046986579895,0.511417031288147,-0.09977124631404877,0.7504453659057617,0.4873010218143463,-0.0978880226612091,0.7378788590431213,0.5433782339096069,-0.13016408681869507,0.7332953810691833,0.588129997253418,-0.14743632078170776,0.7284069061279297,0.6346411108970642,-0.16032101213932037,0.7946276068687439,0.5132496356964111,-0.09050669521093369,0.793525218963623,0.5826416015625,-0.12443799525499344,0.7968841791152954,0.6399780511856079,-0.14230811595916748,0.8009882569313049,0.6987234354019165,-0.15765060484409332,0.8269485235214233,0.5321401953697205,-0.0809701681137085,0.8396764397621155,0.5986367464065552,-0.11110210418701172,0.8572347164154053,0.6536024808883667,-0.1286744326353073,0.8728177547454834,0.7062022089958191,-0.1419672667980194,0.8487589359283447,0.540977954864502,-0.07284586131572723,0.8674332499504089,0.5962622165679932,-0.09830591082572937,0.889262855052948,0.6328020095825195,-0.11374590545892715,0.9080963730812073,0.6690849661827087,-0.12575648725032806,Left,0.9528236389160156
8099,189,1,0.2487298846244812,0.3790421485900879,3.778242216867511e-07,0.30267518758773804,0.40348291397094727,-0.032802384346723557,0.34291893243789673,0.4478990435600281,-0.05716727674007416,0.37841764092445374,0.4812740683555603,-0.07553461194038391,0.41803205013275146,0.4946104884147644,-0.0947035476565361,0.29042768478393555,0.4501039683818817,-0.07939321547746658,0.288011372089386,0.5110718607902527,-0.10774558782577515,0.28760063648223877,0.5620654821395874,-0.12238515168428421,0.2822091579437256,0.6127059459686279,-0.13316458463668823,0.24505561590194702,0.45505601167678833,-0.07614520937204361,0.2277427464723587,0.5171302556991577,-0.1067502424120903,0.22176319360733032,0.5795714855194092,-0.12223099917173386,0.21317005157470703,0.6371070742607117,-0.13549138605594635,0.21204018592834473,0.46020033955574036,-0.07196712493896484,0.18718408048152924,0.5094885230064392,-0.1011502668261528,0.17586949467658997,0.5589348077774048,-0.11437074840068817,0.1668357402086258,0.6050248742103577,-0.12297561764717102,0.19101181626319885,0.4638220965862274,-0.06909715384244919,0.15715402364730835,0.4994833767414093,-0.0941694974899292,0.14023028314113617,0.5279462933540344,-0.10635969042778015,0.12797696888446808,0.5609124302864075,-0.11526599526405334,Right,0.9438669085502625
8141,190,0,0.8099917769432068,0.41855382919311523,2.931454901045072e-07,0.7530794739723206,0.4292362928390503,-0.035774264484643936,0.7026851177215576,0.48128172755241394,-0.05954160541296005,0.6575954556465149,0.5221316814422607,-0.07641664892435074,0.6166329383850098,0.5292680859565735,-0.09534794837236404,0.7496873736381531,0.5141969323158264,-0.09102148562669754,0.7355461716651917,0.5724363923072815,-0.1224532499909401,0.7294034361839294,0.6162815690040588,-0.13984981179237366,0.7255047559738159,0.6620835065841675,-0.1524815708398819,0.7943810224533081,0.5368441939353943,-0.08466139435768127,0.7934584617614746,0.6071799993515015,-0.11831005662679672,0.7999792695045471,0.6611398458480835,-0.1359831690788269,0.8103278279304504,0.7141571044921875,-0.1503523588180542,0.8287275433540344,0.5508937835693359,-0.07656164467334747,0.8416093587875366,0.6151390671730042,-0.10755954682826996,0.8610947132110596,0.6609776020050049,-0.12476981431245804,0.8815847635269165,0.7030149698257446,-0.13656574487686157,0.853014349937439,0.5548367500305176,-0.069781593978405,0.8744781613349915,0.6105492115020752,-0.09558557718992233,0.8981135487556458,0.6423094272613525,-0.11029358953237534,0.9201183319091797,0.6717557311058044,-0.12092578411102295,Left,0.9442166686058044
8141,190,1,0.2490408569574356,0.37875959277153015,4.682121073074086e-07,0.302598237991333,0.4036804437637329,-0.02978326566517353,0.34271591901779175,0.45557278394699097,-0.049351613968610764,0.37779396772384644,0.4894968271255493,-0.06394670158624649,0.415931761264801,0.49800294637680054,-0.07992206513881683,0.29305383563041687,0.477560818195343,-0.06595790386199951,0.2879263162612915,0.5413239598274231,-0.09119337052106857,0.28411415219306946,0.5895640254020691,-0.10585279762744904,0.2776840031147003,0.6380329132080078,-0.11745123565196991,0.24632026255130768,0.483007550239563,-0.06375176459550858,0.226196750998497,0.545801043510437,-0.08957435190677643,0.21415594220161438,0.5956504344940186,-0.1038379818201065,0.19934678077697754,0.6465268135070801,-0.11712323129177094,0.21243742108345032,0.4831799268722534,-0.0616910345852375,0.18607306480407715,0.5330432057380676,-0.09032058715820312,0.1680791974067688,0.5690320134162903,-0.10492395609617233,0.1505603790283203,0.6045302748680115,-0.11514706164598465,0.19074296951293945,0.4798477590084076,-0.06078353896737099,0.15654915571212769,0.5159043669700623,-0.08895601332187653,0.13031911849975586,0.5336368083953857,-0.10392484068870544,0.10538604855537415,0.554413378238678,-0.11488264799118042,Right,0.9322797656059265
8184,191,0,0.8066636919975281,0.42957720160484314,3.2008071570999164e-07,0.7498775124549866,0.44572073221206665,-0.03581560403108597,0.6991368532180786,0.5038114190101624,-0.060471486300230026,0.6537378430366516,0.5491130948066711,-0.07850901782512665,0.6109238266944885,0.5558362007141113,-0.09886155277490616,0.744222104549408,0.5344487428665161,-0.09334205836057663,0.7312914729118347,0.5969244837760925,-0.12666074931621552,0.7267569303512573,0.6475711464881897,-0.14486593008041382,0.7239619493484497,0.6966633200645447,-0.15812353789806366,0.791127622127533,0.5528906583786011,-0.08813156932592392,0.7916616201400757,0.6283555030822754,-0.1230970099568367,0.7981013655662537,0.6883803606033325,-0.14040996134281158,0.807695746421814,0.7448311448097229,-0.15479540824890137,0.8283301591873169,0.561659574508667,-0.08134244382381439,0.8407080173492432,0.6296172142028809,-0.11253418773412704,0.8576514720916748,0.6777766942977905,-0.12809479236602783,0.8746482729911804,0.7212029099464417,-0.1392546147108078,0.8556404113769531,0.5596413016319275,-0.07617703825235367,0.876961886882782,0.6153815984725952,-0.10293592512607574,0.8983792662620544,0.6481735706329346,-0.11798446625471115,0.918353796005249,0.6791306734085083,-0.12903079390525818,Left,0.9351820945739746
8184,191,1,0.25109076499938965,0.3914986848831177,5.245444754109485e-07,0.3047904670238495,0.4160860478878021,-0.0318480059504509,0.3454817235469818,0.4712529182434082,-0.05216022953391075,0.37921130657196045,0.5103910565376282,-0.06708963960409164,0.41640087962150574,0.5228801965713501,-0.08334130793809891,0.2960577607154846,0.5041253566741943,-0.07011131942272186,0.29008346796035767,0.5722136497497559,-0.0963302031159401,0.2859441637992859,0.6223335862159729,-0.11106833070516586,0.2777395248413086,0.6705944538116455,-0.12260932475328445,0.24949926137924194,0.5078873038291931,-0.06715201586484909,0.22840362787246704,0.5690306425094604,-0.09638181328773499,0.21180307865142822,0.6165065169334412,-0.11359698325395584,0.190534770488739,0.662603497505188,-0.12851174175739288,0.21504539251327515,0.5055865049362183,-0.06398528814315796,0.18744586408138275,0.5545830726623535,-0.09535759687423706,0.16548046469688416,0.587512731552124,-0.11321794986724854,0.14225420355796814,0.6179033517837524,-0.12550999224185944,0.19171175360679626,0.4991258978843689,-0.0619283989071846,0.15619492530822754,0.5313341617584229,-0.09233388304710388,0.1285196840763092,0.5441286563873291,-0.10979564487934113,0.10166488587856293,0.5592910051345825,-0.12230392545461655,Right,0.933824360370636
8225,192,0,0.8018525242805481,0.421572744846344,3.13169522314638e-07,0.738540768623352,0.4452850818634033,-0.027517611160874367,0.6864721775054932,0.5073913335800171,-0.04844613000750542,0.6419185400009155,0.5508185029029846,-0.06464235484600067,0.6003457307815552,0.5629396438598633,-0.08355025202035904,0.7288228273391724,0.5395951271057129,-0.08083085715770721,0.7115738391876221,0.6112838983535767,-0.11139895766973495,0.703387975692749,0.6611684560775757,-0.12811031937599182,0.6969873905181885,0.7100032567977905,-0.14066483080387115,0.7745814323425293,0.5519317984580994,-0.08055996894836426,0.771005392074585,0.629901647567749,-0.112791046500206,0.7705442309379578,0.6883268356323242,-0.1283472627401352,0.7729887962341309,0.745846688747406,-0.1414768546819687,0.8144340515136719,0.5546221733093262,-0.07914571464061737,0.8223851919174194,0.6314398050308228,-0.10977136343717575,0.8304628133773804,0.6859027147293091,-0.12565915286540985,0.8402326107025146,0.736904501914978,-0.13703440129756927,0.8457443118095398,0.5494852662086487,-0.07855062931776047,0.8673340082168579,0.6125596761703491,-0.10719389468431473,0.8875719904899597,0.6473211050033569,-0.12256699055433273,0.9069724678993225,0.6799169182777405,-0.1332843154668808,Left,0.922155499458313
8225,192,1,0.2553623914718628,0.39606350660324097,5.577424531111319e-07,0.31103864312171936,0.42391952872276306,-0.033471155911684036,0.3525038957595825,0.4736785888671875,-0.05788564309477806,0.38789665699005127,0.5109129548072815,-0.07645395398139954,0.42610234022140503,0.5301920771598816,-0.09667752683162689,0.29570063948631287,0.5189801454544067,-0.07772570848464966,0.29107561707496643,0.5901886820793152,-0.10660869628190994,0.28434011340141296,0.6412392258644104,-0.1223500669002533,0.27378398180007935,0.6874470710754395,-0.1334691047668457,0.25330650806427,0.5208555459976196,-0.07485627382993698,0.23794984817504883,0.5964947938919067,-0.1085682064294815,0.22254066169261932,0.6536385416984558,-0.1280493587255478,0.2043973207473755,0.7014597654342651,-0.1439514458179474,0.21965144574642181,0.5169309973716736,-0.07150528579950333,0.19821113348007202,0.5847021341323853,-0.10457589477300644,0.18090218305587769,0.6347864270210266,-0.12325967103242874,0.16271114349365234,0.6758905649185181,-0.13591796159744263,0.19524787366390228,0.5090317130088806,-0.06920327246189117,0.16348201036453247,0.5659304261207581,-0.09813011437654495,0.13742099702358246,0.598842442035675,-0.11468754708766937,0.11436231434345245,0.6292504072189331,-0.12704873085021973,Right,0.9157456755638123
8269,193,0,0.7993493676185608,0.42724478244781494,2.808111787544476e-07,0.7362615466117859,0.4497537612915039,-0.02055402100086212,0.6822417974472046,0.5066218376159668,-0.039026107639074326,0.6362922191619873,0.5513429045677185,-0.053974349051713943,0.5958307981491089,0.5674982070922852,-0.07147400826215744,0.7229387760162354,0.5392152667045593,-0.07209094613790512,0.7080948352813721,0.6107024550437927,-0.1001085415482521,0.7006390690803528,0.6640565395355225,-0.1148773580789566,0.6950230002403259,0.7140559554100037,-0.12570257484912872,0.7674615979194641,0.5502479076385498,-0.07432792335748672,0.7640703916549683,0.6332353353500366,-0.10463599115610123,0.7634680271148682,0.6968986988067627,-0.11897224187850952,0.7654361128807068,0.7559492588043213,-0.13106268644332886,0.8068776726722717,0.5535410046577454,-0.07492107152938843,0.8154833912849426,0.633965015411377,-0.1036447286605835,0.823287308216095,0.6928529739379883,-0.11732963472604752,0.8324954509735107,0.7454811334609985,-0.12691111862659454,0.8388850688934326,0.551447868347168,-0.0757027268409729,0.8594477772712708,0.6217999458312988,-0.10228532552719116,0.8769553899765015,0.6632924675941467,-0.11573656648397446,0.8938916921615601,0.7016194462776184,-0.1248382106423378,Left,0.9651917219161987
8269,193,1,0.2533155679702759,0.3970087468624115,4.922146672470262e-07,0.309565007686615,0.4256645739078522,-0.03180056810379028,0.3528130054473877,0.4769315719604492,-0.05573476478457451,0.38786131143569946,0.5165161490440369,-0.07403533905744553,0.4255542457103729,0.5386975407600403,-0.09359204024076462,0.2953774631023407,0.5233231782913208,-0.07562877237796783,0.29131191968917847,0.591736912727356,-0.10557658970355988,0.28627756237983704,0.6432946920394897,-0.1224244087934494,0.27796441316604614,0.6892125606536865,-0.13421624898910522,0.2519514560699463,0.5275120735168457,-0.07382801920175552,0.2343628853559494,0.6039754748344421,-0.10697763413190842,0.21965277194976807,0.6600179076194763,-0.12601298093795776,0.2019101083278656,0.7073748111724854,-0.14155469834804535,0.2181515395641327,0.524441659450531,-0.07165848463773727,0.19752171635627747,0.5911632180213928,-0.10424420237541199,0.18062330782413483,0.640844464302063,-0.12250915169715881,0.16274461150169373,0.6813756823539734,-0.13475444912910461,0.19346986711025238,0.516076385974884,-0.07045686990022659,0.1630323827266693,0.5713406205177307,-0.09902414679527283,0.1386800855398178,0.6037524342536926,-0.11512245982885361,0.11670906841754913,0.6341461539268494,-0.12687581777572632,Right,0.9281903505325317
8313,194,0,0.7971872687339783,0.43327200412750244,2.46397746650473e-07,0.735342264175415,0.4530949592590332,-0.023738764226436615,0.6806615591049194,0.5052004456520081,-0.0427950881421566,0.6358395218849182,0.5491427779197693,-0.057606276124715805,0.5976277589797974,0.5695803761482239,-0.07469671219587326,0.722905158996582,0.5393084287643433,-0.07370138168334961,0.708743155002594,0.6078933477401733,-0.10221122205257416,0.701730489730835,0.6603755950927734,-0.11788050085306168,0.6974663138389587,0.7099214792251587,-0.12936365604400635,0.7685061693191528,0.5521419048309326,-0.07457596808671951,0.7646081447601318,0.6347683668136597,-0.10499968379735947,0.7642660140991211,0.6988136172294617,-0.12010019272565842,0.7676642537117004,0.7570577263832092,-0.1329173892736435,0.8074518442153931,0.5563526749610901,-0.07401744276285172,0.8151972889900208,0.6358094811439514,-0.10238759219646454,0.8242211937904358,0.6947863698005676,-0.11562076210975647,0.8352581858634949,0.7468341588973999,-0.125222846865654,0.8386287093162537,0.5542224049568176,-0.0740220919251442,0.8586001396179199,0.6227636337280273,-0.10007089376449585,0.8764542937278748,0.6647613048553467,-0.11294183135032654,0.893994927406311,0.7029786109924316,-0.12182142585515976,Left,0.9456394910812378
8313,194,1,0.2565045952796936,0.401456743478775,5.12295287080633e-07,0.3115816116333008,0.4302188754081726,-0.03522832691669464,0.3551369607448578,0.47910287976264954,-0.06236470863223076,0.39023277163505554,0.5168730616569519,-0.08303134143352509,0.4273678958415985,0.5411467552185059,-0.10515740513801575,0.2967730462551117,0.5246709585189819,-0.08605459332466125,0.2925002872943878,0.5919805765151978,-0.11904193460941315,0.2876822352409363,0.6435630917549133,-0.13765527307987213,0.2796163856983185,0.6892432570457458,-0.15077221393585205,0.2536380887031555,0.5280388593673706,-0.08313819020986557,0.23481188714504242,0.6048368811607361,-0.12001723796129227,0.22012364864349365,0.6612484455108643,-0.14112550020217896,0.20256932079792023,0.708906888961792,-0.15842819213867188,0.21981769800186157,0.5248289108276367,-0.07953780889511108,0.1978180706501007,0.5911979079246521,-0.11446577310562134,0.18098491430282593,0.6424426436424255,-0.13402219116687775,0.1629285216331482,0.6837376356124878,-0.14756353199481964,0.19456970691680908,0.5163385272026062,-0.07699557393789291,0.1632910966873169,0.5712724924087524,-0.10786247998476028,0.13827742636203766,0.604343593120575,-0.1256275177001953,0.11610624194145203,0.6356562972068787,-0.13885469734668732,Right,0.9056745767593384
8357,195,0,0.7955704927444458,0.4328562915325165,2.512707908408629e-07,0.7338496446609497,0.4538103938102722,-0.023485803976655006,0.6788678765296936,0.5054153800010681,-0.04279811307787895,0.6345738172531128,0.5479748845100403,-0.058140698820352554,0.5974753499031067,0.568296492099762,-0.07581308484077454,0.7217808961868286,0.5410032868385315,-0.07355061918497086,0.7079393863677979,0.6094787120819092,-0.10262152552604675,0.7016351819038391,0.661469042301178,-0.11880428344011307,0.6976819634437561,0.7104523777961731,-0.13056647777557373,0.7674798369407654,0.5525228381156921,-0.07499853521585464,0.7648515701293945,0.6343003511428833,-0.106229767203331,0.7648901343345642,0.6983916759490967,-0.1222970187664032,0.7681190371513367,0.7569577693939209,-0.13580894470214844,0.8065919876098633,0.555716872215271,-0.07501079887151718,0.8147112727165222,0.6347304582595825,-0.10409652441740036,0.8239001035690308,0.6935665011405945,-0.11795145273208618,0.8347492218017578,0.7458556294441223,-0.12789051234722137,0.8382855653762817,0.5530406832695007,-0.07555016875267029,0.8579463362693787,0.6218003630638123,-0.10210968554019928,0.8755974173545837,0.6640255451202393,-0.11532928794622421,0.892863929271698,0.7024543881416321,-0.12441623210906982,Left,0.9378746747970581
8357,195,1,0.2563677132129669,0.40013110637664795,4.971975045009458e-07,0.3105108141899109,0.42974036931991577,-0.03418145701289177,0.3544541001319885,0.47938141226768494,-0.060274943709373474,0.39017748832702637,0.5170060396194458,-0.08005320280790329,0.4259766638278961,0.5418383479118347,-0.10117226094007492,0.2970373034477234,0.521812379360199,-0.08402161300182343,0.2937033176422119,0.5893579721450806,-0.1165609210729599,0.2888921797275543,0.6417421698570251,-0.13490529358386993,0.28049346804618835,0.6879088282585144,-0.14775121212005615,0.25365155935287476,0.5266318321228027,-0.08108389377593994,0.23416626453399658,0.603861391544342,-0.11706845462322235,0.21887275576591492,0.6603793501853943,-0.13724155724048615,0.20115436613559723,0.7079951763153076,-0.15368233621120453,0.21966888010501862,0.5246995091438293,-0.07749035954475403,0.19755244255065918,0.5914289951324463,-0.11142252385616302,0.1803726851940155,0.642585277557373,-0.13003554940223694,0.16250064969062805,0.6838276982307434,-0.1427856981754303,0.19445061683654785,0.517331063747406,-0.07496538758277893,0.1629216969013214,0.5715094208717346,-0.1048792377114296,0.13797970116138458,0.6041775941848755,-0.12192422896623611,0.11596077680587769,0.6350682973861694,-0.13451188802719116,Right,0.909845769405365
8400,196,0,0.7954078316688538,0.4342430531978607,2.6364901373199245e-07,0.7339165210723877,0.45393475890159607,-0.025794509798288345,0.6788614392280579,0.5044142007827759,-0.046560775488615036,0.6344783306121826,0.5456705093383789,-0.06297710537910461,0.5980846881866455,0.5662750005722046,-0.08168553560972214,0.7221298217773438,0.5399847030639648,-0.07806983590126038,0.708314836025238,0.608513355255127,-0.10896150022745132,0.7020220160484314,0.6600320339202881,-0.12617434561252594,0.6977538466453552,0.7092597484588623,-0.13851343095302582,0.7683464288711548,0.5521249175071716,-0.07890533655881882,0.7654576301574707,0.6329241394996643,-0.11202038824558258,0.7654460668563843,0.6969761252403259,-0.1290847510099411,0.7682226896286011,0.7562441825866699,-0.14325252175331116,0.8075950145721436,0.5558011531829834,-0.07836466282606125,0.8157875537872314,0.6336483955383301,-0.10881513357162476,0.8244082927703857,0.6921777725219727,-0.12322030961513519,0.8342052698135376,0.7448188066482544,-0.1334502398967743,0.8391886949539185,0.5532400012016296,-0.07854293286800385,0.8580618500709534,0.6217223405838013,-0.10596169531345367,0.8752804398536682,0.6635875105857849,-0.11966174095869064,0.8920461535453796,0.702254593372345,-0.12913526594638824,Left,0.9242173433303833
8400,196,1,0.25737228989601135,0.3999837338924408,5.018693514102779e-07,0.3114287555217743,0.42980292439460754,-0.034655388444662094,0.3550669848918915,0.4794883131980896,-0.061371397227048874,0.3905974328517914,0.5174510478973389,-0.08158619701862335,0.4265991151332855,0.5427042841911316,-0.1032140851020813,0.2969679832458496,0.5210827589035034,-0.08702974021434784,0.2931275963783264,0.5891016721725464,-0.1205541118979454,0.2879490852355957,0.6417613625526428,-0.13940556347370148,0.2790560722351074,0.6880117058753967,-0.15260350704193115,0.2536037862300873,0.5257006883621216,-0.08386275917291641,0.23414519429206848,0.6026262044906616,-0.12147530913352966,0.21907994151115417,0.659416139125824,-0.1427939087152481,0.2013256549835205,0.7071498036384583,-0.1601046323776245,0.2197011262178421,0.5238592624664307,-0.0797797292470932,0.19743330776691437,0.589905858039856,-0.11463156342506409,0.18040689826011658,0.6413069367408752,-0.13387633860111237,0.16239503026008606,0.6826183199882507,-0.14718309044837952,0.1946747899055481,0.5166844129562378,-0.07671386748552322,0.16283047199249268,0.5702059268951416,-0.10751783847808838,0.13763174414634705,0.6028732657432556,-0.12534481287002563,0.11539696156978607,0.6340434551239014,-0.1385718733072281,Right,0.9090451002120972
