timestamp_ms,frame,hand,x0,y0,z0,x1,y1,z1,x2,y2,z2,x3,y3,z3,x4,y4,z4,x5,y5,z5,x6,y6,z6,x7,y7,z7,x8,y8,z8,x9,y9,z9,x10,y10,z10,x11,y11,z11,x12,y12,z12,x13,y13,z13,x14,y14,z14,x15,y15,z15,x16,y16,z16,x17,y17,z17,x18,y18,z18,x19,y19,z19,x20,y20,z20,handedness,handedness_score
0,1,0,0.8159802556037903,0.43702128529548645,3.771961019083392e-07,0.76947420835495,0.4628295302391052,-0.025241637602448463,0.7322815656661987,0.5079749226570129,-0.04581489786505699,0.6980822086334229,0.5450277924537659,-0.05938957631587982,0.6627116799354553,0.555383563041687,-0.07442157715559006,0.7597293257713318,0.5300171375274658,-0.08182758092880249,0.7493382692337036,0.5895485877990723,-0.1127069965004921,0.7463900446891785,0.636859118938446,-0.12824544310569763,0.7458272576332092,0.6758526563644409,-0.13780538737773895,0.7991030812263489,0.5423927903175354,-0.07725776731967926,0.7938034534454346,0.6073050498962402,-0.10691656917333603,0.7921005487442017,0.6609145402908325,-0.11814633756875992,0.793932318687439,0.7037460803985596,-0.12677299976348877,0.8330674767494202,0.549850583076477,-0.07161034643650055,0.8369941711425781,0.6109145879745483,-0.09961185604333878,0.8383079171180725,0.661493182182312,-0.11699482053518295,0.8405417203903198,0.6985555291175842,-0.12785769999027252,0.8568953275680542,0.5509121417999268,-0.06599064916372299,0.8771602511405945,0.6080968976020813,-0.0923912450671196,0.8941152095794678,0.6473614573478699,-0.11086282134056091,0.9072490930557251,0.6799603700637817,-0.12331394851207733,Left,0.9908637404441833
0,1,1,0.2807590663433075,0.42614632844924927,2.368837357380471e-07,0.32289406657218933,0.46187087893486023,-0.027218829840421677,0.346408486366272,0.5143955945968628,-0.04857875034213066,0.3612370789051056,0.5571422576904297,-0.06411303579807281,0.3856261372566223,0.5756227970123291,-0.08106756955385208,0.31100964546203613,0.5322591066360474,-0.07565128058195114,0.30996963381767273,0.5905004143714905,-0.10429400950670242,0.3049604296684265,0.6327908039093018,-0.11867844313383102,0.29741600155830383,0.6695355772972107,-0.12783779203891754,0.2753235697746277,0.5356146693229675,-0.07203574478626251,0.2646680772304535,0.5960935950279236,-0.10207533091306686,0.25458723306655884,0.6445279121398926,-0.11468280106782913,0.24295556545257568,0.6834505200386047,-0.12413445860147476,0.24627915024757385,0.5350629687309265,-0.06784696877002716,0.22916419804096222,0.588475227355957,-0.09658458083868027,0.21643398702144623,0.6323158144950867,-0.1128983348608017,0.20460112392902374,0.6651338338851929,-0.12268537282943726,0.22371289134025574,0.5323654413223267,-0.06402333825826645,0.1965349018573761,0.577742874622345,-0.08844933658838272,0.17716529965400696,0.6078140139579773,-0.10455615073442459,0.1595728099346161,0.6339386701583862,-0.11605604737997055,Right,0.9134188890457153
80,2,0,0.8207333087921143,0.43330833315849304,2.053913874533464e-07,0.7683101892471313,0.4616818428039551,-0.015169951133430004,0.7257794141769409,0.515795111656189,-0.02893589437007904,0.6877874732017517,0.5496191382408142,-0.0394783578813076,0.6529518365859985,0.5502981543540955,-0.05212262645363808,0.7597116827964783,0.5297532081604004,-0.059790488332509995,0.7496861815452576,0.5892919301986694,-0.08078990876674652,0.7466431856155396,0.6338124871253967,-0.0905240997672081,0.7446510791778564,0.6748921275138855,-0.09810934215784073,0.7983580231666565,0.5419771671295166,-0.060768336057662964,0.7941950559616089,0.6052419543266296,-0.08354634046554565,0.793254554271698,0.6544594764709473,-0.09205546975135803,0.7933142185211182,0.6995358467102051,-0.0997186005115509,0.832279622554779,0.5488268733024597,-0.06028277426958084,0.8364235162734985,0.6104211211204529,-0.08163197338581085,0.8381924033164978,0.6574624180793762,-0.09267383068799973,0.8403608202934265,0.6988068222999573,-0.10070082545280457,0.8580983281135559,0.54949951171875,-0.0598687045276165,0.8763265609741211,0.6060237884521484,-0.08043216168880463,0.8922622203826904,0.642066240310669,-0.09306713938713074,0.9052793979644775,0.6754893064498901,-0.10209356248378754,Left,0.9894180297851562
80,2,1,0.28087395429611206,0.428067684173584,3.171804792145849e-07,0.32319512963294983,0.4613688290119171,-0.02035779505968094,0.3452402651309967,0.5145816802978516,-0.03467852622270584,0.3580687344074249,0.5587482452392578,-0.04463342949748039,0.3812413811683655,0.5738579630851746,-0.05643024295568466,0.3115088939666748,0.536300003528595,-0.06080805882811546,0.309998095035553,0.5944982171058655,-0.08530742675065994,0.3071172535419464,0.6350432634353638,-0.09811225533485413,0.30059629678726196,0.6706017851829529,-0.10715556889772415,0.27634572982788086,0.5423134565353394,-0.06027648597955704,0.26321613788604736,0.6030823588371277,-0.0873178243637085,0.2537105977535248,0.6465752720832825,-0.10160467028617859,0.24203357100486755,0.682915985584259,-0.113066166639328,0.2468513548374176,0.5412426590919495,-0.05890197306871414,0.2298550307750702,0.5979948043823242,-0.08643439412117004,0.21700730919837952,0.6370221376419067,-0.10316408425569534,0.20366773009300232,0.6673872470855713,-0.11433940380811691,0.22417505085468292,0.5349761247634888,-0.05748782679438591,0.19715961813926697,0.5835778713226318,-0.0849834755063057,0.17560595273971558,0.6114988923072815,-0.10287751257419586,0.15575045347213745,0.6362505555152893,-0.11551223695278168,Right,0.8868604898452759
153,3,0,0.8194160461425781,0.4350517690181732,1.966606362202583e-07,0.7684886455535889,0.46250391006469727,-0.017064208164811134,0.7251240015029907,0.5152269601821899,-0.03152019903063774,0.6866477727890015,0.5488996505737305,-0.04242141917347908,0.6512972712516785,0.5487232208251953,-0.05527424439787865,0.7620669007301331,0.5293397903442383,-0.06118876859545708,0.7509435415267944,0.5880025029182434,-0.0820188969373703,0.7482178807258606,0.6329441070556641,-0.09162760525941849,0.7463278770446777,0.6748890280723572,-0.09917019307613373,0.8010373115539551,0.5418927669525146,-0.061168257147073746,0.7953313589096069,0.604682981967926,-0.08325660228729248,0.7947535514831543,0.6539421081542969,-0.09084168076515198,0.7947790622711182,0.6984249949455261,-0.09796593338251114,0.8339229226112366,0.5487874150276184,-0.05980915576219559,0.8369482755661011,0.6100570559501648,-0.08014758676290512,0.8397588133811951,0.6562452912330627,-0.08934341371059418,0.8424144983291626,0.6970332264900208,-0.09638050943613052,0.8583140969276428,0.5492256283760071,-0.05889235809445381,0.875213623046875,0.6052955389022827,-0.07848937064409256,0.8912971615791321,0.6402749419212341,-0.08979068696498871,0.9046751260757446,0.6733014583587646,-0.0979672223329544,Left,0.9824783205986023
153,3,1,0.2794898450374603,0.4335653781890869,4.087349907422322e-07,0.32183903455734253,0.4664904773235321,-0.0285225510597229,0.34560319781303406,0.5142466425895691,-0.05296586826443672,0.3587717115879059,0.5553557276725769,-0.07037033885717392,0.38320037722587585,0.5755366683006287,-0.09052132070064545,0.31257036328315735,0.5363935828208923,-0.09784748405218124,0.31102341413497925,0.5935689806938171,-0.1370384693145752,0.30916571617126465,0.6359542012214661,-0.15988580882549286,0.3024797737598419,0.6724321842193604,-0.17565907537937164,0.2761770486831665,0.5428237318992615,-0.09477181732654572,0.2632286846637726,0.6028813123703003,-0.13887564837932587,0.2534371316432953,0.6468450427055359,-0.1652812510728836,0.24059447646141052,0.6842358112335205,-0.18638575077056885,0.24615493416786194,0.543907105922699,-0.08885019272565842,0.2301451712846756,0.5959392189979553,-0.12974809110164642,0.2178540825843811,0.6359186172485352,-0.156686469912529,0.2036149799823761,0.6637730598449707,-0.1755543202161789,0.2233215868473053,0.5412541031837463,-0.08200228959321976,0.19747284054756165,0.5857454538345337,-0.11933568120002747,0.17567455768585205,0.6126000285148621,-0.14518700540065765,0.1560882031917572,0.6357016563415527,-0.16488423943519592,Right,0.8733296394348145
226,4,0,0.81917804479599,0.4367290437221527,2.1030821528711385e-07,0.7682175636291504,0.46170514822006226,-0.018727589398622513,0.7250359654426575,0.5153692960739136,-0.03351003676652908,0.6866795420646667,0.5503726005554199,-0.044541653245687485,0.651674747467041,0.5485603213310242,-0.05745004117488861,0.7621590495109558,0.5304886102676392,-0.061623748391866684,0.7507309317588806,0.5883901119232178,-0.08236750215291977,0.7481853365898132,0.6329025626182556,-0.09202239662408829,0.7463796138763428,0.674849808216095,-0.09975245594978333,0.8008889555931091,0.5432726144790649,-0.06106289103627205,0.7947909235954285,0.6052177548408508,-0.08326271921396255,0.7942222356796265,0.6542691588401794,-0.0911858007311821,0.794270932674408,0.6993987560272217,-0.09859143942594528,0.8337209224700928,0.5503253936767578,-0.05937531962990761,0.8369733095169067,0.6101939082145691,-0.08003727346658707,0.839464545249939,0.6563818454742432,-0.0900283083319664,0.8419802784919739,0.6975623965263367,-0.09753191471099854,0.8583048582077026,0.5509180426597595,-0.05830793082714081,0.8756580352783203,0.6064410209655762,-0.07779860496520996,0.8923013210296631,0.6414501070976257,-0.08951638638973236,0.9060129523277283,0.674979031085968,-0.0981832966208458,Left,0.972934365272522
226,4,1,0.2797435224056244,0.4301879107952118,3.69276847322908e-07,0.3217225670814514,0.46128737926483154,-0.026448363438248634,0.3445328176021576,0.5133077502250671,-0.04593447595834732,0.3585706055164337,0.5574307441711426,-0.05946034938097,0.3831344246864319,0.5750030875205994,-0.07509926706552505,0.31223809719085693,0.5368949174880981,-0.07797262817621231,0.3107999563217163,0.5944708585739136,-0.109237901866436,0.30843043327331543,0.6350803971290588,-0.12683993577957153,0.3016590476036072,0.6708589792251587,-0.1392764300107956,0.2762744426727295,0.543169379234314,-0.0755656510591507,0.263158917427063,0.6033489108085632,-0.11047634482383728,0.2531857490539551,0.6460136771202087,-0.13052311539649963,0.24057237803936005,0.6823770999908447,-0.14646366238594055,0.24628308415412903,0.5430815815925598,-0.07174351811408997,0.22997474670410156,0.5968894958496094,-0.10513944923877716,0.21729528903961182,0.6354066133499146,-0.12615536153316498,0.20345468819141388,0.6642600297927856,-0.14062821865081787,0.22346392273902893,0.5384821891784668,-0.06788894534111023,0.1969093382358551,0.5850029587745667,-0.09982424974441528,0.17553749680519104,0.6124308705329895,-0.12132754176855087,0.1557915210723877,0.6366910338401794,-0.1371045559644699,Right,0.8814188241958618
298,5,0,0.8194019198417664,0.43564754724502563,2.1306691166955716e-07,0.7685195803642273,0.46113282442092896,-0.018350861966609955,0.7251706123352051,0.5149716734886169,-0.03306685388088226,0.6867522597312927,0.5505860447883606,-0.04406917840242386,0.6517679691314697,0.5488930344581604,-0.05692458152770996,0.7625530958175659,0.5304133892059326,-0.06131420284509659,0.7512801885604858,0.5892235040664673,-0.08187304437160492,0.7485308647155762,0.6342115998268127,-0.09134408086538315,0.746466875076294,0.6763278245925903,-0.09891469031572342,0.8010450601577759,0.5428459644317627,-0.06084922328591347,0.7948401570320129,0.6054106950759888,-0.08286634087562561,0.7939051389694214,0.6548730731010437,-0.09065435081720352,0.7935647964477539,0.7001535892486572,-0.09796527773141861,0.8336590528488159,0.5495557188987732,-0.05919957160949707,0.8370035886764526,0.6098816990852356,-0.07970813661813736,0.8394099473953247,0.656507670879364,-0.0895809754729271,0.8417933583259583,0.697847843170166,-0.09699203073978424,0.858048677444458,0.5500545501708984,-0.05812328681349754,0.8755387663841248,0.605914831161499,-0.07752710580825806,0.8920143246650696,0.6412069797515869,-0.08915749937295914,0.9056140184402466,0.6749500036239624,-0.09772737324237823,Left,0.9762410521507263
298,5,1,0.27932149171829224,0.4305382966995239,3.6744208387062827e-07,0.3216211199760437,0.4612996578216553,-0.026699161157011986,0.3447122275829315,0.512660562992096,-0.04637448862195015,0.3584035038948059,0.5564653277397156,-0.060040589421987534,0.3827839493751526,0.5746744871139526,-0.07586941868066788,0.3118230700492859,0.5362177491188049,-0.07911320775747299,0.31060922145843506,0.5942929983139038,-0.11035580933094025,0.30861523747444153,0.6351605653762817,-0.1276315599679947,0.30205288529396057,0.6711594462394714,-0.13983528316020966,0.27597203850746155,0.5425834059715271,-0.0765952318906784,0.26299944519996643,0.602954089641571,-0.11198173463344574,0.2534213960170746,0.6460399627685547,-0.13241784274578094,0.2411077469587326,0.6827614307403564,-0.1486501842737198,0.24610298871994019,0.542630672454834,-0.07255402207374573,0.22981050610542297,0.5959268808364868,-0.10650531947612762,0.2173948734998703,0.6345774531364441,-0.12814001739025116,0.20375511050224304,0.6635193824768066,-0.14300549030303955,0.2233717441558838,0.5381554365158081,-0.06840221583843231,0.1970699578523636,0.5847915410995483,-0.1007821336388588,0.1755843460559845,0.612217903137207,-0.122763991355896,0.15584209561347961,0.6364474296569824,-0.13892647624015808,Right,0.8704755902290344
372,6,0,0.8194885849952698,0.4358082711696625,2.143132178389351e-07,0.7686427235603333,0.4610297381877899,-0.01863381266593933,0.7254363298416138,0.5151604413986206,-0.03332526981830597,0.6870691180229187,0.5507330894470215,-0.04427481070160866,0.6520102024078369,0.5488276481628418,-0.05705082416534424,0.7626309990882874,0.5301365852355957,-0.061075322329998016,0.7512761354446411,0.5887067914009094,-0.08157467097043991,0.7485224604606628,0.63365238904953,-0.09113167226314545,0.7464430928230286,0.6759259104728699,-0.09881222248077393,0.801141083240509,0.5429989099502563,-0.060468707233667374,0.7948925495147705,0.6052954196929932,-0.08235654979944229,0.7939879894256592,0.6547033786773682,-0.09020677953958511,0.793687641620636,0.7001805305480957,-0.0975860059261322,0.8337315917015076,0.5500790476799011,-0.05873357132077217,0.8371399641036987,0.6101309061050415,-0.07909940183162689,0.8396795988082886,0.6565803289413452,-0.08901040256023407,0.8421914577484131,0.697922945022583,-0.0964726135134697,0.8580595254898071,0.5507428050041199,-0.05762675777077675,0.8755908608436584,0.6064561009407043,-0.07680470496416092,0.8921390175819397,0.641626238822937,-0.08836080133914948,0.9057565331459045,0.6753313541412354,-0.09693355858325958,Left,0.9746965169906616
372,6,1,0.27957582473754883,0.43099144101142883,3.7922254136901756e-07,0.3217420279979706,0.46204516291618347,-0.02788357622921467,0.34493768215179443,0.5127418637275696,-0.049046892672777176,0.35855597257614136,0.5558928847312927,-0.0638338252902031,0.3828646242618561,0.5747792720794678,-0.08100490272045135,0.31213846802711487,0.5365902781486511,-0.08465515822172165,0.3106766939163208,0.5945098996162415,-0.11809670180082321,0.3087732493877411,0.6356932520866394,-0.13696420192718506,0.302198201417923,0.6717708706855774,-0.15024179220199585,0.27624058723449707,0.5427967309951782,-0.08182938396930695,0.26325178146362305,0.6032224297523499,-0.11960473656654358,0.25343239307403564,0.646187424659729,-0.1417674571275711,0.24083857238292694,0.683014988899231,-0.1593908816576004,0.24624003469944,0.5429525971412659,-0.0772196426987648,0.23015351593494415,0.5960369110107422,-0.1130434200167656,0.2178526073694229,0.634655773639679,-0.1362932175397873,0.20405271649360657,0.6629210114479065,-0.15242181718349457,0.22333644330501556,0.5386213660240173,-0.07238142937421799,0.19723102450370789,0.5849511027336121,-0.10627344250679016,0.1757306456565857,0.6124417781829834,-0.12959171831607819,0.15590330958366394,0.6363643407821655,-0.14693327248096466,Right,0.8632805347442627
446,7,0,0.8194741606712341,0.43533989787101746,2.1383587522905145e-07,0.76876300573349,0.4606531858444214,-0.018902139738202095,0.7256270051002502,0.5150068402290344,-0.03392866253852844,0.6871556043624878,0.5506393909454346,-0.045125812292099,0.6519716382026672,0.5486630201339722,-0.058195654302835464,0.7625271677970886,0.5299066305160522,-0.06268741935491562,0.7513539791107178,0.5884618759155273,-0.0837424248456955,0.7486671805381775,0.633362352848053,-0.09347039461135864,0.7465925812721252,0.6756443381309509,-0.10124634951353073,0.8011471033096313,0.542736291885376,-0.06204942613840103,0.7951020002365112,0.6047530770301819,-0.08476709574460983,0.7942229509353638,0.6542910933494568,-0.09293658286333084,0.7939296364784241,0.699866771697998,-0.10049706697463989,0.8337841629981995,0.5497874617576599,-0.060209888964891434,0.8372845649719238,0.6098027229309082,-0.08133514970541,0.8397223353385925,0.6564207673072815,-0.09158820658922195,0.8421670794487,0.6978976130485535,-0.09921105951070786,0.8581322431564331,0.5503747463226318,-0.058956585824489594,0.8757150173187256,0.6061841249465942,-0.07880010455846786,0.8922397494316101,0.6413062810897827,-0.09077943116426468,0.9058490991592407,0.6750120520591736,-0.09959869086742401,Left,0.9743255972862244
446,7,1,0.2798862159252167,0.4294140040874481,3.5724218605537317e-07,0.32199981808662415,0.46058154106140137,-0.02540210448205471,0.34482625126838684,0.5128632187843323,-0.04387005791068077,0.35866087675094604,0.557253897190094,-0.056725092232227325,0.3829815983772278,0.5746124982833862,-0.07164345681667328,0.31171467900276184,0.5364068150520325,-0.07424502819776535,0.3106505572795868,0.5942893028259277,-0.103861965239048,0.3086257874965668,0.6349191665649414,-0.12017311900854111,0.3023125231266022,0.6708523035049438,-0.13170720636844635,0.27600735425949097,0.5427427887916565,-0.07222921401262283,0.26320910453796387,0.6027305126190186,-0.10547204315662384,0.2534828186035156,0.645720899105072,-0.12426721304655075,0.24118414521217346,0.682163417339325,-0.1391596794128418,0.2462877333164215,0.5423923134803772,-0.06896410882472992,0.23002521693706512,0.5962097644805908,-0.1013302206993103,0.21748360991477966,0.6347724199295044,-0.12154438346624374,0.2039290964603424,0.6640380620956421,-0.1352720409631729,0.223593607544899,0.5373560190200806,-0.06567378342151642,0.19713115692138672,0.5844962000846863,-0.09667972475290298,0.17569786310195923,0.6122285723686218,-0.1173936277627945,0.1558144986629486,0.6367089748382568,-0.1324470341205597,Right,0.8760803937911987
518,8,0,0.8197383880615234,0.4356476366519928,2.1352391854634334e-07,0.7687056660652161,0.46095749735832214,-0.018532702699303627,0.725536584854126,0.5151899456977844,-0.033157333731651306,0.6870483160018921,0.5503576993942261,-0.044078513979911804,0.6517926454544067,0.5484080910682678,-0.056847065687179565,0.7629512548446655,0.5305814146995544,-0.061007823795080185,0.7515722513198853,0.5886667966842651,-0.08156543970108032,0.7488341331481934,0.6331844925880432,-0.0911574438214302,0.7466645836830139,0.6752791404724121,-0.09888925403356552,0.8015522360801697,0.5438168048858643,-0.060411982238292694,0.7953016757965088,0.6051756143569946,-0.08249843865633011,0.7943220734596252,0.6541188359260559,-0.09053020924329758,0.7939581274986267,0.6994551420211792,-0.0980144664645195,0.8341761827468872,0.5511574745178223,-0.05868235230445862,0.8373696804046631,0.6104176044464111,-0.07925711572170258,0.8396033644676208,0.6562801599502563,-0.08940902352333069,0.8419280052185059,0.6973950266838074,-0.0970030128955841,0.8584027290344238,0.5519496202468872,-0.0575575977563858,0.8758140802383423,0.6070897579193115,-0.07696397602558136,0.8924164772033691,0.6419059634208679,-0.08878091722726822,0.906105101108551,0.6753983497619629,-0.09749945998191833,Left,0.974785566329956
518,8,1,0.27954912185668945,0.43262287974357605,3.863776498747029e-07,0.3220119774341583,0.46497732400894165,-0.027333028614521027,0.3454684615135193,0.5152825713157654,-0.04918112978339195,0.35926201939582825,0.5568516850471497,-0.06445299088954926,0.3836445212364197,0.5748083591461182,-0.0823214054107666,0.31239452958106995,0.536977231502533,-0.08987513184547424,0.3108799159526825,0.5947681069374084,-0.12512725591659546,0.30905964970588684,0.6363584399223328,-0.14498667418956757,0.30258604884147644,0.6724053621292114,-0.15887866914272308,0.27652615308761597,0.5427309274673462,-0.08712885528802872,0.2631746828556061,0.6030188798904419,-0.12760235369205475,0.2534608542919159,0.6464256644248962,-0.15155687928199768,0.24084889888763428,0.6834509372711182,-0.17060086131095886,0.24647197127342224,0.5431047081947327,-0.08197779953479767,0.23019754886627197,0.5954921841621399,-0.1198340430855751,0.21807299554347992,0.6345208883285522,-0.14465448260307312,0.20413851737976074,0.6626238822937012,-0.1619616597890854,0.22343376278877258,0.5394566059112549,-0.07621538639068604,0.19740712642669678,0.5852214097976685,-0.11162292212247849,0.1755944788455963,0.6123771071434021,-0.13621783256530762,0.15567103028297424,0.6360360383987427,-0.15472294390201569,Right,0.8717687129974365
591,9,0,0.819974422454834,0.43493467569351196,2.146277893189108e-07,0.7688883543014526,0.46050935983657837,-0.018439611420035362,0.7256971597671509,0.5146670341491699,-0.0331810899078846,0.6873131394386292,0.5503929853439331,-0.04424192011356354,0.6519182324409485,0.549013614654541,-0.05713433399796486,0.7631008625030518,0.5297029614448547,-0.061149172484874725,0.7517123222351074,0.5885798335075378,-0.08178142458200455,0.7490461468696594,0.6335435509681702,-0.09135572612285614,0.7470097541809082,0.6759466528892517,-0.09906027466058731,0.8016465306282043,0.5423855781555176,-0.060714345425367355,0.7954157590866089,0.6046584844589233,-0.08313751965761185,0.7944461703300476,0.6542987823486328,-0.09146174043416977,0.7940853834152222,0.7002096772193909,-0.0991276428103447,0.8342086672782898,0.5495269894599915,-0.05910782143473625,0.8374370336532593,0.6094200015068054,-0.07999291270971298,0.839527428150177,0.6561305522918701,-0.09044640511274338,0.841755747795105,0.6979731321334839,-0.09820632636547089,0.8583657741546631,0.5505514740943909,-0.0580684058368206,0.8757981061935425,0.6065176129341125,-0.07772695273160934,0.8924422264099121,0.6418643593788147,-0.0897551029920578,0.9062091112136841,0.6757914423942566,-0.09861414134502411,Left,0.977457582950592
591,9,1,0.27984440326690674,0.4287979304790497,3.432160724514688e-07,0.32193443179130554,0.4605554938316345,-0.02366585284471512,0.34466874599456787,0.5136075615882874,-0.04015309736132622,0.3587208390235901,0.5579402446746826,-0.051496561616659164,0.38284915685653687,0.5739966034889221,-0.0646217092871666,0.31183910369873047,0.5372523665428162,-0.06746462732553482,0.31062373518943787,0.5946453809738159,-0.0947941392660141,0.30805519223213196,0.6348051428794861,-0.10964276641607285,0.3014181852340698,0.6702550053596497,-0.12019189447164536,0.2761507034301758,0.5432455539703369,-0.06592120975255966,0.2633592486381531,0.6027692556381226,-0.09676194936037064,0.25357651710510254,0.6456323266029358,-0.11394090205430984,0.24127162992954254,0.6819965839385986,-0.12750740349292755,0.24639375507831573,0.5423138737678528,-0.063428595662117,0.22990559041500092,0.5964130759239197,-0.09404737502336502,0.21713383495807648,0.6349778175354004,-0.11282537132501602,0.20349645614624023,0.664890468120575,-0.12536899745464325,0.2235962301492691,0.5367711186408997,-0.06098678708076477,0.1967659592628479,0.5842443704605103,-0.09076090902090073,0.17519764602184296,0.6122924089431763,-0.11042236536741257,0.15512868762016296,0.6371350288391113,-0.12448021024465561,Right,0.8906989097595215
664,10,0,0.8193648457527161,0.43621861934661865,2.1548433437601489e-07,0.7683874368667603,0.4616069793701172,-0.018409857526421547,0.725566565990448,0.5154143571853638,-0.03346025571227074,0.6871036291122437,0.5504387021064758,-0.044785767793655396,0.6517179608345032,0.5483995079994202,-0.0580282099545002,0.7628281116485596,0.5299051403999329,-0.06251563131809235,0.7514589428901672,0.5884575843811035,-0.08354900032281876,0.748725414276123,0.6331653594970703,-0.09320875257253647,0.746608555316925,0.6753289103507996,-0.1009652242064476,0.8014451861381531,0.5426518321037292,-0.06213076412677765,0.7953056693077087,0.604934573173523,-0.0848129615187645,0.7943873405456543,0.6541301608085632,-0.09295881539583206,0.7941305637359619,0.6994536519050598,-0.10052921622991562,0.8340920209884644,0.5498592257499695,-0.06050150841474533,0.8374574780464172,0.6099129915237427,-0.08157140016555786,0.8396450281143188,0.6564124822616577,-0.09195688366889954,0.8420257568359375,0.6978676915168762,-0.09972434490919113,0.8582601547241211,0.5507996678352356,-0.05939871445298195,0.8758199214935303,0.6063754558563232,-0.07922755181789398,0.8924257755279541,0.6414729952812195,-0.09134229272603989,0.9061130881309509,0.675035834312439,-0.10029616951942444,Left,0.9780305027961731
664,10,1,0.2791770398616791,0.4307044446468353,3.730742150764854e-07,0.32183319330215454,0.46259641647338867,-0.02654898539185524,0.34515589475631714,0.5138387084007263,-0.04648084565997124,0.359026163816452,0.5566469430923462,-0.06042175740003586,0.38319504261016846,0.5743456482887268,-0.0767274722456932,0.3120036721229553,0.536095142364502,-0.08120226860046387,0.31067270040512085,0.5945108532905579,-0.11316978931427002,0.30866187810897827,0.6358007788658142,-0.1308024823665619,0.3020077645778656,0.6717870831489563,-0.1432492882013321,0.27626749873161316,0.5423493385314941,-0.07884728908538818,0.26322484016418457,0.6027795076370239,-0.11580722779035568,0.2535169720649719,0.6464465260505676,-0.1375562995672226,0.24090711772441864,0.6833419799804688,-0.1547900289297104,0.24633748829364777,0.5423362255096436,-0.07471834868192673,0.23019273579120636,0.5952668190002441,-0.10997983813285828,0.2179017812013626,0.6344899535179138,-0.13310331106185913,0.20403392612934113,0.663280189037323,-0.1490437090396881,0.22364260256290436,0.5378149747848511,-0.07029293477535248,0.197743758559227,0.5843115448951721,-0.10381879657506943,0.1760815978050232,0.6120793223381042,-0.12703710794448853,0.15611189603805542,0.6363199353218079,-0.1442491114139557,Right,0.8781845569610596
735,11,0,0.8199897408485413,0.4356861710548401,2.1444982678531233e-07,0.7689632177352905,0.4610306918621063,-0.018116958439350128,0.7256735563278198,0.5152481198310852,-0.032591644674539566,0.6872378587722778,0.5507328510284424,-0.04345295578241348,0.6517584323883057,0.5492396950721741,-0.05611692741513252,0.7631421089172363,0.529779851436615,-0.06007648631930351,0.751602053642273,0.5885365009307861,-0.08018148690462112,0.7489225268363953,0.6333594918251038,-0.08946458995342255,0.7468321323394775,0.675712525844574,-0.09702260792255402,0.8014776110649109,0.5426367521286011,-0.05967415124177933,0.7952540516853333,0.6048930883407593,-0.08137471228837967,0.794339656829834,0.6542733907699585,-0.08934158086776733,0.7940826416015625,0.6999587416648865,-0.09682805836200714,0.8339992761611938,0.5499842166900635,-0.058110132813453674,0.8373869061470032,0.6098771691322327,-0.07831665128469467,0.8396618366241455,0.656455397605896,-0.08842428773641586,0.8421223163604736,0.6982209086418152,-0.09605491906404495,0.8583419322967529,0.5512111186981201,-0.057127177715301514,0.875748336315155,0.6068324446678162,-0.07626695185899734,0.8922367691993713,0.6418332457542419,-0.0879686027765274,0.9059101343154907,0.6754422187805176,-0.09664326906204224,Left,0.9791747331619263
735,11,1,0.27921077609062195,0.4297838509082794,3.56801194811851e-07,0.3217484652996063,0.46047505736351013,-0.024025484919548035,0.34484148025512695,0.5121399164199829,-0.0414387546479702,0.35853317379951477,0.5564519762992859,-0.05358185991644859,0.3822447955608368,0.5738229751586914,-0.06761454045772552,0.3117193579673767,0.5380800366401672,-0.07013863325119019,0.3106140196323395,0.5957600474357605,-0.0980510264635086,0.3077790141105652,0.636060893535614,-0.11305658519268036,0.3006522059440613,0.6712512373924255,-0.12363491952419281,0.2759750187397003,0.5441272258758545,-0.0685395896434784,0.2633378505706787,0.6042958498001099,-0.10012450069189072,0.25338315963745117,0.6472171545028687,-0.11764150112867355,0.2407873421907425,0.6828063726425171,-0.13150689005851746,0.24615062773227692,0.5429202914237976,-0.0657750815153122,0.2298842966556549,0.5976136326789856,-0.09678996354341507,0.21739721298217773,0.6359177827835083,-0.11560346186161041,0.2037566602230072,0.664910078048706,-0.12827104330062866,0.22338294982910156,0.5369969606399536,-0.06298481673002243,0.19699522852897644,0.5844810605049133,-0.09286516904830933,0.17563198506832123,0.6125378608703613,-0.11238967627286911,0.15577355027198792,0.6371402740478516,-0.12641377747058868,Right,0.893898606300354
807,12,0,0.8203909397125244,0.4341046214103699,2.0776464282334928e-07,0.7691829800605774,0.45973101258277893,-0.018589496612548828,0.7258979678153992,0.5146123170852661,-0.0331876166164875,0.6872972249984741,0.5505980849266052,-0.044050078839063644,0.6516964435577393,0.5488482713699341,-0.05669602006673813,0.7630240321159363,0.5301865339279175,-0.06069241464138031,0.7515576481819153,0.5880807042121887,-0.08106619864702225,0.7489795088768005,0.6327172517776489,-0.09056801348924637,0.746902585029602,0.6749154925346375,-0.09828786551952362,0.8016772270202637,0.5432441830635071,-0.06007758527994156,0.7958739995956421,0.6049425005912781,-0.0820099264383316,0.7951684594154358,0.6540866494178772,-0.08997151255607605,0.794922411441803,0.6995166540145874,-0.0974024310708046,0.8342961668968201,0.5504075288772583,-0.05834710970520973,0.8376284241676331,0.6098101735115051,-0.0788116455078125,0.8399372696876526,0.6559984683990479,-0.08891502767801285,0.8422033786773682,0.6974431276321411,-0.0964779257774353,0.858512282371521,0.5510255098342896,-0.05723920837044716,0.8759533166885376,0.6062048077583313,-0.07662411034107208,0.892438530921936,0.6411576271057129,-0.08845792710781097,0.9059089422225952,0.6747648119926453,-0.0971614271402359,Left,0.9771479368209839
807,12,1,0.2788538932800293,0.4280865788459778,3.5300743661537126e-07,0.3213196098804474,0.4592406749725342,-0.02434348315000534,0.3447815477848053,0.5124813914299011,-0.041116863489151,0.3591780364513397,0.5577365159988403,-0.05267678573727608,0.38354024291038513,0.5741267800331116,-0.0659279152750969,0.3115549683570862,0.5357730388641357,-0.06719476729631424,0.31058982014656067,0.5940813422203064,-0.0940437838435173,0.3079567551612854,0.6346837282180786,-0.10848402976989746,0.3012033700942993,0.6704607605934143,-0.11877761036157608,0.2760206162929535,0.5422183275222778,-0.0653323382139206,0.2631908655166626,0.6019817590713501,-0.0958726778626442,0.25312793254852295,0.6454427242279053,-0.11280901730060577,0.24051138758659363,0.681733250617981,-0.12617388367652893,0.2465951144695282,0.5415873527526855,-0.06260256469249725,0.23006117343902588,0.5957427024841309,-0.09281706064939499,0.2172536700963974,0.6345722675323486,-0.11127948015928268,0.2034626007080078,0.6643342971801758,-0.12359394878149033,0.22417829930782318,0.5362942814826965,-0.0600309744477272,0.19761164486408234,0.583659827709198,-0.08924054354429245,0.17618921399116516,0.611799955368042,-0.10852869600057602,0.15623262524604797,0.6367256045341492,-0.12232527136802673,Right,0.881107747554779
882,13,0,0.820559561252594,0.4347909986972809,2.0679020451552788e-07,0.769889235496521,0.4596508741378784,-0.018770113587379456,0.7264518141746521,0.5132807493209839,-0.03289179131388664,0.68777996301651,0.5492185354232788,-0.043385207653045654,0.6526155471801758,0.5487533211708069,-0.05555185675621033,0.7643120884895325,0.5317397713661194,-0.05791395902633667,0.7519844770431519,0.5892832279205322,-0.07717037945985794,0.7491337656974792,0.6332600712776184,-0.08635713905096054,0.7468490600585938,0.6750655174255371,-0.0939059853553772,0.8028770089149475,0.5447021126747131,-0.05695048347115517,0.7969938516616821,0.6052844524383545,-0.07736573368310928,0.796309232711792,0.6536715030670166,-0.08512072265148163,0.7960883975028992,0.6990683674812317,-0.0925692692399025,0.8351755738258362,0.5514459013938904,-0.055021192878484726,0.8383098244667053,0.6097553968429565,-0.07408614456653595,0.8407536745071411,0.6554373502731323,-0.08388662338256836,0.843147337436676,0.6967466473579407,-0.0914529412984848,0.859190821647644,0.5514855980873108,-0.05384349822998047,0.8767194151878357,0.605413019657135,-0.07218955457210541,0.8929399847984314,0.6398999094963074,-0.0835644006729126,0.906230092048645,0.6731813549995422,-0.09200281649827957,Left,0.9707777500152588
882,13,1,0.27878689765930176,0.4294189512729645,3.4238993862345524e-07,0.32162928581237793,0.46074628829956055,-0.022643184289336205,0.344931960105896,0.5133428573608398,-0.03808833658695221,0.3592153787612915,0.557350754737854,-0.048637647181749344,0.3828529119491577,0.5736624002456665,-0.06092733144760132,0.31128594279289246,0.5374606847763062,-0.06400500982999802,0.3104139268398285,0.5950438380241394,-0.0897321030497551,0.306977778673172,0.6351641416549683,-0.10349146276712418,0.2994730472564697,0.6702455282211304,-0.11320645362138748,0.27568092942237854,0.5432666540145874,-0.06259427964687347,0.2634511888027191,0.6030657291412354,-0.09145993739366531,0.25343650579452515,0.6461741924285889,-0.10713251680135727,0.24087832868099213,0.6819518804550171,-0.11958986520767212,0.24601396918296814,0.5420096516609192,-0.06036124378442764,0.2298204004764557,0.5969538688659668,-0.08923882246017456,0.21726176142692566,0.6353455781936646,-0.10643105953931808,0.20356151461601257,0.6647542715072632,-0.11790310591459274,0.2234981209039688,0.5360890030860901,-0.05823948234319687,0.19724804162979126,0.5840034484863281,-0.0866246297955513,0.17587041854858398,0.612275242805481,-0.10493935644626617,0.15572060644626617,0.6368514895439148,-0.11794060468673706,Right,0.8958753943443298
954,14,0,0.8246521949768066,0.42656227946281433,2.1576489928065712e-07,0.7740616798400879,0.4466205835342407,-0.02519173175096512,0.728327214717865,0.5013595819473267,-0.041424546390771866,0.68984454870224,0.5433374047279358,-0.05237479880452156,0.6509138345718384,0.5482909083366394,-0.06442917138338089,0.7669147849082947,0.5171560049057007,-0.0656077191233635,0.7507143020629883,0.5755010843276978,-0.0865718200802803,0.7439339756965637,0.6204781532287598,-0.09652822464704514,0.7376021146774292,0.6638656258583069,-0.10458309203386307,0.8058721423149109,0.5347729325294495,-0.06131819263100624,0.8014454245567322,0.5945544242858887,-0.0845310240983963,0.8006952404975891,0.645588219165802,-0.09419620782136917,0.8001173734664917,0.6945964694023132,-0.10285760462284088,0.836909830570221,0.5453363656997681,-0.05612506717443466,0.8405026793479919,0.6028403043746948,-0.07790948450565338,0.8432950973510742,0.6492089629173279,-0.08900494128465652,0.8454582691192627,0.692890465259552,-0.09708165377378464,0.8585560321807861,0.5486060976982117,-0.05208669975399971,0.8758746981620789,0.603568434715271,-0.07246475666761398,0.8926323056221008,0.6376291513442993,-0.08483944833278656,0.9064317941665649,0.6710679531097412,-0.0937400832772255,Left,0.9887987971305847
954,14,1,0.27898672223091125,0.4250824451446533,3.5028742217946274e-07,0.3205951750278473,0.45664888620376587,-0.02369878813624382,0.3451540470123291,0.5118919610977173,-0.03846919164061546,0.359598308801651,0.5581189393997192,-0.04826846346259117,0.38334715366363525,0.5755115747451782,-0.05918603762984276,0.31052711606025696,0.5293901562690735,-0.05929679423570633,0.30994516611099243,0.5901390314102173,-0.08322349190711975,0.30652156472206116,0.6326850056648254,-0.0962202325463295,0.2996065616607666,0.6696131229400635,-0.10540813952684402,0.27514156699180603,0.535895586013794,-0.05700511112809181,0.26325806975364685,0.5982480645179749,-0.08348868042230606,0.25242161750793457,0.6440888047218323,-0.09778610616922379,0.2395794838666916,0.6817255020141602,-0.10907244682312012,0.2463073432445526,0.5363033413887024,-0.05435247719287872,0.23004505038261414,0.5934360027313232,-0.08093952387571335,0.21680764853954315,0.6337690949440002,-0.0964682549238205,0.20312727987766266,0.6646302342414856,-0.10650356113910675,0.2244335114955902,0.5324846506118774,-0.052213892340660095,0.197597473859787,0.581896960735321,-0.07776851952075958,0.17612740397453308,0.6109929084777832,-0.09397028386592865,0.1564464569091797,0.6358893513679504,-0.10534047335386276,Right,0.8946990966796875
1026,15,0,0.8189792633056641,0.4176331162452698,2.3422663275596278e-07,0.7685447335243225,0.43215376138687134,-0.024268290027976036,0.7229425311088562,0.480658620595932,-0.041629109531641006,0.6844016909599304,0.5195500254631042,-0.05308149755001068,0.6472725868225098,0.5255118608474731,-0.06595992296934128,0.7637923359870911,0.48443758487701416,-0.07545237988233566,0.7420169711112976,0.5413801074028015,-0.0994739681482315,0.7282829880714417,0.5835744738578796,-0.1101691946387291,0.7141164541244507,0.6248486042022705,-0.11825039237737656,0.8019872307777405,0.5055829882621765,-0.07117262482643127,0.790510892868042,0.5662950277328491,-0.09731081128120422,0.7819501161575317,0.6155866384506226,-0.10665471106767654,0.7725363969802856,0.6621408462524414,-0.11512824892997742,0.8311436176300049,0.5223177671432495,-0.06499169766902924,0.832452118396759,0.5820183157920837,-0.08751761168241501,0.8304576277732849,0.6300356984138489,-0.09712443500757217,0.8265584707260132,0.674749493598938,-0.10459824651479721,0.8506833910942078,0.5317729711532593,-0.0597052127122879,0.8659067749977112,0.5852746963500977,-0.07919231057167053,0.8767640590667725,0.6207808256149292,-0.09009214490652084,0.8840943574905396,0.656254768371582,-0.09861449152231216,Left,0.989872932434082
1026,15,1,0.2775123715400696,0.42053428292274475,2.910999512550916e-07,0.31874626874923706,0.4423278570175171,-0.026949986815452576,0.34637513756752014,0.4946056306362152,-0.04338156804442406,0.36160409450531006,0.5476304292678833,-0.053891681134700775,0.3846527934074402,0.5752558708190918,-0.06463677436113358,0.30523473024368286,0.5082840323448181,-0.060803912580013275,0.31191331148147583,0.5726613998413086,-0.08361291885375977,0.3147208094596863,0.6173270344734192,-0.09612471610307693,0.3124465048313141,0.6570901274681091,-0.10505892336368561,0.26988485455513,0.5251240730285645,-0.05577804893255234,0.2637075185775757,0.5900772213935852,-0.0773065835237503,0.25754523277282715,0.6361368298530579,-0.08793780952692032,0.24728508293628693,0.6738827228546143,-0.09743650257587433,0.24381881952285767,0.53529953956604,-0.050723858177661896,0.22894644737243652,0.5941584706306458,-0.07285992801189423,0.21537253260612488,0.63301020860672,-0.0851726233959198,0.20106695592403412,0.6612759828567505,-0.0935964435338974,0.2259221225976944,0.5391813516616821,-0.04665258899331093,0.19855999946594238,0.5871497392654419,-0.06872813403606415,0.17681099474430084,0.6138442754745483,-0.08232253044843674,0.15689784288406372,0.6361291408538818,-0.09180213510990143,Right,0.9377920031547546
1099,16,0,0.8126258850097656,0.41056784987449646,3.1534005984212854e-07,0.7597011923789978,0.41740936040878296,-0.024299263954162598,0.7121281027793884,0.45892369747161865,-0.042007412761449814,0.6734380722045898,0.49443569779396057,-0.053989410400390625,0.6368053555488586,0.49493229389190674,-0.06645470857620239,0.7503945231437683,0.4478503465652466,-0.07434684783220291,0.7190330028533936,0.5020924806594849,-0.10104020684957504,0.6985094547271729,0.5438900589942932,-0.11298283189535141,0.6793023347854614,0.5825946927070618,-0.12061308324337006,0.7871421575546265,0.4762488007545471,-0.070448137819767,0.7653393149375916,0.5307663679122925,-0.09638141840696335,0.7430325746536255,0.5774461627006531,-0.10395720601081848,0.7203897833824158,0.6196306943893433,-0.1103205531835556,0.8152763247489929,0.5041384100914001,-0.06534510105848312,0.8053221702575684,0.5611884593963623,-0.08757790923118591,0.786620557308197,0.6074299812316895,-0.09555764496326447,0.765065610408783,0.6467722654342651,-0.10107459127902985,0.8343505263328552,0.5282548666000366,-0.06145195662975311,0.8367087244987488,0.58191978931427,-0.0787159726023674,0.8318601250648499,0.618880033493042,-0.08749701082706451,0.8185274004936218,0.6530144214630127,-0.09434587508440018,Left,0.9876614212989807
1099,16,1,0.28489986062049866,0.3850082755088806,1.06752587214487e-07,0.3292759954929352,0.4120502769947052,-0.02970164269208908,0.35516300797462463,0.47400498390197754,-0.04464403912425041,0.36809223890304565,0.5362387895584106,-0.051939707249403,0.38853293657302856,0.5759124755859375,-0.05902246758341789,0.31435737013816833,0.4572947919368744,-0.06454410403966904,0.33022522926330566,0.5150499939918518,-0.08893914520740509,0.34134700894355774,0.5616577863693237,-0.10152904689311981,0.34903520345687866,0.6051664352416992,-0.109856978058815,0.28057411313056946,0.47501692175865173,-0.05675119906663895,0.2864798903465271,0.5459163784980774,-0.07932025194168091,0.29437804222106934,0.6030460000038147,-0.08888590335845947,0.2989336848258972,0.6516979932785034,-0.09730391949415207,0.25675150752067566,0.4926317036151886,-0.04937688633799553,0.2559545040130615,0.5531970858573914,-0.07200747728347778,0.26118946075439453,0.601391613483429,-0.08395091444253922,0.26630300283432007,0.6406680941581726,-0.09167886525392532,0.24322262406349182,0.5055723190307617,-0.04326241835951805,0.2236294001340866,0.549078106880188,-0.06371841579675674,0.21316605806350708,0.5765796899795532,-0.07692908495664597,0.20639774203300476,0.602875828742981,-0.08655202388763428,Right,0.9849804043769836
1171,17,0,0.803070068359375,0.4195009171962738,4.046318053951836e-07,0.7480631470680237,0.4231213331222534,-0.020998504012823105,0.6956908702850342,0.46570685505867004,-0.036779023706912994,0.6529846787452698,0.5111309289932251,-0.04750857874751091,0.6126028299331665,0.5241180062294006,-0.05931636691093445,0.7215161919593811,0.4525160491466522,-0.06791937351226807,0.6860532760620117,0.5191931128501892,-0.09091566503047943,0.6636238694190979,0.5669621229171753,-0.0988859087228775,0.645597517490387,0.6058560013771057,-0.10270454734563828,0.7576484680175781,0.4810464382171631,-0.06454499065876007,0.7307004332542419,0.5503501892089844,-0.08776471763849258,0.7023508548736572,0.6005828380584717,-0.09201254695653915,0.6766225099563599,0.6377366781234741,-0.09470908343791962,0.7858839631080627,0.507634699344635,-0.059995438903570175,0.7658621072769165,0.5721307992935181,-0.0777106061577797,0.7375291585922241,0.6157253980636597,-0.08140197396278381,0.7093815207481384,0.6448143124580383,-0.08355038613080978,0.8058898448944092,0.5307081937789917,-0.05653360113501549,0.7958990931510925,0.588447630405426,-0.07017552852630615,0.7790224552154541,0.6188643574714661,-0.07525357604026794,0.7583286166191101,0.6386796236038208,-0.07845351099967957,Left,0.9984539151191711
1171,17,1,0.2976461350917816,0.3879350423812866,6.743633207406674e-08,0.3385508954524994,0.4099136292934418,-0.03229890391230583,0.3668001592159271,0.4615226984024048,-0.05107611417770386,0.38468819856643677,0.5193437337875366,-0.06181942671537399,0.4053579866886139,0.5595170259475708,-0.07173018902540207,0.33567556738853455,0.4275072515010834,-0.08052580803632736,0.3581409752368927,0.4905661344528198,-0.11015547066926956,0.3756207227706909,0.5409067869186401,-0.12226736545562744,0.3891209363937378,0.5827308893203735,-0.12826623022556305,0.29934588074684143,0.4437549114227295,-0.07175738364458084,0.31517601013183594,0.5114390254020691,-0.10010012239217758,0.335143119096756,0.572909951210022,-0.10793712735176086,0.3512786626815796,0.6177101135253906,-0.11392629891633987,0.2733774483203888,0.4653240442276001,-0.06312638521194458,0.2799820303916931,0.5169562101364136,-0.08949897438287735,0.2984697222709656,0.5673786997795105,-0.10020532459020615,0.31834715604782104,0.6009594202041626,-0.10530274361371994,0.2581861615180969,0.48486512899398804,-0.055774033069610596,0.24788765609264374,0.5238025188446045,-0.07658233493566513,0.2578021287918091,0.5551735162734985,-0.08841549605131149,0.2758575975894928,0.5784902572631836,-0.0961880087852478,Right,0.9925899505615234
1243,18,0,0.7843253016471863,0.4327192008495331,3.5696984923561104e-07,0.7309062480926514,0.43548980355262756,-0.022203050553798676,0.683348536491394,0.4796620309352875,-0.040429044514894485,0.6454554796218872,0.5270794034004211,-0.052380990236997604,0.6091443300247192,0.5413336157798767,-0.06571874767541885,0.708584189414978,0.4612385928630829,-0.08563198149204254,0.6677672863006592,0.5329174995422363,-0.11387324333190918,0.6430069804191589,0.5846906900405884,-0.12381866574287415,0.6243143081665039,0.6241703629493713,-0.12876121699810028,0.7469261288642883,0.48925572633743286,-0.08279385417699814,0.724290132522583,0.5595526695251465,-0.11506234109401703,0.693444550037384,0.6080741286277771,-0.12178657203912735,0.6687771081924438,0.6351050138473511,-0.12532904744148254,0.7765647172927856,0.514333188533783,-0.07779553532600403,0.7588117718696594,0.5773452520370483,-0.10174286365509033,0.7272034287452698,0.6185665726661682,-0.10739434510469437,0.6995174884796143,0.6385100483894348,-0.10977236181497574,0.7976801991462708,0.5356236100196838,-0.07327284663915634,0.7864776849746704,0.5952775478363037,-0.09235744923353195,0.7657491564750671,0.624153733253479,-0.10070083290338516,0.7438647747039795,0.6348714828491211,-0.10509778559207916,Left,0.9997454881668091
1243,18,1,0.3032125234603882,0.39329347014427185,1.8511856580971653e-07,0.3472413122653961,0.41208893060684204,-0.029424194246530533,0.3772914409637451,0.462921679019928,-0.04628196358680725,0.3922787010669708,0.5241509079933167,-0.05476633831858635,0.40857425332069397,0.5686497688293457,-0.06261857599020004,0.348042756319046,0.4322262108325958,-0.08136024326086044,0.3761131167411804,0.5083625912666321,-0.10867101699113846,0.39422258734703064,0.5616505742073059,-0.11928225308656693,0.408319890499115,0.6026993989944458,-0.12457826733589172,0.31125667691230774,0.44934308528900146,-0.07411296665668488,0.3307754397392273,0.5266388058662415,-0.10198654979467392,0.3547894358634949,0.5871632099151611,-0.11082379519939423,0.37564346194267273,0.6278448700904846,-0.11709751933813095,0.2860085666179657,0.47006478905677795,-0.06615924835205078,0.29539239406585693,0.5338975787162781,-0.09117388725280762,0.3180496096611023,0.5856168270111084,-0.1034121885895729,0.34177231788635254,0.6152989268302917,-0.1101667657494545,0.2724567651748657,0.4880496859550476,-0.05898416414856911,0.2660084366798401,0.5341473817825317,-0.08075905591249466,0.27702969312667847,0.5671377182006836,-0.09398257732391357,0.2952192425727844,0.5871347188949585,-0.10255319625139236,Right,0.9951065182685852
1317,19,0,0.7789075970649719,0.4393002688884735,4.2278662704120507e-07,0.7263859510421753,0.4435822367668152,-0.023724926635622978,0.68058842420578,0.48565125465393066,-0.0448315404355526,0.6449988484382629,0.5344035625457764,-0.05888591334223747,0.6131433248519897,0.5627467632293701,-0.0743715912103653,0.7079125642776489,0.46469300985336304,-0.09804094582796097,0.6664509177207947,0.5365767478942871,-0.12861911952495575,0.6397417187690735,0.584643542766571,-0.13740284740924835,0.6185585260391235,0.6202105283737183,-0.14090482890605927,0.7449521422386169,0.49189358949661255,-0.09524387121200562,0.7219935655593872,0.5627253651618958,-0.130335733294487,0.6886839866638184,0.6076377630233765,-0.13535359501838684,0.6634401679039001,0.6269867420196533,-0.13737598061561584,0.7748558521270752,0.5175026059150696,-0.08982328325510025,0.757622241973877,0.5834630727767944,-0.11615514010190964,0.7259485125541687,0.6228759288787842,-0.12052721530199051,0.6994951367378235,0.6363608837127686,-0.12181936204433441,0.7969270944595337,0.5389176607131958,-0.08470471203327179,0.7868984341621399,0.6032272577285767,-0.10608601570129395,0.7641780972480774,0.6321529746055603,-0.11490991711616516,0.7417113780975342,0.6398824453353882,-0.11953345686197281,Left,0.9998722076416016
1317,19,1,0.30437415838241577,0.4026120603084564,3.199101854534092e-07,0.35045677423477173,0.4140579402446747,-0.02477974258363247,0.379401832818985,0.45736390352249146,-0.042256150394678116,0.38792669773101807,0.5138341784477234,-0.0517851859331131,0.39345622062683105,0.5516436100006104,-0.06066831946372986,0.35390037298202515,0.445494681596756,-0.08279740810394287,0.3818620443344116,0.5267952680587769,-0.11082422733306885,0.4006859064102173,0.5828685760498047,-0.1233474612236023,0.4146067500114441,0.6233489513397217,-0.1293378621339798,0.3179084360599518,0.4637952446937561,-0.07823210954666138,0.34023940563201904,0.5422048568725586,-0.1080462783575058,0.36697515845298767,0.606538712978363,-0.11913526058197021,0.3879871666431427,0.6456916928291321,-0.12580785155296326,0.2916865348815918,0.48496749997138977,-0.07155439257621765,0.30259257555007935,0.5500813126564026,-0.09694260358810425,0.3285098969936371,0.6042090058326721,-0.10967643558979034,0.35225582122802734,0.6285641193389893,-0.11549584567546844,0.2760426700115204,0.5034140348434448,-0.06493683904409409,0.28262028098106384,0.5591116547584534,-0.08580038696527481,0.3025965094566345,0.5941205620765686,-0.09577526897192001,0.32250675559043884,0.6078773140907288,-0.1004762277007103,Right,0.9960472583770752
1388,20,0,0.7807246446609497,0.44069230556488037,4.387198941913084e-07,0.7276202440261841,0.442854642868042,-0.020759068429470062,0.684847354888916,0.48295244574546814,-0.041435085237026215,0.6512104272842407,0.5318703651428223,-0.055323243141174316,0.6197550296783447,0.5609979629516602,-0.07066882401704788,0.7099020481109619,0.46463340520858765,-0.09671924263238907,0.6673390865325928,0.537256121635437,-0.12567026913166046,0.6383348703384399,0.5829648971557617,-0.13218900561332703,0.6161513924598694,0.6151013374328613,-0.1338893622159958,0.7466068267822266,0.4926069676876068,-0.0950305387377739,0.7208524942398071,0.5674222111701965,-0.12836851179599762,0.6861259937286377,0.6067830920219421,-0.13069219887256622,0.6608182787895203,0.6196385025978088,-0.13044627010822296,0.7769706845283508,0.5192975401878357,-0.09040023386478424,0.758192241191864,0.5916642546653748,-0.11490297317504883,0.7256136536598206,0.6270268559455872,-0.11728253215551376,0.6987489461898804,0.6350697875022888,-0.11728883534669876,0.7994421720504761,0.5401483178138733,-0.08573457598686218,0.7904618382453918,0.6087270379066467,-0.10492394119501114,0.7669782042503357,0.6363462209701538,-0.11213811486959457,0.7441961169242859,0.6414211392402649,-0.11581675708293915,Left,0.9998587369918823
1388,20,1,0.3083736002445221,0.40566226840019226,3.502092624785291e-07,0.35333016514778137,0.4130229353904724,-0.02486548013985157,0.38078778982162476,0.4527589678764343,-0.04232911020517349,0.3899647891521454,0.5066536068916321,-0.051690034568309784,0.39781227707862854,0.5449442863464355,-0.060499146580696106,0.3525179326534271,0.4451294541358948,-0.08222677558660507,0.38021302223205566,0.5242968201637268,-0.10994493961334229,0.4009052813053131,0.5788102746009827,-0.12291619181632996,0.416697233915329,0.6166020631790161,-0.12890256941318512,0.31711235642433167,0.4660418927669525,-0.07695391774177551,0.33830663561820984,0.5467790961265564,-0.10468792915344238,0.3712281584739685,0.6057422161102295,-0.11319921165704727,0.39770039916038513,0.6372969150543213,-0.11751468479633331,0.29173344373703003,0.4872027635574341,-0.06954463571310043,0.3053104877471924,0.558280885219574,-0.09089312702417374,0.3362853229045868,0.6051795482635498,-0.09769751876592636,0.3620047867298126,0.6199057698249817,-0.09936247766017914,0.27749210596084595,0.5035675168037415,-0.0626470074057579,0.28637489676475525,0.5635571479797363,-0.07969501614570618,0.3105252981185913,0.5978627800941467,-0.0851278305053711,0.33260565996170044,0.6085996031761169,-0.08610256016254425,Right,0.9968841671943665
1460,21,0,0.7818400859832764,0.4380108118057251,4.090677805379528e-07,0.7292414903640747,0.4423362910747528,-0.01839081570506096,0.6871541142463684,0.48531338572502136,-0.03879120945930481,0.653788685798645,0.5329532623291016,-0.052079085260629654,0.621101975440979,0.5607612729072571,-0.0666680634021759,0.7068877816200256,0.4671008586883545,-0.09802408516407013,0.6630011796951294,0.5408614277839661,-0.12707899510860443,0.6359003186225891,0.5869195461273193,-0.1312495321035385,0.6148415207862854,0.6162012815475464,-0.1298392117023468,0.743101954460144,0.49488452076911926,-0.09604567289352417,0.7159149050712585,0.5792291164398193,-0.12766343355178833,0.6832221746444702,0.6159655451774597,-0.12409979850053787,0.6613014936447144,0.6207196116447449,-0.11786297708749771,0.7738412618637085,0.5193628668785095,-0.09081661701202393,0.750744104385376,0.5988996028900146,-0.1144154891371727,0.7199302315711975,0.6311364769935608,-0.11038845777511597,0.6962963938713074,0.6329555511474609,-0.10385703295469284,0.7967661619186401,0.5359934568405151,-0.08519403636455536,0.7852134704589844,0.6129706501960754,-0.10321252048015594,0.7631084322929382,0.6400009989738464,-0.10578616708517075,0.7434816956520081,0.6417782306671143,-0.10413028299808502,Left,0.9998959302902222
1460,21,1,0.3085920810699463,0.4065842032432556,2.7028542604057293e-07,0.35682711005210876,0.4141696095466614,-0.024877185001969337,0.3869799077510834,0.46789318323135376,-0.03914206102490425,0.39833471179008484,0.5341892838478088,-0.04561878740787506,0.41562023758888245,0.5753779411315918,-0.0512998066842556,0.35689494013786316,0.4499545693397522,-0.07352598011493683,0.37855374813079834,0.5248656272888184,-0.098607137799263,0.39757704734802246,0.5779796242713928,-0.1085420697927475,0.4134003520011902,0.6120063662528992,-0.1120547354221344,0.32209280133247375,0.4688339829444885,-0.06832358241081238,0.33900517225265503,0.5487068891525269,-0.09375008940696716,0.37101203203201294,0.6036010980606079,-0.09790023416280746,0.3971027731895447,0.6288600564002991,-0.09854570776224136,0.2968696355819702,0.4870200455188751,-0.06204964965581894,0.30817607045173645,0.5611684918403625,-0.08249089121818542,0.3379608988761902,0.6063781976699829,-0.08520612120628357,0.36343151330947876,0.6195046901702881,-0.08351483941078186,0.2817651927471161,0.5001726746559143,-0.05661863088607788,0.2889043092727661,0.5637763142585754,-0.07265416532754898,0.3088875412940979,0.5996968746185303,-0.07576867192983627,0.32866671681404114,0.6116676330566406,-0.07483487576246262,Right,0.998984158039093
1532,22,0,0.7866556644439697,0.4333624243736267,4.4888989236824273e-07,0.7323521375656128,0.43471819162368774,-0.016609307378530502,0.6879228353500366,0.47620928287506104,-0.033884089440107346,0.6552027463912964,0.5257747769355774,-0.044949233531951904,0.6236376166343689,0.5560633540153503,-0.056737080216407776,0.7048947811126709,0.4673527479171753,-0.08404143899679184,0.6644372940063477,0.5382013320922852,-0.11084768176078796,0.6364390850067139,0.5751765966415405,-0.11491125077009201,0.613891065120697,0.594109833240509,-0.11323535442352295,0.7393820881843567,0.4969278573989868,-0.0825411006808281,0.7072921991348267,0.5819300413131714,-0.11187267303466797,0.6732403039932251,0.6189404726028442,-0.11052142828702927,0.6493349075317383,0.6252057552337646,-0.10548090189695358,0.7688754796981812,0.5224664807319641,-0.07841136306524277,0.7430932521820068,0.5998318791389465,-0.10003131628036499,0.7132647037506104,0.632371187210083,-0.09812797605991364,0.6895573735237122,0.635968029499054,-0.09275326132774353,0.7922735214233398,0.539955198764801,-0.07390166074037552,0.7772996425628662,0.6105151176452637,-0.08917900919914246,0.7562696933746338,0.6376469135284424,-0.09135119616985321,0.7375093698501587,0.6412760019302368,-0.08936911076307297,Left,0.99989914894104
1532,22,1,0.3058384358882904,0.4025769829750061,2.0207791351367632e-07,0.35440316796302795,0.4055609405040741,-0.019523432478308678,0.3840760588645935,0.44935858249664307,-0.033499643206596375,0.3931939899921417,0.5031810402870178,-0.04068107157945633,0.39673250913619995,0.542626142501831,-0.046046290546655655,0.35324570536613464,0.4467785656452179,-0.06852380186319351,0.3771936297416687,0.5229791402816772,-0.09292092174291611,0.4006384313106537,0.5665737986564636,-0.09993098676204681,0.418778657913208,0.5824381113052368,-0.09922334551811218,0.3208216726779938,0.4666112959384918,-0.06413276493549347,0.33727410435676575,0.5539573431015015,-0.0876297876238823,0.3683364689350128,0.6002752184867859,-0.08782057464122772,0.3937545120716095,0.6116957664489746,-0.08362426608800888,0.2976631820201874,0.4857226014137268,-0.058462027460336685,0.30993348360061646,0.5668131709098816,-0.07668368518352509,0.3395492136478424,0.6049381494522095,-0.07471035420894623,0.3638079762458801,0.6095272302627563,-0.06800954043865204,0.28542137145996094,0.5004574656486511,-0.0531674325466156,0.2942287027835846,0.5686444640159607,-0.06658244878053665,0.3169669806957245,0.601462721824646,-0.06673816591501236,0.3375342786312103,0.6080843210220337,-0.06220477819442749,Right,0.9977554082870483
1603,23,0,0.783505380153656,0.4370957016944885,4.3632934421111713e-07,0.7328662276268005,0.42958709597587585,-0.010715262964367867,0.6949554085731506,0.45660316944122314,-0.026578376069664955,0.668237030506134,0.49456197023391724,-0.037063658237457275,0.6501590609550476,0.5293290019035339,-0.04835484176874161,0.7059929966926575,0.4571511149406433,-0.07829079777002335,0.6611543893814087,0.5144234299659729,-0.104573555290699,0.6349530220031738,0.5512691736221313,-0.10916738957166672,0.6186623573303223,0.5711881518363953,-0.10721483081579208,0.7340419888496399,0.49482226371765137,-0.07919395714998245,0.6824936866760254,0.5668946504592896,-0.1043318435549736,0.6467893123626709,0.5997719764709473,-0.10110551863908768,0.6281083226203918,0.6048253178596497,-0.09482531249523163,0.7602295279502869,0.526827335357666,-0.0771283432841301,0.7167203426361084,0.5956381559371948,-0.0953880101442337,0.6833365559577942,0.6212797164916992,-0.09318400174379349,0.6624441146850586,0.620110034942627,-0.0881558209657669,0.7832271456718445,0.549018919467926,-0.07411520183086395,0.7646272778511047,0.6181188225746155,-0.08908512443304062,0.7417439222335815,0.6394429802894592,-0.09143152087926865,0.7234565019607544,0.63606196641922,-0.08940567821264267,Left,0.9993932843208313
1603,23,1,0.3117235600948334,0.41298770904541016,1.7873844626592472e-07,0.35606324672698975,0.4048296809196472,-0.02623661607503891,0.38937893509864807,0.4424372911453247,-0.04399667680263519,0.4022655785083771,0.4931603670120239,-0.05333559587597847,0.40931230783462524,0.5319229364395142,-0.060324616730213165,0.3542436361312866,0.43552231788635254,-0.08360491693019867,0.3886936902999878,0.5200462937355042,-0.10773012042045593,0.41447359323501587,0.5590525269508362,-0.10963843017816544,0.43232446908950806,0.5699365735054016,-0.10490545630455017,0.3233810365200043,0.46246805787086487,-0.07630430907011032,0.35956642031669617,0.5525397658348083,-0.10178129374980927,0.3938027620315552,0.5884672999382019,-0.09796249866485596,0.41729307174682617,0.5918264985084534,-0.08988157659769058,0.3030582666397095,0.4890989363193512,-0.06762094795703888,0.333726167678833,0.5693874359130859,-0.08715764433145523,0.36577531695365906,0.5965245962142944,-0.08070600032806396,0.38885068893432617,0.5967126488685608,-0.07053066790103912,0.29316967725753784,0.511180579662323,-0.05968592315912247,0.31809109449386597,0.5762583017349243,-0.07391022145748138,0.34328675270080566,0.597802460193634,-0.07126618176698685,0.3628920614719391,0.5986871719360352,-0.06453683227300644,Right,0.9977161884307861
1675,24,0,0.7842116355895996,0.4417937397956848,4.7588912366336444e-07,0.7333232164382935,0.43154364824295044,-0.008695336058735847,0.694692850112915,0.4567940831184387,-0.02481471560895443,0.6683998107910156,0.49107176065444946,-0.03599700704216957,0.6496459245681763,0.523348331451416,-0.04813908413052559,0.7082532644271851,0.4554556906223297,-0.07719169557094574,0.6594091653823853,0.5101966261863708,-0.10214792937040329,0.6310563087463379,0.543495774269104,-0.10578359663486481,0.6123672127723694,0.5638786554336548,-0.10318485647439957,0.7358766794204712,0.493108868598938,-0.07890315353870392,0.6779260039329529,0.5584773421287537,-0.10329307615756989,0.6411626935005188,0.5886422991752625,-0.09881094098091125,0.6203915476799011,0.5977509021759033,-0.0917477011680603,0.760050356388092,0.5285348296165466,-0.07730560749769211,0.7076353430747986,0.5882666110992432,-0.09320593625307083,0.6738295555114746,0.6110457181930542,-0.08745478093624115,0.6534662246704102,0.6139076948165894,-0.08013791590929031,0.780955970287323,0.5552379488945007,-0.0748729482293129,0.7447803616523743,0.6149373054504395,-0.08442050963640213,0.7177472710609436,0.6313639283180237,-0.08131539076566696,0.6989428400993347,0.6295844316482544,-0.07605843991041183,Left,0.9995271563529968
1675,24,1,0.3166992962360382,0.407123863697052,7.70737713651215e-08,0.3582005202770233,0.38984301686286926,-0.026593688875436783,0.39620715379714966,0.42001616954803467,-0.043669942766427994,0.41421759128570557,0.46758297085762024,-0.051951631903648376,0.42221149802207947,0.5055937170982361,-0.057330694049596786,0.36406803131103516,0.42193588614463806,-0.08403193950653076,0.407208114862442,0.5026535987854004,-0.1063268780708313,0.4365437924861908,0.5342881679534912,-0.10495181381702423,0.4550553560256958,0.5416173338890076,-0.09832669794559479,0.3361118733882904,0.4549817442893982,-0.07576612383127213,0.3811025619506836,0.5393943190574646,-0.1004464253783226,0.417505145072937,0.5651820302009583,-0.0931941568851471,0.4397343695163727,0.5625109076499939,-0.08230878412723541,0.31958338618278503,0.48491549491882324,-0.06629006564617157,0.35784846544265747,0.5605749487876892,-0.08555243164300919,0.3926318883895874,0.580883800983429,-0.07626946270465851,0.4157027006149292,0.5777032971382141,-0.06381949037313461,0.31353986263275146,0.506784200668335,-0.05772783234715462,0.34176141023635864,0.5656164884567261,-0.0729512944817543,0.3690241873264313,0.5833299160003662,-0.07060369104146957,0.3890991806983948,0.5814813375473022,-0.0635676383972168,Right,0.9963279962539673
1747,25,0,0.7879729866981506,0.44438666105270386,4.799749717676605e-07,0.7385157942771912,0.43003255128860474,-0.010889258235692978,0.6976763606071472,0.45101654529571533,-0.02831278182566166,0.6676251888275146,0.4832051992416382,-0.040354933589696884,0.6464359164237976,0.5129411816596985,-0.053546689450740814,0.7139657139778137,0.45393726229667664,-0.0804266482591629,0.6640591621398926,0.5057532787322998,-0.10736225545406342,0.6343570947647095,0.5360379815101624,-0.11303050071001053,0.6153899431228638,0.5539092421531677,-0.11176098138093948,0.7404761910438538,0.49312877655029297,-0.0812557265162468,0.6817018985748291,0.5552566647529602,-0.10701140761375427,0.6430749893188477,0.5825434923171997,-0.10463125258684158,0.6204362511634827,0.5912373065948486,-0.0995335504412651,0.7628030776977539,0.5297051072120667,-0.07891622930765152,0.7092280983924866,0.5876370668411255,-0.0958523228764534,0.6743718385696411,0.6076423525810242,-0.09208577871322632,0.6528932452201843,0.6097694635391235,-0.08664589375257492,0.7815935015678406,0.5571946501731873,-0.07586770504713058,0.7438346743583679,0.613779604434967,-0.0867869108915329,0.7166372537612915,0.628929853439331,-0.08545565605163574,0.6978104710578918,0.6276321411132812,-0.08183936774730682,Left,0.9993478655815125
1747,25,1,0.3270610272884369,0.39792439341545105,1.27976733210744e-07,0.36957964301109314,0.3775114417076111,-0.02566852606832981,0.4084636867046356,0.40204301476478577,-0.04272673651576042,0.43098926544189453,0.44384220242500305,-0.05118193477392197,0.4463579058647156,0.47867798805236816,-0.0569269098341465,0.37471285462379456,0.39969396591186523,-0.08644646406173706,0.422426700592041,0.4671420753002167,-0.11009502410888672,0.4551217555999756,0.4966150224208832,-0.10919856280088425,0.4749048054218292,0.505944550037384,-0.10243634879589081,0.35020917654037476,0.4362182021141052,-0.07859870791435242,0.39929690957069397,0.5088112950325012,-0.10466329753398895,0.4389411211013794,0.531282365322113,-0.09629809111356735,0.46024811267852783,0.5286248326301575,-0.08388634771108627,0.3360399603843689,0.4695703089237213,-0.06928549706935883,0.38036713004112244,0.535395085811615,-0.08912216126918793,0.4167712330818176,0.5523940920829773,-0.07746700197458267,0.4383261501789093,0.547719419002533,-0.06231264770030975,0.3313082158565521,0.4936087429523468,-0.060997284948825836,0.36323392391204834,0.5510992407798767,-0.07630327343940735,0.39179542660713196,0.5681737661361694,-0.07246655970811844,0.4115491211414337,0.5650242567062378,-0.06344270706176758,Right,0.9978965520858765
1819,26,0,0.7918350696563721,0.44588059186935425,5.095748178973736e-07,0.7457993626594543,0.4234932065010071,-0.012278255075216293,0.7047510743141174,0.438682496547699,-0.02908729761838913,0.6751531362533569,0.4690234661102295,-0.04027339816093445,0.654434323310852,0.49793320894241333,-0.05209461227059364,0.7220516204833984,0.4476999044418335,-0.07950424402952194,0.6685605645179749,0.4946472644805908,-0.1053331047296524,0.6360307335853577,0.5193876028060913,-0.10988757759332657,0.6133958697319031,0.5340234041213989,-0.10800907760858536,0.7443109154701233,0.4914379417896271,-0.07889318466186523,0.6789454221725464,0.5455347299575806,-0.10412932932376862,0.6385506987571716,0.5658132433891296,-0.10127674788236618,0.6150097250938416,0.5702894330024719,-0.09570595622062683,0.7622458338737488,0.5313700437545776,-0.0751655325293541,0.7006822228431702,0.5824103355407715,-0.09186713397502899,0.6645002365112305,0.5954728126525879,-0.08816379308700562,0.6435611248016357,0.5925256013870239,-0.08253537863492966,0.7768433094024658,0.5613632798194885,-0.07093757390975952,0.7318822741508484,0.6123932600021362,-0.08181995153427124,0.7014753818511963,0.6213836669921875,-0.08109276741743088,0.681938886642456,0.6137198209762573,-0.07779748737812042,Left,0.999272882938385
1819,26,1,0.34175580739974976,0.3988860845565796,2.5516607138342806e-07,0.38094982504844666,0.3750886619091034,-0.02397352270781994,0.42086589336395264,0.3922629952430725,-0.04152625426650047,0.4450370669364929,0.42914366722106934,-0.0506168007850647,0.46203112602233887,0.4595831036567688,-0.058025989681482315,0.388694703578949,0.3874073624610901,-0.08638045936822891,0.43891429901123047,0.4450487494468689,-0.10983124375343323,0.4726565480232239,0.4753768742084503,-0.1121888980269432,0.4941602647304535,0.4916166663169861,-0.10927105695009232,0.3650699853897095,0.42465174198150635,-0.08025683462619781,0.41841089725494385,0.4897957146167755,-0.10545814782381058,0.4604344069957733,0.5115262269973755,-0.1015852838754654,0.4838561713695526,0.5132891535758972,-0.09449499100446701,0.3514863848686218,0.45932236313819885,-0.07201964408159256,0.39919769763946533,0.5202100276947021,-0.09119502454996109,0.43854865431785583,0.5374592542648315,-0.08512235432863235,0.46218743920326233,0.5336543321609497,-0.07592324912548065,0.34690582752227783,0.48558756709098816,-0.06428012251853943,0.38291028141975403,0.5367305278778076,-0.0789538025856018,0.4128763675689697,0.5521442890167236,-0.07713360339403152,0.43396392464637756,0.5497138500213623,-0.07133100926876068,Right,0.9988676309585571
1890,27,0,0.7924227714538574,0.44293126463890076,5.01484180404077e-07,0.7476170063018799,0.41664832830429077,-0.012372962199151516,0.7060189843177795,0.42870962619781494,-0.02892371080815792,0.6757829785346985,0.45861905813217163,-0.039729248732328415,0.6541771292686462,0.48781105875968933,-0.05105629190802574,0.7233943939208984,0.4387825131416321,-0.07880067825317383,0.6684058308601379,0.4795336425304413,-0.10417065769433975,0.6355670690536499,0.5026769638061523,-0.10820002108812332,0.612553060054779,0.5171344876289368,-0.10605418682098389,0.7431700825691223,0.4846739172935486,-0.07793881744146347,0.6755678653717041,0.5332328081130981,-0.10263675451278687,0.635239839553833,0.5497466325759888,-0.0990757942199707,0.6119504570960999,0.5528145432472229,-0.09299977868795395,0.7592436671257019,0.5267641544342041,-0.07395002245903015,0.6956609487533569,0.5740153789520264,-0.09023889899253845,0.6597214341163635,0.5831624269485474,-0.08542998135089874,0.6394715309143066,0.578391432762146,-0.07898136973381042,0.7725038528442383,0.5583269596099854,-0.06949669122695923,0.7249696254730225,0.6067790389060974,-0.07922693341970444,0.693992018699646,0.6136425733566284,-0.07724172621965408,0.6746075749397278,0.6052180528640747,-0.0731925293803215,Left,0.9986475706100464
1890,27,1,0.35320109128952026,0.39957883954048157,3.640842862751015e-07,0.39327552914619446,0.3726271986961365,-0.0204844381660223,0.43514877557754517,0.387003093957901,-0.037278082221746445,0.4611944854259491,0.42160892486572266,-0.04682352766394615,0.476967453956604,0.4512627124786377,-0.056139227002859116,0.40721696615219116,0.3839724361896515,-0.07633376866579056,0.45857399702072144,0.43695366382598877,-0.0985492691397667,0.4910275936126709,0.46662047505378723,-0.10628752410411835,0.5157290697097778,0.48527318239212036,-0.10908437520265579,0.38245588541030884,0.422029972076416,-0.07337004691362381,0.4360279142856598,0.48188096284866333,-0.0944819226861,0.4786269962787628,0.5031845569610596,-0.09821334481239319,0.5082312822341919,0.5102204084396362,-0.10007438063621521,0.3670828640460968,0.4579700529575348,-0.06783434003591537,0.4172652065753937,0.5152732133865356,-0.08274417370557785,0.4587671160697937,0.5354486703872681,-0.0847637727856636,0.48750850558280945,0.5383162498474121,-0.08510302007198334,0.36085405945777893,0.48684442043304443,-0.06248432397842407,0.40293046832084656,0.5325374603271484,-0.07459516823291779,0.4342329800128937,0.5479745268821716,-0.07567478716373444,0.4585474133491516,0.5515947937965393,-0.07487504929304123,Right,0.9994087815284729
1965,28,0,0.7882229685783386,0.44133007526397705,4.972351916876505e-07,0.7448912262916565,0.41440168023109436,-0.01414211094379425,0.7038712501525879,0.4259816110134125,-0.03190256655216217,0.6733921766281128,0.45317474007606506,-0.04350690916180611,0.6500616669654846,0.4791173040866852,-0.05555684119462967,0.723088800907135,0.432772696018219,-0.08366719633340836,0.6685672402381897,0.47569969296455383,-0.11118434369564056,0.6338046789169312,0.4975093901157379,-0.11641079932451248,0.6101258993148804,0.5100778937339783,-0.11451338231563568,0.7422690987586975,0.4785950183868408,-0.082099050283432,0.6757537126541138,0.5278180837631226,-0.108498714864254,0.6338198781013489,0.5434825420379639,-0.10525334626436234,0.6108941435813904,0.5443978309631348,-0.09912467747926712,0.7568458914756775,0.5210133790969849,-0.0775110200047493,0.6948094367980957,0.5689972043037415,-0.09518995881080627,0.6573967933654785,0.5773468613624573,-0.09094951301813126,0.637076735496521,0.5700753331184387,-0.08455171436071396,0.7685686945915222,0.5536580085754395,-0.0726047232747078,0.7213283181190491,0.6043387651443481,-0.08461149781942368,0.6893325448036194,0.6109114289283752,-0.08423975855112076,0.6694621443748474,0.600001335144043,-0.08087541162967682,Left,0.9984150528907776
1965,28,1,0.3604825437068939,0.4029308557510376,4.5673394311052107e-07,0.4035203158855438,0.3752738833427429,-0.019470904022455215,0.44649839401245117,0.38830313086509705,-0.036756519228219986,0.47186216711997986,0.421123206615448,-0.04741846024990082,0.48459741473197937,0.45254451036453247,-0.057512328028678894,0.4157528877258301,0.37587442994117737,-0.07403426617383957,0.4636008143424988,0.4288051426410675,-0.09704303741455078,0.4969761073589325,0.4618733525276184,-0.10504607111215591,0.5203270316123962,0.48414117097854614,-0.10753307491540909,0.3889514207839966,0.41357219219207764,-0.07192447036504745,0.44140568375587463,0.4774424731731415,-0.09564531594514847,0.4824850857257843,0.5000668168067932,-0.09906823933124542,0.5074849128723145,0.5054141879081726,-0.09969780594110489,0.37348952889442444,0.4520603120326996,-0.06746172159910202,0.42608776688575745,0.511195182800293,-0.08338572829961777,0.4685463607311249,0.5280523896217346,-0.08391299098730087,0.49537748098373413,0.5264559984207153,-0.08212912082672119,0.3692542314529419,0.48420825600624084,-0.06338785588741302,0.41561704874038696,0.5303726196289062,-0.07424614578485489,0.449948787689209,0.5450141429901123,-0.07478217780590057,0.47396451234817505,0.546627402305603,-0.07338722050189972,Right,0.9993689656257629
2041,29,0,0.7849538922309875,0.44252583384513855,5.166792220734351e-07,0.7408720254898071,0.41460904479026794,-0.014814742840826511,0.6996230483055115,0.42719340324401855,-0.03273869305849075,0.6693416237831116,0.4560129940509796,-0.044126786291599274,0.6462417840957642,0.48330017924308777,-0.056221939623355865,0.7204819917678833,0.43086063861846924,-0.08525721728801727,0.6660597324371338,0.47172442078590393,-0.1116679236292839,0.6318443417549133,0.4942183494567871,-0.11622176319360733,0.6076972484588623,0.5086047053337097,-0.11420273780822754,0.7410088181495667,0.47721874713897705,-0.08291112631559372,0.6739790439605713,0.525841236114502,-0.10746564716100693,0.6324403882026672,0.541631281375885,-0.10385116934776306,0.608876645565033,0.5433475971221924,-0.09815245121717453,0.7556872367858887,0.5206643342971802,-0.07734297960996628,0.6936305165290833,0.5686063170433044,-0.09313763678073883,0.657271146774292,0.575276255607605,-0.08870334923267365,0.6372522115707397,0.5665573477745056,-0.08284204453229904,0.7662056684494019,0.5541514158248901,-0.0714772641658783,0.7175726890563965,0.6031875610351562,-0.08134814351797104,0.6862538456916809,0.6081914901733398,-0.080040842294693,0.666675329208374,0.5966557860374451,-0.07663856446743011,Left,0.9989665746688843
2041,29,1,0.3628401458263397,0.3983161747455597,5.314399231792777e-07,0.40442535281181335,0.3682180941104889,-0.018390817567706108,0.45087504386901855,0.38307052850723267,-0.03641267493367195,0.4806831479072571,0.4203624427318573,-0.04759416729211807,0.49740898609161377,0.4514785408973694,-0.0590234100818634,0.4186893701553345,0.3689432144165039,-0.07843688130378723,0.46904850006103516,0.42278575897216797,-0.1016242578625679,0.5041373372077942,0.4548833966255188,-0.10941461473703384,0.5290869474411011,0.47779449820518494,-0.11187662929296494,0.3924438953399658,0.40759119391441345,-0.07638686150312424,0.4472936689853668,0.4698559045791626,-0.1001434177160263,0.4873121380805969,0.49283745884895325,-0.1018291562795639,0.511754035949707,0.5008684992790222,-0.10183008015155792,0.3772156834602356,0.4460929036140442,-0.07155270874500275,0.4325360655784607,0.5048798322677612,-0.08710767328739166,0.47542452812194824,0.5212914347648621,-0.08650947362184525,0.5029121041297913,0.5213456153869629,-0.08490148931741714,0.3728497326374054,0.47770312428474426,-0.06689195334911346,0.42179974913597107,0.5216565132141113,-0.07672996073961258,0.45654335618019104,0.5364170074462891,-0.07691744714975357,0.4811343848705292,0.540076494216919,-0.07634884864091873,Right,0.9992371201515198
2116,30,0,0.7828579545021057,0.44305866956710815,5.295345317790634e-07,0.7396166920661926,0.4151236414909363,-0.015344038605690002,0.698743462562561,0.42785707116127014,-0.0339009091258049,0.6686835289001465,0.4558917284011841,-0.04596308618783951,0.6458132863044739,0.48255670070648193,-0.0589611791074276,0.7176613211631775,0.43015676736831665,-0.08536729216575623,0.6627163887023926,0.47096139192581177,-0.1116674542427063,0.6287379860877991,0.4932151436805725,-0.11608700454235077,0.6044862866401672,0.5068268179893494,-0.11383934319019318,0.7383534908294678,0.4765847623348236,-0.08308309316635132,0.6715298891067505,0.5256754755973816,-0.10741870105266571,0.6306658387184143,0.5412585735321045,-0.10343702882528305,0.6073997020721436,0.5424145460128784,-0.09713408350944519,0.7537391185760498,0.5199180245399475,-0.07761463522911072,0.6913885474205017,0.5687734484672546,-0.09323722869157791,0.6566156148910522,0.5749608874320984,-0.08767116814851761,0.6380529403686523,0.5654085874557495,-0.08063575625419617,0.764847457408905,0.5529741048812866,-0.07189278304576874,0.7157069444656372,0.6019960641860962,-0.08125040680170059,0.6850098371505737,0.606944739818573,-0.07861088216304779,0.666271448135376,0.5956441164016724,-0.07391215115785599,Left,0.9991576671600342
2116,30,1,0.367064505815506,0.3986201286315918,5.157822897672304e-07,0.4085856080055237,0.36841994524002075,-0.021296663209795952,0.4574820399284363,0.38435032963752747,-0.04067322611808777,0.49039074778556824,0.4228290319442749,-0.0527929961681366,0.5109488368034363,0.45551538467407227,-0.06485497206449509,0.41622394323349,0.3667786419391632,-0.08342903107404709,0.4657523036003113,0.4222109019756317,-0.10740265995264053,0.5001817345619202,0.455430269241333,-0.11471851170063019,0.5250107645988464,0.47936761379241943,-0.11726793646812439,0.39009159803390503,0.40586376190185547,-0.0807214081287384,0.44610142707824707,0.46751075983047485,-0.10610897094011307,0.48558348417282104,0.4904480576515198,-0.10797931253910065,0.5102540254592896,0.49936044216156006,-0.10863301157951355,0.3766571879386902,0.4453403949737549,-0.07544833421707153,0.4330960512161255,0.5046693086624146,-0.0922011137008667,0.4760254919528961,0.5204934477806091,-0.09141799807548523,0.504447340965271,0.5203216075897217,-0.0903216004371643,0.3749624788761139,0.4770928919315338,-0.07074321806430817,0.42367225885391235,0.5239249467849731,-0.08199475705623627,0.4581415355205536,0.5377022624015808,-0.08339547365903854,0.4829775393009186,0.5397226214408875,-0.08424056321382523,Right,0.9986935257911682
2189,31,0,0.7749118208885193,0.44224074482917786,5.001911063118314e-07,0.7307583093643188,0.41547447443008423,-0.013409433886408806,0.6904357075691223,0.4300767183303833,-0.03138870745897293,0.6621162295341492,0.4591309130191803,-0.043406322598457336,0.6393837928771973,0.48661479353904724,-0.05657678842544556,0.7092936635017395,0.4233589470386505,-0.08394213765859604,0.6547476649284363,0.4649326801300049,-0.10911355167627335,0.6223782300949097,0.48846232891082764,-0.1126854345202446,0.5986735820770264,0.5038248896598816,-0.11021590977907181,0.7299203872680664,0.4680729806423187,-0.08303265273571014,0.6641961932182312,0.5175721645355225,-0.10627518594264984,0.6240766644477844,0.5353958606719971,-0.10186215490102768,0.6019952893257141,0.5384113192558289,-0.0958910584449768,0.7459518313407898,0.5122442245483398,-0.07889154553413391,0.6829743981361389,0.5626863241195679,-0.09453797340393066,0.6485829949378967,0.5704749822616577,-0.08942709863185883,0.6317951083183289,0.5615159869194031,-0.08301984518766403,0.7581141591072083,0.5486681461334229,-0.07429329305887222,0.7089398503303528,0.6009917259216309,-0.0849991887807846,0.6775318384170532,0.6051900386810303,-0.08355185389518738,0.6590785980224609,0.5912103056907654,-0.07981709390878677,Left,0.9994051456451416
2189,31,1,0.36855459213256836,0.3996863067150116,4.5251019287206873e-07,0.40955960750579834,0.36952900886535645,-0.020572666078805923,0.4615674316883087,0.3882567882537842,-0.03783966973423958,0.49925824999809265,0.43065011501312256,-0.0476725809276104,0.5243799686431885,0.4634431302547455,-0.05705473944544792,0.41750720143318176,0.37251830101013184,-0.08011458814144135,0.4674833416938782,0.42767393589019775,-0.10159984976053238,0.501628041267395,0.45928868651390076,-0.10663945227861404,0.5247752070426941,0.4808031916618347,-0.10751045495271683,0.39195871353149414,0.4110318720340729,-0.07683306187391281,0.4501973092556,0.47361600399017334,-0.09944826364517212,0.48940497636795044,0.4941844344139099,-0.09929404407739639,0.5115276575088501,0.5002509951591492,-0.09875605255365372,0.3792167901992798,0.4491359293460846,-0.07111373543739319,0.4371125400066376,0.5101043581962585,-0.08572026342153549,0.47869792580604553,0.5229045152664185,-0.08367521315813065,0.5035632848739624,0.5194960832595825,-0.08199633657932281,0.37776780128479004,0.4792150855064392,-0.06595961004495621,0.42630770802497864,0.5260355472564697,-0.07562486827373505,0.45993417501449585,0.5385680198669434,-0.07637793570756912,0.4829651713371277,0.5390650629997253,-0.07702496647834778,Right,0.9979925155639648
2264,32,0,0.7761569023132324,0.4433712363243103,4.615891668890981e-07,0.7328239679336548,0.4140501916408539,-0.012479923665523529,0.6912574768066406,0.42718827724456787,-0.029771046712994576,0.6616235375404358,0.4561951756477356,-0.04155338183045387,0.6373441815376282,0.482721745967865,-0.05468466877937317,0.706227719783783,0.419825941324234,-0.07979559153318405,0.6511349678039551,0.45979759097099304,-0.10494128614664078,0.6191553473472595,0.4830143451690674,-0.10932057350873947,0.5958040952682495,0.4981096684932709,-0.10738290101289749,0.725694477558136,0.46551117300987244,-0.07990345358848572,0.6602286100387573,0.5122416019439697,-0.1031297966837883,0.6215739846229553,0.5299767255783081,-0.09920533746480942,0.5999355316162109,0.5346384644508362,-0.09317781031131744,0.7412201166152954,0.5105286836624146,-0.07706516981124878,0.6779206991195679,0.5580865144729614,-0.09242641180753708,0.6446071267127991,0.5651614665985107,-0.08649659901857376,0.6282662153244019,0.5578144192695618,-0.07917740941047668,0.7531883120536804,0.5474307537078857,-0.07377761602401733,0.7014948129653931,0.5949930548667908,-0.0832303836941719,0.6697542667388916,0.5990013480186462,-0.08019339293241501,0.6509588956832886,0.5878179669380188,-0.07517989724874496,Left,0.9995606541633606
2264,32,1,0.3653912842273712,0.39834699034690857,4.015846002403123e-07,0.4091150462627411,0.36707282066345215,-0.01767560839653015,0.45626100897789,0.38212090730667114,-0.03431135416030884,0.4868960678577423,0.4232094883918762,-0.04451734945178032,0.5060156583786011,0.45580241084098816,-0.054221101105213165,0.41727256774902344,0.37133750319480896,-0.07525614649057388,0.4668916165828705,0.42808783054351807,-0.09838628768920898,0.501233696937561,0.4622341990470886,-0.10604292899370193,0.523940920829773,0.4838513135910034,-0.1082003116607666,0.39215320348739624,0.4095856249332428,-0.07317609339952469,0.4509349465370178,0.47670236229896545,-0.096001997590065,0.49019694328308105,0.4985823929309845,-0.0961967185139656,0.5114453434944153,0.5016538500785828,-0.09503547102212906,0.37912240624427795,0.44760018587112427,-0.06864412873983383,0.4367177486419678,0.5122534036636353,-0.0831632912158966,0.4771364629268646,0.5258867740631104,-0.07947959005832672,0.4996614158153534,0.5198311805725098,-0.07551289349794388,0.376230925321579,0.47781652212142944,-0.06467834115028381,0.42443156242370605,0.5288973450660706,-0.074190653860569,0.4584990441799164,0.5414069294929504,-0.07333841174840927,0.48208919167518616,0.5383703708648682,-0.07168864458799362,Right,0.996826708316803
2339,33,0,0.7748506665229797,0.4414496123790741,4.27843446004772e-07,0.7300536632537842,0.41165709495544434,-0.011308643966913223,0.6875016689300537,0.42405611276626587,-0.028835566714406013,0.6561517119407654,0.4521898031234741,-0.0409841313958168,0.6311642527580261,0.4770734906196594,-0.054491396993398666,0.7043237686157227,0.41477686166763306,-0.07954547554254532,0.6491208672523499,0.45646941661834717,-0.10515013337135315,0.6170974373817444,0.47995081543922424,-0.11026499420404434,0.595060408115387,0.4942818880081177,-0.10896635055541992,0.7253999710083008,0.46049290895462036,-0.08061356842517853,0.6595144271850586,0.5112118124961853,-0.10534801334142685,0.6210187077522278,0.5289706587791443,-0.10311470180749893,0.5995193123817444,0.532128632068634,-0.09851736575365067,0.7407290935516357,0.5052801370620728,-0.07861803472042084,0.678019106388092,0.5568559169769287,-0.09475077688694,0.6433786749839783,0.5637028813362122,-0.09064135700464249,0.6249088048934937,0.5538402199745178,-0.08496270328760147,0.7517688870429993,0.5424760580062866,-0.07595840096473694,0.699984610080719,0.5903340578079224,-0.08540144562721252,0.6679797768592834,0.594565212726593,-0.08350005745887756,0.6478281021118164,0.5826360583305359,-0.07987658679485321,Left,0.9997519850730896
2339,33,1,0.3658381998538971,0.4004508852958679,4.427647581906058e-07,0.40839362144470215,0.3700540065765381,-0.019100211560726166,0.45865896344184875,0.38919880986213684,-0.03543863818049431,0.49232426285743713,0.4315303862094879,-0.04503632336854935,0.5134995579719543,0.4647226333618164,-0.05412953346967697,0.4182230532169342,0.3723323345184326,-0.07412935048341751,0.465387225151062,0.4269266128540039,-0.096076101064682,0.4995846748352051,0.4616793990135193,-0.1028326228260994,0.5225973725318909,0.48507604002952576,-0.10470696538686752,0.39245665073394775,0.4106537401676178,-0.07177868485450745,0.44728535413742065,0.474592387676239,-0.0941162183880806,0.48766347765922546,0.49695509672164917,-0.09529384970664978,0.5111703276634216,0.501920223236084,-0.09528922289609909,0.3785078525543213,0.4490278661251068,-0.06720178574323654,0.4335884153842926,0.509589433670044,-0.08205520361661911,0.47634056210517883,0.5249729156494141,-0.08108268678188324,0.5027716755867004,0.5217412114143372,-0.07949322462081909,0.3755015432834625,0.4799922704696655,-0.06318049877882004,0.42344170808792114,0.5278399586677551,-0.0731801837682724,0.4582664370536804,0.5413519144058228,-0.07409802079200745,0.4831714928150177,0.5412374138832092,-0.0742650255560875,Right,0.9988868832588196
2412,34,0,0.7747178077697754,0.4394790828227997,4.356780607395194e-07,0.7286760807037354,0.4085846543312073,-0.013221072033047676,0.6851593852043152,0.4211336076259613,-0.03204750642180443,0.653512716293335,0.44979777932167053,-0.04505502060055733,0.6285587549209595,0.4742501676082611,-0.059282343834638596,0.7038097977638245,0.41254064440727234,-0.08319102972745895,0.6480034589767456,0.45779353380203247,-0.11031562089920044,0.6153740286827087,0.48128631711006165,-0.11649025976657867,0.5932193398475647,0.49574142694473267,-0.11569396406412125,0.7256302833557129,0.4580780267715454,-0.08355347067117691,0.6596864461898804,0.5107017755508423,-0.11034790426492691,0.6194925308227539,0.5277893543243408,-0.10866588354110718,0.5980508327484131,0.530142605304718,-0.10387837141752243,0.740797758102417,0.502427339553833,-0.08089802414178848,0.6778385043144226,0.5559961795806885,-0.09896127879619598,0.6417310833930969,0.5630618929862976,-0.09492965042591095,0.6236571073532104,0.553047776222229,-0.08853749185800552,0.7506248354911804,0.5392614603042603,-0.077679343521595,0.6981167793273926,0.5872626900672913,-0.08903290331363678,0.6654985547065735,0.5915936231613159,-0.08771255612373352,0.6459571123123169,0.5797264575958252,-0.08381859958171844,Left,0.9998729228973389
2412,34,1,0.3635074496269226,0.3993719220161438,4.285733723463636e-07,0.4060404896736145,0.36909860372543335,-0.01706928201019764,0.4545513391494751,0.3858756422996521,-0.033293891698122025,0.4870882034301758,0.42778968811035156,-0.042994432151317596,0.5073416829109192,0.46025317907333374,-0.05231869965791702,0.41542908549308777,0.3731614053249359,-0.0753198191523552,0.4654228687286377,0.4286346733570099,-0.09686124324798584,0.4999867081642151,0.462780237197876,-0.1030227467417717,0.5228868126869202,0.4856313169002533,-0.1043839380145073,0.39006179571151733,0.4115903675556183,-0.07343772798776627,0.44892048835754395,0.4766138195991516,-0.0951889157295227,0.4884679615497589,0.49898454546928406,-0.09504320472478867,0.5107771158218384,0.5046325922012329,-0.09407252818346024,0.37717992067337036,0.4494090676307678,-0.06891191750764847,0.4350365996360779,0.5121659636497498,-0.0827973410487175,0.4762432873249054,0.5264762043952942,-0.08003638684749603,0.5004580616950989,0.5228847861289978,-0.07721132040023804,0.37469562888145447,0.4795299172401428,-0.0647914707660675,0.4238077700138092,0.5293010473251343,-0.07384175807237625,0.45796799659729004,0.5419507622718811,-0.07355944067239761,0.4817664921283722,0.5405911207199097,-0.07278560847043991,Right,0.9977807998657227
2483,35,0,0.7719584703445435,0.43968459963798523,4.090199468009814e-07,0.7261715531349182,0.40786245465278625,-0.01138907577842474,0.6840443015098572,0.41924747824668884,-0.028416216373443604,0.652949869632721,0.44857925176620483,-0.04036835581064224,0.6281648278236389,0.47457417845726013,-0.053795453161001205,0.6991772651672363,0.40969377756118774,-0.07594644278287888,0.6442039608955383,0.4538973867893219,-0.10068374127149582,0.6124342679977417,0.47864389419555664,-0.10627632588148117,0.590279221534729,0.4952232837677002,-0.1057702973484993,0.7209979295730591,0.4545336663722992,-0.07728472352027893,0.6571754217147827,0.5049301981925964,-0.10179562121629715,0.6188199520111084,0.5237905979156494,-0.10068707168102264,0.597099781036377,0.528836727142334,-0.09690877795219421,0.7369925379753113,0.49893245100975037,-0.07578737288713455,0.6764729619026184,0.551550567150116,-0.09236206859350204,0.6416454911231995,0.5615854859352112,-0.08898001909255981,0.6230291128158569,0.5551913380622864,-0.08371061086654663,0.7480443716049194,0.5363254547119141,-0.07366587221622467,0.6970134377479553,0.5824166536331177,-0.08415316790342331,0.6647655367851257,0.5882104635238647,-0.0829319879412651,0.6443300843238831,0.5787444114685059,-0.07961920648813248,Left,0.9997168779373169
2483,35,1,0.362312912940979,0.39961132407188416,4.3825750140058517e-07,0.40575850009918213,0.3686627149581909,-0.0181758813560009,0.45429089665412903,0.38518357276916504,-0.03480629622936249,0.4859810173511505,0.42549002170562744,-0.04485208913683891,0.5056700706481934,0.45685654878616333,-0.05447667837142944,0.4149090349674225,0.37104249000549316,-0.07523993402719498,0.4638662040233612,0.42706525325775146,-0.09731799364089966,0.4988514184951782,0.4618358016014099,-0.10401007533073425,0.5219417214393616,0.4843856692314148,-0.10574133694171906,0.38989147543907166,0.4094863533973694,-0.07318870723247528,0.4466466009616852,0.47447413206100464,-0.0956188440322876,0.4866267144680023,0.4986276924610138,-0.09667535871267319,0.5089020729064941,0.5042386054992676,-0.09640177339315414,0.37643033266067505,0.4479839503765106,-0.06857669353485107,0.433109849691391,0.5083773732185364,-0.08324216306209564,0.4744192361831665,0.5243378281593323,-0.08171966671943665,0.4988216459751129,0.5211254358291626,-0.0796707421541214,0.37381798028945923,0.4790912866592407,-0.06441867351531982,0.42216095328330994,0.5255115032196045,-0.0743093192577362,0.45651775598526,0.538639485836029,-0.07478927820920944,0.4808158278465271,0.5382983684539795,-0.07447173446416855,Right,0.9984701871871948
2557,36,0,0.7661764621734619,0.43618685007095337,3.5339948567525425e-07,0.719470739364624,0.4032834768295288,-0.010846731252968311,0.6770876049995422,0.4148643910884857,-0.027003034949302673,0.6459601521492004,0.4468023180961609,-0.03815961256623268,0.6221684217453003,0.47669726610183716,-0.05087578296661377,0.6940421462059021,0.40581706166267395,-0.07272178679704666,0.6413697004318237,0.44786331057548523,-0.09599494934082031,0.6106305122375488,0.47506430745124817,-0.10139945149421692,0.588529646396637,0.4940403699874878,-0.1012054979801178,0.7182039022445679,0.4482957422733307,-0.07400800287723541,0.657464861869812,0.5016809105873108,-0.09572048485279083,0.6199113130569458,0.5231198668479919,-0.09387332201004028,0.5986760854721069,0.5296159386634827,-0.09038063138723373,0.7357271313667297,0.4910232424736023,-0.07251779735088348,0.6775913834571838,0.5447221398353577,-0.08706803619861603,0.6430211067199707,0.5585582852363586,-0.08221832662820816,0.6244914531707764,0.5558038353919983,-0.07642059028148651,0.7475890517234802,0.5276585221290588,-0.07048121094703674,0.6985708475112915,0.5736281871795654,-0.08022311329841614,0.667039692401886,0.5820863246917725,-0.0782008171081543,0.6472160816192627,0.5757304430007935,-0.07442948967218399,Left,0.9998093843460083
2557,36,1,0.3655147850513458,0.4014691114425659,4.702416447344149e-07,0.4076147973537445,0.37075275182724,-0.018466657027602196,0.45785194635391235,0.3872562050819397,-0.03530946001410484,0.4919329285621643,0.42844051122665405,-0.04542561620473862,0.5122824907302856,0.46254971623420715,-0.054942380636930466,0.41577649116516113,0.3689538538455963,-0.07642948627471924,0.4643567204475403,0.4258076548576355,-0.09818494319915771,0.49873530864715576,0.4618663489818573,-0.10417119413614273,0.5206176042556763,0.4868478775024414,-0.10537578910589218,0.3893434703350067,0.4074302315711975,-0.07429180294275284,0.44665849208831787,0.47329121828079224,-0.09693392366170883,0.4869478940963745,0.4960325062274933,-0.09699801355600357,0.5086690187454224,0.5013439059257507,-0.09611102938652039,0.37563392519950867,0.4463857114315033,-0.0696023553609848,0.4328625500202179,0.508869469165802,-0.08412683755159378,0.4744875133037567,0.523306131362915,-0.08119577169418335,0.49802544713020325,0.5188707113265991,-0.07819420844316483,0.3730381727218628,0.477849543094635,-0.06545094400644302,0.42217719554901123,0.5260318517684937,-0.0745372325181961,0.45699822902679443,0.5383051633834839,-0.07402748614549637,0.4804043173789978,0.5365269780158997,-0.07317403703927994,Right,0.9986392855644226
2628,37,0,0.7642084956169128,0.4342392683029175,3.5022304700760287e-07,0.7190120816230774,0.40183016657829285,-0.010075157508254051,0.6755900382995605,0.41166937351226807,-0.026142215356230736,0.6429287791252136,0.44162917137145996,-0.03737054020166397,0.6186700463294983,0.4702931046485901,-0.05039602145552635,0.6899914741516113,0.4036991000175476,-0.07045914232730865,0.6339078545570374,0.4446748197078705,-0.09219182282686234,0.6030921339988708,0.4712531864643097,-0.09725512564182281,0.5803967118263245,0.4905637800693512,-0.09729544818401337,0.713787317276001,0.4446169137954712,-0.07202538102865219,0.6507248878479004,0.49819883704185486,-0.09179225564002991,0.6152431964874268,0.5183173418045044,-0.08989065885543823,0.5943119525909424,0.5245781540870667,-0.0867455005645752,0.7316700220108032,0.4852491617202759,-0.07065366208553314,0.6716383099555969,0.5405744314193726,-0.08340102434158325,0.6394194960594177,0.5508203506469727,-0.07788225263357162,0.6215620040893555,0.5456848740577698,-0.0721895843744278,0.7438340783119202,0.5194137096405029,-0.06866882741451263,0.6944407224655151,0.562444269657135,-0.07647134363651276,0.6658505201339722,0.5689399242401123,-0.07277044653892517,0.6477234363555908,0.562541663646698,-0.06820017844438553,Left,0.9997506141662598
2628,37,1,0.3686099648475647,0.40015724301338196,4.6386813323806564e-07,0.41001877188682556,0.3725051283836365,-0.016257530078291893,0.46024012565612793,0.3880816102027893,-0.03199164941906929,0.49387994408607483,0.4302321672439575,-0.041730593889951706,0.5137985348701477,0.4638434052467346,-0.05092671141028404,0.41796204447746277,0.37104150652885437,-0.0710851326584816,0.4657001495361328,0.428345263004303,-0.09217885881662369,0.500007688999176,0.46307986974716187,-0.09875202924013138,0.5222092866897583,0.48672378063201904,-0.10021466761827469,0.39120304584503174,0.4080580472946167,-0.06953299045562744,0.4499052166938782,0.4748164117336273,-0.0901583805680275,0.4898029863834381,0.49693551659584045,-0.08879869431257248,0.5108626484870911,0.5014599561691284,-0.08680801838636398,0.3771021366119385,0.4452782869338989,-0.06559676676988602,0.43559184670448303,0.508679211139679,-0.07776529341936111,0.47510799765586853,0.5217716693878174,-0.07200836390256882,0.49523401260375977,0.5155215263366699,-0.06679029762744904,0.373784601688385,0.4761178493499756,-0.06237582117319107,0.4246254563331604,0.5257186889648438,-0.06902751326560974,0.4591274559497833,0.536620020866394,-0.0660683661699295,0.48041847348213196,0.5318366289138794,-0.06323295086622238,Right,0.9987272024154663
2704,38,0,0.7580217719078064,0.4316984713077545,3.052167869554978e-07,0.7108983397483826,0.3989982008934021,-0.006368157919496298,0.6667889356613159,0.41018104553222656,-0.02065393328666687,0.6353466510772705,0.4424780011177063,-0.03120441734790802,0.6142739653587341,0.47532641887664795,-0.043621886521577835,0.6785567402839661,0.4004175066947937,-0.06167537346482277,0.6236012578010559,0.43923643231391907,-0.08154160529375076,0.5935611724853516,0.46818315982818604,-0.0853029116988182,0.5734973549842834,0.48955440521240234,-0.08415316790342331,0.7024325132369995,0.43997618556022644,-0.06493380665779114,0.6402295231819153,0.49463731050491333,-0.08323714882135391,0.6066662669181824,0.5189199447631836,-0.08003939688205719,0.5882061719894409,0.5283597707748413,-0.07542258501052856,0.7209809422492981,0.47961166501045227,-0.06530372053384781,0.6612669229507446,0.5342534780502319,-0.07729758322238922,0.6307513117790222,0.5475307106971741,-0.0693313330411911,0.6150081753730774,0.5453765988349915,-0.061307504773139954,0.7346439361572266,0.5143057703971863,-0.06489923596382141,0.684895396232605,0.557410717010498,-0.07191605120897293,0.6578812003135681,0.5632216334342957,-0.0659266784787178,0.6416523456573486,0.5562794208526611,-0.05905346944928169,Left,0.999468207359314
2704,38,1,0.3675578236579895,0.40024426579475403,4.2934425437124446e-07,0.40903133153915405,0.37081027030944824,-0.015996918082237244,0.459018349647522,0.3846384882926941,-0.03182956203818321,0.4943401515483856,0.423194020986557,-0.041389308869838715,0.5164530873298645,0.454834520816803,-0.050359103828668594,0.42426007986068726,0.3689742684364319,-0.07247578352689743,0.47267571091651917,0.4238798916339874,-0.09384166449308395,0.5055543184280396,0.4586383104324341,-0.10068122297525406,0.5268794298171997,0.4822404384613037,-0.10252046585083008,0.3985893428325653,0.4076826572418213,-0.0708668902516365,0.457878440618515,0.4729722738265991,-0.09197843074798584,0.4943458139896393,0.49386104941368103,-0.09127474576234818,0.5127105116844177,0.49705004692077637,-0.08948145061731339,0.3839893043041229,0.4466787576675415,-0.06650684773921967,0.4426128566265106,0.5068367719650269,-0.07853308320045471,0.4799136221408844,0.5194642543792725,-0.07228141278028488,0.49948588013648987,0.5143322944641113,-0.06692112982273102,0.3790910243988037,0.47859206795692444,-0.06272508949041367,0.42912042140960693,0.5252001285552979,-0.06939401477575302,0.4613489508628845,0.5350375175476074,-0.0658804401755333,0.48203471302986145,0.5309439301490784,-0.06253913789987564,Right,0.9986987113952637
2776,39,0,0.7506259083747864,0.4287111759185791,2.7219300591241335e-07,0.7041767239570618,0.3964197039604187,-0.006671128794550896,0.6598407030105591,0.40557482838630676,-0.021395260468125343,0.6276070475578308,0.4365195333957672,-0.03244047611951828,0.6070539355278015,0.4681260287761688,-0.04516960307955742,0.6731547117233276,0.3958193361759186,-0.0609525628387928,0.6161122918128967,0.4365827739238739,-0.0820804163813591,0.586742103099823,0.4662106931209564,-0.08758672326803207,0.5696653723716736,0.4876619875431061,-0.08736566454172134,0.6961098313331604,0.43630820512771606,-0.06398404389619827,0.6325079202651978,0.49085867404937744,-0.08331622183322906,0.598487377166748,0.5148689150810242,-0.08151890337467194,0.5812755823135376,0.524465799331665,-0.07814206928014755,0.7130492925643921,0.47667819261550903,-0.06438810378313065,0.6517325639724731,0.5301003456115723,-0.07750726491212845,0.6209948062896729,0.5428547859191895,-0.07099103927612305,0.6061780452728271,0.5411792993545532,-0.06404991447925568,0.7246976494789124,0.5112338066101074,-0.06401818990707397,0.6747044920921326,0.5502601861953735,-0.07214196026325226,0.6481039524078369,0.5550668835639954,-0.06726711988449097,0.6329146027565002,0.5491207242012024,-0.06132571026682854,Left,0.9993447661399841
2776,39,1,0.36774206161499023,0.39865583181381226,4.843812462240749e-07,0.41061335802078247,0.3712928891181946,-0.014060882851481438,0.45844218134880066,0.3848538100719452,-0.029913784936070442,0.4903944432735443,0.4208850860595703,-0.0401284359395504,0.5096533298492432,0.4514405429363251,-0.04995249584317207,0.4314844310283661,0.3689543306827545,-0.06873480975627899,0.48055094480514526,0.4240129292011261,-0.09038294106721878,0.5129336714744568,0.45942094922065735,-0.09870866686105728,0.5342693328857422,0.4846673607826233,-0.10129915922880173,0.40635356307029724,0.4082440137863159,-0.06776996701955795,0.465950608253479,0.4734925925731659,-0.08772420883178711,0.5014806389808655,0.4927077889442444,-0.08708260208368301,0.5191502571105957,0.4954391121864319,-0.0850193202495575,0.39102447032928467,0.4469032883644104,-0.06398112326860428,0.45021992921829224,0.5078150033950806,-0.07459080219268799,0.48628634214401245,0.5178736448287964,-0.06724761426448822,0.5037426948547363,0.5118914246559143,-0.06069161742925644,0.38469430804252625,0.4786088168621063,-0.06075246259570122,0.43583208322525024,0.5254019498825073,-0.06607585400342941,0.4682284891605377,0.5324599146842957,-0.06101115792989731,0.4876498579978943,0.5269460082054138,-0.0559421107172966,Right,0.9986507296562195
2850,40,0,0.7489467859268188,0.4273805320262909,2.454379171012988e-07,0.7022202014923096,0.39379066228866577,-0.006966794840991497,0.6563196778297424,0.4029451310634613,-0.0215259101241827,0.6229051351547241,0.43324971199035645,-0.03209568187594414,0.6013374328613281,0.46377187967300415,-0.044190842658281326,0.6688678860664368,0.3916456997394562,-0.062346722930669785,0.6127793788909912,0.4339965879917145,-0.08282193541526794,0.5832271575927734,0.46444740891456604,-0.08744273334741592,0.5658382177352905,0.4861467778682709,-0.0866483598947525,0.691382110118866,0.43243399262428284,-0.06495189666748047,0.6280493140220642,0.4877283275127411,-0.08422303944826126,0.5937408208847046,0.5121921300888062,-0.08200211822986603,0.57677161693573,0.5218117237091064,-0.07812930643558502,0.7075677514076233,0.47300440073013306,-0.06477908790111542,0.6474499702453613,0.5254715085029602,-0.0775766596198082,0.6159604787826538,0.5379300117492676,-0.07135754823684692,0.6007200479507446,0.5362464785575867,-0.0645490512251854,0.718952476978302,0.5070440769195557,-0.06378684192895889,0.6691338419914246,0.5459297895431519,-0.0716119110584259,0.6422386765480042,0.551601231098175,-0.06707736104726791,0.6267365217208862,0.54744553565979,-0.061349593102931976,Left,0.9994766712188721
2850,40,1,0.3721556067466736,0.39997777342796326,4.84955364754569e-07,0.41396021842956543,0.37149348855018616,-0.012874329462647438,0.4618593156337738,0.3854421377182007,-0.028296055272221565,0.4956933557987213,0.4209374785423279,-0.03804513439536095,0.5170610547065735,0.45192989706993103,-0.04727846011519432,0.4363904893398285,0.3711351156234741,-0.06806190311908722,0.48639675974845886,0.4262438118457794,-0.08804856985807419,0.5182834267616272,0.4583519697189331,-0.09370122849941254,0.5394957661628723,0.48125576972961426,-0.09435001760721207,0.41199755668640137,0.4094254970550537,-0.06731367111206055,0.4702814817428589,0.47357645630836487,-0.08688424527645111,0.5064408779144287,0.49271830916404724,-0.08482656627893448,0.5246021151542664,0.4956028461456299,-0.08151930570602417,0.3965921401977539,0.4478453993797302,-0.06370451301336288,0.45404043793678284,0.5075522065162659,-0.07469524443149567,0.49164649844169617,0.5183503031730652,-0.06835322827100754,0.5119433403015137,0.5127728581428528,-0.06239059939980507,0.39007920026779175,0.48004665970802307,-0.06023499369621277,0.43909764289855957,0.5239676833152771,-0.0656178668141365,0.4721449315547943,0.5334677696228027,-0.06150330975651741,0.49355408549308777,0.5310354828834534,-0.05722615495324135,Right,0.9989542961120605
2923,41,0,0.754966676235199,0.4278717637062073,2.2007867528373026e-07,0.7088455557823181,0.393360435962677,-0.008296305313706398,0.6633234620094299,0.40304550528526306,-0.022048616781830788,0.6283428072929382,0.4337646961212158,-0.031413644552230835,0.6036814451217651,0.46252796053886414,-0.04194585978984833,0.6750434041023254,0.3971393406391144,-0.060174159705638885,0.6210129261016846,0.4429689943790436,-0.07904163748025894,0.5901792049407959,0.4684136211872101,-0.0834159255027771,0.5688995122909546,0.4851782023906708,-0.08315731585025787,0.6969372630119324,0.4378533661365509,-0.06156245991587639,0.6341960430145264,0.4960362911224365,-0.08013570308685303,0.5995023250579834,0.5154398679733276,-0.07856092602014542,0.5796318054199219,0.5201330780982971,-0.07539763301610947,0.7120593190193176,0.47686511278152466,-0.06035904958844185,0.6533318161964417,0.5314600467681885,-0.0725928395986557,0.6199915409088135,0.5429221987724304,-0.06837642937898636,0.601747453212738,0.5397183895111084,-0.06317632645368576,0.7217925190925598,0.5077334642410278,-0.058556199073791504,0.6727701425552368,0.548939049243927,-0.06568495184183121,0.6452085971832275,0.5548983216285706,-0.062598817050457,0.6282944083213806,0.5500204563140869,-0.05831639841198921,Left,0.9992271065711975
2923,41,1,0.3752872943878174,0.40475916862487793,4.763378740335611e-07,0.4164358675479889,0.3756989538669586,-0.013793026097118855,0.46238887310028076,0.38842543959617615,-0.029468493536114693,0.49576032161712646,0.4226713180541992,-0.03958379104733467,0.5170357823371887,0.45333239436149597,-0.04944152757525444,0.43780970573425293,0.3725232779979706,-0.06688838452100754,0.4874420166015625,0.42805352807044983,-0.0865001529455185,0.5190149545669556,0.4597698748111725,-0.09214245527982712,0.5408269762992859,0.48192235827445984,-0.093112513422966,0.414193332195282,0.4112660884857178,-0.06593193858861923,0.4723561406135559,0.4711429178714752,-0.08502542972564697,0.5080126523971558,0.49320030212402344,-0.08454480767250061,0.527904212474823,0.5000442862510681,-0.083099864423275,0.40002936124801636,0.4503531754016876,-0.06228269636631012,0.4575161337852478,0.5056038498878479,-0.07342338562011719,0.49464693665504456,0.5189136862754822,-0.06932230293750763,0.5163525342941284,0.5165157318115234,-0.06549976766109467,0.39501953125,0.48317673802375793,-0.05885167047381401,0.4445474445819855,0.5236889719963074,-0.06483976542949677,0.47681570053100586,0.5345697999000549,-0.06227998808026314,0.4987148642539978,0.5338342189788818,-0.05961896479129791,Right,0.9983078837394714
2996,42,0,0.7548826932907104,0.4279085695743561,2.850621001471154e-07,0.7082014679908752,0.3943197429180145,-0.010550335980951786,0.6638010144233704,0.40186837315559387,-0.025885343551635742,0.6308332681655884,0.4323919117450714,-0.03609199449419975,0.608068585395813,0.4605720341205597,-0.047456756234169006,0.6776918768882751,0.3968322277069092,-0.06762748956680298,0.6214767098426819,0.4452446401119232,-0.0891774520277977,0.5898669958114624,0.47197961807250977,-0.09423234313726425,0.5682028532028198,0.48922085762023926,-0.09367342293262482,0.699324905872345,0.43832001090049744,-0.0677686482667923,0.6353961825370789,0.4982200264930725,-0.08810681849718094,0.6002992987632751,0.5174634456634521,-0.08520105481147766,0.582523763179779,0.5212594270706177,-0.08020497858524323,0.7142221927642822,0.4769654870033264,-0.0652492418885231,0.6547542214393616,0.533943772315979,-0.07841859757900238,0.621566653251648,0.5446149110794067,-0.0717340037226677,0.60475754737854,0.5392033457756042,-0.06402309983968735,0.7233381867408752,0.5075399279594421,-0.06232425197958946,0.6746756434440613,0.549782931804657,-0.07036174833774567,0.6474025845527649,0.5547977685928345,-0.06601687520742416,0.6312260031700134,0.5477721095085144,-0.05995095893740654,Left,0.9994578957557678
2996,42,1,0.37866997718811035,0.4048403203487396,5.390212436395814e-07,0.4187101721763611,0.37816548347473145,-0.015050375834107399,0.4628410041332245,0.39073890447616577,-0.03189914673566818,0.4921712279319763,0.4241377115249634,-0.04306412860751152,0.508191704750061,0.45356494188308716,-0.0543757863342762,0.43917691707611084,0.3731740117073059,-0.06872959434986115,0.4886297881603241,0.42743223905563354,-0.08889614045619965,0.5197965502738953,0.46238502860069275,-0.0959143415093422,0.5413437485694885,0.48751938343048096,-0.09827986359596252,0.41379114985466003,0.4107743501663208,-0.06767110526561737,0.46858805418014526,0.47026652097702026,-0.08702349662780762,0.5041054487228394,0.49757856130599976,-0.08851216733455658,0.5261531472206116,0.509377121925354,-0.08928745985031128,0.39807257056236267,0.44868791103363037,-0.06393439322710037,0.4520929753780365,0.5046349763870239,-0.07603219151496887,0.49028491973876953,0.5238890647888184,-0.07464536279439926,0.5149053335189819,0.5268509387969971,-0.0733269527554512,0.391897976398468,0.48075392842292786,-0.06031925231218338,0.4388270378112793,0.5226472616195679,-0.06722516566514969,0.46894097328186035,0.5351729989051819,-0.06565220654010773,0.48966941237449646,0.5355762839317322,-0.06421780586242676,Right,0.9980295300483704
3069,43,0,0.7592548131942749,0.42601820826530457,2.8750309866154566e-07,0.7135213017463684,0.3905184864997864,-0.010921797715127468,0.6687783002853394,0.398188054561615,-0.025682413950562477,0.6352605819702148,0.4287441372871399,-0.03515813127160072,0.612618625164032,0.4560427665710449,-0.0457189567387104,0.6810359358787537,0.3965282142162323,-0.06672438979148865,0.624401867389679,0.4439615309238434,-0.08760896325111389,0.5922093987464905,0.46905872225761414,-0.09253504127264023,0.5694382786750793,0.48491910099983215,-0.0921877771615982,0.7011085748672485,0.43966254591941833,-0.06630312651395798,0.6376346349716187,0.497493177652359,-0.0864260196685791,0.6021644473075867,0.5152387619018555,-0.0844002366065979,0.5830990076065063,0.5179189443588257,-0.08016733080148697,0.7148166298866272,0.4786354899406433,-0.06319789588451385,0.6557251214981079,0.5329370498657227,-0.07602287083864212,0.622116208076477,0.5434802770614624,-0.07113704085350037,0.6039839386940002,0.5385907292366028,-0.06499221175909042,0.7230440974235535,0.5076631307601929,-0.05967716872692108,0.6749452948570251,0.5483503937721252,-0.06728840619325638,0.6478338837623596,0.5543978214263916,-0.0640106201171875,0.6310116648674011,0.5486107468605042,-0.05904361978173256,Left,0.9996556639671326
3069,43,1,0.3821457028388977,0.40403273701667786,5.618237537419191e-07,0.4213172197341919,0.38176727294921875,-0.014140251092612743,0.46555572748184204,0.3938855528831482,-0.03010435216128826,0.49465376138687134,0.4265731871128082,-0.04048381745815277,0.5091517567634583,0.45537352561950684,-0.05114314705133438,0.4465681314468384,0.37196481227874756,-0.06539632380008698,0.4916059374809265,0.41822975873947144,-0.08481703698635101,0.5206785798072815,0.45271527767181396,-0.09269268810749054,0.5421459078788757,0.48118066787719727,-0.09632927179336548,0.4189090132713318,0.40638622641563416,-0.0649423897266388,0.4666021466255188,0.4680018126964569,-0.08429761230945587,0.49994122982025146,0.5035602450370789,-0.08823610842227936,0.5246749520301819,0.525449275970459,-0.09113995730876923,0.400554358959198,0.4427213966846466,-0.06185061112046242,0.45076149702072144,0.5056103467941284,-0.07498307526111603,0.48764392733573914,0.5337493419647217,-0.07662444561719894,0.5138317942619324,0.5459926724433899,-0.07745924592018127,0.39233431220054626,0.4755108058452606,-0.058601073920726776,0.43684983253479004,0.5227108001708984,-0.0660385712981224,0.46439915895462036,0.5392740368843079,-0.06579501181840897,0.4850660264492035,0.5447054505348206,-0.06552896648645401,Right,0.9981557726860046
3142,44,0,0.7595483660697937,0.42422547936439514,3.146324729641492e-07,0.7134020924568176,0.3897421360015869,-0.011703780852258205,0.6691640019416809,0.39831143617630005,-0.02661624550819397,0.6366732120513916,0.42979103326797485,-0.03581439331173897,0.613896369934082,0.4562561511993408,-0.045970942825078964,0.6841516494750977,0.39721107482910156,-0.0702051967382431,0.6280756592750549,0.44401541352272034,-0.09235376864671707,0.5950308442115784,0.46497395634651184,-0.09772124886512756,0.5702515840530396,0.4765453636646271,-0.09745991975069046,0.7038609385490417,0.4394356310367584,-0.06901787221431732,0.6409084796905518,0.49964454770088196,-0.09030375629663467,0.6044314503669739,0.5159494876861572,-0.08852818608283997,0.5840268135070801,0.516335129737854,-0.08430570363998413,0.7162307500839233,0.4776075780391693,-0.06503594666719437,0.6577130556106567,0.5348928570747375,-0.0786462128162384,0.623713493347168,0.545354425907135,-0.07451260834932327,0.6044386029243469,0.5395047068595886,-0.06867627799510956,0.7226786017417908,0.5054985284805298,-0.060618337243795395,0.6757116317749023,0.5492042303085327,-0.06858483701944351,0.6489197611808777,0.5554242134094238,-0.06603755056858063,0.6318197250366211,0.5491428971290588,-0.06151983141899109,Left,0.9997550249099731
3142,44,1,0.387441486120224,0.4101753234863281,5.950289505562978e-07,0.4257747530937195,0.38997289538383484,-0.015006857924163342,0.46821749210357666,0.3981643617153168,-0.032152656465768814,0.49424269795417786,0.4290667772293091,-0.043896716088056564,0.507133424282074,0.4570048749446869,-0.05583832412958145,0.45083948969841003,0.36679112911224365,-0.06782855093479156,0.49418747425079346,0.4152364432811737,-0.08924821764230728,0.520683765411377,0.4523530602455139,-0.09841953963041306,0.5387656688690186,0.4824085235595703,-0.10259688645601273,0.4217384159564972,0.398333340883255,-0.06821748614311218,0.4676341116428375,0.4627399742603302,-0.08966157585382462,0.4988243281841278,0.5020326375961304,-0.09369371086359024,0.5198521018028259,0.5256191492080688,-0.09631062299013138,0.40159013867378235,0.43503236770629883,-0.06647318601608276,0.45000699162483215,0.5002373456954956,-0.0809125155210495,0.48583152890205383,0.533251941204071,-0.08289606869220734,0.5105097889900208,0.5487568378448486,-0.08368564397096634,0.3919362723827362,0.4709155559539795,-0.06480713188648224,0.4351690411567688,0.517180323600769,-0.07221624255180359,0.4620700776576996,0.5353288054466248,-0.07193373143672943,0.4811859130859375,0.5423084497451782,-0.07179734110832214,Right,0.9980993270874023
3216,45,0,0.7604522109031677,0.42165225744247437,3.4450150110387767e-07,0.7143084406852722,0.3876308798789978,-0.012905574403703213,0.6700485944747925,0.3981095552444458,-0.02805212326347828,0.6384593844413757,0.4321577548980713,-0.03691985830664635,0.6161956787109375,0.4591576159000397,-0.0465373732149601,0.6846781373023987,0.39648744463920593,-0.07250010967254639,0.6289315223693848,0.44368329644203186,-0.09584254771471024,0.5951663255691528,0.46394428610801697,-0.10222381353378296,0.5685538053512573,0.4740973711013794,-0.10253015905618668,0.7039060592651367,0.4395853281021118,-0.07018231600522995,0.6421676874160767,0.5015266537666321,-0.09215128421783447,0.6060635447502136,0.5157608389854431,-0.09004896134138107,0.5856686234474182,0.5130565762519836,-0.0852745994925499,0.7158054113388062,0.47763997316360474,-0.06505086272954941,0.6575023531913757,0.5368698239326477,-0.07897372543811798,0.6239946484565735,0.5444945096969604,-0.07410931587219238,0.6058327555656433,0.535358726978302,-0.06733576208353043,0.7217667698860168,0.5042634606361389,-0.0595967136323452,0.673139214515686,0.5485146045684814,-0.06735517084598541,0.6467697620391846,0.5525869727134705,-0.0640258640050888,0.6310523152351379,0.5441772937774658,-0.05862722545862198,Left,0.9998671412467957
3216,45,1,0.38842833042144775,0.4126044511795044,6.498719926639751e-07,0.42671871185302734,0.3886620104312897,-0.014982164837419987,0.47077396512031555,0.39255669713020325,-0.03281864896416664,0.50140380859375,0.42565903067588806,-0.045638952404260635,0.5201398730278015,0.4578987658023834,-0.058300282806158066,0.4551995098590851,0.3589390814304352,-0.06643307209014893,0.49524688720703125,0.3975638449192047,-0.09001296013593674,0.5210540294647217,0.43987491726875305,-0.10373079776763916,0.5381594300270081,0.4763741195201874,-0.1114138662815094,0.42696279287338257,0.38756272196769714,-0.06793475151062012,0.4750729203224182,0.455214262008667,-0.09033768624067307,0.5047728419303894,0.49833768606185913,-0.09546437859535217,0.5241776704788208,0.5232939720153809,-0.09925920516252518,0.40658867359161377,0.4251261055469513,-0.06770218908786774,0.45653948187828064,0.4898160994052887,-0.08207226544618607,0.4902541935443878,0.5251591801643372,-0.08125121146440506,0.5115911960601807,0.5420705080032349,-0.08040884882211685,0.39640721678733826,0.46152329444885254,-0.06808534264564514,0.4401656687259674,0.507806658744812,-0.07454732805490494,0.46483108401298523,0.5260325074195862,-0.07119201868772507,0.4810295104980469,0.5336918234825134,-0.06879251450300217,Right,0.9989457726478577
3289,46,0,0.7599242925643921,0.421840101480484,3.7392257468127355e-07,0.7142910361289978,0.3865222632884979,-0.015032421797513962,0.6696479320526123,0.3977421224117279,-0.030691370368003845,0.638116717338562,0.4322904348373413,-0.03972170501947403,0.6156207323074341,0.45832496881484985,-0.049100425094366074,0.6872158646583557,0.39629292488098145,-0.07435721158981323,0.6326543688774109,0.449634850025177,-0.09825257211923599,0.5981929302215576,0.46605831384658813,-0.10451924800872803,0.5705689787864685,0.47099611163139343,-0.1045403853058815,0.7052738666534424,0.4395364820957184,-0.07125787436962128,0.6426034569740295,0.5030007362365723,-0.09493525326251984,0.6053336262702942,0.5150985717773438,-0.0935678705573082,0.5834241509437561,0.5088351368904114,-0.08888030797243118,0.7156038284301758,0.4773221015930176,-0.06550503522157669,0.6567705273628235,0.5374231338500977,-0.08125604689121246,0.6227068305015564,0.5442740321159363,-0.07781901955604553,0.6034597754478455,0.5328798890113831,-0.07159221917390823,0.7195158004760742,0.5038206577301025,-0.05956195667386055,0.6700199246406555,0.5484126806259155,-0.06827810406684875,0.642463743686676,0.5525282621383667,-0.06604845821857452,0.6255195140838623,0.543579638004303,-0.06148359179496765,Left,0.999739408493042
3289,46,1,0.38886749744415283,0.41479504108428955,6.742016012140084e-07,0.42975538969039917,0.38859444856643677,-0.016306178644299507,0.4718405604362488,0.3899659812450409,-0.036148883402347565,0.5013817548751831,0.42255815863609314,-0.051936887204647064,0.5187931060791016,0.4578593075275421,-0.06759326159954071,0.45248082280158997,0.352308452129364,-0.06523510813713074,0.49428877234458923,0.3913697302341461,-0.08976839482784271,0.5208688974380493,0.43282368779182434,-0.1042177751660347,0.5381048917770386,0.46839603781700134,-0.11301795393228531,0.4238019585609436,0.38061147928237915,-0.06803625077009201,0.4725533127784729,0.44837161898612976,-0.09438647329807281,0.5048049092292786,0.49210238456726074,-0.10139286518096924,0.5251851081848145,0.5184784531593323,-0.1061699166893959,0.4037119448184967,0.41795700788497925,-0.06963877379894257,0.4525078535079956,0.48178163170814514,-0.08884947001934052,0.48780977725982666,0.5185961127281189,-0.08944442123174667,0.5086675882339478,0.5387489795684814,-0.08856356143951416,0.3943881690502167,0.45377475023269653,-0.07214293628931046,0.4371793568134308,0.4997110366821289,-0.08154984563589096,0.4631745219230652,0.519343912601471,-0.0792965292930603,0.4802789092063904,0.5294573307037354,-0.07741028815507889,Right,0.9988049864768982
3364,47,0,0.757315993309021,0.42585837841033936,4.1747523482627e-07,0.7149704098701477,0.3848728537559509,-0.02083497866988182,0.6643002033233643,0.39890217781066895,-0.03686925768852234,0.6245865821838379,0.4323957562446594,-0.0452793650329113,0.5928001999855042,0.4538378417491913,-0.05369412153959274,0.6925240755081177,0.40631434321403503,-0.07828453928232193,0.640525221824646,0.455269455909729,-0.10268526524305344,0.6044026613235474,0.46645352244377136,-0.10775355249643326,0.5768945217132568,0.46696171164512634,-0.10669532418251038,0.7058682441711426,0.4510260224342346,-0.07157386094331741,0.6419734358787537,0.5035144686698914,-0.09553603827953339,0.601266086101532,0.507224977016449,-0.0939372181892395,0.5781064033508301,0.49526309967041016,-0.08910468220710754,0.7116045951843262,0.4866212010383606,-0.06259623169898987,0.6530451774597168,0.5394297242164612,-0.0796905905008316,0.6168111562728882,0.5406985878944397,-0.07753559201955795,0.5961452722549438,0.5256288647651672,-0.07220152020454407,0.7122021317481995,0.5100711584091187,-0.0538121722638607,0.6625900268554688,0.5521094799041748,-0.063963383436203,0.6331345438957214,0.5542555451393127,-0.06356735527515411,0.614552915096283,0.5433505177497864,-0.06060360372066498,Left,0.9996145367622375
3364,47,1,0.3887036442756653,0.40886038541793823,7.197401714620355e-07,0.4278023838996887,0.3792278468608856,-0.018960239365696907,0.46667253971099854,0.37877485156059265,-0.03975815698504448,0.4948898255825043,0.41154977679252625,-0.05682792887091637,0.5095742344856262,0.4454498291015625,-0.07404647767543793,0.44005832076072693,0.3515757620334625,-0.06442810595035553,0.4848954379558563,0.39204469323158264,-0.09013144671916962,0.5184218883514404,0.42543214559555054,-0.10519637912511826,0.5433551669120789,0.4567033350467682,-0.11409521847963333,0.411966472864151,0.38416579365730286,-0.06682504713535309,0.46667492389678955,0.44618579745292664,-0.0943554937839508,0.5057650804519653,0.482282817363739,-0.10168926417827606,0.5330695509910583,0.5059778690338135,-0.10611362755298615,0.39525148272514343,0.4220060706138611,-0.06863192468881607,0.4494702219963074,0.4804462194442749,-0.08973076939582825,0.490379273891449,0.5089640617370605,-0.09122265875339508,0.5168957710266113,0.5247050523757935,-0.09006083756685257,0.38916319608688354,0.4567488431930542,-0.07173430174589157,0.43643856048583984,0.5003683567047119,-0.08183934539556503,0.4670961797237396,0.514502763748169,-0.08009383082389832,0.4875902533531189,0.5210256576538086,-0.0783504992723465,Right,0.9973399043083191
3439,48,0,0.7565755248069763,0.4237552583217621,4.6178897150639386e-07,0.7164110541343689,0.38019874691963196,-0.023304888978600502,0.6668089032173157,0.39400139451026917,-0.039808958768844604,0.628947913646698,0.42589765787124634,-0.04801023378968239,0.6005942225456238,0.4459800124168396,-0.05603882297873497,0.6960880160331726,0.41457584500312805,-0.08404627442359924,0.6441777348518372,0.46139347553253174,-0.11033273488283157,0.6055478453636169,0.46781125664711,-0.11591769009828568,0.5782225131988525,0.46218541264533997,-0.11431203782558441,0.7076087594032288,0.45899859070777893,-0.07508644461631775,0.6439480185508728,0.5094507932662964,-0.10055603832006454,0.6020547151565552,0.5095580220222473,-0.09854492545127869,0.5818005800247192,0.4937131404876709,-0.09267417341470718,0.7119442224502563,0.491363525390625,-0.06380581855773926,0.6549234986305237,0.5441185235977173,-0.08303285390138626,0.6196345686912537,0.5419083833694458,-0.08213487267494202,0.6026723384857178,0.5229889154434204,-0.07682919502258301,0.7113035321235657,0.5106256008148193,-0.05272149667143822,0.6643203496932983,0.5545373558998108,-0.06512004137039185,0.6357536911964417,0.5555229187011719,-0.06657250970602036,0.6202684044837952,0.5412319302558899,-0.06437891721725464,Left,0.9994133114814758
3439,48,1,0.39794325828552246,0.4121312201023102,7.515260449508787e-07,0.4278351068496704,0.37867075204849243,-0.024774644523859024,0.46181944012641907,0.37500739097595215,-0.047861356288194656,0.4883993864059448,0.40763628482818604,-0.06492454558610916,0.5036572813987732,0.4378167986869812,-0.08257114887237549,0.4275038242340088,0.3684123158454895,-0.07832824438810349,0.473722368478775,0.4033995270729065,-0.10524637997150421,0.5116457939147949,0.4284040927886963,-0.12228996306657791,0.5418830513954163,0.4512302577495575,-0.13265608251094818,0.4040506184101105,0.40952256321907043,-0.07634659856557846,0.4597359299659729,0.45761534571647644,-0.10328087955713272,0.50341796875,0.4821290969848633,-0.11210176348686218,0.5354471802711487,0.49954742193222046,-0.11864149570465088,0.393827348947525,0.4503985643386841,-0.07290293276309967,0.4499572515487671,0.4931332468986511,-0.09084310382604599,0.49251100420951843,0.5067001581192017,-0.09199802577495575,0.5194621682167053,0.5148749947547913,-0.09195216000080109,0.39448103308677673,0.48238423466682434,-0.07121292501688004,0.4439450204372406,0.5135344862937927,-0.07949889451265335,0.4763962924480438,0.5189524292945862,-0.07776349037885666,0.49663078784942627,0.5231404900550842,-0.07687719166278839,Right,0.9979702830314636
3513,49,0,0.7596434354782104,0.42240557074546814,5.224630967859412e-07,0.7235550284385681,0.37286368012428284,-0.027074413374066353,0.6755836009979248,0.38379305601119995,-0.043829888105392456,0.6379238963127136,0.41636526584625244,-0.05163450539112091,0.6113988161087036,0.4427618384361267,-0.05857471376657486,0.7058977484703064,0.4225464463233948,-0.08489219844341278,0.6505518555641174,0.4693003296852112,-0.11021202802658081,0.6089087724685669,0.47262051701545715,-0.11439436674118042,0.5806401371955872,0.46412813663482666,-0.11170420795679092,0.7144139409065247,0.4685235917568207,-0.07353770732879639,0.6484336853027344,0.5151603817939758,-0.0985058844089508,0.6043866872787476,0.5102904438972473,-0.0960531011223793,0.5828902721405029,0.4911186397075653,-0.0896395593881607,0.7154027223587036,0.49863213300704956,-0.06013796851038933,0.6581175923347473,0.5475948452949524,-0.07807092368602753,0.6208040118217468,0.5392321348190308,-0.07722510397434235,0.6016648411750793,0.517454206943512,-0.07242408394813538,0.7119775414466858,0.5140932202339172,-0.047444604337215424,0.667094886302948,0.55575031042099,-0.05915338918566704,0.6377050280570984,0.5533246994018555,-0.06093757227063179,0.6206464171409607,0.5370681881904602,-0.05915812402963638,Left,0.9992934465408325
3513,49,1,0.3790494203567505,0.41563302278518677,5.023006792725937e-07,0.41514089703559875,0.3851069509983063,-0.018284311518073082,0.46804144978523254,0.3853128254413605,-0.03194010630249977,0.5110210180282593,0.40773096680641174,-0.039224766194820404,0.5415152907371521,0.42443183064460754,-0.0460156574845314,0.4245932996273041,0.3861074149608612,-0.0609377920627594,0.4695513844490051,0.41142451763153076,-0.07791659235954285,0.5084724426269531,0.4299919307231903,-0.08466183394193649,0.5391427874565125,0.44425538182258606,-0.08813072741031647,0.4053536653518677,0.42788830399513245,-0.057568423449993134,0.46431368589401245,0.4677998721599579,-0.0709432065486908,0.50553959608078,0.48790693283081055,-0.0722723975777626,0.5348027944564819,0.5002174377441406,-0.07500071078538895,0.3958266079425812,0.4632486402988434,-0.05244452506303787,0.4562309980392456,0.5061296224594116,-0.061832245439291,0.49721038341522217,0.5131221413612366,-0.06127810850739479,0.5213055610656738,0.5106956362724304,-0.06139085069298744,0.39478325843811035,0.488117516040802,-0.047894854098558426,0.4481908082962036,0.5179861783981323,-0.05325368419289589,0.4787557125091553,0.5202897787094116,-0.052442725747823715,0.4954572319984436,0.5144235491752625,-0.05245713144540787,Right,0.9997538328170776
3588,50,0,0.7628397345542908,0.4163784980773926,5.324237122295017e-07,0.7245213985443115,0.37032967805862427,-0.030187655240297318,0.6781939268112183,0.3845882713794708,-0.04975173994898796,0.6397701501846313,0.41934335231781006,-0.059126876294612885,0.6091890335083008,0.44049832224845886,-0.06741229444742203,0.708818793296814,0.41979801654815674,-0.09397026151418686,0.6557831168174744,0.464443564414978,-0.12279883027076721,0.6129324436187744,0.46933865547180176,-0.12864787876605988,0.5832130908966064,0.46278315782546997,-0.1271236687898636,0.7162944078445435,0.46579813957214355,-0.0816524401307106,0.6513320803642273,0.5121982097625732,-0.11067023128271103,0.6054983139038086,0.5072547793388367,-0.10958649218082428,0.5827425718307495,0.4876410663127899,-0.10393683612346649,0.7161852121353149,0.49760764837265015,-0.06720186769962311,0.6595841646194458,0.5446940660476685,-0.08818688243627548,0.620625376701355,0.5351726412773132,-0.08781740069389343,0.5999489426612854,0.5137702226638794,-0.08325853943824768,0.7116201519966125,0.5152249932289124,-0.05356772243976593,0.668512225151062,0.5548927783966064,-0.06905334442853928,0.6387189030647278,0.551560640335083,-0.07275944948196411,0.6203750371932983,0.5353380441665649,-0.07189715653657913,Left,0.997382640838623
3588,50,1,0.36879175901412964,0.40798690915107727,2.7696310667124635e-07,0.4102020263671875,0.369856595993042,-0.023051204159855843,0.46478700637817383,0.380488783121109,-0.03563365712761879,0.5078432559967041,0.4085997939109802,-0.04025636985898018,0.5427349209785461,0.4140828847885132,-0.043379541486501694,0.42239081859588623,0.38982006907463074,-0.06633295118808746,0.47353842854499817,0.4163394570350647,-0.08674722909927368,0.5120992660522461,0.4361792504787445,-0.09372889250516891,0.5407161712646484,0.4511806070804596,-0.09639432281255722,0.40395715832710266,0.43488872051239014,-0.06011248007416725,0.46486029028892517,0.4744551181793213,-0.07835661619901657,0.5072778463363647,0.48791244626045227,-0.07998853921890259,0.5385738611221313,0.494167685508728,-0.08110393583774567,0.3975869119167328,0.47137826681137085,-0.05275595188140869,0.4566328227519989,0.5095670819282532,-0.06753227859735489,0.5008232593536377,0.5134910941123962,-0.06788084656000137,0.5318120718002319,0.5080979466438293,-0.0668056309223175,0.39955300092697144,0.49642685055732727,-0.04615277051925659,0.4512996971607208,0.5238888263702393,-0.05725620687007904,0.48346221446990967,0.5222969055175781,-0.058319445699453354,0.505689799785614,0.5115200877189636,-0.058248937129974365,Right,0.9971729516983032
3663,51,0,0.7672401070594788,0.41539061069488525,5.329523560249072e-07,0.7285025715827942,0.3644401431083679,-0.03243032470345497,0.6789202094078064,0.3779364228248596,-0.05113853141665459,0.6401025056838989,0.4160303473472595,-0.05947587266564369,0.6088610887527466,0.4393187463283539,-0.06648329645395279,0.7127717733383179,0.417945921421051,-0.09035711735486984,0.6591091752052307,0.4618273377418518,-0.11785497516393661,0.6170769929885864,0.4678477346897125,-0.12329728901386261,0.5874202251434326,0.4637623727321625,-0.12207163125276566,0.7193743586540222,0.4659472703933716,-0.07749203592538834,0.6540995836257935,0.5105140209197998,-0.10529088973999023,0.6073855757713318,0.5069958567619324,-0.10449197888374329,0.5817010998725891,0.48941102623939514,-0.09946530312299728,0.7185206413269043,0.49791887402534485,-0.06311924755573273,0.6620657444000244,0.5432446002960205,-0.08365201205015182,0.6238608360290527,0.5343677997589111,-0.08343888819217682,0.602054238319397,0.5144736766815186,-0.07933710515499115,0.7130799293518066,0.5151870846748352,-0.04997806251049042,0.6709187626838684,0.5525553822517395,-0.06581314653158188,0.6416712999343872,0.5488072037696838,-0.06967957317829132,0.6220820546150208,0.5334374904632568,-0.06902708113193512,Left,0.9955950379371643
3663,51,1,0.3652205169200897,0.4089471697807312,2.2462327819994243e-07,0.40543049573898315,0.36643391847610474,-0.025888312608003616,0.45873692631721497,0.3789876103401184,-0.0383903868496418,0.5013615489006042,0.4154154360294342,-0.04219089075922966,0.5348911285400391,0.43609318137168884,-0.04422399029135704,0.41661036014556885,0.39342010021209717,-0.06814601272344589,0.47070401906967163,0.4199722409248352,-0.08837199956178665,0.5096465349197388,0.43921881914138794,-0.09404963254928589,0.5387638211250305,0.4537743031978607,-0.09548912197351456,0.4017946720123291,0.4395272731781006,-0.05991280451416969,0.4617858827114105,0.48105114698410034,-0.0795154720544815,0.506765604019165,0.4964160621166229,-0.0819256603717804,0.5402958393096924,0.5039698481559753,-0.0827447772026062,0.398737370967865,0.4754190444946289,-0.0506192222237587,0.4556688666343689,0.5115325450897217,-0.06786049902439117,0.49830663204193115,0.5154107213020325,-0.07009396702051163,0.5290225744247437,0.5101804733276367,-0.06920161098241806,0.40368497371673584,0.4974941611289978,-0.041971709579229355,0.4531983733177185,0.5218768119812012,-0.055284179747104645,0.48379483819007874,0.5187454223632812,-0.057395823299884796,0.5053292512893677,0.507404088973999,-0.05716385692358017,Right,0.9970700740814209
3738,52,0,0.7688730359077454,0.41459357738494873,5.427654627965239e-07,0.7317430377006531,0.3580971956253052,-0.03467927873134613,0.681678056716919,0.37187713384628296,-0.05362958088517189,0.6435426473617554,0.41294148564338684,-0.061471790075302124,0.6170708537101746,0.4446621537208557,-0.06810741871595383,0.7149935960769653,0.41176921129226685,-0.09577567130327225,0.6599153280258179,0.4538869857788086,-0.12357234209775925,0.6167162656784058,0.46092483401298523,-0.12956254184246063,0.5846577286720276,0.45879659056663513,-0.1290062516927719,0.719771146774292,0.46056705713272095,-0.0817471519112587,0.6530853509902954,0.5032553672790527,-0.10893935710191727,0.604974627494812,0.4992142617702484,-0.10818558931350708,0.5778447389602661,0.481773316860199,-0.10379309207201004,0.7173596024513245,0.49257710576057434,-0.06601789593696594,0.659873902797699,0.5376131534576416,-0.08661701530218124,0.620962381362915,0.5265489816665649,-0.08711668103933334,0.5989282131195068,0.5053232312202454,-0.08387582004070282,0.7103002667427063,0.5093976855278015,-0.05162997916340828,0.6664109826087952,0.5447450280189514,-0.06728483736515045,0.6373388767242432,0.5383795499801636,-0.07117701321840286,0.618884801864624,0.5217002034187317,-0.07101725041866302,Left,0.9942021369934082
3738,52,1,0.3675536513328552,0.413814514875412,1.996875056420322e-07,0.4032447040081024,0.3696754574775696,-0.025617685168981552,0.45325109362602234,0.3803020417690277,-0.03897007554769516,0.4935714602470398,0.41761529445648193,-0.04424045607447624,0.521999716758728,0.445850133895874,-0.048000436276197433,0.4121358096599579,0.390794038772583,-0.06886792182922363,0.46431097388267517,0.42231571674346924,-0.08946831524372101,0.5040397644042969,0.44372233748435974,-0.09515289962291718,0.5328413248062134,0.45897483825683594,-0.09661608189344406,0.40116024017333984,0.43741947412490845,-0.06119508296251297,0.46220454573631287,0.4768487513065338,-0.0802011638879776,0.5090005397796631,0.4895480275154114,-0.08142457902431488,0.5412743091583252,0.49268639087677,-0.08159951865673065,0.39986222982406616,0.47418200969696045,-0.05258847773075104,0.4584876596927643,0.5055060982704163,-0.06936172395944595,0.5021735429763794,0.5067224502563477,-0.07135424762964249,0.5312575697898865,0.497480183839798,-0.07066754251718521,0.40544846653938293,0.49594640731811523,-0.0447857603430748,0.45477548241615295,0.5175045728683472,-0.058296505361795425,0.4872201681137085,0.512737512588501,-0.06124132126569748,0.5087000727653503,0.4990360140800476,-0.06187916547060013,Right,0.9955447912216187
3812,53,0,0.7639253735542297,0.4113422632217407,5.531998112928704e-07,0.7266737818717957,0.35868650674819946,-0.03325194865465164,0.6792154312133789,0.37213149666786194,-0.05267855152487755,0.6424795389175415,0.4108019471168518,-0.06152867153286934,0.6152511239051819,0.4388214647769928,-0.06943265348672867,0.7114747166633606,0.41156527400016785,-0.0943107083439827,0.6573370099067688,0.45813900232315063,-0.1218908503651619,0.6141207218170166,0.46779966354370117,-0.12784571945667267,0.5816527009010315,0.4679587483406067,-0.12747220695018768,0.7170372009277344,0.4592437744140625,-0.08132418245077133,0.6498148441314697,0.5011256337165833,-0.1077510192990303,0.6020921468734741,0.49928081035614014,-0.10704915225505829,0.5743771195411682,0.4844287931919098,-0.10333985090255737,0.7153773307800293,0.4907757639884949,-0.0665975958108902,0.6562032103538513,0.533211886882782,-0.08584367483854294,0.6165922284126282,0.5246548056602478,-0.08633636683225632,0.5934050679206848,0.5051470398902893,-0.08383383601903915,0.7095444202423096,0.5078284740447998,-0.05320964381098747,0.664349377155304,0.5442631840705872,-0.06785289943218231,0.634454607963562,0.5395427346229553,-0.07189173251390457,0.6152507662773132,0.5240433812141418,-0.07239650189876556,Left,0.9940918684005737
3812,53,1,0.36960533261299133,0.41467857360839844,2.561021972269373e-07,0.4061093032360077,0.37176743149757385,-0.02559511549770832,0.4582204818725586,0.38501274585723877,-0.03980503976345062,0.4986357092857361,0.42353495955467224,-0.046208109706640244,0.5275223255157471,0.4512397050857544,-0.05164936184883118,0.41492465138435364,0.3871592879295349,-0.07176761329174042,0.4632660150527954,0.42159947752952576,-0.09474797546863556,0.5035606026649475,0.4446427524089813,-0.10263720899820328,0.5338304042816162,0.4600038528442383,-0.10573740303516388,0.4022676348686218,0.4312388300895691,-0.06555502116680145,0.46066081523895264,0.468491792678833,-0.08681376278400421,0.508645236492157,0.48317399621009827,-0.09089245647192001,0.5440061092376709,0.4883044958114624,-0.09369070082902908,0.39950814843177795,0.46786317229270935,-0.05819696933031082,0.4569797217845917,0.49931687116622925,-0.076888307929039,0.5030744671821594,0.5040229558944702,-0.08161191642284393,0.5367674827575684,0.4981074035167694,-0.08340581506490707,0.4047579765319824,0.4913383424282074,-0.05153580382466316,0.45344191789627075,0.5123912692070007,-0.0670139342546463,0.48801955580711365,0.5110241770744324,-0.07217293232679367,0.5139058232307434,0.5013037323951721,-0.07484060525894165,Right,0.9963563084602356
3887,54,0,0.7670527100563049,0.4124253988265991,4.929395913677581e-07,0.7274549603462219,0.357683390378952,-0.029972370713949203,0.6762682199478149,0.37399694323539734,-0.04586879163980484,0.638343334197998,0.4162423312664032,-0.05239134654402733,0.6060011386871338,0.43694445490837097,-0.05805528163909912,0.712054967880249,0.4089426100254059,-0.08225900679826736,0.6596640348434448,0.45894235372543335,-0.10616397112607956,0.6177141666412354,0.47377631068229675,-0.11066493391990662,0.5854648947715759,0.4787318706512451,-0.11040625721216202,0.7176459431648254,0.4579298496246338,-0.07084954530000687,0.6509606838226318,0.4983895421028137,-0.09359131753444672,0.6046728491783142,0.5013500452041626,-0.09319669753313065,0.5749470591545105,0.4912658929824829,-0.09073489904403687,0.716265857219696,0.4900728464126587,-0.05798448994755745,0.6564368605613708,0.5268731117248535,-0.0745697021484375,0.6167904734611511,0.5210629105567932,-0.07540419697761536,0.5913280248641968,0.505230724811554,-0.0741889700293541,0.7111902236938477,0.5087624192237854,-0.04641132429242134,0.6654788255691528,0.5399430990219116,-0.05970216915011406,0.6355036497116089,0.5360469222068787,-0.06385032832622528,0.61421799659729,0.5240381360054016,-0.06517151743173599,Left,0.9895544052124023
3887,54,1,0.3725799322128296,0.40944167971611023,3.427306296543975e-07,0.41042327880859375,0.37364453077316284,-0.018445074558258057,0.45568716526031494,0.37782910466194153,-0.033400896936655045,0.4902742803096771,0.40648332238197327,-0.0425911471247673,0.5140005350112915,0.4314832091331482,-0.051223862916231155,0.42381179332733154,0.37188199162483215,-0.06469619274139404,0.47340404987335205,0.41218453645706177,-0.0872218906879425,0.510103166103363,0.43976399302482605,-0.09587286412715912,0.5376839637756348,0.45954927802085876,-0.09962204843759537,0.40661975741386414,0.41366633772850037,-0.06332365423440933,0.46369582414627075,0.4553324282169342,-0.0844729021191597,0.5073150396347046,0.4742167592048645,-0.08939655870199203,0.5401601791381836,0.48273468017578125,-0.09275045245885849,0.3992476761341095,0.45144540071487427,-0.06037571653723717,0.4559105634689331,0.4869469404220581,-0.0774855837225914,0.5005429983139038,0.499740332365036,-0.08137429505586624,0.5344449281692505,0.50083327293396,-0.08304749429225922,0.40076956152915955,0.47985851764678955,-0.057751502841711044,0.44804298877716064,0.5048362612724304,-0.07094322890043259,0.48199349641799927,0.5091118812561035,-0.07440126687288284,0.5090911984443665,0.5052714943885803,-0.07614633440971375,Right,0.9961481094360352
3962,55,0,0.765384316444397,0.4177217483520508,4.839675966650248e-07,0.7259524464607239,0.35634273290634155,-0.03480656072497368,0.674708366394043,0.37161239981651306,-0.05096655711531639,0.6364116668701172,0.41650137305259705,-0.05678464472293854,0.6040839552879333,0.438539057970047,-0.06212159991264343,0.7133575081825256,0.41278332471847534,-0.08259551972150803,0.6646988987922668,0.46630001068115234,-0.10592704266309738,0.6243414282798767,0.4857853353023529,-0.11265825480222702,0.5909366011619568,0.4974902868270874,-0.11530869454145432,0.7173813581466675,0.46173781156539917,-0.06963445991277695,0.6511313319206238,0.5034157633781433,-0.09075560420751572,0.6042442917823792,0.5166929364204407,-0.0940629094839096,0.5706017017364502,0.5193551778793335,-0.09585768729448318,0.7153632640838623,0.4910275638103485,-0.05546892434358597,0.6551787853240967,0.5256815552711487,-0.07149510085582733,0.6136367321014404,0.5285249352455139,-0.07641702145338058,0.5847456455230713,0.5217222571372986,-0.07935557514429092,0.7110102772712708,0.5072539448738098,-0.04295007139444351,0.6684737205505371,0.5338965654373169,-0.05787676200270653,0.6380165815353394,0.5349498391151428,-0.06508394330739975,0.6141332387924194,0.5285204648971558,-0.06942926347255707,Left,0.9766716361045837
3962,55,1,0.3822561800479889,0.4074096381664276,5.112657959216449e-07,0.4185168147087097,0.3732375204563141,-0.014463639818131924,0.46103358268737793,0.3779759407043457,-0.030645079910755157,0.4909915030002594,0.40820932388305664,-0.04207713156938553,0.5066745281219482,0.43684396147727966,-0.05413642153143883,0.43565845489501953,0.357105553150177,-0.06443750858306885,0.48566052317619324,0.40054911375045776,-0.08454287052154541,0.5182840824127197,0.42960938811302185,-0.09150486439466476,0.5433633327484131,0.453640341758728,-0.0944378599524498,0.41409793496131897,0.39647790789604187,-0.06532144546508789,0.4677498936653137,0.4412683844566345,-0.08742140978574753,0.5067472457885742,0.46528083086013794,-0.09328234195709229,0.5358583331108093,0.4782538115978241,-0.09721270203590393,0.40312445163726807,0.4382387101650238,-0.063782699406147,0.45901933312416077,0.4777798354625702,-0.08020249009132385,0.502108097076416,0.4965091943740845,-0.08490552008152008,0.533977210521698,0.5022920370101929,-0.08735356479883194,0.402603417634964,0.47473907470703125,-0.06209704652428627,0.4526367783546448,0.49969881772994995,-0.07243600487709045,0.4864146411418915,0.5089983940124512,-0.07509568333625793,0.5129626989364624,0.5116648077964783,-0.07693562656641006,Right,0.9977139234542847
4037,56,0,0.7623530626296997,0.4161272346973419,5.075655735709006e-07,0.7223286032676697,0.35697999596595764,-0.04029839113354683,0.6740779280662537,0.37014296650886536,-0.05881703644990921,0.6361748576164246,0.4139128029346466,-0.06586390733718872,0.6032688021659851,0.43741923570632935,-0.07221648842096329,0.7119756937026978,0.4236485958099365,-0.08544228971004486,0.6714431047439575,0.48067376017570496,-0.11183570325374603,0.6306990385055542,0.49719029664993286,-0.12177370488643646,0.5956872701644897,0.5045440793037415,-0.12602689862251282,0.7171963453292847,0.46828022599220276,-0.07002203166484833,0.6589571237564087,0.5189152359962463,-0.09421193599700928,0.612122654914856,0.531631350517273,-0.1006208211183548,0.5769107341766357,0.5338573455810547,-0.10384039580821991,0.7154811024665833,0.4929148554801941,-0.0538502112030983,0.6623232960700989,0.533988893032074,-0.07427050173282623,0.6194469928741455,0.5363937616348267,-0.08219143748283386,0.5879708528518677,0.5309205055236816,-0.08579017966985703,0.7106657028198242,0.5046051740646362,-0.039478324353694916,0.6706324815750122,0.532028317451477,-0.058044541627168655,0.6386661529541016,0.531957745552063,-0.06691650301218033,0.6123527884483337,0.5259793996810913,-0.07143224030733109,Left,0.9807372093200684
4037,56,1,0.3869978189468384,0.413051038980484,6.671529035884305e-07,0.41865360736846924,0.3815957307815552,-0.015466472133994102,0.4604801535606384,0.37808752059936523,-0.03233424201607704,0.4924493432044983,0.4038130044937134,-0.04502938687801361,0.51047283411026,0.43077173829078674,-0.05820832401514053,0.43990257382392883,0.3474612534046173,-0.062052030116319656,0.4894663989543915,0.38794901967048645,-0.08345898985862732,0.5231297016143799,0.4197468161582947,-0.09322445094585419,0.5467776656150818,0.4475766122341156,-0.09770671278238297,0.41844919323921204,0.3847588002681732,-0.06320571899414062,0.4711396098136902,0.42736107110977173,-0.08567983657121658,0.5126546621322632,0.45755746960639954,-0.09168151021003723,0.5390926003456116,0.4776991903781891,-0.09517908841371536,0.40634843707084656,0.42629387974739075,-0.06292246282100677,0.46006694436073303,0.4680805504322052,-0.07860776782035828,0.5044314861297607,0.49166256189346313,-0.08300065249204636,0.5337993502616882,0.5026979446411133,-0.08478166162967682,0.4041050970554352,0.4641796350479126,-0.06303918361663818,0.4540257155895233,0.49514883756637573,-0.07229430973529816,0.48925745487213135,0.5084942579269409,-0.07494043558835983,0.5147180557250977,0.5148621797561646,-0.07640401273965836,Right,0.9983251094818115
4112,57,0,0.7622664570808411,0.4179295003414154,5.292788500810275e-07,0.7233292460441589,0.35919445753097534,-0.04121733456850052,0.6731864809989929,0.37026268243789673,-0.061033617705106735,0.6327327489852905,0.411425918340683,-0.06913550198078156,0.5987768769264221,0.4382111728191376,-0.07671999931335449,0.7131513953208923,0.42441412806510925,-0.08818921446800232,0.6792897582054138,0.48235467076301575,-0.11674565821886063,0.6377100944519043,0.4980502724647522,-0.12871116399765015,0.6020472049713135,0.5031386613845825,-0.13395871222019196,0.718177855014801,0.46629971265792847,-0.07263562083244324,0.6626600623130798,0.5180204510688782,-0.09843958914279938,0.6141444444656372,0.5300604701042175,-0.10558342188596725,0.5774961113929749,0.5302579998970032,-0.10901089757680893,0.7158644199371338,0.4891302287578583,-0.05648692324757576,0.6644340753555298,0.5321751832962036,-0.07887280732393265,0.6189742088317871,0.5359941720962524,-0.08765406906604767,0.5845411419868469,0.530775785446167,-0.09153027087450027,0.7104238271713257,0.49942508339881897,-0.04200208932161331,0.6701530814170837,0.527587890625,-0.06275462359189987,0.6364072561264038,0.5284345149993896,-0.07233818620443344,0.6078973412513733,0.5234434008598328,-0.07697560638189316,Left,0.9890297055244446
4112,57,1,0.3927863836288452,0.42751502990722656,7.61343812882842e-07,0.4258793890476227,0.3932274281978607,-0.021524183452129364,0.4633193910121918,0.3819043040275574,-0.044268690049648285,0.4935082197189331,0.40798938274383545,-0.06260722875595093,0.5118728280067444,0.4378628134727478,-0.08117686957120895,0.43936586380004883,0.34630951285362244,-0.07125973701477051,0.48854053020477295,0.38534122705459595,-0.09919684380292892,0.5216191411018372,0.4183941185474396,-0.1155313178896904,0.5455746650695801,0.4471578001976013,-0.1251308023929596,0.41716158390045166,0.379586398601532,-0.0720786601305008,0.470710813999176,0.4237537086009979,-0.10235288739204407,0.5104588866233826,0.4552552103996277,-0.11262428760528564,0.5374950766563416,0.4776509702205658,-0.11897682398557663,0.4049128592014313,0.42072659730911255,-0.07193814963102341,0.46050894260406494,0.46702149510383606,-0.09535204619169235,0.5026346445083618,0.49345627427101135,-0.1001739352941513,0.5297780632972717,0.5104699730873108,-0.10136768966913223,0.4021410346031189,0.4585644006729126,-0.0728638619184494,0.45226961374282837,0.4958846867084503,-0.08663681894540787,0.4844586253166199,0.5124906301498413,-0.08879484236240387,0.5066855549812317,0.5239611864089966,-0.08956856280565262,Right,0.9980512857437134
4187,58,0,0.7567377090454102,0.41910526156425476,4.869971803600492e-07,0.7162659764289856,0.35889625549316406,-0.038855474442243576,0.6660322546958923,0.37352222204208374,-0.05602768808603287,0.6255205273628235,0.41688525676727295,-0.06216765567660332,0.5924357771873474,0.4432178735733032,-0.06795244663953781,0.7052328586578369,0.42094162106513977,-0.08215107023715973,0.6719240546226501,0.47824764251708984,-0.10707630962133408,0.6327375769615173,0.49556297063827515,-0.11620857566595078,0.5990458726882935,0.5025057792663574,-0.11992786824703217,0.7115894556045532,0.4631096124649048,-0.06716674566268921,0.658197820186615,0.5126073956489563,-0.09018424898386002,0.6125892996788025,0.5261700749397278,-0.09599726647138596,0.5788806080818176,0.52789705991745,-0.09875619411468506,0.7109770774841309,0.4874469041824341,-0.05148109048604965,0.6611236929893494,0.5294528007507324,-0.07140171527862549,0.6183072924613953,0.5360251069068909,-0.07930998504161835,0.5861145853996277,0.533322274684906,-0.0829477459192276,0.707150936126709,0.49993377923965454,-0.037389013916254044,0.6688767075538635,0.5300912261009216,-0.05553692579269409,0.6372184753417969,0.5337595343589783,-0.06419573724269867,0.6109762191772461,0.5307630896568298,-0.06862521916627884,Left,0.984818160533905
4187,58,1,0.3978925943374634,0.42235898971557617,6.863417638669489e-07,0.43360817432403564,0.38964933156967163,-0.019208524376153946,0.468134343624115,0.38115987181663513,-0.04095885157585144,0.49533218145370483,0.40523985028266907,-0.06075529009103775,0.5150315165519714,0.43237271904945374,-0.08188403397798538,0.441530704498291,0.34761708974838257,-0.05961686000227928,0.48847776651382446,0.38909536600112915,-0.08686484396457672,0.5207074284553528,0.4198037385940552,-0.10513029992580414,0.5471051931381226,0.4488288462162018,-0.11672455072402954,0.41706517338752747,0.3810841143131256,-0.06392316520214081,0.471650630235672,0.43592414259910583,-0.09292265772819519,0.5113879442214966,0.46819359064102173,-0.10447057336568832,0.5398228168487549,0.49549901485443115,-0.11210464686155319,0.40286266803741455,0.4213756322860718,-0.068031907081604,0.45681485533714294,0.47643807530403137,-0.09305106103420258,0.4949381649494171,0.5043474435806274,-0.09740722179412842,0.5202900767326355,0.5254378914833069,-0.09769628196954727,0.39796534180641174,0.4582710266113281,-0.07345390319824219,0.4428470730781555,0.4985041916370392,-0.0883263647556305,0.4720056354999542,0.5170933604240417,-0.08786221593618393,0.4917990267276764,0.533234179019928,-0.08633280545473099,Right,0.9973545074462891
4262,59,0,0.7559404969215393,0.4149759113788605,4.792273102793843e-07,0.7167786359786987,0.35674089193344116,-0.03773327171802521,0.66646808385849,0.3699774146080017,-0.05496866628527641,0.6270737648010254,0.41256290674209595,-0.061200641095638275,0.5998758673667908,0.44637051224708557,-0.06721081584692001,0.7046268582344055,0.414747416973114,-0.08495724201202393,0.6677336096763611,0.4709080755710602,-0.11119546741247177,0.6283920407295227,0.4891465902328491,-0.12108445167541504,0.5948265194892883,0.49602198600769043,-0.12507274746894836,0.7118121385574341,0.4579205811023712,-0.07119372487068176,0.6581886410713196,0.510756254196167,-0.09504636377096176,0.6121678948402405,0.5263908505439758,-0.10164066404104233,0.578168511390686,0.5289618968963623,-0.10487465560436249,0.7121074199676514,0.48382025957107544,-0.056454360485076904,0.6623616814613342,0.5292316675186157,-0.0770600214600563,0.620492160320282,0.5353677868843079,-0.08593319356441498,0.5889388918876648,0.5319809913635254,-0.09009850025177002,0.7084842920303345,0.49673619866371155,-0.04311191663146019,0.6718746423721313,0.5283427238464355,-0.061562128365039825,0.6420688033103943,0.5336580872535706,-0.07065104693174362,0.6172444820404053,0.531728208065033,-0.0754205733537674,Left,0.9855619072914124
4262,59,1,0.4030963182449341,0.4146629869937897,6.791520945625962e-07,0.4335165023803711,0.38362202048301697,-0.02230522595345974,0.4660426080226898,0.3795444965362549,-0.04777177795767784,0.49346935749053955,0.4057544469833374,-0.0697694793343544,0.5138459205627441,0.4318373501300812,-0.09353771805763245,0.4392543137073517,0.3548555076122284,-0.07198566943407059,0.48410388827323914,0.4000759720802307,-0.10138774663209915,0.5180913209915161,0.427135169506073,-0.12120296061038971,0.5457229018211365,0.452173113822937,-0.1343849003314972,0.4137110412120819,0.3898271918296814,-0.075587697327137,0.47328463196754456,0.45138174295425415,-0.10706521570682526,0.512999951839447,0.4807208776473999,-0.11909095197916031,0.5400370359420776,0.5023837089538574,-0.12781323492527008,0.3995516300201416,0.43005838990211487,-0.07841196656227112,0.4574923813343048,0.4853130578994751,-0.10447313636541367,0.4969664216041565,0.5061408281326294,-0.10739137977361679,0.5221824645996094,0.5201054215431213,-0.10765168815851212,0.3945308327674866,0.46499931812286377,-0.08265228569507599,0.4419682025909424,0.5027005672454834,-0.09835189580917358,0.47344061732292175,0.5139207243919373,-0.09740632027387619,0.4940620958805084,0.5217200517654419,-0.09649387001991272,Right,0.9979216456413269
4337,60,0,0.7572630643844604,0.4130265414714813,4.3594292264970136e-07,0.7156533598899841,0.3567326068878174,-0.03512384369969368,0.6645493507385254,0.3712950646877289,-0.05069953203201294,0.6275432109832764,0.41731730103492737,-0.05534464865922928,0.6046874523162842,0.45437347888946533,-0.05934486910700798,0.7037671804428101,0.40939563512802124,-0.08117994666099548,0.6676542162895203,0.46505632996559143,-0.10601973533630371,0.6303712725639343,0.4851420819759369,-0.11535767465829849,0.5980357527732849,0.4943844974040985,-0.11911975592374802,0.7126151323318481,0.45478540658950806,-0.06810610741376877,0.6625407338142395,0.5106691122055054,-0.08970239013433456,0.6191350817680359,0.5287354588508606,-0.09536625444889069,0.5860208868980408,0.5341957807540894,-0.09815049916505814,0.7142588496208191,0.4837005138397217,-0.05390153452754021,0.6652960777282715,0.5282204747200012,-0.07248739898204803,0.6248375177383423,0.5312828421592712,-0.08020662516355515,0.5941277742385864,0.526235818862915,-0.0836942195892334,0.7112110257148743,0.4987308382987976,-0.040984995663166046,0.6745774149894714,0.5268571376800537,-0.05749787017703056,0.6466705203056335,0.5312952995300293,-0.06549620628356934,0.6236364245414734,0.5299006700515747,-0.06958691030740738,Left,0.9702339768409729
4337,60,1,0.40137940645217896,0.413173645734787,7.299320827769407e-07,0.4329620599746704,0.38484132289886475,-0.02571256272494793,0.465189129114151,0.3815925121307373,-0.0528140515089035,0.4908062815666199,0.409308522939682,-0.07564568519592285,0.5054810047149658,0.43765732645988464,-0.09969078749418259,0.43545418977737427,0.3584151268005371,-0.07693145424127579,0.480284184217453,0.4024331569671631,-0.10706931352615356,0.5144914984703064,0.4318152070045471,-0.12720002233982086,0.5423346161842346,0.45872777700424194,-0.14059801399707794,0.4120148718357086,0.39433106780052185,-0.07855559140443802,0.46623894572257996,0.44907066226005554,-0.11134948581457138,0.5085092186927795,0.4751400947570801,-0.12462657690048218,0.5381907224655151,0.4946950674057007,-0.1344393491744995,0.3996906280517578,0.43438082933425903,-0.07926871627569199,0.45383062958717346,0.4829873740673065,-0.10558971017599106,0.4966224133968353,0.5016698837280273,-0.10984983295202255,0.5241268873214722,0.5148318409919739,-0.1112796887755394,0.39652252197265625,0.46801894903182983,-0.0816301554441452,0.44471561908721924,0.5020468235015869,-0.09666531533002853,0.4775409996509552,0.5103561282157898,-0.09664838016033173,0.49915337562561035,0.5164166688919067,-0.09684235602617264,Right,0.9983198046684265
4410,61,0,0.7616796493530273,0.41058170795440674,4.348549680344149e-07,0.7194637060165405,0.3565829396247864,-0.03369246423244476,0.6691650152206421,0.37184885144233704,-0.049520742148160934,0.6327009797096252,0.4147905707359314,-0.0548408068716526,0.6101834774017334,0.45173507928848267,-0.059815455228090286,0.7078102827072144,0.41469305753707886,-0.08131060004234314,0.6706823110580444,0.4711678922176361,-0.10754022747278214,0.6317108273506165,0.48903605341911316,-0.11794044822454453,0.5989683270454407,0.49561408162117004,-0.1219586506485939,0.7171871662139893,0.45468297600746155,-0.06890681385993958,0.6656990051269531,0.510966420173645,-0.09186969697475433,0.6210897564888,0.5271767973899841,-0.09788364171981812,0.5887633562088013,0.5316464900970459,-0.10042936354875565,0.7192533016204834,0.4788360893726349,-0.055273063480854034,0.6703351140022278,0.5272685289382935,-0.075071781873703,0.6295772790908813,0.5338524580001831,-0.08296146243810654,0.5995702147483826,0.5321383476257324,-0.08597680181264877,0.7164480686187744,0.49057140946388245,-0.04265337437391281,0.6810488104820251,0.5255981087684631,-0.05932525545358658,0.6526877880096436,0.535969614982605,-0.06702172756195068,0.6300563216209412,0.538652241230011,-0.07066301256418228,Left,0.9729181528091431
4410,61,1,0.40012985467910767,0.41655653715133667,7.891731570452976e-07,0.42663586139678955,0.38182058930397034,-0.027059774845838547,0.458745539188385,0.37598055601119995,-0.05300527065992355,0.4852478802204132,0.40731921792030334,-0.07328640669584274,0.5004323124885559,0.43981659412384033,-0.09466617554426193,0.4255673885345459,0.3701458275318146,-0.07913530617952347,0.4753831923007965,0.40937066078186035,-0.10705771297216415,0.5132273435592651,0.4321132004261017,-0.12455486506223679,0.54378342628479,0.45452290773391724,-0.1355074644088745,0.40815210342407227,0.41023701429367065,-0.07722575217485428,0.4626350700855255,0.4467581808567047,-0.10612227767705917,0.5065869688987732,0.4662114977836609,-0.11624915897846222,0.5397065877914429,0.4823393225669861,-0.12376342713832855,0.4008885622024536,0.4484192430973053,-0.07414363324642181,0.45566773414611816,0.4831807315349579,-0.09560471773147583,0.49574732780456543,0.4933745265007019,-0.09809989482164383,0.5229485630989075,0.5020405054092407,-0.09864602237939835,0.4014091491699219,0.47924548387527466,-0.07284540683031082,0.4499729871749878,0.503993034362793,-0.08381437510251999,0.4819257855415344,0.5065662264823914,-0.08324355632066727,0.5029670000076294,0.5098325610160828,-0.08330739289522171,Right,0.998285174369812
4484,62,0,0.7584336400032043,0.41778579354286194,4.972397960045782e-07,0.7196689248085022,0.3600045442581177,-0.03737340122461319,0.6700748205184937,0.3706716001033783,-0.054946061223745346,0.6332612633705139,0.41260039806365967,-0.06080444157123566,0.612065851688385,0.45020633935928345,-0.06601466238498688,0.7079763412475586,0.4166030287742615,-0.08774575591087341,0.6700701117515564,0.4736018776893616,-0.11439923197031021,0.630885124206543,0.49039381742477417,-0.12443017214536667,0.5977109670639038,0.495897114276886,-0.12796556949615479,0.7152408957481384,0.46042582392692566,-0.07330214232206345,0.6616361141204834,0.5119900107383728,-0.09590312838554382,0.6167166829109192,0.52376389503479,-0.10057610273361206,0.5850303769111633,0.5228710770606995,-0.10236881673336029,0.7152051329612732,0.4877597391605377,-0.05764338746666908,0.6655436754226685,0.530505359172821,-0.07652802765369415,0.6246419548988342,0.5312314629554749,-0.0832519456744194,0.5955168604850769,0.5232583284378052,-0.0859455019235611,0.710277795791626,0.5013530850410461,-0.04338889196515083,0.6735114455223083,0.5318799614906311,-0.05985116958618164,0.6446875333786011,0.5356929898262024,-0.06717592477798462,0.6219618320465088,0.532817542552948,-0.07067380845546722,Left,0.9891705513000488
4484,62,1,0.39460423588752747,0.42195743322372437,6.845941129540734e-07,0.4231177866458893,0.3860558867454529,-0.020373091101646423,0.46752455830574036,0.3870415985584259,-0.038626812398433685,0.5057200789451599,0.4178430736064911,-0.05159245431423187,0.5321264266967773,0.4410802125930786,-0.06512294709682465,0.4224929213523865,0.36810046434402466,-0.06658750772476196,0.4729621708393097,0.40440434217453003,-0.08773788809776306,0.5112218856811523,0.4281843304634094,-0.09736453741788864,0.5394741296768188,0.44784247875213623,-0.1021561473608017,0.4046628773212433,0.4109067916870117,-0.06540976464748383,0.46025916934013367,0.44392910599708557,-0.08797485381364822,0.5073819160461426,0.46421319246292114,-0.09439679235219955,0.5387290716171265,0.47722750902175903,-0.09915031492710114,0.39857667684555054,0.45170357823371887,-0.06293285638093948,0.45859846472740173,0.4880184829235077,-0.07990503311157227,0.5070470571517944,0.5005258321762085,-0.08425301313400269,0.5370164513587952,0.5023564100265503,-0.08635575324296951,0.4011850953102112,0.48412299156188965,-0.06118595972657204,0.4547855257987976,0.5076656937599182,-0.07106010615825653,0.491607666015625,0.5119192004203796,-0.07348629087209702,0.5147897601127625,0.5105383396148682,-0.07552561908960342,Right,0.9994305968284607
4559,63,0,0.756608247756958,0.41857653856277466,5.196130246076791e-07,0.7191236019134521,0.35964399576187134,-0.03794550150632858,0.6686702966690063,0.3744173049926758,-0.05587079003453255,0.6299984455108643,0.4163530766963959,-0.06229250878095627,0.6082054376602173,0.45430946350097656,-0.06829691678285599,0.7116706371307373,0.4213857650756836,-0.08907861262559891,0.6712852716445923,0.4776052236557007,-0.11570270359516144,0.630543053150177,0.49215152859687805,-0.12502247095108032,0.597144603729248,0.4970744550228119,-0.12847565114498138,0.7169647216796875,0.4650525152683258,-0.07486316561698914,0.6598007678985596,0.5118340849876404,-0.09886150807142258,0.6133013367652893,0.5184522867202759,-0.10340388119220734,0.5809887647628784,0.5141135454177856,-0.1052243635058403,0.7148963212966919,0.4921261966228485,-0.059583935886621475,0.6632277965545654,0.5319481492042542,-0.07891371101140976,0.6202976107597351,0.5284603238105774,-0.0851653441786766,0.5898515582084656,0.5168375968933105,-0.08802599459886551,0.7085570096969604,0.5068328380584717,-0.045916810631752014,0.6709147095680237,0.5380594730377197,-0.06328753381967545,0.6405141949653625,0.5392653346061707,-0.0714639350771904,0.6159524917602539,0.5331094264984131,-0.07592199742794037,Left,0.9887118339538574
4559,63,1,0.3849784731864929,0.4277541935443878,6.528807148242777e-07,0.41395625472068787,0.3875606060028076,-0.019723709672689438,0.4550723433494568,0.37846046686172485,-0.037726953625679016,0.49116864800453186,0.4060284197330475,-0.05133704096078873,0.5114968419075012,0.4338427186012268,-0.06534325331449509,0.41689014434814453,0.37657836079597473,-0.06134592741727829,0.47190362215042114,0.41174933314323425,-0.08220978826284409,0.5125843286514282,0.4328680634498596,-0.09246569126844406,0.54204922914505,0.4503884017467499,-0.09758702665567398,0.4028373658657074,0.4207039177417755,-0.06074834242463112,0.4602034389972687,0.45023542642593384,-0.08185312151908875,0.5082722306251526,0.4660501480102539,-0.08858843147754669,0.5414555668830872,0.4758022129535675,-0.09348680824041367,0.3990063965320587,0.46004718542099,-0.05915151536464691,0.46028658747673035,0.48899853229522705,-0.0758608803153038,0.5082191228866577,0.4964967668056488,-0.08116590231657028,0.5396001935005188,0.49637725949287415,-0.08343803882598877,0.40313342213630676,0.49063825607299805,-0.05845753476023674,0.4571692943572998,0.5086575746536255,-0.06744595617055893,0.4907509684562683,0.5087800025939941,-0.06931860744953156,0.5111402273178101,0.5045615434646606,-0.07067631185054779,Right,0.9982117414474487
4633,64,0,0.7558863162994385,0.4207758903503418,5.604596822195163e-07,0.7171871662139893,0.36373504996299744,-0.03858907148241997,0.6666334867477417,0.3777354955673218,-0.056854479014873505,0.6305251717567444,0.4213629961013794,-0.06397789716720581,0.6042466163635254,0.4548995792865753,-0.0707235336303711,0.7140616178512573,0.4241401255130768,-0.08781105279922485,0.6751393675804138,0.47645848989486694,-0.11421001702547073,0.6344398856163025,0.49197420477867126,-0.12284373492002487,0.6008469462394714,0.49729079008102417,-0.1257152557373047,0.7199496030807495,0.46731168031692505,-0.07318874448537827,0.6609163284301758,0.5129654407501221,-0.09758946299552917,0.6128660440444946,0.5198209285736084,-0.10197579860687256,0.5788734555244446,0.5139857530593872,-0.10351015627384186,0.7173954248428345,0.4934116005897522,-0.05778397247195244,0.6650922894477844,0.5343515276908875,-0.07818470150232315,0.6229270100593567,0.530819296836853,-0.08472485840320587,0.5928829312324524,0.5174685716629028,-0.08746638149023056,0.7112231254577637,0.5078718066215515,-0.043980345129966736,0.6726304292678833,0.5375277400016785,-0.0623592808842659,0.640413224697113,0.5351801514625549,-0.07092030346393585,0.6140296459197998,0.5257435441017151,-0.07538712024688721,Left,0.9907541275024414
4633,64,1,0.38003653287887573,0.4264983534812927,5.349043590285874e-07,0.4073185324668884,0.38329172134399414,-0.014289023354649544,0.4506465494632721,0.37724006175994873,-0.028744829818606377,0.4861364960670471,0.4040200710296631,-0.03846096247434616,0.5071336627006531,0.4304729998111725,-0.04860010743141174,0.4175058603286743,0.3840135633945465,-0.059184812009334564,0.47220152616500854,0.4165283143520355,-0.07682595402002335,0.5113477110862732,0.43811386823654175,-0.0825267806649208,0.5402023792266846,0.4561270475387573,-0.0840129405260086,0.4050653278827667,0.4269580841064453,-0.05863094702363014,0.46792590618133545,0.4531446099281311,-0.07483190298080444,0.5136091113090515,0.4655461013317108,-0.07866109162569046,0.545284628868103,0.4723491072654724,-0.08184214681386948,0.4029305875301361,0.46236053109169006,-0.05593761429190636,0.4652584195137024,0.4908748269081116,-0.06896095722913742,0.510543942451477,0.4953538477420807,-0.074175164103508,0.5406152009963989,0.49170342087745667,-0.07709372788667679,0.40805524587631226,0.4867647588253021,-0.053102973848581314,0.4616164565086365,0.5055853128433228,-0.0619225949048996,0.49615105986595154,0.5043289661407471,-0.06550908088684082,0.5198041796684265,0.4967823028564453,-0.06811656057834625,Right,0.9981694221496582
4709,65,0,0.7567132711410522,0.41933101415634155,5.667438358614163e-07,0.7167642712593079,0.3662240505218506,-0.036905329674482346,0.6662443280220032,0.382845401763916,-0.05429847538471222,0.6299715042114258,0.42758387327194214,-0.06104503571987152,0.6018651127815247,0.4583613872528076,-0.06730429828166962,0.7153930068016052,0.42534834146499634,-0.0831189826130867,0.675287127494812,0.47892650961875916,-0.10866525024175644,0.6344000697135925,0.4944419264793396,-0.1169421523809433,0.6011170744895935,0.49914395809173584,-0.11954805254936218,0.7232499718666077,0.4676150381565094,-0.06912662088871002,0.6642173528671265,0.5140382647514343,-0.09267892688512802,0.6160984039306641,0.5221636295318604,-0.09679058194160461,0.5815698504447937,0.5166563987731934,-0.09804169833660126,0.7214660048484802,0.49274346232414246,-0.05454657971858978,0.6678116917610168,0.5327093601226807,-0.07381368428468704,0.6239840984344482,0.5320881009101868,-0.0800304263830185,0.5919173359870911,0.5213797092437744,-0.0826982781291008,0.7153016924858093,0.5064526796340942,-0.041535306721925735,0.6753221154212952,0.5330049991607666,-0.058723606169223785,0.6415557265281677,0.5322775840759277,-0.06675936281681061,0.6133842468261719,0.5257347226142883,-0.07095157355070114,Left,0.9907457232475281
4709,65,1,0.3777121305465698,0.4287506937980652,4.4581378233488067e-07,0.40179532766342163,0.3789653778076172,-0.023855945095419884,0.44546347856521606,0.37029123306274414,-0.04195380210876465,0.4837789535522461,0.39624232053756714,-0.05199309065937996,0.5087456703186035,0.4209650754928589,-0.061777375638484955,0.41586050391197205,0.3955546021461487,-0.07717745006084442,0.46967628598213196,0.42610427737236023,-0.09823218733072281,0.5070646405220032,0.4411032497882843,-0.10487110912799835,0.536238968372345,0.4510582685470581,-0.10710300505161285,0.40818852186203003,0.4388355314731598,-0.07131857424974442,0.4711969792842865,0.46403801441192627,-0.09184377640485764,0.5167206525802612,0.4720129668712616,-0.09661393612623215,0.551860511302948,0.4743291735649109,-0.0997939482331276,0.41025176644325256,0.471591055393219,-0.06304559111595154,0.4698238968849182,0.48841923475265503,-0.07929719239473343,0.5146918296813965,0.48978012800216675,-0.08525058627128601,0.5471429824829102,0.4852830469608307,-0.08823753893375397,0.4191747307777405,0.4912826716899872,-0.055020689964294434,0.4694395661354065,0.4970737099647522,-0.06763217598199844,0.5017438530921936,0.4916898310184479,-0.07258687913417816,0.5252338647842407,0.48384523391723633,-0.07545380294322968,Right,0.9958533048629761
4785,66,0,0.7550751566886902,0.41940417885780334,6.284885216700786e-07,0.7151819467544556,0.3674726188182831,-0.04101056978106499,0.6673089265823364,0.3847697973251343,-0.062206074595451355,0.6304075121879578,0.42909836769104004,-0.07158344984054565,0.6016180515289307,0.46034932136535645,-0.08027945458889008,0.7141813635826111,0.4264754056930542,-0.09362123161554337,0.6736799478530884,0.4809739291667938,-0.12185720354318619,0.6325324773788452,0.4950354993343353,-0.13087128102779388,0.5991909503936768,0.4976324141025543,-0.13362687826156616,0.7227009534835815,0.4701254665851593,-0.07796597480773926,0.6615070700645447,0.5175082683563232,-0.10446060448884964,0.6130707859992981,0.5236581563949585,-0.10829873383045197,0.5794446468353271,0.5159151554107666,-0.10891369730234146,0.7213398814201355,0.49684396386146545,-0.061585932970047,0.6663672924041748,0.5377087593078613,-0.08331630378961563,0.6227277517318726,0.5334693789482117,-0.088780477643013,0.5924535393714905,0.5187301635742188,-0.09042569994926453,0.7150425910949707,0.5111677646636963,-0.04699711501598358,0.673214852809906,0.5377243757247925,-0.06631702184677124,0.6401692628860474,0.5340230464935303,-0.07458437234163284,0.6138414144515991,0.5243790149688721,-0.07838775962591171,Left,0.9975183010101318
4785,66,1,0.3805917203426361,0.4284777045249939,2.840782258317631e-07,0.40503591299057007,0.3802989721298218,-0.019886992871761322,0.4468357563018799,0.3741914629936218,-0.03358340263366699,0.4809355139732361,0.40207812190055847,-0.04074515402317047,0.5001041889190674,0.43024253845214844,-0.04820692539215088,0.4236566126346588,0.4015341103076935,-0.06439834833145142,0.4753979742527008,0.4252750277519226,-0.0809551402926445,0.5093836784362793,0.4389215111732483,-0.08591105788946152,0.5359836220741272,0.44826364517211914,-0.08776010572910309,0.4174049198627472,0.44276702404022217,-0.060088884085416794,0.47303539514541626,0.4588070809841156,-0.0768517255783081,0.5139577388763428,0.4647137224674225,-0.08215440809726715,0.5457988977432251,0.4663696885108948,-0.08607251197099686,0.4180552065372467,0.47487974166870117,-0.05357431620359421,0.47122231125831604,0.4933792054653168,-0.06921982765197754,0.5113418698310852,0.4960417151451111,-0.0772867351770401,0.5399954319000244,0.4909277856349945,-0.08180093765258789,0.4241091310977936,0.49542394280433655,-0.046842146664857864,0.4697451889514923,0.4998060464859009,-0.060623761266469955,0.498058557510376,0.4935980439186096,-0.06641633808612823,0.5172892808914185,0.48296499252319336,-0.06957978010177612,Right,0.993892252445221
4860,67,0,0.7574905753135681,0.42337527871131897,6.264401122280105e-07,0.7193377017974854,0.3689267933368683,-0.04156593233346939,0.6693786382675171,0.3844735026359558,-0.06344665586948395,0.6299810409545898,0.4285989999771118,-0.07328670471906662,0.5971433520317078,0.45512065291404724,-0.08202145993709564,0.715133011341095,0.42638707160949707,-0.09537769854068756,0.6706820726394653,0.48052650690078735,-0.1232832670211792,0.6289489269256592,0.49478307366371155,-0.13111509382724762,0.5959004759788513,0.4974387586116791,-0.13285836577415466,0.7239853143692017,0.4727562367916107,-0.07913291454315186,0.660818874835968,0.5195078253746033,-0.1052727997303009,0.612768828868866,0.524712860584259,-0.1070871353149414,0.5803127288818359,0.5162034034729004,-0.10596147924661636,0.7219693660736084,0.501557469367981,-0.06213512644171715,0.6667520999908447,0.5419540405273438,-0.08317793160676956,0.6246821880340576,0.5370517373085022,-0.08595640957355499,0.5962746739387512,0.5221625566482544,-0.08557296544313431,0.714783251285553,0.5174943804740906,-0.047109205275774,0.672279953956604,0.5450623035430908,-0.0650734156370163,0.6411622762680054,0.5389012098312378,-0.0710497498512268,0.6171397566795349,0.5268386006355286,-0.07302851974964142,Left,0.9977831840515137
4860,67,1,0.3814656436443329,0.42442619800567627,2.877444842397381e-07,0.4073758125305176,0.37894880771636963,-0.021244633942842484,0.44871973991394043,0.3769454061985016,-0.03540731593966484,0.48173946142196655,0.4073910415172577,-0.04252953827381134,0.5003947615623474,0.4346480965614319,-0.05012428015470505,0.4232923090457916,0.39919671416282654,-0.06897519528865814,0.4782470464706421,0.4227744936943054,-0.08698412030935287,0.5135745406150818,0.43744733929634094,-0.09276693314313889,0.5406657457351685,0.44884151220321655,-0.09515344351530075,0.4162353277206421,0.44212424755096436,-0.06392200291156769,0.47166237235069275,0.4587733745574951,-0.08321696519851685,0.5138140916824341,0.46613579988479614,-0.09019798040390015,0.5463569760322571,0.47003254294395447,-0.09495370090007782,0.41606405377388,0.4763256907463074,-0.05632166191935539,0.47002384066581726,0.49242180585861206,-0.07331152260303497,0.510543704032898,0.49521276354789734,-0.08151945471763611,0.5389716625213623,0.49147218465805054,-0.08601687848567963,0.4220249354839325,0.4979325532913208,-0.048562683165073395,0.4663223922252655,0.5003139972686768,-0.06339426338672638,0.49453434348106384,0.4914930760860443,-0.06933920085430145,0.5136169791221619,0.4798371493816376,-0.0723591074347496,Right,0.9936028122901917
4934,68,0,0.7533162832260132,0.42292335629463196,6.462074679802754e-07,0.7153058648109436,0.36953607201576233,-0.04102274030447006,0.6665546894073486,0.3838135004043579,-0.0630851611495018,0.6274535655975342,0.42721420526504517,-0.07338231056928635,0.5920462608337402,0.4480777680873871,-0.08251725882291794,0.7137291431427002,0.4278161823749542,-0.09391932934522629,0.6621995568275452,0.4810606837272644,-0.12186956405639648,0.6179810762405396,0.4945162236690521,-0.12930120527744293,0.5843129754066467,0.49613502621650696,-0.130508691072464,0.7224870920181274,0.47558873891830444,-0.0779130607843399,0.6573350429534912,0.5223231911659241,-0.10475599765777588,0.6086621284484863,0.5252299308776855,-0.10689344257116318,0.5772044658660889,0.5147470235824585,-0.10562099516391754,0.72072434425354,0.5045189261436462,-0.06116364151239395,0.664673388004303,0.548262894153595,-0.08233030140399933,0.6213362216949463,0.5427988171577454,-0.08574502915143967,0.5925555229187012,0.5268478393554688,-0.08566495776176453,0.714203953742981,0.5202404856681824,-0.04633188247680664,0.6730287075042725,0.5529577136039734,-0.06440898030996323,0.6400598883628845,0.5507786273956299,-0.07153128832578659,0.6140319108963013,0.5403018593788147,-0.07418987154960632,Left,0.997916042804718
4934,68,1,0.37891072034835815,0.4239406883716583,2.3354721179202897e-07,0.4038506746292114,0.38109222054481506,-0.019870860502123833,0.4424571990966797,0.37683385610580444,-0.03287683054804802,0.47275519371032715,0.40357714891433716,-0.03924555703997612,0.4897382855415344,0.42676711082458496,-0.04581893980503082,0.41863900423049927,0.3949686586856842,-0.06537999957799911,0.4742376208305359,0.4171163737773895,-0.08405867218971252,0.510481595993042,0.42966264486312866,-0.0899338498711586,0.5380657911300659,0.44048354029655457,-0.09220824390649796,0.4133962094783783,0.43921810388565063,-0.061095111072063446,0.46853357553482056,0.45499640703201294,-0.08172920346260071,0.5118951201438904,0.46227192878723145,-0.0892774760723114,0.5458533763885498,0.4675436019897461,-0.09393110126256943,0.4149264097213745,0.47455501556396484,-0.05448789894580841,0.46695205569267273,0.48726123571395874,-0.07246015965938568,0.508644700050354,0.48929011821746826,-0.0812637209892273,0.5397632718086243,0.48529163002967834,-0.08569304645061493,0.4222162663936615,0.4965255558490753,-0.04773862287402153,0.46414223313331604,0.4981570243835449,-0.06307239085435867,0.49337637424468994,0.49126893281936646,-0.06964338570833206,0.5150049328804016,0.48160320520401,-0.07282555848360062,Right,0.9892302751541138
5009,69,0,0.753803014755249,0.4248066544532776,6.013895585965656e-07,0.7131963968276978,0.3748714327812195,-0.035475656390190125,0.6675398349761963,0.39189669489860535,-0.05460488051176071,0.6325520873069763,0.4365668296813965,-0.06364968419075012,0.6009631156921387,0.4576624035835266,-0.07100771367549896,0.7133318185806274,0.43538886308670044,-0.08293454349040985,0.6581246256828308,0.4837479889392853,-0.10786367952823639,0.6163724064826965,0.48971083760261536,-0.11295367032289505,0.586715579032898,0.4839155077934265,-0.11281081289052963,0.7221273183822632,0.48104366660118103,-0.06924567371606827,0.6536945104598999,0.5232132077217102,-0.09440746903419495,0.6063491702079773,0.5217328667640686,-0.09555000066757202,0.5766115784645081,0.506703794002533,-0.09353946894407272,0.7204486131668091,0.5093454122543335,-0.05488433316349983,0.6626468300819397,0.5491940975189209,-0.07440449297428131,0.618833065032959,0.5420137047767639,-0.07700243592262268,0.5902120471000671,0.5239819884300232,-0.0765824094414711,0.713939905166626,0.5252297520637512,-0.04220913350582123,0.6719006299972534,0.556132435798645,-0.05876760557293892,0.6387234926223755,0.5539878606796265,-0.06510163098573685,0.6133431196212769,0.5426818132400513,-0.06746627390384674,Left,0.9970299601554871
5009,69,1,0.3801899552345276,0.42051786184310913,2.62434667774869e-07,0.4073241353034973,0.3786768913269043,-0.01753821410238743,0.4459076523780823,0.3808545768260956,-0.029132358729839325,0.47487252950668335,0.40948599576950073,-0.03496383875608444,0.4911593198776245,0.43320581316947937,-0.04082849621772766,0.4214457869529724,0.3945629298686981,-0.05872708559036255,0.4729754626750946,0.4151463210582733,-0.07688876986503601,0.5093327164649963,0.4289770722389221,-0.0840151309967041,0.5381953120231628,0.43947964906692505,-0.08750655502080917,0.415312260389328,0.4391874074935913,-0.05584297329187393,0.4659593999385834,0.45806482434272766,-0.07482631504535675,0.5057471394538879,0.4647887945175171,-0.08182267099618912,0.5371726751327515,0.46740278601646423,-0.08625267446041107,0.41490599513053894,0.473947674036026,-0.05072372406721115,0.4657691717147827,0.48744314908981323,-0.06637203693389893,0.5068613886833191,0.48696401715278625,-0.07199222594499588,0.5372770428657532,0.48099738359451294,-0.07440098375082016,0.4197521209716797,0.49510839581489563,-0.04567477107048035,0.46317097544670105,0.499756395816803,-0.05821327120065689,0.4930276870727539,0.49215754866600037,-0.06145953759551048,0.5141178369522095,0.4826362431049347,-0.06232956796884537,Right,0.9954794049263
5084,70,0,0.7564423084259033,0.42201241850852966,6.054664254406816e-07,0.7149323225021362,0.3742402493953705,-0.035202741622924805,0.669007420539856,0.3906283378601074,-0.05456157401204109,0.6351260542869568,0.43364202976226807,-0.06351319700479507,0.6058566570281982,0.4590543210506439,-0.07061866670846939,0.7159489989280701,0.4377710521221161,-0.0846448689699173,0.6601917743682861,0.4819338619709015,-0.10902891308069229,0.6180741190910339,0.4862765967845917,-0.11352133750915527,0.5883603692054749,0.4796922206878662,-0.11300677061080933,0.7257542610168457,0.48344483971595764,-0.07101885229349136,0.655789852142334,0.5227867364883423,-0.09566173702478409,0.6074035167694092,0.5196073055267334,-0.09677118808031082,0.5770272016525269,0.5036258101463318,-0.09497637301683426,0.7247918248176575,0.5116475820541382,-0.0564444400370121,0.664245069026947,0.5499796271324158,-0.07570832967758179,0.6201946139335632,0.5411821007728577,-0.07888554036617279,0.5919209718704224,0.5225620269775391,-0.07914069294929504,0.7187961339950562,0.527125358581543,-0.043417979031801224,0.6761752963066101,0.5558993816375732,-0.06063392385840416,0.6433786153793335,0.5531200170516968,-0.06805318593978882,0.6186171770095825,0.5420336723327637,-0.07122030854225159,Left,0.9976270794868469
5084,70,1,0.3837554156780243,0.4255126416683197,2.758180244200048e-07,0.4098813533782959,0.3798905611038208,-0.022173037752509117,0.4533022344112396,0.38227248191833496,-0.03433690220117569,0.485577255487442,0.4149791896343231,-0.039303719997406006,0.5033610463142395,0.44028666615486145,-0.044059306383132935,0.42162346839904785,0.40650469064712524,-0.06431698054075241,0.4714410901069641,0.4305710196495056,-0.08157210797071457,0.5075641870498657,0.4478481113910675,-0.08751457184553146,0.5368224382400513,0.4609934985637665,-0.09043838083744049,0.41649192571640015,0.45136353373527527,-0.058234408497810364,0.4675293564796448,0.47399353981018066,-0.07418569922447205,0.5081400871276855,0.484798401594162,-0.07856609672307968,0.5397865772247314,0.49132466316223145,-0.08186834305524826,0.4176369309425354,0.48311570286750793,-0.05018943175673485,0.46867692470550537,0.4988490343093872,-0.0637587159872055,0.5082403421401978,0.5006597638130188,-0.06875254958868027,0.5363978743553162,0.4959234893321991,-0.07133864611387253,0.42437174916267395,0.49953097105026245,-0.042599741369485855,0.4680634140968323,0.5066324472427368,-0.05489854887127876,0.49671199917793274,0.5016117691993713,-0.0591525062918663,0.5160951018333435,0.49344494938850403,-0.061122994869947433,Right,0.997978925704956
5158,71,0,0.759512722492218,0.41865071654319763,6.068713105378265e-07,0.7181944251060486,0.3751171827316284,-0.03841838240623474,0.6697215437889099,0.38592246174812317,-0.05975459888577461,0.6343170404434204,0.4292224049568176,-0.07029815018177032,0.6045486330986023,0.4587867259979248,-0.07846709340810776,0.72258061170578,0.43891772627830505,-0.08644214272499084,0.6643154621124268,0.47972893714904785,-0.11163535714149475,0.6225231885910034,0.48172682523727417,-0.11651060730218887,0.592158317565918,0.4748453199863434,-0.11651881039142609,0.7312229871749878,0.48434963822364807,-0.07208285480737686,0.6593341827392578,0.5203084945678711,-0.09753400087356567,0.6115193963050842,0.5152069330215454,-0.09903637319803238,0.5809927582740784,0.4995141327381134,-0.0978941023349762,0.7279016375541687,0.5126574039459229,-0.0572112612426281,0.6653726100921631,0.5468027591705322,-0.07782202214002609,0.6208112835884094,0.5379664301872253,-0.08084434270858765,0.5919190645217896,0.5198400020599365,-0.0811193585395813,0.7199533581733704,0.5281379222869873,-0.04426076263189316,0.6740939021110535,0.551973819732666,-0.06278471648693085,0.6409292817115784,0.5464212894439697,-0.07021022588014603,0.6162909269332886,0.5337826609611511,-0.07332323491573334,Left,0.9974738359451294
5158,71,1,0.38517576456069946,0.42147907614707947,2.6659887453206466e-07,0.4204144775867462,0.3795170783996582,-0.028241241350769997,0.46742916107177734,0.39311766624450684,-0.04503403976559639,0.502269983291626,0.43592193722724915,-0.05273851007223129,0.5276564955711365,0.4631241261959076,-0.06013642996549606,0.42029595375061035,0.4067913889884949,-0.08452590554952621,0.4720662832260132,0.4417256712913513,-0.1084199771285057,0.5119040012359619,0.4612484276294708,-0.11609894037246704,0.5423365831375122,0.47384241223335266,-0.11932145804166794,0.4070242643356323,0.453459769487381,-0.07729855179786682,0.46377846598625183,0.4885682761669159,-0.10137597471475601,0.5109620094299316,0.502833902835846,-0.1069738119840622,0.5459393262863159,0.510437548160553,-0.11068030446767807,0.40404677391052246,0.49161210656166077,-0.06790533661842346,0.4590953290462494,0.5266987681388855,-0.08743306994438171,0.5034717321395874,0.5361180901527405,-0.09214618057012558,0.5351893901824951,0.5357336401939392,-0.09413023293018341,0.4095144271850586,0.5165635943412781,-0.05922114849090576,0.4551538825035095,0.5403286218643188,-0.075838103890419,0.4869188666343689,0.5448710918426514,-0.08084169775247574,0.5099753737449646,0.5434884428977966,-0.08310332149267197,Right,0.9980556964874268
5231,72,0,0.7617964148521423,0.4166507124900818,6.16198121861089e-07,0.7204796671867371,0.3740789294242859,-0.040460340678691864,0.6711684465408325,0.38314908742904663,-0.06285657733678818,0.6344911456108093,0.42805781960487366,-0.0742768719792366,0.6043642163276672,0.46082472801208496,-0.08311092108488083,0.7254177927970886,0.43595126271247864,-0.08668704330921173,0.6658446788787842,0.47733214497566223,-0.1127193346619606,0.6244093775749207,0.4814603328704834,-0.11841071397066116,0.5936210751533508,0.4770525395870209,-0.11907230317592621,0.7342821359634399,0.4819351136684418,-0.07160530239343643,0.6616859436035156,0.517177402973175,-0.09751840680837631,0.6143496632575989,0.514962911605835,-0.09944984316825867,0.5826131105422974,0.5019664168357849,-0.09872028231620789,0.730833888053894,0.5112199783325195,-0.05638241022825241,0.6666449904441833,0.5416361093521118,-0.07757288217544556,0.6231263279914856,0.5351647734642029,-0.08065304160118103,0.5939293503761292,0.5197579264640808,-0.08100029826164246,0.7224646210670471,0.5278385281562805,-0.0433378629386425,0.6747876405715942,0.5473940372467041,-0.062263209372758865,0.6420422792434692,0.5422723889350891,-0.0698390081524849,0.6170195937156677,0.5313394069671631,-0.07300466299057007,Left,0.9978131055831909
5231,72,1,0.3809059262275696,0.4168964922428131,4.0267948975269974e-08,0.416486531496048,0.37715959548950195,-0.03721342980861664,0.4666558504104614,0.3932104706764221,-0.05614543706178665,0.5044618844985962,0.4339349865913391,-0.06314383447170258,0.5357088446617126,0.457825630903244,-0.06857943534851074,0.41156795620918274,0.40997499227523804,-0.09399129450321198,0.46917086839675903,0.4453502297401428,-0.11838919669389725,0.5097182989120483,0.46339336037635803,-0.1234695315361023,0.5400397777557373,0.4747306704521179,-0.12463254481554031,0.3997696042060852,0.4557078778743744,-0.08062422275543213,0.46393147110939026,0.4955986440181732,-0.10588988661766052,0.5112597942352295,0.5054115653038025,-0.10700196027755737,0.542261004447937,0.5061411261558533,-0.10657031834125519,0.40001893043518066,0.4921189248561859,-0.06611163914203644,0.4589660167694092,0.5225578546524048,-0.08703995496034622,0.5032413005828857,0.5282270312309265,-0.08887109160423279,0.5329986810684204,0.5243494510650635,-0.08820448815822601,0.40740320086479187,0.5157027840614319,-0.05307812616229057,0.45541176199913025,0.5344765782356262,-0.07174990326166153,0.48744821548461914,0.5338095426559448,-0.07736647129058838,0.5110813975334167,0.5279279947280884,-0.07980071008205414,Right,0.998501718044281
5303,73,0,0.7585176825523376,0.41519978642463684,6.630615985159238e-07,0.718347430229187,0.37373703718185425,-0.04237974062561989,0.6707685589790344,0.3802749514579773,-0.06645800173282623,0.635178804397583,0.4240191578865051,-0.07922937721014023,0.6063481569290161,0.4578307569026947,-0.08966623246669769,0.725592315196991,0.4367181360721588,-0.09001913666725159,0.6652292609214783,0.47861936688423157,-0.11711548268795013,0.6232885122299194,0.48429232835769653,-0.12407533824443817,0.5917778015136719,0.48099586367607117,-0.12564195692539215,0.7339871525764465,0.48207199573516846,-0.07455755025148392,0.6603971123695374,0.5182929039001465,-0.10150522738695145,0.6127064228057861,0.5154051184654236,-0.10473926365375519,0.5809286236763,0.5010498762130737,-0.10498127341270447,0.7298507690429688,0.5104197263717651,-0.05882859230041504,0.664347231388092,0.5403837561607361,-0.08050709217786789,0.620323657989502,0.5327138900756836,-0.08431306481361389,0.5908134579658508,0.5159000754356384,-0.085345558822155,0.7208259701728821,0.5262123346328735,-0.04537917673587799,0.6723349690437317,0.5445873737335205,-0.06470765918493271,0.638171911239624,0.5386708974838257,-0.07265813648700714,0.6121007204055786,0.5276849269866943,-0.07615052908658981,Left,0.997433066368103
5303,73,1,0.3822687864303589,0.4149840176105499,-9.11043898099706e-08,0.41543376445770264,0.3762146532535553,-0.03188150003552437,0.4636539816856384,0.3853068947792053,-0.04908035323023796,0.49813312292099,0.4231453835964203,-0.056293170899152756,0.5164762735366821,0.4559118449687958,-0.06178507208824158,0.4123149514198303,0.41581523418426514,-0.08069009333848953,0.469328910112381,0.4519381523132324,-0.09963169693946838,0.5082463622093201,0.4672580659389496,-0.10237514972686768,0.5361405611038208,0.4775952100753784,-0.10286787152290344,0.40110889077186584,0.4602060616016388,-0.0691671073436737,0.4641241729259491,0.5009100437164307,-0.08723249286413193,0.5102295279502869,0.508936882019043,-0.08544759452342987,0.5391857028007507,0.5060895085334778,-0.08416984230279922,0.40025079250335693,0.49362167716026306,-0.05653616786003113,0.45855218172073364,0.523676872253418,-0.07086162269115448,0.5003743767738342,0.5234071612358093,-0.0694994106888771,0.5262893438339233,0.5127227902412415,-0.06802411377429962,0.40655890107154846,0.5140817165374756,-0.04548737034201622,0.4520999789237976,0.5318381786346436,-0.058469004929065704,0.48214593529701233,0.5269207954406738,-0.061690736562013626,0.5008072257041931,0.516119122505188,-0.06329537183046341,Right,0.996372640132904
5378,74,0,0.754595160484314,0.4121053218841553,6.499068945231556e-07,0.7145957350730896,0.37435290217399597,-0.042737238109111786,0.6679002046585083,0.38268280029296875,-0.06682401895523071,0.6339359879493713,0.4266749620437622,-0.07955455780029297,0.6049854755401611,0.45768773555755615,-0.09005561470985413,0.7246885895729065,0.4369622468948364,-0.08990093320608139,0.6645424962043762,0.47831425070762634,-0.1164073720574379,0.6233174204826355,0.48459187150001526,-0.12329060584306717,0.5914019346237183,0.4832879602909088,-0.1252695471048355,0.7327179312705994,0.4816664755344391,-0.07416481524705887,0.659490704536438,0.5169025659561157,-0.1005045622587204,0.6125306487083435,0.5147745609283447,-0.10383745282888412,0.5797983407974243,0.503053605556488,-0.10461656749248505,0.7279861569404602,0.5105714201927185,-0.058157362043857574,0.6630533933639526,0.5391906499862671,-0.079536572098732,0.6198802590370178,0.5316914916038513,-0.08350280672311783,0.5899599194526672,0.5162298083305359,-0.08498593419790268,0.7186863422393799,0.5274018049240112,-0.04448603838682175,0.6707936525344849,0.5448546409606934,-0.06355670839548111,0.6369455456733704,0.5388673543930054,-0.07147308439016342,0.6106919050216675,0.5286417007446289,-0.07521915435791016,Left,0.9978132843971252
5378,74,1,0.3829682469367981,0.4105558693408966,-9.050692995060672e-08,0.4190264642238617,0.3797776997089386,-0.03413042426109314,0.46667492389678955,0.3906821310520172,-0.054065898060798645,0.49997425079345703,0.4273087680339813,-0.06300269067287445,0.5217874050140381,0.45685115456581116,-0.07044998556375504,0.4081450402736664,0.4151213765144348,-0.09059172868728638,0.46564364433288574,0.45609456300735474,-0.11146913468837738,0.5028851628303528,0.4756227731704712,-0.11491534113883972,0.5305733680725098,0.49088796973228455,-0.11581575125455856,0.3938133716583252,0.45905205607414246,-0.07771710306406021,0.4604835510253906,0.5041578412055969,-0.09748106449842453,0.5045052170753479,0.5090473294258118,-0.09436482936143875,0.5300123691558838,0.5039997100830078,-0.09185370802879333,0.3922078311443329,0.4932438135147095,-0.0632195845246315,0.45422491431236267,0.5250012874603271,-0.0783691480755806,0.4920750856399536,0.5197317600250244,-0.07389918714761734,0.512293815612793,0.5065425038337708,-0.06992801278829575,0.3984892964363098,0.5153509974479675,-0.05035541579127312,0.44617581367492676,0.5340448617935181,-0.06355395913124084,0.47421038150787354,0.5240179300308228,-0.06464175879955292,0.4898393750190735,0.5100264549255371,-0.06442853063344955,Right,0.9942541122436523
5452,75,0,0.747617781162262,0.4117594361305237,6.578907232324127e-07,0.7081915140151978,0.3766476511955261,-0.04324387386441231,0.6634926795959473,0.38577547669410706,-0.06757046282291412,0.6320655345916748,0.4304344356060028,-0.08051872998476028,0.607296347618103,0.4631074070930481,-0.09108445048332214,0.719596803188324,0.4403896629810333,-0.08951229602098465,0.6621025800704956,0.48475855588912964,-0.1156633198261261,0.6219577193260193,0.49246495962142944,-0.12287172675132751,0.5897921323776245,0.49240273237228394,-0.12521839141845703,0.727853000164032,0.4855745732784271,-0.07357779890298843,0.6545079946517944,0.5219376087188721,-0.09962590038776398,0.6084094047546387,0.5194934606552124,-0.10320111364126205,0.5762635469436646,0.5077184438705444,-0.10407429933547974,0.7234108448028564,0.5158624649047852,-0.05737332999706268,0.6562030911445618,0.5411316752433777,-0.07856076955795288,0.6153053641319275,0.5296328663825989,-0.08216594159603119,0.5877242684364319,0.5119882822036743,-0.08315373212099075,0.7144415378570557,0.53425133228302,-0.043624572455883026,0.6651349663734436,0.5499560832977295,-0.06239764392375946,0.6319409012794495,0.5416219234466553,-0.06986279040575027,0.6066856384277344,0.530298113822937,-0.07305796444416046,Left,0.9974040985107422
5452,75,1,0.38327258825302124,0.4109457731246948,-1.913743261638956e-07,0.4173189699649811,0.3798167109489441,-0.03749324753880501,0.46475741267204285,0.38804155588150024,-0.06107042357325554,0.4992985129356384,0.42349642515182495,-0.07302790880203247,0.5210754871368408,0.45895859599113464,-0.08291587978601456,0.40799084305763245,0.4090152084827423,-0.09832970052957535,0.4658432900905609,0.45194971561431885,-0.12452740222215652,0.5051506757736206,0.46812841296195984,-0.13090777397155762,0.5324065685272217,0.4789501428604126,-0.13312286138534546,0.3960663378238678,0.45494845509529114,-0.08397584408521652,0.4580360949039459,0.49429401755332947,-0.10885390639305115,0.5027689933776855,0.5027382373809814,-0.10771376639604568,0.5311815142631531,0.49910974502563477,-0.10681652277708054,0.39600223302841187,0.4917643666267395,-0.06848345696926117,0.4543623626232147,0.5190237164497375,-0.08973851054906845,0.49406692385673523,0.5184871554374695,-0.08883288502693176,0.5191807150840759,0.508148729801178,-0.08717461675405502,0.4028954803943634,0.5175976157188416,-0.054411232471466064,0.44853392243385315,0.5295289158821106,-0.07210385054349899,0.47788265347480774,0.5238590836524963,-0.07680216431617737,0.4969096779823303,0.5141505002975464,-0.07932846993207932,Right,0.9940485954284668
5525,76,0,0.7460049390792847,0.4095112383365631,5.894947321394284e-07,0.7077272534370422,0.3774654269218445,-0.04361066594719887,0.6645806431770325,0.38884255290031433,-0.06729459762573242,0.6330830454826355,0.4323095977306366,-0.0795571357011795,0.6050633192062378,0.4626707434654236,-0.08872626721858978,0.7200902104377747,0.4499751627445221,-0.08505503833293915,0.6630663275718689,0.4899637699127197,-0.10919050872325897,0.6230794787406921,0.49099791049957275,-0.11491993814706802,0.5921804904937744,0.48291459679603577,-0.1167149543762207,0.7265807390213013,0.49389126896858215,-0.0687226727604866,0.6532528400421143,0.5223409533500671,-0.0927378386259079,0.60821932554245,0.5141547918319702,-0.09589939564466476,0.5772711634635925,0.4990645945072174,-0.09694923460483551,0.721355140209198,0.5218790769577026,-0.052423760294914246,0.6540108323097229,0.5425747632980347,-0.07249771058559418,0.6121430397033691,0.5301527976989746,-0.07583384960889816,0.5840098261833191,0.5126709938049316,-0.07716979831457138,0.7119498252868652,0.5379396677017212,-0.038713034242391586,0.6627552509307861,0.5507552623748779,-0.057845812290906906,0.6305997967720032,0.5403074026107788,-0.06541744619607925,0.6064138412475586,0.5278163552284241,-0.06864453107118607,Left,0.9955865740776062
5525,76,1,0.3873045742511749,0.4129451811313629,-1.3822307209920837e-07,0.42172858119010925,0.3824976086616516,-0.032796796411275864,0.4658021032810211,0.3843521773815155,-0.056324493139982224,0.4982766807079315,0.41250550746917725,-0.06985604763031006,0.5188499689102173,0.4459705948829651,-0.08204346150159836,0.41236287355422974,0.38919830322265625,-0.09532725065946579,0.4673096835613251,0.4292246401309967,-0.12383555620908737,0.5071640014648438,0.4501265287399292,-0.13180792331695557,0.5356931090354919,0.46369853615760803,-0.13453087210655212,0.39685118198394775,0.43380534648895264,-0.085440993309021,0.4573554992675781,0.47585737705230713,-0.11249221861362457,0.5042797327041626,0.4886132776737213,-0.11305075138807297,0.5345115065574646,0.489388644695282,-0.11262325197458267,0.39379245042800903,0.472682386636734,-0.07416185736656189,0.45353710651397705,0.5020214915275574,-0.09675992280244827,0.4956086575984955,0.5070785284042358,-0.09565796703100204,0.5238742828369141,0.5026867985725403,-0.09311434626579285,0.39920175075531006,0.501052975654602,-0.06388562172651291,0.44911062717437744,0.5174141526222229,-0.08076410740613937,0.48000556230545044,0.5168339014053345,-0.08271468430757523,0.5012568831443787,0.5115156173706055,-0.08302441984415054,Right,0.9923622608184814
5600,77,0,0.7486708164215088,0.4094308316707611,5.624268624160322e-07,0.7120984196662903,0.3766404986381531,-0.04575096815824509,0.6698075532913208,0.3860527575016022,-0.07044154405593872,0.637254536151886,0.4272928237915039,-0.08299823850393295,0.6107003092765808,0.45746350288391113,-0.092331163585186,0.7219187617301941,0.45542171597480774,-0.08783840388059616,0.6639629006385803,0.4898114800453186,-0.11128423362970352,0.6228311657905579,0.48979607224464417,-0.11683972179889679,0.5916603207588196,0.48213544487953186,-0.11878261715173721,0.7270094752311707,0.4985974133014679,-0.06995995342731476,0.6538621187210083,0.5219014883041382,-0.09334973990917206,0.6082836389541626,0.5110486745834351,-0.09629496186971664,0.5778585076332092,0.49528345465660095,-0.09747403115034103,0.7211269736289978,0.5256925225257874,-0.051984772086143494,0.6540512442588806,0.5415129661560059,-0.07265589386224747,0.6140430569648743,0.5256010293960571,-0.07582881301641464,0.5875640511512756,0.5068551898002625,-0.07695501297712326,0.711286187171936,0.5401042699813843,-0.036617327481508255,0.6625806093215942,0.5498223900794983,-0.05653325468301773,0.6317687034606934,0.536199152469635,-0.06407495588064194,0.6087313890457153,0.5217251181602478,-0.06717277318239212,Left,0.9952936768531799
5600,77,1,0.3794499337673187,0.4134565591812134,-2.268730270316155e-08,0.4126172661781311,0.37641042470932007,-0.031099198386073112,0.46163129806518555,0.38118377327919006,-0.051304496824741364,0.49753043055534363,0.41034528613090515,-0.061277732253074646,0.519221305847168,0.4423690438270569,-0.06980618834495544,0.40851205587387085,0.387224406003952,-0.09197025746107101,0.4658925235271454,0.43041592836380005,-0.11637528240680695,0.5049827694892883,0.4517277777194977,-0.12120748311281204,0.5319202542304993,0.4665994942188263,-0.12190257012844086,0.3935762941837311,0.43169406056404114,-0.08190546184778214,0.4575212299823761,0.47600990533828735,-0.10624700784683228,0.5044896006584167,0.48733821511268616,-0.1043822169303894,0.5336465835571289,0.4880612790584564,-0.10178961604833603,0.39196479320526123,0.47016096115112305,-0.070274218916893,0.45214900374412537,0.5027908086776733,-0.08923168480396271,0.49464142322540283,0.5069758296012878,-0.0860603004693985,0.5225735306739807,0.5016418695449829,-0.08194665610790253,0.39827239513397217,0.4976494014263153,-0.05979660153388977,0.4460788369178772,0.5155999064445496,-0.0745026171207428,0.4767856299877167,0.5135883688926697,-0.07566092908382416,0.498155415058136,0.5059384703636169,-0.07520581781864166,Right,0.9959787726402283
5675,78,0,0.7489108443260193,0.4091280400753021,5.760618932981743e-07,0.7126270532608032,0.3768099248409271,-0.046808578073978424,0.6703500747680664,0.38540393114089966,-0.07199342548847198,0.637592613697052,0.42591622471809387,-0.08465244621038437,0.6105272769927979,0.456666499376297,-0.09394718706607819,0.722455620765686,0.45493730902671814,-0.09034781903028488,0.6640737652778625,0.4892118275165558,-0.11363973468542099,0.6232306361198425,0.4888994097709656,-0.11831523478031158,0.5920929908752441,0.4815228581428528,-0.1197080984711647,0.727156937122345,0.498566210269928,-0.07191860675811768,0.6534327268600464,0.5221418738365173,-0.09594118595123291,0.6072858572006226,0.5110421180725098,-0.09869284182786942,0.5762155055999756,0.4950789213180542,-0.09963109344244003,0.7207253575325012,0.5260512828826904,-0.05329207703471184,0.6531471610069275,0.5422418117523193,-0.07455156743526459,0.6127971410751343,0.5251426696777344,-0.07775624841451645,0.5859154462814331,0.505175769329071,-0.0788368359208107,0.7104398012161255,0.5406479239463806,-0.03729213401675224,0.6611297130584717,0.5492258667945862,-0.05819767713546753,0.6300675868988037,0.5341233015060425,-0.06636448204517365,0.6068910956382751,0.5182976722717285,-0.06977883726358414,Left,0.9963849782943726
5675,78,1,0.37493768334388733,0.41555899381637573,1.2766982138145977e-07,0.4066776931285858,0.3720129728317261,-0.03187691792845726,0.45848986506462097,0.3786289095878601,-0.04955568164587021,0.49775686860084534,0.41552338004112244,-0.05661913380026817,0.5232362747192383,0.44656407833099365,-0.062249165028333664,0.40749984979629517,0.3915376663208008,-0.08824228495359421,0.4656364321708679,0.4289022386074066,-0.11165349930524826,0.5054072737693787,0.4492644965648651,-0.11697141081094742,0.5338979363441467,0.4639478027820587,-0.11821862310171127,0.3948454260826111,0.4373345375061035,-0.07740602642297745,0.4597875773906708,0.4755210876464844,-0.09990116953849792,0.5057635307312012,0.4846036434173584,-0.09862610697746277,0.535005509853363,0.4868411421775818,-0.0965135246515274,0.39338618516921997,0.47445011138916016,-0.06519864499568939,0.45348405838012695,0.5034448504447937,-0.0831124410033226,0.4953225255012512,0.5049020051956177,-0.08078420162200928,0.5218677520751953,0.49905362725257874,-0.07713235914707184,0.399018257856369,0.4991133213043213,-0.05422778055071831,0.44970157742500305,0.5151578783988953,-0.06936454027891159,0.4806455671787262,0.5105947256088257,-0.07082461565732956,0.5007686018943787,0.5016089677810669,-0.0700715109705925,Right,0.997837483882904
5749,79,0,0.7474277019500732,0.4094303250312805,5.854371352143062e-07,0.7110305428504944,0.37713751196861267,-0.04634804651141167,0.668280303478241,0.3858552873134613,-0.07119038701057434,0.6366128325462341,0.4257587492465973,-0.08350437134504318,0.6114271879196167,0.45573773980140686,-0.09246696531772614,0.7222307324409485,0.4528915584087372,-0.09033087641000748,0.6622353196144104,0.4859795570373535,-0.1142253652215004,0.620866596698761,0.4854240417480469,-0.11950334161520004,0.5897377133369446,0.4776586890220642,-0.12105327099561691,0.7279477715492249,0.4975428879261017,-0.07201028615236282,0.6524442434310913,0.5210660696029663,-0.09573101997375488,0.6063124537467957,0.5104806423187256,-0.09813541173934937,0.5752003192901611,0.49529704451560974,-0.0989249050617218,0.7217879295349121,0.5266160368919373,-0.05351267755031586,0.652282178401947,0.5419097542762756,-0.07385870069265366,0.6122267246246338,0.5258067846298218,-0.07645178586244583,0.5854150056838989,0.5072774887084961,-0.07738780975341797,0.7113757133483887,0.5428079962730408,-0.037727322429418564,0.6601778864860535,0.5505309700965881,-0.05721447616815567,0.6289957761764526,0.5358327627182007,-0.06443726271390915,0.6056522727012634,0.5211952328681946,-0.06744816154241562,Left,0.9960036873817444
5749,79,1,0.3754807710647583,0.41537246108055115,1.451187614520677e-07,0.40874868631362915,0.37209323048591614,-0.031193573027849197,0.4620826244354248,0.38078293204307556,-0.04789424687623978,0.5016801953315735,0.421095073223114,-0.05394572392106056,0.5265284776687622,0.4522514343261719,-0.058602120727300644,0.40779557824134827,0.39564359188079834,-0.08741066604852676,0.4630589783191681,0.43142515420913696,-0.1100374311208725,0.5023083090782166,0.4514325261116028,-0.1150987446308136,0.5307150483131409,0.4655819237232208,-0.11633089929819107,0.39460375905036926,0.4402715861797333,-0.07676006853580475,0.4579165577888489,0.4762384593486786,-0.09843651205301285,0.5041213035583496,0.4854359030723572,-0.09739028662443161,0.5344502925872803,0.48812252283096313,-0.09573692828416824,0.3925694227218628,0.4766111969947815,-0.06452532112598419,0.4523015022277832,0.5039647817611694,-0.08166682720184326,0.4944307804107666,0.5051008462905884,-0.07957177609205246,0.521777868270874,0.499314546585083,-0.0763392299413681,0.39735305309295654,0.5012437105178833,-0.053469084203243256,0.44877222180366516,0.5158329606056213,-0.0681983157992363,0.47993379831314087,0.5110182166099548,-0.06952682137489319,0.50041663646698,0.5026324391365051,-0.06878636032342911,Right,0.9988130927085876
5824,80,0,0.7500913739204407,0.41224220395088196,5.599185897153802e-07,0.7103579640388489,0.37998345494270325,-0.043828655034303665,0.6665844321250916,0.3858458399772644,-0.06837254762649536,0.6342015266418457,0.4236772060394287,-0.08106701821088791,0.6086137890815735,0.45302438735961914,-0.0907781794667244,0.714962363243103,0.4439493417739868,-0.08904815465211868,0.6562195420265198,0.4779083728790283,-0.11223173141479492,0.616325318813324,0.4796956181526184,-0.11675269901752472,0.5863560438156128,0.4736834764480591,-0.1176477000117302,0.7223320603370667,0.48946940898895264,-0.07193498313426971,0.6491121053695679,0.5162746906280518,-0.09455756843090057,0.6038864850997925,0.5102916955947876,-0.09655886143445969,0.5725594758987427,0.4967772364616394,-0.09723801165819168,0.7184984087944031,0.5197914838790894,-0.05436447262763977,0.6509353518486023,0.5365116596221924,-0.07316272705793381,0.6115460991859436,0.5257755517959595,-0.07577329874038696,0.584258496761322,0.5102881193161011,-0.07703268527984619,0.7101879715919495,0.5375626683235168,-0.03932777792215347,0.6601522564888,0.5462958812713623,-0.05625462532043457,0.6297175884246826,0.536014199256897,-0.06235392391681671,0.6061570644378662,0.5240468978881836,-0.06508321315050125,Left,0.996533989906311
5824,80,1,0.3739231526851654,0.41278713941574097,5.832028193708538e-08,0.4091836214065552,0.36938685178756714,-0.03241056576371193,0.46310240030288696,0.3814217448234558,-0.04849822446703911,0.5023195743560791,0.42052993178367615,-0.0539044588804245,0.5261045694351196,0.4535727798938751,-0.057639025151729584,0.4062035381793976,0.39798539876937866,-0.08443475514650345,0.4596073031425476,0.4342859387397766,-0.10511551797389984,0.49871644377708435,0.4525783956050873,-0.10821202397346497,0.5282627940177917,0.4654957354068756,-0.10854210704565048,0.39403992891311646,0.44272908568382263,-0.07303905487060547,0.4575902223587036,0.47943487763404846,-0.09370651096105576,0.503326416015625,0.486108660697937,-0.09138420224189758,0.5325842499732971,0.4860822260379791,-0.08879536390304565,0.39365920424461365,0.4791530668735504,-0.06055273488163948,0.4531746208667755,0.5074701905250549,-0.07773274183273315,0.4945947825908661,0.5076180696487427,-0.07544554024934769,0.5211142301559448,0.5003910660743713,-0.07200397551059723,0.40042605996131897,0.5039364099502563,-0.04946769401431084,0.44956716895103455,0.5207384824752808,-0.06527098268270493,0.47929221391677856,0.5142143964767456,-0.06770701706409454,0.49971455335617065,0.503517746925354,-0.06771337985992432,Right,0.9979485869407654
5899,81,0,0.7503904700279236,0.41560953855514526,5.88750822316797e-07,0.7084001302719116,0.37909242510795593,-0.040211815387010574,0.6603542566299438,0.3903329372406006,-0.06206139177083969,0.6264588236808777,0.43216273188591003,-0.07281607389450073,0.5961976647377014,0.4580424427986145,-0.08149296790361404,0.7135945558547974,0.43648165464401245,-0.0862625390291214,0.6579456329345703,0.47424930334091187,-0.11204686760902405,0.6178138256072998,0.4816182255744934,-0.11952812224626541,0.585529088973999,0.48221462965011597,-0.12236467003822327,0.7216114401817322,0.4831065833568573,-0.0712762176990509,0.6496244668960571,0.5125588774681091,-0.09554577618837357,0.6050671339035034,0.5092056393623352,-0.09841932356357574,0.5733867883682251,0.498399019241333,-0.09954839944839478,0.7174691557884216,0.5132613778114319,-0.05606517568230629,0.6508694887161255,0.5342656970024109,-0.07530222088098526,0.6090499758720398,0.5255058407783508,-0.07896999269723892,0.5797829031944275,0.5105772018432617,-0.08092426508665085,0.7092492580413818,0.5303364992141724,-0.04316957667469978,0.6591235399246216,0.5414919257164001,-0.0603829100728035,0.625785231590271,0.5333502888679504,-0.06804891675710678,0.5997366905212402,0.5225481390953064,-0.07220977544784546,Left,0.997650682926178
5899,81,1,0.37746959924697876,0.41120851039886475,7.350667630134922e-09,0.40994906425476074,0.3767372667789459,-0.033937059342861176,0.4576823115348816,0.3837958872318268,-0.05295444279909134,0.49433016777038574,0.4177491068840027,-0.06096616014838219,0.514978289604187,0.4511985778808594,-0.0669112280011177,0.40236711502075195,0.42061662673950195,-0.08880183845758438,0.4617402255535126,0.45683687925338745,-0.10765758901834488,0.5014453530311584,0.4688563644886017,-0.1078428402543068,0.5281223058700562,0.4755714535713196,-0.10566408187150955,0.39133450388908386,0.4635850489139557,-0.07549073547124863,0.46038031578063965,0.49997174739837646,-0.09489823877811432,0.5057733058929443,0.4998241364955902,-0.08936033397912979,0.5301114320755005,0.4910884499549866,-0.08395817875862122,0.3917320966720581,0.49411478638648987,-0.06075233966112137,0.4546598196029663,0.522534191608429,-0.07588713616132736,0.49357134103775024,0.514485239982605,-0.0701049342751503,0.5130357146263123,0.49846041202545166,-0.06400663405656815,0.3987346291542053,0.5110341310501099,-0.04752350598573685,0.44796237349510193,0.5312408208847046,-0.06067201867699623,0.47681644558906555,0.5215418338775635,-0.06086455285549164,0.49230408668518066,0.5061972737312317,-0.059028081595897675,Right,0.997399628162384
5973,82,0,0.7514785528182983,0.42022567987442017,5.681183665728895e-07,0.7140363454818726,0.376825213432312,-0.0380987785756588,0.6635833978652954,0.3834843039512634,-0.06030632555484772,0.624150276184082,0.42065751552581787,-0.07209112495183945,0.5904349088668823,0.44433560967445374,-0.08245696872472763,0.7085756063461304,0.42118796706199646,-0.08883841335773468,0.6561254858970642,0.45933786034584045,-0.11663278937339783,0.6147862076759338,0.47140276432037354,-0.12537214159965515,0.5820773839950562,0.4760754704475403,-0.1285824328660965,0.7151713967323303,0.4699702262878418,-0.07573377341032028,0.6483503580093384,0.5001685619354248,-0.10248571634292603,0.6022158861160278,0.5008083581924438,-0.10572117567062378,0.5706830024719238,0.49090903997421265,-0.10650179535150528,0.7111327052116394,0.5015127062797546,-0.06215318292379379,0.6499163508415222,0.5283962488174438,-0.08381776511669159,0.610109806060791,0.5220540761947632,-0.08758757263422012,0.5825139284133911,0.5077590346336365,-0.08878988772630692,0.702810525894165,0.5194346904754639,-0.05056541785597801,0.6550435423851013,0.5347461104393005,-0.06943348050117493,0.623603105545044,0.5277116894721985,-0.07712925970554352,0.5993994474411011,0.5164761543273926,-0.08092276751995087,Left,0.9975525140762329
5973,82,1,0.38942986726760864,0.4144696593284607,-1.9763594139021734e-07,0.41936472058296204,0.3829213082790375,-0.04262993484735489,0.4614347219467163,0.38683047890663147,-0.06716355681419373,0.49583348631858826,0.41971197724342346,-0.08019290119409561,0.5233538746833801,0.44971963763237,-0.09062312543392181,0.39760178327560425,0.4325839877128601,-0.09124761074781418,0.4567134380340576,0.4725411534309387,-0.11860498785972595,0.4980902373790741,0.4802616536617279,-0.12883897125720978,0.526204526424408,0.48124584555625916,-0.13334079086780548,0.3922317922115326,0.4763084650039673,-0.07444886118173599,0.45770424604415894,0.5070635676383972,-0.09750013053417206,0.5005589723587036,0.5004848837852478,-0.09762728214263916,0.5241865515708923,0.48242494463920593,-0.09773880243301392,0.3977751135826111,0.5040010213851929,-0.05779680982232094,0.4575363099575043,0.525346040725708,-0.07834124565124512,0.493743360042572,0.5121574401855469,-0.07673055678606033,0.5130391120910645,0.49157121777534485,-0.07441826909780502,0.40849316120147705,0.5207064151763916,-0.04329514876008034,0.45352277159690857,0.5324847102165222,-0.06089353933930397,0.4816337525844574,0.5192244648933411,-0.06424839049577713,0.49745482206344604,0.5019580125808716,-0.06530818343162537,Right,0.9941412210464478
6048,83,0,0.7478136420249939,0.42333248257637024,6.09754295055609e-07,0.7092727422714233,0.37499502301216125,-0.034372393041849136,0.6615134477615356,0.38729166984558105,-0.05456769838929176,0.6233975291252136,0.42364302277565,-0.06467927247285843,0.589813768863678,0.4428557753562927,-0.0738382413983345,0.7058334946632385,0.4204508662223816,-0.09029096364974976,0.6502338647842407,0.46340736746788025,-0.11753328889608383,0.6067144870758057,0.4733850359916687,-0.12386684119701385,0.5743587613105774,0.47373247146606445,-0.12417671829462051,0.7139214277267456,0.46808838844299316,-0.07763281464576721,0.6468090415000916,0.5064024925231934,-0.1035611480474472,0.5986230969429016,0.5063789486885071,-0.1043284460902214,0.5688261985778809,0.49291130900382996,-0.10230857878923416,0.7122898697853088,0.4985774755477905,-0.0637432113289833,0.6538224220275879,0.5353261828422546,-0.08318883925676346,0.6121019124984741,0.528315007686615,-0.0848444476723671,0.585364043712616,0.5109437704086304,-0.08400549739599228,0.7050904035568237,0.5158213376998901,-0.05138833448290825,0.6606010794639587,0.5418328642845154,-0.06726550310850143,0.6287311315536499,0.5363303422927856,-0.0725802332162857,0.6055244207382202,0.5230962634086609,-0.07441821694374084,Left,0.995286762714386
6048,83,1,0.38970431685447693,0.4151265621185303,-2.77178884289242e-07,0.416379451751709,0.3882772922515869,-0.04619432985782623,0.45673125982284546,0.39020538330078125,-0.07440149784088135,0.495257705450058,0.4203522205352783,-0.09025333821773529,0.5225232839584351,0.45380714535713196,-0.1035507544875145,0.3947210907936096,0.43373680114746094,-0.09558708220720291,0.4558989107608795,0.4685450494289398,-0.12316393107175827,0.49727779626846313,0.476854532957077,-0.1324494332075119,0.5256450176239014,0.47875216603279114,-0.1362960785627365,0.3904075622558594,0.477070689201355,-0.07693576067686081,0.45772653818130493,0.5042121410369873,-0.10007290542125702,0.49892473220825195,0.5008146166801453,-0.10137340426445007,0.5237119197845459,0.48594027757644653,-0.10292113572359085,0.398003488779068,0.5056387186050415,-0.05813783034682274,0.46000605821609497,0.5228227376937866,-0.08054158836603165,0.49574747681617737,0.5124393105506897,-0.08197184652090073,0.5171201229095459,0.4951399862766266,-0.08226405829191208,0.4102124571800232,0.5236382484436035,-0.04115145280957222,0.4581420421600342,0.5307180881500244,-0.06080051138997078,0.48670652508735657,0.5177328586578369,-0.06554491817951202,0.5042150616645813,0.5030432343482971,-0.06748020648956299,Right,0.9987178444862366
6123,84,0,0.74591064453125,0.4271713197231293,6.342356755340006e-07,0.7089829444885254,0.37630242109298706,-0.03709077462553978,0.6623796224594116,0.3886658847332001,-0.05834546685218811,0.6253264546394348,0.427016943693161,-0.06853453814983368,0.5941334366798401,0.4499189853668213,-0.07783367484807968,0.7082224488258362,0.424711138010025,-0.09542977809906006,0.653323233127594,0.4693387746810913,-0.12372519820928574,0.608623743057251,0.4797764718532562,-0.1301170140504837,0.5751397609710693,0.4792803227901459,-0.13027718663215637,0.7148497700691223,0.4728415906429291,-0.08117657899856567,0.6474336981773376,0.5122233629226685,-0.1084272488951683,0.5991049408912659,0.5101787447929382,-0.10933797806501389,0.569593071937561,0.4948331117630005,-0.10723814368247986,0.7117983102798462,0.5030093789100647,-0.06566792726516724,0.6525821685791016,0.5397495627403259,-0.08616968244314194,0.6101206541061401,0.5304458737373352,-0.0883437842130661,0.5833074450492859,0.5110489130020142,-0.08770305663347244,0.7038646340370178,0.5197631120681763,-0.05174288526177406,0.6596216559410095,0.5474350452423096,-0.06873270869255066,0.6262600421905518,0.5407891869544983,-0.07509137690067291,0.6019695997238159,0.5255520343780518,-0.077555812895298,Left,0.9979331493377686
6123,84,1,0.39168548583984375,0.4125922918319702,-2.960989888833865e-07,0.41929858922958374,0.3868149518966675,-0.04323409125208855,0.45898696780204773,0.39092597365379333,-0.06986507773399353,0.4946730136871338,0.42212167382240295,-0.08489256352186203,0.520284116268158,0.45533809065818787,-0.09772954136133194,0.3952275514602661,0.42518386244773865,-0.09235622733831406,0.4565127491950989,0.4628024995326996,-0.11921226978302002,0.4972580075263977,0.4751178026199341,-0.12850530445575714,0.5241910815238953,0.48103854060173035,-0.1324470490217209,0.3884407877922058,0.46775829792022705,-0.07525242120027542,0.4564261734485626,0.49853453040122986,-0.09762273728847504,0.49890661239624023,0.5001449584960938,-0.09871698915958405,0.5255041718482971,0.48941928148269653,-0.10007359832525253,0.39387086033821106,0.4973836839199066,-0.05786812677979469,0.45625823736190796,0.5186823010444641,-0.0790952667593956,0.49238696694374084,0.5124114751815796,-0.08019626885652542,0.5147455930709839,0.4984520375728607,-0.08021311461925507,0.4043380916118622,0.5167531967163086,-0.04220760613679886,0.4523518681526184,0.5259310007095337,-0.060696106404066086,0.4816747009754181,0.5168824791908264,-0.06503207981586456,0.4998956024646759,0.504823625087738,-0.06666918098926544,Right,0.9991415143013
6197,85,0,0.7506157755851746,0.42183053493499756,6.237871161829389e-07,0.712695837020874,0.3753421902656555,-0.03585263714194298,0.666063129901886,0.38549596071243286,-0.057696931064128876,0.6290168166160583,0.4214705526828766,-0.06912502646446228,0.5989648103713989,0.44777384400367737,-0.07946678251028061,0.7111778259277344,0.4247831404209137,-0.0922369435429573,0.6563857793807983,0.4667392671108246,-0.12126438319683075,0.612589418888092,0.4743703603744507,-0.1287681609392166,0.5805036425590515,0.47204092144966125,-0.12964968383312225,0.7191457152366638,0.4709849953651428,-0.07967165857553482,0.6516237258911133,0.5088465213775635,-0.10772021114826202,0.602475643157959,0.5083820819854736,-0.11021479219198227,0.5718886852264404,0.4937615394592285,-0.1092572957277298,0.7172212600708008,0.5006718635559082,-0.06604542583227158,0.6585277318954468,0.5372928380966187,-0.08726336807012558,0.6151077747344971,0.5312540531158447,-0.09073540568351746,0.5864739418029785,0.5149904489517212,-0.09099749475717545,0.7102359533309937,0.5179080963134766,-0.05394205451011658,0.6668577790260315,0.5460655093193054,-0.07125656306743622,0.6341568827629089,0.5442038774490356,-0.07807090133428574,0.6096071600914001,0.5337501168251038,-0.0809105932712555,Left,0.9979808330535889
6197,85,1,0.39048779010772705,0.4084550738334656,-3.3222735851268226e-07,0.4193883240222931,0.38213950395584106,-0.0373849980533123,0.45957064628601074,0.3877282738685608,-0.062179554253816605,0.49484220147132874,0.41981005668640137,-0.07699808478355408,0.5210256576538086,0.4518997073173523,-0.09044491499662399,0.3989998698234558,0.4066486954689026,-0.08685873448848724,0.46002423763275146,0.43832552433013916,-0.11187991499900818,0.4964478611946106,0.45499956607818604,-0.11999313533306122,0.5203668475151062,0.4678879678249359,-0.1240316778421402,0.38865017890930176,0.44916483759880066,-0.07403308153152466,0.45711010694503784,0.4830739498138428,-0.09598036110401154,0.4998212158679962,0.491086483001709,-0.09818823635578156,0.5268265604972839,0.48765307664871216,-0.10122858732938766,0.3906283974647522,0.482498437166214,-0.060385894030332565,0.45285674929618835,0.5089955925941467,-0.08123475313186646,0.4912891387939453,0.5085883736610413,-0.08379875868558884,0.5152695775032043,0.499269962310791,-0.08554438501596451,0.39897671341896057,0.5072721838951111,-0.04807883873581886,0.447050541639328,0.5218778252601624,-0.06613455712795258,0.47670120000839233,0.5179524421691895,-0.07111357897520065,0.49517178535461426,0.5088522434234619,-0.07402373850345612,Right,0.9995018243789673
6271,86,0,0.7555511593818665,0.42490318417549133,6.194932780090312e-07,0.719070553779602,0.3752061724662781,-0.0352553129196167,0.6714370250701904,0.3822767436504364,-0.05654401332139969,0.6322789788246155,0.41780903935432434,-0.0680508092045784,0.6003552079200745,0.4451366364955902,-0.07829134166240692,0.7137628793716431,0.4212827682495117,-0.08785755187273026,0.6572052836418152,0.46198534965515137,-0.11567574739456177,0.6139910817146301,0.470557302236557,-0.12277909368276596,0.5820528268814087,0.4700721800327301,-0.12357639521360397,0.7212079167366028,0.4682823419570923,-0.07583341002464294,0.6515626907348633,0.5055902600288391,-0.10204128175973892,0.6029102802276611,0.5050726532936096,-0.10365664213895798,0.5723620653152466,0.4911613166332245,-0.10223870724439621,0.7191274166107178,0.4984907805919647,-0.06296002119779587,0.6576111912727356,0.53328537940979,-0.08300603181123734,0.6160423159599304,0.5259785056114197,-0.08492951840162277,0.589438796043396,0.5093644261360168,-0.08415207266807556,0.7120659351348877,0.5157585740089417,-0.051769234240055084,0.6655784249305725,0.5411134958267212,-0.06802823394536972,0.6335647702217102,0.5365307927131653,-0.07325345277786255,0.6108426451683044,0.5244404077529907,-0.074925497174263,Left,0.996657133102417
6271,86,1,0.3897626996040344,0.4054587483406067,-3.2012411566029186e-07,0.4200218617916107,0.38132068514823914,-0.03479120507836342,0.4591987133026123,0.386553555727005,-0.05870022624731064,0.4920300245285034,0.417089581489563,-0.07386214286088943,0.5178585052490234,0.44870612025260925,-0.08773039281368256,0.4002911448478699,0.40370556712150574,-0.08204760402441025,0.45848971605300903,0.43773555755615234,-0.10920288413763046,0.496275395154953,0.45637670159339905,-0.11929099261760712,0.5221854448318481,0.46880707144737244,-0.12409601360559464,0.3881162703037262,0.4449125826358795,-0.07140659540891647,0.45447447896003723,0.4806394875049591,-0.09538839757442474,0.49866101145744324,0.48976007103919983,-0.09893931448459625,0.526758074760437,0.48642992973327637,-0.1020999327301979,0.38779571652412415,0.47692814469337463,-0.06035035103559494,0.44793573021888733,0.5058315396308899,-0.08318176120519638,0.487302303314209,0.5066362619400024,-0.08589103072881699,0.5115704536437988,0.4982432723045349,-0.086640864610672,0.3945285677909851,0.5005155801773071,-0.05049455165863037,0.44183269143104553,0.518351137638092,-0.06869059056043625,0.4721151888370514,0.5161526799201965,-0.07282339036464691,0.4903925955295563,0.5078964233398438,-0.07472851127386093,Right,0.9993581175804138
6345,87,0,0.7534391283988953,0.4237252473831177,6.170318442855205e-07,0.7179413437843323,0.37325629591941833,-0.03811405226588249,0.6700097322463989,0.3850596249103546,-0.06088589131832123,0.6293752193450928,0.42213988304138184,-0.07254116982221603,0.5947157740592957,0.44458261132240295,-0.08333512395620346,0.7140589356422424,0.42090702056884766,-0.0979926586151123,0.6584076881408691,0.46121105551719666,-0.12791407108306885,0.6151902675628662,0.4675796329975128,-0.13597044348716736,0.5831845998764038,0.46515601873397827,-0.1374712735414505,0.7213529348373413,0.4680401682853699,-0.08454591780900955,0.6531938314437866,0.5043634176254272,-0.11317571997642517,0.6033217310905457,0.5019904971122742,-0.11514171212911606,0.5724093317985535,0.48714959621429443,-0.11397894471883774,0.7187706232070923,0.49754801392555237,-0.07001955062150955,0.6574819087982178,0.5329400897026062,-0.09225122630596161,0.6124999523162842,0.5249752998352051,-0.09540493786334991,0.5828000903129578,0.5078522562980652,-0.09551525115966797,0.7114221453666687,0.5140551328659058,-0.057106297463178635,0.6655120253562927,0.5404267311096191,-0.07548262178897858,0.6326433420181274,0.535854697227478,-0.08223064988851547,0.608355700969696,0.5241510272026062,-0.08507795631885529,Left,0.9951830506324768
6345,87,1,0.3878498673439026,0.4037584960460663,-3.143684921269596e-07,0.41607969999313354,0.37617576122283936,-0.03549131006002426,0.4560999572277069,0.38196861743927,-0.05906211957335472,0.49034446477890015,0.4138152301311493,-0.0730847716331482,0.5158102512359619,0.44610458612442017,-0.08582063019275665,0.3988467752933502,0.39921295642852783,-0.08632655441761017,0.459666907787323,0.4288468360900879,-0.11191684007644653,0.49536895751953125,0.4460136592388153,-0.11976949870586395,0.5190233588218689,0.45987236499786377,-0.12335619330406189,0.38746240735054016,0.4423779547214508,-0.07485589385032654,0.4558144807815552,0.47609585523605347,-0.09770277887582779,0.49963587522506714,0.48501431941986084,-0.09975510090589523,0.5274364948272705,0.48158007860183716,-0.10216545313596725,0.38794857263565063,0.47596126794815063,-0.06257002800703049,0.4499051570892334,0.5020678639411926,-0.08481548726558685,0.4893766939640045,0.5023764967918396,-0.08725805580615997,0.5136923789978027,0.49336472153663635,-0.08811906725168228,0.39549437165260315,0.5002763867378235,-0.05137002840638161,0.4424894154071808,0.5160290598869324,-0.06952766329050064,0.47242167592048645,0.5129373669624329,-0.07371914386749268,0.49069035053253174,0.5036759376525879,-0.07579915970563889,Right,0.9995371699333191
6419,88,0,0.7521175742149353,0.4230147898197174,6.300001018644252e-07,0.7159664630889893,0.373407244682312,-0.03631877526640892,0.6676942706108093,0.3867877721786499,-0.05709442123770714,0.6278615593910217,0.4255986213684082,-0.06739795953035355,0.594220757484436,0.44932493567466736,-0.07681810855865479,0.7143725752830505,0.42528533935546875,-0.09192091971635818,0.6572745442390442,0.46211308240890503,-0.12022263556718826,0.6134306788444519,0.46708542108535767,-0.12741507589817047,0.5816633105278015,0.4630633592605591,-0.12833166122436523,0.7214065790176392,0.4719436764717102,-0.07885096967220306,0.6522911190986633,0.5066238641738892,-0.105799101293087,0.6019486784934998,0.5035938620567322,-0.10756942629814148,0.5707055330276489,0.48775404691696167,-0.10626479983329773,0.718364953994751,0.5002301931381226,-0.06482058018445969,0.6579917669296265,0.5346820950508118,-0.08606233447790146,0.6136327385902405,0.5262964963912964,-0.08931779116392136,0.5847352147102356,0.5083993673324585,-0.0894603282213211,0.7102846503257751,0.5152908563613892,-0.05230560898780823,0.6649399399757385,0.5406532883644104,-0.0699375793337822,0.6324148178100586,0.5356078743934631,-0.07645886391401291,0.6085352897644043,0.5232585668563843,-0.07909007370471954,Left,0.9945411086082458
6419,88,1,0.3900277018547058,0.40745076537132263,-2.8319749389993376e-07,0.41938266158103943,0.38072824478149414,-0.03249353915452957,0.4587686359882355,0.3863632380962372,-0.0547463484108448,0.4918863773345947,0.41576191782951355,-0.06910086423158646,0.5177085399627686,0.445873498916626,-0.08240291476249695,0.4032500982284546,0.3938139081001282,-0.07933002710342407,0.4564761817455292,0.42843326926231384,-0.10808439552783966,0.4932298958301544,0.45151761174201965,-0.11958590149879456,0.5200215578079224,0.46692726016044617,-0.1250937134027481,0.3900045156478882,0.4349019527435303,-0.07068399339914322,0.45072680711746216,0.4718165099620819,-0.09593673795461655,0.4957001209259033,0.48479965329170227,-0.09998606145381927,0.525407075881958,0.48327305912971497,-0.10296787321567535,0.3874722123146057,0.46838700771331787,-0.061924125999212265,0.4435902535915375,0.4985805153846741,-0.0864594578742981,0.4854728877544403,0.50299471616745,-0.08951448649168015,0.5125667452812195,0.49670955538749695,-0.08975569158792496,0.3927324116230011,0.4937223792076111,-0.05427529290318489,0.435565710067749,0.5144847631454468,-0.07295931130647659,0.46640124917030334,0.5150712132453918,-0.07676175981760025,0.48664578795433044,0.507818341255188,-0.07825436443090439,Right,0.9987707734107971
6492,89,0,0.7530444264411926,0.42409831285476685,6.474071483353327e-07,0.7176782488822937,0.3746209740638733,-0.03630216047167778,0.6714884042739868,0.381675124168396,-0.05732440575957298,0.6344156861305237,0.4193475842475891,-0.06834779679775238,0.6048206686973572,0.4485201835632324,-0.07815936207771301,0.7170705795288086,0.4302927851676941,-0.0872470960021019,0.6568574905395508,0.46280550956726074,-0.11471513658761978,0.6138160824775696,0.4665438234806061,-0.12229650467634201,0.5821115374565125,0.4625509977340698,-0.12385166436433792,0.7224369645118713,0.4770456552505493,-0.0745236873626709,0.6514566540718079,0.5066072940826416,-0.10041962563991547,0.602088451385498,0.5016406774520874,-0.10283001512289047,0.5703327059745789,0.4855327904224396,-0.10232783854007721,0.7184136509895325,0.5056127905845642,-0.06108466908335686,0.656012237071991,0.5345344543457031,-0.08193573355674744,0.6134570240974426,0.523894190788269,-0.08544913679361343,0.5857033133506775,0.5054715871810913,-0.08598178625106812,0.7094014883041382,0.5209776759147644,-0.04930675029754639,0.6632579565048218,0.5400145649909973,-0.06720069795846939,0.6316012740135193,0.5315508246421814,-0.0738842561841011,0.608875036239624,0.5173695087432861,-0.07657121866941452,Left,0.9966788291931152
6492,89,1,0.3867312967777252,0.40529564023017883,-2.758162338523107e-07,0.4162554144859314,0.3779639005661011,-0.03368278965353966,0.4581681191921234,0.38217586278915405,-0.05654756352305412,0.4922182559967041,0.4126100242137909,-0.0706760510802269,0.5185341835021973,0.44447019696235657,-0.0829693153500557,0.4003775417804718,0.402996301651001,-0.08112319558858871,0.4554838538169861,0.44255828857421875,-0.10992661863565445,0.4944732189178467,0.4598451256752014,-0.12093821913003922,0.5214794278144836,0.4697633385658264,-0.125401109457016,0.3899071216583252,0.44456738233566284,-0.07012031227350235,0.4504976272583008,0.4800523817539215,-0.09436377882957458,0.4950142204761505,0.48850634694099426,-0.09584515541791916,0.5221571326255798,0.4840756952762604,-0.09654136747121811,0.38991230726242065,0.4758976697921753,-0.0590285062789917,0.4461885094642639,0.5024257302284241,-0.08189517259597778,0.48689737915992737,0.5032632946968079,-0.08244109153747559,0.5115710496902466,0.4956243336200714,-0.08086180686950684,0.39656969904899597,0.4982726573944092,-0.04912608489394188,0.43997883796691895,0.5156631469726562,-0.06585720926523209,0.47021472454071045,0.5127652883529663,-0.06797702610492706,0.4886894226074219,0.5047715902328491,-0.06803938746452332,Right,0.9985518455505371
6565,90,0,0.7554547786712646,0.4265299141407013,6.398626624104509e-07,0.7224723100662231,0.37743842601776123,-0.0382862463593483,0.6769986152648926,0.3765491545200348,-0.06090879812836647,0.6408219337463379,0.4128430485725403,-0.0730181336402893,0.6172976493835449,0.4488159418106079,-0.08358154445886612,0.7175183892250061,0.4297802150249481,-0.09031988680362701,0.6558488011360168,0.4595734477043152,-0.1185263842344284,0.6135051250457764,0.4634566307067871,-0.12739120423793793,0.581413209438324,0.46121230721473694,-0.13011208176612854,0.7218157052993774,0.4773208498954773,-0.0769401267170906,0.6492289900779724,0.5025061368942261,-0.10279859602451324,0.6013802289962769,0.49911490082740784,-0.10579589754343033,0.569353461265564,0.48618942499160767,-0.10624482482671738,0.7165313959121704,0.5071398615837097,-0.0628703385591507,0.6517787575721741,0.5278757810592651,-0.0829303115606308,0.6098283529281616,0.5197507739067078,-0.08649425953626633,0.5810369849205017,0.5047460794448853,-0.08772492408752441,0.7066680788993835,0.523408055305481,-0.05081436410546303,0.6581874489784241,0.5354264378547668,-0.067691870033741,0.6267095804214478,0.5266040563583374,-0.0742219090461731,0.603313684463501,0.5132939219474792,-0.07724883407354355,Left,0.9969173073768616
6565,90,1,0.38363325595855713,0.40602147579193115,-2.5822649263318453e-07,0.41215741634368896,0.37735217809677124,-0.03307196870446205,0.45433497428894043,0.3778945803642273,-0.05592520162463188,0.4879636764526367,0.4062981605529785,-0.06995312869548798,0.5120988488197327,0.43926316499710083,-0.08209183812141418,0.3979687988758087,0.4020084738731384,-0.082533098757267,0.4532504081726074,0.4393760561943054,-0.11174328625202179,0.4924766421318054,0.45610547065734863,-0.12295582890510559,0.519946813583374,0.4652118384838104,-0.12744668126106262,0.3887505531311035,0.44516029953956604,-0.07139222323894501,0.4492999017238617,0.4784022271633148,-0.09588313847780228,0.49387550354003906,0.4857502579689026,-0.09718789160251617,0.5208317041397095,0.47992897033691406,-0.0977272167801857,0.3896511197090149,0.47687995433807373,-0.05994848161935806,0.4465457499027252,0.501329779624939,-0.08274566382169724,0.48723939061164856,0.5003975629806519,-0.08313833177089691,0.5116385221481323,0.49087440967559814,-0.08143869042396545,0.3971417546272278,0.4987236261367798,-0.04959974065423012,0.44061043858528137,0.5142875909805298,-0.0663037896156311,0.47038719058036804,0.5098041892051697,-0.06858278065919876,0.48811888694763184,0.500575840473175,-0.06876029074192047,Right,0.9981423616409302
6641,91,0,0.7558307647705078,0.42601752281188965,6.500715130641765e-07,0.7222213745117188,0.37319034337997437,-0.03755916282534599,0.6756587028503418,0.3690471947193146,-0.0607159361243248,0.6401697397232056,0.40316274762153625,-0.07363568246364594,0.6193699836730957,0.43772879242897034,-0.0853307917714119,0.7172465324401855,0.4166713356971741,-0.09399399906396866,0.6539089679718018,0.44699934124946594,-0.123313307762146,0.6115178465843201,0.45163875818252563,-0.1321999430656433,0.5806474685668945,0.4501301348209381,-0.13454113900661469,0.7224953770637512,0.46505701541900635,-0.0817083790898323,0.6489332914352417,0.49385738372802734,-0.10849691182374954,0.5992077589035034,0.4924417734146118,-0.11148806661367416,0.5670725107192993,0.48019853234291077,-0.1118546798825264,0.7181872129440308,0.49589288234710693,-0.06847444176673889,0.652006983757019,0.5222249031066895,-0.08950826525688171,0.6103036403656006,0.5141162872314453,-0.09328567236661911,0.5832746028900146,0.4989214837551117,-0.09441419690847397,0.7086170315742493,0.5131821632385254,-0.057002756744623184,0.6575325727462769,0.5280311107635498,-0.07443426549434662,0.6261922121047974,0.5186111927032471,-0.08065279573202133,0.6045483946800232,0.5049247145652771,-0.08336891978979111,Left,0.9961307644844055
6641,91,1,0.38109472393989563,0.40558987855911255,-2.1729631782818615e-07,0.40782469511032104,0.375139057636261,-0.036700572818517685,0.4504522383213043,0.37374940514564514,-0.06128173694014549,0.48556995391845703,0.3997156322002411,-0.07585927844047546,0.5088355541229248,0.4329133927822113,-0.08859388530254364,0.3925591707229614,0.3951418101787567,-0.09137041866779327,0.4485569894313812,0.4302678406238556,-0.12189462780952454,0.4887832701206207,0.44777047634124756,-0.13345545530319214,0.5175626277923584,0.4585531949996948,-0.13849325478076935,0.3830481171607971,0.43887805938720703,-0.07890955358743668,0.4439436197280884,0.4725809395313263,-0.1058129072189331,0.49038469791412354,0.48100268840789795,-0.1080477386713028,0.52005535364151,0.4756825566291809,-0.1092086136341095,0.3841674327850342,0.4720822870731354,-0.0658787414431572,0.4412952661514282,0.4956744909286499,-0.09038139879703522,0.4840547442436218,0.49680519104003906,-0.09128841757774353,0.5113306641578674,0.4874507784843445,-0.09001176059246063,0.39223259687423706,0.4954048693180084,-0.054148077964782715,0.436168372631073,0.5091718435287476,-0.07274875789880753,0.46635672450065613,0.5048233866691589,-0.07588904350996017,0.4854905605316162,0.4952274262905121,-0.07670912146568298,Right,0.9983953833580017
6716,92,0,0.7507262229919434,0.42524176836013794,6.573221753569669e-07,0.720466136932373,0.37206751108169556,-0.036425113677978516,0.6747780442237854,0.36987340450286865,-0.05900829657912254,0.6397101283073425,0.4023042619228363,-0.07110478729009628,0.6180780529975891,0.4350104033946991,-0.08240453153848648,0.7157294154167175,0.41753196716308594,-0.09566318988800049,0.6532960534095764,0.44682395458221436,-0.12462634593248367,0.6091517806053162,0.4508598744869232,-0.132642462849617,0.5768696069717407,0.4474917948246002,-0.13395535945892334,0.7207284569740295,0.4652330279350281,-0.08327611535787582,0.6487967371940613,0.49464380741119385,-0.10982012748718262,0.598919689655304,0.49130091071128845,-0.11178533732891083,0.5674272179603577,0.4779602289199829,-0.11094252020120621,0.7164671421051025,0.49513325095176697,-0.06954744458198547,0.6514648795127869,0.5244011282920837,-0.08968386054039001,0.608558714389801,0.5145232081413269,-0.09242423623800278,0.5808557271957397,0.49837905168533325,-0.09258684515953064,0.7073566913604736,0.5109142065048218,-0.057384196668863297,0.6580027341842651,0.531146764755249,-0.07312709093093872,0.6268094182014465,0.5230688452720642,-0.07810145616531372,0.6052470803260803,0.510208249092102,-0.08000519871711731,Left,0.9945939183235168
6716,92,1,0.3792923092842102,0.4007471203804016,-2.584436344932328e-07,0.4084998369216919,0.3710278272628784,-0.035910576581954956,0.4512253999710083,0.3704330027103424,-0.05988920107483864,0.48525387048721313,0.399627149105072,-0.0745825543999672,0.5079871416091919,0.43591973185539246,-0.08706030249595642,0.3928360641002655,0.39406901597976685,-0.086062490940094,0.44802314043045044,0.4317127764225006,-0.11605195701122284,0.4881654381752014,0.448789119720459,-0.1269872784614563,0.5161058902740479,0.45809224247932434,-0.13144363462924957,0.3833704888820648,0.4369811415672302,-0.07431768625974655,0.4432413578033447,0.4715389311313629,-0.10056339204311371,0.4893936216831207,0.4804178774356842,-0.102626733481884,0.5181945562362671,0.4757221043109894,-0.1036972776055336,0.3841691017150879,0.46936842799186707,-0.06250490993261337,0.4397847652435303,0.49522295594215393,-0.08714180439710617,0.48248520493507385,0.49594685435295105,-0.08853872120380402,0.5093523263931274,0.48747748136520386,-0.08742395043373108,0.39117899537086487,0.49197202920913696,-0.05199410766363144,0.43483781814575195,0.5084960460662842,-0.07062005251646042,0.4662846326828003,0.5050610303878784,-0.07423557341098785,0.4863137900829315,0.4959756135940552,-0.07528676092624664,Right,0.9986300468444824
6791,93,0,0.7515812516212463,0.4273989796638489,6.623710646636027e-07,0.7192193269729614,0.37446606159210205,-0.0371188260614872,0.6720026135444641,0.3807299733161926,-0.05839613825082779,0.6335144639015198,0.4180397391319275,-0.06942518055438995,0.6038177013397217,0.4465620517730713,-0.07948880642652512,0.7181109189987183,0.4293305575847626,-0.09059538692235947,0.65480637550354,0.4568139910697937,-0.11908358335494995,0.610317051410675,0.45959436893463135,-0.12708237767219543,0.5783424973487854,0.4561394155025482,-0.1287800520658493,0.7231210470199585,0.476924329996109,-0.07768135517835617,0.6510671377182007,0.5039976835250854,-0.10444407165050507,0.6010820865631104,0.4972924590110779,-0.10671871155500412,0.5698039531707764,0.48063796758651733,-0.10602718591690063,0.7180275321006775,0.5052382946014404,-0.0639946386218071,0.6535886526107788,0.5327733755111694,-0.08515102416276932,0.609008252620697,0.5199771523475647,-0.08828247338533401,0.5804049968719482,0.49986183643341064,-0.08848785609006882,0.7074859738349915,0.5202437043190002,-0.052033353596925735,0.6590545177459717,0.5390111207962036,-0.06941638141870499,0.6252801418304443,0.5290001034736633,-0.07558827102184296,0.6010347008705139,0.5136033296585083,-0.07805681973695755,Left,0.9969728589057922
6791,93,1,0.3810155689716339,0.3999139368534088,-1.9245534588208102e-07,0.4102950990200043,0.37164127826690674,-0.03651159256696701,0.4520728290081024,0.36840853095054626,-0.06261619180440903,0.4854419231414795,0.39305827021598816,-0.07868007570505142,0.5045308470726013,0.4273427128791809,-0.09256301820278168,0.3998984694480896,0.3837049603462219,-0.09593784809112549,0.45293760299682617,0.4224718511104584,-0.1279524862766266,0.49001652002334595,0.44098523259162903,-0.1383121907711029,0.5162653923034668,0.45306554436683655,-0.14199844002723694,0.3891793191432953,0.42777806520462036,-0.08419298380613327,0.44601598381996155,0.4653606712818146,-0.112714484333992,0.48979651927948,0.4764975607395172,-0.1131405383348465,0.5179479718208313,0.47419992089271545,-0.11247309297323227,0.38810375332832336,0.4633113145828247,-0.07203245908021927,0.4424857497215271,0.48846718668937683,-0.09764526784420013,0.48375946283340454,0.49188441038131714,-0.0980965793132782,0.5114650726318359,0.48659414052963257,-0.09628076106309891,0.3935776948928833,0.48874610662460327,-0.061122793704271317,0.4368845522403717,0.5022397637367249,-0.08032059669494629,0.4674665033817291,0.501099705696106,-0.08419691026210785,0.4892391264438629,0.4950620234012604,-0.08553941547870636,Right,0.998374879360199
6867,94,0,0.7594873309135437,0.4223891496658325,6.19153979641851e-07,0.7263795733451843,0.3723312020301819,-0.03704563155770302,0.6793574094772339,0.369458943605423,-0.05857701599597931,0.6417495012283325,0.40608781576156616,-0.07035399228334427,0.6158560514450073,0.44032177329063416,-0.08059076219797134,0.7199802398681641,0.41883108019828796,-0.08564726263284683,0.6539864540100098,0.4474542438983917,-0.11311684548854828,0.6116185188293457,0.45266038179397583,-0.12144582718610764,0.5800491571426392,0.45288392901420593,-0.12363669276237488,0.7237035036087036,0.46799319982528687,-0.07306308299303055,0.6500253677368164,0.4945060908794403,-0.09799326956272125,0.6023114919662476,0.4938909411430359,-0.10073848813772202,0.5703088045120239,0.48236966133117676,-0.10084038972854614,0.718169629573822,0.4984320104122162,-0.06001903489232063,0.653064489364624,0.5210734605789185,-0.07946871221065521,0.6124915480613708,0.5147183537483215,-0.08283863216638565,0.5849209427833557,0.49993038177490234,-0.08367638289928436,0.7078239917755127,0.5145679712295532,-0.04896552860736847,0.6581088304519653,0.5283635854721069,-0.06532492488622665,0.6265256404876709,0.5200940370559692,-0.07123738527297974,0.6034196615219116,0.5060833096504211,-0.07360653579235077,Left,0.9981871247291565
6867,94,1,0.37161773443222046,0.40255028009414673,-1.491587795499072e-07,0.40437594056129456,0.36902251839637756,-0.03413676470518112,0.44940510392189026,0.3688912093639374,-0.055285703390836716,0.48330286145210266,0.3977349102497101,-0.06644775718450546,0.5021140575408936,0.43142157793045044,-0.07540061324834824,0.39549440145492554,0.39905548095703125,-0.08464312553405762,0.44730865955352783,0.43375876545906067,-0.10834554582834244,0.48573359847068787,0.44955581426620483,-0.11408127844333649,0.5142467617988586,0.46064525842666626,-0.11614874750375748,0.3861633837223053,0.4434780776500702,-0.07224701344966888,0.44597959518432617,0.4758029878139496,-0.09378623962402344,0.49034374952316284,0.48312121629714966,-0.09227144718170166,0.5184789896011353,0.4791352450847626,-0.09107251465320587,0.38714319467544556,0.47668272256851196,-0.05931568145751953,0.4438820481300354,0.498919814825058,-0.07866225391626358,0.48462599515914917,0.4969060719013214,-0.07790165394544601,0.5115146636962891,0.4863627552986145,-0.07603553682565689,0.3945513963699341,0.4980170726776123,-0.047822337597608566,0.43877923488616943,0.510350227355957,-0.06383204460144043,0.46853259205818176,0.5028806328773499,-0.06767208129167557,0.4888419806957245,0.49061793088912964,-0.06931719928979874,Right,0.9963071346282959
6941,95,0,0.7540256977081299,0.4237191677093506,6.449266152230848e-07,0.7226117253303528,0.37039080262184143,-0.036331966519355774,0.6757540702819824,0.3673768639564514,-0.05836715176701546,0.6384696364402771,0.40103885531425476,-0.06999070197343826,0.6154433488845825,0.4334697425365448,-0.080629363656044,0.7141528129577637,0.41740891337394714,-0.09318709373474121,0.6490017771720886,0.44437965750694275,-0.12047325819730759,0.605579674243927,0.4495830833911896,-0.12778210639953613,0.5739951133728027,0.44892066717147827,-0.12900368869304657,0.7193242311477661,0.46482810378074646,-0.0805189460515976,0.645584762096405,0.4907344877719879,-0.1052766814827919,0.5970731973648071,0.48727571964263916,-0.1062571108341217,0.5664517283439636,0.47482162714004517,-0.10507407039403915,0.7157837152481079,0.4940875172615051,-0.06656736135482788,0.649264395236969,0.5197349786758423,-0.08517251163721085,0.6077456474304199,0.5093966722488403,-0.08686450123786926,0.5813663601875305,0.4930325150489807,-0.08663509041070938,0.7076358199119568,0.5093799233436584,-0.05435476079583168,0.6560636758804321,0.5264525413513184,-0.06914849579334259,0.6253426671028137,0.5159860253334045,-0.07339444011449814,0.6052126884460449,0.5006551742553711,-0.07484927773475647,Left,0.9940716028213501
6941,95,1,0.3692563772201538,0.398185133934021,-1.449958233479265e-07,0.4013465642929077,0.3642655611038208,-0.035955868661403656,0.4484314024448395,0.3666205108165741,-0.05795861408114433,0.48570600152015686,0.3968394994735718,-0.06891906261444092,0.5079778432846069,0.430683970451355,-0.07774638384580612,0.39270415902137756,0.389403760433197,-0.09193684905767441,0.44612759351730347,0.4238593876361847,-0.11624143272638321,0.4849987328052521,0.4394257068634033,-0.12140407413244247,0.513630211353302,0.4499722421169281,-0.12311062961816788,0.383234441280365,0.43389374017715454,-0.0786297470331192,0.4434371888637543,0.46617263555526733,-0.10217704623937607,0.48734182119369507,0.473563015460968,-0.10048601776361465,0.515570878982544,0.4696808159351349,-0.09902834892272949,0.38480353355407715,0.46878156065940857,-0.06443208456039429,0.4425643980503082,0.48930442333221436,-0.08520190417766571,0.4818166196346283,0.4884219169616699,-0.08382999897003174,0.5081996321678162,0.4780903160572052,-0.08140647411346436,0.3925732374191284,0.4919528365135193,-0.05163998529314995,0.4383618235588074,0.5023982524871826,-0.06886645406484604,0.46685323119163513,0.4975823760032654,-0.07279027998447418,0.48677781224250793,0.48800793290138245,-0.07454141974449158,Right,0.9948172569274902
7014,96,0,0.7516411542892456,0.42208579182624817,6.591090482288564e-07,0.7198960185050964,0.3694394826889038,-0.035730376839637756,0.6735368371009827,0.36762577295303345,-0.057905398309230804,0.6384735703468323,0.4015936553478241,-0.06963415443897247,0.6152113676071167,0.43205660581588745,-0.0804722011089325,0.7152969837188721,0.4158228933811188,-0.09472119063138962,0.6488896012306213,0.44251763820648193,-0.12318671494722366,0.6050958037376404,0.4476003646850586,-0.13065072894096375,0.5735279321670532,0.4465070068836212,-0.13176004588603973,0.7208456993103027,0.4634489119052887,-0.08240126818418503,0.6455385684967041,0.48840010166168213,-0.1084178015589714,0.5968158841133118,0.48521801829338074,-0.10981494933366776,0.566109836101532,0.4730061888694763,-0.10875938087701797,0.7164743542671204,0.4930914044380188,-0.06866283714771271,0.6486009955406189,0.5166800022125244,-0.08785387128591537,0.6066194176673889,0.507003664970398,-0.08953911811113358,0.5794799327850342,0.49178770184516907,-0.08933758735656738,0.7069239616394043,0.5089930295944214,-0.056533195078372955,0.6556553840637207,0.5234846472740173,-0.07137960195541382,0.6252461671829224,0.5135018825531006,-0.0755339190363884,0.6045491695404053,0.5001650452613831,-0.0770183652639389,Left,0.9955422878265381
7014,96,1,0.36967164278030396,0.398466557264328,-1.0623571711221302e-07,0.4017146825790405,0.36333179473876953,-0.03539962321519852,0.448326975107193,0.3643749952316284,-0.05734648555517197,0.48442715406417847,0.3930289149284363,-0.0683647096157074,0.5077928304672241,0.4249900281429291,-0.07767913490533829,0.3953126072883606,0.3838675618171692,-0.09350939840078354,0.4476644992828369,0.41598883271217346,-0.11763622611761093,0.4855259954929352,0.43434885144233704,-0.1228206679224968,0.5134930610656738,0.44947439432144165,-0.12467508018016815,0.3838197886943817,0.42755362391471863,-0.08104582875967026,0.4445039629936218,0.46166151762008667,-0.10435561835765839,0.48902449011802673,0.47075513005256653,-0.10257690399885178,0.5171105861663818,0.46880221366882324,-0.10107564926147461,0.38397520780563354,0.4634937047958374,-0.06751229614019394,0.4413950741291046,0.48480239510536194,-0.087474025785923,0.48179343342781067,0.4853445887565613,-0.0860721617937088,0.5086368322372437,0.4766468405723572,-0.08381596207618713,0.3907402753829956,0.4877941310405731,-0.05540601909160614,0.43623852729797363,0.4990740120410919,-0.07168444991111755,0.4656298756599426,0.49405980110168457,-0.0750221535563469,0.48572367429733276,0.48382920026779175,-0.07659383118152618,Right,0.9971041679382324
7086,97,0,0.7537301778793335,0.41869252920150757,6.526429388031829e-07,0.7220887541770935,0.3674757778644562,-0.03730054944753647,0.67638099193573,0.3657841086387634,-0.060926444828510284,0.639904260635376,0.39818572998046875,-0.07395438104867935,0.6146205067634583,0.42739683389663696,-0.08599648624658585,0.7178431153297424,0.40879255533218384,-0.09765056520700455,0.6520923376083374,0.43851253390312195,-0.12750306725502014,0.6083577871322632,0.44553908705711365,-0.13594502210617065,0.5767349004745483,0.44679901003837585,-0.13785795867443085,0.7228003740310669,0.45637306571006775,-0.08529861271381378,0.6492149829864502,0.48387423157691956,-0.11305767297744751,0.6000478267669678,0.4839823842048645,-0.11534398794174194,0.5682727694511414,0.47415435314178467,-0.11498075723648071,0.718100368976593,0.48691239953041077,-0.07167890667915344,0.6515597105026245,0.5110001564025879,-0.09228039532899857,0.6099138855934143,0.5035876035690308,-0.09451768547296524,0.5823702812194824,0.48957645893096924,-0.09466981142759323,0.7082647681236267,0.5042674541473389,-0.059817131608724594,0.6586976051330566,0.5195987820625305,-0.07589057087898254,0.6278802156448364,0.5116139054298401,-0.08091595768928528,0.6060903668403625,0.4989362955093384,-0.08300717175006866,Left,0.9959700107574463
7086,97,1,0.36219239234924316,0.3989971876144409,-6.719424305856592e-08,0.396494060754776,0.3623005151748657,-0.032977040857076645,0.446591854095459,0.36866331100463867,-0.05245508253574371,0.4840269386768341,0.4003375470638275,-0.06119869276881218,0.5059759616851807,0.4334564805030823,-0.06793343275785446,0.3936745226383209,0.38964658975601196,-0.08944886177778244,0.4487764537334442,0.42922428250312805,-0.11159884184598923,0.4862431585788727,0.44664713740348816,-0.11463653296232224,0.5129107236862183,0.4584029018878937,-0.11445686966180801,0.3808344602584839,0.43383994698524475,-0.07736483961343765,0.44331181049346924,0.47278183698654175,-0.09824635833501816,0.4869629740715027,0.47992199659347534,-0.09352853149175644,0.5129463076591492,0.4763190746307373,-0.08920758962631226,0.380252480506897,0.46824052929878235,-0.064183808863163,0.4390779137611389,0.4954541325569153,-0.08146479725837708,0.47812071442604065,0.49451392889022827,-0.07604450732469559,0.5020797252655029,0.48410695791244507,-0.07035289704799652,0.38691556453704834,0.48970577120780945,-0.05245664343237877,0.4345076382160187,0.5070849061012268,-0.06759817153215408,0.4638168215751648,0.502135157585144,-0.06880775839090347,0.48286357522010803,0.49063488841056824,-0.06784921139478683,Right,0.9965014457702637
7159,98,0,0.7521240711212158,0.4229905903339386,6.50593221962481e-07,0.7216697931289673,0.3683832287788391,-0.037553127855062485,0.6744539141654968,0.3670743703842163,-0.060429494827985764,0.6393862366676331,0.4017554521560669,-0.07234924286603928,0.6179436445236206,0.43603813648223877,-0.0836809054017067,0.7175599336624146,0.41005057096481323,-0.09864989668130875,0.6516188383102417,0.44139331579208374,-0.12776213884353638,0.607154130935669,0.4493272602558136,-0.13536280393600464,0.5747228860855103,0.4514842629432678,-0.1366390734910965,0.7232912182807922,0.4575263261795044,-0.08578428626060486,0.6505118012428284,0.48731982707977295,-0.11282380670309067,0.6016693115234375,0.48703667521476746,-0.1146443784236908,0.5700965523719788,0.4787101149559021,-0.11388804018497467,0.7191528081893921,0.48772868514060974,-0.07151108980178833,0.653915524482727,0.5156512260437012,-0.09172656387090683,0.611178994178772,0.5087065100669861,-0.09395868331193924,0.5826085805892944,0.49690768122673035,-0.09411852061748505,0.7093489170074463,0.5048580765724182,-0.058905892074108124,0.6602033376693726,0.524323582649231,-0.07474793493747711,0.6287431120872498,0.5179857015609741,-0.07974184304475784,0.6062094569206238,0.5078849196434021,-0.08195394277572632,Left,0.9970632195472717
7159,98,1,0.36468610167503357,0.4009708762168884,-4.295114663932509e-08,0.3969300091266632,0.3642713725566864,-0.03317444026470184,0.4463302493095398,0.369870662689209,-0.052384186536073685,0.4833792746067047,0.39945217967033386,-0.06087114289402962,0.5053657293319702,0.43166831135749817,-0.06745732575654984,0.3943921625614166,0.387193500995636,-0.08908902108669281,0.4497184753417969,0.42713549733161926,-0.11059362441301346,0.4885818362236023,0.44346699118614197,-0.1129046082496643,0.5163267254829407,0.45514941215515137,-0.11229697614908218,0.381788432598114,0.4313216209411621,-0.07691056281328201,0.44488513469696045,0.470847487449646,-0.09854722023010254,0.49028968811035156,0.47819697856903076,-0.09483938664197922,0.5181346535682678,0.4764688313007355,-0.09098482131958008,0.38123875856399536,0.46701690554618835,-0.06351583451032639,0.44031089544296265,0.4957119822502136,-0.08139706403017044,0.4808790385723114,0.49570155143737793,-0.07729342579841614,0.5066502690315247,0.4871947765350342,-0.07228963077068329,0.38769182562828064,0.4901237487792969,-0.05149606987833977,0.4357200562953949,0.5085521936416626,-0.06661539524793625,0.4648143947124481,0.5039096474647522,-0.06807247549295425,0.4837853014469147,0.49310004711151123,-0.06737393140792847,Right,0.995665967464447
7232,99,0,0.7530203461647034,0.4202929735183716,6.571535777766258e-07,0.7219893336296082,0.3690017759799957,-0.03495175018906593,0.6776355504989624,0.3667614459991455,-0.05813107267022133,0.6442264318466187,0.3970246911048889,-0.07105768471956253,0.6267428994178772,0.4316774606704712,-0.08375681936740875,0.7186038494110107,0.40921899676322937,-0.09776929765939713,0.6540476679801941,0.44051069021224976,-0.12746722996234894,0.6099434494972229,0.4485151767730713,-0.1357811838388443,0.5775792598724365,0.451215535402298,-0.13727052509784698,0.7250508666038513,0.45536619424819946,-0.08629219233989716,0.6528921127319336,0.48620420694351196,-0.11401281505823135,0.6038013100624084,0.4865400195121765,-0.11646927148103714,0.5717684030532837,0.4789273142814636,-0.11591721326112747,0.7217872142791748,0.4861462116241455,-0.07306088507175446,0.6568973064422607,0.5154009461402893,-0.09307330846786499,0.6146565079689026,0.5088818669319153,-0.09521828591823578,0.586518406867981,0.4975166320800781,-0.09510514885187149,0.7124732732772827,0.5042324066162109,-0.06128634139895439,0.663321316242218,0.5248197317123413,-0.07604855298995972,0.6318165063858032,0.5185633897781372,-0.08021866530179977,0.6098045110702515,0.5077816247940063,-0.08182153850793839,Left,0.9982541799545288
7232,99,1,0.36749956011772156,0.3952122628688812,-5.900064792285775e-08,0.3998859226703644,0.35595589876174927,-0.032467156648635864,0.4492451250553131,0.36389273405075073,-0.05136313661932945,0.4850747585296631,0.3989170789718628,-0.059187449514865875,0.5041799545288086,0.4321838617324829,-0.06480822712182999,0.39258694648742676,0.3918270468711853,-0.09116879105567932,0.4516514539718628,0.43003639578819275,-0.11051849275827408,0.4918025732040405,0.4420975148677826,-0.109913669526577,0.520519495010376,0.4484979510307312,-0.1074276715517044,0.3817596733570099,0.4350450336933136,-0.07893411815166473,0.44966989755630493,0.4744081199169159,-0.09917479753494263,0.49431100487709045,0.4767090380191803,-0.09297338128089905,0.5200105905532837,0.47059357166290283,-0.08736811578273773,0.3829066753387451,0.46848392486572266,-0.06510379910469055,0.4447552561759949,0.49800044298171997,-0.08125517517328262,0.4845404624938965,0.49326083064079285,-0.07509037852287292,0.5086464881896973,0.48076483607292175,-0.06894458830356598,0.39126652479171753,0.48890775442123413,-0.05262690782546997,0.43939095735549927,0.5093120336532593,-0.06679240614175797,0.4693087637424469,0.5034489631652832,-0.06770335137844086,0.48872992396354675,0.49171286821365356,-0.06670305877923965,Right,0.9965833425521851
7305,100,0,0.754187285900116,0.42384403944015503,6.402497092494741e-07,0.7216650247573853,0.37414002418518066,-0.03476819396018982,0.6757442355155945,0.37308308482170105,-0.05709339305758476,0.6429246664047241,0.40549060702323914,-0.06900990754365921,0.6249828338623047,0.4395757019519806,-0.08050765097141266,0.7178975939750671,0.40885546803474426,-0.09574893862009048,0.6518661975860596,0.4424245059490204,-0.1240856721997261,0.6087160110473633,0.4543352425098419,-0.13138870894908905,0.5767114758491516,0.4611915647983551,-0.132503941655159,0.726184070110321,0.45487937331199646,-0.08407311141490936,0.6545329093933105,0.4880688786506653,-0.11079980432987213,0.6068931818008423,0.49421969056129456,-0.11307002604007721,0.5743563771247864,0.49240589141845703,-0.11261020600795746,0.7242465019226074,0.4865238666534424,-0.07070199400186539,0.6597816348075867,0.5141478776931763,-0.09004399180412292,0.6181500554084778,0.5132260918617249,-0.09220318496227264,0.588883638381958,0.5079047083854675,-0.0923406258225441,0.715747594833374,0.5061897039413452,-0.05877162143588066,0.667552649974823,0.5253833532333374,-0.07309455424547195,0.6361476182937622,0.5232564210891724,-0.07747141271829605,0.6125971674919128,0.5181369781494141,-0.07946519553661346,Left,0.9987179040908813
7305,100,1,0.3691194951534271,0.4001599848270416,-9.336572048823655e-08,0.4062599241733551,0.3674010932445526,-0.03171796351671219,0.4566861093044281,0.3767809569835663,-0.05039667338132858,0.4914189875125885,0.4118495583534241,-0.058481596410274506,0.5130773186683655,0.4458790719509125,-0.06348679214715958,0.409801185131073,0.4041058421134949,-0.08571222424507141,0.4671419858932495,0.45452582836151123,-0.1026008278131485,0.5035317540168762,0.46790608763694763,-0.09843224287033081,0.525579035282135,0.4710511565208435,-0.09263984113931656,0.39350607991218567,0.4445149302482605,-0.07310362905263901,0.45789626240730286,0.4952678084373474,-0.09071364998817444,0.4992119371891022,0.4990546703338623,-0.08213827013969421,0.5214731693267822,0.48992201685905457,-0.07440774887800217,0.38906410336494446,0.476226270198822,-0.059202890843153,0.4477503299713135,0.5177050828933716,-0.07324600964784622,0.48606038093566895,0.5154488682746887,-0.0652463287115097,0.5083106756210327,0.5023669004440308,-0.057833947241306305,0.39156755805015564,0.4969572126865387,-0.04664820432662964,0.438260018825531,0.5255089402198792,-0.059804487973451614,0.4686482548713684,0.5233855247497559,-0.06022152677178383,0.48855745792388916,0.5137655138969421,-0.05851446092128754,Right,0.993788480758667
7379,101,0,0.7521557807922363,0.4239905774593353,6.355203936436737e-07,0.720961332321167,0.3739383816719055,-0.034394681453704834,0.6760446429252625,0.374934583902359,-0.056692276149988174,0.6442164778709412,0.4085765480995178,-0.06859920918941498,0.6246170401573181,0.44030889868736267,-0.08019666373729706,0.7185513973236084,0.40698277950286865,-0.09678209573030472,0.6541548371315002,0.4416373372077942,-0.12496256083250046,0.6117357611656189,0.4535132944583893,-0.1318068951368332,0.5798989534378052,0.4600812792778015,-0.1325966864824295,0.727567195892334,0.4530523717403412,-0.08538539707660675,0.6559556126594543,0.48611539602279663,-0.112128846347332,0.6080876588821411,0.49264854192733765,-0.11454437673091888,0.5752960443496704,0.4915596544742584,-0.11418799310922623,0.7262752056121826,0.48518258333206177,-0.0720880851149559,0.6615949273109436,0.5138436555862427,-0.09163495898246765,0.6199702024459839,0.5130881071090698,-0.09431883692741394,0.5909184813499451,0.5076571702957153,-0.09474296122789383,0.718605637550354,0.5058170557022095,-0.0600915364921093,0.6699773669242859,0.5258786678314209,-0.07446768879890442,0.6388477087020874,0.5235673189163208,-0.07917714864015579,0.6154904365539551,0.5178804397583008,-0.08143612742424011,Left,0.9981476664543152
7379,101,1,0.37060803174972534,0.4089352488517761,5.439302697141102e-08,0.41094017028808594,0.3743818402290344,-0.025102118030190468,0.46215566992759705,0.3862612843513489,-0.039215054363012314,0.4964677691459656,0.4255332946777344,-0.044878989458084106,0.5202136039733887,0.45888668298721313,-0.04802916571497917,0.42829036712646484,0.4210929274559021,-0.0659232884645462,0.484027624130249,0.47716376185417175,-0.081623375415802,0.5183738470077515,0.49611416459083557,-0.08066413551568985,0.5392394065856934,0.50335693359375,-0.07636899501085281,0.4094584882259369,0.4603736400604248,-0.056528665125370026,0.47005951404571533,0.5141708254814148,-0.07124721258878708,0.5063210725784302,0.5193183422088623,-0.06303399801254272,0.5233486294746399,0.511601448059082,-0.05395334213972092,0.40087971091270447,0.4907950162887573,-0.046600617468357086,0.456484854221344,0.5367003083229065,-0.05661608651280403,0.4892575740814209,0.5366588234901428,-0.046688295900821686,0.5050809383392334,0.5258737802505493,-0.036742277443408966,0.3988651931285858,0.5120513439178467,-0.038103941828012466,0.4437359869480133,0.5459800958633423,-0.04649380221962929,0.47162166237831116,0.5474883913993835,-0.04319125413894653,0.48788732290267944,0.5408914089202881,-0.037714362144470215,Right,0.9973724484443665
7452,102,0,0.758514404296875,0.4288359582424164,6.553805178555194e-07,0.7257868051528931,0.37541699409484863,-0.035219550132751465,0.6810946464538574,0.3808741569519043,-0.057525329291820526,0.6482241153717041,0.41641032695770264,-0.0692438930273056,0.6287674307823181,0.45080772042274475,-0.08070114254951477,0.7253069281578064,0.4172777533531189,-0.09777021408081055,0.6642633676528931,0.45198267698287964,-0.12660185992717743,0.6212006211280823,0.4640766680240631,-0.13364118337631226,0.5892218351364136,0.4687863886356354,-0.13440842926502228,0.7347145676612854,0.4639025330543518,-0.08583758026361465,0.6654108762741089,0.4980786442756653,-0.1136292889714241,0.6166342496871948,0.5039411783218384,-0.11623823642730713,0.5832486748695374,0.5005240440368652,-0.11560329049825668,0.7332255244255066,0.49524611234664917,-0.0720655769109726,0.6692070960998535,0.5256980061531067,-0.09315839409828186,0.624924898147583,0.5240355730056763,-0.09682302922010422,0.5940347909927368,0.5164054036140442,-0.09738782048225403,0.7247585654258728,0.5135874152183533,-0.059449099004268646,0.6756519079208374,0.5339062213897705,-0.07516425102949142,0.6419222950935364,0.5319740176200867,-0.08084272593259811,0.6163033246994019,0.5255410671234131,-0.08344222605228424,Left,0.9984062314033508
7452,102,1,0.37594401836395264,0.4097781181335449,1.2534819404663722e-07,0.41944620013237,0.3749527335166931,-0.017720453441143036,0.4715239703655243,0.3890655040740967,-0.030713627114892006,0.5032118558883667,0.430770605802536,-0.03700416162610054,0.5209863185882568,0.4677353501319885,-0.04145141690969467,0.4396187365055084,0.4084998369216919,-0.06493733823299408,0.4960102438926697,0.47078466415405273,-0.08296393603086472,0.5269478559494019,0.4954025149345398,-0.08324455469846725,0.5430542826652527,0.504669725894928,-0.0787556990981102,0.41963350772857666,0.4499162435531616,-0.05934266000986099,0.4821842610836029,0.5091562271118164,-0.07555560022592545,0.5136297941207886,0.5177434682846069,-0.06683612614870071,0.5237517952919006,0.5080875158309937,-0.056472886353731155,0.40742459893226624,0.4853494465351105,-0.05225129798054695,0.4673222005367279,0.5359047651290894,-0.062270402908325195,0.4977948069572449,0.5387753248214722,-0.04926060512661934,0.5096993446350098,0.5260093808174133,-0.036388952285051346,0.4022010564804077,0.5112168788909912,-0.045994825661182404,0.4500353932380676,0.5497522950172424,-0.053619805723428726,0.47696298360824585,0.55275958776474,-0.04730812460184097,0.491048663854599,0.5429128408432007,-0.03888237848877907,Right,0.9921846389770508
7526,103,0,0.7637385725975037,0.4299100935459137,6.750185548298759e-07,0.7292291522026062,0.379292756319046,-0.03588877245783806,0.6833698749542236,0.38326358795166016,-0.05833856388926506,0.6502661108970642,0.42004871368408203,-0.07029729336500168,0.6323108673095703,0.45941802859306335,-0.08152752369642258,0.7307376861572266,0.4238412380218506,-0.09494680166244507,0.6678182482719421,0.4605380594730377,-0.12377673387527466,0.6235089898109436,0.47043222188949585,-0.13121318817138672,0.590718150138855,0.47296714782714844,-0.13211755454540253,0.7400091886520386,0.47014373540878296,-0.08293677866458893,0.6688399910926819,0.5062317848205566,-0.10961262136697769,0.6196888089179993,0.50920569896698,-0.11113125830888748,0.587355375289917,0.5018301606178284,-0.10987583547830582,0.7376533150672913,0.5003591179847717,-0.06960120052099228,0.6723503470420837,0.5334852933883667,-0.08972427248954773,0.6276125311851501,0.5300260782241821,-0.09170626848936081,0.5974234938621521,0.5198656320571899,-0.09134717285633087,0.7283782958984375,0.5180033445358276,-0.0577876977622509,0.6791979074478149,0.5401493310928345,-0.07313842326402664,0.6453677415847778,0.5366572737693787,-0.07775168120861053,0.6207101345062256,0.5283956527709961,-0.07948977500200272,Left,0.9984487295150757
7526,103,1,0.3859092891216278,0.3925520181655884,2.6218791049359425e-07,0.43308842182159424,0.36805465817451477,-0.013482303358614445,0.4840927720069885,0.3869403600692749,-0.026519186794757843,0.514036238193512,0.43063533306121826,-0.03452160581946373,0.5278218984603882,0.46818357706069946,-0.04068697988986969,0.4545038044452667,0.38653692603111267,-0.05877618119120598,0.4984952211380005,0.4528000056743622,-0.07820985466241837,0.524307370185852,0.4817253351211548,-0.08182653039693832,0.5363754630088806,0.49328821897506714,-0.07960990071296692,0.42971229553222656,0.4191915690898895,-0.05713094398379326,0.4801156520843506,0.491410493850708,-0.07406435161828995,0.5101847052574158,0.5100122094154358,-0.06858660280704498,0.519318163394928,0.5043303966522217,-0.06102645397186279,0.41164812445640564,0.45119959115982056,-0.05388154461979866,0.4599740505218506,0.5137664675712585,-0.06390910595655441,0.4906115233898163,0.5272936820983887,-0.053977299481630325,0.5029967427253723,0.5179946422576904,-0.043713293969631195,0.40103620290756226,0.47973203659057617,-0.051290690898895264,0.44308140873908997,0.5295243263244629,-0.058489106595516205,0.4698421359062195,0.5401859879493713,-0.05308940261602402,0.48468443751335144,0.5327798128128052,-0.045739609748125076,Right,0.993436872959137
7601,104,0,0.7730000615119934,0.42527133226394653,6.690563054689846e-07,0.7387589812278748,0.3769160807132721,-0.03622719645500183,0.6919068694114685,0.3760131895542145,-0.05907497927546501,0.6552638411521912,0.412556529045105,-0.0718078464269638,0.6352622509002686,0.4513333737850189,-0.0834423303604126,0.7385602593421936,0.4197678864002228,-0.09200455248355865,0.672866940498352,0.4576708972454071,-0.1212431862950325,0.6285027861595154,0.46735119819641113,-0.12961219251155853,0.5960751175880432,0.4700849950313568,-0.13117794692516327,0.745993971824646,0.4668980836868286,-0.0801193118095398,0.672066867351532,0.5027428269386292,-0.10657580941915512,0.6228404641151428,0.5060281753540039,-0.10860743373632431,0.5906948447227478,0.49696704745292664,-0.1078658401966095,0.7422472238540649,0.49752870202064514,-0.0672646313905716,0.6773834824562073,0.5276215076446533,-0.08666227012872696,0.6349790692329407,0.5241445302963257,-0.08835416287183762,0.6064949035644531,0.5123528838157654,-0.08807461708784103,0.7326606512069702,0.5157051682472229,-0.056236132979393005,0.6851046085357666,0.5349888801574707,-0.07101257890462875,0.6531508564949036,0.5303455591201782,-0.07519159466028214,0.6295432448387146,0.5202021598815918,-0.07664816826581955,Left,0.9983629584312439
7601,104,1,0.385808527469635,0.39953407645225525,2.4244116048066644e-07,0.4308486878871918,0.36378413438796997,-0.014168786816298962,0.48563721776008606,0.37444332242012024,-0.026414701715111732,0.5176576972007751,0.4163961112499237,-0.032631728798151016,0.5284727215766907,0.4573826491832733,-0.03658405318856239,0.4517553448677063,0.3994199335575104,-0.061416883021593094,0.5019447207450867,0.4661496579647064,-0.0796871930360794,0.5326154828071594,0.48218536376953125,-0.08091224730014801,0.5445232391357422,0.47938409447669983,-0.07595092058181763,0.4309706687927246,0.4404312074184418,-0.05704784765839577,0.489011287689209,0.505615770816803,-0.07297345250844955,0.522432267665863,0.5100566744804382,-0.06375190615653992,0.5292127132415771,0.49367237091064453,-0.051907867193222046,0.4170023202896118,0.4744108021259308,-0.05061884596943855,0.47190046310424805,0.5276604890823364,-0.05923708900809288,0.5032723546028137,0.5276193618774414,-0.044415801763534546,0.5122374892234802,0.5103724002838135,-0.029199229553341866,0.4098895788192749,0.5000609159469604,-0.044753801077604294,0.4580135941505432,0.540585994720459,-0.050358328968286514,0.48549070954322815,0.5418184995651245,-0.041403818875551224,0.4965408444404602,0.5283428430557251,-0.030043311417102814,Right,0.9935696125030518
7672,105,0,0.7668740749359131,0.4268531799316406,6.618390671064844e-07,0.7354572415351868,0.3760811388492584,-0.03744780644774437,0.6893462538719177,0.3742424249649048,-0.06072090193629265,0.6540905833244324,0.4088800549507141,-0.07346212863922119,0.6340869069099426,0.4459470808506012,-0.08534734696149826,0.7353993654251099,0.41945740580558777,-0.09574966132640839,0.6710062623023987,0.4519864618778229,-0.12445063143968582,0.6277153491973877,0.4631272554397583,-0.1323731541633606,0.5959739089012146,0.46830984950065613,-0.13402913510799408,0.7433977723121643,0.4665585458278656,-0.08346114307641983,0.6703916788101196,0.4999048709869385,-0.10937784612178802,0.6218622922897339,0.5047900080680847,-0.11140330135822296,0.5900567173957825,0.49892979860305786,-0.11118898540735245,0.7399308681488037,0.49698489904403687,-0.0700056403875351,0.6732272505760193,0.5259553790092468,-0.0899001806974411,0.6287622451782227,0.5233561396598816,-0.09282737970352173,0.5983783602714539,0.5140889286994934,-0.09376373142004013,0.7301864624023438,0.5148447751998901,-0.05825764313340187,0.6796520948410034,0.5329971313476562,-0.07428648322820663,0.6468967199325562,0.5286048054695129,-0.07981656491756439,0.6231834888458252,0.5199569463729858,-0.08248379081487656,Left,0.9977448582649231
7672,105,1,0.38306868076324463,0.4103619456291199,9.600415751265245e-08,0.42548438906669617,0.3710439205169678,-0.02048356831073761,0.4751638174057007,0.38140586018562317,-0.03417842835187912,0.5098187923431396,0.42326197028160095,-0.04022110626101494,0.5271245837211609,0.46419113874435425,-0.0430699847638607,0.4418962001800537,0.4253977835178375,-0.06677598506212234,0.5014171600341797,0.48033979535102844,-0.0798533484339714,0.5334441661834717,0.4921434819698334,-0.07331392914056778,0.5441545248031616,0.4884028434753418,-0.06351837515830994,0.4239468574523926,0.4657862186431885,-0.05870835855603218,0.4892828166484833,0.5176517963409424,-0.07244027405977249,0.5221805572509766,0.5168067216873169,-0.05980595946311951,0.5290489792823792,0.5010575652122498,-0.046109434217214584,0.41474202275276184,0.49718305468559265,-0.04901653900742531,0.47532930970191956,0.5396767258644104,-0.057035863399505615,0.5061642527580261,0.5348057150840759,-0.0425754189491272,0.5148366689682007,0.5193091630935669,-0.028583597391843796,0.41137659549713135,0.5192786455154419,-0.04029671475291252,0.45974376797676086,0.5523322820663452,-0.0461944080889225,0.4870813190937042,0.5490849018096924,-0.03927766904234886,0.49890273809432983,0.5352917909622192,-0.03030392713844776,Right,0.9972450733184814
7746,106,0,0.7700191736221313,0.42400240898132324,6.757312007721339e-07,0.7368660569190979,0.3741931617259979,-0.03738362342119217,0.6891764402389526,0.3712165355682373,-0.060432277619838715,0.6530714631080627,0.40667492151260376,-0.07302224636077881,0.6336037516593933,0.4449576139450073,-0.08450154215097427,0.7367584109306335,0.41362422704696655,-0.09491544216871262,0.6714333295822144,0.4488816559314728,-0.12340226024389267,0.6277683973312378,0.45956045389175415,-0.13086804747581482,0.5956472158432007,0.4635471701622009,-0.13205790519714355,0.7440268993377686,0.46215346455574036,-0.08239316940307617,0.6695752739906311,0.4956546723842621,-0.10807512700557709,0.6203752756118774,0.4985977113246918,-0.10931757837533951,0.588126540184021,0.4896582067012787,-0.10835115611553192,0.7399189472198486,0.49330800771713257,-0.06872222572565079,0.6725380420684814,0.520958662033081,-0.08768972009420395,0.6298881769180298,0.516011655330658,-0.08911390602588654,0.601431667804718,0.5033572316169739,-0.08885057270526886,0.7298634648323059,0.511387288570404,-0.05693567544221878,0.6792871952056885,0.5284895896911621,-0.0714002475142479,0.647013783454895,0.5217703580856323,-0.07550903409719467,0.623945951461792,0.5099561214447021,-0.07706194370985031,Left,0.9979175329208374
7746,106,1,0.381355345249176,0.39611104130744934,3.8117207168397726e-08,0.42377591133117676,0.361970454454422,-0.015948472544550896,0.47635024785995483,0.37012624740600586,-0.029039453715085983,0.5108466148376465,0.40829670429229736,-0.03578726947307587,0.5257904529571533,0.44897741079330444,-0.039383284747600555,0.44396600127220154,0.3931063413619995,-0.06299230456352234,0.5013763308525085,0.4520811140537262,-0.08011497557163239,0.5299267172813416,0.473450630903244,-0.0762215331196785,0.5384562015533447,0.4738107919692993,-0.06722262501716614,0.4248235821723938,0.4336642324924469,-0.05801030993461609,0.48886141180992126,0.4900995194911957,-0.07420974224805832,0.5182620286941528,0.5016514658927917,-0.06322460621595383,0.5247799754142761,0.4917529821395874,-0.05021290108561516,0.41342252492904663,0.4700484275817871,-0.05155499279499054,0.4749288856983185,0.5178397297859192,-0.062465064227581024,0.5024362206459045,0.5223954916000366,-0.047565922141075134,0.5108813047409058,0.5109411478042603,-0.03220989182591438,0.40842950344085693,0.497561514377594,-0.04562228173017502,0.45700395107269287,0.5358870625495911,-0.053372807800769806,0.48078760504722595,0.5382212996482849,-0.04560093581676483,0.4911787807941437,0.527734100818634,-0.03528480604290962,Right,0.9941196441650391
7820,107,0,0.7708690762519836,0.4216979444026947,6.627967081840325e-07,0.7395974397659302,0.36800622940063477,-0.03712853789329529,0.6912944912910461,0.3652907609939575,-0.059620488435029984,0.6523919105529785,0.39799776673316956,-0.07149912416934967,0.6279875040054321,0.43143194913864136,-0.08235373347997665,0.7345626950263977,0.40853527188301086,-0.09375488758087158,0.6690319776535034,0.43834006786346436,-0.12163727730512619,0.6246611475944519,0.4487234652042389,-0.12917648255825043,0.5917698740959167,0.45304474234580994,-0.13054998219013214,0.7418676018714905,0.45640379190444946,-0.08120175451040268,0.6661809682846069,0.4863666296005249,-0.10653182119131088,0.6171735525131226,0.4892679452896118,-0.10803483426570892,0.5847976207733154,0.4819314479827881,-0.10721717774868011,0.7376799583435059,0.48661696910858154,-0.0674041211605072,0.6674840450286865,0.5102086663246155,-0.08644672483205795,0.6249025464057922,0.5049832463264465,-0.08775865286588669,0.596894383430481,0.4937010407447815,-0.08731337636709213,0.7274488806724548,0.5043404698371887,-0.05543900653719902,0.6741717457771301,0.5190706253051758,-0.0700690746307373,0.642457902431488,0.510964572429657,-0.07386036962270737,0.6203206777572632,0.4987979829311371,-0.07516742497682571,Left,0.9979923963546753
7820,107,1,0.3791912794113159,0.39881837368011475,1.196045786855393e-07,0.419000506401062,0.3568442463874817,-0.021418897435069084,0.47159022092819214,0.3636317849159241,-0.036058444529771805,0.5060948133468628,0.40232205390930176,-0.04278412088751793,0.5201252102851868,0.44338226318359375,-0.046936895698308945,0.43537676334381104,0.4034694731235504,-0.07161999493837357,0.49479514360427856,0.4598088264465332,-0.08945907652378082,0.5276198983192444,0.472878634929657,-0.08776892721652985,0.5415797829627991,0.47184696793556213,-0.08142132312059402,0.41930079460144043,0.44609248638153076,-0.06355926394462585,0.4871211647987366,0.49929848313331604,-0.08171383291482925,0.5206161737442017,0.49767839908599854,-0.07243215292692184,0.5281810760498047,0.48100346326828003,-0.060723960399627686,0.4112989008426666,0.4796799123287201,-0.053779877722263336,0.47381922602653503,0.5232308506965637,-0.0645265281200409,0.5042544603347778,0.5180010199546814,-0.05171336606144905,0.5133343935012817,0.501704752445221,-0.03834015130996704,0.4084775745868683,0.5023429989814758,-0.04499213770031929,0.4575415551662445,0.5368303656578064,-0.051887642592191696,0.48466357588768005,0.5355718731880188,-0.04570549726486206,0.4965521991252899,0.5229175686836243,-0.03728703409433365,Right,0.9967754483222961
7890,108,0,0.7626140713691711,0.4212593138217926,6.512675554404268e-07,0.7317099571228027,0.36904463171958923,-0.03668363019824028,0.6854431629180908,0.36794203519821167,-0.05968434736132622,0.6487908363342285,0.4003044664859772,-0.07193910330533981,0.6276586651802063,0.4356786608695984,-0.08371523767709732,0.7287956476211548,0.4071550965309143,-0.09924011677503586,0.664303183555603,0.44030117988586426,-0.1281031370162964,0.62148517370224,0.45087650418281555,-0.13545064628124237,0.5899216532707214,0.45632660388946533,-0.13664862513542175,0.736649751663208,0.4551514983177185,-0.08692464977502823,0.6639227867126465,0.4865837097167969,-0.11402440816164017,0.6152336597442627,0.491215318441391,-0.11607596278190613,0.5828970074653625,0.4875234365463257,-0.11563102900981903,0.734332799911499,0.4870741069316864,-0.07297191768884659,0.6685859560966492,0.5138683915138245,-0.09303155541419983,0.6262298822402954,0.5108293294906616,-0.09541231393814087,0.597262442111969,0.502750039100647,-0.09581490606069565,0.7252887487411499,0.5059930086135864,-0.060607317835092545,0.675406813621521,0.5231008529663086,-0.07621346414089203,0.6438369154930115,0.5176880955696106,-0.08118461072444916,0.6208480000495911,0.5089883208274841,-0.0834939107298851,Left,0.9971976280212402
7890,108,1,0.3787992000579834,0.3894732594490051,9.643982679108376e-08,0.42375633120536804,0.35308098793029785,-0.016081249341368675,0.4765359163284302,0.3657628297805786,-0.028753671795129776,0.5090433955192566,0.40915629267692566,-0.03531099855899811,0.5228483080863953,0.4507238268852234,-0.039465781301259995,0.44200819730758667,0.38825270533561707,-0.06099803373217583,0.49603980779647827,0.453340083360672,-0.07878267765045166,0.5258073806762695,0.4723687767982483,-0.07745477557182312,0.5378444194793701,0.47381317615509033,-0.07067660987377167,0.42084693908691406,0.4280828833580017,-0.05626910924911499,0.48294854164123535,0.49186772108078003,-0.07307875901460648,0.5143997669219971,0.5019752979278564,-0.06377419829368591,0.5229510068893433,0.4919916093349457,-0.0518503300845623,0.4084019064903259,0.4622151851654053,-0.05018463358283043,0.46880677342414856,0.5145668387413025,-0.06077297404408455,0.49886322021484375,0.5188173651695251,-0.047518979758024216,0.5098621249198914,0.5074496865272522,-0.03344011679291725,0.4032645523548126,0.4879818558692932,-0.044713929295539856,0.4519753158092499,0.5278892517089844,-0.051621317863464355,0.4784316420555115,0.5317962169647217,-0.04451478272676468,0.4915734529495239,0.5227604508399963,-0.03500368818640709,Right,0.9955348372459412
7962,109,0,0.7631781101226807,0.4211169183254242,6.600282631552545e-07,0.7307199835777283,0.36876046657562256,-0.035525523126125336,0.6827865839004517,0.3693448007106781,-0.05702662840485573,0.6476157903671265,0.403691828250885,-0.06806252151727676,0.6276062726974487,0.4384317994117737,-0.07850752025842667,0.7287020087242126,0.40786099433898926,-0.09370824694633484,0.664776623249054,0.43970987200737,-0.12200326472520828,0.6205162405967712,0.4497939646244049,-0.1296415776014328,0.5876924991607666,0.45410460233688354,-0.13105390965938568,0.7369813919067383,0.4558185040950775,-0.08185408264398575,0.6652758121490479,0.4864579439163208,-0.10769227892160416,0.6166412830352783,0.4890960156917572,-0.10948922485113144,0.5841805934906006,0.4831743538379669,-0.10888055711984634,0.7345147132873535,0.4873296022415161,-0.06866622716188431,0.6680963635444641,0.5142082571983337,-0.08810863643884659,0.6247103810310364,0.5088136196136475,-0.0902353972196579,0.5953644514083862,0.4986906945705414,-0.0903722420334816,0.725111722946167,0.5060161352157593,-0.05705172196030617,0.6745721697807312,0.5218607187271118,-0.07215152680873871,0.642697274684906,0.5159703493118286,-0.07678362727165222,0.6195768117904663,0.507811427116394,-0.07880374044179916,Left,0.9985126256942749
7962,109,1,0.3813527822494507,0.38678544759750366,1.6513683931407286e-07,0.4248659610748291,0.351665735244751,-0.015684599056839943,0.477425217628479,0.36265116930007935,-0.028815727680921555,0.509004533290863,0.40425312519073486,-0.03600699082016945,0.520649790763855,0.4469154179096222,-0.04087493196129799,0.44120970368385315,0.38562583923339844,-0.06166009604930878,0.49366772174835205,0.4497014284133911,-0.08027034997940063,0.5233261585235596,0.4697128236293793,-0.08070331066846848,0.5362583994865417,0.47252383828163147,-0.07550913840532303,0.4208357632160187,0.4246387183666229,-0.05752095580101013,0.481742799282074,0.4883279502391815,-0.07567799836397171,0.5143724083900452,0.4967040419578552,-0.06824321299791336,0.5238521099090576,0.48523157835006714,-0.05772293731570244,0.40872031450271606,0.4583185613155365,-0.051709532737731934,0.46668773889541626,0.5113978385925293,-0.06292292475700378,0.49736618995666504,0.5141929388046265,-0.05090172216296196,0.508712887763977,0.5009464025497437,-0.037627801299095154,0.4032786190509796,0.48379331827163696,-0.04648539051413536,0.4516316056251526,0.5257596373558044,-0.05344073101878166,0.4786650538444519,0.5293534994125366,-0.046483661979436874,0.49181610345840454,0.5185785293579102,-0.037143535912036896,Right,0.9949802756309509
8032,110,0,0.770367443561554,0.41536030173301697,6.692692409160372e-07,0.74088454246521,0.36058515310287476,-0.0371934249997139,0.6955579519271851,0.35396164655685425,-0.060472480952739716,0.6570277810096741,0.3847368359565735,-0.07311007380485535,0.6337774991989136,0.41709190607070923,-0.08502142876386642,0.7368436455726624,0.4045463800430298,-0.09549225121736526,0.6705436110496521,0.4299405515193939,-0.1242159754037857,0.6256768703460693,0.4378536641597748,-0.1322680562734604,0.5931133031845093,0.4405505359172821,-0.1341056376695633,0.7414223551750183,0.45307812094688416,-0.0829961970448494,0.6657565832138062,0.4775587320327759,-0.10926949977874756,0.6167802214622498,0.4754835069179535,-0.11098871380090714,0.5853598117828369,0.46488064527511597,-0.11028308421373367,0.736096203327179,0.4827815890312195,-0.06920706480741501,0.6678099632263184,0.5035390257835388,-0.08850040286779404,0.6268972158432007,0.49348172545433044,-0.08971159160137177,0.6008710861206055,0.4783208668231964,-0.08922947198152542,0.7256131768226624,0.4984186291694641,-0.057171184569597244,0.6748564839363098,0.511489748954773,-0.0718516856431961,0.6442455649375916,0.500694990158081,-0.07564884424209595,0.6236404776573181,0.4863293170928955,-0.07695500552654266,Left,0.9988083243370056
8032,110,1,0.387788861989975,0.3781237006187439,1.0198226618740591e-07,0.4273275136947632,0.3402237296104431,-0.021741215139627457,0.47764158248901367,0.34680575132369995,-0.03721091151237488,0.5114383697509766,0.38543975353240967,-0.044467002153396606,0.5264302492141724,0.4255411624908447,-0.04902544617652893,0.43865323066711426,0.3776572048664093,-0.07503760606050491,0.4969424605369568,0.43453744053840637,-0.0917685255408287,0.5288589000701904,0.4480229318141937,-0.08686593919992447,0.5431451797485352,0.4481083154678345,-0.07811275869607925,0.4209137260913849,0.4207213819026947,-0.06706875562667847,0.4906333088874817,0.47175729274749756,-0.08409357815980911,0.5209872722625732,0.4703790247440338,-0.07099907845258713,0.5272678136825562,0.4570919871330261,-0.056339383125305176,0.41339829564094543,0.45554298162460327,-0.0572744682431221,0.4778774082660675,0.49469488859176636,-0.06772610545158386,0.5060067176818848,0.4876548647880554,-0.05059770122170448,0.5136860609054565,0.47269299626350403,-0.03402360901236534,0.41245096921920776,0.47930294275283813,-0.04851100966334343,0.46450257301330566,0.5086084604263306,-0.055158890783786774,0.48887476325035095,0.5019315481185913,-0.04605228453874588,0.49751582741737366,0.48775848746299744,-0.03530360758304596,Right,0.9967982172966003
8102,111,0,0.7640451192855835,0.41261908411979675,6.435240607061132e-07,0.7329792976379395,0.35966554284095764,-0.03528910130262375,0.6848852634429932,0.35533368587493896,-0.05783523619174957,0.6502313613891602,0.3892275094985962,-0.07003319263458252,0.6322711110115051,0.42710116505622864,-0.08146368712186813,0.7293267250061035,0.3912992775440216,-0.09587880223989487,0.6630038022994995,0.42831072211265564,-0.12335020303726196,0.6203057765960693,0.4429727792739868,-0.1296282261610031,0.5886439085006714,0.451668918132782,-0.13021117448806763,0.7386475801467896,0.4397001266479492,-0.08441624045372009,0.6644919514656067,0.4746421277523041,-0.10976257920265198,0.6172447204589844,0.48276734352111816,-0.11078611761331558,0.5854054093360901,0.48222774267196655,-0.10991206765174866,0.737566351890564,0.472910612821579,-0.0713396891951561,0.6691023111343384,0.5005883574485779,-0.09008709341287613,0.6280680894851685,0.4994411766529083,-0.09120330959558487,0.6005602478981018,0.4941161870956421,-0.09086963534355164,0.7293640375137329,0.4935910999774933,-0.05984056368470192,0.6763730645179749,0.5106581449508667,-0.07405618578195572,0.646234929561615,0.5048356652259827,-0.07768590748310089,0.6256804466247559,0.4970353841781616,-0.07921267300844193,Left,0.9969447255134583
8102,111,1,0.38440048694610596,0.3848923444747925,1.38789133075079e-07,0.42823782563209534,0.35132861137390137,-0.01549682766199112,0.4815816879272461,0.3647666275501251,-0.028285950422286987,0.5133118033409119,0.40880075097084045,-0.035134926438331604,0.5237887501716614,0.4527450203895569,-0.03952592983841896,0.4450039565563202,0.37788692116737366,-0.06084221228957176,0.49738985300064087,0.4447343945503235,-0.07829637080430984,0.5258438587188721,0.4721483588218689,-0.07745634019374847,0.5382530689239502,0.481178879737854,-0.07164063304662704,0.42240166664123535,0.4170514941215515,-0.05677168443799019,0.4842149317264557,0.4833936393260956,-0.07433182746171951,0.5158877968788147,0.4977028965950012,-0.06642019003629684,0.5255022048950195,0.49002256989479065,-0.05572624132037163,0.4092637896537781,0.45243602991104126,-0.051020924001932144,0.46796658635139465,0.5075843930244446,-0.06269104778766632,0.4980618953704834,0.514712393283844,-0.050798602402210236,0.5093822479248047,0.5039864182472229,-0.037583500146865845,0.4039177894592285,0.4804195165634155,-0.04569718614220619,0.45240768790245056,0.5211399793624878,-0.05309854820370674,0.47826290130615234,0.5258749127388,-0.04615238308906555,0.49076607823371887,0.5164928436279297,-0.036836445331573486,Right,0.9965415000915527
8172,112,0,0.7649728655815125,0.41757380962371826,6.453102514569764e-07,0.7361128330230713,0.3622383773326874,-0.03468256816267967,0.6919578313827515,0.3580976128578186,-0.057100653648376465,0.6565319299697876,0.38741597533226013,-0.06933794915676117,0.6378562450408936,0.42308309674263,-0.08125212788581848,0.7327328324317932,0.4009004235267639,-0.09460709989070892,0.6656314134597778,0.42863228917121887,-0.12142016738653183,0.622878909111023,0.4365367293357849,-0.12776604294776917,0.5924727320671082,0.44116759300231934,-0.12813740968704224,0.7402975559234619,0.44708171486854553,-0.08285200595855713,0.6649539470672607,0.47393280267715454,-0.10707370936870575,0.6176168918609619,0.4747407138347626,-0.10832685977220535,0.5868654847145081,0.4698607921600342,-0.10748840123414993,0.7380361557006836,0.4783719778060913,-0.06926349550485611,0.6683574318885803,0.5012513995170593,-0.08668067306280136,0.6274742484092712,0.49406898021698,-0.08780059218406677,0.6012556552886963,0.4839050769805908,-0.08743707835674286,0.728972852230072,0.4975734055042267,-0.057125627994537354,0.6756088137626648,0.5128821134567261,-0.06961652636528015,0.6446825861930847,0.5051750540733337,-0.07257634401321411,0.6246163249015808,0.4941037893295288,-0.07369685918092728,Left,0.9974696636199951
8172,112,1,0.3841331899166107,0.38471436500549316,2.467243120918283e-07,0.4302968382835388,0.35530412197113037,-0.009815871715545654,0.4826405942440033,0.3708382844924927,-0.02072608657181263,0.5163604021072388,0.41188815236091614,-0.027773568406701088,0.5352397561073303,0.4474591612815857,-0.032955192029476166,0.45259377360343933,0.36116576194763184,-0.05060351639986038,0.4988732933998108,0.4133473336696625,-0.06867519021034241,0.5249006152153015,0.44554856419563293,-0.07148326933383942,0.5368573665618896,0.4638071656227112,-0.06904127448797226,0.4299524128437042,0.39442846179008484,-0.051160622388124466,0.4854309856891632,0.4515722095966339,-0.06969208270311356,0.5140732526779175,0.4775226414203644,-0.06668488681316376,0.5231434106826782,0.4815356433391571,-0.06040559709072113,0.4136445224285126,0.4294196367263794,-0.05003764480352402,0.46927618980407715,0.48082467913627625,-0.06330419331789017,0.4985007047653198,0.499301016330719,-0.05571495741605759,0.5100662708282471,0.49620598554611206,-0.045899610966444016,0.40401098132133484,0.4611169993877411,-0.048950355499982834,0.453380286693573,0.5008143186569214,-0.05705106630921364,0.4800608456134796,0.5118152499198914,-0.051840636879205704,0.49276992678642273,0.5065478086471558,-0.04428595304489136,Right,0.9974002838134766
8243,113,0,0.7682022452354431,0.4114595651626587,6.523301863126107e-07,0.7394747734069824,0.35772818326950073,-0.036680787801742554,0.6948039531707764,0.3524506092071533,-0.0600118450820446,0.6592549085617065,0.3820643424987793,-0.07269292324781418,0.6369379758834839,0.4140174984931946,-0.08479128777980804,0.7360255718231201,0.3955225944519043,-0.09678714722394943,0.6718366146087646,0.4228726029396057,-0.1259222775697708,0.6285255551338196,0.43132346868515015,-0.13423049449920654,0.5966442227363586,0.43517717719078064,-0.1360897421836853,0.7420710325241089,0.4430530369281769,-0.08475273847579956,0.6688684821128845,0.47033441066741943,-0.11174368113279343,0.6215954422950745,0.47126665711402893,-0.11387792229652405,0.5905799269676208,0.4646463096141815,-0.1134374737739563,0.7384871244430542,0.4745394289493561,-0.0712982565164566,0.6707684397697449,0.49719375371932983,-0.09133484214544296,0.6298179626464844,0.4900858700275421,-0.09272939711809158,0.6028381586074829,0.47939926385879517,-0.0922725722193718,0.7288309931755066,0.49334049224853516,-0.05950891599059105,0.6775962114334106,0.5075945854187012,-0.07435331493616104,0.6488488912582397,0.498169481754303,-0.07773784548044205,0.6298061013221741,0.4861232042312622,-0.07884199172258377,Left,0.9980704188346863
8243,113,1,0.3807051479816437,0.37934771180152893,3.695144528137462e-07,0.4258691966533661,0.3507872521877289,-0.009298352524638176,0.47779467701911926,0.3668990433216095,-0.022539420053362846,0.5143280029296875,0.40667933225631714,-0.03126664459705353,0.5355479717254639,0.44138777256011963,-0.0386134572327137,0.4503031373023987,0.357327401638031,-0.05857240781188011,0.5010803937911987,0.4142206907272339,-0.07400438189506531,0.5277332067489624,0.44402870535850525,-0.07462352514266968,0.5425168871879578,0.4629882872104645,-0.07158362865447998,0.4275663197040558,0.3949066996574402,-0.058833785355091095,0.488454133272171,0.4539894163608551,-0.07309571653604507,0.5161628723144531,0.4741663932800293,-0.06598026305437088,0.5276796817779541,0.48031556606292725,-0.05890010669827461,0.4123552441596985,0.43223780393600464,-0.05636459216475487,0.47246527671813965,0.4873315989971161,-0.06317175179719925,0.49980124831199646,0.4994487464427948,-0.05051817744970322,0.5118893980979919,0.4966948628425598,-0.04029978811740875,0.40340879559516907,0.4645724892616272,-0.05416280776262283,0.4533888101577759,0.5071313381195068,-0.054648611694574356,0.47654539346694946,0.5135976076126099,-0.04436001554131508,0.4881187975406647,0.5078685283660889,-0.03563442826271057,Right,0.9964442849159241
8312,114,0,0.7661402225494385,0.41159787774086,6.471479423453275e-07,0.7360480427742004,0.3581670820713043,-0.03483579307794571,0.6905004978179932,0.3541557192802429,-0.05705443024635315,0.6557862758636475,0.3845307230949402,-0.06901318579912186,0.6369301676750183,0.4189230501651764,-0.08048366010189056,0.7303290963172913,0.3935762941837311,-0.09435711055994034,0.6655853986740112,0.42336463928222656,-0.12180735170841217,0.6231039762496948,0.4345017969608307,-0.1291615217924118,0.591809868812561,0.44103872776031494,-0.13037298619747162,0.7392904162406921,0.44046497344970703,-0.08271067589521408,0.6661098599433899,0.4715774357318878,-0.10759781301021576,0.6191288232803345,0.47694867849349976,-0.10932963341474533,0.587442934513092,0.47491490840911865,-0.10882671177387238,0.7382170557975769,0.47221410274505615,-0.06930875033140182,0.6704760789871216,0.49793943762779236,-0.0875793918967247,0.6304935216903687,0.4934964179992676,-0.08873073011636734,0.604398787021637,0.4853220283985138,-0.08822277933359146,0.7301697134971619,0.4913020133972168,-0.057431578636169434,0.6767853498458862,0.507236659526825,-0.07073774933815002,0.6482319831848145,0.49918270111083984,-0.07329460978507996,0.6299864649772644,0.488930881023407,-0.07387994974851608,Left,0.9970452189445496
8312,114,1,0.37953704595565796,0.38603538274765015,3.5524067243386526e-07,0.4247724115848541,0.3522222936153412,-0.012007178738713264,0.4781854748725891,0.3636314868927002,-0.025535745546221733,0.509955644607544,0.4021502137184143,-0.03340519219636917,0.5231187343597412,0.4386485517024994,-0.03967936709523201,0.44472604990005493,0.3753701448440552,-0.06688029319047928,0.4989289343357086,0.43459346890449524,-0.08344092220067978,0.528065025806427,0.4587441086769104,-0.08232948929071426,0.542148768901825,0.47023025155067444,-0.07687410712242126,0.4227468967437744,0.41578975319862366,-0.06443924456834793,0.4863475263118744,0.4793446660041809,-0.0809599906206131,0.5170251727104187,0.49112173914909363,-0.07031204551458359,0.5257285833358765,0.48617321252822876,-0.058168329298496246,0.4093325138092041,0.4518604278564453,-0.05905045568943024,0.4682897925376892,0.5090633034706116,-0.0672420859336853,0.49823325872421265,0.5129880309104919,-0.05090853571891785,0.5081872940063477,0.5016030073165894,-0.03554282709956169,0.4026545286178589,0.48006415367126465,-0.05409037694334984,0.451078325510025,0.5258368849754333,-0.056549377739429474,0.4769057035446167,0.5287940502166748,-0.04555695131421089,0.4876680374145508,0.5188155770301819,-0.03405904769897461,Right,0.9940605759620667
8380,115,0,0.7653912305831909,0.4088429808616638,6.323750767478487e-07,0.7349231243133545,0.35663631558418274,-0.03348546847701073,0.6893362402915955,0.35302501916885376,-0.05558284744620323,0.6561645269393921,0.3839471936225891,-0.06761805713176727,0.6379764676094055,0.41711100935935974,-0.07932253181934357,0.7302020192146301,0.39110055565834045,-0.09400633722543716,0.6644971966743469,0.42129868268966675,-0.12118358165025711,0.6230108737945557,0.43255704641342163,-0.12794950604438782,0.5925658941268921,0.43992725014686584,-0.12866313755512238,0.73985356092453,0.43671783804893494,-0.08306638151407242,0.6645722985267639,0.4655555784702301,-0.10820028930902481,0.6184303760528564,0.4707457721233368,-0.11000452935695648,0.587242603302002,0.4701296091079712,-0.10930968075990677,0.7388761639595032,0.46874549984931946,-0.07008751481771469,0.669478178024292,0.49134108424186707,-0.08795730024576187,0.6312344074249268,0.4865206480026245,-0.08807963132858276,0.6065331697463989,0.4792797267436981,-0.08669386804103851,0.7307958006858826,0.48901301622390747,-0.05854685977101326,0.6766706705093384,0.5032221674919128,-0.07063542306423187,0.6486665606498718,0.49504730105400085,-0.07190803438425064,0.6309207081794739,0.4858214259147644,-0.07157529890537262,Left,0.9973180890083313
8380,115,1,0.3793148994445801,0.39154818654060364,2.2965832613408566e-07,0.42021259665489197,0.35515251755714417,-0.013205579482018948,0.47318631410598755,0.3588342070579529,-0.025636691600084305,0.5064151883125305,0.3941630721092224,-0.03264723718166351,0.5186738967895508,0.4334838092327118,-0.037977710366249084,0.44093048572540283,0.382199764251709,-0.06119157001376152,0.49589505791664124,0.4335082471370697,-0.07851414382457733,0.5266908407211304,0.4545822739601135,-0.07873771339654922,0.5421074628829956,0.46438005566596985,-0.07430592179298401,0.42208221554756165,0.4224427044391632,-0.058230478316545486,0.48653072118759155,0.47474557161331177,-0.07528963685035706,0.5183222889900208,0.4840088486671448,-0.06711961328983307,0.5268881320953369,0.47824084758758545,-0.05637982487678528,0.4101557433605194,0.45723938941955566,-0.05308284983038902,0.47163087129592896,0.5037057399749756,-0.06418314576148987,0.5020375847816467,0.5060429573059082,-0.051325827836990356,0.5119384527206421,0.49478161334991455,-0.037289027124643326,0.4042586088180542,0.4838947355747223,-0.04819873347878456,0.4555531442165375,0.521712601184845,-0.05488042160868645,0.4821684658527374,0.5239427089691162,-0.046775445342063904,0.49354782700538635,0.5136558413505554,-0.03639654815196991,Right,0.997261643409729
8447,116,0,0.7641424536705017,0.4090028405189514,6.419423357328924e-07,0.734229564666748,0.3562566041946411,-0.034381698817014694,0.6877204179763794,0.3537672162055969,-0.05671251565217972,0.6530902981758118,0.3854500353336334,-0.0688045546412468,0.6316163539886475,0.41628265380859375,-0.08059202879667282,0.7285254001617432,0.38765981793403625,-0.09535611420869827,0.6632787585258484,0.41647109389305115,-0.12352268397808075,0.6213832497596741,0.4297921061515808,-0.13097123801708221,0.5903224945068359,0.4398253858089447,-0.13242146372795105,0.7373654842376709,0.4346120357513428,-0.08448901027441025,0.6614323258399963,0.4602126479148865,-0.11071508377790451,0.6143739223480225,0.4672222435474396,-0.11367407441139221,0.581727147102356,0.4687929153442383,-0.113978311419487,0.7358130216598511,0.4676966071128845,-0.07161888480186462,0.6652299761772156,0.48749840259552,-0.09061548858880997,0.6252495050430298,0.48334604501724243,-0.0916929692029953,0.5982905626296997,0.47708284854888916,-0.09119749814271927,0.7275093197822571,0.48942893743515015,-0.060207150876522064,0.6731314659118652,0.5008848905563354,-0.07377061992883682,0.6438275575637817,0.49312788248062134,-0.07618672400712967,0.6238083243370056,0.4846932291984558,-0.07675448060035706,Left,0.9971714615821838
8447,116,1,0.3806181848049164,0.39171189069747925,1.6344492337339034e-07,0.418622761964798,0.3477490544319153,-0.0224295761436224,0.4705847501754761,0.3522462844848633,-0.037218593060970306,0.5038958787918091,0.3886983096599579,-0.04385966807603836,0.5178413987159729,0.4278089106082916,-0.04837552458047867,0.4325266182422638,0.3924936056137085,-0.07267534732818604,0.4916766285896301,0.44636666774749756,-0.09068617969751358,0.5255162119865417,0.4582333266735077,-0.09070388972759247,0.5406050086021423,0.45713508129119873,-0.08585461974143982,0.4177737236022949,0.4358558654785156,-0.0638427585363388,0.4863971769809723,0.4864712953567505,-0.08236187696456909,0.5199935436248779,0.48263436555862427,-0.07488315552473068,0.527159571647644,0.4648283123970032,-0.06464581936597824,0.4119202494621277,0.4703778624534607,-0.05308843031525612,0.47497469186782837,0.5100144147872925,-0.06315448135137558,0.5045133829116821,0.5015496611595154,-0.05137038230895996,0.5115969181060791,0.48328614234924316,-0.03906084969639778,0.41163766384124756,0.4938899278640747,-0.043429989367723465,0.46163520216941833,0.5242059826850891,-0.0489981546998024,0.4875928461551666,0.5184459090232849,-0.04251491278409958,0.49677085876464844,0.5028010606765747,-0.03436054289340973,Right,0.9963411688804626
8512,117,0,0.7676048278808594,0.4099094569683075,5.677047170138394e-07,0.7366960048675537,0.3566009998321533,-0.029721159487962723,0.6901134848594666,0.35735371708869934,-0.0487653873860836,0.6569168567657471,0.39009758830070496,-0.05876496061682701,0.6355441808700562,0.4204421639442444,-0.06847675889730453,0.7300086617469788,0.38538601994514465,-0.0872851237654686,0.6666326522827148,0.4169778823852539,-0.11097299307584763,0.6277567148208618,0.43101558089256287,-0.11509372293949127,0.5994740724563599,0.4410199522972107,-0.11444275081157684,0.7407703995704651,0.430939257144928,-0.07763151079416275,0.668423056602478,0.45823562145233154,-0.10088501125574112,0.6237894892692566,0.46406060457229614,-0.10122013092041016,0.593040406703949,0.4635377526283264,-0.09933185577392578,0.7415423393249512,0.4641249179840088,-0.06589150428771973,0.674102246761322,0.48865967988967896,-0.08261962234973907,0.6347962617874146,0.4854612946510315,-0.08237554877996445,0.6079051494598389,0.4780580699443817,-0.08062519878149033,0.7355960011482239,0.48628389835357666,-0.05521516501903534,0.682708203792572,0.5020458102226257,-0.06634838134050369,0.6535948514938354,0.4951241612434387,-0.06739676743745804,0.633994996547699,0.48565271496772766,-0.06695623695850372,Left,0.9953799843788147
8512,117,1,0.3761138916015625,0.3843749165534973,-2.3656108183445212e-09,0.4149307608604431,0.34582576155662537,-0.024040786549448967,0.4635390639305115,0.3486759662628174,-0.03981520235538483,0.49768102169036865,0.38390427827835083,-0.04757866635918617,0.5122154951095581,0.42277950048446655,-0.05227194353938103,0.4234815835952759,0.38852977752685547,-0.06982116401195526,0.48009419441223145,0.4398471415042877,-0.08569400757551193,0.5128807425498962,0.4515846073627472,-0.0821317508816719,0.5262364745140076,0.4495893120765686,-0.07498054206371307,0.4086476266384125,0.43063023686408997,-0.060781192034482956,0.47412109375,0.47790107131004333,-0.0772693008184433,0.5057739019393921,0.47553113102912903,-0.06765559315681458,0.5127912163734436,0.4609898030757904,-0.05687868967652321,0.4034247100353241,0.4635937511920929,-0.050728119909763336,0.4640442430973053,0.5051704049110413,-0.06225093454122543,0.4924773573875427,0.49893081188201904,-0.05086788907647133,0.5003730654716492,0.48319366574287415,-0.03908100351691246,0.4037686288356781,0.48487651348114014,-0.041821010410785675,0.45189768075942993,0.5209888219833374,-0.05028687044978142,0.47556403279304504,0.5173629522323608,-0.04591835290193558,0.4846961498260498,0.5027364492416382,-0.03945044055581093,Right,0.9957659840583801
8578,118,0,0.7904154658317566,0.4136379063129425,5.235714866103081e-07,0.7549673318862915,0.36273229122161865,-0.03173718601465225,0.7053216099739075,0.3722769618034363,-0.05108159780502319,0.6738728284835815,0.4067400395870209,-0.06089296191930771,0.6484718918800354,0.4352605640888214,-0.07113634794950485,0.7506948113441467,0.39712435007095337,-0.09022773802280426,0.6987299919128418,0.4301886260509491,-0.1165640726685524,0.6600455045700073,0.4447280168533325,-0.1233728751540184,0.6291244626045227,0.45421960949897766,-0.12474913150072098,0.7648727893829346,0.43967679142951965,-0.08063481748104095,0.7008707523345947,0.4720830023288727,-0.10473637282848358,0.6555872559547424,0.4809489846229553,-0.10678213089704514,0.6220436096191406,0.48259788751602173,-0.10686227679252625,0.7693910598754883,0.47111064195632935,-0.06934070587158203,0.7077670097351074,0.4982950687408447,-0.08784747123718262,0.6685608625411987,0.4983721673488617,-0.08921821415424347,0.6402629613876343,0.4933812618255615,-0.08845463395118713,0.76702880859375,0.4932501018047333,-0.05913373827934265,0.7189032435417175,0.5163719058036804,-0.0726814791560173,0.6885831952095032,0.5133398175239563,-0.07592421770095825,0.6657530069351196,0.5057387948036194,-0.07717826217412949,Left,0.9894185066223145
8578,118,1,0.35888656973838806,0.3829305171966553,-6.029542021224188e-08,0.3937058448791504,0.3438805341720581,-0.0335141085088253,0.4365527629852295,0.3449888527393341,-0.05526997894048691,0.4662008285522461,0.37792274355888367,-0.06634482741355896,0.4804929792881012,0.4170127511024475,-0.07332750409841537,0.3935149908065796,0.3862960636615753,-0.09160121530294418,0.4497448801994324,0.43820247054100037,-0.11083237081766129,0.48273730278015137,0.44631433486938477,-0.10458488017320633,0.4948199391365051,0.4392131567001343,-0.09487168490886688,0.37929385900497437,0.4298097789287567,-0.07813894748687744,0.4444158971309662,0.4785689413547516,-0.09898319095373154,0.4792928695678711,0.47414302825927734,-0.08701110631227493,0.4883888065814972,0.4569648802280426,-0.07415996491909027,0.37661322951316833,0.46338415145874023,-0.06354042142629623,0.43763381242752075,0.5029062628746033,-0.08030391484498978,0.46848252415657043,0.49303263425827026,-0.06787589192390442,0.4770095944404602,0.4742990732192993,-0.05462918430566788,0.3800792694091797,0.48470571637153625,-0.050397638231515884,0.4276295602321625,0.5175133943557739,-0.0643843561410904,0.4526641070842743,0.5124897360801697,-0.06151113659143448,0.4616926908493042,0.4964751899242401,-0.055356211960315704,Right,0.9923945069313049
8642,119,0,0.8164005279541016,0.42009416222572327,5.824304025736637e-07,0.78216153383255,0.3675166368484497,-0.034826382994651794,0.7316605448722839,0.37435442209243774,-0.05648191645741463,0.697072446346283,0.41327911615371704,-0.06781712174415588,0.6769675016403198,0.45033299922943115,-0.07951987534761429,0.7789224982261658,0.4029786288738251,-0.0958191305398941,0.7235227823257446,0.4405171573162079,-0.12417741119861603,0.683108389377594,0.45876893401145935,-0.13194379210472107,0.6516900062561035,0.47183215618133545,-0.1339166760444641,0.7922261953353882,0.44889727234840393,-0.08555814623832703,0.7240808606147766,0.48683494329452515,-0.11174768954515457,0.6766421794891357,0.4969538748264313,-0.1149352490901947,0.6428651213645935,0.4996394217014313,-0.11553849279880524,0.7947067022323608,0.48190784454345703,-0.07343607395887375,0.7295937538146973,0.5168734192848206,-0.09384758025407791,0.6865918040275574,0.516514003276825,-0.09630552679300308,0.6564649939537048,0.5110883116722107,-0.09627493470907211,0.789750874042511,0.5040512084960938,-0.062446147203445435,0.7389615178108215,0.529936671257019,-0.07719786465167999,0.7070527076721191,0.5292692184448242,-0.0806921124458313,0.6831738948822021,0.5245047807693481,-0.08210363984107971,Left,0.9844156503677368
8642,119,1,0.3449077606201172,0.3753289580345154,-7.828941051002403e-08,0.3812595307826996,0.341050922870636,-0.038126975297927856,0.4214901924133301,0.34872525930404663,-0.062224723398685455,0.44871148467063904,0.3869397044181824,-0.07463420182466507,0.4637282192707062,0.4269435703754425,-0.08258987218141556,0.37304574251174927,0.3839965760707855,-0.09962528198957443,0.4296127259731293,0.44473376870155334,-0.1195373684167862,0.4641355872154236,0.45723479986190796,-0.11256089806556702,0.4793457090854645,0.45277756452560425,-0.10275636613368988,0.3580554723739624,0.42528969049453735,-0.08443994075059891,0.4201037883758545,0.48234206438064575,-0.10571546107530594,0.456718772649765,0.48367732763290405,-0.09280566871166229,0.46995866298675537,0.46974289417266846,-0.0801372304558754,0.3549255430698395,0.45705747604370117,-0.06841433793306351,0.41187921166419983,0.5050996541976929,-0.08660340309143066,0.44455859065055847,0.5013313293457031,-0.07497647404670715,0.4583195149898529,0.48650500178337097,-0.062996044754982,0.3588544428348541,0.47816115617752075,-0.05408703163266182,0.4007861316204071,0.5180618166923523,-0.07012920081615448,0.4277622401714325,0.519461989402771,-0.06919292360544205,0.4421982765197754,0.5084604024887085,-0.06495605409145355,Right,0.9937440156936646
8705,120,0,0.8237853050231934,0.41969895362854004,6.177568252496712e-07,0.7911617755889893,0.372023344039917,-0.03357229381799698,0.7422019243240356,0.3750768303871155,-0.05565294995903969,0.706188440322876,0.41156303882598877,-0.06764991581439972,0.6850540041923523,0.44795969128608704,-0.07952849566936493,0.7899380922317505,0.40413698554039,-0.09530892223119736,0.7287311553955078,0.4432610273361206,-0.1235535591840744,0.6870678663253784,0.46277016401290894,-0.13083092868328094,0.6561285257339478,0.4777185618877411,-0.13229241967201233,0.8021368384361267,0.45000866055488586,-0.08544205129146576,0.727909505367279,0.4890381991863251,-0.11150053888559341,0.6782522201538086,0.5012545585632324,-0.11444807052612305,0.6437522172927856,0.5054519772529602,-0.11492608487606049,0.8023314476013184,0.48337990045547485,-0.07362771779298782,0.7337260246276855,0.5179408192634583,-0.09319815039634705,0.6877431869506836,0.5198565721511841,-0.09607689082622528,0.6559450626373291,0.5166611075401306,-0.09664995223283768,0.7949676513671875,0.5057949423789978,-0.06296368688344955,0.7416633367538452,0.5308263301849365,-0.07686445862054825,0.7067152857780457,0.5310279726982117,-0.08087661117315292,0.6811876893043518,0.5265835523605347,-0.08284278213977814,Left,0.9975123405456543
8705,120,1,0.34519779682159424,0.3749648332595825,-9.806342404772295e-08,0.38484010100364685,0.3455575406551361,-0.03636372461915016,0.42725273966789246,0.3594260513782501,-0.05784912034869194,0.45059049129486084,0.40056276321411133,-0.06867648661136627,0.46084293723106384,0.4417116641998291,-0.07568162679672241,0.3766689598560333,0.39046511054039,-0.08935778588056564,0.4278813600540161,0.45655858516693115,-0.1089327409863472,0.4611857235431671,0.47507360577583313,-0.10537917912006378,0.4791991412639618,0.4764295816421509,-0.09878971427679062,0.35818836092948914,0.4312291145324707,-0.0750015452504158,0.41611242294311523,0.4951387345790863,-0.09540454298257828,0.4506784677505493,0.4985068440437317,-0.08549217879772186,0.4649251699447632,0.48327767848968506,-0.0751689150929451,0.35224005579948425,0.46355319023132324,-0.06016587093472481,0.40614134073257446,0.5149536728858948,-0.07589126378297806,0.43762272596359253,0.511581540107727,-0.0643797293305397,0.4508337676525116,0.4964405596256256,-0.053162697702646255,0.3547619581222534,0.4856634736061096,-0.04744701460003853,0.3953165113925934,0.5271246433258057,-0.061261214315891266,0.42300498485565186,0.5258278846740723,-0.059672996401786804,0.43769562244415283,0.5127869844436646,-0.05544904246926308,Right,0.9926632046699524
8768,121,0,0.8166838884353638,0.42202407121658325,6.372500820361893e-07,0.7830029726028442,0.3744601011276245,-0.03445691987872124,0.7342569828033447,0.37802639603614807,-0.055993836373090744,0.697775661945343,0.4126719832420349,-0.06750807166099548,0.6792511343955994,0.4517647325992584,-0.0785987451672554,0.7786690592765808,0.41048213839530945,-0.09242378920316696,0.7203536033630371,0.45520830154418945,-0.12029602378606796,0.6783777475357056,0.4687245190143585,-0.12778984010219574,0.6469509601593018,0.4746648967266083,-0.128754660487175,0.7905060052871704,0.4560265839099884,-0.0813225656747818,0.7216118574142456,0.5003834366798401,-0.10662247240543365,0.6736477017402649,0.5100795030593872,-0.10890036821365356,0.6416569352149963,0.5097271203994751,-0.10849683731794357,0.7915390133857727,0.48912546038627625,-0.06868249177932739,0.7280166745185852,0.5256170630455017,-0.08791215717792511,0.6842833161354065,0.5265002846717834,-0.08998469263315201,0.6542752981185913,0.5208999514579773,-0.08962426334619522,0.7857094407081604,0.5108134746551514,-0.0574355386197567,0.7353335618972778,0.5380544066429138,-0.07155288010835648,0.7026947140693665,0.535632312297821,-0.07471165060997009,0.6798302531242371,0.5275530219078064,-0.07548995316028595,Left,0.9969051480293274
8768,121,1,0.343668669462204,0.3737584352493286,-1.0279013196168307e-07,0.38576018810272217,0.35199111700057983,-0.038862042129039764,0.4247654974460602,0.36925601959228516,-0.06255435198545456,0.44433677196502686,0.4122909903526306,-0.07507473975419998,0.45554429292678833,0.4539043605327606,-0.08368456363677979,0.36943063139915466,0.3975691795349121,-0.09508784115314484,0.41948801279067993,0.4656662940979004,-0.11442486941814423,0.45186421275138855,0.48613789677619934,-0.10958739370107651,0.46938154101371765,0.487814724445343,-0.10203593969345093,0.34783005714416504,0.4346935749053955,-0.08010537177324295,0.40322962403297424,0.5020853281021118,-0.09987679868936539,0.43836212158203125,0.5102710723876953,-0.08927266299724579,0.4544951021671295,0.49827948212623596,-0.07894427329301834,0.339847207069397,0.46563971042633057,-0.06459850072860718,0.3930719196796417,0.5206819772720337,-0.08032184094190598,0.4250771999359131,0.522192120552063,-0.06949828565120697,0.4401738941669464,0.510079026222229,-0.05933993682265282,0.34076404571533203,0.4883882701396942,-0.05133664235472679,0.3807136118412018,0.5313160419464111,-0.06646702438592911,0.4079674482345581,0.5335372090339661,-0.06616725027561188,0.42378246784210205,0.523461639881134,-0.0630301684141159,Right,0.993548572063446
8834,122,0,0.807408332824707,0.42431825399398804,6.322676426862017e-07,0.7716168761253357,0.3770788013935089,-0.0348973423242569,0.722808301448822,0.3822782337665558,-0.05635238438844681,0.6879386901855469,0.41834908723831177,-0.06771023571491241,0.6711313128471375,0.457279235124588,-0.07905356585979462,0.7663580179214478,0.4110845625400543,-0.09325067698955536,0.7099080085754395,0.4589194059371948,-0.12062616646289825,0.6691538691520691,0.476577490568161,-0.1276557743549347,0.6373423337936401,0.48693713545799255,-0.12848687171936035,0.7795771360397339,0.45656058192253113,-0.08202353119850159,0.7123201489448547,0.5027161836624146,-0.10712715983390808,0.6644238829612732,0.5178377032279968,-0.10980967432260513,0.631024956703186,0.5222481489181519,-0.10960160940885544,0.7825353741645813,0.4895269274711609,-0.06918559223413467,0.7222718000411987,0.5295061469078064,-0.0881347805261612,0.678790807723999,0.5362766981124878,-0.09132949262857437,0.6474449634552002,0.53536057472229,-0.09174130111932755,0.7783948183059692,0.5105235576629639,-0.05770600214600563,0.7314237356185913,0.5404329299926758,-0.07167170196771622,0.6991186141967773,0.5433539152145386,-0.07570117712020874,0.6749589443206787,0.5405505299568176,-0.0771818533539772,Left,0.9974256753921509
8834,122,1,0.33904141187667847,0.38374853134155273,-1.4784789925670339e-07,0.3813167214393616,0.36406654119491577,-0.040859516710042953,0.4209511876106262,0.3847299814224243,-0.06605710834264755,0.44040772318840027,0.4287555515766144,-0.0796595960855484,0.4481703042984009,0.4714019000530243,-0.0892602950334549,0.3568040728569031,0.40493854880332947,-0.09943472594022751,0.4064268469810486,0.48074230551719666,-0.12060654908418655,0.4383249878883362,0.5033445358276367,-0.11735806614160538,0.45717963576316833,0.5082055330276489,-0.1113300621509552,0.33350297808647156,0.441594660282135,-0.08329767733812332,0.38704898953437805,0.5151962637901306,-0.10546625405550003,0.42254838347435,0.5248767137527466,-0.0966220572590828,0.44047126173973083,0.5161593556404114,-0.0882159098982811,0.32429271936416626,0.47273996472358704,-0.06640827655792236,0.3739604353904724,0.5350326299667358,-0.08398347347974777,0.407987505197525,0.5385889410972595,-0.07419473677873611,0.4257073402404785,0.529304027557373,-0.06522522866725922,0.3244894742965698,0.4965210258960724,-0.051740095019340515,0.3589034676551819,0.5443463921546936,-0.06702776998281479,0.38744056224823,0.5503538846969604,-0.06698565930128098,0.4051850438117981,0.54520583152771,-0.06467574834823608,Right,0.9946348667144775
8897,123,0,0.7977067828178406,0.4281259775161743,6.117404609540245e-07,0.7596138119697571,0.38229918479919434,-0.035775184631347656,0.7120898365974426,0.396657794713974,-0.05699923262000084,0.679740309715271,0.438950777053833,-0.06770509481430054,0.6606757044792175,0.4794568717479706,-0.078427255153656,0.7557569742202759,0.4165576696395874,-0.0953950509428978,0.7036078572273254,0.4758351147174835,-0.12265627831220627,0.6641391515731812,0.5013290643692017,-0.1290341168642044,0.6325432062149048,0.5164721012115479,-0.1292712539434433,0.7740239500999451,0.46200981736183167,-0.08316381275653839,0.7137085199356079,0.5212597846984863,-0.10867104679346085,0.6675105094909668,0.5445510745048523,-0.11168958246707916,0.6337466835975647,0.5537011027336121,-0.11147976666688919,0.7796439528465271,0.49495017528533936,-0.06904622912406921,0.725303053855896,0.544507622718811,-0.08820678293704987,0.6828883290290833,0.5590617060661316,-0.09229706972837448,0.6510359644889832,0.5626540780067444,-0.09293395280838013,0.7756003141403198,0.5158271789550781,-0.056120097637176514,0.7323964238166809,0.5520790815353394,-0.06996947526931763,0.7006515860557556,0.5619392991065979,-0.0746636837720871,0.6755001544952393,0.5640959739685059,-0.07642601430416107,Left,0.9984937310218811
8897,123,1,0.3369723856449127,0.3883213400840759,-1.5822497800854762e-07,0.38030529022216797,0.38113123178482056,-0.037980660796165466,0.4195929169654846,0.40801072120666504,-0.06240043044090271,0.43626338243484497,0.45313653349876404,-0.07610607147216797,0.436215341091156,0.4955320358276367,-0.08540076017379761,0.3573153614997864,0.41516244411468506,-0.0959923267364502,0.398746520280838,0.5015936493873596,-0.11713598668575287,0.42548686265945435,0.528876006603241,-0.11291056126356125,0.4405601918697357,0.5313026309013367,-0.10553068667650223,0.330117404460907,0.4472786784172058,-0.08129090070724487,0.37240543961524963,0.5304946899414062,-0.10323312878608704,0.4036322236061096,0.5485978126525879,-0.09377529472112656,0.4198008179664612,0.5395359992980957,-0.08464913815259933,0.3159547448158264,0.47537168860435486,-0.06582964956760406,0.35480910539627075,0.5462552905082703,-0.08460106700658798,0.3861315846443176,0.5588261485099792,-0.07517389208078384,0.40238139033317566,0.5504996180534363,-0.06573750078678131,0.31167978048324585,0.4974891245365143,-0.052091386169195175,0.3370315730571747,0.5553394556045532,-0.06772109866142273,0.36261528730392456,0.5678804516792297,-0.06666271388530731,0.37842968106269836,0.5629242062568665,-0.06319267302751541,Right,0.994105875492096
8958,124,0,0.7898996472358704,0.43087872862815857,5.649045533573371e-07,0.7474690079689026,0.39170897006988525,-0.034553490579128265,0.7004861235618591,0.4195972681045532,-0.05407470092177391,0.672975480556488,0.4713011384010315,-0.06338301301002502,0.6519210934638977,0.5091161727905273,-0.07282081991434097,0.7474783658981323,0.42545607686042786,-0.09104538708925247,0.7057784199714661,0.4943881928920746,-0.1185189038515091,0.669022798538208,0.5288857221603394,-0.1256515085697174,0.639279305934906,0.5509675741195679,-0.1266050934791565,0.7699734568595886,0.4665423035621643,-0.0795770138502121,0.7208080291748047,0.5354881286621094,-0.1046043112874031,0.6771529316902161,0.5654484033584595,-0.1079297661781311,0.6437755823135376,0.5779576897621155,-0.10823725163936615,0.7800306081771851,0.4986265003681183,-0.06654062122106552,0.7351667284965515,0.558520495891571,-0.08588539808988571,0.6944980025291443,0.5807335376739502,-0.09008157253265381,0.6627026796340942,0.5883310437202454,-0.09075667709112167,0.7810117602348328,0.5226377248764038,-0.054637450724840164,0.7468612790107727,0.5728534460067749,-0.06958062201738358,0.7161192297935486,0.5921315550804138,-0.07513344287872314,0.6896122694015503,0.599315345287323,-0.07740173488855362,Left,0.998530924320221
8958,124,1,0.3296981155872345,0.40034499764442444,-1.4570585449291684e-07,0.3758373558521271,0.395066499710083,-0.03632368892431259,0.41589614748954773,0.42744380235671997,-0.05955558642745018,0.43094420433044434,0.4738636314868927,-0.07268702238798141,0.4312918186187744,0.5167948007583618,-0.08190415054559708,0.35803213715553284,0.42853933572769165,-0.09240633994340897,0.3911499083042145,0.522522509098053,-0.11478681862354279,0.4153922200202942,0.5517981052398682,-0.11311222612857819,0.4279611110687256,0.5539805293083191,-0.10715406388044357,0.3269660472869873,0.45761722326278687,-0.07842928171157837,0.3639434576034546,0.548412024974823,-0.09953634440898895,0.3928610682487488,0.5663206577301025,-0.08991418778896332,0.40671515464782715,0.5537943243980408,-0.08032916486263275,0.30956023931503296,0.48470982909202576,-0.06400284171104431,0.34525159001350403,0.5606991648674011,-0.0807548239827156,0.37442755699157715,0.5731572508811951,-0.06980249285697937,0.3880537748336792,0.5635128617286682,-0.05939943715929985,0.30299922823905945,0.507030725479126,-0.05153016000986099,0.32668784260749817,0.5675199031829834,-0.0657358318567276,0.35135698318481445,0.5802399516105652,-0.06363651901483536,0.3657805621623993,0.5741675496101379,-0.059314239770174026,Right,0.9940565228462219
9020,125,0,0.7899191379547119,0.4305941164493561,6.138133130662027e-07,0.7451956272125244,0.3946636915206909,-0.03808685019612312,0.69914710521698,0.428913414478302,-0.060002777725458145,0.6705134510993958,0.48056137561798096,-0.07097810506820679,0.6490656137466431,0.520150899887085,-0.08204188197851181,0.7473992705345154,0.4266919493675232,-0.09907789528369904,0.7052951455116272,0.5015875101089478,-0.12916222214698792,0.668361246585846,0.5413799285888672,-0.13751451671123505,0.6386784315109253,0.5690469741821289,-0.13940714299678802,0.7721375226974487,0.46732091903686523,-0.08685712516307831,0.7256003022193909,0.5409317016601562,-0.11540180444717407,0.6807497143745422,0.5762489438056946,-0.12016598135232925,0.646821141242981,0.5932496786117554,-0.12130700796842575,0.7843921780586243,0.4997059106826782,-0.07307703047990799,0.7432460188865662,0.5659652352333069,-0.0951920673251152,0.7012613415718079,0.5930149555206299,-0.10069435834884644,0.6681467294692993,0.6051550507545471,-0.10237562656402588,0.7862587571144104,0.5252394676208496,-0.06063290685415268,0.7555731534957886,0.5773218870162964,-0.07831084728240967,0.7250840663909912,0.6001223921775818,-0.08566032350063324,0.6978358626365662,0.6113557815551758,-0.0892653688788414,Left,0.9984320998191833
9020,125,1,0.3316713869571686,0.40287286043167114,-8.627551295603553e-08,0.3806893527507782,0.4028216004371643,-0.032872628420591354,0.41685643792152405,0.4446863830089569,-0.05315884202718735,0.4264048635959625,0.49795329570770264,-0.06274940818548203,0.42416247725486755,0.5404812693595886,-0.06869658827781677,0.3631960451602936,0.43487349152565,-0.09170258045196533,0.38713598251342773,0.5328423380851746,-0.10880470275878906,0.4050637483596802,0.5650109648704529,-0.10147964954376221,0.4139522910118103,0.5664721727371216,-0.09141387790441513,0.3272145986557007,0.45757389068603516,-0.07826557755470276,0.35910987854003906,0.5528439879417419,-0.09487643837928772,0.3815920650959015,0.5728904604911804,-0.08172713220119476,0.39105018973350525,0.5594629645347595,-0.06961658596992493,0.305171400308609,0.48231595754623413,-0.06361094117164612,0.3373667597770691,0.5642048120498657,-0.07682771980762482,0.3597448766231537,0.5794073343276978,-0.06368568539619446,0.36947765946388245,0.5679217576980591,-0.05172669515013695,0.29482248425483704,0.5041653513908386,-0.05048569664359093,0.31671470403671265,0.570877730846405,-0.06428240984678268,0.33556070923805237,0.5834249258041382,-0.06150439381599426,0.3465624153614044,0.5741474032402039,-0.05612713843584061,Right,0.9933484196662903
9082,126,0,0.7846679091453552,0.4355029761791229,5.963837566014263e-07,0.7368953824043274,0.40863561630249023,-0.037885408848524094,0.6950176358222961,0.44790351390838623,-0.06030186265707016,0.671231746673584,0.5020295977592468,-0.07135733217000961,0.6476614475250244,0.540377676486969,-0.08247505873441696,0.7411338686943054,0.4437670409679413,-0.10095998644828796,0.7061355710029602,0.5202389359474182,-0.13052178919315338,0.6743093729019165,0.5623892545700073,-0.1380739063024521,0.6479080319404602,0.590990424156189,-0.1391955316066742,0.7703908085823059,0.4796839654445648,-0.08779919892549515,0.7303200960159302,0.5551870465278625,-0.11603260785341263,0.6905853152275085,0.5940698981285095,-0.11909651756286621,0.6594460606575012,0.6130901575088501,-0.11886044591665268,0.7857999801635742,0.5095923542976379,-0.07296968251466751,0.7483344674110413,0.5762432813644409,-0.09469734877347946,0.709875762462616,0.606334388256073,-0.09839735925197601,0.6783108711242676,0.6196913719177246,-0.0985906720161438,0.7898403406143188,0.5325815677642822,-0.05940502882003784,0.7629625201225281,0.5874428153038025,-0.07638265192508698,0.7351599335670471,0.6112608313560486,-0.08245681971311569,0.7095349431037903,0.6224738359451294,-0.08486011624336243,Left,0.9985231161117554
9082,126,1,0.3290055990219116,0.40161213278770447,-4.209774573382674e-08,0.37929362058639526,0.4109943211078644,-0.029685452580451965,0.41393065452575684,0.4591270685195923,-0.04699214547872543,0.42441296577453613,0.5157429575920105,-0.05442151427268982,0.42041513323783875,0.5579943060874939,-0.05709439143538475,0.36556318402290344,0.45344114303588867,-0.08302820473909378,0.38449737429618835,0.5539992451667786,-0.09716098010540009,0.3978264033794403,0.5812472701072693,-0.08610488474369049,0.4015827476978302,0.571536660194397,-0.07300275564193726,0.32776856422424316,0.46799060702323914,-0.070515938103199,0.34993717074394226,0.567420482635498,-0.08810178935527802,0.3681481182575226,0.5878099203109741,-0.07486815005540848,0.3761730492115021,0.5701980590820312,-0.06096067652106285,0.3027517795562744,0.4851498603820801,-0.0567348413169384,0.3243711590766907,0.5700528025627136,-0.0708867609500885,0.34346896409988403,0.5888715386390686,-0.0581362247467041,0.35175368189811707,0.5767076015472412,-0.04488511383533478,0.28935542702674866,0.5009754300117493,-0.04410384222865105,0.30129262804985046,0.5702679753303528,-0.05883336067199707,0.31700238585472107,0.587770402431488,-0.056871432811021805,0.326839417219162,0.5789101123809814,-0.05077657103538513,Right,0.9961223602294922
9140,127,0,0.7843061089515686,0.43938618898391724,6.19748618646554e-07,0.7336848378181458,0.41384297609329224,-0.0370781384408474,0.6927451491355896,0.45643383264541626,-0.05920707806944847,0.6712057590484619,0.5137825012207031,-0.07002003490924835,0.6475223898887634,0.5513347387313843,-0.08057190477848053,0.7416883707046509,0.4443657100200653,-0.10206841677427292,0.7067315578460693,0.5236320495605469,-0.13128924369812012,0.6755202412605286,0.568207859992981,-0.13742698729038239,0.6500349640846252,0.5995284914970398,-0.13744713366031647,0.7719919681549072,0.47992274165153503,-0.08894935995340347,0.730099618434906,0.5629159212112427,-0.1170901507139206,0.6897544264793396,0.6030251979827881,-0.11829196661710739,0.6583342552185059,0.6227977871894836,-0.11647247523069382,0.7872207164764404,0.5109254717826843,-0.07382062077522278,0.7473030090332031,0.5851755738258362,-0.09541106969118118,0.7092100381851196,0.6124604940414429,-0.0966845229268074,0.6791672110557556,0.6228218078613281,-0.09481602907180786,0.7909411787986755,0.5364360809326172,-0.05995957925915718,0.7611429691314697,0.596427321434021,-0.07568518817424774,0.7326335906982422,0.619156539440155,-0.07959770411252975,0.7081469297409058,0.6290859580039978,-0.08035335689783096,Left,0.9980344176292419
9140,127,1,0.3274075388908386,0.4028034806251526,-4.754470595003113e-09,0.3788175880908966,0.41667062044143677,-0.022946076467633247,0.4130502939224243,0.4642469882965088,-0.037684399634599686,0.42226678133010864,0.5196777582168579,-0.0445614717900753,0.4196270704269409,0.5627815127372742,-0.04686195030808449,0.3688522279262543,0.4639536142349243,-0.06899423152208328,0.3822100758552551,0.5608639717102051,-0.08247659355401993,0.39414405822753906,0.5856462121009827,-0.07395191490650177,0.39632269740104675,0.5743228197097778,-0.06256553530693054,0.33073890209198,0.4757133722305298,-0.06011679396033287,0.34561657905578613,0.5732398629188538,-0.07563993334770203,0.3622547388076782,0.5941386222839355,-0.06361944228410721,0.37008294463157654,0.5776206254959106,-0.05066393315792084,0.30409812927246094,0.48918354511260986,-0.05000706762075424,0.3175375163555145,0.5749526619911194,-0.061687879264354706,0.33505338430404663,0.594346821308136,-0.048334427177906036,0.3439561426639557,0.5826985836029053,-0.03484231233596802,0.288134902715683,0.5010873079299927,-0.04082227498292923,0.2954646348953247,0.571989893913269,-0.052241791039705276,0.3099213242530823,0.5889685153961182,-0.04788225516676903,0.32007351517677307,0.5797939300537109,-0.04015422612428665,Right,0.9968497157096863
9201,128,0,0.7818976044654846,0.43785691261291504,5.923332651036617e-07,0.7320399880409241,0.4184666574001312,-0.036072876304388046,0.6908425092697144,0.4598943889141083,-0.0588078536093235,0.6689541339874268,0.5155855417251587,-0.07065506279468536,0.6476119756698608,0.5555343627929688,-0.08261345326900482,0.7373937368392944,0.44840192794799805,-0.10223828256130219,0.7039974927902222,0.5282468795776367,-0.1319349855184555,0.675022304058075,0.5732016563415527,-0.13861660659313202,0.6520002484321594,0.6048809289932251,-0.13901478052139282,0.7693914771080017,0.48042431473731995,-0.09023584425449371,0.7308133840560913,0.5640862584114075,-0.11874128878116608,0.6929161548614502,0.607608437538147,-0.12055167555809021,0.6636770367622375,0.6309655904769897,-0.1193508580327034,0.7871174216270447,0.5079898834228516,-0.07629572600126266,0.7503740787506104,0.5823243856430054,-0.09822812676429749,0.7144954204559326,0.6131100654602051,-0.1001296117901802,0.6859805583953857,0.6272241473197937,-0.09881036728620529,0.7928160429000854,0.5302670001983643,-0.06352625042200089,0.7651523947715759,0.59145587682724,-0.07991979271173477,0.7385439276695251,0.6161528825759888,-0.08433514833450317,0.7156885266304016,0.6275838613510132,-0.08549758791923523,Left,0.9978641271591187
9201,128,1,0.32373595237731934,0.4094548225402832,7.989876138481122e-08,0.37530696392059326,0.423071950674057,-0.020424669608473778,0.40961939096450806,0.4739207923412323,-0.03366180509328842,0.4181850552558899,0.5312373042106628,-0.039031583815813065,0.42009660601615906,0.5765014886856079,-0.03979312255978584,0.3690051734447479,0.4742536246776581,-0.06699040532112122,0.3787752687931061,0.5616781711578369,-0.08164730668067932,0.3874472677707672,0.5939462184906006,-0.07406122982501984,0.38971632719039917,0.5856003761291504,-0.06201998144388199,0.32955390214920044,0.48306670784950256,-0.05902593210339546,0.33493128418922424,0.5754473209381104,-0.07534964382648468,0.3508170545101166,0.605818510055542,-0.062400784343481064,0.3621854782104492,0.5907875299453735,-0.04707380384206772,0.3010721802711487,0.492765873670578,-0.04968613386154175,0.3071456253528595,0.5725670456886292,-0.06134258583188057,0.32524701952934265,0.599282443523407,-0.04564521834254265,0.33739015460014343,0.5883411765098572,-0.028820747509598732,0.2825383245944977,0.500661313533783,-0.04107655957341194,0.28704366087913513,0.570327639579773,-0.05183057487010956,0.3032482862472534,0.5927464365959167,-0.04529858008027077,0.3163960576057434,0.5854804515838623,-0.03449148312211037,Right,0.9964883923530579
9258,129,0,0.7765728235244751,0.43805569410324097,5.558394491345098e-07,0.7237438559532166,0.42126524448394775,-0.03430893272161484,0.6833553910255432,0.4663591980934143,-0.05489117279648781,0.6632177829742432,0.523110568523407,-0.06514032185077667,0.6409438252449036,0.5582671165466309,-0.07535794377326965,0.7228562235832214,0.45152905583381653,-0.09512670338153839,0.6942173838615417,0.5305357575416565,-0.12216141819953918,0.6713730692863464,0.5796284675598145,-0.12767131626605988,0.6529207229614258,0.6165693402290344,-0.1281227022409439,0.75766921043396,0.48141124844551086,-0.08380457758903503,0.7268134355545044,0.5639949440956116,-0.11150815337896347,0.6931700706481934,0.6118993759155273,-0.11408302187919617,0.6653952598571777,0.6418170928955078,-0.11361414194107056,0.7788830995559692,0.5081208944320679,-0.07065778970718384,0.7460204362869263,0.58164381980896,-0.09256215393543243,0.7104775309562683,0.6148785948753357,-0.09561276435852051,0.6813191175460815,0.632897138595581,-0.09504196792840958,0.7872766256332397,0.5307232737541199,-0.05853397026658058,0.7600103616714478,0.5892032384872437,-0.07504282891750336,0.7337749004364014,0.6147199273109436,-0.08040240406990051,0.710614800453186,0.6302963495254517,-0.08233331143856049,Left,0.9984521269798279
9258,129,1,0.3244938254356384,0.4059116840362549,1.1383494324945787e-07,0.3768892288208008,0.42069801688194275,-0.021883156150579453,0.41049543023109436,0.4755561649799347,-0.034968338906764984,0.42039451003074646,0.5359565019607544,-0.03948277235031128,0.4263448119163513,0.5813872814178467,-0.039056457579135895,0.36940082907676697,0.47822660207748413,-0.07089602947235107,0.3789461851119995,0.5685306787490845,-0.08149288594722748,0.38990798592567444,0.5930739641189575,-0.06938223540782928,0.3909708261489868,0.5797325372695923,-0.055248409509658813,0.32842427492141724,0.4860738515853882,-0.06178615987300873,0.33374103903770447,0.5798692107200623,-0.07628609985113144,0.3508400321006775,0.6088433861732483,-0.061462294310331345,0.3617589771747589,0.5964224934577942,-0.04587250575423241,0.30028581619262695,0.4942459762096405,-0.05090545117855072,0.30480459332466125,0.5749402046203613,-0.06147875636816025,0.3236352801322937,0.601028561592102,-0.04537578672170639,0.3364154100418091,0.592783510684967,-0.02924167364835739,0.28330469131469727,0.5001735687255859,-0.04066159576177597,0.28467899560928345,0.5704259276390076,-0.05025110021233559,0.3006601631641388,0.5916135907173157,-0.043259646743535995,0.3141143023967743,0.5848838686943054,-0.03304138034582138,Right,0.9982370138168335
9314,130,0,0.769349217414856,0.43155020475387573,4.89508408918482e-07,0.7155004143714905,0.4220937192440033,-0.032132308930158615,0.6789814233779907,0.4701714813709259,-0.054154470562934875,0.6604363322257996,0.526438295841217,-0.06628082692623138,0.6387060284614563,0.5610064268112183,-0.07887399941682816,0.7123895883560181,0.4444740116596222,-0.09990159422159195,0.6864731311798096,0.5258382558822632,-0.12928831577301025,0.6670281291007996,0.5848572254180908,-0.1371031403541565,0.6517199873924255,0.6307764053344727,-0.13906192779541016,0.7478509545326233,0.47101783752441406,-0.09015290439128876,0.7195418477058411,0.5569892525672913,-0.1211937963962555,0.6882870197296143,0.6180561184883118,-0.1260596364736557,0.6628159880638123,0.658966064453125,-0.1269313544034958,0.7703748345375061,0.4984748363494873,-0.07768990099430084,0.7399460077285767,0.5739961266517639,-0.10045243799686432,0.7076667547225952,0.6155654191970825,-0.10281968861818314,0.6802956461906433,0.6392664909362793,-0.10120346397161484,0.7823716998100281,0.5237537622451782,-0.06600923091173172,0.7553156614303589,0.5880504846572876,-0.08174140751361847,0.7298267483711243,0.6187228560447693,-0.08549544960260391,0.7068598866462708,0.6356778144836426,-0.08586925268173218,Left,0.9998683929443359
9314,130,1,0.3246740996837616,0.4047388434410095,8.734848933045214e-08,0.37850651144981384,0.4214279353618622,-0.02254210039973259,0.41253161430358887,0.4760778248310089,-0.03604033216834068,0.42225244641304016,0.5367959141731262,-0.041392646729946136,0.4285508990287781,0.5850347280502319,-0.04168732464313507,0.36974284052848816,0.48092254996299744,-0.06797771900892258,0.37833771109580994,0.5736189484596252,-0.07930869609117508,0.388944536447525,0.5936769247055054,-0.06905988603830338,0.3895573616027832,0.5779342651367188,-0.05655136704444885,0.32892969250679016,0.4877468943595886,-0.05944579839706421,0.33297988772392273,0.5858197212219238,-0.07468413561582565,0.3506587743759155,0.6112408638000488,-0.06162789836525917,0.3615242540836334,0.5977647304534912,-0.047542259097099304,0.3006832003593445,0.49463510513305664,-0.04950331896543503,0.30265888571739197,0.5798342227935791,-0.06016452610492706,0.32174840569496155,0.6029025912284851,-0.044874757528305054,0.3342031240463257,0.5932475328445435,-0.029634986072778702,0.2835507392883301,0.49881812930107117,-0.04046110808849335,0.28216004371643066,0.572458803653717,-0.0487746000289917,0.29768654704093933,0.5935962796211243,-0.041414763778448105,0.3110045790672302,0.5862354636192322,-0.03162942826747894,Right,0.9980955719947815
9373,131,0,0.7621200084686279,0.42607712745666504,3.974814717366826e-07,0.7067030072212219,0.42507898807525635,-0.03043026477098465,0.6719396710395813,0.471623033285141,-0.05350740998983383,0.657711386680603,0.5279560685157776,-0.06706175208091736,0.637577474117279,0.565393328666687,-0.0808163583278656,0.6985222697257996,0.4420892298221588,-0.1003565862774849,0.6814085841178894,0.5253841876983643,-0.13186722993850708,0.6662430167198181,0.5850282907485962,-0.14205732941627502,0.6531960964202881,0.6310883164405823,-0.14570187032222748,0.738057017326355,0.4641132056713104,-0.09200134128332138,0.7224091291427612,0.5470020771026611,-0.12797051668167114,0.695514440536499,0.6054452657699585,-0.13425301015377045,0.6733390688896179,0.6422408819198608,-0.1356506049633026,0.7642306089401245,0.48996269702911377,-0.08104927092790604,0.7439895868301392,0.5640310049057007,-0.10679581761360168,0.7154485583305359,0.6084299087524414,-0.10900122672319412,0.6901410818099976,0.6339987516403198,-0.10684149712324142,0.7799826860427856,0.516268253326416,-0.07081754505634308,0.7592626214027405,0.578823983669281,-0.08831648528575897,0.7370355129241943,0.6103417873382568,-0.09251243621110916,0.7156187891960144,0.6283155679702759,-0.09294741600751877,Left,0.9999245405197144
9373,131,1,0.32245469093322754,0.40699681639671326,8.364248316183875e-08,0.377661794424057,0.4220055341720581,-0.02243972383439541,0.41297751665115356,0.4747051000595093,-0.03669954463839531,0.4221515655517578,0.5350610613822937,-0.04291781783103943,0.4313080906867981,0.5821576118469238,-0.04432271048426628,0.3651619553565979,0.4845239818096161,-0.06717558205127716,0.37387150526046753,0.5789380669593811,-0.07983237504959106,0.38567057251930237,0.6064144968986511,-0.07155035436153412,0.3901711106300354,0.5952686071395874,-0.05996548384428024,0.32384562492370605,0.4934428036212921,-0.058596380054950714,0.3280056416988373,0.5903254747390747,-0.07289880514144897,0.3459055423736572,0.6160211563110352,-0.05983401834964752,0.35870110988616943,0.6015768647193909,-0.04566415771842003,0.29564064741134644,0.5012893080711365,-0.048682574182748795,0.29957443475723267,0.5864927172660828,-0.05818036198616028,0.31822919845581055,0.6100563406944275,-0.04202872887253761,0.3313439190387726,0.59986811876297,-0.026380326598882675,0.2783207297325134,0.5062536001205444,-0.03979463502764702,0.27949273586273193,0.5787026882171631,-0.0481308288872242,0.29465216398239136,0.6004524230957031,-0.04031546041369438,0.30795684456825256,0.5942907333374023,-0.029798360541462898,Right,0.9980413913726807
9429,132,0,0.7636372447013855,0.4274923801422119,3.2015401529861265e-07,0.7069950699806213,0.4285503923892975,-0.027401160448789597,0.6717535257339478,0.47938039898872375,-0.048474110662937164,0.6561398506164551,0.5378491878509521,-0.06082422658801079,0.6328195333480835,0.5702525973320007,-0.0738275945186615,0.6969487071037292,0.4472149610519409,-0.09528613835573196,0.678289532661438,0.5339080691337585,-0.1247425302863121,0.6640090942382812,0.5933752655982971,-0.13443519175052643,0.6517632603645325,0.6399136781692505,-0.13866154849529266,0.7380557656288147,0.4640684723854065,-0.0887681394815445,0.7256019711494446,0.5469406247138977,-0.12235570698976517,0.7023729681968689,0.605925440788269,-0.1296711266040802,0.6827413439750671,0.6446452736854553,-0.1332252472639084,0.7664998769760132,0.48563963174819946,-0.07961263507604599,0.7523694634437561,0.5580341219902039,-0.10427842289209366,0.7293703556060791,0.6070957183837891,-0.10854662209749222,0.7076257467269897,0.638310968875885,-0.1090640276670456,0.7836526036262512,0.5077309608459473,-0.07099848240613937,0.7659647464752197,0.5704823732376099,-0.08885875344276428,0.7456135749816895,0.6029037833213806,-0.09510558843612671,0.7244790196418762,0.6215232014656067,-0.09791715443134308,Left,0.9998763799667358
9429,132,1,0.32210832834243774,0.4050557613372803,4.05474587239496e-08,0.376606822013855,0.42058366537094116,-0.02384239435195923,0.4130740165710449,0.47396814823150635,-0.03846467658877373,0.42389410734176636,0.5341823101043701,-0.04488705098628998,0.4295819103717804,0.5833254456520081,-0.04628419876098633,0.3635835349559784,0.4835897982120514,-0.06827203929424286,0.36850935220718384,0.5789299607276917,-0.0798075869679451,0.38236916065216064,0.6046074628829956,-0.07028021663427353,0.38836145401000977,0.5931077003479004,-0.05844004452228546,0.32278570532798767,0.4930068850517273,-0.05891166627407074,0.32798588275909424,0.5919061899185181,-0.07372938841581345,0.3461519777774811,0.6133241653442383,-0.061312541365623474,0.3571998178958893,0.5961728096008301,-0.047884054481983185,0.2948424220085144,0.5027225017547607,-0.04810679331421852,0.3004341125488281,0.5895071625709534,-0.05802716687321663,0.3197154998779297,0.608618974685669,-0.043195974081754684,0.3318018615245819,0.5967977046966553,-0.028792722150683403,0.277293860912323,0.5096490979194641,-0.03833339735865593,0.27995002269744873,0.5830568075180054,-0.04634983092546463,0.2954368591308594,0.6011972427368164,-0.039172861725091934,0.30756476521492004,0.5921976566314697,-0.02965502440929413,Right,0.9969813227653503
9485,133,0,0.7629027962684631,0.43027573823928833,2.816562414409418e-07,0.7068460583686829,0.4353439211845398,-0.02594485878944397,0.6703185439109802,0.48465588688850403,-0.0463624969124794,0.6538447141647339,0.5431415438652039,-0.05904717370867729,0.6289035081863403,0.5716906189918518,-0.07227449864149094,0.6936936378479004,0.4490857720375061,-0.08760108053684235,0.6766409277915955,0.5364050269126892,-0.11602644622325897,0.6633745431900024,0.5932919383049011,-0.12636525928974152,0.6511290073394775,0.6384500861167908,-0.13127151131629944,0.7361823320388794,0.46404868364334106,-0.08261453360319138,0.726802408695221,0.5483559966087341,-0.11508877575397491,0.7035216689109802,0.6061511635780334,-0.12291416525840759,0.6831806898117065,0.6453146934509277,-0.12710446119308472,0.7660871148109436,0.4851965308189392,-0.07548192143440247,0.7560365200042725,0.5574855804443359,-0.09944192320108414,0.7313048243522644,0.6039043664932251,-0.10331158339977264,0.7082682847976685,0.6342074871063232,-0.10367617756128311,0.7849322557449341,0.5086742639541626,-0.06911777704954147,0.7699431777000427,0.5670313239097595,-0.08642266690731049,0.7495587468147278,0.5967081785202026,-0.09195034205913544,0.7286728024482727,0.6136476993560791,-0.09429839998483658,Left,0.9998807311058044
9485,133,1,0.318136066198349,0.4058723747730255,3.857249097904969e-08,0.37354665994644165,0.4205247759819031,-0.02465696819126606,0.4114765524864197,0.4711807072162628,-0.04054366052150726,0.4225420653820038,0.5329294204711914,-0.0478995107114315,0.42609405517578125,0.5836129188537598,-0.05005478486418724,0.36191627383232117,0.4768158495426178,-0.07274337112903595,0.37088409066200256,0.5762700438499451,-0.08358698338270187,0.3837808668613434,0.603691041469574,-0.07140520960092545,0.3886205852031708,0.5930607914924622,-0.05759713053703308,0.321879506111145,0.4883134365081787,-0.0628310889005661,0.33071169257164,0.5895566344261169,-0.07631928473711014,0.3484804630279541,0.6134088039398193,-0.061112046241760254,0.35930556058883667,0.5993810296058655,-0.04622836783528328,0.29470840096473694,0.5009104013442993,-0.05141880735754967,0.3030841052532196,0.589663028717041,-0.0604463592171669,0.32184305787086487,0.6102395057678223,-0.04395110160112381,0.3335649371147156,0.6003651022911072,-0.028971346095204353,0.2777813971042633,0.5113536715507507,-0.04113319143652916,0.2809492349624634,0.5851771831512451,-0.04971732944250107,0.2958994507789612,0.6050950288772583,-0.042965807020664215,0.30827102065086365,0.5983331799507141,-0.03393170237541199,Right,0.9969285130500793
9542,134,0,0.7594788074493408,0.433708518743515,2.4815628307806037e-07,0.7030463218688965,0.4413376748561859,-0.024582449346780777,0.6659929156303406,0.48620882630348206,-0.04565216600894928,0.6507092118263245,0.5420037508010864,-0.05958165228366852,0.6280867457389832,0.5711640119552612,-0.07422888278961182,0.690990149974823,0.4472450315952301,-0.08745387941598892,0.6758185625076294,0.5348288416862488,-0.11745846271514893,0.6625022888183594,0.5935363173484802,-0.13009792566299438,0.6507034301757812,0.6397081017494202,-0.1361795961856842,0.7345238924026489,0.4626763164997101,-0.08355626463890076,0.7249546647071838,0.5468046069145203,-0.11702736467123032,0.7008407711982727,0.6041507720947266,-0.1251899003982544,0.6815605163574219,0.6405054330825806,-0.12948547303676605,0.7645485997200012,0.4839862585067749,-0.0773603618144989,0.7538374662399292,0.5570571422576904,-0.10083159804344177,0.7266929149627686,0.6015666723251343,-0.10277081280946732,0.7040780186653137,0.6264941096305847,-0.10160926729440689,0.7833267450332642,0.5079823732376099,-0.07206333428621292,0.7692586183547974,0.5676069259643555,-0.08756455779075623,0.7474546432495117,0.5971699953079224,-0.09035824984312057,0.7280982136726379,0.6104521751403809,-0.0905710831284523,Left,0.999942421913147
9542,134,1,0.3169991374015808,0.4063918888568878,3.8779713662506765e-08,0.3722328245639801,0.42043763399124146,-0.022821925580501556,0.40950822830200195,0.47287026047706604,-0.03765745833516121,0.41954347491264343,0.5348396301269531,-0.04443972557783127,0.4224540591239929,0.5842704772949219,-0.0464446134865284,0.36216360330581665,0.47538304328918457,-0.0692356750369072,0.3708614110946655,0.5661286115646362,-0.08377332985401154,0.3814314305782318,0.5979582667350769,-0.07619215548038483,0.3859512209892273,0.5907660722732544,-0.06480593979358673,0.3223547637462616,0.48926785588264465,-0.06051131710410118,0.3316701352596283,0.5852197408676147,-0.07587159425020218,0.3487979769706726,0.6125945448875427,-0.06290346384048462,0.3603704273700714,0.59992915391922,-0.049083590507507324,0.29449331760406494,0.502977728843689,-0.05057883635163307,0.30364730954170227,0.5887496471405029,-0.06144595146179199,0.32287678122520447,0.6113886833190918,-0.0459001250565052,0.3359062075614929,0.6011371612548828,-0.03067469410598278,0.27713829278945923,0.5133840441703796,-0.04171513766050339,0.28145307302474976,0.5873083472251892,-0.05127517879009247,0.298155277967453,0.6076803803443909,-0.04479071870446205,0.3128550946712494,0.6003449559211731,-0.035415731370449066,Right,0.9957820773124695
9596,135,0,0.7575812339782715,0.43621760606765747,2.26699157224175e-07,0.7020359635353088,0.4419204592704773,-0.024493809789419174,0.665360152721405,0.48532843589782715,-0.04709916561841965,0.6500078439712524,0.5406087636947632,-0.06215899810194969,0.6295443177223206,0.5726521015167236,-0.07795096933841705,0.6888786554336548,0.44650721549987793,-0.09409678727388382,0.6735796928405762,0.5307345390319824,-0.12602582573890686,0.6582620143890381,0.5898882150650024,-0.13970011472702026,0.645300030708313,0.6354051232337952,-0.1464034616947174,0.7321422100067139,0.46120646595954895,-0.0901961475610733,0.7269561886787415,0.5459778308868408,-0.12489046901464462,0.700972318649292,0.6022166609764099,-0.1325104981660843,0.6805556416511536,0.6360816359519958,-0.13671500980854034,0.7621514797210693,0.483161062002182,-0.08353795111179352,0.7549260258674622,0.5575025081634521,-0.10691529512405396,0.7274693846702576,0.5995475053787231,-0.10684064030647278,0.7043134570121765,0.6196293830871582,-0.10449344664812088,0.7812001705169678,0.5071390271186829,-0.07779482752084732,0.769708514213562,0.5706663727760315,-0.0932752788066864,0.7468857765197754,0.5985077619552612,-0.09538988023996353,0.7259265184402466,0.6062756776809692,-0.09507627785205841,Left,0.9999415278434753
9596,135,1,0.31432437896728516,0.409109890460968,2.5275571857719115e-08,0.36789777874946594,0.4206971526145935,-0.02324441634118557,0.40664517879486084,0.47554391622543335,-0.03751617670059204,0.4180910289287567,0.5384843349456787,-0.04437069967389107,0.4223597049713135,0.5875602960586548,-0.04759284108877182,0.36428481340408325,0.468079149723053,-0.06667695194482803,0.37781062722206116,0.549690306186676,-0.08560929447412491,0.3915926218032837,0.5851486921310425,-0.084767647087574,0.39890336990356445,0.5876423120498657,-0.07828440517187119,0.3262486457824707,0.4865483343601227,-0.05894677713513374,0.3412260413169861,0.5735105276107788,-0.07538596540689468,0.3597928583621979,0.6073980331420898,-0.06694532185792923,0.3714097738265991,0.6033014059066772,-0.05736278370022774,0.29901933670043945,0.505326509475708,-0.05082349479198456,0.3109601140022278,0.5832545757293701,-0.06399332731962204,0.33235132694244385,0.6101822257041931,-0.05352584645152092,0.3469986617565155,0.6048048734664917,-0.04192807525396347,0.2826150357723236,0.5212641358375549,-0.04389828070998192,0.28899917006492615,0.5900148749351501,-0.05525263398885727,0.30783647298812866,0.6101751923561096,-0.05203013867139816,0.3241559863090515,0.6042110919952393,-0.045410964637994766,Right,0.9947071075439453
9652,136,0,0.7577179670333862,0.44380107522010803,2.4714012170079513e-07,0.7020856738090515,0.4457084536552429,-0.025026408955454826,0.6609156131744385,0.48521560430526733,-0.04718417301774025,0.6437345743179321,0.542797327041626,-0.061189260333776474,0.6357311010360718,0.5921772718429565,-0.07613878697156906,0.6946269869804382,0.4453646242618561,-0.09582343697547913,0.6734688878059387,0.514563798904419,-0.1250288188457489,0.6540510654449463,0.5665215253829956,-0.13623079657554626,0.6371070146560669,0.6052678823471069,-0.14159078896045685,0.7375274896621704,0.4623660445213318,-0.090166836977005,0.7288246154785156,0.5440244078636169,-0.1250004768371582,0.7019555568695068,0.5996066331863403,-0.1325869858264923,0.6800242066383362,0.6328462958335876,-0.1365157663822174,0.7656273245811462,0.4872037172317505,-0.08091111481189728,0.7514696717262268,0.5619089007377625,-0.10423138737678528,0.7223331928253174,0.6032537817955017,-0.10240425914525986,0.696938157081604,0.622972309589386,-0.09855955094099045,0.7812272310256958,0.5140112042427063,-0.07223603129386902,0.7648844122886658,0.5775837302207947,-0.08631546795368195,0.7403993010520935,0.6037409901618958,-0.08604209870100021,0.7169893383979797,0.6091214418411255,-0.08397549390792847,Left,0.9999500513076782
9652,136,1,0.31323763728141785,0.4146937429904938,9.431349923261223e-08,0.3657579720020294,0.41948872804641724,-0.023631194606423378,0.4049720764160156,0.47517329454421997,-0.03736327216029167,0.41835999488830566,0.5409562587738037,-0.04291016608476639,0.42335420846939087,0.5901548266410828,-0.04528212547302246,0.3650456666946411,0.4649839401245117,-0.0699644684791565,0.38229599595069885,0.5413662791252136,-0.08965026587247849,0.39843714237213135,0.5812715888023376,-0.08973906934261322,0.4078074097633362,0.5926142930984497,-0.08418553322553635,0.3276256024837494,0.48887985944747925,-0.06171693652868271,0.34270671010017395,0.5734090805053711,-0.07923337817192078,0.3659324645996094,0.6086311340332031,-0.07066095620393753,0.37955430150032043,0.6053770184516907,-0.060490354895591736,0.3003532886505127,0.5119469165802002,-0.052746132016181946,0.3148123621940613,0.5852921605110168,-0.06604479998350143,0.34003710746765137,0.6106435656547546,-0.05510186776518822,0.3551724851131439,0.6041253805160522,-0.042862553149461746,0.2837860584259033,0.5299966335296631,-0.045003052800893784,0.2934942841529846,0.5957377552986145,-0.05641700699925423,0.3147639036178589,0.6141818165779114,-0.052943989634513855,0.3304322063922882,0.6067643165588379,-0.04577597975730896,Right,0.9943493008613586
9705,137,0,0.7583238482475281,0.44014739990234375,2.5740612841218535e-07,0.7026975154876709,0.4362587332725525,-0.027805395424365997,0.6634901165962219,0.47050005197525024,-0.05643598362803459,0.6502103209495544,0.5228387117385864,-0.0753636583685875,0.6443650722503662,0.5695105195045471,-0.09531978517770767,0.6937582492828369,0.44617760181427,-0.11774762719869614,0.6645933389663696,0.5165680050849915,-0.1552291214466095,0.6422391533851624,0.5694101452827454,-0.1718682497739792,0.624316930770874,0.6100351810455322,-0.18066734075546265,0.7359929084777832,0.46315598487854004,-0.11173994094133377,0.7273876667022705,0.5421394109725952,-0.1557275950908661,0.6985021829605103,0.598418653011322,-0.16632595658302307,0.6770663857460022,0.6334408521652222,-0.1721675544977188,0.7630700469017029,0.4878082275390625,-0.10124946385622025,0.7469870448112488,0.561353862285614,-0.13096505403518677,0.7173966765403748,0.601773202419281,-0.1296413689851761,0.6937700510025024,0.6200991868972778,-0.12594027817249298,0.7767261862754822,0.5145633220672607,-0.09109899401664734,0.7588735818862915,0.5765346884727478,-0.10942189395427704,0.7348538637161255,0.5995472073554993,-0.109929658472538,0.7129145264625549,0.6025708913803101,-0.10833057761192322,Left,0.9998158812522888
9705,137,1,0.3111923635005951,0.4142869710922241,1.5705961686762748e-07,0.36305034160614014,0.4184398055076599,-0.02386249043047428,0.40218862891197205,0.470551460981369,-0.038796231150627136,0.41609951853752136,0.5322273373603821,-0.04545073211193085,0.41618573665618896,0.5793328881263733,-0.04882701486349106,0.36435413360595703,0.4655889570713043,-0.0747898742556572,0.3850657045841217,0.541772186756134,-0.09963268786668777,0.40252774953842163,0.587331235408783,-0.10377004742622375,0.4117976427078247,0.600445568561554,-0.09981156140565872,0.32721611857414246,0.4902172386646271,-0.06648938357830048,0.3389347195625305,0.5763140320777893,-0.08871408551931381,0.3634582757949829,0.6130302548408508,-0.08018489927053452,0.3772524893283844,0.601704478263855,-0.06751564890146255,0.3003043532371521,0.5107300281524658,-0.057461898773908615,0.3120737075805664,0.5838918685913086,-0.07434654980897903,0.33850374817848206,0.6124651432037354,-0.061189066618680954,0.35367271304130554,0.6016401648521423,-0.04470088332891464,0.283377468585968,0.5265616178512573,-0.04959504306316376,0.2915143668651581,0.5946930050849915,-0.06375809758901596,0.31276458501815796,0.6156802177429199,-0.05887932702898979,0.32787540555000305,0.604712963104248,-0.04840443283319473,Right,0.99303138256073
9757,138,0,0.7518359422683716,0.4474449157714844,2.967998966596497e-07,0.6982618570327759,0.450501412153244,-0.0252076368778944,0.6566872596740723,0.4850112199783325,-0.048938579857349396,0.637679934501648,0.5360302329063416,-0.06411927193403244,0.6269091367721558,0.5843380689620972,-0.0803043320775032,0.6869091391563416,0.44677460193634033,-0.1037651002407074,0.6624042391777039,0.5110312700271606,-0.13837853074073792,0.6399518251419067,0.5657997727394104,-0.15422344207763672,0.6208871006965637,0.6078212261199951,-0.1627117246389389,0.7299407720565796,0.46043434739112854,-0.09871599823236465,0.7226061820983887,0.5372477173805237,-0.13822178542613983,0.6965945363044739,0.5960701107978821,-0.14967629313468933,0.6748439073562622,0.6325918436050415,-0.15693160891532898,0.7600377798080444,0.48296767473220825,-0.0896519273519516,0.7476287484169006,0.5573005080223083,-0.1174018457531929,0.7206255197525024,0.6057944297790527,-0.11864719539880753,0.6969410181045532,0.6311386823654175,-0.11694896221160889,0.7784782648086548,0.5092107653617859,-0.08068682253360748,0.7629144191741943,0.5780450701713562,-0.09813650697469711,0.7397140860557556,0.6110743880271912,-0.09976153075695038,0.7165581583976746,0.6221407651901245,-0.09910578280687332,Left,0.9999318718910217
9757,138,1,0.3107620179653168,0.41460320353507996,1.5948361919981835e-07,0.3631764054298401,0.4194886088371277,-0.023090891540050507,0.40254610776901245,0.47124287486076355,-0.03751044720411301,0.41446882486343384,0.5320054292678833,-0.04348382353782654,0.4086584150791168,0.5749373435974121,-0.046036288142204285,0.3629341125488281,0.46370187401771545,-0.07718274742364883,0.3877670168876648,0.5406211614608765,-0.10178986936807632,0.4061722755432129,0.5878769159317017,-0.10469672828912735,0.4145854115486145,0.6004647016525269,-0.09976846724748611,0.3262145519256592,0.49001938104629517,-0.06871603429317474,0.33957159519195557,0.5752999782562256,-0.09135284274816513,0.3658488094806671,0.6132391095161438,-0.0819147527217865,0.37964242696762085,0.5999443531036377,-0.0683635026216507,0.2999730110168457,0.5116519331932068,-0.05923435091972351,0.3142547011375427,0.5828008055686951,-0.07597699761390686,0.34154123067855835,0.6116516590118408,-0.061685726046562195,0.3560850918292999,0.5999055504798889,-0.0442345067858696,0.2834703028202057,0.5290636420249939,-0.05086426064372063,0.2936994433403015,0.5949211120605469,-0.06540973484516144,0.3156109154224396,0.6159876585006714,-0.06065209582448006,0.33031249046325684,0.6041074395179749,-0.050001487135887146,Right,0.9924724698066711
9814,139,0,0.7567881941795349,0.44837579131126404,1.3744727311859606e-07,0.701288104057312,0.44535449147224426,-0.023573625832796097,0.6606124043464661,0.4814661145210266,-0.04748458042740822,0.6435728669166565,0.536736786365509,-0.06394584476947784,0.6332961916923523,0.5837348699569702,-0.08211809396743774,0.6908127069473267,0.4450773000717163,-0.09439670294523239,0.6596227288246155,0.5204777717590332,-0.12518781423568726,0.6379508972167969,0.5739511847496033,-0.13975687325000763,0.6203931570053101,0.616366982460022,-0.14790038764476776,0.733675479888916,0.4636095464229584,-0.0913882777094841,0.7175793051719666,0.5429075956344604,-0.1261971890926361,0.6913443207740784,0.5961184501647949,-0.1352759152650833,0.6707742214202881,0.6321732997894287,-0.14137063920497894,0.7631435394287109,0.4889639616012573,-0.08507603406906128,0.7432588338851929,0.56279057264328,-0.10980270057916641,0.7149208784103394,0.6051278114318848,-0.1098727434873581,0.6919181942939758,0.6290806531906128,-0.1082676500082016,0.781119167804718,0.5164081454277039,-0.07906016707420349,0.7610673904418945,0.581788182258606,-0.09528923034667969,0.7377080917358398,0.6083915829658508,-0.09549746662378311,0.7179377675056458,0.6149716973304749,-0.09432557225227356,Left,0.9995461106300354
9814,139,1,0.3104954957962036,0.4145699739456177,1.6747343067891052e-07,0.36154866218566895,0.4180797040462494,-0.023313002660870552,0.4010637104511261,0.46894222497940063,-0.03774917870759964,0.4143070876598358,0.5295030474662781,-0.04380350559949875,0.4094802737236023,0.5723614692687988,-0.04637693241238594,0.3629460036754608,0.46365857124328613,-0.07591913640499115,0.38718172907829285,0.5401998162269592,-0.09961055964231491,0.4050208032131195,0.5874009132385254,-0.1021161749958992,0.413560152053833,0.5999634861946106,-0.0972604975104332,0.3263198137283325,0.48930031061172485,-0.06750880181789398,0.33822202682495117,0.5746839642524719,-0.09058678895235062,0.3631088137626648,0.6124942302703857,-0.08264068514108658,0.37624984979629517,0.5986988544464111,-0.07007929682731628,0.3000802993774414,0.5108731985092163,-0.057947564870119095,0.312925785779953,0.5823708772659302,-0.07447250187397003,0.3389545679092407,0.6107087135314941,-0.060631752014160156,0.3528329133987427,0.5983718633651733,-0.043645355850458145,0.2836812138557434,0.5285573601722717,-0.04956117644906044,0.2929272949695587,0.5945439338684082,-0.06447496265172958,0.31369566917419434,0.614872932434082,-0.06024305149912834,0.327459454536438,0.602340817451477,-0.04994571581482887,Right,0.9891486167907715
9866,140,0,0.7533328533172607,0.45170944929122925,1.682087287235845e-07,0.7004311084747314,0.44982287287712097,-0.02204425260424614,0.6611577272415161,0.4809427857398987,-0.045122500509023666,0.6442645192146301,0.5325698852539062,-0.061024684458971024,0.6349912881851196,0.5759238600730896,-0.07891896367073059,0.6881201863288879,0.44474512338638306,-0.09152285754680634,0.6595180034637451,0.515871524810791,-0.12168792635202408,0.637475311756134,0.5699721574783325,-0.13669000566005707,0.6197919845581055,0.6124018430709839,-0.14534102380275726,0.730309784412384,0.46172526478767395,-0.08936168253421783,0.7148218750953674,0.5396825075149536,-0.12303371727466583,0.6890601515769958,0.5972542762756348,-0.13301995396614075,0.6692383885383606,0.6361460089683533,-0.14017751812934875,0.7605503797531128,0.48674219846725464,-0.083832286298275,0.7431392669677734,0.5598194003105164,-0.10809832066297531,0.7171312570571899,0.6035383939743042,-0.10928657650947571,0.6956461668014526,0.6275959014892578,-0.10879391431808472,0.7802274823188782,0.514689564704895,-0.07843894511461258,0.7637767791748047,0.5801575779914856,-0.09453509747982025,0.7420259118080139,0.6069797277450562,-0.09513046592473984,0.7225145697593689,0.6130779981613159,-0.09450344741344452,Left,0.9998202323913574
9866,140,1,0.3102477490901947,0.41474586725234985,1.9302832754419796e-07,0.36225080490112305,0.42062750458717346,-0.022201156243681908,0.40140220522880554,0.4722992479801178,-0.03601879999041557,0.41247665882110596,0.5324660539627075,-0.04188866540789604,0.4062102437019348,0.574180543422699,-0.04459824413061142,0.3630838990211487,0.4621887803077698,-0.07310833781957626,0.3869458734989166,0.5382145643234253,-0.09666009247303009,0.4044007658958435,0.5867631435394287,-0.10068364441394806,0.4129565954208374,0.6033334732055664,-0.09734948724508286,0.32571113109588623,0.4867076277732849,-0.06533833593130112,0.3369148075580597,0.5723172426223755,-0.08764371275901794,0.3617769479751587,0.6121677160263062,-0.08018776029348373,0.37556514143943787,0.601820707321167,-0.06844041496515274,0.2994726896286011,0.5077136158943176,-0.056466005742549896,0.3119101822376251,0.5799466967582703,-0.07268257439136505,0.3381478488445282,0.6104636192321777,-0.05955963581800461,0.35245493054389954,0.6000022292137146,-0.04320334643125534,0.2838800549507141,0.5252088904380798,-0.04871746152639389,0.2935238778591156,0.5920570492744446,-0.06244610995054245,0.31475645303726196,0.614522397518158,-0.05765035003423691,0.32868096232414246,0.6037230491638184,-0.04729018732905388,Right,0.9924334287643433
9917,141,0,0.7514779567718506,0.4560362696647644,1.2477687505452195e-07,0.6981809139251709,0.4502173662185669,-0.01983604021370411,0.6612430810928345,0.47768911719322205,-0.041781216859817505,0.6457111835479736,0.529268205165863,-0.0577763170003891,0.637087881565094,0.5699496269226074,-0.07637285441160202,0.689123809337616,0.44347628951072693,-0.08358735591173172,0.6608096361160278,0.5154398679733276,-0.11158833652734756,0.6382633447647095,0.5683972239494324,-0.12609165906906128,0.619915246963501,0.6099169254302979,-0.13454878330230713,0.7317807674407959,0.46307361125946045,-0.08324883878231049,0.7136877775192261,0.5433050990104675,-0.11325234919786453,0.6865734457969666,0.6019918918609619,-0.12283872812986374,0.666729211807251,0.6409044861793518,-0.13039365410804749,0.762145459651947,0.48979490995407104,-0.07984239608049393,0.7407885789871216,0.5649821162223816,-0.10184508562088013,0.7129524946212769,0.6098058819770813,-0.10357740521430969,0.6921778917312622,0.6336716413497925,-0.1040605753660202,0.7818474173545837,0.5182027220726013,-0.07661562412977219,0.762122392654419,0.5827195644378662,-0.09264492243528366,0.7383445501327515,0.60966956615448,-0.09370503574609756,0.7196033000946045,0.6165810227394104,-0.09352438151836395,Left,0.9996066689491272
9917,141,1,0.31018325686454773,0.41535431146621704,2.224046795618051e-07,0.3625234365463257,0.42136508226394653,-0.022601453587412834,0.400626003742218,0.4716927409172058,-0.03673260286450386,0.4116295874118805,0.5306486487388611,-0.04298912361264229,0.4044276475906372,0.5699784755706787,-0.045984555035829544,0.36333125829696655,0.4617299437522888,-0.07376862317323685,0.3874092698097229,0.5345056056976318,-0.09865280985832214,0.40426915884017944,0.5849978923797607,-0.1039016991853714,0.4118057191371918,0.6027753353118896,-0.10139469802379608,0.32571834325790405,0.4858432114124298,-0.06610485911369324,0.33634302020072937,0.5704885721206665,-0.09091164171695709,0.36130276322364807,0.611061155796051,-0.0849251002073288,0.37410107254981995,0.5987952351570129,-0.07371535897254944,0.2996646463871002,0.506644070148468,-0.057361166924238205,0.3108561336994171,0.5794736742973328,-0.07536500692367554,0.3374481499195099,0.6113488674163818,-0.06271771341562271,0.3519279658794403,0.6006637811660767,-0.0461302325129509,0.2839628756046295,0.5242849588394165,-0.049764927476644516,0.29295414686203003,0.5911819338798523,-0.06465628743171692,0.31430938839912415,0.6148053407669067,-0.06043227016925812,0.32835182547569275,0.6038302779197693,-0.05016418546438217,Right,0.9922791123390198
9967,142,0,0.7492303848266602,0.45722121000289917,1.1468682004078801e-07,0.6973525881767273,0.44765377044677734,-0.01871381141245365,0.6637819409370422,0.472184956073761,-0.041458889842033386,0.6499187350273132,0.5240148305892944,-0.05862760916352272,0.6427217721939087,0.5638207793235779,-0.07853853702545166,0.6890136003494263,0.4437101185321808,-0.08237278461456299,0.6604686975479126,0.5172787308692932,-0.11011913418769836,0.6387415528297424,0.5692623853683472,-0.12536588311195374,0.6211506128311157,0.6095755100250244,-0.13493889570236206,0.7311374545097351,0.46244263648986816,-0.08299341797828674,0.7140035033226013,0.5454756021499634,-0.11347657442092896,0.6863969564437866,0.6039825677871704,-0.12464828789234161,0.6658008694648743,0.6435084342956543,-0.1338655948638916,0.7619550824165344,0.4890507459640503,-0.08034404367208481,0.7412266135215759,0.566563606262207,-0.10247178375720978,0.7133131623268127,0.608353853225708,-0.10414212942123413,0.692632794380188,0.6309481859207153,-0.10522520542144775,0.7816557288169861,0.5173829793930054,-0.07774294167757034,0.7623926997184753,0.5785415172576904,-0.0939238965511322,0.7398852109909058,0.6030935049057007,-0.0945311188697815,0.7221011519432068,0.611108124256134,-0.09453772008419037,Left,0.9985817074775696
9967,142,1,0.3100825846195221,0.41599932312965393,2.0994654903461196e-07,0.36240753531455994,0.42207783460617065,-0.02291937917470932,0.40055570006370544,0.47398391366004944,-0.036970105022192,0.4124376177787781,0.5348271727561951,-0.042924270033836365,0.4079402685165405,0.5773009061813354,-0.045531414449214935,0.36315783858299255,0.4615270495414734,-0.07473788410425186,0.38580814003944397,0.5330321788787842,-0.10041308403015137,0.40228015184402466,0.5825446248054504,-0.1059194877743721,0.40924569964408875,0.5977291464805603,-0.10322421789169312,0.32626697421073914,0.4853757321834564,-0.06671881675720215,0.3360483944416046,0.5678980350494385,-0.0913126990199089,0.3611065149307251,0.609502911567688,-0.08504053950309753,0.37422940135002136,0.597811222076416,-0.07395248115062714,0.30033406615257263,0.5059645771980286,-0.057787202298641205,0.31028997898101807,0.577495813369751,-0.07602939009666443,0.3370600938796997,0.6104217767715454,-0.06370514631271362,0.352264940738678,0.6004779934883118,-0.04757407307624817,0.2844600975513458,0.5234044194221497,-0.04998587444424629,0.2916068136692047,0.5895228385925293,-0.0659024715423584,0.3127732574939728,0.6134288311004639,-0.06264332681894302,0.3276246190071106,0.6029488444328308,-0.05308084934949875,Right,0.9917699694633484
10018,143,0,0.7538979649543762,0.4534708261489868,1.2119940606680757e-07,0.7026330828666687,0.4402112066745758,-0.01805376634001732,0.6718675494194031,0.46313631534576416,-0.04233164340257645,0.6623937487602234,0.5142931342124939,-0.06107356771826744,0.6633349657058716,0.5521341562271118,-0.0832977369427681,0.6890518069267273,0.4449741244316101,-0.08359253406524658,0.6591704487800598,0.5171439051628113,-0.10948912054300308,0.6399957537651062,0.5651174187660217,-0.12303809821605682,0.6235822439193726,0.6020128726959229,-0.13205476105213165,0.7291778922080994,0.4603545665740967,-0.08405648916959763,0.7148854732513428,0.5518251657485962,-0.1136155053973198,0.6913205981254578,0.6103651523590088,-0.12466977536678314,0.6741594672203064,0.6484706401824951,-0.13425463438034058,0.7604756951332092,0.4853021502494812,-0.08078360557556152,0.7406731843948364,0.572090208530426,-0.10252715647220612,0.7145624756813049,0.6139109134674072,-0.10403632372617722,0.6952692270278931,0.6347436308860779,-0.1054430827498436,0.7801639437675476,0.5133131146430969,-0.07716706395149231,0.7605352997779846,0.579150378704071,-0.09288417547941208,0.738421618938446,0.604023277759552,-0.09299682825803757,0.7202020883560181,0.6116310954093933,-0.09304407984018326,Left,0.9980893135070801
10018,143,1,0.310001015663147,0.41522783041000366,1.9617569080310204e-07,0.36223646998405457,0.42105552554130554,-0.021960431709885597,0.4020206332206726,0.4728560447692871,-0.035693056881427765,0.4138762652873993,0.5345985293388367,-0.041428178548812866,0.4085509181022644,0.5776324272155762,-0.04379484802484512,0.363381952047348,0.4609154462814331,-0.07233428210020065,0.3861767053604126,0.5355459451675415,-0.09565387666225433,0.4035128355026245,0.5826670527458191,-0.09928916394710541,0.4114006459712982,0.5965609550476074,-0.09556344896554947,0.3265892565250397,0.48453205823898315,-0.06447846442461014,0.33712512254714966,0.5678573250770569,-0.08629363030195236,0.3621971607208252,0.6087313294410706,-0.07877250760793686,0.3757118284702301,0.59833824634552,-0.06734633445739746,0.30058878660202026,0.5052023530006409,-0.055619727820158005,0.31170418858528137,0.575604259967804,-0.07161780446767807,0.3378724753856659,0.6079052686691284,-0.05893046408891678,0.3524113893508911,0.5985403656959534,-0.0431891568005085,0.2848791480064392,0.5230410695075989,-0.04786074161529541,0.29346880316734314,0.5878196358680725,-0.06220446899533272,0.3145807981491089,0.6109186410903931,-0.058499108999967575,0.3289705812931061,0.6014178395271301,-0.04900117218494415,Right,0.9928096532821655
10067,144,0,0.752761960029602,0.45334702730178833,1.1544258882167924e-07,0.6984264850616455,0.44827893376350403,-0.02089167758822441,0.6671643853187561,0.4800330698490143,-0.043852414935827255,0.6578786969184875,0.5336481332778931,-0.06067652627825737,0.6589084267616272,0.5764219760894775,-0.0806880071759224,0.6921906471252441,0.4442128539085388,-0.08157484978437424,0.6670847535133362,0.5011962056159973,-0.10888560116291046,0.6450505256652832,0.5469732284545898,-0.12396498024463654,0.6284722089767456,0.5840364694595337,-0.13320758938789368,0.7335400581359863,0.45824068784713745,-0.07971179485321045,0.7204753756523132,0.5442985892295837,-0.10905284434556961,0.6972199082374573,0.6034086346626282,-0.12116866558790207,0.6798766851425171,0.6421354413032532,-0.1312808394432068,0.7640318870544434,0.4817148447036743,-0.07459603250026703,0.7473815679550171,0.5651298761367798,-0.09601927548646927,0.7203130125999451,0.6105173230171204,-0.0994914248585701,0.6996890306472778,0.6346713304519653,-0.10193506628274918,0.7839707732200623,0.5084128379821777,-0.06948693841695786,0.768354594707489,0.5766614675521851,-0.08438245952129364,0.7459716796875,0.6090394258499146,-0.08606574684381485,0.727150022983551,0.6226213574409485,-0.087138332426548,Left,0.9995567202568054
10067,144,1,0.309782475233078,0.4144626557826996,1.9881089485807024e-07,0.36152198910713196,0.4198507070541382,-0.022663796320557594,0.401018887758255,0.4687381982803345,-0.03718319162726402,0.4127211272716522,0.5273536443710327,-0.0435275174677372,0.4056168794631958,0.5675921440124512,-0.046761613339185715,0.36257636547088623,0.4600866138935089,-0.07513754814863205,0.38667944073677063,0.5327869653701782,-0.09991683810949326,0.4044485092163086,0.5794860124588013,-0.10489719361066818,0.41287854313850403,0.5947176218032837,-0.1021963357925415,0.32616180181503296,0.4850485026836395,-0.06708738952875137,0.3376903533935547,0.5673094987869263,-0.08999694883823395,0.3621443808078766,0.6075894832611084,-0.08280950784683228,0.37496694922447205,0.5970461368560791,-0.07141821831464767,0.3006325662136078,0.5064202547073364,-0.05799049884080887,0.3118225038051605,0.5761843323707581,-0.07500836253166199,0.33745497465133667,0.6086694002151489,-0.06249765679240227,0.35158851742744446,0.5997004508972168,-0.046560559421777725,0.2855493128299713,0.5246691703796387,-0.05000455304980278,0.29450008273124695,0.5884116888046265,-0.06543838977813721,0.31519678235054016,0.611291229724884,-0.06210732087492943,0.329137921333313,0.6015856862068176,-0.05257127806544304,Right,0.9912331104278564
10117,145,0,0.7420666217803955,0.47454217076301575,1.1810576694415431e-07,0.6952204704284668,0.46289151906967163,-0.029060237109661102,0.6710905432701111,0.47601601481437683,-0.05468183383345604,0.660158097743988,0.5147985219955444,-0.07342278957366943,0.6547671556472778,0.5471089482307434,-0.09507699310779572,0.7177028656005859,0.4267953634262085,-0.0902983546257019,0.6941338181495667,0.46818360686302185,-0.11902941763401031,0.6683082580566406,0.5096244812011719,-0.136182501912117,0.6464124917984009,0.5454856157302856,-0.14785636961460114,0.757628858089447,0.4487817883491516,-0.08678977191448212,0.7441996932029724,0.5196142792701721,-0.11817648261785507,0.7166110873222351,0.5756052136421204,-0.13248135149478912,0.6940813660621643,0.613286018371582,-0.14546996355056763,0.7820771932601929,0.48113003373146057,-0.08063995838165283,0.7658442854881287,0.5500537157058716,-0.10649367421865463,0.7349849343299866,0.5925402641296387,-0.11274076253175735,0.711702287197113,0.6176410913467407,-0.11766350269317627,0.7934251427650452,0.5153241157531738,-0.07535485178232193,0.7779458165168762,0.5679466724395752,-0.09462124109268188,0.7540769577026367,0.594382107257843,-0.09858148545026779,0.7346030473709106,0.6069827675819397,-0.1021161898970604,Left,0.998855471611023
10117,145,1,0.31050312519073486,0.4153779149055481,2.1828570595516794e-07,0.3617980480194092,0.42059949040412903,-0.023247184231877327,0.40099942684173584,0.4681830108165741,-0.03831387683749199,0.41263359785079956,0.5263110995292664,-0.04526218771934509,0.40492525696754456,0.565663754940033,-0.04894033074378967,0.36259791254997253,0.45870786905288696,-0.07712170481681824,0.38686779141426086,0.5318218469619751,-0.1035371720790863,0.4046839475631714,0.5802385210990906,-0.10919374227523804,0.41260936856269836,0.5947795510292053,-0.10651817917823792,0.32636746764183044,0.4842236340045929,-0.06912613660097122,0.3372913599014282,0.5662084817886353,-0.09414458274841309,0.36301088333129883,0.6076865196228027,-0.08754999935626984,0.37614089250564575,0.595892608165741,-0.07611913979053497,0.30128082633018494,0.5062183737754822,-0.060177166014909744,0.31163179874420166,0.57575923204422,-0.07854528725147247,0.33851563930511475,0.6091617941856384,-0.06627758592367172,0.35365423560142517,0.5997761487960815,-0.050156448036432266,0.286436527967453,0.5250513553619385,-0.0524190329015255,0.2930838167667389,0.5884014368057251,-0.06874828785657883,0.314298152923584,0.6124870181083679,-0.06597900390625,0.32909896969795227,0.6031558513641357,-0.056614067405462265,Right,0.9906135201454163
10167,146,0,0.7456411123275757,0.48143428564071655,-2.972396373479569e-07,0.7178464531898499,0.4820616841316223,-0.02456034906208515,0.6928929686546326,0.48147326707839966,-0.04889916256070137,0.6838333010673523,0.5154255032539368,-0.07038916647434235,0.6868419647216797,0.5453367829322815,-0.09330028295516968,0.7259747982025146,0.41620776057243347,-0.06816618144512177,0.6935953497886658,0.4550318419933319,-0.10186050832271576,0.6723809838294983,0.5007885694503784,-0.1206374391913414,0.6519889831542969,0.5439839363098145,-0.12911225855350494,0.7603088617324829,0.4305938184261322,-0.06886041909456253,0.7504429817199707,0.4906376898288727,-0.10057057440280914,0.7277476787567139,0.5530839562416077,-0.1060430109500885,0.7055355906486511,0.5945562124252319,-0.10496547073125839,0.7843526005744934,0.45917585492134094,-0.06956428289413452,0.7771655321121216,0.5282195806503296,-0.10080570727586746,0.7520337104797363,0.5779573917388916,-0.09672857820987701,0.7286977171897888,0.6018557548522949,-0.08757347613573074,0.7984161972999573,0.4921741485595703,-0.07130365818738937,0.7893999814987183,0.5495598912239075,-0.09601397812366486,0.767809271812439,0.5842251181602478,-0.09227355569601059,0.7485367059707642,0.6001029014587402,-0.08435248583555222,Left,0.9960271120071411
10167,146,1,0.3097313344478607,0.4148162603378296,2.0344977258446306e-07,0.36047881841659546,0.41928449273109436,-0.02304518222808838,0.40026068687438965,0.46613696217536926,-0.037540141493082047,0.4120750427246094,0.5239225625991821,-0.043911293148994446,0.40364816784858704,0.5625958442687988,-0.04704330861568451,0.3613114655017853,0.45828989148139954,-0.07564181834459305,0.3866187334060669,0.5315585136413574,-0.10067255049943924,0.4045337438583374,0.5788669586181641,-0.10557092726230621,0.4127541780471802,0.594003438949585,-0.1028018370270729,0.32543739676475525,0.48466232419013977,-0.06738010793924332,0.33734676241874695,0.566165566444397,-0.09104159474372864,0.3627241551876068,0.6066186428070068,-0.0841561108827591,0.37601056694984436,0.5953147411346436,-0.07285276800394058,0.3009226620197296,0.5070896744728088,-0.05815865471959114,0.3128148913383484,0.5746847987174988,-0.07533305138349533,0.3387700021266937,0.6064625382423401,-0.06285729259252548,0.3531944453716278,0.5968782901763916,-0.046988196671009064,0.2866875231266022,0.5263994336128235,-0.050185661762952805,0.29388850927352905,0.5884180068969727,-0.0661580041050911,0.3141862452030182,0.6103777289390564,-0.06357322633266449,0.32833290100097656,0.5998589396476746,-0.05452485382556915,Right,0.98969966173172
10215,147,0,0.7592306137084961,0.49504968523979187,-2.6514132400734525e-07,0.7328838109970093,0.47885534167289734,-0.025194497779011726,0.7084340453147888,0.4622407555580139,-0.04706372693181038,0.7000676989555359,0.4695011377334595,-0.06624720990657806,0.7030148506164551,0.478472501039505,-0.08525688201189041,0.7417349815368652,0.3859018087387085,-0.05065324902534485,0.7192253470420837,0.4218744933605194,-0.084834024310112,0.7061717510223389,0.4598010182380676,-0.1068996712565422,0.6922599077224731,0.49844977259635925,-0.11726587265729904,0.7771518230438232,0.4017025828361511,-0.051670096814632416,0.7695929408073425,0.4630548059940338,-0.08642852306365967,0.7490513920783997,0.5206508636474609,-0.09624136239290237,0.7285148501396179,0.5620982050895691,-0.09658975154161453,0.8020132780075073,0.4304845333099365,-0.05455707013607025,0.7945953607559204,0.498098760843277,-0.08743773400783539,0.7706244587898254,0.5461287498474121,-0.08461657911539078,0.7484850883483887,0.5741726756095886,-0.07511766999959946,0.8177226185798645,0.46534955501556396,-0.05912833660840988,0.8093136548995972,0.5169762372970581,-0.08204421401023865,0.7874688506126404,0.5526399612426758,-0.07700484991073608,0.7685672044754028,0.5710639953613281,-0.06743775308132172,Left,0.9969906210899353
10215,147,1,0.31028199195861816,0.41402432322502136,1.921255403658506e-07,0.36016204953193665,0.4191899001598358,-0.022007426247000694,0.39807993173599243,0.463951975107193,-0.03639472275972366,0.4097166061401367,0.5177621245384216,-0.04308362305164337,0.4023532271385193,0.5546740889549255,-0.046579014509916306,0.3605462610721588,0.4580076336860657,-0.07358600199222565,0.3848731517791748,0.529951274394989,-0.09943976998329163,0.40331050753593445,0.5760821104049683,-0.10517568141222,0.41235119104385376,0.5897952318191528,-0.10266710072755814,0.32507115602493286,0.4821598529815674,-0.06606604903936386,0.33624815940856934,0.5619693398475647,-0.09007836133241653,0.36195698380470276,0.6035057902336121,-0.08323907107114792,0.376598984003067,0.5946152806282043,-0.07182244956493378,0.3004772961139679,0.5032733082771301,-0.05779053643345833,0.31008169054985046,0.5715341567993164,-0.0759040042757988,0.33690330386161804,0.6060274839401245,-0.06366551667451859,0.3533967435359955,0.5994356274604797,-0.04750879853963852,0.2862057685852051,0.5216773152351379,-0.05064944550395012,0.29133641719818115,0.5852950811386108,-0.06750496476888657,0.31173640489578247,0.610383152961731,-0.06504228711128235,0.3272239863872528,0.6030108332633972,-0.055713534355163574,Right,0.9900805950164795
10262,148,0,0.7906588315963745,0.43350136280059814,-2.6622879545357137e-07,0.7579104900360107,0.4185747504234314,-0.023445457220077515,0.728263258934021,0.41725364327430725,-0.048182666301727295,0.7146783471107483,0.4399665296077728,-0.07126051932573318,0.708312451839447,0.4611038267612457,-0.09512627124786377,0.7575834393501282,0.36456483602523804,-0.057021770626306534,0.7328219413757324,0.4071735739707947,-0.09451662003993988,0.7212513089179993,0.4472958743572235,-0.11885114014148712,0.7077413201332092,0.4856395721435547,-0.13066168129444122,0.7913644909858704,0.3836807310581207,-0.06167095899581909,0.7789501547813416,0.4516289532184601,-0.09860911965370178,0.757803201675415,0.5054911375045776,-0.10940006375312805,0.7375638484954834,0.5432568192481995,-0.11163271963596344,0.8164674043655396,0.41478589177131653,-0.06778478622436523,0.8055729866027832,0.48759663105010986,-0.1018223986029625,0.778081476688385,0.5298166871070862,-0.10065102577209473,0.7540811896324158,0.5545145869255066,-0.09321349114179611,0.8321053385734558,0.4506280720233917,-0.07556850463151932,0.8179394602775574,0.5065451860427856,-0.09675784409046173,0.7939022183418274,0.5377253890037537,-0.09089911729097366,0.7742391228675842,0.5544891357421875,-0.08232992142438889,Left,0.9983332753181458
10262,148,1,0.31088846921920776,0.4179307222366333,1.7431810306334228e-07,0.36026519536972046,0.4204886555671692,-0.024944420903921127,0.3982681334018707,0.4657306373119354,-0.04077930748462677,0.409083753824234,0.5206834077835083,-0.04825057461857796,0.402689129114151,0.5585687160491943,-0.05288854241371155,0.35758644342422485,0.45613405108451843,-0.07793635129928589,0.3808862268924713,0.5270469784736633,-0.1040145754814148,0.4000057578086853,0.5728105306625366,-0.11033252626657486,0.4102484881877899,0.5876359939575195,-0.10866221785545349,0.32280007004737854,0.48353874683380127,-0.0690591037273407,0.33551695942878723,0.5611207485198975,-0.09166402369737625,0.3616200089454651,0.6002265214920044,-0.08473364263772964,0.37619748711586,0.5919122695922852,-0.07437536120414734,0.29937833547592163,0.5082391500473022,-0.05951718986034393,0.3115081787109375,0.5739443898200989,-0.0768108144402504,0.33889883756637573,0.6045987606048584,-0.06607506424188614,0.3548373579978943,0.5962731838226318,-0.05214828997850418,0.28714343905448914,0.529446542263031,-0.051327191293239594,0.2929833233356476,0.5903972387313843,-0.0678657740354538,0.3139956295490265,0.6114752292633057,-0.06650873273611069,0.32935312390327454,0.6025312542915344,-0.05897187814116478,Right,0.9905953407287598
10309,149,0,0.8035209774971008,0.39493584632873535,-2.8403701435308903e-07,0.7671653032302856,0.3765102028846741,-0.025113128125667572,0.7364059686660767,0.37592175602912903,-0.04660307615995407,0.7204123139381409,0.40143072605133057,-0.06614110618829727,0.7181088924407959,0.42854657769203186,-0.08663672208786011,0.7747336030006409,0.34116071462631226,-0.047007884830236435,0.7486864328384399,0.39202582836151123,-0.078778475522995,0.7383662462234497,0.42809078097343445,-0.10081009566783905,0.7258477210998535,0.4571661353111267,-0.11216561496257782,0.8063850998878479,0.3687295913696289,-0.04943189397454262,0.7847316861152649,0.4343012571334839,-0.08015933632850647,0.7627048492431641,0.4782640039920807,-0.09358491748571396,0.7410656809806824,0.5062236785888672,-0.10011900216341019,0.8280823826789856,0.4017776846885681,-0.05383500084280968,0.8045461773872375,0.46801507472991943,-0.08441381901502609,0.7765451669692993,0.5008118152618408,-0.09070375561714172,0.7527678608894348,0.5203130841255188,-0.08999422937631607,0.838480532169342,0.4351324439048767,-0.059815000742673874,0.8168382048606873,0.48518580198287964,-0.0792372077703476,0.7918737530708313,0.5072870254516602,-0.0790264904499054,0.7694271206855774,0.5187737941741943,-0.07644974440336227,Left,0.9970073103904724
10309,149,1,0.30607497692108154,0.4116262197494507,8.474921742163133e-08,0.3533101975917816,0.40941154956817627,-0.026102745905518532,0.39213573932647705,0.4535888433456421,-0.042027682065963745,0.40269261598587036,0.5091620087623596,-0.049812305718660355,0.3967270851135254,0.5480088591575623,-0.05537484586238861,0.34710320830345154,0.44654110074043274,-0.07670781016349792,0.37153467535972595,0.5152086019515991,-0.1016063392162323,0.3936912715435028,0.5578635931015015,-0.10896838456392288,0.4081774353981018,0.5786287188529968,-0.10956567525863647,0.3152548372745514,0.47385308146476746,-0.06851840764284134,0.33409661054611206,0.5523239970207214,-0.0897807851433754,0.36551207304000854,0.5894302725791931,-0.08431558310985565,0.3852783739566803,0.5895816087722778,-0.07649100571870804,0.29510778188705444,0.4993458390235901,-0.059779927134513855,0.31189918518066406,0.5672513246536255,-0.07499758899211884,0.3419003486633301,0.5947713851928711,-0.06548511981964111,0.36054953932762146,0.5889079570770264,-0.05406520143151283,0.2858904004096985,0.5193286538124084,-0.052876636385917664,0.29265740513801575,0.581601083278656,-0.06623248755931854,0.3147397041320801,0.6032137274742126,-0.06441883742809296,0.3321443796157837,0.5977344512939453,-0.05840422958135605,Right,0.9940188527107239
10356,150,0,0.7929197549819946,0.3948068916797638,-3.270703814450826e-07,0.7595388293266296,0.3754875361919403,-0.02279176190495491,0.7340846061706543,0.3695788085460663,-0.04281841591000557,0.7202935814857483,0.39077457785606384,-0.06136898696422577,0.7176034450531006,0.4158670902252197,-0.08061055094003677,0.7730003595352173,0.3288610577583313,-0.04192321002483368,0.7519277930259705,0.3755754232406616,-0.07250244170427322,0.740571141242981,0.4099280536174774,-0.09388335049152374,0.7256551384925842,0.43779683113098145,-0.10448550432920456,0.8042199015617371,0.3543805778026581,-0.04477152228355408,0.7857816219329834,0.41673728823661804,-0.07438385486602783,0.7622682452201843,0.46183639764785767,-0.08669010549783707,0.7383517026901245,0.4901258945465088,-0.09184281527996063,0.8254461884498596,0.3857244551181793,-0.04962737485766411,0.805628776550293,0.4482042193412781,-0.08020826429128647,0.7777077555656433,0.4844774305820465,-0.0858859196305275,0.751502275466919,0.5064021944999695,-0.08397065848112106,0.8355221748352051,0.41769376397132874,-0.05576957389712334,0.8179293274879456,0.46261870861053467,-0.07562096416950226,0.7924114465713501,0.487975537776947,-0.07463768124580383,0.76713627576828,0.5034289956092834,-0.07067861407995224,Left,0.9970753788948059
10356,150,1,0.307722806930542,0.4124208390712738,2.6226587124256184e-08,0.35090264678001404,0.4075304865837097,-0.025147665292024612,0.38732755184173584,0.44549375772476196,-0.04136166349053383,0.3994350731372833,0.49712011218070984,-0.049420371651649475,0.3966008722782135,0.5370786786079407,-0.05557875335216522,0.34284529089927673,0.4278677701950073,-0.07517173886299133,0.3643038272857666,0.493640273809433,-0.09762512147426605,0.38572457432746887,0.535193681716919,-0.10318739712238312,0.4004356265068054,0.5589247345924377,-0.10347875952720642,0.3109232187271118,0.4568634629249573,-0.06671164929866791,0.32871565222740173,0.5322319269180298,-0.08526651561260223,0.3568078577518463,0.5684690475463867,-0.0796210765838623,0.3746533691883087,0.5752453207969666,-0.07320528477430344,0.2910240888595581,0.48682186007499695,-0.05743302404880524,0.3103880286216736,0.551969587802887,-0.07077041268348694,0.3371789753437042,0.5778777003288269,-0.06176789104938507,0.3534865081310272,0.5767828226089478,-0.05215253680944443,0.28235065937042236,0.5106806755065918,-0.04969286918640137,0.2954263687133789,0.5691400170326233,-0.06052887439727783,0.31643781065940857,0.5869656801223755,-0.057852618396282196,0.33122768998146057,0.5822999477386475,-0.05278879031538963,Right,0.9947596192359924
10403,151,0,0.7760474681854248,0.4047069549560547,-3.672661819109635e-07,0.7534089684486389,0.3819538950920105,-0.02040308341383934,0.7326657176017761,0.36651042103767395,-0.040099963545799255,0.7169637680053711,0.3786613941192627,-0.05865008756518364,0.7112328410148621,0.3995988667011261,-0.07795431464910507,0.7736244797706604,0.31529414653778076,-0.04025096073746681,0.7469921112060547,0.35220301151275635,-0.06901960074901581,0.7303072214126587,0.38672471046447754,-0.0887516662478447,0.7133496999740601,0.4149548411369324,-0.09839238971471786,0.8008672595024109,0.3421059548854828,-0.043203145265579224,0.7742258906364441,0.39659616351127625,-0.0716034322977066,0.7462316751480103,0.4401170313358307,-0.08155293762683868,0.7219993472099304,0.46819883584976196,-0.08424503356218338,0.8174716234207153,0.37612736225128174,-0.04769095778465271,0.7911156415939331,0.42860305309295654,-0.07476098835468292,0.761262834072113,0.46243736147880554,-0.07652097940444946,0.7368064522743225,0.48329681158065796,-0.07208026200532913,0.8245477080345154,0.411434531211853,-0.05354075878858566,0.8021078705787659,0.44973433017730713,-0.0706711858510971,0.7755694389343262,0.4718228876590729,-0.0675165206193924,0.7527592778205872,0.48420417308807373,-0.06155877187848091,Left,0.9974480271339417
10403,151,1,0.3179226517677307,0.4266666769981384,-1.0221313573310908e-07,0.35609865188598633,0.41451311111450195,-0.025777479633688927,0.38623133301734924,0.42521175742149353,-0.045993853360414505,0.3979357182979584,0.46109604835510254,-0.058688804507255554,0.39573150873184204,0.4969528615474701,-0.0700414702296257,0.3413292169570923,0.38675177097320557,-0.08010753989219666,0.36088454723358154,0.44645780324935913,-0.10625836998224258,0.38318711519241333,0.48423072695732117,-0.11450444161891937,0.3990803360939026,0.5008619427680969,-0.11609296500682831,0.3102286458015442,0.4149928092956543,-0.07246161252260208,0.33320915699005127,0.48140788078308105,-0.09343083947896957,0.3615565001964569,0.5136982202529907,-0.08871901780366898,0.37840452790260315,0.5169487595558167,-0.08398875594139099,0.29040318727493286,0.44803258776664734,-0.06409431993961334,0.3163536489009857,0.5018637776374817,-0.08212397247552872,0.3434893786907196,0.5260369181632996,-0.07490037381649017,0.3591071367263794,0.5246826410293579,-0.0668191984295845,0.2804534137248993,0.4784516394138336,-0.05688170716166496,0.3009280264377594,0.5212056636810303,-0.06946127116680145,0.3224169909954071,0.5364197492599487,-0.06661877781152725,0.33634671568870544,0.5324798822402954,-0.06253135949373245,Right,0.9926763772964478
10449,152,0,0.7740463018417358,0.4025011956691742,-3.336055840463814e-07,0.7527859210968018,0.382261723279953,-0.024178193882107735,0.72953200340271,0.36743515729904175,-0.04714067280292511,0.712570309638977,0.3809725344181061,-0.06771397590637207,0.7051018476486206,0.40267854928970337,-0.08883631229400635,0.7719432711601257,0.3181284964084625,-0.04890388622879982,0.7454050779342651,0.3560829162597656,-0.0802830159664154,0.7270530462265015,0.3909015655517578,-0.10159882158041,0.708772599697113,0.4203718304634094,-0.11236631125211716,0.7997762560844421,0.3442969024181366,-0.05042543634772301,0.7694621682167053,0.39698007702827454,-0.08067388832569122,0.7403295636177063,0.4438818395137787,-0.08970813453197479,0.71672523021698,0.4764319062232971,-0.09167394042015076,0.8159350752830505,0.3783004581928253,-0.05346348136663437,0.7883373498916626,0.4287669360637665,-0.08223184943199158,0.7568460702896118,0.463728666305542,-0.08072702586650848,0.7309552431106567,0.4852242171764374,-0.07394932210445404,0.8213662505149841,0.41377294063568115,-0.05826026201248169,0.7979248762130737,0.45454803109169006,-0.07770571112632751,0.7709863185882568,0.478362500667572,-0.07314527779817581,0.748464822769165,0.48959019780158997,-0.06570205092430115,Left,0.9993029236793518
10449,152,1,0.33501705527305603,0.4300147294998169,-1.6719413054033794e-07,0.36397677659988403,0.41477644443511963,-0.02627888135612011,0.38839587569236755,0.40459728240966797,-0.04679257795214653,0.39953452348709106,0.42716360092163086,-0.06440876424312592,0.3973524868488312,0.45973706245422363,-0.08173872530460358,0.3421015739440918,0.367609441280365,-0.05026384815573692,0.3586962819099426,0.4261932373046875,-0.08209308236837387,0.3825060725212097,0.465571790933609,-0.09842728823423386,0.3990841507911682,0.4869980812072754,-0.10496276617050171,0.31183022260665894,0.3934621512889862,-0.04880283772945404,0.32800590991973877,0.4525288939476013,-0.07691722363233566,0.3578345477581024,0.4899193048477173,-0.08225862681865692,0.3767212927341461,0.5047272443771362,-0.08289933949708939,0.2921115756034851,0.42649364471435547,-0.04925817623734474,0.30931809544563293,0.47950080037117004,-0.07667545974254608,0.3409499228000641,0.5091125965118408,-0.07402221113443375,0.36290884017944336,0.5180279612541199,-0.06741100549697876,0.2825920581817627,0.4581136703491211,-0.05154692009091377,0.2881441116333008,0.4940766990184784,-0.0692848265171051,0.31166160106658936,0.5153181552886963,-0.06587472558021545,0.3292129933834076,0.5215182900428772,-0.06024244427680969,Right,0.9964646100997925
10496,153,0,0.7769731879234314,0.4003092646598816,-3.218735287191521e-07,0.7548748254776001,0.38303500413894653,-0.023946763947606087,0.7293495535850525,0.3713247776031494,-0.04755185917019844,0.7108938097953796,0.3886980712413788,-0.06870919466018677,0.7031615376472473,0.4143063426017761,-0.09031036496162415,0.7696191668510437,0.3234565556049347,-0.05122677609324455,0.7416771054267883,0.3629876673221588,-0.08320675045251846,0.7239257097244263,0.3985411524772644,-0.10447210818529129,0.707288384437561,0.4289800524711609,-0.11525183916091919,0.7974283695220947,0.34743040800094604,-0.05288391560316086,0.7669553756713867,0.400687575340271,-0.08359052240848541,0.7381058931350708,0.4485858976840973,-0.09217628836631775,0.7162584662437439,0.48208436369895935,-0.09385266900062561,0.8143396973609924,0.379901647567749,-0.05586563050746918,0.7875029444694519,0.43034228682518005,-0.08470892161130905,0.7568102478981018,0.4657840430736542,-0.08237271010875702,0.7325505018234253,0.48637357354164124,-0.0752081423997879,0.8208031058311462,0.4143114686012268,-0.06059490889310837,0.7976294755935669,0.45589011907577515,-0.07992898672819138,0.7710176706314087,0.48011043667793274,-0.07484840601682663,0.7501125335693359,0.4911082983016968,-0.06716687232255936,Left,0.9993244409561157
10496,153,1,0.3347795009613037,0.4186631441116333,-2.2900364626821101e-07,0.36520856618881226,0.4036109745502472,-0.025969408452510834,0.3913824260234833,0.3918699622154236,-0.046234048902988434,0.3982868194580078,0.4121967852115631,-0.0631745308637619,0.39275553822517395,0.44161656498908997,-0.08064442127943039,0.33999210596084595,0.3574087917804718,-0.052857693284749985,0.35928571224212646,0.41854870319366455,-0.08080845326185226,0.38151174783706665,0.4520629644393921,-0.09647716581821442,0.3997894525527954,0.47331416606903076,-0.10309913754463196,0.310086727142334,0.3815253674983978,-0.05008438602089882,0.3290803134441376,0.4406592547893524,-0.07487328350543976,0.35637789964675903,0.47652116417884827,-0.0817943587899208,0.3775954246520996,0.49892207980155945,-0.08398208767175674,0.29100432991981506,0.411691278219223,-0.04801807925105095,0.31162774562835693,0.4679575264453888,-0.0710126981139183,0.3406298756599426,0.4973646402359009,-0.07077925652265549,0.36311572790145874,0.5129613876342773,-0.06650831550359726,0.2813815474510193,0.4429875314235687,-0.04773101955652237,0.2898395359516144,0.4819737374782562,-0.062482528388500214,0.31249749660491943,0.5020172595977783,-0.059728123247623444,0.33044421672821045,0.5110770463943481,-0.054948706179857254,Right,0.9936284422874451
10541,154,0,0.7750124335289001,0.4033314883708954,-3.149181395656342e-07,0.7479978203773499,0.3876248002052307,-0.02317984402179718,0.7214083671569824,0.3781609535217285,-0.046771395951509476,0.7093378901481628,0.3964675962924957,-0.06818489730358124,0.7096142172813416,0.4246591031551361,-0.0900508239865303,0.7620232701301575,0.3335655927658081,-0.05190950632095337,0.739094614982605,0.377376914024353,-0.08371946960687637,0.7252891659736633,0.41601884365081787,-0.10533151775598526,0.7124424576759338,0.44619742035865784,-0.11662908643484116,0.7898764610290527,0.35558685660362244,-0.05393853411078453,0.7676028609275818,0.4112894833087921,-0.08462291210889816,0.7428721785545349,0.4572218954563141,-0.09495677798986435,0.723229169845581,0.48796606063842773,-0.09845983237028122,0.8082048892974854,0.38472670316696167,-0.05686788260936737,0.7900081872940063,0.43614527583122253,-0.08675479143857956,0.7628594636917114,0.47389212250709534,-0.08666688948869705,0.7394185662269592,0.49612775444984436,-0.08100087940692902,0.8164101243019104,0.4158953130245209,-0.061295557767152786,0.8020042181015015,0.4566129148006439,-0.08227978646755219,0.7809944152832031,0.4841325879096985,-0.07867004722356796,0.7626509666442871,0.49934178590774536,-0.0718226209282875,Left,0.9983168840408325
10541,154,1,0.33147549629211426,0.41041699051856995,-2.2754126405288844e-07,0.361100971698761,0.39104604721069336,-0.025736648589372635,0.38418394327163696,0.3791283667087555,-0.04575758054852486,0.3937065005302429,0.40755459666252136,-0.06262677907943726,0.3949244022369385,0.447684645652771,-0.08023487031459808,0.3337763547897339,0.3579060435295105,-0.05100490525364876,0.35151243209838867,0.4080967307090759,-0.07997653633356094,0.3715008497238159,0.4414266347885132,-0.09681554138660431,0.38845473527908325,0.4671194851398468,-0.10380013287067413,0.3059424161911011,0.38301411271095276,-0.048140160739421844,0.3215940594673157,0.4348822832107544,-0.07212541997432709,0.3473607003688812,0.47095078229904175,-0.078492671251297,0.3687293529510498,0.49721989035606384,-0.08041127026081085,0.28854960203170776,0.4116537272930145,-0.046352267265319824,0.306807279586792,0.4628644585609436,-0.06821732968091965,0.3333502411842346,0.49519068002700806,-0.06763418018817902,0.3551284968852997,0.5155109167098999,-0.06316597759723663,0.28019317984580994,0.4400654435157776,-0.04656720161437988,0.2865288555622101,0.4764196574687958,-0.06043111905455589,0.3066762387752533,0.49980807304382324,-0.05720400810241699,0.32390040159225464,0.5144580602645874,-0.05234541371464729,Right,0.9964982867240906
10588,155,0,0.7808627486228943,0.3990190327167511,-2.592341843410395e-07,0.7514333724975586,0.38758066296577454,-0.02364710345864296,0.7229773998260498,0.3864506781101227,-0.04772751033306122,0.7083373665809631,0.411788672208786,-0.06949172168970108,0.7060108184814453,0.44201257824897766,-0.0920475497841835,0.7585429549217224,0.3434635400772095,-0.05493612959980965,0.7355660796165466,0.3839032053947449,-0.0867495909333229,0.7243140935897827,0.421817809343338,-0.1073545590043068,0.7135021090507507,0.4520498514175415,-0.11788393557071686,0.786840558052063,0.36436086893081665,-0.0572252981364727,0.7684310078620911,0.4144614338874817,-0.0884823426604271,0.7477341294288635,0.4613769054412842,-0.09838154911994934,0.7303023934364319,0.49331551790237427,-0.10159420222043991,0.8061243891716003,0.3922875225543976,-0.06031506136059761,0.7907414436340332,0.43940645456314087,-0.09034673869609833,0.7668494582176208,0.47884464263916016,-0.08988561481237411,0.7459715008735657,0.5025766491889954,-0.08410575240850449,0.81511390209198,0.4221225082874298,-0.06491650640964508,0.803497850894928,0.46254393458366394,-0.0853557214140892,0.785384476184845,0.49112391471862793,-0.08138103783130646,0.7692838907241821,0.5064247250556946,-0.07480141520500183,Left,0.9989428520202637
10588,155,1,0.33963286876678467,0.42611047625541687,-2.905010489939741e-07,0.36394110321998596,0.4040318429470062,-0.024786073714494705,0.38043123483657837,0.3851405382156372,-0.04308618977665901,0.3888843059539795,0.4065762162208557,-0.05841958522796631,0.3892654776573181,0.44494539499282837,-0.07409258931875229,0.3341881036758423,0.3605198860168457,-0.04750211164355278,0.34804198145866394,0.40751367807388306,-0.07502464950084686,0.3683054447174072,0.44500553607940674,-0.09073333442211151,0.38563069701194763,0.4710354506969452,-0.09698595851659775,0.3066253662109375,0.38587939739227295,-0.04467283561825752,0.3188383877277374,0.43728455901145935,-0.0668749064207077,0.34288790822029114,0.47608765959739685,-0.07278262823820114,0.3645573556423187,0.5020164847373962,-0.07443010807037354,0.2887939214706421,0.414539635181427,-0.043120935559272766,0.30360111594200134,0.46597567200660706,-0.06355661153793335,0.32932260632514954,0.4995928704738617,-0.06356960535049438,0.35159361362457275,0.5199525952339172,-0.05967644974589348,0.2786538302898407,0.44334638118743896,-0.043437592685222626,0.28241395950317383,0.48201000690460205,-0.05631303787231445,0.30384108424186707,0.5067456960678101,-0.052959881722927094,0.32346558570861816,0.5212202072143555,-0.047793734818696976,Right,0.9963089823722839
10633,156,0,0.788970947265625,0.3661850690841675,-2.673673122899345e-07,0.7585592865943909,0.3636055886745453,-0.019385043531656265,0.7294425964355469,0.37842875719070435,-0.041077759116888046,0.7119783163070679,0.41547489166259766,-0.06185169145464897,0.7043868899345398,0.44856831431388855,-0.08434206992387772,0.7565734386444092,0.35328030586242676,-0.04987354949116707,0.7382532358169556,0.3954491913318634,-0.07862342894077301,0.7276173233985901,0.4313187301158905,-0.0978245660662651,0.7170678377151489,0.4591534733772278,-0.10784828662872314,0.7846017479896545,0.37592172622680664,-0.05418269336223602,0.7697420120239258,0.4213148057460785,-0.08078590035438538,0.7514051198959351,0.4645131528377533,-0.09072716534137726,0.7341911792755127,0.4928508698940277,-0.09591656178236008,0.8056132197380066,0.40231528878211975,-0.05878101661801338,0.7939035296440125,0.44539105892181396,-0.08513716608285904,0.7726254463195801,0.48330360651016235,-0.08653216063976288,0.753031313419342,0.5069393515586853,-0.08355138450860977,0.8170745372772217,0.4290649890899658,-0.0645156279206276,0.8103014230728149,0.46806031465530396,-0.0816100612282753,0.7968999743461609,0.49527066946029663,-0.07783427089452744,0.7827011942863464,0.5117975473403931,-0.0731101781129837,Left,0.9970874786376953
10633,156,1,0.33905813097953796,0.42701244354248047,-2.6790365836859564e-07,0.36364075541496277,0.40462735295295715,-0.025453094393014908,0.3806615173816681,0.387098491191864,-0.04439259693026543,0.3871447443962097,0.4118429124355316,-0.060682494193315506,0.3869486451148987,0.44912609457969666,-0.07760735601186752,0.3306584656238556,0.3667415976524353,-0.045998942106962204,0.3432486951351166,0.412056565284729,-0.07401441037654877,0.36357659101486206,0.44458258152008057,-0.0915478765964508,0.3816938102245331,0.46790334582328796,-0.09906528145074844,0.3054993152618408,0.3925584554672241,-0.043178051710128784,0.31703582406044006,0.44038212299346924,-0.06623227894306183,0.341082900762558,0.4743219017982483,-0.07484935224056244,0.362837016582489,0.49925944209098816,-0.07845146954059601,0.2898431420326233,0.42115122079849243,-0.04172394424676895,0.30370205640792847,0.46790480613708496,-0.06303584575653076,0.3279523253440857,0.500030517578125,-0.06535819172859192,0.3498729169368744,0.522052526473999,-0.06286225467920303,0.2817096412181854,0.4492802321910858,-0.042182378470897675,0.2823014259338379,0.4850904941558838,-0.05545554682612419,0.2997955083847046,0.5097382664680481,-0.0535680428147316,0.31685101985931396,0.5276609063148499,-0.04962059482932091,Right,0.9970880746841431
10678,157,0,0.7888284921646118,0.3692590594291687,1.9883904656126106e-07,0.7542338967323303,0.3802243769168854,-0.017255280166864395,0.7262229323387146,0.40586593747138977,-0.02846548892557621,0.7099497318267822,0.44336459040641785,-0.035160131752491,0.7028617858886719,0.4762457013130188,-0.04263261705636978,0.751390814781189,0.3842271864414215,-0.0530591644346714,0.7354893684387207,0.4230823218822479,-0.07177098840475082,0.7271728515625,0.46283361315727234,-0.08045430481433868,0.7210095524787903,0.49478742480278015,-0.08565188944339752,0.7807430028915405,0.3976235091686249,-0.050163086503744125,0.7703405022621155,0.44395217299461365,-0.0690825805068016,0.7577261328697205,0.4897347092628479,-0.07679707556962967,0.7456885576248169,0.5223240256309509,-0.08328667283058167,0.8017465472221375,0.41437867283821106,-0.04642471298575401,0.7929776310920715,0.4588397741317749,-0.06254421919584274,0.7775993943214417,0.498311311006546,-0.07031664997339249,0.7626495957374573,0.5271338820457458,-0.07583999633789062,0.8153612017631531,0.43062713742256165,-0.04307328909635544,0.8180554509162903,0.4684125781059265,-0.05870082601904869,0.8126949667930603,0.4987886846065521,-0.06776584684848785,0.8041015267372131,0.5225474834442139,-0.0737464427947998,Left,0.9991186261177063
10678,157,1,0.3400498032569885,0.4186495840549469,-2.7657384293888754e-07,0.3632638454437256,0.40016135573387146,-0.027032695710659027,0.37772661447525024,0.3905318081378937,-0.047256991267204285,0.3850688338279724,0.42409980297088623,-0.06428755819797516,0.38774746656417847,0.4657789468765259,-0.08195839822292328,0.327178955078125,0.37362873554229736,-0.050777602940797806,0.34308022260665894,0.4250790774822235,-0.07782210409641266,0.36574578285217285,0.45651549100875854,-0.09387215226888657,0.3856355547904968,0.4781928062438965,-0.10059210658073425,0.3049434721469879,0.39929673075675964,-0.046848829835653305,0.31902217864990234,0.45080286264419556,-0.06905759871006012,0.34318578243255615,0.4857686460018158,-0.0771717056632042,0.36475759744644165,0.5113236308097839,-0.08088067173957825,0.2920009195804596,0.4268668293952942,-0.043895475566387177,0.30691009759902954,0.4752260446548462,-0.06443917006254196,0.33070752024650574,0.5075550675392151,-0.06715242564678192,0.35182762145996094,0.5296451449394226,-0.06533191353082657,0.2864937484264374,0.4535350501537323,-0.042814936488866806,0.28731709718704224,0.49006733298301697,-0.05540837347507477,0.30298829078674316,0.5147982239723206,-0.05366915091872215,0.31811827421188354,0.5346567630767822,-0.05017327144742012,Right,0.997313916683197
10724,158,0,0.7827476859092712,0.37261679768562317,1.877584168141766e-07,0.7496814131736755,0.38232895731925964,-0.01677854172885418,0.7222957015037537,0.4128037393093109,-0.027561519294977188,0.708257257938385,0.4516870379447937,-0.03379763662815094,0.696506679058075,0.47869452834129333,-0.04050060361623764,0.7468271851539612,0.39215245842933655,-0.051317114382982254,0.7303332090377808,0.4282814562320709,-0.06971064954996109,0.7229759097099304,0.46389642357826233,-0.07823046296834946,0.7168558239936829,0.49456357955932617,-0.08358977735042572,0.775799572467804,0.4033834934234619,-0.048172563314437866,0.7645427584648132,0.44522538781166077,-0.06550465524196625,0.7545459270477295,0.48611778020858765,-0.07239662110805511,0.7447057962417603,0.5167776346206665,-0.07881411910057068,0.7974222302436829,0.41771751642227173,-0.04425115883350372,0.7894362211227417,0.4588896334171295,-0.059411998838186264,0.7763552665710449,0.4940558075904846,-0.0665256530046463,0.7634541988372803,0.520999014377594,-0.07207148522138596,0.8122395277023315,0.43215736746788025,-0.040716178715229034,0.8167921304702759,0.46942612528800964,-0.05555085837841034,0.8141521215438843,0.4965526759624481,-0.06423797458410263,0.8076425790786743,0.5194603800773621,-0.07047084718942642,Left,0.9984984397888184
10724,158,1,0.3475596308708191,0.4242982566356659,-2.8340920721348084e-07,0.3684591054916382,0.40621283650398254,-0.03248181939125061,0.3776330351829529,0.39521098136901855,-0.05310831218957901,0.382554292678833,0.4284615218639374,-0.06872498244047165,0.3844524919986725,0.4649224281311035,-0.08353258669376373,0.32234305143356323,0.3741612434387207,-0.055897604674100876,0.33850622177124023,0.42279812693595886,-0.08090271055698395,0.3628024458885193,0.45742297172546387,-0.09202897548675537,0.38392573595046997,0.48024067282676697,-0.09552063792943954,0.3010830581188202,0.40011298656463623,-0.048903219401836395,0.3153032660484314,0.44900134205818176,-0.07159639149904251,0.34401291608810425,0.48516789078712463,-0.07784350216388702,0.3674628436565399,0.5080610513687134,-0.0795784592628479,0.29105404019355774,0.42935705184936523,-0.043275438249111176,0.30436328053474426,0.4776856005191803,-0.06595395505428314,0.3307819068431854,0.5092024803161621,-0.06921815127134323,0.35350221395492554,0.5294992923736572,-0.06717808544635773,0.2890322506427765,0.4584001302719116,-0.039453551173210144,0.2905171811580658,0.4896121323108673,-0.055312689393758774,0.30506253242492676,0.5133103132247925,-0.055909257382154465,0.31862369179725647,0.5341014266014099,-0.053367119282484055,Right,0.9987155199050903
10768,159,0,0.7810401916503906,0.3636105954647064,2.1049189058430784e-07,0.7470856308937073,0.3778515160083771,-0.014876853674650192,0.7206857204437256,0.41490301489830017,-0.02547549083828926,0.704318642616272,0.4555697739124298,-0.0317160040140152,0.689389169216156,0.48445242643356323,-0.03833609074354172,0.7382100820541382,0.39376866817474365,-0.053604092448949814,0.7165236473083496,0.4347798824310303,-0.07246987521648407,0.7064651846885681,0.46978574991226196,-0.07999732345342636,0.6983417272567749,0.500481128692627,-0.08459620922803879,0.7658411860466003,0.4051631689071655,-0.05133366584777832,0.7534788250923157,0.44995957612991333,-0.07039421796798706,0.7428653836250305,0.4902072846889496,-0.07676151394844055,0.732900857925415,0.5226088762283325,-0.08222831040620804,0.7880752682685852,0.41981661319732666,-0.04794863983988762,0.778712809085846,0.46362167596817017,-0.0645756796002388,0.7663614749908447,0.4991113543510437,-0.07139597833156586,0.7541489005088806,0.5275686383247375,-0.07628418505191803,0.8040145635604858,0.43527188897132874,-0.04459536075592041,0.8086839318275452,0.4741707146167755,-0.059702739119529724,0.8080224990844727,0.5030316710472107,-0.06846242398023605,0.8032451868057251,0.5287810564041138,-0.07463652640581131,Left,0.9941490888595581
10768,159,1,0.3393414616584778,0.41924360394477844,-2.652566308825044e-07,0.3646194636821747,0.4035390317440033,-0.03500206023454666,0.3795620799064636,0.3992863893508911,-0.05870869755744934,0.38342222571372986,0.43181079626083374,-0.07656297087669373,0.3839121460914612,0.46732744574546814,-0.09389574825763702,0.32702043652534485,0.3819893002510071,-0.0639844536781311,0.3515099585056305,0.4336545169353485,-0.09107747673988342,0.37422850728034973,0.47082605957984924,-0.10395754128694534,0.3930210471153259,0.4965207576751709,-0.10883454233407974,0.3054962456226349,0.40690159797668457,-0.05590224266052246,0.3263497054576874,0.4592146575450897,-0.07928143441677094,0.3519569933414459,0.495466023683548,-0.08586277067661285,0.373998761177063,0.5196750164031982,-0.08889515697956085,0.29541581869125366,0.43514102697372437,-0.04910026863217354,0.31328555941581726,0.48403406143188477,-0.07172339409589767,0.3351972997188568,0.513742208480835,-0.07528083026409149,0.35542982816696167,0.5335654020309448,-0.07457034289836884,0.2933337092399597,0.462416410446167,-0.04425214231014252,0.2989143133163452,0.4934920370578766,-0.05949825420975685,0.31008851528167725,0.5163349509239197,-0.060550231486558914,0.3209435045719147,0.5375012159347534,-0.059324659407138824,Right,0.998393177986145
10811,160,0,0.7805593609809875,0.3683274984359741,1.9510434867697768e-07,0.7444760203361511,0.38055717945098877,-0.015995418652892113,0.7172453999519348,0.4169456362724304,-0.027503352612257004,0.7003338932991028,0.45846888422966003,-0.03434237837791443,0.6859872937202454,0.4888121783733368,-0.041803378611803055,0.7306565046310425,0.39823418855667114,-0.0576428659260273,0.7115772366523743,0.44046658277511597,-0.07780035585165024,0.7029955983161926,0.4767817556858063,-0.08579972386360168,0.6965572237968445,0.5073204636573792,-0.09049949049949646,0.7587016820907593,0.4088829755783081,-0.0558699332177639,0.747948944568634,0.45563679933547974,-0.07664318382740021,0.7379962205886841,0.49704644083976746,-0.08365590870380402,0.728631854057312,0.5280065536499023,-0.08915066719055176,0.7823427319526672,0.42111000418663025,-0.0529637411236763,0.7746230363845825,0.4650281071662903,-0.07092959433794022,0.7625640630722046,0.5015400052070618,-0.07880648970603943,0.750031054019928,0.5298520922660828,-0.08413495123386383,0.7997750043869019,0.4329622983932495,-0.050070419907569885,0.8054559230804443,0.4731847047805786,-0.06740176677703857,0.8065014481544495,0.5032435059547424,-0.0774008259177208,0.8039336800575256,0.5288781523704529,-0.0838799998164177,Left,0.9979313015937805
10811,160,1,0.3350042700767517,0.4078705906867981,-2.642804020069889e-07,0.3623862862586975,0.39301833510398865,-0.03888202831149101,0.3773767650127411,0.3935028314590454,-0.06558116525411606,0.38365140557289124,0.4277241826057434,-0.08535676449537277,0.387166291475296,0.46219581365585327,-0.10453786700963974,0.33069244027137756,0.37706345319747925,-0.07432512193918228,0.35958510637283325,0.4293712079524994,-0.10433345288038254,0.38348960876464844,0.46832334995269775,-0.11812029033899307,0.4019145369529724,0.495463490486145,-0.12368040531873703,0.3092060685157776,0.40073361992836,-0.06560951471328735,0.3327583372592926,0.45487454533576965,-0.09338893741369247,0.35900187492370605,0.4927809238433838,-0.10148495435714722,0.3804371953010559,0.5161142945289612,-0.10507800430059433,0.29858076572418213,0.4286687970161438,-0.05796671286225319,0.3182436525821686,0.4800526201725006,-0.08435385674238205,0.3416748642921448,0.5111563205718994,-0.08895741403102875,0.36103928089141846,0.5302962064743042,-0.08853065967559814,0.29609739780426025,0.45609286427497864,-0.052317697554826736,0.3046928346157074,0.4896944463253021,-0.07081521302461624,0.31723472476005554,0.5135563611984253,-0.07332051545381546,0.32745641469955444,0.5334415435791016,-0.07284721732139587,Right,0.9972167015075684
10854,161,0,0.7789759635925293,0.372313916683197,1.6871382513272692e-07,0.7419997453689575,0.38370612263679504,-0.015917936339974403,0.7147661447525024,0.417316198348999,-0.028355076909065247,0.6988232135772705,0.4577144384384155,-0.03598959743976593,0.6888894438743591,0.4907371997833252,-0.04447837173938751,0.730595052242279,0.39685073494911194,-0.0596548430621624,0.7107069492340088,0.4427374005317688,-0.07920801639556885,0.7006649971008301,0.4799197316169739,-0.08709163963794708,0.6933516263961792,0.510486900806427,-0.0918673425912857,0.7588559985160828,0.40759897232055664,-0.05817907676100731,0.7472821474075317,0.4553145468235016,-0.07860594242811203,0.736198902130127,0.4981444776058197,-0.08589677512645721,0.726087749004364,0.5297344326972961,-0.09199679642915726,0.7821683287620544,0.4201602339744568,-0.05527147278189659,0.7741044163703918,0.46488964557647705,-0.07256367057561874,0.7614947557449341,0.5015808343887329,-0.08092925697565079,0.7493193745613098,0.5294739007949829,-0.08712238073348999,0.7991034984588623,0.43212953209877014,-0.05232510343194008,0.8043872117996216,0.47324275970458984,-0.06975012272596359,0.8058957457542419,0.504130482673645,-0.079973965883255,0.8045234084129333,0.5302625894546509,-0.0867895781993866,Left,0.9991437792778015
10854,161,1,0.33703258633613586,0.4050307869911194,-2.9732026973761094e-07,0.36373329162597656,0.3890553414821625,-0.03813021257519722,0.3781144320964813,0.39068710803985596,-0.06424303352832794,0.38616567850112915,0.4209456741809845,-0.08340109884738922,0.39279040694236755,0.4525662362575531,-0.10227612406015396,0.3352630138397217,0.37514394521713257,-0.07337267696857452,0.3657848834991455,0.427865207195282,-0.10208718478679657,0.38908621668815613,0.4668484628200531,-0.11582373827695847,0.40772098302841187,0.49498140811920166,-0.12182571738958359,0.31326207518577576,0.39825916290283203,-0.06461900472640991,0.3423502743244171,0.45370104908943176,-0.09136521071195602,0.368377149105072,0.492855042219162,-0.10036353766918182,0.3884147107601166,0.5190830230712891,-0.10541705042123795,0.3019424378871918,0.425515353679657,-0.05677333474159241,0.3243115246295929,0.47727397084236145,-0.08156733959913254,0.34558480978012085,0.5085932016372681,-0.08822949230670929,0.3626759648323059,0.5309574604034424,-0.090317003428936,0.29883691668510437,0.45271939039230347,-0.050826121121644974,0.30888205766677856,0.4880305230617523,-0.06853664666414261,0.3204732835292816,0.5116708874702454,-0.07251523435115814,0.329132616519928,0.5327250361442566,-0.07389982789754868,Right,0.9910913109779358
10896,162,0,0.7777379751205444,0.3722877502441406,1.5858805113566632e-07,0.7406408190727234,0.38424307107925415,-0.014657738618552685,0.7143752574920654,0.4181004464626312,-0.02651282772421837,0.6991084814071655,0.45823565125465393,-0.03375062718987465,0.6882027983665466,0.4883175194263458,-0.04176398366689682,0.7319803833961487,0.39772504568099976,-0.05748347193002701,0.7147254347801208,0.44609084725379944,-0.0764722153544426,0.7063314914703369,0.4847651422023773,-0.08456342667341232,0.7003982663154602,0.5160583853721619,-0.089635469019413,0.760998010635376,0.4084353446960449,-0.05657815560698509,0.7494046092033386,0.45645126700401306,-0.07664678990840912,0.7378750443458557,0.5004135370254517,-0.08455506712198257,0.7274097204208374,0.5326066613197327,-0.09115202724933624,0.784648597240448,0.4211498498916626,-0.05416565015912056,0.7765020132064819,0.4666638970375061,-0.07115879654884338,0.7626388669013977,0.5030657649040222,-0.08048000186681747,0.749107837677002,0.5301768779754639,-0.08743084222078323,0.8017998337745667,0.43325820565223694,-0.05154888704419136,0.8065770864486694,0.47294682264328003,-0.06869660317897797,0.8070182800292969,0.5042266845703125,-0.07948050647974014,0.8043947815895081,0.5309768319129944,-0.08685870468616486,Left,0.9993051886558533
10896,162,1,0.34009483456611633,0.40925881266593933,-2.723110981150967e-07,0.36757028102874756,0.39717140793800354,-0.03668879717588425,0.38354939222335815,0.404339462518692,-0.06303887069225311,0.3929690718650818,0.43741148710250854,-0.0825711339712143,0.3996400237083435,0.4681659936904907,-0.10193125903606415,0.34702104330062866,0.38001561164855957,-0.07194336503744125,0.37390947341918945,0.43183764815330505,-0.09950985759496689,0.39448750019073486,0.47041597962379456,-0.1128246933221817,0.4107775390148163,0.4981447458267212,-0.11903893947601318,0.32470184564590454,0.3998810648918152,-0.06400255113840103,0.34792613983154297,0.45638787746429443,-0.09046553820371628,0.37232092022895813,0.49638646841049194,-0.09945441037416458,0.39073073863983154,0.5220905542373657,-0.10475067794322968,0.3114612102508545,0.4260426461696625,-0.05677974969148636,0.3276747465133667,0.4781816601753235,-0.08173049241304398,0.34747305512428284,0.5115668773651123,-0.08843335509300232,0.36356163024902344,0.5350088477134705,-0.09077657759189606,0.30486294627189636,0.4533109962940216,-0.051218632608652115,0.31145179271698,0.4877825975418091,-0.06943491846323013,0.32140132784843445,0.512273907661438,-0.07342547923326492,0.32860592007637024,0.5336595177650452,-0.07501816749572754,Right,0.9445275068283081
10938,163,0,0.7772682905197144,0.3691369295120239,1.959797231165794e-07,0.7410357594490051,0.3811738193035126,-0.015801265835762024,0.7149357795715332,0.4149922728538513,-0.027551665902137756,0.6999713778495789,0.45390063524246216,-0.03456711396574974,0.689271092414856,0.4840654134750366,-0.0421757772564888,0.7345218062400818,0.4002359211444855,-0.05758150666952133,0.7160692811012268,0.4478176236152649,-0.07729905843734741,0.7071599364280701,0.48623722791671753,-0.08589080721139908,0.7006356716156006,0.5175108313560486,-0.09102188050746918,0.7629663944244385,0.4109658896923065,-0.055628467351198196,0.7501972317695618,0.45650714635849,-0.07561244815587997,0.7384085655212402,0.49957627058029175,-0.08318331092596054,0.7280657291412354,0.531450092792511,-0.08934535086154938,0.7860568165779114,0.422821044921875,-0.05239703133702278,0.7774140238761902,0.4659386873245239,-0.06884434074163437,0.7645699381828308,0.5021562576293945,-0.07738248258829117,0.7522034049034119,0.5298676490783691,-0.0836290568113327,0.8028836846351624,0.4338858425617218,-0.049229979515075684,0.8077114820480347,0.47370433807373047,-0.06569431722164154,0.8080108165740967,0.5036759972572327,-0.07595983892679214,0.8048562407493591,0.5293328762054443,-0.08282370120286942,Left,0.9987321496009827
10938,163,1,0.3438710868358612,0.4165077209472656,-2.60528764783885e-07,0.37195083498954773,0.4028569459915161,-0.03557555004954338,0.389827162027359,0.4018656015396118,-0.06104501709342003,0.39719492197036743,0.4327508807182312,-0.08096025884151459,0.40021461248397827,0.46547913551330566,-0.10084059834480286,0.34217751026153564,0.3808926045894623,-0.06652861833572388,0.37245094776153564,0.4308590590953827,-0.09581482410430908,0.3949953615665436,0.47141143679618835,-0.11062300205230713,0.41251328587532043,0.5012490153312683,-0.11682631820440292,0.3200581967830658,0.40267693996429443,-0.059250667691230774,0.3461446464061737,0.45560795068740845,-0.08709055930376053,0.3718397915363312,0.4966047704219818,-0.09645439684391022,0.391961008310318,0.5235477685928345,-0.1007198914885521,0.3084823787212372,0.4295848608016968,-0.0531676709651947,0.3273014426231384,0.47698333859443665,-0.08020304888486862,0.34843990206718445,0.50982266664505,-0.08620460331439972,0.3658686578273773,0.5325407981872559,-0.08629395067691803,0.3044877350330353,0.45713314414024353,-0.048717934638261795,0.30997195839881897,0.4902239441871643,-0.06765265017747879,0.3199855387210846,0.5136104226112366,-0.07058155536651611,0.32797425985336304,0.5337708592414856,-0.07021702080965042,Right,0.9921864867210388
10979,164,0,0.7756789326667786,0.3687603175640106,2.3550597916255356e-07,0.7405095100402832,0.38279232382774353,-0.017526764422655106,0.7149875164031982,0.4171993136405945,-0.03009340725839138,0.7003968358039856,0.45579054951667786,-0.03763978183269501,0.6868816018104553,0.48267844319343567,-0.045563049614429474,0.7339766025543213,0.40119442343711853,-0.05948866158723831,0.7169506549835205,0.446494996547699,-0.0814925879240036,0.7082427740097046,0.4848827123641968,-0.09183034300804138,0.7011309862136841,0.5168408751487732,-0.09807753562927246,0.763335645198822,0.41147908568382263,-0.05677281320095062,0.7511076331138611,0.45668861269950867,-0.07832883298397064,0.7393649816513062,0.49802160263061523,-0.08665039390325546,0.7280382513999939,0.5292192697525024,-0.09339061379432678,0.786465048789978,0.4243723750114441,-0.0530252568423748,0.778413712978363,0.46679168939590454,-0.07095735520124435,0.7652691602706909,0.5024979710578918,-0.07951068133115768,0.7519564628601074,0.5304169058799744,-0.08561764657497406,0.8030738830566406,0.43743908405303955,-0.04955749213695526,0.8080911636352539,0.47572794556617737,-0.0662844181060791,0.8085227608680725,0.504981279373169,-0.07649502158164978,0.8052769303321838,0.5310882925987244,-0.08346797525882721,Left,0.9983494877815247
10979,164,1,0.34213006496429443,0.4136064648628235,-2.5948156689992175e-07,0.3708651661872864,0.40202125906944275,-0.033414386212825775,0.39080700278282166,0.4039836525917053,-0.05879972130060196,0.3982123136520386,0.4371120035648346,-0.0792464166879654,0.4006957709789276,0.47179555892944336,-0.09986899048089981,0.34263038635253906,0.38164442777633667,-0.06483250856399536,0.37269914150238037,0.43453770875930786,-0.09459662437438965,0.3938043713569641,0.47236865758895874,-0.1106623038649559,0.4114527404308319,0.499329149723053,-0.11778514087200165,0.31989502906799316,0.4040571451187134,-0.05878906697034836,0.34633535146713257,0.45877593755722046,-0.08568339049816132,0.37017345428466797,0.49835970997810364,-0.09495595842599869,0.3901852071285248,0.524886965751648,-0.0997292771935463,0.3081696331501007,0.43102172017097473,-0.05384185165166855,0.32710951566696167,0.47939634323120117,-0.07942569255828857,0.3464120030403137,0.5115177035331726,-0.08477441966533661,0.3635815978050232,0.5337444543838501,-0.08497395366430283,0.3040408194065094,0.45817288756370544,-0.05057916417717934,0.3097248077392578,0.49144136905670166,-0.06765272468328476,0.3187120258808136,0.5142906904220581,-0.06951432675123215,0.3268932104110718,0.5344278812408447,-0.0688307136297226,Right,0.9962523579597473
11023,165,0,0.7752074599266052,0.37014299631118774,2.3915814040265104e-07,0.7408896088600159,0.3855084180831909,-0.01794624514877796,0.7149884104728699,0.42014041543006897,-0.030525680631399155,0.7003582119941711,0.45911920070648193,-0.037879571318626404,0.6877374649047852,0.4867628216743469,-0.04558015987277031,0.7348933219909668,0.4019068479537964,-0.060579314827919006,0.7179533839225769,0.4477839767932892,-0.08268009126186371,0.7093565464019775,0.48673638701438904,-0.09271448105573654,0.7022512555122375,0.5191200375556946,-0.09866432845592499,0.7643242478370667,0.411515474319458,-0.05755317956209183,0.7516055703163147,0.45806246995925903,-0.07887830585241318,0.7397789359092712,0.49934858083724976,-0.08658730983734131,0.7283546924591064,0.5299310088157654,-0.09291176497936249,0.7871730923652649,0.4244183897972107,-0.05350446701049805,0.7784638404846191,0.467756986618042,-0.07151839137077332,0.7649224996566772,0.5034843683242798,-0.07982394099235535,0.7510313987731934,0.5309914946556091,-0.08577627688646317,0.8033789992332458,0.43774327635765076,-0.04978476092219353,0.8086280226707458,0.4761202335357666,-0.06679295748472214,0.8086787462234497,0.5045139193534851,-0.07710864394903183,0.8046582937240601,0.5297943949699402,-0.08417751640081406,Left,0.9982962012290955
11023,165,1,0.3399905860424042,0.41287171840667725,-2.2666090160328167e-07,0.37034884095191956,0.4002231955528259,-0.037526197731494904,0.38894006609916687,0.40416648983955383,-0.06518345326185226,0.39721524715423584,0.43741950392723083,-0.08618985861539841,0.40097957849502563,0.4709723889827728,-0.10710626095533371,0.3488588333129883,0.382322758436203,-0.07552246004343033,0.37586352229118347,0.43615487217903137,-0.10538353025913239,0.3954383432865143,0.47360098361968994,-0.11976882070302963,0.4122264087200165,0.5002861022949219,-0.1260489970445633,0.32437142729759216,0.40356236696243286,-0.06762263178825378,0.3469525873661041,0.4587342143058777,-0.09554819017648697,0.371737539768219,0.497456818819046,-0.10425380617380142,0.3920419216156006,0.5217739939689636,-0.10889215767383575,0.3100506663322449,0.43069928884506226,-0.060485128313302994,0.3244730532169342,0.4803931415081024,-0.08659187704324722,0.34385180473327637,0.5123666524887085,-0.09216492623090744,0.36086776852607727,0.5344576239585876,-0.09327314794063568,0.30367374420166016,0.45918041467666626,-0.05500951036810875,0.30927613377571106,0.49188724160194397,-0.07332480698823929,0.31923067569732666,0.5145506858825684,-0.07614769786596298,0.3277961313724518,0.534264087677002,-0.07663525640964508,Right,0.9943552017211914
11066,166,0,0.7723981142044067,0.36915767192840576,2.4905395434871025e-07,0.7388738989830017,0.3854970335960388,-0.01776040531694889,0.7142060399055481,0.41999995708465576,-0.030460381880402565,0.7009110450744629,0.45888054370880127,-0.037890151143074036,0.6892415285110474,0.4872457981109619,-0.04568313807249069,0.7356778979301453,0.4011326730251312,-0.06149578094482422,0.7181957364082336,0.44801050424575806,-0.0835631787776947,0.7095568776130676,0.4868360757827759,-0.0930946096777916,0.702238917350769,0.5187155604362488,-0.09863515198230743,0.7649495005607605,0.41072511672973633,-0.05852873995900154,0.751561164855957,0.45909491181373596,-0.07995327562093735,0.7397443652153015,0.5004581809043884,-0.08731067925691605,0.7282388806343079,0.530694842338562,-0.09332885593175888,0.7875730991363525,0.4237956702709198,-0.05444483458995819,0.7786009907722473,0.4682597517967224,-0.0728217214345932,0.7650516033172607,0.503753125667572,-0.08109314739704132,0.7511418461799622,0.5307736396789551,-0.08697529137134552,0.8034749031066895,0.43713968992233276,-0.05061667039990425,0.8084279298782349,0.4760979413986206,-0.06805536895990372,0.8082205653190613,0.5038393139839172,-0.07846680283546448,0.8039941787719727,0.5282102227210999,-0.08560404181480408,Left,0.9980636835098267
11066,166,1,0.34017854928970337,0.41335630416870117,-2.5770114575607295e-07,0.371332585811615,0.4032779037952423,-0.03512217104434967,0.39202845096588135,0.40611037611961365,-0.06186848133802414,0.3992684781551361,0.4397876560688019,-0.08302038908004761,0.4005506932735443,0.4749707579612732,-0.10415405035018921,0.3471643924713135,0.3834865987300873,-0.07004118710756302,0.3751141428947449,0.43522170186042786,-0.10070133209228516,0.39499831199645996,0.47391393780708313,-0.11671587079763412,0.41225865483283997,0.5032022595405579,-0.12371163070201874,0.32223206758499146,0.402464359998703,-0.06331782042980194,0.3459137976169586,0.45520272850990295,-0.0912044495344162,0.36992961168289185,0.49683094024658203,-0.10009030997753143,0.3901013433933258,0.5251553654670715,-0.10461746156215668,0.30790141224861145,0.4279535412788391,-0.057561565190553665,0.32444149255752563,0.4757256507873535,-0.08399814367294312,0.34447669982910156,0.5098126530647278,-0.08876233547925949,0.3623631000518799,0.5341311693191528,-0.08870813995599747,0.30157315731048584,0.4560604393482208,-0.05348148196935654,0.307832270860672,0.4907071888446808,-0.07167503237724304,0.3178185224533081,0.5147249698638916,-0.07366063445806503,0.3265538215637207,0.5354863405227661,-0.07315073162317276,Right,0.9977229833602905
