timestamp_ms,frame,hand,x0,y0,z0,x1,y1,z1,x2,y2,z2,x3,y3,z3,x4,y4,z4,x5,y5,z5,x6,y6,z6,x7,y7,z7,x8,y8,z8,x9,y9,z9,x10,y10,z10,x11,y11,z11,x12,y12,z12,x13,y13,z13,x14,y14,z14,x15,y15,z15,x16,y16,z16,x17,y17,z17,x18,y18,z18,x19,y19,z19,x20,y20,z20,handedness,handedness_score
0,1,0,0.4765729606151581,0.34245169162750244,1.5526113372743566e-07,0.5138159990310669,0.37207716703414917,-0.022836139425635338,0.5476505756378174,0.41318055987358093,-0.04122451692819595,0.5800292491912842,0.44446954131126404,-0.056155551224946976,0.6082626581192017,0.4629495143890381,-0.07219639420509338,0.5053057074546814,0.40498775243759155,-0.05802857130765915,0.500384509563446,0.4645536541938782,-0.07872813194990158,0.49432963132858276,0.503840446472168,-0.08966086059808731,0.48604902625083923,0.539299726486206,-0.0969989225268364,0.4712305963039398,0.4044567346572876,-0.05618562176823616,0.46581560373306274,0.46861153841018677,-0.07378610968589783,0.45802539587020874,0.5127052068710327,-0.07994921505451202,0.4485813081264496,0.5478323698043823,-0.08680693060159683,0.4454539716243744,0.4049569368362427,-0.05443552881479263,0.43139660358428955,0.4629727005958557,-0.07271329313516617,0.4181353747844696,0.5005017518997192,-0.07930333912372589,0.4067680835723877,0.5292197465896606,-0.08418455719947815,0.4294445812702179,0.4054439663887024,-0.05383457988500595,0.40816566348075867,0.44621947407722473,-0.0702265128493309,0.39304471015930176,0.47018328309059143,-0.07717446982860565,0.38058993220329285,0.49079573154449463,-0.08267126977443695,Right,0.9037816524505615
0,1,1,0.8191190958023071,0.3727833926677704,1.2316370145981637e-07,0.7721835970878601,0.38417840003967285,-0.04132809489965439,0.7356934547424316,0.4199562072753906,-0.07147035747766495,0.7011191844940186,0.4492548108100891,-0.0955665186047554,0.6702165603637695,0.46420228481292725,-0.12081116437911987,0.7929958701133728,0.4476284980773926,-0.08775978535413742,0.7971615791320801,0.5010931491851807,-0.12073570489883423,0.8080929517745972,0.5371809005737305,-0.14021439850330353,0.8222200274467468,0.5733209252357483,-0.15378989279270172,0.8299016952514648,0.45325595140457153,-0.08025164157152176,0.8425295352935791,0.5123382806777954,-0.10844834893941879,0.8549750447273254,0.5518561601638794,-0.12180088460445404,0.8689847588539124,0.5879433751106262,-0.13353578746318817,0.8606903553009033,0.4545307159423828,-0.07290874421596527,0.8807849287986755,0.5101252794265747,-0.0984942764043808,0.8970025777816772,0.5433652400970459,-0.11159714311361313,0.9138774871826172,0.5724993944168091,-0.12102288007736206,0.8815092444419861,0.4508126974105835,-0.06803835928440094,0.9067851901054382,0.49444782733917236,-0.08749853819608688,0.9249151945114136,0.5198387503623962,-0.09704165905714035,0.9412174820899963,0.5419884324073792,-0.10489669442176819,Left,0.5034085512161255
77,2,0,0.4821147620677948,0.34723418951034546,3.07419924183705e-07,0.5233591794967651,0.37289512157440186,-0.022320592775940895,0.5581554770469666,0.412320077419281,-0.03981278836727142,0.5870427489280701,0.44299939274787903,-0.05360336974263191,0.614600658416748,0.4648904800415039,-0.06807649880647659,0.5129989981651306,0.4058513939380646,-0.05563019961118698,0.5045127868652344,0.4647400975227356,-0.0750351995229721,0.4971376061439514,0.5050060749053955,-0.08426140993833542,0.4889138638973236,0.5404278039932251,-0.09025413542985916,0.47885698080062866,0.40288230776786804,-0.0543830581009388,0.47053176164627075,0.46727749705314636,-0.07154177874326706,0.46241623163223267,0.5131556391716003,-0.0781092420220375,0.45292356610298157,0.5500948429107666,-0.08495976030826569,0.453132688999176,0.4010758399963379,-0.05308297276496887,0.43886691331863403,0.4593077600002289,-0.07122275233268738,0.424900621175766,0.5001370906829834,-0.0771670788526535,0.4117552638053894,0.5334019660949707,-0.08152218163013458,0.4356200098991394,0.39913100004196167,-0.052679721266031265,0.41471850872039795,0.44199979305267334,-0.06799072027206421,0.39814889430999756,0.46919727325439453,-0.07331386208534241,0.3829881548881531,0.49270474910736084,-0.07774654775857925,Right,0.9167914390563965
77,2,1,0.8163471221923828,0.3727261424064636,2.0540926470857812e-07,0.7718443274497986,0.38427066802978516,-0.03469286859035492,0.7357747554779053,0.4180484712123871,-0.06033874303102493,0.7007567286491394,0.4439147412776947,-0.08076555281877518,0.6694329380989075,0.4575358033180237,-0.10274083912372589,0.7888416647911072,0.4399411082267761,-0.07943012565374374,0.7943006753921509,0.4918356239795685,-0.10752496868371964,0.8050504326820374,0.5304998755455017,-0.12341570109128952,0.817287266254425,0.5685897469520569,-0.13498488068580627,0.8258998394012451,0.4480578899383545,-0.07353135198354721,0.8400992751121521,0.5065172910690308,-0.09861616045236588,0.8524230122566223,0.5489717721939087,-0.11060455441474915,0.8661131858825684,0.5897424817085266,-0.12179931998252869,0.8549536466598511,0.45080888271331787,-0.06719356775283813,0.8764980435371399,0.5023302435874939,-0.08952206373214722,0.8951324820518494,0.540111243724823,-0.10172534734010696,0.9132448434829712,0.5739926099777222,-0.11135207116603851,0.8739750981330872,0.44716182351112366,-0.06286045908927917,0.8995007276535034,0.4874962568283081,-0.08143573254346848,0.9202265739440918,0.512313723564148,-0.0915565937757492,0.9391419291496277,0.534397304058075,-0.09998404234647751,Left,0.6747398376464844
151,3,0,0.48045599460601807,0.3458957076072693,3.166889257499861e-07,0.5211164951324463,0.3729763329029083,-0.021662767976522446,0.5566259026527405,0.41321417689323425,-0.0384087972342968,0.5861004590988159,0.4427162706851959,-0.051427505910396576,0.6148875951766968,0.4644957184791565,-0.06492780148983002,0.5136180520057678,0.40400516986846924,-0.053855713456869125,0.5043532252311707,0.4635016620159149,-0.07232915610074997,0.4973785877227783,0.5044370889663696,-0.08109550923109055,0.4894847571849823,0.5405960083007812,-0.08673305809497833,0.4790905714035034,0.40000012516975403,-0.05237814038991928,0.4701771140098572,0.4649200737476349,-0.06918367743492126,0.46139463782310486,0.5111646056175232,-0.07540500164031982,0.4511602818965912,0.5484888553619385,-0.08197654038667679,0.4527040719985962,0.39899083971977234,-0.05084642767906189,0.4380583167076111,0.45767855644226074,-0.06866158545017242,0.42504072189331055,0.4991013705730438,-0.07428838312625885,0.41283154487609863,0.5328704714775085,-0.07842894643545151,0.43496739864349365,0.39927008748054504,-0.050146620720624924,0.41516464948654175,0.44323623180389404,-0.06547624617815018,0.39808040857315063,0.46975892782211304,-0.070683054625988,0.3825039863586426,0.49356311559677124,-0.07500024139881134,Right,0.9608815908432007
151,3,1,0.8169887065887451,0.37313100695610046,2.2246929631819512e-07,0.7732303738594055,0.38545161485671997,-0.0342736653983593,0.7364490628242493,0.4203028678894043,-0.059868406504392624,0.7009945511817932,0.4466584026813507,-0.08010175079107285,0.6705939173698425,0.4599541127681732,-0.10225654393434525,0.7873049974441528,0.439630925655365,-0.08221093565225601,0.7938886880874634,0.493075430393219,-0.11078783869743347,0.8053141236305237,0.5331839323043823,-0.12669342756271362,0.8173574209213257,0.5717578530311584,-0.13821092247962952,0.8244593739509583,0.4477531611919403,-0.0764622911810875,0.8384249210357666,0.5067718029022217,-0.10257513076066971,0.8516533970832825,0.5498815774917603,-0.11549367755651474,0.8661597967147827,0.5908524990081787,-0.12730829417705536,0.8539436459541321,0.45021721720695496,-0.06989480555057526,0.8745092153549194,0.5021965503692627,-0.09263460338115692,0.8924544453620911,0.5401340126991272,-0.10523123294115067,0.9096211194992065,0.5734546184539795,-0.11526179313659668,0.8739078640937805,0.4459678828716278,-0.06521075963973999,0.8983617424964905,0.4876747131347656,-0.08437640219926834,0.919025719165802,0.5134801268577576,-0.09534699469804764,0.9374450445175171,0.5363709926605225,-0.10439275205135345,Left,0.6990892887115479
222,4,0,0.48119989037513733,0.34557169675827026,3.328052855522401e-07,0.5219436883926392,0.37210455536842346,-0.021818209439516068,0.5571538805961609,0.4130546748638153,-0.03826316073536873,0.5865347981452942,0.44333234429359436,-0.05074848234653473,0.6151548624038696,0.4665740132331848,-0.0636507123708725,0.5139474868774414,0.40380561351776123,-0.054489120841026306,0.5048934817314148,0.46396511793136597,-0.0725761279463768,0.49755343794822693,0.5049437284469604,-0.08089780062437057,0.48938074707984924,0.5408344864845276,-0.08622566610574722,0.4795965850353241,0.40051254630088806,-0.0526001900434494,0.4705563485622406,0.4671485126018524,-0.06879358738660812,0.46188101172447205,0.5136569142341614,-0.07460352778434753,0.45165184140205383,0.5501481890678406,-0.08103243261575699,0.4530664086341858,0.39980512857437134,-0.050578948110342026,0.43795761466026306,0.4594230353832245,-0.06772133708000183,0.4245527684688568,0.50136399269104,-0.07309291511774063,0.4117867946624756,0.5347926020622253,-0.07727519422769547,0.4348534345626831,0.4000251591205597,-0.04937727004289627,0.4151197373867035,0.44426530599594116,-0.0641951635479927,0.3979477882385254,0.4715054929256439,-0.06927209347486496,0.38214045763015747,0.4952773451805115,-0.07363490015268326,Right,0.9538673162460327
222,4,1,0.8180797696113586,0.3717823028564453,2.0382385912398604e-07,0.7745290994644165,0.3844118118286133,-0.03372296318411827,0.7365655899047852,0.42005664110183716,-0.05876333266496658,0.7009992599487305,0.4469875693321228,-0.07855215668678284,0.671332061290741,0.46008098125457764,-0.10026035457849503,0.7866570353507996,0.4382971227169037,-0.08128524571657181,0.7930948734283447,0.490883469581604,-0.10957883298397064,0.8045592904090881,0.531536877155304,-0.125310480594635,0.8164740800857544,0.5706444978713989,-0.13683883845806122,0.8238822817802429,0.44707778096199036,-0.07586631923913956,0.8373703360557556,0.5060722827911377,-0.10225868225097656,0.8505172729492188,0.5488967895507812,-0.11531326919794083,0.8648116588592529,0.5890752673149109,-0.12717710435390472,0.8534426689147949,0.4500458836555481,-0.06961701810359955,0.8734418749809265,0.5013869404792786,-0.09276627004146576,0.8916497230529785,0.539605975151062,-0.10535579919815063,0.9089601635932922,0.5730983018875122,-0.1153101697564125,0.8737331628799438,0.4457832872867584,-0.06521156430244446,0.8976773619651794,0.4878527820110321,-0.08474581688642502,0.9182238578796387,0.5134308934211731,-0.09590427577495575,0.9365997314453125,0.5360017418861389,-0.10506923496723175,Left,0.6619110107421875
293,5,0,0.48088282346725464,0.3460245132446289,3.300898754332593e-07,0.521462082862854,0.3725404143333435,-0.021807881072163582,0.5567108988761902,0.412625253200531,-0.03834381327033043,0.5857411623001099,0.4424338936805725,-0.050982747226953506,0.6137239336967468,0.46570849418640137,-0.06405173242092133,0.5137980580329895,0.40437036752700806,-0.05443128943443298,0.5046679377555847,0.46416690945625305,-0.0728069394826889,0.49734053015708923,0.5050652027130127,-0.08136238902807236,0.4891371428966522,0.5409231781959534,-0.08684207499027252,0.47947925329208374,0.401300311088562,-0.05266465246677399,0.4703501760959625,0.4671439826488495,-0.06920966506004333,0.46161359548568726,0.5135514140129089,-0.07523207366466522,0.4514254331588745,0.5500715970993042,-0.08178793638944626,0.45306840538978577,0.4004501700401306,-0.050814468413591385,0.43783122301101685,0.4592244625091553,-0.06823265552520752,0.4245094060897827,0.5010749697685242,-0.07371314615011215,0.41193193197250366,0.534662663936615,-0.07795023173093796,0.43499651551246643,0.40018579363822937,-0.049798693507909775,0.4150712192058563,0.443956196308136,-0.06480852514505386,0.3979215621948242,0.4712340235710144,-0.0700136199593544,0.3822479844093323,0.4952799081802368,-0.07446920871734619,Right,0.9526998996734619
293,5,1,0.819861650466919,0.3724324107170105,1.922253716202249e-07,0.7761785984039307,0.3846127390861511,-0.03218202292919159,0.7367766499519348,0.419779896736145,-0.055818237364292145,0.7006427049636841,0.44692718982696533,-0.07465766370296478,0.6707096099853516,0.45962488651275635,-0.09530208259820938,0.7878196239471436,0.4386669993400574,-0.07564696669578552,0.793458878993988,0.4909828305244446,-0.10209759324789047,0.8040887713432312,0.5316947102546692,-0.11700031906366348,0.8155034780502319,0.5705976486206055,-0.12807518243789673,0.8247076272964478,0.4483751058578491,-0.07066009938716888,0.8368796706199646,0.5064321160316467,-0.09515698999166489,0.849382758140564,0.548786997795105,-0.10714748501777649,0.8632221817970276,0.5884805917739868,-0.11827505379915237,0.8542917370796204,0.45176196098327637,-0.06506657600402832,0.8735566735267639,0.5025231242179871,-0.08655712753534317,0.8909566402435303,0.540209174156189,-0.09784022718667984,0.907745361328125,0.573438823223114,-0.10695895552635193,0.8751928210258484,0.44770413637161255,-0.061387550085783005,0.8986329436302185,0.48926666378974915,-0.07960162311792374,0.9189252853393555,0.5145965218544006,-0.08975902944803238,0.9373006224632263,0.5370756387710571,-0.09816554188728333,Left,0.6608821153640747
367,6,0,0.48099714517593384,0.3471044898033142,3.369483465576195e-07,0.522233784198761,0.3723776638507843,-0.022520355880260468,0.5573256015777588,0.4126485586166382,-0.03932500258088112,0.5861373543739319,0.44281840324401855,-0.052067358046770096,0.6144199371337891,0.46618542075157166,-0.06525655090808868,0.5138196349143982,0.40402331948280334,-0.05591907724738121,0.5046786069869995,0.46396034955978394,-0.07453428953886032,0.49745532870292664,0.5050978660583496,-0.08316513150930405,0.4893324077129364,0.5412426590919495,-0.08874942362308502,0.4793107211589813,0.40107613801956177,-0.053867682814598083,0.47003206610679626,0.4668782353401184,-0.0707285925745964,0.46136876940727234,0.5134692192077637,-0.07695352286100388,0.4511241316795349,0.5501052141189575,-0.08369980752468109,0.4528961479663849,0.40045738220214844,-0.05168702453374863,0.4376683831214905,0.45920777320861816,-0.06925803422927856,0.4244562089443207,0.5011386871337891,-0.0747784674167633,0.41188570857048035,0.5349866151809692,-0.07910893857479095,0.434988796710968,0.4006432890892029,-0.05038829892873764,0.4150676131248474,0.44403645396232605,-0.06560806930065155,0.39811280369758606,0.4713302552700043,-0.0709666833281517,0.3825652301311493,0.49553948640823364,-0.07557197660207748,Right,0.9493272304534912
367,6,1,0.8210970163345337,0.37303677201271057,1.7115984007887164e-07,0.7768034934997559,0.38495805859565735,-0.03138275444507599,0.7370291352272034,0.4195338785648346,-0.054442498832941055,0.7011709809303284,0.44630861282348633,-0.07293498516082764,0.6715105175971985,0.459920734167099,-0.09327484667301178,0.7873980402946472,0.43936553597450256,-0.07406415045261383,0.793448269367218,0.491760790348053,-0.10008471459150314,0.804180383682251,0.5323856472969055,-0.11466162651777267,0.8156945109367371,0.5710889101028442,-0.1255524754524231,0.8241273760795593,0.4491037428379059,-0.06962066143751144,0.8370115160942078,0.5073056817054749,-0.09394444525241852,0.8495912551879883,0.5492515563964844,-0.1058795303106308,0.8635429739952087,0.5884716510772705,-0.11696912348270416,0.8538609147071838,0.4521695673465729,-0.06459561735391617,0.87340247631073,0.5033428072929382,-0.08594157546758652,0.8903642892837524,0.5413229465484619,-0.09688068926334381,0.9068982601165771,0.5750384330749512,-0.1058197095990181,0.8752695322036743,0.44757843017578125,-0.06144488602876663,0.898837149143219,0.4899086356163025,-0.07970565557479858,0.9185923933982849,0.5155892968177795,-0.08957010507583618,0.936798095703125,0.5382394194602966,-0.09774541109800339,Left,0.6249772310256958
441,7,0,0.48063555359840393,0.3465537428855896,3.3061763815567247e-07,0.5214830040931702,0.3723447024822235,-0.022184228524565697,0.5569305419921875,0.41223764419555664,-0.038908593356609344,0.5857536792755127,0.44213688373565674,-0.05169585347175598,0.6137449741363525,0.46561798453330994,-0.06488567590713501,0.5136020183563232,0.40417352318763733,-0.05490681529045105,0.5047600865364075,0.46380239725112915,-0.07348542660474777,0.49760329723358154,0.5047265887260437,-0.08215629309415817,0.4895041882991791,0.5408169031143188,-0.08771472424268723,0.47916650772094727,0.4012022316455841,-0.053066007792949677,0.4702110290527344,0.4667322039604187,-0.06983856856822968,0.46157845854759216,0.5132662653923035,-0.07599224895238876,0.451375275850296,0.5500229597091675,-0.08262552320957184,0.45272505283355713,0.40055006742477417,-0.051165517419576645,0.4376702308654785,0.4588964581489563,-0.06878603249788284,0.4244333505630493,0.5006875991821289,-0.07430718839168549,0.41189640760421753,0.5344173908233643,-0.07854606211185455,0.43473151326179504,0.4005563259124756,-0.05013658106327057,0.41499218344688416,0.4438948631286621,-0.06533194333314896,0.3980919122695923,0.47109198570251465,-0.07059044390916824,0.38262906670570374,0.49528223276138306,-0.07506465911865234,Right,0.9523048400878906
441,7,1,0.8219914436340332,0.3725780248641968,1.489832186507556e-07,0.7766723036766052,0.3855237066745758,-0.031008543446660042,0.7370943427085876,0.4197958707809448,-0.05358945578336716,0.7012615203857422,0.44650739431381226,-0.07158911973237991,0.6713989973068237,0.46055200695991516,-0.09141408652067184,0.7883925437927246,0.43919000029563904,-0.07246918231248856,0.7944461107254028,0.4920036792755127,-0.09813813120126724,0.8048217296600342,0.532860279083252,-0.11275667697191238,0.8166273832321167,0.5713720321655273,-0.12361181527376175,0.8249576687812805,0.44884952902793884,-0.06789122521877289,0.8375252485275269,0.5079318881034851,-0.09155195951461792,0.8498508930206299,0.5495451092720032,-0.1031818687915802,0.8639342784881592,0.5879654884338379,-0.11401988565921783,0.8541925549507141,0.4517626166343689,-0.06276455521583557,0.8733938336372375,0.5035817623138428,-0.08334694802761078,0.8895620703697205,0.5413775444030762,-0.09353115409612656,0.9056981801986694,0.5749921798706055,-0.10199346393346786,0.8751347064971924,0.44686248898506165,-0.05954977497458458,0.8988553285598755,0.4893133044242859,-0.07707160711288452,0.9184239506721497,0.5153447389602661,-0.08612988144159317,0.9366324543952942,0.538149893283844,-0.09369870275259018,Left,0.6530519723892212
514,8,0,0.4809942841529846,0.34687238931655884,3.3605732596697635e-07,0.5220370888710022,0.37240874767303467,-0.02230641432106495,0.5572488903999329,0.41256433725357056,-0.03912094607949257,0.5860801935195923,0.44276678562164307,-0.05192650482058525,0.6143250465393066,0.46620893478393555,-0.06518194079399109,0.5137237906455994,0.40374451875686646,-0.05579710751771927,0.5046923756599426,0.4640766978263855,-0.07443775236606598,0.4975602924823761,0.5052319169044495,-0.08304297924041748,0.4895290732383728,0.5413532853126526,-0.08856949955224991,0.4793134331703186,0.4006573259830475,-0.05388630926609039,0.47016823291778564,0.46688342094421387,-0.07076402008533478,0.4614968001842499,0.5135253667831421,-0.07693485170602798,0.45123928785324097,0.550106406211853,-0.08361056447029114,0.4529552161693573,0.3999858796596527,-0.05183654651045799,0.43788254261016846,0.4591217637062073,-0.06942922621965408,0.42461520433425903,0.5010556578636169,-0.07491341233253479,0.4119882583618164,0.5346984267234802,-0.07918309420347214,0.43503886461257935,0.4001879394054413,-0.050649791955947876,0.4153493344783783,0.4439374804496765,-0.065855011343956,0.3983856737613678,0.47126883268356323,-0.07114647328853607,0.3828008472919464,0.49535858631134033,-0.07567840814590454,Right,0.9493920207023621
514,8,1,0.8224106431007385,0.37320470809936523,1.4427227768010198e-07,0.7770966291427612,0.3856085538864136,-0.031045634299516678,0.7372201085090637,0.4196207523345947,-0.053570784628391266,0.7013586759567261,0.44625967741012573,-0.0715298131108284,0.6719000339508057,0.4607223570346832,-0.09132026880979538,0.7883833646774292,0.43967947363853455,-0.07227946817874908,0.7944434881210327,0.49228817224502563,-0.09790286421775818,0.8048931956291199,0.5329744219779968,-0.11255086958408356,0.8168565630912781,0.5713803768157959,-0.1234201118350029,0.824773371219635,0.4495447278022766,-0.06771370768547058,0.8374423980712891,0.5083863735198975,-0.09121198207139969,0.8498562574386597,0.549742579460144,-0.10279888659715652,0.8640612363815308,0.5880768299102783,-0.11363334953784943,0.8539576530456543,0.45257124304771423,-0.062638059258461,0.8733349442481995,0.5040760040283203,-0.0830620676279068,0.8895153999328613,0.5415143966674805,-0.0931759774684906,0.9056655764579773,0.5749741792678833,-0.10163313895463943,0.8749521970748901,0.4477281868457794,-0.059497907757759094,0.8988602757453918,0.48979970812797546,-0.07688535004854202,0.9185546636581421,0.5156036019325256,-0.08586426079273224,0.9368473291397095,0.5382615923881531,-0.09340272843837738,Left,0.6326195001602173
585,9,0,0.4811461567878723,0.34642380475997925,3.316714014545141e-07,0.521751880645752,0.3723350167274475,-0.0220823734998703,0.5568665862083435,0.41234761476516724,-0.03886820003390312,0.5854763984680176,0.4421520531177521,-0.051702383905649185,0.6135178804397583,0.46547606587409973,-0.06497840583324432,0.5137673020362854,0.4043083190917969,-0.05515466630458832,0.504559338092804,0.4643913805484772,-0.07368393987417221,0.49736595153808594,0.5053362250328064,-0.08226670324802399,0.48934218287467957,0.5412980318069458,-0.08772029727697372,0.47958314418792725,0.4008345305919647,-0.053377728909254074,0.47038084268569946,0.46699970960617065,-0.06997702270746231,0.46171146631240845,0.5135067701339722,-0.07592552900314331,0.45162156224250793,0.5501590371131897,-0.0823933482170105,0.45322632789611816,0.399736225605011,-0.05151638016104698,0.4378827214241028,0.4589215815067291,-0.06902540475130081,0.42440515756607056,0.5010267496109009,-0.0744972750544548,0.4117295444011688,0.5348429083824158,-0.07868368923664093,0.43521231412887573,0.3994238078594208,-0.05049476772546768,0.41526997089385986,0.44368496537208557,-0.06556488573551178,0.3982229232788086,0.47135066986083984,-0.07070179283618927,0.3826131522655487,0.4957886338233948,-0.0750814899802208,Right,0.9520517587661743
585,9,1,0.8228244781494141,0.37401658296585083,1.418032979927375e-07,0.7777650356292725,0.38600218296051025,-0.03148745372891426,0.7376067638397217,0.41987812519073486,-0.0540677011013031,0.7020241618156433,0.4464799165725708,-0.0720684826374054,0.6725028157234192,0.46046480536460876,-0.0919089987874031,0.7891092896461487,0.440665066242218,-0.0724860355257988,0.7950031161308289,0.4931586980819702,-0.09848342090845108,0.805348813533783,0.5339473485946655,-0.11348824203014374,0.8174881339073181,0.5721842646598816,-0.12457048892974854,0.8254144191741943,0.4508316218852997,-0.06785566359758377,0.837856113910675,0.5096856951713562,-0.09158869087696075,0.8500661849975586,0.5502642393112183,-0.10321173816919327,0.8643941879272461,0.5872737169265747,-0.11398642510175705,0.8546135425567627,0.45353761315345764,-0.06279724091291428,0.873650312423706,0.5054705142974854,-0.08338959515094757,0.8894471526145935,0.5423163175582886,-0.09329832345247269,0.9054925441741943,0.575023353099823,-0.10157899558544159,0.8758759498596191,0.4480898678302765,-0.059735219925642014,0.899330198764801,0.490617036819458,-0.07715366780757904,0.9187614917755127,0.5160583853721619,-0.08589556068181992,0.9368993043899536,0.5381666421890259,-0.09323298186063766,Left,0.5869113206863403
657,10,0,0.4808647334575653,0.34636515378952026,3.339261240853375e-07,0.5222049355506897,0.37198397517204285,-0.022409165278077126,0.5571632981300354,0.4118196964263916,-0.039320770651102066,0.5853450298309326,0.4419696629047394,-0.05223337933421135,0.613357663154602,0.46548548340797424,-0.06560496240854263,0.513694703578949,0.40283262729644775,-0.05594490468502045,0.504433810710907,0.46279510855674744,-0.07478808611631393,0.4975387454032898,0.5042020082473755,-0.08350285142660141,0.48976075649261475,0.5408475399017334,-0.08907579630613327,0.4791891574859619,0.3994249701499939,-0.05416860803961754,0.47010496258735657,0.4649873971939087,-0.07120959460735321,0.461855411529541,0.511979341506958,-0.07737307995557785,0.452046662569046,0.5493344068527222,-0.08400530368089676,0.45288607478141785,0.39868685603141785,-0.05231160297989845,0.43756648898124695,0.45720911026000977,-0.07034388184547424,0.42471227049827576,0.49986541271209717,-0.07609309256076813,0.4126284122467041,0.5344713926315308,-0.08044253289699554,0.43514516949653625,0.39896857738494873,-0.051297932863235474,0.4148937463760376,0.4424477517604828,-0.06688756495714188,0.3982107639312744,0.4704759120941162,-0.07235340774059296,0.3830054998397827,0.4955875277519226,-0.07696406543254852,Right,0.9496772289276123
657,10,1,0.8276330828666687,0.361766517162323,1.6508006694948563e-07,0.7809094190597534,0.3791952431201935,-0.027207987383008003,0.7407311201095581,0.41783836483955383,-0.04738685488700867,0.7037189602851868,0.4473758935928345,-0.06345824897289276,0.6719865798950195,0.4597143232822418,-0.08098854124546051,0.7932520508766174,0.4304393231868744,-0.06620004028081894,0.7971333861351013,0.4875548183917999,-0.08894268423318863,0.8056805729866028,0.5316181778907776,-0.10099804401397705,0.8156489133834839,0.5721805095672607,-0.11004334688186646,0.8301296234130859,0.4392509162425995,-0.06236404553055763,0.8418272733688354,0.502495527267456,-0.08310164511203766,0.8513123989105225,0.5477365255355835,-0.09154553711414337,0.8625685572624207,0.5887782573699951,-0.09976509213447571,0.8587795495986938,0.4430367052555084,-0.057963572442531586,0.8789405822753906,0.4984610676765442,-0.07601159811019897,0.8930960893630981,0.5393972992897034,-0.08364120870828629,0.90699702501297,0.5762432217597961,-0.0899663195014,0.8780864477157593,0.4413614571094513,-0.05532737076282501,0.9027426838874817,0.48598790168762207,-0.07082700729370117,0.9212161302566528,0.5155435800552368,-0.07838336378335953,0.9376063942909241,0.5425186157226562,-0.08460541814565659,Left,0.7925110459327698
729,11,0,0.4667001962661743,0.3456099033355713,2.7026581506106595e-07,0.5049728751182556,0.37456727027893066,-0.02340805158019066,0.5353344082832336,0.40261685848236084,-0.04283004626631737,0.5588107705116272,0.43038275837898254,-0.05773888900876045,0.5841331481933594,0.4532976746559143,-0.0721091628074646,0.493723601102829,0.38950851559638977,-0.062431126832962036,0.4796264171600342,0.4550358057022095,-0.08337100595235825,0.47587576508522034,0.5013782978057861,-0.09162785857915878,0.4739589989185333,0.5414528250694275,-0.09595900774002075,0.4553670883178711,0.3866671621799469,-0.05867284536361694,0.4447002112865448,0.4529262185096741,-0.07706167548894882,0.4457792639732361,0.5057101249694824,-0.07980957627296448,0.4483400583267212,0.5467661619186401,-0.08314336836338043,0.4291905462741852,0.3913542926311493,-0.05463249608874321,0.4101026654243469,0.44877949357032776,-0.07149451225996017,0.4097246527671814,0.49850383400917053,-0.07340648025274277,0.4147582948207855,0.5370097756385803,-0.07437390089035034,0.41323772072792053,0.39809346199035645,-0.05169748142361641,0.3884313702583313,0.4382568597793579,-0.06510572880506516,0.3840824365615845,0.4722476303577423,-0.06839758902788162,0.3883412182331085,0.5020928978919983,-0.07059147208929062,Right,0.9872823357582092
729,11,1,0.8585138916969299,0.39644086360931396,4.135181939091126e-07,0.8101497292518616,0.41358986496925354,-0.028774870559573174,0.7738676071166992,0.44397175312042236,-0.053732868283987045,0.7468300461769104,0.4739872217178345,-0.07219268381595612,0.7155442237854004,0.4957638382911682,-0.09227439761161804,0.816022515296936,0.3983176052570343,-0.094603031873703,0.8215970993041992,0.4644605219364166,-0.12504971027374268,0.8173232674598694,0.5197213292121887,-0.13833573460578918,0.8126053214073181,0.5682770609855652,-0.1462515890598297,0.8602672219276428,0.40682417154312134,-0.09013304114341736,0.8666529655456543,0.47723421454429626,-0.11577954888343811,0.8552969098091125,0.5330604314804077,-0.11851032823324203,0.8418737649917603,0.5744565725326538,-0.12281668931245804,0.896092414855957,0.4208931028842926,-0.08383972197771072,0.9051283001899719,0.48418840765953064,-0.10405179113149643,0.8957438468933105,0.5321694016456604,-0.10465917736291885,0.8812869787216187,0.5661371350288391,-0.10658330470323563,0.9220749735832214,0.43581339716911316,-0.07936297357082367,0.9380302429199219,0.4816850423812866,-0.09470947831869125,0.930866003036499,0.5158087015151978,-0.09858151525259018,0.9162939190864563,0.542600691318512,-0.10288408398628235,Left,0.9879505634307861
802,12,0,0.4626847505569458,0.35529929399490356,1.6242489664364257e-07,0.5066738128662109,0.3844178020954132,-0.029066093266010284,0.531227707862854,0.41959840059280396,-0.04973019286990166,0.5510326027870178,0.44934698939323425,-0.06430143117904663,0.5762875080108643,0.46813735365867615,-0.07860853523015976,0.486930787563324,0.39752382040023804,-0.07213220745325089,0.470701664686203,0.45151177048683167,-0.09798391163349152,0.4687633812427521,0.5044782757759094,-0.11072295159101486,0.4686020612716675,0.5504295825958252,-0.11819083988666534,0.44369980692863464,0.39431649446487427,-0.06567519903182983,0.4240002930164337,0.44986972212791443,-0.08689793944358826,0.43463218212127686,0.5093657970428467,-0.0887962356209755,0.44698041677474976,0.5517635345458984,-0.09106096625328064,0.4157690703868866,0.40018582344055176,-0.059302765876054764,0.3948403596878052,0.4542056918144226,-0.08127076178789139,0.40885254740715027,0.5100589394569397,-0.08256018906831741,0.4250359535217285,0.5479106903076172,-0.08139693737030029,0.4010239839553833,0.4122942090034485,-0.05428793281316757,0.37931784987449646,0.4589754045009613,-0.07367061823606491,0.3870534896850586,0.4980265498161316,-0.07772272080183029,0.4011891186237335,0.5259218811988831,-0.07922685891389847,Right,0.9850763082504272
802,12,1,0.8553596138954163,0.3745052218437195,4.2726441051854636e-07,0.8084547519683838,0.398632675409317,-0.028642067685723305,0.7708978652954102,0.4506341516971588,-0.05050618201494217,0.7448756098747253,0.49614647030830383,-0.06533943116664886,0.7109559774398804,0.5194780826568604,-0.0814376175403595,0.8166884183883667,0.4067118763923645,-0.09233512729406357,0.8238465785980225,0.4905075430870056,-0.11881136894226074,0.8193326592445374,0.552202045917511,-0.12780505418777466,0.8146706223487854,0.6008683443069458,-0.13261264562606812,0.8615913391113281,0.4154656231403351,-0.0859198272228241,0.8767650127410889,0.49345582723617554,-0.11016440391540527,0.8598647117614746,0.5518912672996521,-0.11104867607355118,0.8415842056274414,0.588708758354187,-0.11269551515579224,0.8941836357116699,0.42785564064979553,-0.07756378501653671,0.91224604845047,0.4976698160171509,-0.09510970115661621,0.8950645327568054,0.5494388937950134,-0.09599880874156952,0.8730765581130981,0.579958975315094,-0.09728652238845825,0.9157755970954895,0.4418206810951233,-0.07096776366233826,0.9336265325546265,0.49582740664482117,-0.08453009277582169,0.9232543706893921,0.5336100459098816,-0.08942867070436478,0.9054520130157471,0.5595663189888,-0.09379316121339798,Left,0.9954097867012024
873,13,0,0.4781808853149414,0.3639691472053528,8.292126096876018e-08,0.5180789232254028,0.39134880900382996,-0.030115438625216484,0.5423120260238647,0.4294099807739258,-0.0537877157330513,0.5591199994087219,0.4650062918663025,-0.07109088450670242,0.5817068815231323,0.4910450279712677,-0.08760737627744675,0.49604958295822144,0.41177451610565186,-0.07966209203004837,0.4871300756931305,0.4807012677192688,-0.11140965670347214,0.48759961128234863,0.5409522652626038,-0.12851829826831818,0.4877590835094452,0.5908012986183167,-0.13815370202064514,0.45179033279418945,0.4115542471408844,-0.07338303327560425,0.4310421943664551,0.4779321253299713,-0.1013023629784584,0.44879207015037537,0.5358753204345703,-0.10508482158184052,0.46936067938804626,0.5690475702285767,-0.10616493225097656,0.4223337173461914,0.4197203814983368,-0.06684105098247528,0.39971497654914856,0.480073481798172,-0.09157578647136688,0.4189307391643524,0.5325574278831482,-0.09195996820926666,0.44067859649658203,0.5580192804336548,-0.08826930820941925,0.4065798819065094,0.43449607491493225,-0.06170830503106117,0.3839091360569,0.4862411618232727,-0.07864899933338165,0.394915372133255,0.5243227481842041,-0.07953531295061111,0.4122425317764282,0.544162392616272,-0.07789738476276398,Right,0.9958906173706055
873,13,1,0.8454564213752747,0.3810197114944458,4.85413977457938e-07,0.7986457347869873,0.40346968173980713,-0.031994495540857315,0.7630585432052612,0.4606565535068512,-0.055869877338409424,0.7406514883041382,0.5115751624107361,-0.07139699161052704,0.7076991200447083,0.5377728343009949,-0.08738601207733154,0.806681215763092,0.4178614020347595,-0.1005314365029335,0.8154274821281433,0.5033496022224426,-0.12973490357398987,0.8105924129486084,0.5631639957427979,-0.139110267162323,0.8052448630332947,0.6081770062446594,-0.14339764416217804,0.8536179065704346,0.4300120770931244,-0.09141001850366592,0.8690394163131714,0.5090183019638062,-0.11806211620569229,0.8498036861419678,0.5616960525512695,-0.11683141440153122,0.8284486532211304,0.588512659072876,-0.11591821908950806,0.8874951601028442,0.4448067247867584,-0.08038045465946198,0.9032427668571472,0.5166751742362976,-0.09954916685819626,0.8825104236602783,0.5613932609558105,-0.0982755795121193,0.8569649457931519,0.5819472074508667,-0.09715750813484192,0.9091660380363464,0.46121451258659363,-0.07130299508571625,0.9197211265563965,0.5187788605690002,-0.08627165108919144,0.9042425751686096,0.5531454086303711,-0.0905667170882225,0.8826622366905212,0.5728101134300232,-0.09352134168148041,Left,0.9947288036346436
946,14,0,0.48830926418304443,0.368122398853302,-6.186770651339657e-09,0.527815580368042,0.39388757944107056,-0.032178547233343124,0.5520104169845581,0.43551334738731384,-0.057784318923950195,0.5670958757400513,0.47986921668052673,-0.07625371962785721,0.5867742300033569,0.5171873569488525,-0.09337550401687622,0.5042037963867188,0.41963696479797363,-0.08699140697717667,0.49759069085121155,0.4923146367073059,-0.1221381276845932,0.5008761882781982,0.5545262098312378,-0.13962668180465698,0.5034184455871582,0.6024682521820068,-0.14829260110855103,0.46344736218452454,0.41916754841804504,-0.08001657575368881,0.44216740131378174,0.48671212792396545,-0.11316635459661484,0.46048638224601746,0.5435693264007568,-0.11602729558944702,0.48173752427101135,0.5700763463973999,-0.11436321586370468,0.43566492199897766,0.42519646883010864,-0.07295674085617065,0.4088650047779083,0.48367246985435486,-0.10274477303028107,0.42589443922042847,0.5365827679634094,-0.10325364768505096,0.4451986849308014,0.5589041113853455,-0.09740688651800156,0.4197315573692322,0.43520596623420715,-0.06708110123872757,0.3902862071990967,0.48433420062065125,-0.08680808544158936,0.39707398414611816,0.524003267288208,-0.08814476430416107,0.4120672941207886,0.5427981615066528,-0.08530014008283615,Right,0.9972367286682129
946,14,1,0.8379054069519043,0.37937599420547485,5.346246325643733e-07,0.7897133827209473,0.39921438694000244,-0.03647960349917412,0.7560689449310303,0.46040910482406616,-0.06295162439346313,0.7398043870925903,0.5196055769920349,-0.07947909832000732,0.7116966247558594,0.5568810105323792,-0.09619719535112381,0.8012441992759705,0.41601723432540894,-0.11177948117256165,0.8057168126106262,0.5040274858474731,-0.14436239004135132,0.7975642085075378,0.5650385618209839,-0.1532348245382309,0.7891509532928467,0.6087549924850464,-0.15566515922546387,0.8491559028625488,0.4287186563014984,-0.10047697275876999,0.8608161807060242,0.5127539038658142,-0.13111524283885956,0.8393368124961853,0.5684990882873535,-0.12967021763324738,0.8152925968170166,0.5909999012947083,-0.1269710212945938,0.882309079170227,0.4440542757511139,-0.08716227859258652,0.8972647786140442,0.521243155002594,-0.11110130697488785,0.874085009098053,0.5681793093681335,-0.11140130460262299,0.8460516929626465,0.5858625173568726,-0.10952040553092957,0.9021561145782471,0.46104714274406433,-0.07548940926790237,0.9102984666824341,0.5242325663566589,-0.09462077915668488,0.891316294670105,0.5598509311676025,-0.10068164020776749,0.8672105073928833,0.577329695224762,-0.10341398417949677,Left,0.9972957372665405
1021,15,0,0.49007266759872437,0.3581516146659851,-6.247164918704584e-08,0.5323020219802856,0.38709935545921326,-0.031193507835268974,0.5579279661178589,0.436446875333786,-0.05480813980102539,0.5721337199211121,0.4858469069004059,-0.07129823416471481,0.5920800566673279,0.5269541144371033,-0.08607704192399979,0.5100196599960327,0.41182002425193787,-0.08511065691709518,0.5097857117652893,0.4895484447479248,-0.11859386414289474,0.5172306299209595,0.5522719621658325,-0.1338222473859787,0.5230211019515991,0.5995627641677856,-0.14120836555957794,0.4681389033794403,0.41353267431259155,-0.0789276659488678,0.45295238494873047,0.48565149307250977,-0.11213597655296326,0.47265368700027466,0.5453721880912781,-0.11439335346221924,0.49582332372665405,0.5711076259613037,-0.11236545443534851,0.43947309255599976,0.4209055006504059,-0.0727875828742981,0.4153057038784027,0.48256751894950867,-0.10268289595842361,0.4321105182170868,0.5370832085609436,-0.10223990678787231,0.45200204849243164,0.5588523745536804,-0.09565017372369766,0.4232828617095947,0.4309008717536926,-0.06790517270565033,0.39536216855049133,0.4829988479614258,-0.08901654928922653,0.40221846103668213,0.5247765183448792,-0.09119143337011337,0.41780322790145874,0.5439397692680359,-0.08868860453367233,Right,0.9956878423690796
1021,15,1,0.8339272141456604,0.37224388122558594,5.509576794793247e-07,0.7810524106025696,0.38641974329948425,-0.04054512083530426,0.7477390170097351,0.44628849625587463,-0.06913232803344727,0.7397311925888062,0.5134404897689819,-0.08658276498317719,0.7210783958435059,0.5658223032951355,-0.10321179032325745,0.7906675338745117,0.4007376432418823,-0.11712121218442917,0.7906284332275391,0.49539753794670105,-0.15112589299678802,0.7839177846908569,0.559252917766571,-0.1586102545261383,0.7786330580711365,0.6054491996765137,-0.16011497378349304,0.8404417037963867,0.4160863757133484,-0.10428031533956528,0.8415094614028931,0.508668065071106,-0.137589231133461,0.8179471492767334,0.5651415586471558,-0.13606442511081696,0.7949738502502441,0.587918758392334,-0.13295364379882812,0.8738136291503906,0.4354534447193146,-0.08966601639986038,0.8813788890838623,0.5210761427879333,-0.1171032264828682,0.854385495185852,0.5687026381492615,-0.11697900295257568,0.8271755576133728,0.5861856341362,-0.11434101313352585,0.8940611481666565,0.4575572609901428,-0.07673101872205734,0.8940262794494629,0.5287267565727234,-0.09942138195037842,0.8704114556312561,0.5634932518005371,-0.10587792843580246,0.846076488494873,0.5788737535476685,-0.10830320417881012,Left,0.9960086941719055
1094,16,0,0.48621195554733276,0.3492993116378784,-1.193838699009575e-07,0.5288773775100708,0.37822702527046204,-0.029932044446468353,0.5561051964759827,0.43302488327026367,-0.05090656504034996,0.5712011456489563,0.48923611640930176,-0.06535616517066956,0.5923681259155273,0.5303753614425659,-0.07816344499588013,0.5104596614837646,0.403205007314682,-0.07858725637197495,0.5186363458633423,0.4805554151535034,-0.11018215864896774,0.5327239036560059,0.5433827042579651,-0.12411075085401535,0.5430202484130859,0.589419424533844,-0.13076645135879517,0.46836742758750916,0.41220489144325256,-0.07252417504787445,0.4605405628681183,0.4830721914768219,-0.10445182025432587,0.48426035046577454,0.5416820049285889,-0.1070697233080864,0.5076925754547119,0.5640515089035034,-0.10557903349399567,0.43955129384994507,0.42491835355758667,-0.06675177067518234,0.4207770526409149,0.4846714735031128,-0.09607859700918198,0.4404788613319397,0.5385746955871582,-0.09748194366693497,0.4614124894142151,0.5590626001358032,-0.09252505749464035,0.4236115515232086,0.4374133348464966,-0.06222778186202049,0.39834150671958923,0.4852810502052307,-0.08341922610998154,0.4066649079322815,0.5267285108566284,-0.08774517476558685,0.4233722984790802,0.546261727809906,-0.08723947405815125,Right,0.9954732060432434
1094,16,1,0.8260629177093506,0.35862600803375244,5.732317731599323e-07,0.770629346370697,0.3796166181564331,-0.03824798762798309,0.7413589954376221,0.4448399543762207,-0.06401191651821136,0.7396962642669678,0.5110476613044739,-0.07861078530550003,0.7310311794281006,0.5656583905220032,-0.09301158040761948,0.7856594324111938,0.4003381133079529,-0.11345825344324112,0.789358913898468,0.49687230587005615,-0.14493446052074432,0.783171534538269,0.5587664246559143,-0.15150587260723114,0.7774559259414673,0.6015419960021973,-0.1523313969373703,0.8351500034332275,0.40868517756462097,-0.10129626840353012,0.83946293592453,0.5094774961471558,-0.13374373316764832,0.816322386264801,0.567584753036499,-0.13341471552848816,0.7934855222702026,0.5873640775680542,-0.13080206513404846,0.8688203692436218,0.42032814025878906,-0.08718597888946533,0.8773411512374878,0.5157777070999146,-0.1135471910238266,0.8509339094161987,0.5654869079589844,-0.11568670719861984,0.8246719837188721,0.5807063579559326,-0.11446648091077805,0.8880095481872559,0.4348183274269104,-0.07424715906381607,0.8901549577713013,0.5108655095100403,-0.09652435034513474,0.8682207465171814,0.5482655763626099,-0.1045706644654274,0.8454604148864746,0.5617705583572388,-0.10821744054555893,Left,0.9960596561431885
1167,17,0,0.48451757431030273,0.3446255028247833,-1.1518603315607834e-07,0.5261756181716919,0.37870484590530396,-0.026779228821396828,0.5550855994224548,0.4341657757759094,-0.045357950031757355,0.5745155215263367,0.4880043864250183,-0.05847252532839775,0.596805214881897,0.5257322192192078,-0.06960061192512512,0.5073983073234558,0.40477627515792847,-0.0692053809762001,0.5120713114738464,0.4800402522087097,-0.10072226822376251,0.5309971570968628,0.5323153734207153,-0.11477770656347275,0.5467371940612793,0.562922477722168,-0.1199185773730278,0.46797674894332886,0.4135672152042389,-0.06430912017822266,0.4615025520324707,0.488451212644577,-0.0951133519411087,0.49172064661979675,0.5448508858680725,-0.09833983331918716,0.5177032351493835,0.5639490485191345,-0.09705664217472076,0.44113263487815857,0.4254809319972992,-0.06026716157793999,0.42318111658096313,0.4904729425907135,-0.08734172582626343,0.44842398166656494,0.5423445701599121,-0.08930757641792297,0.471976101398468,0.5599313378334045,-0.08494015038013458,0.4265979528427124,0.43535664677619934,-0.05754506215453148,0.3995860517024994,0.48864510655403137,-0.07599685341119766,0.4084704518318176,0.5308095812797546,-0.08002898842096329,0.42588338255882263,0.5497139096260071,-0.07976799458265305,Right,0.9951308369636536
1167,17,1,0.8152201175689697,0.3555868864059448,6.789336453039141e-07,0.7628686428070068,0.3837803900241852,-0.036353111267089844,0.7333492636680603,0.4463929235935211,-0.06173322722315788,0.7324410080909729,0.5088109374046326,-0.07642532140016556,0.7330211400985718,0.5638970732688904,-0.09013589471578598,0.7880577445030212,0.4017038345336914,-0.10742232203483582,0.7971904277801514,0.49700799584388733,-0.13832393288612366,0.7861654162406921,0.5590442419052124,-0.14387495815753937,0.7738165259361267,0.5980697870254517,-0.14275293052196503,0.8368841409683228,0.406191349029541,-0.0957709550857544,0.8437526822090149,0.5125889778137207,-0.1285599023103714,0.8191508650779724,0.5712326169013977,-0.1284054070711136,0.7942623496055603,0.5893771648406982,-0.12454495579004288,0.8689707517623901,0.4170607626438141,-0.08224638551473618,0.8779376745223999,0.5168755054473877,-0.10751242935657501,0.8508623838424683,0.5689947009086609,-0.10910725593566895,0.8232271075248718,0.5873602628707886,-0.1066729798913002,0.885983407497406,0.43089759349823,-0.069785475730896,0.8865952491760254,0.509516179561615,-0.08964429050683975,0.8647714853286743,0.5507488250732422,-0.09627165645360947,0.8412908315658569,0.5689373016357422,-0.09825071692466736,Left,0.9956006407737732
1240,18,0,0.4853019714355469,0.34459301829338074,-2.3364020762528526e-07,0.5243483781814575,0.36828678846359253,-0.030598996207118034,0.5516173839569092,0.41603437066078186,-0.0517742894589901,0.5714484453201294,0.4666323959827423,-0.06533082574605942,0.5894846320152283,0.5052499175071716,-0.0762367695569992,0.5008876323699951,0.3915540277957916,-0.08864795416593552,0.5173740386962891,0.46374332904815674,-0.1170668676495552,0.5470457077026367,0.5027760863304138,-0.12333687394857407,0.5716062784194946,0.5211382508277893,-0.12344680726528168,0.46727386116981506,0.4122645854949951,-0.08081845939159393,0.4828813672065735,0.4932078719139099,-0.11221317201852798,0.5213474035263062,0.5420458912849426,-0.11330733448266983,0.5516166687011719,0.5607171654701233,-0.11194434016942978,0.4465716779232025,0.4346986711025238,-0.07216291129589081,0.44735032320022583,0.5092586874961853,-0.09950993955135345,0.48045870661735535,0.5522369146347046,-0.10141388326883316,0.509483277797699,0.5662484169006348,-0.09867209196090698,0.4389519691467285,0.4521923363208771,-0.06443434208631516,0.42680123448371887,0.5109119415283203,-0.08365844190120697,0.44484615325927734,0.5437234044075012,-0.08845851570367813,0.4675811231136322,0.5537983179092407,-0.08988591283559799,Right,0.9882695078849792
1240,18,1,0.8158084750175476,0.3474124073982239,5.676777163898805e-07,0.7694194316864014,0.37537717819213867,-0.043671563267707825,0.7448689937591553,0.4347723424434662,-0.07235561311244965,0.7401211261749268,0.5011767745018005,-0.08973057568073273,0.7327708005905151,0.5578532814979553,-0.10394778847694397,0.812904417514801,0.41912803053855896,-0.09952879697084427,0.8159360885620117,0.5164763927459717,-0.12598344683647156,0.7931656837463379,0.5599466562271118,-0.12854032218456268,0.7680761218070984,0.5734730362892151,-0.12563997507095337,0.8530831336975098,0.43138131499290466,-0.08318484574556351,0.8538658618927002,0.5438116788864136,-0.11286205798387527,0.819225013256073,0.581693172454834,-0.1153423860669136,0.7871683239936829,0.5816628932952881,-0.11305049806833267,0.8763628005981445,0.44701293110847473,-0.0654551088809967,0.8782802820205688,0.5485872626304626,-0.08667390048503876,0.8421446084976196,0.5843707919120789,-0.08920170366764069,0.8107945919036865,0.5880159139633179,-0.08857234567403793,0.8875133395195007,0.46065470576286316,-0.049778230488300323,0.8861404657363892,0.5348783731460571,-0.0682883933186531,0.8619049787521362,0.5680393576622009,-0.07602110505104065,0.8378580808639526,0.5806360244750977,-0.07887805998325348,Left,0.9966758489608765
1313,19,0,0.49139636754989624,0.3617623448371887,-2.402656491540256e-07,0.5249191522598267,0.3747912645339966,-0.03496350720524788,0.5514086484909058,0.4148094058036804,-0.05976945534348488,0.5703303217887878,0.4594212472438812,-0.07542777806520462,0.583433210849762,0.49478471279144287,-0.08892940729856491,0.49811384081840515,0.3867909908294678,-0.09952730685472488,0.5217942595481873,0.45825785398483276,-0.12931568920612335,0.5507378578186035,0.4947257339954376,-0.13577407598495483,0.5739185810089111,0.5126939415931702,-0.13609348237514496,0.4673449695110321,0.41128167510032654,-0.08894545584917068,0.48975297808647156,0.4884055256843567,-0.12011562287807465,0.5303300023078918,0.528937816619873,-0.11962959915399551,0.5621125102043152,0.5415973663330078,-0.11732849478721619,0.44880253076553345,0.4358298182487488,-0.07728581875562668,0.45531511306762695,0.5086832046508789,-0.10567069053649902,0.4906385540962219,0.5436628460884094,-0.10599739849567413,0.5198386907577515,0.5531178116798401,-0.10217757523059845,0.44224971532821655,0.4548391103744507,-0.06638454645872116,0.436044305562973,0.510644793510437,-0.08579915761947632,0.45398086309432983,0.5391889810562134,-0.08902594447135925,0.47387921810150146,0.5482985973358154,-0.08924662321805954,Right,0.9887495636940002
1313,19,1,0.8269562125205994,0.34608209133148193,4.5114794033906946e-07,0.7834044098854065,0.3702559471130371,-0.03913845494389534,0.7564062476158142,0.4215363562107086,-0.06663637608289719,0.7481194734573364,0.48495906591415405,-0.08416171371936798,0.7462435364723206,0.5406807065010071,-0.09726271033287048,0.8216357827186584,0.41355112195014954,-0.09188368171453476,0.8196375966072083,0.5156078338623047,-0.12036576867103577,0.7911741137504578,0.5472846627235413,-0.12309356778860092,0.7651070952415466,0.5444548726081848,-0.11833241581916809,0.8584136962890625,0.4300838112831116,-0.07800326496362686,0.8478315472602844,0.543049693107605,-0.1060345470905304,0.8143718242645264,0.5792422294616699,-0.10653869807720184,0.7864052653312683,0.5801165103912354,-0.1031913012266159,0.8795291185379028,0.44815346598625183,-0.06346949934959412,0.8713340759277344,0.5490214824676514,-0.08370330929756165,0.837951123714447,0.5853052735328674,-0.08380527794361115,0.8099870085716248,0.5903884172439575,-0.08147000521421432,0.8903913497924805,0.4616674482822418,-0.050959594547748566,0.8845884203910828,0.537043035030365,-0.06807180494070053,0.8611930012702942,0.5692546367645264,-0.07316665351390839,0.83837890625,0.580539345741272,-0.07393749803304672,Left,0.9901173710823059
1386,20,0,0.48913827538490295,0.3795950412750244,-3.512447221964976e-07,0.5192649960517883,0.37743139266967773,-0.04210640490055084,0.5443970561027527,0.4048519432544708,-0.07385257631540298,0.5610303282737732,0.44745194911956787,-0.0952061340212822,0.5761409401893616,0.48769527673721313,-0.11458431929349899,0.4937589466571808,0.3854873776435852,-0.11534630507230759,0.5193977952003479,0.45533487200737,-0.1491658091545105,0.5512828826904297,0.49154582619667053,-0.15641053020954132,0.5765697360038757,0.5126692056655884,-0.15755951404571533,0.46444451808929443,0.416100412607193,-0.10299636423587799,0.4938996434211731,0.4875640273094177,-0.13804401457309723,0.5362280607223511,0.5240041017532349,-0.14062201976776123,0.5663226842880249,0.5367608666419983,-0.14193814992904663,0.4483269453048706,0.4450569748878479,-0.08900901675224304,0.4611395001411438,0.512931227684021,-0.12283585965633392,0.4995247423648834,0.5429868102073669,-0.12877890467643738,0.529377818107605,0.5497088432312012,-0.13000746071338654,0.44118401408195496,0.4690918028354645,-0.07546217739582062,0.44296368956565857,0.5202595591545105,-0.1010684221982956,0.4658398926258087,0.5421961545944214,-0.10840123891830444,0.4874129891395569,0.5477800369262695,-0.11206087470054626,Right,0.9908723831176758
1386,20,1,0.8391817212104797,0.35009515285491943,5.026404323871247e-07,0.793766975402832,0.36566904187202454,-0.041682709008455276,0.7615423798561096,0.413701593875885,-0.07096093893051147,0.7522701025009155,0.477023184299469,-0.08877898007631302,0.7670556902885437,0.5224369764328003,-0.10197973251342773,0.8215834498405457,0.3952087163925171,-0.10764303058385849,0.811257541179657,0.4932999014854431,-0.13840316236019135,0.7823712825775146,0.5198295712471008,-0.14060303568840027,0.7602405548095703,0.5134599804878235,-0.13566499948501587,0.8583366870880127,0.41692498326301575,-0.09333637356758118,0.8427531123161316,0.531102180480957,-0.12423125654459,0.8050165772438049,0.5730164051055908,-0.12359898537397385,0.7729800343513489,0.579554557800293,-0.12024010717868805,0.8801339864730835,0.4413914680480957,-0.0778191089630127,0.8626197576522827,0.5483559966087341,-0.10134189575910568,0.8237433433532715,0.5843012928962708,-0.10166989266872406,0.7923839688301086,0.5910376310348511,-0.10024359822273254,0.8905040621757507,0.46050605177879333,-0.06410394608974457,0.8705501556396484,0.537070631980896,-0.08255957812070847,0.8392686247825623,0.563054621219635,-0.08751578629016876,0.8121922612190247,0.5696113705635071,-0.08934039622545242,Left,0.992045521736145
1460,21,0,0.48134663701057434,0.37936967611312866,-4.336879158017837e-07,0.510955810546875,0.36661165952682495,-0.04729876667261124,0.5379535555839539,0.386379599571228,-0.07868598401546478,0.5564451813697815,0.4243652820587158,-0.09842247515916824,0.5705608129501343,0.46306976675987244,-0.11613022536039352,0.48283159732818604,0.38568612933158875,-0.11251260340213776,0.5166237354278564,0.4552837908267975,-0.14400963485240936,0.5517932176589966,0.48560667037963867,-0.1499219387769699,0.5779266953468323,0.5015255808830261,-0.15031811594963074,0.45643913745880127,0.42397645115852356,-0.09611569344997406,0.5019898414611816,0.49332714080810547,-0.12425167113542557,0.5469185709953308,0.5225639343261719,-0.12284086644649506,0.5761168003082275,0.5298609137535095,-0.12214410305023193,0.4453697204589844,0.45902949571609497,-0.0788082405924797,0.47515201568603516,0.5234248042106628,-0.10829894244670868,0.5147586464881897,0.5426267385482788,-0.10951822251081467,0.542487621307373,0.5427188277244568,-0.10812045633792877,0.44208651781082153,0.48817816376686096,-0.06278113275766373,0.4584454894065857,0.5342181324958801,-0.08930078148841858,0.4867030680179596,0.5475717782974243,-0.09359153360128403,0.5089720487594604,0.5473994612693787,-0.09365878999233246,Right,0.9973399043083191
1460,21,1,0.8492249846458435,0.3691280484199524,5.288521833790583e-07,0.8060253262519836,0.3608627915382385,-0.05060411989688873,0.7726907730102539,0.38971251249313354,-0.08543768525123596,0.7598175406455994,0.4424017071723938,-0.10636419802904129,0.7711313366889954,0.4850488007068634,-0.12299240380525589,0.833259105682373,0.38318532705307007,-0.12466082721948624,0.8053126931190491,0.457110732793808,-0.15877851843833923,0.7804064750671387,0.47805631160736084,-0.16413453221321106,0.763472318649292,0.4719682037830353,-0.16300512850284576,0.8632544279098511,0.4227767288684845,-0.10764946043491364,0.829302191734314,0.507902979850769,-0.14016121625900269,0.7884677648544312,0.5493614673614502,-0.14144623279571533,0.7542035579681396,0.5637761950492859,-0.1418897956609726,0.8774281740188599,0.4615219235420227,-0.08968251198530197,0.8407410383224487,0.542748749256134,-0.11644936352968216,0.7977219223976135,0.5757967233657837,-0.1200045794248581,0.7634662389755249,0.5875244736671448,-0.12269803881645203,0.8786517977714539,0.49412763118743896,-0.07396680861711502,0.843861997127533,0.5456581115722656,-0.09637186676263809,0.8101545572280884,0.5612590312957764,-0.10440173745155334,0.7828003764152527,0.5662813186645508,-0.10949300229549408,Left,0.9957477450370789
1534,22,0,0.47909629344940186,0.3743335008621216,-4.3727050069719553e-07,0.5074265599250793,0.3564966320991516,-0.05228829383850098,0.5343905687332153,0.36743250489234924,-0.08637940883636475,0.5554310083389282,0.394557923078537,-0.10784707218408585,0.56940758228302,0.42645686864852905,-0.1274196356534958,0.47498366236686707,0.3831474483013153,-0.1183796375989914,0.5187842845916748,0.43909168243408203,-0.15057505667209625,0.5589538216590881,0.45907577872276306,-0.15750457346439362,0.5892402529716492,0.4670923948287964,-0.15870659053325653,0.4558235704898834,0.4256075620651245,-0.09887087345123291,0.5103698968887329,0.4811379909515381,-0.12873904407024384,0.5581291913986206,0.4993254840373993,-0.12926822900772095,0.5883985161781311,0.4997238516807556,-0.13042256236076355,0.45132261514663696,0.46105366945266724,-0.07834846526384354,0.49226415157318115,0.5131804943084717,-0.10762835294008255,0.5342499017715454,0.5238839387893677,-0.11001042276620865,0.5614251494407654,0.5178608894348145,-0.11039064079523087,0.4525403678417206,0.49002811312675476,-0.05957402288913727,0.4754885137081146,0.5309839844703674,-0.08611030131578445,0.5046319961547852,0.5365570783615112,-0.09170154482126236,0.5253491997718811,0.5289413332939148,-0.09343618899583817,Right,0.9923009872436523
1534,22,1,0.8481301665306091,0.3694525957107544,3.913075943273725e-07,0.8127301335334778,0.3515114188194275,-0.05093555524945259,0.7793712019920349,0.36359477043151855,-0.08234303444623947,0.7568113803863525,0.40219706296920776,-0.10136321187019348,0.7530367374420166,0.44659850001335144,-0.11542005836963654,0.8451377749443054,0.38453078269958496,-0.10424426943063736,0.8076589107513428,0.4498433768749237,-0.13238781690597534,0.771856427192688,0.46270671486854553,-0.1349407136440277,0.7537410259246826,0.4519132375717163,-0.13251861929893494,0.8599374890327454,0.4323524832725525,-0.08630939573049545,0.8178643584251404,0.49804753065109253,-0.11377685517072678,0.7739283442497253,0.5144306421279907,-0.11604458838701248,0.7486910820007324,0.5109349489212036,-0.11697055399417877,0.8615626096725464,0.4701976478099823,-0.06841560453176498,0.8218366503715515,0.5265116691589355,-0.09336155652999878,0.7785053253173828,0.5401868224143982,-0.09667611122131348,0.7519847750663757,0.5356090068817139,-0.09797519445419312,0.8563310503959656,0.49853283166885376,-0.05307901278138161,0.8209022879600525,0.5344808101654053,-0.07563146203756332,0.7865480184555054,0.5388298630714417,-0.08364028483629227,0.7632574439048767,0.531031608581543,-0.08745992183685303,Left,0.9951195120811462
1604,23,0,0.48020312190055847,0.3642670214176178,-4.1475124135104124e-07,0.509704053401947,0.34357771277427673,-0.05947808548808098,0.5367525219917297,0.35322046279907227,-0.09652557224035263,0.5596306324005127,0.3767360746860504,-0.11872930824756622,0.5732901692390442,0.40256497263908386,-0.1385899782180786,0.4700741171836853,0.37794920802116394,-0.12902326881885529,0.5130969882011414,0.425050288438797,-0.1632649302482605,0.5567706227302551,0.4368080198764801,-0.16948120296001434,0.5897062420845032,0.43771496415138245,-0.17004776000976562,0.4582065939903259,0.42552053928375244,-0.10638850182294846,0.5150591731071472,0.47299933433532715,-0.13944584131240845,0.5660547614097595,0.4738457202911377,-0.1380307823419571,0.5939548015594482,0.4598396420478821,-0.1365157514810562,0.46222078800201416,0.4644832909107208,-0.08345992863178253,0.510741651058197,0.5087104439735413,-0.11536179482936859,0.5532698035240173,0.5026193857192993,-0.11663157492876053,0.5752018690109253,0.48270487785339355,-0.1153089702129364,0.4712793529033661,0.4935198426246643,-0.0628846138715744,0.5048432946205139,0.5257141590118408,-0.09271151572465897,0.5342904925346375,0.521723210811615,-0.10006781667470932,0.5508154034614563,0.5057580471038818,-0.10218697786331177,Right,0.9732056260108948
1604,23,1,0.8478529453277588,0.37487077713012695,3.6335782738206035e-07,0.8208445310592651,0.3363914489746094,-0.06258991360664368,0.7878454923629761,0.33867940306663513,-0.09927206486463547,0.760192334651947,0.37459948658943176,-0.12138193845748901,0.7475608587265015,0.42398694157600403,-0.13802896440029144,0.8532993793487549,0.39501768350601196,-0.11581449210643768,0.8129760026931763,0.46092474460601807,-0.1475633680820465,0.7706245183944702,0.4592428207397461,-0.15217560529708862,0.7547422051429749,0.4357903301715851,-0.15145839750766754,0.8511841893196106,0.44911476969718933,-0.09313838183879852,0.8101233839988708,0.513899028301239,-0.12543746829032898,0.759120523929596,0.5006723999977112,-0.13067740201950073,0.7391838431358337,0.4761514663696289,-0.1329553872346878,0.8400618433952332,0.4858242869377136,-0.07115819305181503,0.799297571182251,0.5283198356628418,-0.10111018270254135,0.7558188438415527,0.5136747360229492,-0.10400974750518799,0.7393844127655029,0.485761821269989,-0.10409796983003616,0.8260282874107361,0.5076020359992981,-0.052464090287685394,0.7898022532463074,0.5322747230529785,-0.07947106659412384,0.7565776705741882,0.5195313692092896,-0.0883648544549942,0.7421810626983643,0.49675601720809937,-0.09239344298839569,Left,0.9862298965454102
1676,24,0,0.47904324531555176,0.3650628924369812,-3.5748286109082983e-07,0.5044347047805786,0.34049758315086365,-0.058603331446647644,0.5349471569061279,0.34733426570892334,-0.09478949755430222,0.5654938817024231,0.36541470885276794,-0.11608926951885223,0.5861984491348267,0.3822508752346039,-0.13517454266548157,0.47497832775115967,0.382528692483902,-0.12511980533599854,0.5264863967895508,0.4251113533973694,-0.15761113166809082,0.5682323575019836,0.43053892254829407,-0.16313225030899048,0.5970126986503601,0.4269384443759918,-0.16359011828899384,0.4681757092475891,0.4294630289077759,-0.10298020392656326,0.5305072069168091,0.46915459632873535,-0.13338561356067657,0.5765959024429321,0.4634893238544464,-0.13088104128837585,0.6008331775665283,0.4445817768573761,-0.1287170648574829,0.4754984676837921,0.4663708209991455,-0.08081518858671188,0.5304943323135376,0.5007027983665466,-0.1091141477227211,0.5661959052085876,0.4884698688983917,-0.10946204513311386,0.5827540159225464,0.46609532833099365,-0.10819529742002487,0.48621025681495667,0.49179965257644653,-0.06136360019445419,0.5274773836135864,0.5156652331352234,-0.08917809277772903,0.5525104403495789,0.5075206160545349,-0.09670461714267731,0.5646002292633057,0.4917324483394623,-0.09926667809486389,Right,0.9667633771896362
1676,24,1,0.8553925156593323,0.3681637942790985,4.904622983303852e-07,0.8255059719085693,0.3319126069545746,-0.05905330553650856,0.788875162601471,0.33169272541999817,-0.0950918197631836,0.7522834539413452,0.36086955666542053,-0.11757012456655502,0.7237630486488342,0.396602988243103,-0.13581456243991852,0.8529462218284607,0.4241766035556793,-0.10597053170204163,0.7933964133262634,0.470663845539093,-0.13774468004703522,0.7454667091369629,0.4653741121292114,-0.14648613333702087,0.7171697616577148,0.4464811086654663,-0.14844946563243866,0.8529099225997925,0.47135457396507263,-0.0852348655462265,0.7904694080352783,0.5184305310249329,-0.12104449421167374,0.7345529794692993,0.49215447902679443,-0.12956057488918304,0.7053711414337158,0.4592631459236145,-0.1311589777469635,0.8421947956085205,0.5005634427070618,-0.06496397405862808,0.7846602201461792,0.5340478420257568,-0.09837805479764938,0.7358344197273254,0.5070077180862427,-0.10446237027645111,0.7110525965690613,0.4742811620235443,-0.10342930257320404,0.8286293745040894,0.5139594078063965,-0.04733814671635628,0.7847216129302979,0.5357519388198853,-0.07411474734544754,0.7491558194160461,0.517246663570404,-0.08213261514902115,0.7284054756164551,0.4942770302295685,-0.08354867249727249,Left,0.9891027212142944
1749,25,0,0.477575421333313,0.3685568571090698,-2.3310091989969806e-07,0.5042436122894287,0.3455914855003357,-0.0650721937417984,0.5373561382293701,0.3553663194179535,-0.10402495414018631,0.5699316263198853,0.3783736824989319,-0.12566351890563965,0.5996963977813721,0.3935397267341614,-0.1449497491121292,0.4799019694328308,0.3921279311180115,-0.13724669814109802,0.5338533520698547,0.4294542670249939,-0.17245914041996002,0.5726226568222046,0.4338177740573883,-0.17997655272483826,0.6026798486709595,0.43336355686187744,-0.1813829243183136,0.4729095995426178,0.4370598793029785,-0.11068765074014664,0.5382288694381714,0.4676359295845032,-0.14365600049495697,0.5819238424301147,0.4617656171321869,-0.14291581511497498,0.6070144772529602,0.4475628435611725,-0.1422491818666458,0.4806646406650543,0.4690934121608734,-0.0840536430478096,0.5363014340400696,0.49576202034950256,-0.11699366569519043,0.572252631187439,0.4836578667163849,-0.12020035088062286,0.5913571119308472,0.4662930369377136,-0.12021400034427643,0.4929334223270416,0.4912755489349365,-0.059908993542194366,0.5334253907203674,0.5088939666748047,-0.08932940661907196,0.5593910217285156,0.4983685314655304,-0.0979960486292839,0.5743302702903748,0.4844791293144226,-0.10171446204185486,Right,0.9871461391448975
1749,25,1,0.8559044003486633,0.37514472007751465,5.304622732182906e-07,0.8288000822067261,0.34532415866851807,-0.05751526355743408,0.7886319160461426,0.3564813733100891,-0.08991340547800064,0.7479612231254578,0.4034756124019623,-0.10806667059659958,0.716030478477478,0.4488154947757721,-0.12134422361850739,0.8620725274085999,0.426133930683136,-0.1045578122138977,0.7923670411109924,0.47109344601631165,-0.13243749737739563,0.7438461184501648,0.46755683422088623,-0.13784754276275635,0.7159857153892517,0.45391473174095154,-0.1392432302236557,0.8613399267196655,0.474776029586792,-0.08434909582138062,0.795107901096344,0.5177386999130249,-0.11754122376441956,0.741293728351593,0.4981902837753296,-0.12300363928079605,0.7108674049377441,0.4726310670375824,-0.1243654415011406,0.846996545791626,0.5058637261390686,-0.06465701013803482,0.7892447710037231,0.53383469581604,-0.09395955502986908,0.7415497303009033,0.5171960592269897,-0.0986136719584465,0.7135246992111206,0.4964783787727356,-0.09935060888528824,0.829730212688446,0.5246677994728088,-0.04803607240319252,0.7837479114532471,0.5373640656471252,-0.07347667217254639,0.7481443285942078,0.5213002562522888,-0.08264604210853577,0.7240803837776184,0.5050863027572632,-0.08625029027462006,Left,0.995486319065094
1821,26,0,0.4740300178527832,0.3651539087295532,-2.1415482365227945e-07,0.5027163028717041,0.34434205293655396,-0.058580946177244186,0.5389590859413147,0.3536383807659149,-0.09527888894081116,0.5759553909301758,0.37553316354751587,-0.11602459847927094,0.6104121208190918,0.3864430785179138,-0.1349031925201416,0.48115915060043335,0.39514023065567017,-0.12780849635601044,0.539273738861084,0.42998865246772766,-0.16017994284629822,0.5785896182060242,0.43347856402397156,-0.16742415726184845,0.6084983944892883,0.432533860206604,-0.16869549453258514,0.4752925932407379,0.44009485840797424,-0.103025421500206,0.5451842546463013,0.47039997577667236,-0.13364996016025543,0.5872950553894043,0.4583837389945984,-0.13256274163722992,0.6094231009483337,0.43936601281166077,-0.13102759420871735,0.483126699924469,0.46969884634017944,-0.07727253437042236,0.5442222952842712,0.4956333339214325,-0.10646211355924606,0.5766358375549316,0.4787422716617584,-0.10715589672327042,0.5905712842941284,0.45836952328681946,-0.10540460795164108,0.4967438578605652,0.4906019866466522,-0.053572896867990494,0.5397500991821289,0.5065145492553711,-0.0785674899816513,0.5640423893928528,0.4927982985973358,-0.08395661413669586,0.5742207765579224,0.47782379388809204,-0.08535482734441757,Right,0.9918859601020813
1821,26,1,0.8576997518539429,0.37510284781455994,5.35592619144154e-07,0.8331918716430664,0.34480103850364685,-0.05726587772369385,0.7946152687072754,0.35413041710853577,-0.09156234562397003,0.7544979453086853,0.39453303813934326,-0.1117042824625969,0.7264914512634277,0.43453818559646606,-0.12811417877674103,0.8640767931938171,0.40356960892677307,-0.10893847793340683,0.7991223335266113,0.435683935880661,-0.14042681455612183,0.7509860992431641,0.4425886273384094,-0.15074889361858368,0.7172448039054871,0.4373025596141815,-0.15632134675979614,0.8629504442214966,0.4552014172077179,-0.09005570411682129,0.7978609800338745,0.49031445384025574,-0.12280084192752838,0.7443983554840088,0.48232874274253845,-0.12886802852153778,0.7090796828269958,0.4676836431026459,-0.1323736011981964,0.8486099243164062,0.48855140805244446,-0.07183696329593658,0.7887168526649475,0.5147611498832703,-0.10185252130031586,0.7405939698219299,0.5118788480758667,-0.10734013468027115,0.7081204056739807,0.5036673545837402,-0.11008724570274353,0.8304044604301453,0.508583128452301,-0.05656367912888527,0.7823320031166077,0.520012378692627,-0.08217567205429077,0.7447934746742249,0.5141433477401733,-0.09118465334177017,0.7161884307861328,0.5091270804405212,-0.09591297805309296,Left,0.9951138496398926
1893,27,0,0.4702419638633728,0.36442890763282776,-2.4979982526929234e-07,0.500402569770813,0.3423628807067871,-0.05722174793481827,0.5378677248954773,0.35296815633773804,-0.09177379310131073,0.5755206942558289,0.3771257698535919,-0.11043859273195267,0.6102167367935181,0.38587886095046997,-0.1266278475522995,0.4808182418346405,0.40564531087875366,-0.12172296643257141,0.5426374077796936,0.43875131011009216,-0.1507587730884552,0.5824676156044006,0.4376189410686493,-0.15550674498081207,0.6125091314315796,0.4305630326271057,-0.15520106256008148,0.4749750792980194,0.4502143859863281,-0.09674648940563202,0.5457502603530884,0.476070374250412,-0.12440246343612671,0.5864115953445435,0.4605081081390381,-0.12228482961654663,0.6086857318878174,0.43843916058540344,-0.12002677470445633,0.4813307523727417,0.4770909547805786,-0.07080258429050446,0.5440035462379456,0.4978788197040558,-0.09696301817893982,0.5765895843505859,0.47920167446136475,-0.09727342426776886,0.5915467739105225,0.4575420022010803,-0.09569850564002991,0.49361252784729004,0.49292290210723877,-0.046942006796598434,0.538557231426239,0.5036426186561584,-0.0691111832857132,0.5647852420806885,0.48642003536224365,-0.07372535765171051,0.5766603946685791,0.46950846910476685,-0.07491971552371979,Right,0.9958986639976501
1893,27,1,0.8552070260047913,0.36665093898773193,5.420687898549659e-07,0.8317851424217224,0.3339431881904602,-0.05453477054834366,0.7950214147567749,0.3378906846046448,-0.08964310586452484,0.7566512227058411,0.36880823969841003,-0.11209847778081894,0.7272576093673706,0.40241411328315735,-0.13185834884643555,0.8615614175796509,0.385996550321579,-0.1035754382610321,0.814374566078186,0.40671980381011963,-0.13838765025138855,0.7732269763946533,0.4187520742416382,-0.1551923006772995,0.7371826767921448,0.4201478660106659,-0.16565103828907013,0.8568152189254761,0.43818360567092896,-0.0865144431591034,0.7951607704162598,0.460559606552124,-0.11996587365865707,0.7438493967056274,0.45505645871162415,-0.1295078545808792,0.7081907987594604,0.4414641559123993,-0.1357971578836441,0.8421449661254883,0.47054195404052734,-0.0701860710978508,0.7821948528289795,0.48509788513183594,-0.1019124686717987,0.7382059097290039,0.4739643335342407,-0.10694749653339386,0.7095809578895569,0.45820870995521545,-0.10876650363206863,0.8237462043762207,0.4873252511024475,-0.0567038394510746,0.7777090668678284,0.48836690187454224,-0.08178229629993439,0.7469988465309143,0.47046586871147156,-0.08799591660499573,0.7248568534851074,0.4542103409767151,-0.09054656326770782,Left,0.9942886829376221
1964,28,0,0.4706808626651764,0.3620288372039795,-2.3727294262698706e-07,0.5005344152450562,0.3433067798614502,-0.05596368759870529,0.5375555753707886,0.35718458890914917,-0.08949306607246399,0.5749132633209229,0.3810558319091797,-0.10691957175731659,0.610061526298523,0.38608241081237793,-0.12230076640844345,0.4802350699901581,0.4104345440864563,-0.12227744609117508,0.5413217544555664,0.4415072798728943,-0.1506805419921875,0.5802416205406189,0.4401308298110962,-0.1551979035139084,0.6100144386291504,0.43277832865715027,-0.15461337566375732,0.4733317196369171,0.4530964493751526,-0.09734473377466202,0.5438166856765747,0.48040029406547546,-0.12439922243356705,0.5838631391525269,0.4642654359340668,-0.12177258729934692,0.6061364412307739,0.441292941570282,-0.11881422251462936,0.47898411750793457,0.4783189594745636,-0.071113221347332,0.542039155960083,0.49774467945098877,-0.096436507999897,0.5735161900520325,0.4790996313095093,-0.09625856578350067,0.5881906151771545,0.45792049169540405,-0.09424123913049698,0.4911734461784363,0.4923977553844452,-0.0468258336186409,0.5363010168075562,0.5006991028785706,-0.06808777898550034,0.5626921653747559,0.48181039094924927,-0.07194280624389648,0.5754876732826233,0.4645007252693176,-0.07256034761667252,Right,0.9942565560340881
1964,28,1,0.8458895087242126,0.3591938614845276,7.542909088442684e-07,0.8304053544998169,0.32728704810142517,-0.06395334750413895,0.7981632947921753,0.33400478959083557,-0.10409783571958542,0.7619527578353882,0.36356639862060547,-0.12841609120368958,0.7343759536743164,0.3959651291370392,-0.15022237598896027,0.8619170188903809,0.3714882731437683,-0.12776102125644684,0.8030257821083069,0.3989146053791046,-0.16991029679775238,0.7543307542800903,0.41336339712142944,-0.1905435472726822,0.7136456966400146,0.414804071187973,-0.2030426412820816,0.8584330081939697,0.4175105094909668,-0.10678863525390625,0.7917903065681458,0.4495382010936737,-0.14853838086128235,0.7376774549484253,0.4464617371559143,-0.1599258929491043,0.7004468441009521,0.43526339530944824,-0.16722534596920013,0.8422867655754089,0.44865724444389343,-0.08642561733722687,0.7761446833610535,0.46682146191596985,-0.12251643091440201,0.7327245473861694,0.45808327198028564,-0.12813305854797363,0.7053713202476501,0.4453367292881012,-0.1305864155292511,0.8226083517074585,0.4659717082977295,-0.06951411813497543,0.7713940739631653,0.4684971570968628,-0.09827244281768799,0.7408908009529114,0.45198482275009155,-0.1066889688372612,0.7191606163978577,0.43672505021095276,-0.110835000872612,Left,0.9977079629898071
2036,29,0,0.46675077080726624,0.3663020133972168,-2.4238593709924316e-07,0.4975191652774811,0.3463190197944641,-0.054568223655223846,0.5345373153686523,0.35959097743034363,-0.08688200265169144,0.5718013048171997,0.3833886981010437,-0.10350826382637024,0.6076558232307434,0.3899688720703125,-0.11834246665239334,0.47759658098220825,0.4152446389198303,-0.11737815290689468,0.5410275459289551,0.4436958134174347,-0.14373111724853516,0.5798967480659485,0.4425027072429657,-0.14809930324554443,0.6092961430549622,0.43704894185066223,-0.14813748002052307,0.47169941663742065,0.4565436542034149,-0.09321331977844238,0.5429942011833191,0.48070231080055237,-0.11798521131277084,0.5842977166175842,0.46524402499198914,-0.11624815315008163,0.6086705923080444,0.4446772634983063,-0.11486008763313293,0.4781571626663208,0.4800151586532593,-0.06777678430080414,0.5413324236869812,0.49549731612205505,-0.09071730822324753,0.573428750038147,0.4766521751880646,-0.09142496436834335,0.5899215936660767,0.45707908272743225,-0.09117226302623749,0.49047744274139404,0.4914230704307556,-0.044360753148794174,0.5346149802207947,0.4962657392024994,-0.06429286301136017,0.5610783696174622,0.4780460000038147,-0.06866810470819473,0.5754673480987549,0.4624662399291992,-0.07036096602678299,Right,0.9960060715675354
2036,29,1,0.839962899684906,0.35960227251052856,6.097214964029263e-07,0.8185932636260986,0.3236241340637207,-0.057888153940439224,0.790250837802887,0.32727915048599243,-0.09770773351192474,0.7595375776290894,0.36059728264808655,-0.1241096556186676,0.7321436405181885,0.39523571729660034,-0.1488875448703766,0.8423351645469666,0.34733277559280396,-0.12362760305404663,0.7773614525794983,0.38251057267189026,-0.164030060172081,0.7327558994293213,0.3977999985218048,-0.18332166969776154,0.699833869934082,0.4051569700241089,-0.19549715518951416,0.8518304228782654,0.39633044600486755,-0.10745611041784286,0.7827315330505371,0.42978405952453613,-0.14655302464962006,0.7294629812240601,0.43797850608825684,-0.15586258471012115,0.6956735849380493,0.43881794810295105,-0.16306035220623016,0.8487371802330017,0.43514585494995117,-0.09188256412744522,0.784894585609436,0.46299445629119873,-0.12594103813171387,0.7390270233154297,0.4652867615222931,-0.1327599436044693,0.7106465101242065,0.46112483739852905,-0.1367582231760025,0.8390089869499207,0.4643732011318207,-0.07957060635089874,0.7881029844284058,0.4813716411590576,-0.10740257054567337,0.7530032992362976,0.4742066264152527,-0.11639684438705444,0.7297857403755188,0.46426302194595337,-0.1215914785861969,Left,0.995089054107666
2108,30,0,0.46762996912002563,0.36509326100349426,-2.6340586600781535e-07,0.49607053399086,0.34654760360717773,-0.05129452049732208,0.5339855551719666,0.3619992434978485,-0.08108120411634445,0.5736737847328186,0.38602736592292786,-0.09598132967948914,0.6098214387893677,0.3944874107837677,-0.10897021740674973,0.4752768874168396,0.4141113758087158,-0.10899784415960312,0.5377179980278015,0.44300079345703125,-0.13419653475284576,0.5768958926200867,0.4434546232223511,-0.13931339979171753,0.6070415377616882,0.4400936961174011,-0.14011579751968384,0.46969932317733765,0.4545193016529083,-0.08613374084234238,0.540925920009613,0.4761255085468292,-0.10887085646390915,0.5827928781509399,0.46314841508865356,-0.10750661045312881,0.6089677214622498,0.44559013843536377,-0.10669223219156265,0.47620895504951477,0.4780319333076477,-0.06227462366223335,0.539438009262085,0.4915856420993805,-0.08357959240674973,0.5718005299568176,0.4745122790336609,-0.08396635949611664,0.5903486013412476,0.4569217264652252,-0.0836365595459938,0.48833170533180237,0.4897178113460541,-0.04040906950831413,0.5325901508331299,0.49261289834976196,-0.059290628880262375,0.5586864948272705,0.4754147529602051,-0.06348121911287308,0.5740222930908203,0.46124163269996643,-0.06505216658115387,Right,0.995520293712616
2108,30,1,0.8329381942749023,0.3511244058609009,5.538223035728151e-07,0.8108746409416199,0.31480875611305237,-0.060531135648489,0.784502387046814,0.32293716073036194,-0.10144305229187012,0.7524375915527344,0.3619554340839386,-0.12862664461135864,0.7252491116523743,0.4002676010131836,-0.154129296541214,0.8401640057563782,0.34076982736587524,-0.12681236863136292,0.7735937833786011,0.37808308005332947,-0.16815990209579468,0.7285526990890503,0.39562422037124634,-0.18735724687576294,0.6963818073272705,0.4051724672317505,-0.19969789683818817,0.8502439856529236,0.39094725251197815,-0.11027396470308304,0.782727837562561,0.4255525469779968,-0.15048696100711823,0.7279148697853088,0.43577665090560913,-0.15988312661647797,0.6923454999923706,0.43898865580558777,-0.16733211278915405,0.846301794052124,0.4306473731994629,-0.09456206113100052,0.7826876044273376,0.4569166600704193,-0.13093975186347961,0.7347928285598755,0.45923298597335815,-0.13714154064655304,0.7042789459228516,0.4555119574069977,-0.14044487476348877,0.834289014339447,0.4618538022041321,-0.08232174068689346,0.7865707874298096,0.4784424304962158,-0.11180230975151062,0.7504411935806274,0.4726550579071045,-0.12062220275402069,0.7256946563720703,0.4659269452095032,-0.1256808042526245,Left,0.9966729879379272
2180,31,0,0.4657690227031708,0.3682422935962677,-2.732787436343642e-07,0.4936322867870331,0.3466794490814209,-0.05058276280760765,0.5317138433456421,0.3623814284801483,-0.07957015931606293,0.5711578726768494,0.3888137936592102,-0.09400632977485657,0.6075167059898376,0.39803504943847656,-0.10668841749429703,0.474083811044693,0.4119943678379059,-0.10646379739046097,0.5388033986091614,0.4396495521068573,-0.13128110766410828,0.5783519744873047,0.4410231411457062,-0.13686120510101318,0.6089789867401123,0.43948525190353394,-0.1382359266281128,0.46876299381256104,0.45394638180732727,-0.08388642966747284,0.5410534739494324,0.4739561080932617,-0.10574888437986374,0.5835075378417969,0.46145138144493103,-0.10424772650003433,0.6112861037254333,0.44385799765586853,-0.10344100743532181,0.475568562746048,0.47779563069343567,-0.060334134846925735,0.5395306944847107,0.4887799918651581,-0.08051134645938873,0.5714372992515564,0.47244754433631897,-0.08014777302742004,0.5904415845870972,0.45458266139030457,-0.07952838391065598,0.48816978931427,0.48927778005599976,-0.038858842104673386,0.5327098965644836,0.4894716143608093,-0.057316917926073074,0.5585495829582214,0.47367244958877563,-0.06122498959302902,0.5742313265800476,0.46054381132125854,-0.06255573779344559,Right,0.9972690343856812
2180,31,1,0.8310714960098267,0.35042381286621094,4.977233629688271e-07,0.8100834488868713,0.3150348663330078,-0.06325964629650116,0.7865703701972961,0.3273918628692627,-0.10708698630332947,0.7526087760925293,0.37095901370048523,-0.13580743968486786,0.7237958312034607,0.415386438369751,-0.16297480463981628,0.836510956287384,0.33484402298927307,-0.14081163704395294,0.7703362703323364,0.37607771158218384,-0.18460284173488617,0.7252172231674194,0.3981906473636627,-0.20269876718521118,0.6932086944580078,0.41070276498794556,-0.21402812004089355,0.846190869808197,0.38628819584846497,-0.12312012910842896,0.7774328589439392,0.423624724149704,-0.16598521173000336,0.7218347787857056,0.4338065981864929,-0.17344467341899872,0.6867153644561768,0.4356732964515686,-0.1794842928647995,0.8431294560432434,0.4291855990886688,-0.10573302209377289,0.7801176309585571,0.455546498298645,-0.1441812813282013,0.7322226762771606,0.45662572979927063,-0.14824055135250092,0.7032490372657776,0.4512493908405304,-0.14990821480751038,0.83389812707901,0.46207451820373535,-0.09187870472669601,0.7878267765045166,0.47964510321617126,-0.12295272946357727,0.753200888633728,0.4720834195613861,-0.13087832927703857,0.7313182353973389,0.46310436725616455,-0.13530363142490387,Left,0.9949332475662231
2250,32,0,0.46667641401290894,0.3668723404407501,-2.9497979880943603e-07,0.4938940703868866,0.348501980304718,-0.043543651700019836,0.5322288870811462,0.36566853523254395,-0.06870663166046143,0.5688436627388,0.3916897773742676,-0.08092132955789566,0.6008110046386719,0.40257787704467773,-0.0918271541595459,0.47758373618125916,0.4134766459465027,-0.09399958699941635,0.5429731607437134,0.44305384159088135,-0.11906705051660538,0.5831183195114136,0.44583675265312195,-0.12703795731067657,0.6132298707962036,0.44454964995384216,-0.1296510398387909,0.47086623311042786,0.45390239357948303,-0.07479307800531387,0.5413652658462524,0.47767508029937744,-0.095847949385643,0.5829724073410034,0.46779054403305054,-0.09563862532377243,0.6111794710159302,0.45070528984069824,-0.09512802213430405,0.4761836528778076,0.47765207290649414,-0.0547030083835125,0.5402689576148987,0.4894216060638428,-0.07339081168174744,0.5731711387634277,0.4741048812866211,-0.0732121467590332,0.593705415725708,0.4577123522758484,-0.07234112173318863,0.4874315559864044,0.48906269669532776,-0.03631561994552612,0.532712996006012,0.48983898758888245,-0.052867673337459564,0.5588785409927368,0.4736557602882385,-0.05574508383870125,0.5759052634239197,0.4609452188014984,-0.05614781007170677,Right,0.9972476363182068
2250,32,1,0.8344264626502991,0.34289494156837463,5.327190137904836e-07,0.8115842342376709,0.3095962405204773,-0.06121383607387543,0.7867534756660461,0.3231898546218872,-0.10375918447971344,0.7535660266876221,0.36738625168800354,-0.1318819522857666,0.7258069515228271,0.41130179166793823,-0.15837539732456207,0.8380852341651917,0.3322574198246002,-0.135584756731987,0.7755873799324036,0.3775358498096466,-0.17753441631793976,0.732105553150177,0.3996139168739319,-0.19466152787208557,0.7013803720474243,0.412634938955307,-0.20560044050216675,0.8508152365684509,0.38222262263298035,-0.11876729130744934,0.7833817601203918,0.4237847626209259,-0.16070060431957245,0.7287471294403076,0.43642115592956543,-0.16858579218387604,0.6935374140739441,0.44120535254478455,-0.17501702904701233,0.8492549061775208,0.423700749874115,-0.10223314166069031,0.7866442799568176,0.456100195646286,-0.1398746371269226,0.7394775152206421,0.4597553014755249,-0.1449555605649948,0.7095286846160889,0.4567117989063263,-0.14754383265972137,0.8409536480903625,0.45561131834983826,-0.08901216834783554,0.794266402721405,0.4784705936908722,-0.11998919397592545,0.7580165266990662,0.47431182861328125,-0.1288585066795349,0.7330358624458313,0.46879586577415466,-0.13399143517017365,Left,0.9946516156196594
2323,33,0,0.4662058353424072,0.36669543385505676,-3.049369183827366e-07,0.4951120615005493,0.3488638699054718,-0.04251047223806381,0.5332967042922974,0.36664247512817383,-0.06721959263086319,0.5689847469329834,0.39287418127059937,-0.07916916161775589,0.6004396677017212,0.40348756313323975,-0.08978070318698883,0.4759019911289215,0.4114653170108795,-0.09442482143640518,0.5399847626686096,0.44226232171058655,-0.11869010329246521,0.580099880695343,0.4455924928188324,-0.12556500732898712,0.61079341173172,0.44456496834754944,-0.12763836979866028,0.4688453674316406,0.4522784650325775,-0.07580603659152985,0.5398367047309875,0.4763234257698059,-0.09654403477907181,0.5809723138809204,0.46623694896698,-0.0958329439163208,0.6085020303726196,0.44950419664382935,-0.09516747295856476,0.47346535325050354,0.47690069675445557,-0.05606870725750923,0.5382367968559265,0.4894210696220398,-0.074038565158844,0.5697302222251892,0.4732328951358795,-0.07257194817066193,0.5888223648071289,0.4563100039958954,-0.07104780524969101,0.4842113256454468,0.4888693690299988,-0.03806154429912567,0.5299494862556458,0.4902797341346741,-0.05415558069944382,0.5557569861412048,0.4737131595611572,-0.05625627562403679,0.5719844102859497,0.4604775905609131,-0.05616576597094536,Right,0.99668949842453
2323,33,1,0.8407775163650513,0.33817988634109497,4.974749003849865e-07,0.8169144988059998,0.30600643157958984,-0.05816103518009186,0.7915586829185486,0.31911250948905945,-0.0994308739900589,0.7566670179367065,0.36141160130500793,-0.12733624875545502,0.727373480796814,0.4011223614215851,-0.15418261289596558,0.8379718661308289,0.33498865365982056,-0.13366203010082245,0.7715425491333008,0.3791206181049347,-0.17575713992118835,0.7267969846725464,0.39984673261642456,-0.19289320707321167,0.6948573589324951,0.41231438517570496,-0.20394521951675415,0.8506160974502563,0.383931964635849,-0.11922653019428253,0.7814024686813354,0.42303717136383057,-0.16149774193763733,0.727041482925415,0.43447935581207275,-0.1698804348707199,0.6923663020133972,0.4393084943294525,-0.17674584686756134,0.8493295907974243,0.42326653003692627,-0.10496143996715546,0.7853270769119263,0.45506221055984497,-0.14354631304740906,0.7379334568977356,0.4574486017227173,-0.15016934275627136,0.7081208229064941,0.454545259475708,-0.15360920131206512,0.8413619995117188,0.45298486948013306,-0.09371346980333328,0.7941495180130005,0.4765625,-0.12580955028533936,0.7573198676109314,0.47278615832328796,-0.13582578301429749,0.7319948673248291,0.4670897126197815,-0.14177855849266052,Left,0.9836130142211914
2394,34,0,0.46480628848075867,0.36656060814857483,-3.147573579553864e-07,0.4933851361274719,0.3479633629322052,-0.043547116219997406,0.532236635684967,0.3648838996887207,-0.06916925311088562,0.5692256093025208,0.3890841603279114,-0.08246868848800659,0.6012524962425232,0.39467108249664307,-0.09490819275379181,0.4722574055194855,0.40553632378578186,-0.09352325648069382,0.5344635844230652,0.4314384460449219,-0.11840364336967468,0.5757293701171875,0.43473443388938904,-0.12736579775810242,0.6073358058929443,0.4355563521385193,-0.13131240010261536,0.46511730551719666,0.44699329137802124,-0.0750093162059784,0.5355502367019653,0.4673105776309967,-0.09526541084051132,0.5783557891845703,0.45829448103904724,-0.09580899029970169,0.6064549684524536,0.44319772720336914,-0.09675973653793335,0.4700104892253876,0.47215086221694946,-0.055592745542526245,0.5335307717323303,0.4854277968406677,-0.07357563078403473,0.5637389421463013,0.4702911972999573,-0.07360773533582687,0.5809165239334106,0.4540165364742279,-0.07351206988096237,0.48080042004585266,0.4856909513473511,-0.03800732642412186,0.5267294645309448,0.4892677366733551,-0.05375723913311958,0.551701545715332,0.4733128845691681,-0.05616525560617447,0.5654767751693726,0.4595136046409607,-0.056740399450063705,Right,0.9969350099563599
2394,34,1,0.8400058746337891,0.33891934156417847,6.344821485981811e-07,0.8178229331970215,0.30359143018722534,-0.05857584625482559,0.7826576828956604,0.31583768129348755,-0.09822513908147812,0.7446916699409485,0.35888874530792236,-0.12362717092037201,0.7169237732887268,0.3981892764568329,-0.14743386209011078,0.8390684723854065,0.3382624089717865,-0.1290501207113266,0.7686523199081421,0.3775370419025421,-0.16849690675735474,0.7212251424789429,0.3998241424560547,-0.18502946197986603,0.6857177019119263,0.4143141210079193,-0.19550836086273193,0.8480714559555054,0.3908637762069702,-0.11209934949874878,0.7760720252990723,0.4263136684894562,-0.15078991651535034,0.7210609912872314,0.4344536364078522,-0.15789511799812317,0.6850161552429199,0.4354501962661743,-0.16344870626926422,0.8421334028244019,0.4320223033428192,-0.09517038613557816,0.7758930921554565,0.45760378241539,-0.12853485345840454,0.7288249731063843,0.4576911926269531,-0.1319841742515564,0.6984183192253113,0.453774631023407,-0.1339930146932602,0.8294724822044373,0.46325913071632385,-0.08160367608070374,0.7791581153869629,0.4806867241859436,-0.10915186256170273,0.7420058846473694,0.4715700149536133,-0.11610051989555359,0.7155035138130188,0.4623714089393616,-0.11976172775030136,Left,0.9917912483215332
2471,35,0,0.4645514190196991,0.36793726682662964,-2.885632000015903e-07,0.49125441908836365,0.34756550192832947,-0.04750083386898041,0.5295483469963074,0.3629355728626251,-0.07610182464122772,0.5676789283752441,0.38795748353004456,-0.09124139696359634,0.6015336513519287,0.39662864804267883,-0.10531892627477646,0.4714534282684326,0.40355029702186584,-0.10389444231987,0.5354385375976562,0.4303418695926666,-0.13100309669971466,0.5768483281135559,0.43379005789756775,-0.13988271355628967,0.609161376953125,0.4352737367153168,-0.14357449114322662,0.46500223875045776,0.4468208849430084,-0.08370492607355118,0.5359514951705933,0.46722033619880676,-0.1067483127117157,0.5780282020568848,0.4579986333847046,-0.10669711232185364,0.6056327819824219,0.44222187995910645,-0.10699360817670822,0.47075504064559937,0.4725704491138458,-0.06247078999876976,0.5335808992385864,0.4847698211669922,-0.08246797323226929,0.5622531175613403,0.4692663252353668,-0.08145761489868164,0.5783023238182068,0.4523773491382599,-0.08050177246332169,0.4821218252182007,0.48652538657188416,-0.04324346408247948,0.526863694190979,0.4884692132472992,-0.06115993857383728,0.5511084198951721,0.47378796339035034,-0.06400300562381744,0.5643822550773621,0.4613199830055237,-0.06458237022161484,Right,0.9966118335723877
2471,35,1,0.8376670479774475,0.338059663772583,6.50605898044887e-07,0.8200116157531738,0.3024858236312866,-0.05824930593371391,0.7826535105705261,0.3171910047531128,-0.096211276948452,0.7412877678871155,0.36116310954093933,-0.11929202824831009,0.7158004641532898,0.4020959138870239,-0.14062674343585968,0.8409110307693481,0.34109678864479065,-0.1286613494157791,0.7717114090919495,0.37646231055259705,-0.16822943091392517,0.7244045734405518,0.3993164598941803,-0.18487125635147095,0.6870119571685791,0.4128275513648987,-0.19489869475364685,0.8473140597343445,0.3947930634021759,-0.11069400608539581,0.7759256958961487,0.4292065501213074,-0.14909443259239197,0.7221477031707764,0.43526723980903625,-0.15641233325004578,0.6859728693962097,0.43252208828926086,-0.1616947501897812,0.8404097557067871,0.4348466098308563,-0.09259229898452759,0.7746360301971436,0.46026673913002014,-0.1263071447610855,0.7269402146339417,0.45828723907470703,-0.1307620108127594,0.6954365968704224,0.4517863690853119,-0.13301147520542145,0.8273484110832214,0.46382927894592285,-0.07758041471242905,0.7770321369171143,0.47910577058792114,-0.1062488779425621,0.7391149997711182,0.4684773087501526,-0.11476793885231018,0.7112526893615723,0.4585207402706146,-0.11915998160839081,Left,0.9829694628715515
2543,36,0,0.461956650018692,0.3691342771053314,-3.042239029582561e-07,0.48960497975349426,0.34395813941955566,-0.04922730475664139,0.5283690094947815,0.35758480429649353,-0.0778498649597168,0.5655706524848938,0.38291454315185547,-0.09259376674890518,0.5974955558776855,0.39092737436294556,-0.10636972635984421,0.4723600149154663,0.4027942717075348,-0.10337226092815399,0.5378397107124329,0.42703524231910706,-0.13010771572589874,0.5799762606620789,0.42831459641456604,-0.13942526280879974,0.6120956540107727,0.428979754447937,-0.14371904730796814,0.4671814739704132,0.44828498363494873,-0.08227335661649704,0.5411231517791748,0.4664074778556824,-0.1048939973115921,0.5843666791915894,0.45292022824287415,-0.10573133081197739,0.6122760772705078,0.43493515253067017,-0.10680881887674332,0.4742800295352936,0.47545045614242554,-0.06020472198724747,0.5407930016517639,0.48322364687919617,-0.07939791679382324,0.56978839635849,0.46193990111351013,-0.07887055724859238,0.5851517915725708,0.4416312575340271,-0.07854550331830978,0.4861941635608673,0.4897634983062744,-0.0403672493994236,0.5341963768005371,0.4873661398887634,-0.05794500932097435,0.5575108528137207,0.46800777316093445,-0.06094754859805107,0.5694933533668518,0.4530586004257202,-0.061728689819574356,Right,0.9982898831367493
2543,36,1,0.8421003222465515,0.33660200238227844,6.445534950216825e-07,0.8226006031036377,0.3015236258506775,-0.056724049150943756,0.7854779958724976,0.3127361238002777,-0.09449303895235062,0.7444592118263245,0.3558591306209564,-0.11784237623214722,0.7184027433395386,0.3958364427089691,-0.13929636776447296,0.8452837467193604,0.3353777527809143,-0.12604543566703796,0.7767813205718994,0.3744434118270874,-0.16305352747440338,0.729743242263794,0.3978738784790039,-0.17668946087360382,0.6937298774719238,0.4100463092327118,-0.18462280929088593,0.853337287902832,0.3888430893421173,-0.10834385454654694,0.7821474075317383,0.42671647667884827,-0.14478781819343567,0.7277547717094421,0.4325099289417267,-0.14990849792957306,0.6927756071090698,0.42860859632492065,-0.15371213853359222,0.8474001288414001,0.42939072847366333,-0.0904541164636612,0.7811111211776733,0.455921471118927,-0.12240398675203323,0.7326971888542175,0.45451444387435913,-0.1258823722600937,0.7025648355484009,0.4471343457698822,-0.127725750207901,0.8355122208595276,0.4582279920578003,-0.07550948113203049,0.7846290469169617,0.47335198521614075,-0.10242968052625656,0.7473478317260742,0.46384885907173157,-0.11049160361289978,0.7208842635154724,0.45450863242149353,-0.11482296139001846,Left,0.9888157844543457
2616,37,0,0.4615248441696167,0.36585232615470886,-2.9854572858312167e-07,0.48934799432754517,0.346077561378479,-0.04496647045016289,0.5295941829681396,0.3614756166934967,-0.0713624656200409,0.569678008556366,0.3817555606365204,-0.0849749892950058,0.6038755178451538,0.3850265443325043,-0.09771976619958878,0.4723394215106964,0.4050517678260803,-0.09644210338592529,0.5358079671859741,0.4272170066833496,-0.12286929041147232,0.5781800150871277,0.42754030227661133,-0.13313797116279602,0.6110087037086487,0.4269627332687378,-0.13788443803787231,0.46764135360717773,0.4483466148376465,-0.07737558335065842,0.5393732190132141,0.46440389752388,-0.09878045320510864,0.5816274285316467,0.45256441831588745,-0.09950088709592819,0.6085269451141357,0.43588951230049133,-0.10041967779397964,0.47443464398384094,0.4735603332519531,-0.0574750192463398,0.5388433337211609,0.48144516348838806,-0.07591453939676285,0.5673263669013977,0.46421247720718384,-0.07512714713811874,0.582727313041687,0.4471242129802704,-0.07439707964658737,0.4865506589412689,0.4862935245037079,-0.0395943820476532,0.5333056449890137,0.4853542149066925,-0.05578765273094177,0.5566073060035706,0.4675200879573822,-0.057793259620666504,0.5689846277236938,0.45340415835380554,-0.057901911437511444,Right,0.9971816539764404
2616,37,1,0.8417283296585083,0.32919207215309143,6.023152536727139e-07,0.8235357403755188,0.2924320101737976,-0.0582403801381588,0.7888262867927551,0.30842486023902893,-0.09682337194681168,0.7459859251976013,0.35280346870422363,-0.12054979801177979,0.7129983901977539,0.3924197554588318,-0.14238953590393066,0.849930465221405,0.32546186447143555,-0.12845712900161743,0.783574104309082,0.3615994453430176,-0.16865769028663635,0.7365556359291077,0.38440072536468506,-0.18651211261749268,0.6990423202514648,0.398065447807312,-0.19804558157920837,0.8542579412460327,0.38357189297676086,-0.11099880188703537,0.7857304215431213,0.4136521518230438,-0.1495247781276703,0.7313989996910095,0.4206204116344452,-0.15628954768180847,0.6951185464859009,0.4206099510192871,-0.16193686425685883,0.8444445133209229,0.42629238963127136,-0.09364631772041321,0.7810298800468445,0.4446013271808624,-0.12704096734523773,0.7358095645904541,0.4436841905117035,-0.13031138479709625,0.7070358991622925,0.43808600306510925,-0.1324179619550705,0.8293312191963196,0.45512908697128296,-0.07959158718585968,0.7800812721252441,0.46413901448249817,-0.10731182992458344,0.7454695105552673,0.451894074678421,-0.11471980065107346,0.7202701568603516,0.4418849050998688,-0.11885765194892883,Left,0.9972059726715088
2687,38,0,0.4622185230255127,0.3689870834350586,-3.1014508294902043e-07,0.48784559965133667,0.34937864542007446,-0.04177945479750633,0.5270963907241821,0.36200541257858276,-0.06701978296041489,0.5646804571151733,0.38383960723876953,-0.08022371679544449,0.5960582494735718,0.39494818449020386,-0.0923340916633606,0.4731334447860718,0.40858349204063416,-0.09093357622623444,0.5367953181266785,0.43346884846687317,-0.11690397560596466,0.5775387287139893,0.43588700890541077,-0.12739531695842743,0.6091935038566589,0.4359115660190582,-0.13231977820396423,0.4685989022254944,0.4499276280403137,-0.07352819293737411,0.5406707525253296,0.4671902358531952,-0.09469638764858246,0.5824347734451294,0.4555726945400238,-0.09579344838857651,0.6106084585189819,0.4380779266357422,-0.09673603624105453,0.47523143887519836,0.4743301272392273,-0.05530314892530441,0.5396227836608887,0.482361376285553,-0.07319419085979462,0.5680248141288757,0.46458885073661804,-0.0713876262307167,0.5847856998443604,0.44693630933761597,-0.0697648748755455,0.48716849088668823,0.4860832691192627,-0.03894295170903206,0.533935546875,0.4845346510410309,-0.05439502373337746,0.5573744773864746,0.4675730764865875,-0.055461619049310684,0.5708443522453308,0.4544296860694885,-0.05471325293183327,Right,0.9965279698371887
2687,38,1,0.8419967293739319,0.33189842104911804,5.867169647899573e-07,0.8252392411231995,0.2966952323913574,-0.054141126573085785,0.7913596630096436,0.31016284227371216,-0.09109337627887726,0.7467181086540222,0.35216024518013,-0.11481558531522751,0.7140986323356628,0.3886442482471466,-0.1369062066078186,0.847751796245575,0.32267388701438904,-0.12121130526065826,0.7783917784690857,0.3615560531616211,-0.15952104330062866,0.7302564978599548,0.3824881911277771,-0.1765735000371933,0.6930109262466431,0.3943570554256439,-0.18748949468135834,0.8525288701057434,0.3777608871459961,-0.10592159628868103,0.782798171043396,0.41071081161499023,-0.14269082248210907,0.7274854779243469,0.41919857263565063,-0.14937694370746613,0.690386176109314,0.4196937382221222,-0.15505191683769226,0.8441052436828613,0.42020654678344727,-0.09065476804971695,0.7798441648483276,0.44233569502830505,-0.12229570746421814,0.7335256338119507,0.4413747191429138,-0.12538816034793854,0.7037919163703918,0.43522512912750244,-0.12726639211177826,0.8299927711486816,0.4513454735279083,-0.0785662829875946,0.780166506767273,0.46354517340660095,-0.10442231595516205,0.7443697452545166,0.45315369963645935,-0.11081200838088989,0.7184655666351318,0.4435296058654785,-0.11421354860067368,Left,0.9950032234191895
2763,39,0,0.4620610773563385,0.3721078932285309,-2.784111359233066e-07,0.48823249340057373,0.3481040596961975,-0.045908425003290176,0.5301811695098877,0.3622833788394928,-0.07369016110897064,0.5690280795097351,0.3865533173084259,-0.08806109428405762,0.6018760204315186,0.39843612909317017,-0.10167528688907623,0.47648850083351135,0.4081491231918335,-0.10196506977081299,0.5407500863075256,0.4340493977069855,-0.13036641478538513,0.5820854306221008,0.4364616870880127,-0.1425243467092514,0.615106999874115,0.43714097142219543,-0.1486867368221283,0.4721231162548065,0.4521414637565613,-0.08246738463640213,0.5463789105415344,0.4708098769187927,-0.10583190619945526,0.5893617272377014,0.4573017358779907,-0.1069565936923027,0.6185597777366638,0.4378456473350525,-0.10784215480089188,0.47911953926086426,0.4774901866912842,-0.06174393370747566,0.5452237129211426,0.482687771320343,-0.07924233376979828,0.5714423656463623,0.4626230299472809,-0.07547161728143692,0.5856616497039795,0.4434643089771271,-0.07304637134075165,0.4915590286254883,0.4894634485244751,-0.04331667348742485,0.5388256311416626,0.4838048815727234,-0.058780737221241,0.5607031583786011,0.46570852398872375,-0.05918002128601074,0.5722934007644653,0.4527278542518616,-0.058070793747901917,Right,0.9969025254249573
2763,39,1,0.8414143323898315,0.3272428512573242,6.21282879365026e-07,0.8224917054176331,0.29164963960647583,-0.056286584585905075,0.7887309193611145,0.3053075671195984,-0.09480509907007217,0.7481298446655273,0.3473612070083618,-0.11984783411026001,0.7174578309059143,0.3859190046787262,-0.14341746270656586,0.8447186946868896,0.32152435183525085,-0.12586018443107605,0.7768380045890808,0.36109495162963867,-0.1666267216205597,0.7293927073478699,0.3820551931858063,-0.18480134010314941,0.6926965713500977,0.3944777250289917,-0.1963605433702469,0.8521338701248169,0.3742479085922241,-0.11085958033800125,0.7819560170173645,0.4087054133415222,-0.15194569528102875,0.725588321685791,0.4190765917301178,-0.16094908118247986,0.687404990196228,0.4215029776096344,-0.1676674634218216,0.8461427092552185,0.4156758785247803,-0.09602358192205429,0.7818489074707031,0.4427300691604614,-0.1319562941789627,0.7339842319488525,0.4453463852405548,-0.137690469622612,0.702239990234375,0.4420744776725769,-0.14076031744480133,0.8339639902114868,0.4469906985759735,-0.08426398783922195,0.7835810780525208,0.4644899368286133,-0.11363522708415985,0.7455562353134155,0.45671844482421875,-0.12210951745510101,0.7179241180419922,0.44796812534332275,-0.12667207419872284,Left,0.9900513887405396
2833,40,0,0.4633885622024536,0.37040072679519653,-2.8340997459963546e-07,0.492736279964447,0.35092002153396606,-0.040327154099941254,0.5351198315620422,0.3672279119491577,-0.06338153034448624,0.573289692401886,0.39104995131492615,-0.07459855079650879,0.6046578288078308,0.4005993902683258,-0.08477532118558884,0.4792785942554474,0.4112521708011627,-0.08727414160966873,0.5450592041015625,0.4382127821445465,-0.1131405234336853,0.5868231654167175,0.44086480140686035,-0.12420684099197388,0.6183143258094788,0.44011715054512024,-0.12923292815685272,0.4735333323478699,0.45327794551849365,-0.07012035697698593,0.5451598763465881,0.47356659173965454,-0.09102468937635422,0.5868465304374695,0.4630582630634308,-0.09176892787218094,0.6140821576118469,0.4446192681789398,-0.0919114500284195,0.47877025604248047,0.4787014424800873,-0.05242055281996727,0.5438110828399658,0.48705825209617615,-0.06952913105487823,0.5743926167488098,0.4717586934566498,-0.06809181720018387,0.5925737023353577,0.45541754364967346,-0.06649716943502426,0.4898657500743866,0.4915195107460022,-0.036667775362730026,0.5368170142173767,0.48977306485176086,-0.05153835564851761,0.5602253675460815,0.4731263518333435,-0.05310942605137825,0.5741455554962158,0.45970678329467773,-0.05271226912736893,Right,0.9963604807853699
2833,40,1,0.8435169458389282,0.33269068598747253,6.662523901468376e-07,0.8269993662834167,0.2956956923007965,-0.061836786568164825,0.7948548793792725,0.30883482098579407,-0.10376866161823273,0.7527893781661987,0.347652405500412,-0.13070079684257507,0.7219759225845337,0.3871460258960724,-0.1566452980041504,0.8468600511550903,0.32785123586654663,-0.13738097250461578,0.7764767408370972,0.3619571924209595,-0.18127644062042236,0.7294663786888123,0.38472428917884827,-0.2014540731906891,0.6924482583999634,0.3982829749584198,-0.21427345275878906,0.8521602749824524,0.38045603036880493,-0.12005380541086197,0.7800084352493286,0.41485315561294556,-0.16328668594360352,0.7251705527305603,0.42285606265068054,-0.17401334643363953,0.6874440312385559,0.4229535460472107,-0.18200065195560455,0.8440094590187073,0.4200690686702728,-0.1027681976556778,0.7767216563224792,0.4462352991104126,-0.14051789045333862,0.7298027873039246,0.447593629360199,-0.1481602042913437,0.6987736225128174,0.443866491317749,-0.152544304728508,0.8304795026779175,0.4477500915527344,-0.08869102597236633,0.7785316705703735,0.46391209959983826,-0.11973483115434647,0.7406691312789917,0.4565545916557312,-0.13015049695968628,0.7129589319229126,0.44861942529678345,-0.13624083995819092,Left,0.9833040237426758
2906,41,0,0.46030741930007935,0.37336665391921997,-3.007583302405692e-07,0.4896293580532074,0.352258563041687,-0.041571058332920074,0.5329191088676453,0.3659166991710663,-0.06641532480716705,0.5726454257965088,0.38791656494140625,-0.07928247004747391,0.606083869934082,0.395346462726593,-0.09135860949754715,0.4790695309638977,0.4126496911048889,-0.09161006659269333,0.5440450310707092,0.4344295561313629,-0.11862223595380783,0.5859513282775879,0.4347364902496338,-0.1305442601442337,0.6181965470314026,0.4326491355895996,-0.13646532595157623,0.4738577604293823,0.45458266139030457,-0.07462732493877411,0.5448228716850281,0.47193220257759094,-0.09730689972639084,0.5864467024803162,0.46014830470085144,-0.09954218566417694,0.6143514513969421,0.4420892894268036,-0.10104402154684067,0.4791935682296753,0.47899913787841797,-0.056745413690805435,0.5436035394668579,0.48639968037605286,-0.07527817040681839,0.573122501373291,0.4679509997367859,-0.07412724941968918,0.5906805396080017,0.44953855872154236,-0.07285341620445251,0.489651620388031,0.49035319685935974,-0.040749892592430115,0.5375052094459534,0.48753923177719116,-0.056694015860557556,0.561701238155365,0.47004494071006775,-0.058323852717876434,0.5761527419090271,0.4564134180545807,-0.057950835675001144,Right,0.9973263144493103
2906,41,1,0.8486631512641907,0.3308468461036682,6.595320201085997e-07,0.8342660069465637,0.29686641693115234,-0.061528708785772324,0.7998188734054565,0.31102967262268066,-0.10318093001842499,0.7544726729393005,0.3475821614265442,-0.12951171398162842,0.7203647494316101,0.38482797145843506,-0.15485361218452454,0.8504164218902588,0.3326680064201355,-0.136150524020195,0.7771121859550476,0.3631664514541626,-0.1795966625213623,0.7294910550117493,0.38290679454803467,-0.2002037763595581,0.6922288537025452,0.3949110209941864,-0.21327421069145203,0.8535671830177307,0.3846501111984253,-0.11819300055503845,0.7788805365562439,0.41510769724845886,-0.16022752225399017,0.7239136695861816,0.41869640350341797,-0.17045451700687408,0.6871627569198608,0.4151909649372101,-0.17798814177513123,0.843753457069397,0.4238990545272827,-0.10025779157876968,0.7751166820526123,0.44768086075782776,-0.1355096697807312,0.7292154431343079,0.446313738822937,-0.1416633129119873,0.699491560459137,0.439675897359848,-0.14522400498390198,0.8286377191543579,0.45192623138427734,-0.08570907264947891,0.776451587677002,0.46733787655830383,-0.1144537553191185,0.7402291893959045,0.4578568935394287,-0.12372011691331863,0.7141661047935486,0.44745758175849915,-0.1290590614080429,Left,0.9821815490722656
2976,42,0,0.4583456814289093,0.3753315210342407,-2.875717655115295e-07,0.48755884170532227,0.35021647810935974,-0.04227081686258316,0.5343858003616333,0.3639829456806183,-0.0657009482383728,0.5749878287315369,0.387756884098053,-0.07675449550151825,0.6067994832992554,0.39564454555511475,-0.08675336092710495,0.4851914048194885,0.4135735332965851,-0.09021911770105362,0.5522561073303223,0.4349328875541687,-0.11509721726179123,0.5938314199447632,0.43419215083122253,-0.1259593665599823,0.6259177327156067,0.4312532842159271,-0.13164637982845306,0.48099473118782043,0.4574921727180481,-0.07177181541919708,0.5536850094795227,0.4732445478439331,-0.09189684689044952,0.5928470492362976,0.459255188703537,-0.09253141283988953,0.6180040240287781,0.44012439250946045,-0.09329507499933243,0.48608970642089844,0.48271921277046204,-0.05240650847554207,0.5507630109786987,0.48354655504226685,-0.06710522621870041,0.573432981967926,0.46104997396469116,-0.06328899413347244,0.5838414430618286,0.44043925404548645,-0.06098875403404236,0.4960118234157562,0.4936264753341675,-0.035477228462696075,0.5434876680374146,0.4843135476112366,-0.049433834850788116,0.5631659626960754,0.4647658169269562,-0.05036292225122452,0.5725315809249878,0.45086076855659485,-0.04985887184739113,Right,0.997184157371521
2976,42,1,0.860248327255249,0.334250271320343,6.472827749348653e-07,0.8376706838607788,0.30137109756469727,-0.058208566159009933,0.7973830103874207,0.3143635392189026,-0.09783370792865753,0.7523649334907532,0.3497028350830078,-0.12220676243305206,0.7169460654258728,0.3852654993534088,-0.14547894895076752,0.8523801565170288,0.33675193786621094,-0.1350955218076706,0.7814953327178955,0.3628801703453064,-0.17869193851947784,0.7345442175865173,0.38269197940826416,-0.19853562116622925,0.6979988813400269,0.39349934458732605,-0.21044786274433136,0.8586823344230652,0.3886483907699585,-0.11731676012277603,0.7866418361663818,0.41489434242248535,-0.15758635103702545,0.7343520522117615,0.41938087344169617,-0.16509012877941132,0.6992434859275818,0.41603654623031616,-0.1708713322877884,0.852279543876648,0.42616990208625793,-0.09944751858711243,0.7863017916679382,0.4478859007358551,-0.13435058295726776,0.7396575212478638,0.44546881318092346,-0.13957223296165466,0.7079246640205383,0.43875056505203247,-0.14255332946777344,0.8400045037269592,0.4514020085334778,-0.08442409336566925,0.7878878116607666,0.4629155099391937,-0.11349975317716599,0.7506396770477295,0.45351895689964294,-0.12284320592880249,0.7224985957145691,0.4432389736175537,-0.12843254208564758,Left,0.9888261556625366
3049,43,0,0.4578707814216614,0.36517539620399475,-2.9110123023201595e-07,0.4927885830402374,0.34778279066085815,-0.0340694859623909,0.5389358401298523,0.3660695254802704,-0.05181809142231941,0.5765470266342163,0.39408355951309204,-0.05904953554272652,0.6066979169845581,0.4043974280357361,-0.06478063017129898,0.4882105886936188,0.4233410656452179,-0.07347121089696884,0.554227888584137,0.44666367769241333,-0.09217425435781479,0.5929317474365234,0.4462440013885498,-0.0995105728507042,0.6224591732025146,0.44308409094810486,-0.10323426872491837,0.48058634996414185,0.46211522817611694,-0.05799441784620285,0.5515336990356445,0.47708889842033386,-0.07402712106704712,0.5902933478355408,0.46706682443618774,-0.07479142397642136,0.6165232062339783,0.452253133058548,-0.0757327750325203,0.48252296447753906,0.4842926561832428,-0.04147859662771225,0.5464823246002197,0.4863632321357727,-0.052924755960702896,0.5738683938980103,0.471561461687088,-0.05004280060529709,0.590065062046051,0.45599815249443054,-0.04844765365123749,0.4900217652320862,0.4934271574020386,-0.026939576491713524,0.5359910726547241,0.4857265055179596,-0.03842237964272499,0.5582898855209351,0.4691677391529083,-0.03967855125665665,0.5719417333602905,0.45679163932800293,-0.03949252888560295,Right,0.9952453970909119
3049,43,1,0.8589306473731995,0.3178715109825134,6.27191354851675e-07,0.8416048884391785,0.2924147844314575,-0.040209028869867325,0.7992573976516724,0.3151314854621887,-0.06519919633865356,0.7525665760040283,0.35048970580101013,-0.07968807220458984,0.7164571285247803,0.3762117922306061,-0.09231560677289963,0.8424473404884338,0.3068963289260864,-0.09028679877519608,0.7748947143554688,0.34569764137268066,-0.11897724121809006,0.7337071895599365,0.37251120805740356,-0.1289256513118744,0.6999942660331726,0.392151415348053,-0.1344243437051773,0.8532798886299133,0.35174545645713806,-0.0778956189751625,0.7847620248794556,0.3879466652870178,-0.10613968968391418,0.7399302124977112,0.4078606963157654,-0.10826591402292252,0.7039956450462341,0.42071446776390076,-0.11018501967191696,0.8548686504364014,0.38890743255615234,-0.06629002839326859,0.7906871438026428,0.42586201429367065,-0.09231434762477875,0.7472046613693237,0.43507468700408936,-0.09689714014530182,0.7124698758125305,0.43793219327926636,-0.09952974319458008,0.849960446357727,0.4207012355327606,-0.05685802549123764,0.8005578517913818,0.4414714574813843,-0.07875664532184601,0.772630512714386,0.436637282371521,-0.08819083869457245,0.7488662004470825,0.4309736490249634,-0.09492218494415283,Left,0.7945910692214966
3122,44,0,0.456764280796051,0.370282381772995,-2.9251577871036716e-07,0.4896577000617981,0.3509267568588257,-0.035332340747117996,0.5346207618713379,0.36648228764533997,-0.05457770451903343,0.5726131796836853,0.3895244598388672,-0.06320259720087051,0.6031700372695923,0.39433854818344116,-0.07066609710454941,0.4834924638271332,0.42316004633903503,-0.07530694454908371,0.5486974120140076,0.4410960376262665,-0.09575749933719635,0.5883772969245911,0.4417393207550049,-0.10512665659189224,0.6188470125198364,0.4404504895210266,-0.11027702689170837,0.47878342866897583,0.46401849389076233,-0.0601518377661705,0.5487851500511169,0.4755917191505432,-0.07755906134843826,0.585984468460083,0.4608578085899353,-0.07867414504289627,0.6102019548416138,0.4417599141597748,-0.07950643450021744,0.4835992157459259,0.4868851602077484,-0.04404302313923836,0.5472853779792786,0.48663970828056335,-0.05566210299730301,0.5725494027137756,0.4678809344768524,-0.05191604048013687,0.5868589282035828,0.4508523643016815,-0.04983366280794144,0.4938284158706665,0.49576276540756226,-0.030133653432130814,0.5391841530799866,0.4883519113063812,-0.040510568767786026,0.5610030293464661,0.469785213470459,-0.040027085691690445,0.5741697549819946,0.45636555552482605,-0.0387730710208416,Right,0.994586169719696
3122,44,1,0.8539502620697021,0.3396643400192261,6.773536824766779e-07,0.8405800461769104,0.3047443926334381,-0.047146063297986984,0.7938013076782227,0.3205077052116394,-0.07324080914258957,0.7430306673049927,0.3539579212665558,-0.08753972500562668,0.6991762518882751,0.3791763186454773,-0.09973791241645813,0.8514613509178162,0.33099204301834106,-0.09073702245950699,0.7871209383010864,0.3461010754108429,-0.12205448746681213,0.7388021349906921,0.3625875413417816,-0.13535726070404053,0.7002696990966797,0.37085258960723877,-0.1430789977312088,0.8478307723999023,0.37938573956489563,-0.07507006078958511,0.7835723757743835,0.3946535885334015,-0.10538462549448013,0.7358761429786682,0.4020344018936157,-0.11156366020441055,0.6996642351150513,0.4046143889427185,-0.11634941399097443,0.8362055420875549,0.41292881965637207,-0.06089628115296364,0.7741788029670715,0.43096527457237244,-0.08932565152645111,0.7333120703697205,0.42900729179382324,-0.09599272161722183,0.7037242650985718,0.4212767481803894,-0.09959230571985245,0.8195990324020386,0.43539559841156006,-0.049291253089904785,0.770068347454071,0.44264376163482666,-0.0732400044798851,0.7404708862304688,0.4359319806098938,-0.08422444760799408,0.7169039845466614,0.42740193009376526,-0.0914967805147171,Left,0.982689380645752
3196,45,0,0.4562085270881653,0.3689601421356201,-2.863314421119867e-07,0.4907444417476654,0.3519060015678406,-0.0353010818362236,0.5355451703071594,0.36846762895584106,-0.05458206683397293,0.5747801661491394,0.39211535453796387,-0.06335952132940292,0.6076323390007019,0.3996039927005768,-0.07065217196941376,0.48375967144966125,0.4240160584449768,-0.07450806349515915,0.5501007437705994,0.44268137216567993,-0.0937715694308281,0.5894463658332825,0.44339519739151,-0.10151578485965729,0.6189348697662354,0.4428422152996063,-0.1056377962231636,0.47735506296157837,0.4638662040233612,-0.05909254401922226,0.5474794507026672,0.47403815388679504,-0.0757865235209465,0.585860550403595,0.464769572019577,-0.07693882286548615,0.6117054224014282,0.4507485628128052,-0.07834018766880035,0.480400413274765,0.4863215982913971,-0.04281265288591385,0.5441625714302063,0.48608624935150146,-0.05510402470827103,0.5744919180870056,0.47373706102371216,-0.05335226655006409,0.5941834449768066,0.46047109365463257,-0.0528181716799736,0.4891384541988373,0.4958247244358063,-0.028540223836898804,0.5351793766021729,0.49021488428115845,-0.04011235386133194,0.5601078271865845,0.47625264525413513,-0.04177083820104599,0.5771363377571106,0.4654252231121063,-0.04225526750087738,Right,0.9969853162765503
3196,45,1,0.8580710887908936,0.35208791494369507,7.495112868127762e-07,0.8394452333450317,0.31796565651893616,-0.04892319068312645,0.7903143167495728,0.32985424995422363,-0.07720234990119934,0.7429305911064148,0.3639712929725647,-0.09256076067686081,0.712004542350769,0.3992064297199249,-0.10619747638702393,0.849546492099762,0.346889853477478,-0.10286307334899902,0.7827953696250916,0.36625370383262634,-0.13696222007274628,0.7340588569641113,0.38415518403053284,-0.1510854959487915,0.6959058046340942,0.39498278498649597,-0.15910674631595612,0.8509269952774048,0.39583835005760193,-0.08734288811683655,0.7803525924682617,0.4185601472854614,-0.12028328329324722,0.7292803525924683,0.42251354455947876,-0.12664824724197388,0.6928674578666687,0.42187443375587463,-0.1315401941537857,0.8424263596534729,0.43043550848960876,-0.07266805320978165,0.775078296661377,0.4515286684036255,-0.10197006165981293,0.72926926612854,0.44521364569664,-0.1075567826628685,0.6978549957275391,0.4355328679084778,-0.11105318367481232,0.8295232057571411,0.4538852572441101,-0.06057718023657799,0.7753279805183411,0.4603119492530823,-0.08531521260738373,0.740301251411438,0.4504879117012024,-0.09569508582353592,0.7134236693382263,0.4410977363586426,-0.10281074792146683,Left,0.9733124375343323
3269,46,0,0.4560774266719818,0.36961326003074646,-2.8344024372017884e-07,0.49005821347236633,0.3505776524543762,-0.037592314183712006,0.5360450744628906,0.36912477016448975,-0.05743305757641792,0.5750001668930054,0.39620348811149597,-0.06601423770189285,0.6068750023841858,0.40586453676223755,-0.07311864197254181,0.4837186336517334,0.4238661825656891,-0.07860953360795975,0.5516321659088135,0.44562622904777527,-0.09854122251272202,0.5919240117073059,0.44519567489624023,-0.10651509463787079,0.622367799282074,0.44305336475372314,-0.11065244674682617,0.476970374584198,0.4633519649505615,-0.06160356476902962,0.5473329424858093,0.4781852066516876,-0.07858581095933914,0.5865575075149536,0.4681791663169861,-0.07923495024442673,0.6131341457366943,0.4534676671028137,-0.08018145710229874,0.47990578413009644,0.4857417345046997,-0.04365352541208267,0.5432614684104919,0.4882490932941437,-0.055584486573934555,0.5701379179954529,0.4734586179256439,-0.05244769528508186,0.5860876441001892,0.4586804211139679,-0.050919465720653534,0.4882074296474457,0.495400071144104,-0.027951350435614586,0.5345819592475891,0.4889959990978241,-0.03978494182229042,0.5570367574691772,0.47307610511779785,-0.040879517793655396,0.5709260106086731,0.4617224633693695,-0.04071815311908722,Right,0.9969619512557983
3269,46,1,0.8598107695579529,0.3388139605522156,6.727553909513517e-07,0.836061418056488,0.3089773952960968,-0.04287758097052574,0.7934888601303101,0.33002057671546936,-0.07112772762775421,0.7500309348106384,0.37016987800598145,-0.08765444904565811,0.7138633131980896,0.40183696150779724,-0.10238733887672424,0.8412792086601257,0.3140186071395874,-0.10393179208040237,0.7726418972015381,0.3497150242328644,-0.1374361515045166,0.7284274697303772,0.3769092559814453,-0.149004265666008,0.6943829655647278,0.39627838134765625,-0.1555185168981552,0.850845992565155,0.36031845211982727,-0.09075559675693512,0.7772752642631531,0.39838463068008423,-0.12098544836044312,0.7348540425300598,0.41530004143714905,-0.12249570339918137,0.7052688002586365,0.4238385558128357,-0.12501034140586853,0.8499406576156616,0.3984723687171936,-0.07766194641590118,0.7795498371124268,0.4373311698436737,-0.10469309985637665,0.7417980432510376,0.4414140582084656,-0.10608430951833725,0.7176576256752014,0.43887102603912354,-0.10757989436388016,0.842406690120697,0.43002429604530334,-0.0665438175201416,0.7894694209098816,0.45018744468688965,-0.08993998169898987,0.7644411325454712,0.4460901618003845,-0.09848041087388992,0.748416006565094,0.4411121606826782,-0.10517285764217377,Left,0.9776501655578613
3340,47,0,0.4528770446777344,0.36881572008132935,-3.1661036814512045e-07,0.48759907484054565,0.3519902229309082,-0.03381045162677765,0.5341934561729431,0.36810991168022156,-0.05168312042951584,0.5724213123321533,0.39158934354782104,-0.05955884978175163,0.6020191311836243,0.39750221371650696,-0.06615911424160004,0.4849405586719513,0.42635130882263184,-0.07003117352724075,0.551537275314331,0.442833811044693,-0.08959772437810898,0.5909032225608826,0.44077855348587036,-0.09809356182813644,0.620111346244812,0.43701303005218506,-0.10227497667074203,0.4781598746776581,0.4655137062072754,-0.0549042783677578,0.5483866930007935,0.4751419126987457,-0.0715469941496849,0.5858967900276184,0.46188050508499146,-0.07284840941429138,0.6101794242858887,0.444113552570343,-0.07375746220350266,0.4810701906681061,0.48702800273895264,-0.03910840302705765,0.5448225736618042,0.4861871600151062,-0.05180094763636589,0.5739412307739258,0.4709928035736084,-0.05103374272584915,0.5916707515716553,0.4562937021255493,-0.05055501312017441,0.48920413851737976,0.49527430534362793,-0.025115186348557472,0.5357300639152527,0.48786407709121704,-0.0366097092628479,0.5596492886543274,0.4708196818828583,-0.038327813148498535,0.575075089931488,0.4581088423728943,-0.03853050619363785,Right,0.9965017437934875
3340,47,1,0.8651883602142334,0.33116888999938965,6.887589734105859e-07,0.8306244015693665,0.2914893329143524,-0.03384442254900932,0.7878177165985107,0.29535505175590515,-0.06186964735388756,0.7561784982681274,0.3295027017593384,-0.07919811457395554,0.7412773370742798,0.3626922369003296,-0.09492065012454987,0.8216242790222168,0.2913152277469635,-0.10460609197616577,0.7532802224159241,0.33420589566230774,-0.13605158030986786,0.7148014903068542,0.36122259497642517,-0.14448846876621246,0.685227632522583,0.38287845253944397,-0.14837831258773804,0.8382014632225037,0.34281834959983826,-0.09685837477445602,0.7639589309692383,0.38095417618751526,-0.13185517489910126,0.7238060235977173,0.3986542522907257,-0.1336338073015213,0.6973587274551392,0.4072777330875397,-0.13310551643371582,0.8450591564178467,0.38643625378608704,-0.08713658899068832,0.7736161351203918,0.41728854179382324,-0.11578382551670074,0.7352641820907593,0.4231058955192566,-0.1156143769621849,0.7104626297950745,0.4232637286186218,-0.11420333385467529,0.8432753682136536,0.42061352729797363,-0.07831195741891861,0.7865500450134277,0.4306402802467346,-0.09885985404253006,0.7657909989356995,0.41732943058013916,-0.10141821950674057,0.7532632350921631,0.4057823419570923,-0.10279019176959991,Left,0.9939083456993103
3414,48,0,0.44775381684303284,0.36763641238212585,-3.172769140746823e-07,0.4844202995300293,0.3489735424518585,-0.035111285746097565,0.5336446166038513,0.36507779359817505,-0.05332762748003006,0.5743150115013123,0.3853011131286621,-0.06090368330478668,0.6057093143463135,0.3879624009132385,-0.06713990867137909,0.48700016736984253,0.4282945990562439,-0.07323881983757019,0.5542328953742981,0.4411625266075134,-0.09173106402158737,0.5918784141540527,0.4350888133049011,-0.0990108847618103,0.6203964948654175,0.4272155165672302,-0.10243398696184158,0.48047611117362976,0.46787768602371216,-0.05687962472438812,0.5509305596351624,0.47259294986724854,-0.07296022027730942,0.5865885019302368,0.456268310546875,-0.07369500398635864,0.6096741557121277,0.4363258183002472,-0.0743117555975914,0.4828900396823883,0.4895772635936737,-0.039595771580934525,0.5464398860931396,0.4819214940071106,-0.0511627197265625,0.5718546509742737,0.4642798900604248,-0.04991127550601959,0.586582601070404,0.4480898082256317,-0.049522507935762405,0.49014943838119507,0.49763941764831543,-0.02425115369260311,0.5359652638435364,0.4853411912918091,-0.03514532744884491,0.556171715259552,0.4656267464160919,-0.03646253049373627,0.5685997009277344,0.45113542675971985,-0.036592889577150345,Right,0.9964830875396729
3414,48,1,0.8661307096481323,0.36712753772735596,5.303451189320185e-07,0.8410684466362,0.32021230459213257,-0.02554117888212204,0.7936275005340576,0.3117224872112274,-0.04393579810857773,0.7580521702766418,0.3403332829475403,-0.05401681736111641,0.73872309923172,0.36772164702415466,-0.06434205174446106,0.8278617858886719,0.30360090732574463,-0.08108936250209808,0.7615562081336975,0.3324233293533325,-0.10460352897644043,0.7196054458618164,0.35573917627334595,-0.11152952909469604,0.6865716576576233,0.37494683265686035,-0.11461585015058517,0.8335912823677063,0.3554418385028839,-0.07598593086004257,0.7625772356987,0.3778476119041443,-0.09879355132579803,0.7183642983436584,0.39346879720687866,-0.10274092853069305,0.6883680820465088,0.4007381796836853,-0.10494387149810791,0.8336052298545837,0.3992250859737396,-0.06864289939403534,0.7662786841392517,0.4167490601539612,-0.08568478375673294,0.7228319048881531,0.4184320569038391,-0.08920268714427948,0.6935381293296814,0.4153272807598114,-0.09128335118293762,0.8274977207183838,0.4340646266937256,-0.06164450943470001,0.7772801518440247,0.4365656077861786,-0.07455936819314957,0.7443216443061829,0.43176281452178955,-0.07883226871490479,0.7187930345535278,0.426960825920105,-0.08182483166456223,Left,0.9968889355659485
3486,49,0,0.44562774896621704,0.3657779097557068,-2.945531036857574e-07,0.4807986617088318,0.3466241955757141,-0.03379887714982033,0.5309181213378906,0.3589596152305603,-0.051662903279066086,0.5752553939819336,0.3702752888202667,-0.0599154494702816,0.6113733053207397,0.3648904860019684,-0.0670999214053154,0.4902092218399048,0.43215933442115784,-0.06501788645982742,0.5520262718200684,0.43932950496673584,-0.082966148853302,0.5881484746932983,0.43061599135398865,-0.09221749752759933,0.6164405941963196,0.42148542404174805,-0.0974445715546608,0.48609888553619385,0.4694550633430481,-0.05017020180821419,0.5549696683883667,0.46642494201660156,-0.06628236919641495,0.5907500982284546,0.4452401101589203,-0.06914911419153214,0.6144254803657532,0.4232284128665924,-0.0710996612906456,0.4895673096179962,0.4878524839878082,-0.034794505685567856,0.5524739027023315,0.47250017523765564,-0.047018252313137054,0.576750636100769,0.4502338767051697,-0.04689823091030121,0.591697633266449,0.43113720417022705,-0.046907901763916016,0.49762213230133057,0.49241143465042114,-0.02135564759373665,0.5425212979316711,0.47612264752388,-0.03270449861884117,0.5611245632171631,0.4539830982685089,-0.03403432294726372,0.572584331035614,0.4372173547744751,-0.03381085768342018,Right,0.9931854009628296
3486,49,1,0.8636717796325684,0.37693291902542114,4.361208709724451e-07,0.8469362854957581,0.32694146037101746,-0.030092254281044006,0.7990224957466125,0.3294795751571655,-0.052402932196855545,0.7576614618301392,0.3574088513851166,-0.06591727584600449,0.730341911315918,0.37761300802230835,-0.08001156896352768,0.8329303860664368,0.3276146948337555,-0.09098555147647858,0.7720643281936646,0.3365207314491272,-0.11908113211393356,0.7270962595939636,0.34692686796188354,-0.12982159852981567,0.6900733709335327,0.3567366302013397,-0.1362936645746231,0.8303737640380859,0.3690588176250458,-0.08560499548912048,0.7640409469604492,0.3639732003211975,-0.11619147658348083,0.7135735154151917,0.3675292730331421,-0.12601356208324432,0.6776201725006104,0.37102580070495605,-0.13248203694820404,0.8242130875587463,0.4087902307510376,-0.07788360118865967,0.7589402198791504,0.4101027846336365,-0.10210539400577545,0.7158162593841553,0.40506428480148315,-0.10834019631147385,0.6864103674888611,0.40135303139686584,-0.11122987419366837,0.8138518929481506,0.4418802261352539,-0.07054411619901657,0.7630931735038757,0.4422608017921448,-0.08882804214954376,0.7314809560775757,0.4321679174900055,-0.09514491260051727,0.7088291645050049,0.4223659634590149,-0.09924157708883286,Left,0.954897403717041
3559,50,0,0.4449554681777954,0.3695678412914276,-2.947903965377918e-07,0.47808852791786194,0.348137766122818,-0.03594161570072174,0.5289255380630493,0.3574933409690857,-0.05426638945937157,0.5750274658203125,0.3678785562515259,-0.062430042773485184,0.6114367246627808,0.3632259666919708,-0.06903701275587082,0.49011552333831787,0.43442803621292114,-0.06714574247598648,0.5555139183998108,0.44049111008644104,-0.0854390561580658,0.5926253795623779,0.42847493290901184,-0.09367877244949341,0.6212574243545532,0.4160420596599579,-0.09788762032985687,0.4876084327697754,0.471537709236145,-0.0507720522582531,0.5575888752937317,0.46651285886764526,-0.0681120902299881,0.5943472981452942,0.44220489263534546,-0.0711805447936058,0.6183278560638428,0.4176976680755615,-0.07300842553377151,0.492247611284256,0.4889170825481415,-0.0339437797665596,0.5554113388061523,0.4747300148010254,-0.04774551838636398,0.581132709980011,0.45109236240386963,-0.048018068075180054,0.5968568325042725,0.4296526312828064,-0.04776018485426903,0.5007995963096619,0.49225276708602905,-0.0189991295337677,0.5468341112136841,0.4749361276626587,-0.031726937741041183,0.5661382079124451,0.45263493061065674,-0.034052036702632904,0.5780455470085144,0.4366050958633423,-0.034181371331214905,Right,0.9961257576942444
3559,50,1,0.8581733703613281,0.3700873851776123,4.4881832650389697e-07,0.8370273113250732,0.32738637924194336,-0.036440130323171616,0.7961993217468262,0.32228320837020874,-0.06265007704496384,0.7559521198272705,0.3397812843322754,-0.07903759181499481,0.7272571921348572,0.3531701862812042,-0.09597714245319366,0.8247326016426086,0.3138524293899536,-0.0996173769235611,0.7697157859802246,0.3296150863170624,-0.13518956303596497,0.7244083881378174,0.3460654020309448,-0.1519192010164261,0.6886286735534668,0.3603498041629791,-0.16138219833374023,0.8235852718353271,0.35693278908729553,-0.0924140214920044,0.7617834806442261,0.3582741916179657,-0.12662959098815918,0.710942268371582,0.3697059154510498,-0.1369820535182953,0.6753989458084106,0.377071738243103,-0.14329414069652557,0.8175038695335388,0.39811190962791443,-0.08397307246923447,0.7581478357315063,0.39898577332496643,-0.11086216568946838,0.7145277261734009,0.40137457847595215,-0.11615832149982452,0.6858233213424683,0.4015645384788513,-0.11795732378959656,0.8085338473320007,0.435369074344635,-0.0768742710351944,0.7632779479026794,0.43291333317756653,-0.09764092415571213,0.7305765151977539,0.4284362494945526,-0.10384490340948105,0.7062166333198547,0.4223661720752716,-0.1069841980934143,Left,0.973070502281189
3630,51,0,0.45007219910621643,0.364305704832077,-2.8250434525034507e-07,0.4845888316631317,0.3469341993331909,-0.03367435187101364,0.5356090664863586,0.36035752296447754,-0.04945268854498863,0.5784434080123901,0.38001489639282227,-0.055229995399713516,0.6093218326568604,0.38562026619911194,-0.05927945300936699,0.49368786811828613,0.43241941928863525,-0.06578100472688675,0.5594081878662109,0.4432395398616791,-0.08312498033046722,0.5966762900352478,0.437119722366333,-0.09071607142686844,0.6259772777557373,0.4300585687160492,-0.0946827307343483,0.4890590012073517,0.47001323103904724,-0.04986482858657837,0.5592275857925415,0.4685196876525879,-0.06673035025596619,0.5959774255752563,0.449754536151886,-0.06872908025979996,0.6203175187110901,0.4302683174610138,-0.06936807185411453,0.4923063814640045,0.4883348345756531,-0.03332510590553284,0.555281400680542,0.47386834025382996,-0.045682623982429504,0.5797855854034424,0.45536622405052185,-0.0438225083053112,0.5941470265388489,0.43837565183639526,-0.04175615310668945,0.4995494782924652,0.49245685338974,-0.018781526014208794,0.5443191528320312,0.47301599383354187,-0.029726233333349228,0.5630577802658081,0.45359236001968384,-0.03073217160999775,0.5745115876197815,0.43993037939071655,-0.029771799221634865,Right,0.9931557774543762
3630,51,1,0.8505542874336243,0.332103431224823,3.9773328808223596e-07,0.84287029504776,0.3029446303844452,-0.050866954028606415,0.8062273859977722,0.31880617141723633,-0.09140516817569733,0.7719439268112183,0.3480357229709625,-0.11726580560207367,0.7505314350128174,0.37715381383895874,-0.14280568063259125,0.8192665576934814,0.28655463457107544,-0.1423797309398651,0.7649692296981812,0.31729575991630554,-0.18799471855163574,0.7250759601593018,0.3369075357913971,-0.2146788239479065,0.6954410672187805,0.35555052757263184,-0.2333616018295288,0.8131449818611145,0.3137625455856323,-0.1280141919851303,0.7632685899734497,0.346486359834671,-0.17372845113277435,0.7210473418235779,0.3719820976257324,-0.18922209739685059,0.6963410377502441,0.38943102955818176,-0.20261937379837036,0.8049947619438171,0.3505052328109741,-0.11038757860660553,0.756007194519043,0.3765910863876343,-0.13585714995861053,0.7547599673271179,0.3731314241886139,-0.12172471731901169,0.7661744356155396,0.36559242010116577,-0.11352657526731491,0.7933065295219421,0.3836284875869751,-0.0964217483997345,0.7580056190490723,0.40259435772895813,-0.11695213615894318,0.7545672059059143,0.3945333957672119,-0.11185488104820251,0.7594543099403381,0.3831411302089691,-0.1076543927192688,Left,0.879756510257721
3703,52,0,0.4494962692260742,0.3666382431983948,-2.9947489110782044e-07,0.4833415746688843,0.3467293679714203,-0.03566979989409447,0.5347743630409241,0.3590671420097351,-0.05265677347779274,0.5798702239990234,0.37640681862831116,-0.05959061160683632,0.6136826872825623,0.3800017535686493,-0.06451290845870972,0.4940902888774872,0.4318113923072815,-0.06459508091211319,0.5591943860054016,0.44123053550720215,-0.08233547955751419,0.5968862771987915,0.43251416087150574,-0.09022502601146698,0.6259795427322388,0.42406484484672546,-0.09443201124668121,0.49002406001091003,0.46966588497161865,-0.04822489991784096,0.5591750741004944,0.467367947101593,-0.06522278487682343,0.5969805121421814,0.44775786995887756,-0.06785285472869873,0.6229259371757507,0.42731723189353943,-0.06930682063102722,0.49403172731399536,0.4879602789878845,-0.031754154711961746,0.5563583374023438,0.47534334659576416,-0.0456605926156044,0.5847969055175781,0.4559113085269928,-0.0459325909614563,0.6039852499961853,0.43833422660827637,-0.04545927047729492,0.50211501121521,0.4922395944595337,-0.017259621992707253,0.5483317375183105,0.4760688841342926,-0.030161404982209206,0.5708955526351929,0.4566226601600647,-0.03310251608490944,0.5870789885520935,0.44289934635162354,-0.0335959792137146,Right,0.9967299103736877
3703,52,1,0.8562631607055664,0.34633734822273254,3.549945972736168e-07,0.842380702495575,0.29679226875305176,-0.04113660007715225,0.8025683164596558,0.2954740822315216,-0.07534278929233551,0.7635995149612427,0.3244849145412445,-0.09702324122190475,0.7419130802154541,0.3552999496459961,-0.11928500980138779,0.8260149955749512,0.27769869565963745,-0.12322777509689331,0.7625516653060913,0.31285330653190613,-0.1608385592699051,0.7206043601036072,0.33693429827690125,-0.17977699637413025,0.6897817254066467,0.3590345084667206,-0.19166159629821777,0.8238369226455688,0.3221724331378937,-0.11329329758882523,0.7628924250602722,0.35479289293289185,-0.15113617479801178,0.7153924703598022,0.3764544129371643,-0.16133828461170197,0.6841326355934143,0.3931131660938263,-0.1689106523990631,0.818272590637207,0.36835649609565735,-0.10051362961530685,0.757229745388031,0.3893948197364807,-0.12428154051303864,0.7290197014808655,0.38863301277160645,-0.11846257001161575,0.714616060256958,0.3863997459411621,-0.11453057825565338,0.8084521293640137,0.4063825309276581,-0.08967142552137375,0.7651262283325195,0.41627562046051025,-0.10763826966285706,0.7422352433204651,0.40976405143737793,-0.10577882081270218,0.7284875512123108,0.4013083279132843,-0.10390350222587585,Left,0.6992508769035339
3775,53,0,0.4467044472694397,0.3675400912761688,-3.2181387155105767e-07,0.4820270240306854,0.3471859395503998,-0.035180822014808655,0.534372091293335,0.3576609790325165,-0.05247867852449417,0.5800153017044067,0.3730238974094391,-0.05969000235199928,0.6144983768463135,0.37488293647766113,-0.06486141681671143,0.4952314794063568,0.43159690499305725,-0.06551322340965271,0.561815083026886,0.439433753490448,-0.08295374363660812,0.5990356802940369,0.42822641134262085,-0.09041684865951538,0.6276121139526367,0.4166945219039917,-0.0942530483007431,0.49070730805397034,0.4694197177886963,-0.04921179264783859,0.5624309182167053,0.4649418592453003,-0.06556082516908646,0.5996760129928589,0.44396013021469116,-0.06798166781663895,0.6251862645149231,0.42216792702674866,-0.06956756114959717,0.4941050410270691,0.4882517457008362,-0.03256804123520851,0.5574283599853516,0.47275304794311523,-0.0453224778175354,0.5836655497550964,0.45185744762420654,-0.044924698770046234,0.600695788860321,0.4322403073310852,-0.044316500425338745,0.5013687014579773,0.49263796210289,-0.017935307696461678,0.5479189157485962,0.4731440544128418,-0.030220339074730873,0.5693469643592834,0.45249348878860474,-0.0328291654586792,0.5843684077262878,0.43707194924354553,-0.033194199204444885,Right,0.9965654015541077
3775,53,1,0.8701432943344116,0.3517722189426422,1.964875906423913e-07,0.8447799682617188,0.2927098274230957,-0.027729356661438942,0.7946969866752625,0.29069697856903076,-0.051210012286901474,0.7513888478279114,0.3421647846698761,-0.06630390137434006,0.7365902662277222,0.3883523941040039,-0.08270964026451111,0.8218002319335938,0.2826444208621979,-0.08367675542831421,0.7540437579154968,0.3174900710582733,-0.10992366075515747,0.7139506936073303,0.3445594608783722,-0.1219516322016716,0.688180685043335,0.36623069643974304,-0.1281316876411438,0.8286136984825134,0.3339168131351471,-0.07849595695734024,0.7585170269012451,0.35928913950920105,-0.10409247130155563,0.7104690074920654,0.3682496249675751,-0.11154540628194809,0.6828488707542419,0.37294673919677734,-0.11673257499933243,0.8302962183952332,0.3793796896934509,-0.07137154042720795,0.7619410753250122,0.39860999584198,-0.09108557552099228,0.7229174971580505,0.3959287703037262,-0.09420054405927658,0.7056201100349426,0.38973477482795715,-0.09465118497610092,0.8260892033576965,0.41460055112838745,-0.06488344818353653,0.7695110440254211,0.4225173890590668,-0.08090408891439438,0.7370506525039673,0.4151843190193176,-0.08457597345113754,0.7226635813713074,0.40673860907554626,-0.08613406866788864,Left,0.9266096949577332
3846,54,0,0.44249141216278076,0.3692518472671509,-3.20066078529635e-07,0.4785348176956177,0.3480314016342163,-0.03168656677007675,0.5315879583358765,0.355863094329834,-0.0473596453666687,0.5752996802330017,0.37088263034820557,-0.05392127484083176,0.6074576377868652,0.373769074678421,-0.05883466452360153,0.4969630837440491,0.4295881986618042,-0.060863327234983444,0.5629426836967468,0.43611860275268555,-0.07823606580495834,0.599730908870697,0.4255647361278534,-0.08654257655143738,0.6284483075141907,0.4144601821899414,-0.09098823368549347,0.49211496114730835,0.46764206886291504,-0.04659191146492958,0.5626547336578369,0.46371668577194214,-0.06327260285615921,0.5988060235977173,0.4416666030883789,-0.06619153171777725,0.6231423020362854,0.41883888840675354,-0.0675937756896019,0.49496880173683167,0.48678743839263916,-0.03186745569109917,0.5578737258911133,0.4717240631580353,-0.04471801221370697,0.581973135471344,0.44867074489593506,-0.04422254487872124,0.5963031649589539,0.4281730353832245,-0.043052155524492264,0.501400887966156,0.491396963596344,-0.01896554045379162,0.5471104979515076,0.46940791606903076,-0.030907651409506798,0.5662879943847656,0.44572561979293823,-0.03290467709302902,0.5784692168235779,0.42803430557250977,-0.032571908086538315,Right,0.9937794804573059
3846,54,1,0.8700240850448608,0.3391954302787781,2.9205088480921404e-07,0.8494786620140076,0.293805330991745,-0.02885882928967476,0.7978002429008484,0.30831611156463623,-0.049175139516592026,0.7534258365631104,0.3526674807071686,-0.06088126078248024,0.7237573862075806,0.3816027343273163,-0.0725022479891777,0.8252941370010376,0.29609763622283936,-0.0813046470284462,0.7686957120895386,0.32590991258621216,-0.10569775849580765,0.7268787622451782,0.34503576159477234,-0.1147097647190094,0.6919052004814148,0.358517050743103,-0.12033325433731079,0.8224777579307556,0.34003743529319763,-0.07515818625688553,0.7605029940605164,0.36048901081085205,-0.09872379153966904,0.7147725820541382,0.36650246381759644,-0.10250149667263031,0.683481752872467,0.36868229508399963,-0.10510532557964325,0.8173999786376953,0.3811233639717102,-0.06756200641393661,0.7548090815544128,0.40298721194267273,-0.0849316269159317,0.7226442098617554,0.3954579532146454,-0.08307386189699173,0.7042248249053955,0.38480669260025024,-0.08061863481998444,0.8104154467582703,0.41433659195899963,-0.06121707335114479,0.7598603963851929,0.4259398579597473,-0.07445161044597626,0.7335043549537659,0.4155169725418091,-0.07554218173027039,0.7183772325515747,0.4020540416240692,-0.07553648948669434,Left,0.7859500646591187
3918,55,0,0.44557666778564453,0.36737915873527527,-3.0335471024045546e-07,0.48408815264701843,0.34659165143966675,-0.030371587723493576,0.5374941825866699,0.35733774304389954,-0.04463635012507439,0.580713152885437,0.37681129574775696,-0.04977790638804436,0.6117727160453796,0.37977927923202515,-0.05314452573657036,0.4979013204574585,0.42831265926361084,-0.062264613807201385,0.5678742527961731,0.43665820360183716,-0.07769499719142914,0.6046469211578369,0.42768120765686035,-0.08334524184465408,0.6325216293334961,0.4180186688899994,-0.08609263598918915,0.4927079379558563,0.46636509895324707,-0.04784426465630531,0.5672617554664612,0.4615401029586792,-0.06307128071784973,0.601630449295044,0.43924587965011597,-0.06358510255813599,0.6224789619445801,0.4181261956691742,-0.06345626711845398,0.4943169951438904,0.4862286150455475,-0.03255050629377365,0.5597701072692871,0.470711886882782,-0.04326442629098892,0.5812647342681885,0.4474296271800995,-0.03981489688158035,0.590839684009552,0.4271959662437439,-0.0368124321103096,0.4996858537197113,0.49197840690612793,-0.019189316779375076,0.5456061363220215,0.46950775384902954,-0.029452983289957047,0.5632249116897583,0.44640791416168213,-0.030228856950998306,0.5722181797027588,0.4294227361679077,-0.029207412153482437,Right,0.9910359978675842
3918,55,1,0.8689378499984741,0.33308446407318115,4.997054929845035e-07,0.8399658203125,0.2832562029361725,-0.027706902474164963,0.7854475975036621,0.28556913137435913,-0.047835707664489746,0.7465317249298096,0.3224373459815979,-0.0588524304330349,0.7230608463287354,0.35469919443130493,-0.07010521739721298,0.8268533945083618,0.3065098524093628,-0.09205697476863861,0.7620974183082581,0.33552178740501404,-0.11737582832574844,0.719409167766571,0.3546328544616699,-0.12355153262615204,0.6846165657043457,0.3697229027748108,-0.12631559371948242,0.8312697410583496,0.35440847277641296,-0.08554641157388687,0.7605282664299011,0.36452820897102356,-0.11167114973068237,0.7140282988548279,0.36807623505592346,-0.11361801624298096,0.6824136972427368,0.36819377541542053,-0.11425240337848663,0.830727756023407,0.3950812816619873,-0.07648748904466629,0.7574148774147034,0.41158270835876465,-0.09486109763383865,0.7224928736686707,0.4022519588470459,-0.09235158562660217,0.7022323608398438,0.3899705410003662,-0.08947227895259857,0.8242040872573853,0.42382198572158813,-0.06823518872261047,0.7673383355140686,0.43117761611938477,-0.08057785779237747,0.7375938296318054,0.4176114797592163,-0.08172283321619034,0.7185407876968384,0.4027073085308075,-0.08226852118968964,Left,0.9890778064727783
3989,56,0,0.44472455978393555,0.3687083125114441,-2.952962177005247e-07,0.4828433394432068,0.3476927876472473,-0.02985108643770218,0.5374682545661926,0.3578883111476898,-0.04419318959116936,0.5829004645347595,0.3746207654476166,-0.049682702869176865,0.6166032552719116,0.37447184324264526,-0.05348687991499901,0.500062882900238,0.4267374873161316,-0.059396009892225266,0.5679349899291992,0.43563953042030334,-0.07447386533021927,0.6044466495513916,0.42784038186073303,-0.0804017037153244,0.6319783926010132,0.4189721345901489,-0.08348075300455093,0.49427613615989685,0.46477046608924866,-0.045478831976652145,0.5667422413825989,0.46292492747306824,-0.06048119440674782,0.6005634665489197,0.44241467118263245,-0.06162615865468979,0.6214599013328552,0.42182427644729614,-0.061988066881895065,0.4956025779247284,0.4847337305545807,-0.030761832371354103,0.5600637793540955,0.4724526107311249,-0.041410643607378006,0.5823034048080444,0.4507657289505005,-0.038602929562330246,0.5931616425514221,0.4308609068393707,-0.03610750660300255,0.5008959770202637,0.490958571434021,-0.017887193709611893,0.5466217994689941,0.4725886285305023,-0.02785438485443592,0.5650726556777954,0.4519159495830536,-0.028765294700860977,0.5752711892127991,0.4362671375274658,-0.027988454326987267,Right,0.9932577610015869
3989,56,1,0.8665751814842224,0.3321595788002014,6.033258159732213e-07,0.8321032524108887,0.28008928894996643,-0.028633756563067436,0.7747206687927246,0.2901586890220642,-0.04553051292896271,0.7376132607460022,0.328689306974411,-0.05248064547777176,0.7205707430839539,0.3638455867767334,-0.058929044753313065,0.8254625201225281,0.31583473086357117,-0.09029121696949005,0.7552556395530701,0.3531050682067871,-0.11121511459350586,0.712384819984436,0.36871257424354553,-0.11224319785833359,0.679336667060852,0.37954846024513245,-0.11025397479534149,0.833957314491272,0.36890047788619995,-0.08001408725976944,0.7550462484359741,0.3962055444717407,-0.09908278286457062,0.7110832333564758,0.3913891017436981,-0.09454112499952316,0.6842660903930664,0.37987020611763,-0.09047631174325943,0.8336968421936035,0.4070073366165161,-0.06721769273281097,0.7576112151145935,0.4292488694190979,-0.0797915831208229,0.7217906713485718,0.41350898146629333,-0.075221486389637,0.7028405666351318,0.3945116400718689,-0.07153583317995071,0.8255378603935242,0.4304312467575073,-0.055631011724472046,0.7664360404014587,0.4415730834007263,-0.06377042084932327,0.7372106909751892,0.426608145236969,-0.06360012292861938,0.7208095788955688,0.4109030067920685,-0.06341975182294846,Left,0.9886847734451294
4061,57,0,0.452371209859848,0.37125271558761597,-2.6087116111739306e-07,0.4916047751903534,0.34693580865859985,-0.027608761563897133,0.5430393218994141,0.35535258054733276,-0.04051060229539871,0.5822089314460754,0.37951695919036865,-0.045099321752786636,0.6045639514923096,0.3899807333946228,-0.047946881502866745,0.509511411190033,0.4216793179512024,-0.06001315638422966,0.5785803198814392,0.4328193962574005,-0.07518845796585083,0.6156905889511108,0.4257543683052063,-0.08035064488649368,0.6431087851524353,0.41729268431663513,-0.08261994272470474,0.502853512763977,0.461101770401001,-0.04738175496459007,0.5756992101669312,0.4633053243160248,-0.06151273101568222,0.6110907196998596,0.44465792179107666,-0.061018913984298706,0.6330496668815613,0.4245136082172394,-0.06020339950919151,0.5028123259544373,0.48237571120262146,-0.03390343487262726,0.5675985217094421,0.4742763936519623,-0.0443330854177475,0.591930627822876,0.45351433753967285,-0.040674563497304916,0.6041518449783325,0.43385717272758484,-0.03733513504266739,0.5073255300521851,0.489132285118103,-0.022104190662503242,0.554922342300415,0.4743388593196869,-0.031585246324539185,0.5762287974357605,0.45399269461631775,-0.031868405640125275,0.5882032513618469,0.4375799298286438,-0.030606772750616074,Right,0.9945510029792786
4061,57,1,0.8555440306663513,0.3381422162055969,6.158590508675843e-07,0.8184717893600464,0.28988009691238403,-0.033218540251255035,0.7653961181640625,0.2968885004520416,-0.05110122263431549,0.7274836897850037,0.33622515201568604,-0.05894262716174126,0.7047193646430969,0.37263113260269165,-0.06496173143386841,0.8096253275871277,0.31162357330322266,-0.0832013264298439,0.743796169757843,0.3476012349128723,-0.10568026453256607,0.702511191368103,0.3671294152736664,-0.10866236686706543,0.6712615489959717,0.3813380002975464,-0.1078716292977333,0.8192794919013977,0.36500659584999084,-0.07108019292354584,0.7452517747879028,0.3992141783237457,-0.09144484251737595,0.7031863331794739,0.4010719060897827,-0.08889901638031006,0.6772743463516235,0.39273184537887573,-0.08589061349630356,0.8202991485595703,0.40417003631591797,-0.057802747935056686,0.7489585280418396,0.42971929907798767,-0.07312755286693573,0.7122673988342285,0.4199104309082031,-0.06976643949747086,0.691679060459137,0.4040128290653229,-0.06640239804983139,0.813880205154419,0.4300810992717743,-0.04642578586935997,0.7586941719055176,0.43855157494544983,-0.05822502076625824,0.7287737727165222,0.42692142724990845,-0.05993640050292015,0.7105852365493774,0.4144488573074341,-0.060328274965286255,Left,0.9891104698181152
4133,58,0,0.452731192111969,0.3693326711654663,-2.818291875428258e-07,0.4927738904953003,0.34926021099090576,-0.0266263484954834,0.5477479100227356,0.3581772446632385,-0.03958612307906151,0.5925213694572449,0.3746272325515747,-0.04428941756486893,0.6235918998718262,0.3733963370323181,-0.047480348497629166,0.5101917386054993,0.4221249520778656,-0.059200260788202286,0.5786046385765076,0.4301129877567291,-0.07374288886785507,0.6147263646125793,0.42339587211608887,-0.07849742472171783,0.6422926187515259,0.41526126861572266,-0.0806221142411232,0.5036306977272034,0.462743878364563,-0.046862825751304626,0.5763126015663147,0.46035975217819214,-0.06109953671693802,0.6104347109794617,0.4398505687713623,-0.061040524393320084,0.6316170692443848,0.41888827085494995,-0.06048527732491493,0.5036925673484802,0.48518937826156616,-0.03329656273126602,0.5686990022659302,0.4709793031215668,-0.04341566562652588,0.5908372402191162,0.44871681928634644,-0.03962152078747749,0.6006982922554016,0.42821383476257324,-0.036196958273649216,0.5083359479904175,0.49304622411727905,-0.021259771659970284,0.556047797203064,0.472079336643219,-0.029895100742578506,0.5739136338233948,0.4498232901096344,-0.029472872614860535,0.5822365283966064,0.4321956932544708,-0.02779150940477848,Right,0.9928471446037292
4133,58,1,0.849115788936615,0.33819615840911865,5.935188482908416e-07,0.8163912296295166,0.2895120680332184,-0.02791183441877365,0.7659116983413696,0.29169705510139465,-0.04513616859912872,0.7315237522125244,0.32565322518348694,-0.053555507212877274,0.7118786573410034,0.35875940322875977,-0.0607810877263546,0.809783399105072,0.30704784393310547,-0.08163610845804214,0.7401282787322998,0.34104591608047485,-0.10394755005836487,0.6998205184936523,0.3559025228023529,-0.10664297640323639,0.6697894930839539,0.3668305277824402,-0.10552143305540085,0.8175629377365112,0.35895586013793945,-0.07248441874980927,0.7402799725532532,0.383952260017395,-0.0946921855211258,0.6967646479606628,0.3850303292274475,-0.09346583485603333,0.6687472462654114,0.38025280833244324,-0.09085884690284729,0.8163508772850037,0.3993246555328369,-0.06168082356452942,0.7436691522598267,0.41749316453933716,-0.07808168232440948,0.7073535323143005,0.4086325168609619,-0.07641453295946121,0.6851821541786194,0.39838069677352905,-0.07386142760515213,0.8078965544700623,0.4269676208496094,-0.052001334726810455,0.7512937784194946,0.42948979139328003,-0.06348903477191925,0.7246217727661133,0.41469141840934753,-0.06492764502763748,0.7082620859146118,0.40340766310691833,-0.0651593953371048,Left,0.9962264895439148
4206,59,0,0.45328670740127563,0.3708081543445587,-2.864142913949763e-07,0.493258535861969,0.34771105647087097,-0.027240123599767685,0.5470709204673767,0.356314092874527,-0.0401078425347805,0.5885885953903198,0.37814897298812866,-0.04433978348970413,0.6152711510658264,0.3818344473838806,-0.0470677874982357,0.510404109954834,0.4219816029071808,-0.061790961772203445,0.5789158344268799,0.42983439564704895,-0.07633179426193237,0.6146219372749329,0.4233998656272888,-0.08076640218496323,0.641829788684845,0.41578784584999084,-0.08271636068820953,0.5036488771438599,0.46250107884407043,-0.04883299022912979,0.5774191617965698,0.45974618196487427,-0.06282626837491989,0.6132128834724426,0.44035425782203674,-0.06207554042339325,0.6354286670684814,0.4198262691497803,-0.06113085523247719,0.5038872361183167,0.4850473999977112,-0.03463934734463692,0.5692053437232971,0.4701811373233795,-0.0445537231862545,0.5931028723716736,0.44881671667099,-0.04095518961548805,0.6044009327888489,0.4286457598209381,-0.037869568914175034,0.5084344744682312,0.4927971363067627,-0.022053495049476624,0.5552601218223572,0.46899962425231934,-0.031041394919157028,0.5742329955101013,0.44653961062431335,-0.03148704767227173,0.584019124507904,0.42940717935562134,-0.030472764745354652,Right,0.9925265312194824
4206,59,1,0.8476121425628662,0.34571099281311035,6.210267429196392e-07,0.8169600367546082,0.2976299226284027,-0.030929315835237503,0.7659040689468384,0.30641940236091614,-0.05031673610210419,0.7274160981178284,0.33903416991233826,-0.05956347659230232,0.6997385025024414,0.36218252778053284,-0.0680248811841011,0.8089762330055237,0.32235613465309143,-0.09022421389818192,0.7388840913772583,0.35475954413414,-0.11351583898067474,0.6983374953269958,0.3676782250404358,-0.11608478426933289,0.6680527925491333,0.374972939491272,-0.11465505510568619,0.8171934485435486,0.37368446588516235,-0.07963699102401733,0.7379237413406372,0.3954930901527405,-0.10108184814453125,0.6933823227882385,0.3958472013473511,-0.09949622303247452,0.6644280552864075,0.3876604437828064,-0.09713106602430344,0.8169916272163391,0.4121793806552887,-0.06704193353652954,0.7418312430381775,0.42801547050476074,-0.08265542984008789,0.7019473910331726,0.41714367270469666,-0.0821307897567749,0.6769179105758667,0.40221452713012695,-0.08115054666996002,0.8100125193595886,0.43830329179763794,-0.05540655925869942,0.7551568746566772,0.443225234746933,-0.06755463778972626,0.7249717116355896,0.4318973422050476,-0.0708971694111824,0.7041304707527161,0.4207998514175415,-0.0727686733007431,Left,0.9931939244270325
4277,60,0,0.45272529125213623,0.3704569935798645,-2.8113811367802555e-07,0.4932258725166321,0.34843093156814575,-0.027268968522548676,0.5482975840568542,0.35608333349227905,-0.04061884060502052,0.5912028551101685,0.37402743101119995,-0.04524855688214302,0.6204572319984436,0.375495970249176,-0.0483907051384449,0.5099027752876282,0.4213488698005676,-0.06279554218053818,0.5776455402374268,0.42972859740257263,-0.07772161811590195,0.6135737895965576,0.4226192831993103,-0.0824228972196579,0.6412822008132935,0.4136708676815033,-0.08441987633705139,0.5027090907096863,0.4618629515171051,-0.04986509308218956,0.5753548741340637,0.4609796702861786,-0.0643477514386177,0.6096132397651672,0.44002726674079895,-0.06368240714073181,0.6302012205123901,0.4184551239013672,-0.06260224431753159,0.5025517344474792,0.4842660129070282,-0.035486817359924316,0.5673442482948303,0.4709175229072571,-0.04543132334947586,0.5881907343864441,0.44819268584251404,-0.04096217080950737,0.5961247682571411,0.42765170335769653,-0.03711561858654022,0.5067666172981262,0.4918157160282135,-0.02269810438156128,0.5534219145774841,0.46961739659309387,-0.03142814338207245,0.569590151309967,0.4468016028404236,-0.03083825297653675,0.5759226083755493,0.4295552372932434,-0.02895786426961422,Right,0.990170955657959
4277,60,1,0.8496127128601074,0.34528982639312744,5.963035505374137e-07,0.8176507353782654,0.3020155429840088,-0.0321531742811203,0.7622424364089966,0.3100567162036896,-0.05106658488512039,0.7173804044723511,0.33784133195877075,-0.06011737138032913,0.6809087991714478,0.35189419984817505,-0.06832757592201233,0.8136304020881653,0.3264067471027374,-0.0870896577835083,0.7472924590110779,0.3583561182022095,-0.111341193318367,0.7059706449508667,0.3687162399291992,-0.11498265713453293,0.6755369305610657,0.37450143694877625,-0.11485321819782257,0.8234734535217285,0.37736615538597107,-0.07671927660703659,0.7487741708755493,0.4016646444797516,-0.09960662573575974,0.7037693858146667,0.39963802695274353,-0.09884119033813477,0.6745156645774841,0.38952329754829407,-0.09746787697076797,0.8247149586677551,0.4144364297389984,-0.06522725522518158,0.7537559270858765,0.435931921005249,-0.08416898548603058,0.7128812074661255,0.42681223154067993,-0.08481326699256897,0.6861984729766846,0.41327688097953796,-0.08475761115550995,0.8182302713394165,0.4402620792388916,-0.05487952381372452,0.7674433588981628,0.4496193528175354,-0.07185044139623642,0.7381060719490051,0.4407263398170471,-0.0777696743607521,0.7164945006370544,0.4316328763961792,-0.08137555420398712,Left,0.9893213510513306
4350,61,0,0.4540706276893616,0.3704785108566284,-2.841154866928264e-07,0.4935052990913391,0.3484542965888977,-0.028083767741918564,0.5477789640426636,0.3568273186683655,-0.04179639741778374,0.5914327502250671,0.37572020292282104,-0.046589262783527374,0.6221832036972046,0.3775142431259155,-0.0497153215110302,0.5095307230949402,0.4221067726612091,-0.06316685676574707,0.5786715149879456,0.4298551678657532,-0.0777730718255043,0.6147881746292114,0.4229132831096649,-0.08210524916648865,0.641997218132019,0.41467830538749695,-0.08397555351257324,0.5024371147155762,0.4623621702194214,-0.049790460616350174,0.5761565566062927,0.4591446816921234,-0.06390772014856339,0.6111207008361816,0.43924522399902344,-0.06304575502872467,0.6324901580810547,0.4186538755893707,-0.06218364089727402,0.5024724006652832,0.4844188094139099,-0.03512030467391014,0.5682904124259949,0.4702932834625244,-0.04502670466899872,0.5922304391860962,0.4489327073097229,-0.04074554145336151,0.6032502055168152,0.4285205602645874,-0.03733643889427185,0.5070745348930359,0.4919359087944031,-0.02208225056529045,0.5545749664306641,0.47029438614845276,-0.031184107065200806,0.5740901231765747,0.4482516348361969,-0.031219258904457092,0.5841248035430908,0.43083351850509644,-0.029941482469439507,Right,0.9933817386627197
4350,61,1,0.8607457876205444,0.3377992510795593,5.898165795770183e-07,0.8208852410316467,0.30571553111076355,-0.025813646614551544,0.766626238822937,0.3175485134124756,-0.046172529458999634,0.7229714393615723,0.3340880572795868,-0.05860128253698349,0.6859809160232544,0.3238348960876465,-0.07101012021303177,0.8137405514717102,0.3325817883014679,-0.08219148218631744,0.7554831504821777,0.38051295280456543,-0.10583886504173279,0.7177770733833313,0.3986557424068451,-0.11051814258098602,0.6880075335502625,0.40943896770477295,-0.11114625632762909,0.832580029964447,0.3764914274215698,-0.07601898908615112,0.7597620487213135,0.4182852506637573,-0.09828724712133408,0.7149592041969299,0.4283657670021057,-0.09842449426651001,0.6834200620651245,0.4266214668750763,-0.09763815999031067,0.8417696356773376,0.410957932472229,-0.06832831352949142,0.769425094127655,0.4449586272239685,-0.08520282804965973,0.7240322828292847,0.4463977813720703,-0.08738268911838531,0.6921944618225098,0.4391997754573822,-0.08845974504947662,0.8425976634025574,0.4374781548976898,-0.06137896701693535,0.7863408923149109,0.4569419324398041,-0.07479695975780487,0.7511523962020874,0.45593345165252686,-0.08034569025039673,0.7247563600540161,0.4515385627746582,-0.08423889428377151,Left,0.9952012300491333
4417,62,0,0.45389536023139954,0.37007713317871094,-2.783179695597937e-07,0.49433448910713196,0.34802693128585815,-0.027932684868574142,0.549786388874054,0.3571586310863495,-0.041480377316474915,0.5929872989654541,0.377433717250824,-0.04602257162332535,0.6228892207145691,0.38074085116386414,-0.048864658921957016,0.5099550485610962,0.42110127210617065,-0.06319817900657654,0.5782082676887512,0.4306490123271942,-0.07777273654937744,0.6144891381263733,0.425104022026062,-0.08212309330701828,0.641995370388031,0.41770708560943604,-0.08406209945678711,0.5024238228797913,0.46152690052986145,-0.04986271634697914,0.574864387512207,0.4608677625656128,-0.06420783698558807,0.6094644665718079,0.44178497791290283,-0.0633028894662857,0.6303430795669556,0.42148250341415405,-0.06220904365181923,0.5022791624069214,0.48385053873062134,-0.035194434225559235,0.5675891637802124,0.4708036184310913,-0.045107100158929825,0.5915548801422119,0.44982272386550903,-0.040658000856637955,0.6025865077972412,0.42979538440704346,-0.037082456052303314,0.5067899227142334,0.4915646016597748,-0.022169984877109528,0.5539813041687012,0.469448983669281,-0.031311482191085815,0.5731801986694336,0.44711318612098694,-0.03127029165625572,0.5830499529838562,0.4298419654369354,-0.02988942340016365,Right,0.9922642111778259
4417,62,1,0.8603435754776001,0.3488771915435791,5.022872073823237e-07,0.8160145282745361,0.31761354207992554,-0.01724052056670189,0.7616599798202515,0.3290814757347107,-0.03170247748494148,0.7199704647064209,0.350486695766449,-0.03944196179509163,0.6844310760498047,0.3499987721443176,-0.04663262888789177,0.7940859198570251,0.3574681580066681,-0.06712649762630463,0.7359284162521362,0.4065837860107422,-0.08174708485603333,0.7036411166191101,0.4212069511413574,-0.07952532917261124,0.6845680475234985,0.42309632897377014,-0.07400905340909958,0.8127074241638184,0.40076762437820435,-0.06019572913646698,0.7416383028030396,0.44847944378852844,-0.07202300429344177,0.7081312537193298,0.4520469605922699,-0.06368186324834824,0.6959609389305115,0.4406474530696869,-0.055899593979120255,0.823714554309845,0.4345781207084656,-0.05085259675979614,0.7543904185295105,0.4760555028915405,-0.05706074461340904,0.7245135307312012,0.4715876579284668,-0.04925805330276489,0.7133587598800659,0.4568975567817688,-0.04296150431036949,0.8285961151123047,0.4597521424293518,-0.041931066662073135,0.7729513645172119,0.48982781171798706,-0.04713136702775955,0.746752142906189,0.48547717928886414,-0.04463419318199158,0.7342730164527893,0.4745181202888489,-0.04118494316935539,Left,0.9979336857795715
4490,63,0,0.4554451107978821,0.372093141078949,-2.720432235037151e-07,0.4948156476020813,0.34717369079589844,-0.028982074931263924,0.5493543744087219,0.354981392621994,-0.04290226474404335,0.5905025005340576,0.3791132867336273,-0.047462839633226395,0.6149817705154419,0.3878125250339508,-0.050326209515333176,0.5109841823577881,0.41784778237342834,-0.06699656695127487,0.5813888311386108,0.4289926290512085,-0.08258325606584549,0.6191730499267578,0.42281800508499146,-0.08710529655218124,0.6472363471984863,0.4146379828453064,-0.089008629322052,0.504791796207428,0.460104376077652,-0.05310400575399399,0.579090416431427,0.46042490005493164,-0.06727297604084015,0.6156194806098938,0.44111204147338867,-0.06573069840669632,0.6375210285186768,0.41994208097457886,-0.06454604864120483,0.5057194828987122,0.48391854763031006,-0.037888333201408386,0.571789026260376,0.471822589635849,-0.047678686678409576,0.5932873487472534,0.44947072863578796,-0.042979855090379715,0.6015331745147705,0.42817753553390503,-0.03938016667962074,0.5111336708068848,0.49230512976646423,-0.02442326955497265,0.5593863725662231,0.4710272252559662,-0.03394022956490517,0.5774875283241272,0.44902995228767395,-0.03425656259059906,0.5855560302734375,0.4320782423019409,-0.033184248954057693,Right,0.9929629564285278
4490,63,1,0.8416222333908081,0.3655635118484497,2.7559531190490816e-07,0.7965977787971497,0.32475215196609497,-0.009250542148947716,0.7430992126464844,0.3271400034427643,-0.018598273396492004,0.7045440673828125,0.35360437631607056,-0.0225235428661108,0.6736940145492554,0.36478132009506226,-0.02443726360797882,0.767166793346405,0.3589164614677429,-0.05609152838587761,0.7016083002090454,0.4068717360496521,-0.06761753559112549,0.678128182888031,0.40838152170181274,-0.06069552153348923,0.6780404448509216,0.3958294689655304,-0.050900690257549286,0.7820135354995728,0.40556392073631287,-0.051207441836595535,0.7058894038200378,0.4440237879753113,-0.0621599443256855,0.6870880126953125,0.430370956659317,-0.05263609066605568,0.6934359669685364,0.41237562894821167,-0.04340067878365517,0.7897080183029175,0.44084104895591736,-0.04319150745868683,0.7187878489494324,0.4744876027107239,-0.047552675008773804,0.7020038962364197,0.4554963707923889,-0.03707224503159523,0.7069356441497803,0.4356575608253479,-0.029388343915343285,0.7939010262489319,0.46581053733825684,-0.03478715568780899,0.7401840090751648,0.4844760298728943,-0.03932580724358559,0.7212708592414856,0.470162957906723,-0.03577622398734093,0.7175472974777222,0.45591944456100464,-0.031648676842451096,Left,0.9978950619697571
4561,64,0,0.45631352066993713,0.37224531173706055,-2.730255062033393e-07,0.4955308139324188,0.3481437861919403,-0.02677636779844761,0.5499192476272583,0.3554680347442627,-0.04032473638653755,0.5917606353759766,0.3791114389896393,-0.045042455196380615,0.6174152493476868,0.38829073309898376,-0.04808071255683899,0.512803316116333,0.414360910654068,-0.06595264375209808,0.5827783942222595,0.4277794361114502,-0.08199600130319595,0.6202749013900757,0.4228256344795227,-0.0863494798541069,0.6483619809150696,0.4149613380432129,-0.0879097655415535,0.5059108734130859,0.4577849805355072,-0.05363684892654419,0.5799961686134338,0.46067488193511963,-0.06787168979644775,0.6133590936660767,0.440654993057251,-0.06556740403175354,0.6317741870880127,0.4196033477783203,-0.0635809674859047,0.5059975385665894,0.48315438628196716,-0.039882317185401917,0.5725594162940979,0.4736758768558502,-0.0490238331258297,0.5933427810668945,0.4518139660358429,-0.043049491941928864,0.6003466844558716,0.4321296215057373,-0.038643479347229004,0.5108276605606079,0.49332839250564575,-0.027773577719926834,0.5589808225631714,0.47481870651245117,-0.036035701632499695,0.5755957365036011,0.45405393838882446,-0.035003870725631714,0.5814546942710876,0.43841394782066345,-0.03313206136226654,Right,0.9906858205795288
4561,64,1,0.832673192024231,0.36393776535987854,1.9124016148452938e-07,0.7895004153251648,0.3224729895591736,-0.010508723556995392,0.7391951680183411,0.3229150176048279,-0.02056305482983589,0.7021088600158691,0.3509640395641327,-0.02526259981095791,0.6738418340682983,0.3683595657348633,-0.028323186561465263,0.761609673500061,0.3578841984272003,-0.05979539081454277,0.6942015290260315,0.4097720682621002,-0.07270247489213943,0.6757190227508545,0.4021415114402771,-0.0680977925658226,0.680457592010498,0.38678473234176636,-0.06006955727934837,0.7771620154380798,0.4056902825832367,-0.05517726019024849,0.7007032036781311,0.4410737454891205,-0.06557835638523102,0.6920722723007202,0.42220383882522583,-0.05626509711146355,0.7055525183677673,0.4072868525981903,-0.04858910292387009,0.7861084342002869,0.4418407380580902,-0.047579143196344376,0.712942898273468,0.4693140387535095,-0.05044827237725258,0.7091456651687622,0.4479209780693054,-0.03749072551727295,0.7231960892677307,0.4334838390350342,-0.02937399223446846,0.7914935350418091,0.4682381749153137,-0.040034420788288116,0.7345156669616699,0.4812381863594055,-0.04120241105556488,0.7285939455032349,0.4635065793991089,-0.03392784669995308,0.7368071675300598,0.45269128680229187,-0.02866792492568493,Left,0.9940413236618042
4632,65,0,0.4595668613910675,0.3728139400482178,-2.3723170272660354e-07,0.4996618628501892,0.3488207757472992,-0.02410164661705494,0.552564799785614,0.3561473786830902,-0.03684697300195694,0.5921048521995544,0.38174253702163696,-0.04147189110517502,0.6155313849449158,0.3948709964752197,-0.04454894736409187,0.5155118107795715,0.4097691774368286,-0.0663919746875763,0.585850179195404,0.428486168384552,-0.08207940310239792,0.623373806476593,0.4266004264354706,-0.0847356840968132,0.6512318253517151,0.4212249517440796,-0.0847218781709671,0.5073765516281128,0.453137069940567,-0.05557914078235626,0.5841083526611328,0.4626948833465576,-0.06918120384216309,0.6191631555557251,0.4476926028728485,-0.06517591327428818,0.6386004090309143,0.4297376871109009,-0.06179465353488922,0.5061588287353516,0.47948262095451355,-0.04303847998380661,0.5755214691162109,0.47715669870376587,-0.051766540855169296,0.5998951196670532,0.45790064334869385,-0.0447506457567215,0.6091943979263306,0.43803369998931885,-0.0392615906894207,0.5102315545082092,0.491118848323822,-0.031885791569948196,0.5605666041374207,0.480913370847702,-0.03938954696059227,0.5809733271598816,0.4624056816101074,-0.037531401962041855,0.5891022682189941,0.4462246596813202,-0.03493867814540863,Right,0.9927726984024048
4632,65,1,0.8298484683036804,0.36794865131378174,2.1405826089448965e-07,0.7873149514198303,0.328707218170166,-0.01039572712033987,0.7395218014717102,0.32799556851387024,-0.021046973764896393,0.7055596709251404,0.3579612374305725,-0.026623917743563652,0.6774835586547852,0.3738171458244324,-0.030421944335103035,0.7615578174591064,0.36731061339378357,-0.055572427809238434,0.6966547966003418,0.4160471260547638,-0.0680869072675705,0.6790244579315186,0.40967267751693726,-0.06404012441635132,0.6835460066795349,0.3973831236362457,-0.056617360562086105,0.7778463959693909,0.41478240489959717,-0.05121902376413345,0.702691912651062,0.4486905336380005,-0.060562826693058014,0.6919066309928894,0.42985713481903076,-0.05281784385442734,0.7042341232299805,0.41532742977142334,-0.04649502411484718,0.7876006960868835,0.4502076804637909,-0.04404526576399803,0.7152805924415588,0.47658029198646545,-0.046464305371046066,0.7078346014022827,0.4551694393157959,-0.03558020666241646,0.7200836539268494,0.4407100975513458,-0.029125621542334557,0.7932371497154236,0.4756656885147095,-0.03683936223387718,0.7381241321563721,0.4868866205215454,-0.03851770982146263,0.7274183034896851,0.46843284368515015,-0.03282324597239494,0.7317023873329163,0.4581921100616455,-0.028610434383153915,Left,0.9971985220909119
4702,66,0,0.45829737186431885,0.372955322265625,-2.429590040264884e-07,0.4977007508277893,0.34729284048080444,-0.023204676806926727,0.5490553975105286,0.3536335825920105,-0.03562304005026817,0.5877201557159424,0.3793604075908661,-0.04019433632493019,0.6112542152404785,0.39597228169441223,-0.04311443492770195,0.5137583613395691,0.4082341492176056,-0.06414525955915451,0.5858747959136963,0.42645925283432007,-0.07877466827630997,0.6232972145080566,0.4273171126842499,-0.08069127053022385,0.6512913107872009,0.4263153672218323,-0.08040618896484375,0.5062294602394104,0.4511066973209381,-0.0536528117954731,0.5823646187782288,0.46096253395080566,-0.06704678386449814,0.6146865487098694,0.4459717273712158,-0.062402933835983276,0.6313562989234924,0.42815181612968445,-0.058283086866140366,0.505818247795105,0.4778231382369995,-0.0414610356092453,0.5750589966773987,0.477151095867157,-0.0501234345138073,0.5991864800453186,0.4581041634082794,-0.04251500591635704,0.6078684329986572,0.43881815671920776,-0.03636651858687401,0.510535717010498,0.4899044930934906,-0.030618464574217796,0.5607132911682129,0.48164576292037964,-0.03789892420172691,0.5809696316719055,0.46347546577453613,-0.035638436675071716,0.5884982943534851,0.44662338495254517,-0.032595280557870865,Right,0.9916863441467285
4702,66,1,0.8264455795288086,0.3689234256744385,1.3881022198347637e-07,0.7860661745071411,0.3275507688522339,-0.012052815407514572,0.7389029860496521,0.32582879066467285,-0.022702723741531372,0.7052221894264221,0.3538801372051239,-0.02805350348353386,0.6783679127693176,0.371825248003006,-0.03106674551963806,0.7602046132087708,0.3661839962005615,-0.055614594370126724,0.69346684217453,0.4111335575580597,-0.06933379918336868,0.6807246208190918,0.4061155319213867,-0.06517960131168365,0.6885828971862793,0.3936873972415924,-0.057536475360393524,0.7750353217124939,0.4122544229030609,-0.05053229629993439,0.7009689807891846,0.4469165802001953,-0.06164007633924484,0.6961305737495422,0.42893990874290466,-0.05307020619511604,0.7102937698364258,0.4149264991283417,-0.045547645539045334,0.783671498298645,0.44785213470458984,-0.043112900108098984,0.7134843468666077,0.4739077687263489,-0.046991027891635895,0.711388349533081,0.4539724588394165,-0.034482210874557495,0.7254432439804077,0.441301554441452,-0.026271039620041847,0.7885189056396484,0.4741564691066742,-0.0359133817255497,0.7337408661842346,0.48674431443214417,-0.037130244076251984,0.728787362575531,0.4704422354698181,-0.030075695365667343,0.7372440695762634,0.46111905574798584,-0.024895351380109787,Left,0.9978665709495544
4773,67,0,0.4578283727169037,0.3734312057495117,-2.29865136702756e-07,0.49778953194618225,0.34733667969703674,-0.022324146702885628,0.5487987995147705,0.3517216742038727,-0.034561991691589355,0.58689945936203,0.37658751010894775,-0.039314571768045425,0.6091930866241455,0.3949934244155884,-0.042447131127119064,0.5142385363578796,0.4057307243347168,-0.06368590891361237,0.587180495262146,0.42517954111099243,-0.0782245397567749,0.6246987581253052,0.4276062846183777,-0.07970769703388214,0.6533611416816711,0.4290091395378113,-0.07923637330532074,0.5062515139579773,0.4490940570831299,-0.053777065128088,0.5831400156021118,0.4596557915210724,-0.06702315807342529,0.6134698987007141,0.44470590353012085,-0.061430200934410095,0.6276687383651733,0.4271004796028137,-0.056597936898469925,0.5055451393127441,0.4763280153274536,-0.04223169386386871,0.5760156512260437,0.4776577353477478,-0.050895825028419495,0.6010425686836243,0.45894479751586914,-0.042504843324422836,0.6100016236305237,0.4390392601490021,-0.035704124718904495,0.5101191997528076,0.48932260274887085,-0.031975992023944855,0.5614421367645264,0.4836350679397583,-0.0391499362885952,0.5838711857795715,0.4670211374759674,-0.03666454553604126,0.5933864712715149,0.45066261291503906,-0.0334404818713665,Right,0.9929555058479309
4773,67,1,0.8240177631378174,0.3662441074848175,2.0839783587689453e-07,0.7864866256713867,0.3232894539833069,-0.01606135442852974,0.7407318949699402,0.3159002661705017,-0.027774609625339508,0.7074665427207947,0.3449072241783142,-0.03330520540475845,0.6804904937744141,0.3684670627117157,-0.036535512655973434,0.7603381276130676,0.3660563826560974,-0.05554661527276039,0.6962999701499939,0.40894195437431335,-0.06752683222293854,0.6810427308082581,0.4068996012210846,-0.06342417746782303,0.6835711598396301,0.39897873997688293,-0.0566042959690094,0.7733114361763,0.41228485107421875,-0.04838375002145767,0.700856626033783,0.44226789474487305,-0.05757378041744232,0.6917903423309326,0.42579832673072815,-0.04973943531513214,0.7014894485473633,0.41215044260025024,-0.04329324886202812,0.7808821797370911,0.44719332456588745,-0.03920622169971466,0.7117388248443604,0.46840399503707886,-0.04283791407942772,0.7061449885368347,0.44865813851356506,-0.03230741620063782,0.7165536880493164,0.4352113902568817,-0.02564331144094467,0.78487229347229,0.4728604257106781,-0.03055993840098381,0.7324119210243225,0.47867998480796814,-0.03323013707995415,0.7229216694831848,0.4619373381137848,-0.028589338064193726,0.7257925868034363,0.4525336027145386,-0.02499619498848915,Left,0.9969238042831421
4844,68,0,0.46218082308769226,0.37117475271224976,-1.899213657452492e-07,0.50267493724823,0.34780532121658325,-0.022569840773940086,0.5528212785720825,0.35383927822113037,-0.03524346649646759,0.5911862254142761,0.37751132249832153,-0.04048552364110947,0.6172643303871155,0.39211153984069824,-0.044117651879787445,0.5163305997848511,0.4053405821323395,-0.06379691511392593,0.5898764133453369,0.42646709084510803,-0.07846095412969589,0.6276780366897583,0.43160581588745117,-0.08007408678531647,0.6573031544685364,0.43604815006256104,-0.07979869842529297,0.5081846714019775,0.44828280806541443,-0.053980447351932526,0.5859441757202148,0.45979318022727966,-0.06751672923564911,0.6188483834266663,0.44785937666893005,-0.06250244379043579,0.6361083984375,0.4331842362880707,-0.058348119258880615,0.5073293447494507,0.47589632868766785,-0.042578618973493576,0.5791367888450623,0.4789290130138397,-0.05142270773649216,0.6069384813308716,0.46150287985801697,-0.04319990798830986,0.6185096502304077,0.442147821187973,-0.03654290363192558,0.5122082829475403,0.48976200819015503,-0.03252265602350235,0.565554141998291,0.48702383041381836,-0.039555784314870834,0.5911942720413208,0.47238439321517944,-0.037210725247859955,0.6039798259735107,0.4574679732322693,-0.034303661435842514,Right,0.9939753413200378
4844,68,1,0.8239797353744507,0.36856064200401306,2.1693510632303514e-07,0.7860827445983887,0.32356008887290955,-0.01749514415860176,0.7420319318771362,0.31698518991470337,-0.03027340956032276,0.709476113319397,0.34567633271217346,-0.0367773063480854,0.6831982135772705,0.3688812553882599,-0.040264792740345,0.7645093202590942,0.37062063813209534,-0.05678379163146019,0.6998953819274902,0.4098447561264038,-0.06979355961084366,0.6849464178085327,0.4050872027873993,-0.06540497392416,0.6902533769607544,0.39706799387931824,-0.05798077583312988,0.7755123972892761,0.41709959506988525,-0.049414582550525665,0.7008172273635864,0.43986934423446655,-0.059461113065481186,0.6919600963592529,0.4209025800228119,-0.051110826432704926,0.7033628821372986,0.4093499183654785,-0.04403908550739288,0.780867874622345,0.4514418840408325,-0.04028942435979843,0.7094384431838989,0.4659363627433777,-0.044314321130514145,0.7054266333580017,0.44381678104400635,-0.03275693580508232,0.7184329032897949,0.43208375573158264,-0.025389494374394417,0.7832975387573242,0.47607988119125366,-0.031975410878658295,0.7286828756332397,0.47611865401268005,-0.034749433398246765,0.7228100895881653,0.45756232738494873,-0.029323212802410126,0.7306099534034729,0.4496774673461914,-0.02513754554092884,Left,0.996794581413269
4913,69,0,0.4630167484283447,0.37149497866630554,-1.901894535194515e-07,0.5050288438796997,0.34637609124183655,-0.022370463237166405,0.5559327602386475,0.3539014458656311,-0.034356992691755295,0.5899827480316162,0.38180017471313477,-0.03842515870928764,0.6056423187255859,0.4048982560634613,-0.04118838161230087,0.51710045337677,0.40230318903923035,-0.06794864684343338,0.5834214687347412,0.4275653660297394,-0.08600810915231705,0.6228168606758118,0.43941304087638855,-0.09180118888616562,0.6562805771827698,0.4477991461753845,-0.0947188213467598,0.5091482400894165,0.44683709740638733,-0.05860250070691109,0.5864216685295105,0.4601882994174957,-0.07175149768590927,0.6253269910812378,0.4520105719566345,-0.0673254057765007,0.6494346261024475,0.4406813681125641,-0.06433863937854767,0.5089696645736694,0.4768836498260498,-0.04749675095081329,0.5827758312225342,0.478762686252594,-0.05667807534337044,0.6095348000526428,0.4614294469356537,-0.047671373933553696,0.6199752688407898,0.4434362053871155,-0.040595892816782,0.5148940682411194,0.4913814067840576,-0.03779684007167816,0.5709071159362793,0.48702505230903625,-0.04618806019425392,0.593275785446167,0.46956148743629456,-0.04274885356426239,0.6012917160987854,0.4536300003528595,-0.03863035887479782,Right,0.9843612909317017
4913,69,1,0.8233607411384583,0.37212634086608887,2.898983666455024e-07,0.7867298126220703,0.3234453499317169,-0.02670714072883129,0.7458375096321106,0.31573164463043213,-0.04347393661737442,0.7133626937866211,0.34717124700546265,-0.05231461301445961,0.6877134442329407,0.37601345777511597,-0.05669587478041649,0.7674973607063293,0.38395956158638,-0.06273946166038513,0.7022879123687744,0.4192515015602112,-0.07486719638109207,0.6831466555595398,0.4078046977519989,-0.06793671101331711,0.6881701350212097,0.3921697735786438,-0.05870346352458,0.7756268382072449,0.43075427412986755,-0.050981417298316956,0.7015659213066101,0.4429492652416229,-0.06039156764745712,0.692175567150116,0.4173318147659302,-0.050749845802783966,0.7034653425216675,0.40264472365379333,-0.04253421723842621,0.7773691415786743,0.4615163803100586,-0.038186412304639816,0.7087663412094116,0.4637450575828552,-0.04243481159210205,0.7042557001113892,0.4367035925388336,-0.031233198940753937,0.7178018689155579,0.42273756861686707,-0.02423732541501522,0.7769237160682678,0.4812718629837036,-0.027132704854011536,0.7255270481109619,0.47108739614486694,-0.03246716782450676,0.7200782895088196,0.4497881531715393,-0.029305579140782356,0.728823721408844,0.4403133988380432,-0.026159144937992096,Left,0.9923863410949707
4984,70,0,0.46393299102783203,0.36716151237487793,-2.0176356940737605e-07,0.5029256939888,0.34243348240852356,-0.021463511511683464,0.5514432191848755,0.3488566279411316,-0.03370232880115509,0.5862045884132385,0.3752385377883911,-0.038878098130226135,0.6061716675758362,0.3989984095096588,-0.04283579811453819,0.5138224959373474,0.3883309066295624,-0.06638559699058533,0.5783525109291077,0.4131511151790619,-0.08453255891799927,0.6161822080612183,0.4249773919582367,-0.0890340730547905,0.6479099988937378,0.4349561333656311,-0.09063860028982162,0.5065615177154541,0.43118003010749817,-0.058758825063705444,0.5816248655319214,0.4476333558559418,-0.07398798316717148,0.6230759024620056,0.4436821937561035,-0.07180862128734589,0.6505431532859802,0.43394580483436584,-0.0698217898607254,0.507053017616272,0.4624168872833252,-0.04936165735125542,0.5779083371162415,0.4728178083896637,-0.06210855767130852,0.6103995442390442,0.4600173234939575,-0.05690685287117958,0.6286275386810303,0.4424501359462738,-0.05146828293800354,0.5136441588401794,0.479815274477005,-0.04083704575896263,0.5689768195152283,0.4822719395160675,-0.05096945911645889,0.5965254306793213,0.4700428247451782,-0.04928572475910187,0.6117621064186096,0.4552612602710724,-0.04615466669201851,Right,0.9873831272125244
4984,70,1,0.8221109509468079,0.37138307094573975,1.7168156674074453e-08,0.7925989627838135,0.32069212198257446,-0.038763344287872314,0.7548768520355225,0.32235848903656006,-0.05673098936676979,0.7215914130210876,0.3581722676753998,-0.06397464871406555,0.6961331367492676,0.3902701735496521,-0.06551480293273926,0.7586581110954285,0.42501604557037354,-0.0659022256731987,0.6938173770904541,0.408577561378479,-0.0806841105222702,0.700117290019989,0.36851760745048523,-0.07855093479156494,0.7194398045539856,0.352190762758255,-0.07365915179252625,0.755604088306427,0.4601423442363739,-0.04785795509815216,0.6896604299545288,0.4249143898487091,-0.06053614988923073,0.7012090682983398,0.3824321925640106,-0.05496133491396904,0.7243003845214844,0.3679800033569336,-0.04890676215291023,0.7503938674926758,0.47427091002464294,-0.030165154486894608,0.6942732930183411,0.4296610653400421,-0.04002252221107483,0.7069610357284546,0.3916568458080292,-0.0321856290102005,0.7293346524238586,0.37782588601112366,-0.025395946577191353,0.7471900582313538,0.47667232155799866,-0.014986768364906311,0.7046041488647461,0.43708908557891846,-0.023475946858525276,0.7142665982246399,0.4087204337120056,-0.02216312661767006,0.7318283319473267,0.39892810583114624,-0.019289454445242882,Left,0.9964736700057983
5056,71,0,0.464243620634079,0.37209951877593994,-1.618719807083835e-07,0.49883222579956055,0.3422517776489258,-0.022413337603211403,0.5445610880851746,0.34318676590919495,-0.035681597888469696,0.5783486366271973,0.364252507686615,-0.041679613292217255,0.6011841893196106,0.38369059562683105,-0.046417780220508575,0.509697437286377,0.3810564875602722,-0.06933742016553879,0.5754899978637695,0.40681546926498413,-0.0876876637339592,0.6148679256439209,0.41643399000167847,-0.09182232618331909,0.6476333737373352,0.424858033657074,-0.0934632271528244,0.504547655582428,0.42626863718032837,-0.06205924600362778,0.5814138650894165,0.4456883668899536,-0.0783439576625824,0.6214439868927002,0.4372606575489044,-0.07641099393367767,0.6468830108642578,0.4244941174983978,-0.07456759363412857,0.5064300298690796,0.4584496021270752,-0.052904680371284485,0.5804543495178223,0.4750244617462158,-0.06613558530807495,0.6128604412078857,0.45852530002593994,-0.061023514717817307,0.6305991411209106,0.43797773122787476,-0.05602100118994713,0.5141863226890564,0.4756145775318146,-0.04462069645524025,0.5699790120124817,0.4800708591938019,-0.05552241578698158,0.5986470580101013,0.4652017652988434,-0.05440022796392441,0.6149471998214722,0.4488482177257538,-0.05197947472333908,Right,0.9924014210700989
5056,71,1,0.826541543006897,0.366379052400589,-4.658602748008889e-08,0.8039158582687378,0.32437223196029663,-0.04127279296517372,0.7661957144737244,0.32837915420532227,-0.06121211126446724,0.7314087152481079,0.36300262808799744,-0.07015305012464523,0.7025379538536072,0.3912975788116455,-0.07363348454236984,0.7570464611053467,0.43711453676223755,-0.06766126304864883,0.6950444579124451,0.4052450358867645,-0.08415476977825165,0.7062960863113403,0.36476317048072815,-0.08320317417383194,0.7287355661392212,0.3493567407131195,-0.07941346615552902,0.7521834969520569,0.46364298462867737,-0.04971204698085785,0.6906490325927734,0.4154833257198334,-0.06691022217273712,0.7097426652908325,0.37184345722198486,-0.0633244663476944,0.7354490756988525,0.3586747944355011,-0.057594604790210724,0.7464743852615356,0.4709905982017517,-0.032274048775434494,0.6929667592048645,0.42008253931999207,-0.047391604632139206,0.7114694118499756,0.38154566287994385,-0.03981335461139679,0.7351703643798828,0.3685154616832733,-0.03167617321014404,0.7442240715026855,0.4690483510494232,-0.017221126705408096,0.7029472589492798,0.42728328704833984,-0.02910212241113186,0.7164064049720764,0.397821307182312,-0.027239657938480377,0.7345638275146484,0.38869887590408325,-0.02281426452100277,Left,0.9909141659736633
5126,72,0,0.4633099436759949,0.36923089623451233,-1.5208522086140874e-07,0.5012001395225525,0.338900625705719,-0.024123674258589745,0.5528383851051331,0.34229856729507446,-0.03678150847554207,0.5892453193664551,0.36632129549980164,-0.041507288813591,0.6090443134307861,0.38925784826278687,-0.04483245313167572,0.5092845559120178,0.3824542164802551,-0.07101136445999146,0.576420247554779,0.408491313457489,-0.08869112282991409,0.6156702041625977,0.4187041223049164,-0.09246931225061417,0.6484206318855286,0.4274287223815918,-0.09405917674303055,0.5040542483329773,0.4271029531955719,-0.06172821670770645,0.5811144113540649,0.4440942108631134,-0.0763997957110405,0.6175794005393982,0.43343207240104675,-0.07171227782964706,0.6377250552177429,0.42098361253738403,-0.06806226819753647,0.5057603716850281,0.45801278948783875,-0.050800956785678864,0.5784529447555542,0.4714541733264923,-0.06235009431838989,0.6082330346107483,0.4536106586456299,-0.05454270541667938,0.6202453970909119,0.4329491853713989,-0.04759065434336662,0.5129839181900024,0.4741571843624115,-0.04110410436987877,0.5669611096382141,0.47836145758628845,-0.05122990161180496,0.5941827297210693,0.46294528245925903,-0.04951990768313408,0.6068825721740723,0.4458824396133423,-0.04661722108721733,Right,0.9899031519889832
5126,72,1,0.8274289965629578,0.3554218113422394,3.183243677540304e-07,0.799881637096405,0.3123248815536499,-0.030647527426481247,0.7662187218666077,0.30929461121559143,-0.04695387929677963,0.7395543456077576,0.3346179723739624,-0.05472292751073837,0.7147995829582214,0.34887170791625977,-0.05897214636206627,0.7668271660804749,0.40301889181137085,-0.05508386716246605,0.7064288258552551,0.4274771809577942,-0.06473007798194885,0.6873142123222351,0.41299349069595337,-0.06192374229431152,0.6859719157218933,0.397168904542923,-0.05719556286931038,0.7718288898468018,0.44219186902046204,-0.040005531162023544,0.7071102261543274,0.44253775477409363,-0.04694927856326103,0.6945607662200928,0.41456273198127747,-0.04215634614229202,0.6991075873374939,0.3948352336883545,-0.03804827854037285,0.7728973627090454,0.4619128108024597,-0.024647779762744904,0.7160080671310425,0.45272308588027954,-0.028476277366280556,0.7083698511123657,0.42428019642829895,-0.024008721113204956,0.714876115322113,0.40451788902282715,-0.021421782672405243,0.7733193635940552,0.47019311785697937,-0.011233034543693066,0.7320452928543091,0.4589173495769501,-0.015939144417643547,0.7245238423347473,0.43603160977363586,-0.01573987677693367,0.7284117341041565,0.41975137591362,-0.014470141381025314,Left,0.9973729848861694
5196,73,0,0.4618919789791107,0.36726704239845276,-1.668059610437922e-07,0.5006340146064758,0.3383985161781311,-0.025543013587594032,0.5493460893630981,0.34494689106941223,-0.03966919332742691,0.5833198428153992,0.3686133325099945,-0.045433055609464645,0.6000597476959229,0.39134320616722107,-0.04991373047232628,0.5014206767082214,0.3894660174846649,-0.07557817548513412,0.5673739910125732,0.4155619442462921,-0.09484196454286575,0.6066992282867432,0.42483144998550415,-0.10009188950061798,0.6410330533981323,0.4317643940448761,-0.10268337279558182,0.4956590533256531,0.4335106909275055,-0.06562524288892746,0.5723617076873779,0.44976919889450073,-0.08075488358736038,0.6131772398948669,0.43993204832077026,-0.07666995376348495,0.6398889422416687,0.4261595606803894,-0.0739363506436348,0.4978581666946411,0.4627872109413147,-0.05382857471704483,0.5707629323005676,0.4751717448234558,-0.06532682478427887,0.602131724357605,0.4583784341812134,-0.05701529234647751,0.6173819303512573,0.4369703233242035,-0.050062395632267,0.5060343742370605,0.4762874245643616,-0.04340795800089836,0.5606858134269714,0.48043715953826904,-0.05377032980322838,0.5883981585502625,0.4665624797344208,-0.0514862947165966,0.602385938167572,0.4504076838493347,-0.048164114356040955,Right,0.9876022338867188
5196,73,1,0.8403310775756836,0.3522375822067261,5.516050123333116e-07,0.8000316619873047,0.3238977789878845,-0.02609381452202797,0.7602072358131409,0.3166223168373108,-0.05189110338687897,0.7262538075447083,0.3104219436645508,-0.07064343243837357,0.6985502243041992,0.30025267601013184,-0.08942636847496033,0.792592465877533,0.3539668917655945,-0.0870547890663147,0.751913845539093,0.41899970173835754,-0.11342897266149521,0.7199990153312683,0.43710049986839294,-0.11978461593389511,0.6993095874786377,0.4398651719093323,-0.1190815195441246,0.8149091005325317,0.39461013674736023,-0.08006429672241211,0.7586467266082764,0.46328645944595337,-0.10244406014680862,0.7229459881782532,0.47102290391921997,-0.09969303756952286,0.7064496874809265,0.45789140462875366,-0.09488720446825027,0.829524040222168,0.4259595274925232,-0.07104361057281494,0.7756315469741821,0.48363161087036133,-0.08482308685779572,0.7435668706893921,0.480716347694397,-0.07993339747190475,0.7293725609779358,0.4621388614177704,-0.07456768304109573,0.8378029465675354,0.4476429224014282,-0.0631679967045784,0.7954095005989075,0.4878026843070984,-0.07276010513305664,0.7673394083976746,0.48546260595321655,-0.07120954990386963,0.7518294453620911,0.4714277982711792,-0.06810463964939117,Left,0.9970329403877258
5267,74,0,0.46278098225593567,0.36216333508491516,-2.1437654140754603e-07,0.502072811126709,0.34066420793533325,-0.024423347786068916,0.5503566265106201,0.3470878005027771,-0.0387694388628006,0.5840793251991272,0.36872535943984985,-0.04485277831554413,0.5998808741569519,0.3923787474632263,-0.04944167286157608,0.5035762190818787,0.3876926898956299,-0.07359564304351807,0.5666555762290955,0.41768911480903625,-0.093403659760952,0.6054826378822327,0.4298199415206909,-0.09911727160215378,0.6386786699295044,0.4397777020931244,-0.10162607580423355,0.49556592106819153,0.42857009172439575,-0.06353481858968735,0.5702643394470215,0.44825854897499084,-0.07996144890785217,0.6109844446182251,0.44303563237190247,-0.07795379310846329,0.637860894203186,0.4318990707397461,-0.07663928717374802,0.49653303623199463,0.45872077345848083,-0.051511816680431366,0.5685369968414307,0.475059449672699,-0.0650762990117073,0.6006215810775757,0.46029186248779297,-0.06028461083769798,0.6180747747421265,0.4397226870059967,-0.05554833263158798,0.5040442943572998,0.4760620594024658,-0.0404311865568161,0.5579333901405334,0.47923582792282104,-0.051406048238277435,0.5848592519760132,0.46682655811309814,-0.05102924630045891,0.5995094180107117,0.4517592787742615,-0.049212634563446045,Right,0.9874882698059082
5267,74,1,0.8493383526802063,0.3454628586769104,3.629785112480022e-07,0.8014628291130066,0.33703237771987915,-0.009217324666678905,0.7500696182250977,0.34413573145866394,-0.02502155303955078,0.7094829082489014,0.3465554714202881,-0.037141378968954086,0.6773349046707153,0.33025044202804565,-0.05057121068239212,0.7809893488883972,0.3234748840332031,-0.06384642422199249,0.7360832095146179,0.373998761177063,-0.0822562649846077,0.7121027112007141,0.40824034810066223,-0.08621543645858765,0.6981411576271057,0.43340298533439636,-0.08608749508857727,0.8086719512939453,0.35540199279785156,-0.06535603106021881,0.7495559453964233,0.42563775181770325,-0.082427978515625,0.7224616408348083,0.45044198632240295,-0.07826435565948486,0.7133164405822754,0.4571424126625061,-0.07401688396930695,0.8310980796813965,0.39147666096687317,-0.06369448453187943,0.7721296548843384,0.46319061517715454,-0.07429476827383041,0.7482951879501343,0.471600741147995,-0.06468362361192703,0.7430166602134705,0.4624106287956238,-0.05665530636906624,0.8477433323860168,0.4249569773674011,-0.06200384721159935,0.7952555418014526,0.476870059967041,-0.0663786455988884,0.7724286913871765,0.478259801864624,-0.05783562734723091,0.7652128338813782,0.4677719473838806,-0.05104376748204231,Left,0.9983587265014648
5337,75,0,0.4676976203918457,0.36245468258857727,-1.838616157101569e-07,0.5071090459823608,0.33859238028526306,-0.02799966000020504,0.5596726536750793,0.34591251611709595,-0.04314117506146431,0.5972789525985718,0.3676888346672058,-0.048972662538290024,0.6258594393730164,0.38039669394493103,-0.05315571650862694,0.5149544477462769,0.3841091990470886,-0.07621335238218307,0.5762523412704468,0.4117546081542969,-0.09645023941993713,0.6146114468574524,0.4246397018432617,-0.10330737382173538,0.6485300064086914,0.43556562066078186,-0.10711357742547989,0.5064685344696045,0.4274439811706543,-0.06484994292259216,0.5793116688728333,0.44260546565055847,-0.08113342523574829,0.6180092096328735,0.43455949425697327,-0.0783809944987297,0.6430944204330444,0.42398765683174133,-0.07688281685113907,0.5075592398643494,0.4572407901287079,-0.05207129567861557,0.5789399147033691,0.4704132080078125,-0.06537308543920517,0.6096495985984802,0.4542623460292816,-0.05925055220723152,0.6251263618469238,0.434471070766449,-0.054069142788648605,0.5150074362754822,0.47376158833503723,-0.040723852813243866,0.569525957107544,0.47550326585769653,-0.05250580236315727,0.5954564809799194,0.4608685374259949,-0.052012644708156586,0.6085667610168457,0.44444629549980164,-0.05026945099234581,Right,0.9843892455101013
5337,75,1,0.8515365123748779,0.35014092922210693,1.0752037837846729e-07,0.8060104846954346,0.33100736141204834,-0.01135651022195816,0.7570657134056091,0.33585500717163086,-0.027166787534952164,0.720031201839447,0.3513283431529999,-0.03866657614707947,0.6875998377799988,0.3551318943500519,-0.05081496760249138,0.7706955075263977,0.3125566244125366,-0.0689316838979721,0.7223414778709412,0.36196446418762207,-0.09592873603105545,0.7031997442245483,0.401096910238266,-0.10370118916034698,0.703405499458313,0.42238691449165344,-0.10280521959066391,0.7970712780952454,0.34197932481765747,-0.0704880803823471,0.7413557171821594,0.4087735414505005,-0.09550676494836807,0.7170380353927612,0.43791663646698,-0.09171614795923233,0.717225193977356,0.4417683184146881,-0.0849212259054184,0.8190033435821533,0.3782857358455658,-0.07047093659639359,0.7624362707138062,0.4467313885688782,-0.09153588861227036,0.7406303882598877,0.4615471363067627,-0.08087509870529175,0.7423491477966309,0.45174500346183777,-0.06767034530639648,0.8375411033630371,0.4171558618545532,-0.07004216313362122,0.7859200835227966,0.4667348563671112,-0.08672019839286804,0.7686442732810974,0.46916574239730835,-0.08061336725950241,0.7724675536155701,0.45354095101356506,-0.07057325541973114,Left,0.998781681060791
5410,76,0,0.4705810844898224,0.36521247029304504,-9.797973632430512e-08,0.5090797543525696,0.3395017981529236,-0.03010721690952778,0.5621393918991089,0.35002121329307556,-0.044817522168159485,0.6048634052276611,0.37195679545402527,-0.05010951682925224,0.6374454498291016,0.3762008249759674,-0.05375507101416588,0.5198551416397095,0.4030838906764984,-0.07049904018640518,0.5821670889854431,0.4319877624511719,-0.0865524485707283,0.6183948516845703,0.44480767846107483,-0.09072849899530411,0.6495335698127747,0.4545828104019165,-0.09315259009599686,0.5130560398101807,0.4465295076370239,-0.05746344104409218,0.5860862731933594,0.46176308393478394,-0.07134570181369781,0.6237872838973999,0.4520533084869385,-0.06771071255207062,0.6478064060211182,0.440050333738327,-0.06527692079544067,0.5131204128265381,0.47173768281936646,-0.04323652386665344,0.5808839201927185,0.47573378682136536,-0.05339046195149422,0.6087983846664429,0.4580860435962677,-0.045659229159355164,0.6211201548576355,0.4382464289665222,-0.03949059918522835,0.5192240476608276,0.48172977566719055,-0.030951689928770065,0.5694928765296936,0.47905874252319336,-0.03958038613200188,0.592529296875,0.46351364254951477,-0.03753277659416199,0.6024840474128723,0.44805532693862915,-0.03478633984923363,Right,0.9880777597427368
5410,76,1,0.8458361029624939,0.3503631353378296,4.662578945158202e-08,0.8035251498222351,0.33026137948036194,-0.014748403802514076,0.7557908296585083,0.3330996036529541,-0.034359853714704514,0.7198115587234497,0.34691759943962097,-0.0490039624273777,0.6868953704833984,0.3474053740501404,-0.06426136195659637,0.7707459330558777,0.3055814504623413,-0.07930795848369598,0.7188745141029358,0.35384753346443176,-0.10674194991588593,0.7015318870544434,0.39433011412620544,-0.11177118122577667,0.7044214010238647,0.4153191149234772,-0.1092604324221611,0.7965943217277527,0.33475011587142944,-0.0805133804678917,0.7386724948883057,0.40164220333099365,-0.10537967085838318,0.7171269059181213,0.4313509166240692,-0.09773872792720795,0.7225391864776611,0.43701592087745667,-0.08888904750347137,0.8173344731330872,0.37237703800201416,-0.08021314442157745,0.7607713937759399,0.4372018873691559,-0.10211843252182007,0.7396247982978821,0.4538384974002838,-0.08904122561216354,0.743661642074585,0.4476931393146515,-0.07493923604488373,0.8332463502883911,0.4131455719470978,-0.07966479659080505,0.7834016680717468,0.4596952199935913,-0.09878827631473541,0.7650933861732483,0.46270501613616943,-0.09338490664958954,0.7672299742698669,0.4492693543434143,-0.08402781188488007,Left,0.9978664517402649
5480,77,0,0.4756164848804474,0.3597260117530823,-2.169194956991305e-08,0.5173780918121338,0.34076666831970215,-0.031141284853219986,0.5710799694061279,0.3575097322463989,-0.04684815555810928,0.6144290566444397,0.38088616728782654,-0.052887458354234695,0.6478415727615356,0.3837012052536011,-0.05749207362532616,0.5308037400245667,0.4072415232658386,-0.07103673368692398,0.591881513595581,0.4404158890247345,-0.08614915609359741,0.6258037090301514,0.45860692858695984,-0.09021510183811188,0.6551104187965393,0.47448867559432983,-0.09260164201259613,0.5199669599533081,0.44852709770202637,-0.05675313621759415,0.5897328853607178,0.4676882028579712,-0.0700523629784584,0.6287062168121338,0.47395750880241394,-0.06759345531463623,0.6576417684555054,0.47699761390686035,-0.06618159264326096,0.5175901055335999,0.4735075831413269,-0.041098300367593765,0.5842329859733582,0.47931113839149475,-0.04973699524998665,0.6147325038909912,0.47152963280677795,-0.04325822368264198,0.6320265531539917,0.45863139629364014,-0.038474950939416885,0.5222233533859253,0.4846630096435547,-0.027596624568104744,0.5710065364837646,0.47984641790390015,-0.03551355376839638,0.5946323275566101,0.46884071826934814,-0.03456464782357216,0.6079714298248291,0.45775485038757324,-0.0328017957508564,Right,0.9872745871543884
5480,77,1,0.8477528691291809,0.34644126892089844,-4.694776833957803e-08,0.8041046261787415,0.33122843503952026,-0.013909068889915943,0.758539080619812,0.33211368322372437,-0.036300115287303925,0.7213877439498901,0.3432715833187103,-0.05398518592119217,0.6870363354682922,0.34440380334854126,-0.07255105674266815,0.7692066431045532,0.298480361700058,-0.08789198100566864,0.7206016778945923,0.33401110768318176,-0.11710771918296814,0.7051096558570862,0.3806675374507904,-0.11964070796966553,0.7063685059547424,0.4104239344596863,-0.11569072306156158,0.7941564917564392,0.32143551111221313,-0.0914507582783699,0.7417811155319214,0.3784286379814148,-0.11599713563919067,0.7239254713058472,0.42107418179512024,-0.10362078249454498,0.7266177535057068,0.43719637393951416,-0.09250491112470627,0.8154049515724182,0.35746854543685913,-0.09338313341140747,0.7661454677581787,0.4176138639450073,-0.11587696522474289,0.7479426264762878,0.4460064172744751,-0.09951703995466232,0.7485527396202087,0.4499237835407257,-0.08478435128927231,0.8316804766654968,0.3985392153263092,-0.0948791578412056,0.7900047898292542,0.4452950954437256,-0.11386214196681976,0.7758932709693909,0.4564858376979828,-0.10670264810323715,0.7768911123275757,0.45039990544319153,-0.0973500981926918,Left,0.9970290064811707
5550,78,0,0.47780853509902954,0.3598364293575287,-2.2415017042476393e-07,0.5208884477615356,0.33896857500076294,-0.017212826758623123,0.5693125128746033,0.3528224527835846,-0.026116542518138885,0.6015816926956177,0.3839591443538666,-0.02903754822909832,0.6147992014884949,0.4059583246707916,-0.030886705964803696,0.5348951816558838,0.40022754669189453,-0.053007908165454865,0.5971042513847351,0.4330582022666931,-0.0676095187664032,0.634230375289917,0.44643688201904297,-0.0721202939748764,0.6648525595664978,0.4546443521976471,-0.07420492172241211,0.5245709419250488,0.4401228725910187,-0.04622786119580269,0.5975191593170166,0.46067842841148376,-0.05820848420262337,0.6374884247779846,0.4599553644657135,-0.05677686631679535,0.6656956076622009,0.45525139570236206,-0.055798035115003586,0.5214107036590576,0.46785968542099,-0.03784215450286865,0.5914807915687561,0.48212140798568726,-0.04663379117846489,0.6233586072921753,0.47282782196998596,-0.04211937636137009,0.6432182788848877,0.45936301350593567,-0.038385942578315735,0.5244891047477722,0.48177826404571533,-0.030378878116607666,0.5776103734970093,0.48686572909355164,-0.03814389929175377,0.6046935319900513,0.4762668311595917,-0.03696839511394501,0.6210314631462097,0.4650263488292694,-0.03479526564478874,Right,0.9878367185592651
5550,78,1,0.8517069220542908,0.3422156572341919,-7.163522042219483e-08,0.806251049041748,0.3225151300430298,-0.014705540612339973,0.7607700228691101,0.322100967168808,-0.04066242650151253,0.7241321206092834,0.3333006203174591,-0.061173923313617706,0.6898568272590637,0.33131563663482666,-0.0817115530371666,0.7724907994270325,0.2816186547279358,-0.10008351504802704,0.7199077010154724,0.3199232220649719,-0.12844671308994293,0.70476895570755,0.36674192547798157,-0.12539833784103394,0.7096943855285645,0.3945249319076538,-0.1176576092839241,0.7982657551765442,0.30655044317245483,-0.10443805158138275,0.7406489849090576,0.36218389868736267,-0.13016274571418762,0.7219648361206055,0.40412637591362,-0.11298072338104248,0.7268394231796265,0.4195762872695923,-0.09847189486026764,0.8179969787597656,0.34447383880615234,-0.10651420056819916,0.7626527547836304,0.40335413813591003,-0.13024497032165527,0.7440233826637268,0.4315544068813324,-0.10990916937589645,0.7478345632553101,0.43609219789505005,-0.09276480227708817,0.8320145606994629,0.3865990936756134,-0.10806548595428467,0.7844385504722595,0.434832900762558,-0.12966236472129822,0.7701273560523987,0.4456579089164734,-0.12204521894454956,0.7744853496551514,0.4393971562385559,-0.11214128881692886,Left,0.9964900612831116
5622,79,0,0.4807240962982178,0.3639530539512634,-2.0084485186089296e-07,0.5219935178756714,0.34010177850723267,-0.01569700613617897,0.5671773552894592,0.3471389412879944,-0.024973763152956963,0.5995557904243469,0.371573805809021,-0.029384158551692963,0.6193042397499084,0.39063596725463867,-0.03294220194220543,0.5372169017791748,0.3873554468154907,-0.05042843520641327,0.6069863438606262,0.41033226251602173,-0.06481579691171646,0.6447678804397583,0.41655397415161133,-0.06738247722387314,0.6736910343170166,0.42181968688964844,-0.06742985546588898,0.5285021066665649,0.42836999893188477,-0.045624956488609314,0.6069441437721252,0.44928041100502014,-0.058690447360277176,0.6488538980484009,0.44812363386154175,-0.0579458624124527,0.676475465297699,0.4424062669277191,-0.05703594535589218,0.526526689529419,0.4581862986087799,-0.03937394917011261,0.5981438755989075,0.4748443365097046,-0.049724891781806946,0.6352383494377136,0.4659110903739929,-0.04763347655534744,0.6590715646743774,0.4534688889980316,-0.04514952376484871,0.530261218547821,0.475798100233078,-0.03369537368416786,0.584697961807251,0.4845159947872162,-0.04140251874923706,0.6151559352874756,0.4741562306880951,-0.04089891165494919,0.6352826952934265,0.4624294936656952,-0.03954293951392174,Right,0.9939824938774109
5622,79,1,0.8430757522583008,0.348842591047287,-5.674770875430113e-08,0.8008716106414795,0.31982147693634033,-0.012894981540739536,0.7592151165008545,0.3127208650112152,-0.03159371390938759,0.7259916067123413,0.3225697875022888,-0.046838995069265366,0.6996780633926392,0.31271880865097046,-0.06347846984863281,0.7841360569000244,0.280523419380188,-0.06551618129014969,0.7277083396911621,0.32372361421585083,-0.08921132236719131,0.7064000368118286,0.35903334617614746,-0.09666252881288528,0.7033135294914246,0.3768583834171295,-0.09857470542192459,0.8082987070083618,0.31559109687805176,-0.06911620497703552,0.7434859871864319,0.37092792987823486,-0.08895482867956161,0.7167311906814575,0.39295873045921326,-0.08534885197877884,0.7150728106498718,0.40047815442085266,-0.08248841762542725,0.8250579833984375,0.3574480414390564,-0.07158401608467102,0.759859561920166,0.4117175042629242,-0.08942249417304993,0.7344031929969788,0.4223395884037018,-0.07922868430614471,0.7333185076713562,0.4182417094707489,-0.07019682228565216,0.8336310386657715,0.40050509572029114,-0.07411427050828934,0.7786436676979065,0.4401271939277649,-0.09145531058311462,0.7581200003623962,0.440976083278656,-0.08754294365644455,0.7570077776908875,0.4298456311225891,-0.08146645128726959,Left,0.9959767460823059
5693,80,0,0.47655820846557617,0.36850014328956604,-6.446828137995908e-08,0.5177515745162964,0.339765340089798,-0.022720053791999817,0.5674514770507812,0.34506896138191223,-0.03757365420460701,0.6060133576393127,0.3685661554336548,-0.044942475855350494,0.6353963613510132,0.3838992416858673,-0.05120224878191948,0.5335332155227661,0.36747264862060547,-0.07329026609659195,0.6090733408927917,0.39902788400650024,-0.09195202589035034,0.6477886438369751,0.40945345163345337,-0.09430966526269913,0.6773072481155396,0.41781118512153625,-0.0934106707572937,0.5223994255065918,0.4123827815055847,-0.06547673046588898,0.6033257246017456,0.44037336111068726,-0.08234616369009018,0.6455956697463989,0.44189566373825073,-0.07990902662277222,0.6729950308799744,0.4384077191352844,-0.07739336788654327,0.519646406173706,0.44674280285835266,-0.0555964857339859,0.595454752445221,0.4704858362674713,-0.06846117973327637,0.6327857971191406,0.46280789375305176,-0.06430920213460922,0.6549216508865356,0.4503425657749176,-0.06005961820483208,0.5239976644515991,0.4678610563278198,-0.04644724726676941,0.5807045698165894,0.47582992911338806,-0.05616489797830582,0.6107058525085449,0.46570101380348206,-0.05537448823451996,0.6286577582359314,0.45444756746292114,-0.053445685654878616,Right,0.9932267069816589
5693,80,1,0.8167945742607117,0.3701935112476349,6.50047837780221e-08,0.7907112240791321,0.3204231858253479,-0.012684836983680725,0.7556276321411133,0.3095887005329132,-0.028669817373156548,0.7265878915786743,0.32709547877311707,-0.040781959891319275,0.7138194441795349,0.3556985557079315,-0.05466904863715172,0.8023300170898438,0.3234921991825104,-0.06253552436828613,0.7388752698898315,0.3696787655353546,-0.0842958614230156,0.7189398407936096,0.3839622437953949,-0.09157688915729523,0.7210134863853455,0.3882293999195099,-0.09178925305604935,0.8176082968711853,0.3687759041786194,-0.06364084780216217,0.7472533583641052,0.41456785798072815,-0.07940781116485596,0.7233531475067139,0.40764710307121277,-0.07354183495044708,0.7269737720489502,0.39742526412010193,-0.06808078289031982,0.8217989206314087,0.4095519781112671,-0.06308635324239731,0.7528528571128845,0.44243112206459045,-0.07690755277872086,0.7284839749336243,0.43034249544143677,-0.06447149813175201,0.7314650416374207,0.41502609848976135,-0.052157528698444366,0.8178733587265015,0.44243016839027405,-0.06279518455266953,0.7634057402610779,0.46035444736480713,-0.07402165979146957,0.7400769591331482,0.44756072759628296,-0.06561312079429626,0.7389623522758484,0.43407565355300903,-0.05575067922472954,Left,0.9838361740112305
5770,81,0,0.48134392499923706,0.3661612272262573,1.1452535630951388e-07,0.525549054145813,0.33669793605804443,-0.02185104228556156,0.5755836367607117,0.3515145182609558,-0.03648671880364418,0.6134229302406311,0.3853430151939392,-0.04362638667225838,0.6421022415161133,0.40740787982940674,-0.049619410187006,0.539060115814209,0.36156949400901794,-0.07352250069379807,0.609505295753479,0.3987540006637573,-0.09417793899774551,0.6464335322380066,0.4166223108768463,-0.09785009175539017,0.6750066876411438,0.4282008707523346,-0.09744636714458466,0.5250912308692932,0.4035091698169708,-0.06741732358932495,0.6034592986106873,0.4383743405342102,-0.08674898743629456,0.6454557180404663,0.4473843276500702,-0.0852462500333786,0.6744917035102844,0.44801291823387146,-0.08281757682561874,0.5200147032737732,0.4392457604408264,-0.059429071843624115,0.5937739610671997,0.46764907240867615,-0.07370911538600922,0.6329169273376465,0.46658748388290405,-0.07006866484880447,0.6587784290313721,0.4585602879524231,-0.06574574112892151,0.5221474170684814,0.46413812041282654,-0.052196383476257324,0.5784199237823486,0.48121848702430725,-0.06223222240805626,0.6106984615325928,0.4768279194831848,-0.06102524325251579,0.6323919296264648,0.46832960844039917,-0.05873626470565796,Right,0.9913039803504944
5770,81,1,0.8017604947090149,0.38099226355552673,4.732762448611538e-08,0.7813847064971924,0.32669949531555176,-0.01191364973783493,0.7542664408683777,0.3089585602283478,-0.024907944723963737,0.7301201224327087,0.3278237581253052,-0.03497675433754921,0.724249005317688,0.37512171268463135,-0.046736881136894226,0.801776111125946,0.35051047801971436,-0.04603514447808266,0.7361958026885986,0.397914856672287,-0.06506112217903137,0.7195184826850891,0.39680325984954834,-0.07531653344631195,0.7244231104850769,0.38857072591781616,-0.07801980525255203,0.814801812171936,0.3932223320007324,-0.04717288166284561,0.7415091395378113,0.43848150968551636,-0.05915328487753868,0.7173351049423218,0.41430801153182983,-0.05697007477283478,0.7202330827713013,0.3945379853248596,-0.05480070784687996,0.8167575001716614,0.4297754168510437,-0.047255296260118484,0.7454438209533691,0.4585263133049011,-0.05968760699033737,0.7199015021324158,0.4325874149799347,-0.050401464104652405,0.7251659035682678,0.41267451643943787,-0.03962625563144684,0.8119105100631714,0.45777371525764465,-0.04805498197674751,0.7543522715568542,0.47026875615119934,-0.05834425985813141,0.7316679358482361,0.44855403900146484,-0.050845760852098465,0.7336858510971069,0.4318409860134125,-0.04174566641449928,Left,0.7893980741500854
5842,82,0,0.48360705375671387,0.37191900610923767,1.6359216203909455e-07,0.5254198908805847,0.3395988345146179,-0.022160803899168968,0.5768634676933289,0.35252290964126587,-0.03701191022992134,0.6155805587768555,0.3847711682319641,-0.044260382652282715,0.6459500789642334,0.4042869210243225,-0.05024450644850731,0.5408837199211121,0.36108657717704773,-0.07364626228809357,0.6113154888153076,0.40162768959999084,-0.09411172568798065,0.6488908529281616,0.4196268916130066,-0.09711761772632599,0.6777998208999634,0.430225133895874,-0.0961500033736229,0.5262404084205627,0.401862233877182,-0.06764790415763855,0.6041315197944641,0.44061610102653503,-0.0879460871219635,0.6461600065231323,0.449093759059906,-0.08645978569984436,0.6747393608093262,0.4487394690513611,-0.08361582458019257,0.5206262469291687,0.43752890825271606,-0.05982203409075737,0.5938913822174072,0.47042492032051086,-0.07498162984848022,0.6333065629005432,0.47081759572029114,-0.07174516469240189,0.659329354763031,0.46389177441596985,-0.06732621043920517,0.5221729278564453,0.463558167219162,-0.05268701910972595,0.5790446400642395,0.48376166820526123,-0.06325043737888336,0.6119675636291504,0.48152148723602295,-0.062442347407341,0.6342621445655823,0.4737805724143982,-0.06029796227812767,Right,0.9934067130088806
5842,82,1,0.7870084047317505,0.3706660270690918,-2.1518928861041786e-07,0.7735755443572998,0.3384209871292114,-0.042070578783750534,0.7551825642585754,0.33025723695755005,-0.06982250511646271,0.7287434339523315,0.3608975410461426,-0.0869622752070427,0.7155947089195251,0.3992421329021454,-0.09935559332370758,0.8035391569137573,0.3721473217010498,-0.08948282897472382,0.7366039752960205,0.42436644434928894,-0.10832199454307556,0.7262391448020935,0.40667521953582764,-0.10671893507242203,0.7358595728874207,0.3851577937602997,-0.10740551352500916,0.8140870332717896,0.4195569157600403,-0.0762929692864418,0.7379524111747742,0.448126882314682,-0.09308478236198425,0.7272541522979736,0.42224955558776855,-0.08685352653265,0.7383677363395691,0.4003754258155823,-0.08666612207889557,0.812748908996582,0.4549259543418884,-0.0628964826464653,0.7415335774421692,0.4706859886646271,-0.07739352434873581,0.7325919270515442,0.44375407695770264,-0.06894052773714066,0.7435441613197327,0.42192375659942627,-0.06674478948116302,0.8052415251731873,0.477703720331192,-0.05288412421941757,0.7533182501792908,0.4805750548839569,-0.0712471455335617,0.742753803730011,0.4594392478466034,-0.07515545189380646,0.7491440773010254,0.4404420554637909,-0.07821338623762131,Left,0.887388288974762
5913,83,0,0.4876819849014282,0.3721597492694855,2.2629347995462012e-07,0.5273414850234985,0.3372780680656433,-0.019942935556173325,0.5748625993728638,0.3464208245277405,-0.03461674228310585,0.6113344430923462,0.37794727087020874,-0.042215585708618164,0.6372306942939758,0.4004146158695221,-0.04889567568898201,0.542164146900177,0.35640668869018555,-0.07145191729068756,0.6132889986038208,0.3926149308681488,-0.0907956212759018,0.6509602069854736,0.4097133278846741,-0.09361399710178375,0.6792170405387878,0.42072793841362,-0.09257545322179794,0.5273299813270569,0.39958950877189636,-0.06660739332437515,0.6038137674331665,0.43398788571357727,-0.08530561625957489,0.6455873847007751,0.44432324171066284,-0.08406524360179901,0.673431932926178,0.44726449251174927,-0.08171971142292023,0.520238995552063,0.43577277660369873,-0.059650640934705734,0.5897420048713684,0.4658602774143219,-0.07336527854204178,0.6277871131896973,0.46769052743911743,-0.07070852816104889,0.6520266532897949,0.46238061785697937,-0.06706991791725159,0.5209802985191345,0.46106812357902527,-0.053133945912122726,0.573316752910614,0.48028746247291565,-0.06275991350412369,0.6053676605224609,0.47883549332618713,-0.061850253492593765,0.6264609694480896,0.4721011519432068,-0.05970587581396103,Right,0.9954960942268372
5913,83,1,0.7981643080711365,0.3543582856655121,-1.1612111450176599e-07,0.7802906036376953,0.3267475962638855,-0.04574012756347656,0.7618557810783386,0.3221991956233978,-0.07573441416025162,0.7393043637275696,0.3550925850868225,-0.09467553347349167,0.72691810131073,0.3960075378417969,-0.10844054818153381,0.8109114766120911,0.37491855025291443,-0.09182184189558029,0.7431394457817078,0.4119088053703308,-0.11335150897502899,0.72002774477005,0.40411442518234253,-0.1131705567240715,0.7199416160583496,0.3931525945663452,-0.11368748545646667,0.8178707361221313,0.42714622616767883,-0.07746756076812744,0.7366093993186951,0.4412292540073395,-0.09692683070898056,0.721358060836792,0.4107059836387634,-0.09101981669664383,0.7335972785949707,0.3892059624195099,-0.08963845670223236,0.8119390606880188,0.4624408781528473,-0.06345156580209732,0.7370656132698059,0.46811047196388245,-0.08105003833770752,0.725541889667511,0.43725621700286865,-0.072057344019413,0.736370861530304,0.4166361391544342,-0.06816872954368591,0.8010417222976685,0.48265036940574646,-0.052910298109054565,0.7423143982887268,0.4815700650215149,-0.07149861007928848,0.7299498915672302,0.4571082293987274,-0.07314075529575348,0.7365944385528564,0.43865272402763367,-0.07361909747123718,Left,0.9511381387710571
5985,84,0,0.49055230617523193,0.376123309135437,2.2899291707290104e-07,0.5269076228141785,0.3395192623138428,-0.019724057987332344,0.5737141370773315,0.34649425745010376,-0.03404323011636734,0.609406590461731,0.377968966960907,-0.0413648784160614,0.633224368095398,0.40236249566078186,-0.04787743091583252,0.5420323610305786,0.35622623562812805,-0.07037912309169769,0.611836850643158,0.38962459564208984,-0.08994275331497192,0.6495731472969055,0.4063028395175934,-0.09346771985292435,0.6781231760978699,0.41802743077278137,-0.09315182268619537,0.5286015272140503,0.40017902851104736,-0.06585855782032013,0.605036199092865,0.43165695667266846,-0.0843181237578392,0.6480927467346191,0.44074350595474243,-0.08423825353384018,0.6775311827659607,0.4437357187271118,-0.08290684968233109,0.5229853391647339,0.43689125776290894,-0.059237800538539886,0.5926751494407654,0.462546706199646,-0.0731857493519783,0.6308454871177673,0.46152791380882263,-0.0718858540058136,0.6551778316497803,0.4542995095252991,-0.06927117705345154,0.524892270565033,0.4627045691013336,-0.053002506494522095,0.5767325758934021,0.4776192009449005,-0.0635102167725563,0.6076045036315918,0.4733307361602783,-0.06368117779493332,0.628338098526001,0.46496108174324036,-0.062285736203193665,Right,0.9956717491149902
5985,84,1,0.820376455783844,0.3480587303638458,1.252765713388726e-07,0.7950069308280945,0.32337456941604614,-0.04854774475097656,0.7690359354019165,0.32388541102409363,-0.07881568372249603,0.7453649640083313,0.35580071806907654,-0.09738971292972565,0.7281970381736755,0.3942202925682068,-0.11184670776128769,0.8181719779968262,0.38619276881217957,-0.09247409552335739,0.7554559111595154,0.4169144332408905,-0.11550981551408768,0.7227520942687988,0.41995254158973694,-0.11866182088851929,0.7111667394638062,0.4202323257923126,-0.1200309619307518,0.818398654460907,0.4378567039966583,-0.07541000843048096,0.7417880296707153,0.450107216835022,-0.09628385305404663,0.7231582999229431,0.42242467403411865,-0.09220705926418304,0.7318684458732605,0.403553307056427,-0.09047367423772812,0.8087705373764038,0.4694306254386902,-0.0587025061249733,0.7390528321266174,0.47307509183883667,-0.0773194283246994,0.7237749695777893,0.44231340289115906,-0.0686747133731842,0.7295606136322021,0.42191556096076965,-0.06310319155454636,0.7967342734336853,0.48461058735847473,-0.04540865495800972,0.7406941652297974,0.479981392621994,-0.060959190130233765,0.7279855608940125,0.4543767273426056,-0.06011025235056877,0.7314177751541138,0.4378766417503357,-0.058065228164196014,Left,0.9918986558914185
6055,85,0,0.4916703402996063,0.37825700640678406,2.3339872257110983e-07,0.5269702076911926,0.3365603983402252,-0.022136762738227844,0.5748916268348694,0.3422812819480896,-0.03700589761137962,0.608474850654602,0.37387770414352417,-0.043983347713947296,0.6297987699508667,0.3982377350330353,-0.050309933722019196,0.5393555760383606,0.35974255204200745,-0.0763525441288948,0.610246479511261,0.38954728841781616,-0.09612508863210678,0.6488313674926758,0.403952032327652,-0.100137859582901,0.6780846118927002,0.41398367285728455,-0.10026274621486664,0.5274304747581482,0.4048622250556946,-0.06977127492427826,0.6048932075500488,0.43149659037590027,-0.08711369335651398,0.64813232421875,0.4356750249862671,-0.08595585823059082,0.6773707866668701,0.4354766309261322,-0.08437401801347733,0.5241546034812927,0.4416302740573883,-0.06084143742918968,0.5951346158981323,0.46337583661079407,-0.07294898480176926,0.6316276788711548,0.45671600103378296,-0.06988026201725006,0.6523241996765137,0.44524481892585754,-0.06654267013072968,0.5282905101776123,0.4657990336418152,-0.052629366517066956,0.5810917615890503,0.47610050439834595,-0.0619189590215683,0.6098920702934265,0.4661603271961212,-0.06093384325504303,0.6262558102607727,0.4537615478038788,-0.058905478566884995,Right,0.9963183999061584
6055,85,1,0.8295192122459412,0.3588573932647705,4.2731852545330185e-07,0.7972809076309204,0.32817721366882324,-0.04875693470239639,0.7696304321289062,0.3176076412200928,-0.08407655358314514,0.7472286224365234,0.3348085284233093,-0.10626064985990524,0.724564790725708,0.35686296224594116,-0.12444703280925751,0.8128892183303833,0.3809034824371338,-0.1141500174999237,0.7534329295158386,0.42413976788520813,-0.13790352642536163,0.7238640785217285,0.42096439003944397,-0.13581016659736633,0.7125777006149292,0.4078199565410614,-0.1309179812669754,0.8262721300125122,0.4292137622833252,-0.09469427168369293,0.7503789067268372,0.459816038608551,-0.11476348340511322,0.7253156900405884,0.43899160623550415,-0.10619218647480011,0.7238156795501709,0.4180490970611572,-0.10016138851642609,0.8281234502792358,0.4632651209831238,-0.07381970435380936,0.7570496201515198,0.48142775893211365,-0.08684161305427551,0.7375978827476501,0.4609423279762268,-0.0787067785859108,0.7373018860816956,0.4414006769657135,-0.07458427548408508,0.8248717784881592,0.48302870988845825,-0.05591094121336937,0.7689113020896912,0.48909610509872437,-0.06841899454593658,0.7524988055229187,0.4713960886001587,-0.0693524181842804,0.7508984804153442,0.4562779664993286,-0.06931015849113464,Left,0.993760883808136
6126,86,0,0.4886687695980072,0.37730345129966736,1.6677965675171436e-07,0.5257447957992554,0.33579760789871216,-0.023559220135211945,0.5752271413803101,0.34280723333358765,-0.03872150182723999,0.6098870038986206,0.37317007780075073,-0.0456572100520134,0.6321536302566528,0.39621949195861816,-0.05166003108024597,0.5369235873222351,0.3684830665588379,-0.0775558277964592,0.6066677570343018,0.3961506187915802,-0.09800985455513,0.645229160785675,0.40773695707321167,-0.10196346044540405,0.6750054359436035,0.4137580394744873,-0.10202804207801819,0.5272831916809082,0.41185542941093445,-0.06998087465763092,0.6031697988510132,0.43632742762565613,-0.08883681893348694,0.645833432674408,0.4375142455101013,-0.0869370847940445,0.6749433279037476,0.4328032433986664,-0.08416277915239334,0.5254363417625427,0.4458531141281128,-0.060243889689445496,0.595014214515686,0.4647716283798218,-0.07309240102767944,0.6310502290725708,0.4585588574409485,-0.06871015578508377,0.6524791717529297,0.4465811252593994,-0.06394104659557343,0.5293841361999512,0.46713095903396606,-0.0514284148812294,0.581061601638794,0.4785264730453491,-0.06055662781000137,0.6109628081321716,0.4713501036167145,-0.05888940393924713,0.6297322511672974,0.46045762300491333,-0.05613706633448601,Right,0.9972805380821228
6126,86,1,0.8332501649856567,0.358642578125,3.6866131836177374e-07,0.7967489361763,0.32787203788757324,-0.043599024415016174,0.7613878846168518,0.32314592599868774,-0.0767994374036789,0.7354803681373596,0.3491934835910797,-0.09836509823799133,0.713731050491333,0.3792338967323303,-0.11610889434814453,0.8057121634483337,0.35991695523262024,-0.10873442888259888,0.747430145740509,0.4078887701034546,-0.13597005605697632,0.7209842205047607,0.4162502586841583,-0.13825921714305878,0.714274525642395,0.4091397225856781,-0.13571299612522125,0.8227390646934509,0.4056795835494995,-0.09296565502882004,0.7505698800086975,0.4473724067211151,-0.11824014037847519,0.7250523567199707,0.4351356327533722,-0.1121969074010849,0.7243745923042297,0.41079220175743103,-0.10674676299095154,0.8286851644515991,0.4433329701423645,-0.07600070536136627,0.761845052242279,0.4803583323955536,-0.09457451850175858,0.7364394664764404,0.4664098620414734,-0.08814375102519989,0.7319263219833374,0.44338610768318176,-0.08364318311214447,0.829721987247467,0.47158050537109375,-0.06139914691448212,0.7731359601020813,0.4892203211784363,-0.07793843746185303,0.7515217065811157,0.47524699568748474,-0.08008433133363724,0.7451927661895752,0.457322359085083,-0.08038168400526047,Left,0.9927099347114563
6194,87,0,0.48773518204689026,0.3746744394302368,7.181500194519685e-08,0.5240129828453064,0.3356552720069885,-0.026592427864670753,0.5717171430587769,0.34162047505378723,-0.04304280877113342,0.6097559928894043,0.3691334128379822,-0.05048087611794472,0.6363685131072998,0.3902292549610138,-0.056675005704164505,0.5359867811203003,0.3777419328689575,-0.08100984245538712,0.6088148355484009,0.40029120445251465,-0.1011202409863472,0.6478903889656067,0.4070530831813812,-0.10397106409072876,0.6776930689811707,0.4095667898654938,-0.10306312143802643,0.5289694666862488,0.41822588443756104,-0.07094079256057739,0.6075195074081421,0.43643495440483093,-0.09040815383195877,0.6497364044189453,0.43193697929382324,-0.08733801543712616,0.6777729988098145,0.42247307300567627,-0.08352021127939224,0.5290854573249817,0.44829773902893066,-0.058803267776966095,0.6009737253189087,0.463588684797287,-0.07290229201316833,0.6362829804420471,0.4509955644607544,-0.06783183664083481,0.656836211681366,0.43440648913383484,-0.062062062323093414,0.5337902307510376,0.4660465717315674,-0.04760261997580528,0.5871182084083557,0.47553515434265137,-0.05704827606678009,0.6167953610420227,0.464591920375824,-0.05531356483697891,0.634778618812561,0.4520002007484436,-0.05235641077160835,Right,0.995858907699585
6194,87,1,0.8313766121864319,0.3594037890434265,3.5289684774397756e-07,0.7997477054595947,0.3329554498195648,-0.02778385765850544,0.7633733749389648,0.33320897817611694,-0.05167113617062569,0.7334529757499695,0.35279059410095215,-0.06667972356081009,0.7087564468383789,0.36576658487319946,-0.07835220545530319,0.8051454424858093,0.3446981608867645,-0.09191545844078064,0.7471489310264587,0.39252370595932007,-0.11518877744674683,0.7220386266708374,0.4048875570297241,-0.1132282093167305,0.712378203868866,0.40315476059913635,-0.10782866925001144,0.8235970735549927,0.3904114365577698,-0.0830412358045578,0.7463684678077698,0.4348019063472748,-0.1064845472574234,0.7235504984855652,0.4246039092540741,-0.09552986174821854,0.7250229716300964,0.40666601061820984,-0.08581113070249557,0.8319345116615295,0.4297323524951935,-0.07236619293689728,0.7573719024658203,0.46588030457496643,-0.08684059977531433,0.7380393743515015,0.4504905939102173,-0.07434847205877304,0.7406049966812134,0.43163010478019714,-0.06527380645275116,0.834678053855896,0.46020621061325073,-0.06319039314985275,0.776764452457428,0.4835587441921234,-0.07312806695699692,0.760729968547821,0.47043436765670776,-0.06995212286710739,0.7608031034469604,0.45707154273986816,-0.06716863811016083,Left,0.9819589257240295
6263,88,0,0.48621320724487305,0.3710857629776001,-4.283791099624068e-08,0.5223920345306396,0.3343449831008911,-0.024188008159399033,0.5734754800796509,0.3342284858226776,-0.03712549805641174,0.6130291819572449,0.3559100031852722,-0.04193951562047005,0.6386691331863403,0.37275442481040955,-0.04537343606352806,0.5429507493972778,0.37874123454093933,-0.06945977360010147,0.6143788695335388,0.4001844823360443,-0.08559931814670563,0.6517893075942993,0.404571533203125,-0.08766498416662216,0.6805762648582458,0.40757524967193604,-0.08720000088214874,0.5369022488594055,0.4200790524482727,-0.05930911377072334,0.6140775680541992,0.4360438585281372,-0.07507821917533875,0.6534860730171204,0.42698314785957336,-0.07239101827144623,0.6775363087654114,0.41482406854629517,-0.06944220513105392,0.5373273491859436,0.4483868479728699,-0.04731504246592522,0.6091403961181641,0.46131432056427,-0.05879512056708336,0.6410602331161499,0.4443807005882263,-0.054285693913698196,0.6564562916755676,0.4243972599506378,-0.04938952624797821,0.5426148772239685,0.4636823534965515,-0.036293622106313705,0.5976101160049438,0.46699997782707214,-0.04519645869731903,0.6250337958335876,0.4519144594669342,-0.04463012516498566,0.6389228105545044,0.43677133321762085,-0.04259749501943588,Right,0.9943705797195435
6263,88,1,0.842237114906311,0.36310678720474243,3.3957908840420714e-07,0.8077374696731567,0.33752137422561646,-0.023811418563127518,0.7676849365234375,0.33899664878845215,-0.04450063407421112,0.7357110381126404,0.3587648570537567,-0.057849399745464325,0.7116391062736511,0.3649221956729889,-0.06844828277826309,0.8102172017097473,0.3482460081577301,-0.08087537437677383,0.7544270157814026,0.3934445381164551,-0.10300906002521515,0.7295581102371216,0.40739643573760986,-0.1029549092054367,0.7197756171226501,0.4059296250343323,-0.09880221635103226,0.8288925886154175,0.39421623945236206,-0.07350446283817291,0.7541394233703613,0.43550923466682434,-0.09450797736644745,0.7300441265106201,0.42824700474739075,-0.08533071726560593,0.7304053902626038,0.41177916526794434,-0.07675197720527649,0.8367072343826294,0.43257811665534973,-0.06442829221487045,0.7637851238250732,0.46550747752189636,-0.07739657908678055,0.7426254749298096,0.4522266983985901,-0.06607899069786072,0.7440493702888489,0.43429872393608093,-0.05740614980459213,0.8381041884422302,0.46240234375,-0.05663164705038071,0.7794302105903625,0.4853922128677368,-0.06467636674642563,0.7635345458984375,0.4730529189109802,-0.060426015406847,0.7641547322273254,0.4591478407382965,-0.05652758106589317,Left,0.989393413066864
6331,89,0,0.48627328872680664,0.3684060275554657,-8.797976391861084e-08,0.5253372192382812,0.3327009677886963,-0.019300445914268494,0.5779249668121338,0.3342326283454895,-0.029238848015666008,0.6171361207962036,0.35604310035705566,-0.031945958733558655,0.6407313346862793,0.3723231554031372,-0.033568866550922394,0.5447402000427246,0.38293465971946716,-0.06506790965795517,0.6171724796295166,0.40013357996940613,-0.07932525873184204,0.6540141701698303,0.40489083528518677,-0.08021960407495499,0.6832290887832642,0.4078756272792816,-0.0789930671453476,0.5390110611915588,0.4250640273094177,-0.0567629337310791,0.6176316738128662,0.43518248200416565,-0.06992658227682114,0.6562283635139465,0.42310231924057007,-0.0647100955247879,0.6795945167541504,0.4095035195350647,-0.060037270188331604,0.5390807390213013,0.45254456996917725,-0.046155884861946106,0.6117662191390991,0.4597543179988861,-0.054989930242300034,0.6426506638526917,0.440777987241745,-0.04727992042899132,0.6566741466522217,0.42072826623916626,-0.04039299488067627,0.5437109470367432,0.46512922644615173,-0.036349210888147354,0.5983836054801941,0.4667823910713196,-0.04286652430891991,0.6243343353271484,0.4488368034362793,-0.03941243141889572,0.6361692547798157,0.4322912096977234,-0.03536902740597725,Right,0.9932277202606201
6331,89,1,0.8484104871749878,0.36890286207199097,3.4979422025571694e-07,0.8120677471160889,0.33848410844802856,-0.019071893766522408,0.7683073282241821,0.33850640058517456,-0.036932285875082016,0.7362308502197266,0.35477644205093384,-0.04820285737514496,0.7141190767288208,0.36008280515670776,-0.057256024330854416,0.8104576468467712,0.3444134294986725,-0.07727644592523575,0.7559500932693481,0.3863956034183502,-0.09956803172826767,0.7296293377876282,0.40148499608039856,-0.09879015386104584,0.721714973449707,0.39849865436553955,-0.092674121260643,0.8275486826896667,0.39185282588005066,-0.07160800695419312,0.7574000358581543,0.42896586656570435,-0.09143965691328049,0.7294322848320007,0.42906713485717773,-0.08195991069078445,0.726889967918396,0.4151192307472229,-0.07216759771108627,0.8355268836021423,0.43230801820755005,-0.06390596926212311,0.7659912109375,0.46457502245903015,-0.07739057391881943,0.7400830388069153,0.45567190647125244,-0.06577785313129425,0.7367246150970459,0.43868258595466614,-0.05552725866436958,0.8367280960083008,0.4641708731651306,-0.056809037923812866,0.7796159386634827,0.48539137840270996,-0.06700707226991653,0.7589755654335022,0.4752674102783203,-0.06261323392391205,0.754926323890686,0.46169769763946533,-0.05694219097495079,Left,0.99443519115448
6395,90,0,0.4854513108730316,0.36682969331741333,-1.4194554864843667e-07,0.5262253880500793,0.33728593587875366,-0.019372621551156044,0.5774176716804504,0.3408565819263458,-0.029190214350819588,0.6167995929718018,0.3619266152381897,-0.03205861896276474,0.6436198353767395,0.3741114139556885,-0.03373004496097565,0.5442644953727722,0.39145132899284363,-0.06034129485487938,0.6152728796005249,0.40570971369743347,-0.07483936101198196,0.6529987454414368,0.4095441401004791,-0.07752778381109238,0.6841120719909668,0.41100606322288513,-0.07784928381443024,0.5394431948661804,0.43393537402153015,-0.05198909342288971,0.6180062890052795,0.4388897716999054,-0.06446270644664764,0.6553839445114136,0.42656779289245605,-0.06082358956336975,0.679092526435852,0.41259104013442993,-0.057692497968673706,0.5401517748832703,0.46117064356803894,-0.041597165167331696,0.6131026744842529,0.4618677794933319,-0.05047064647078514,0.6423095464706421,0.4424630403518677,-0.04344433546066284,0.6559814214706421,0.42200031876564026,-0.03715755417943001,0.5453944802284241,0.47274118661880493,-0.03212742879986763,0.5999895930290222,0.46946972608566284,-0.03947089612483978,0.6250849962234497,0.45173490047454834,-0.036639731377363205,0.6368166208267212,0.43558579683303833,-0.03289390355348587,Right,0.9919381141662598
6395,90,1,0.8492485284805298,0.37514591217041016,3.4172390428466315e-07,0.8134541511535645,0.3390643894672394,-0.014098833315074444,0.7668033242225647,0.33805060386657715,-0.028544621542096138,0.7327771782875061,0.35232657194137573,-0.037339016795158386,0.7146042585372925,0.3587990999221802,-0.04545753449201584,0.8065248131752014,0.3379487693309784,-0.06901711970567703,0.7525882124900818,0.38052597641944885,-0.09147807210683823,0.7256088852882385,0.4000947177410126,-0.09542510658502579,0.7196272611618042,0.4029213488101959,-0.09229613840579987,0.8232980966567993,0.384455144405365,-0.0653536394238472,0.7560145854949951,0.43047472834587097,-0.08634189516305923,0.7266603708267212,0.4340662956237793,-0.08212052285671234,0.7247045636177063,0.42125236988067627,-0.07553847134113312,0.8317538499832153,0.42645686864852905,-0.059428974986076355,0.763525664806366,0.4654923379421234,-0.07285802811384201,0.7383562922477722,0.4584614634513855,-0.06527731567621231,0.7372053265571594,0.4415109157562256,-0.05717029795050621,0.8337789177894592,0.4598018527030945,-0.053524672985076904,0.7789839506149292,0.4871533513069153,-0.06150103732943535,0.7577471733093262,0.4774755835533142,-0.057192832231521606,0.7547492980957031,0.46162882447242737,-0.051991067826747894,Left,0.9976691603660583
6460,91,0,0.4800562858581543,0.3749893307685852,-1.2628713363938004e-07,0.5194210410118103,0.3385254442691803,-0.022549204528331757,0.5709840059280396,0.33784133195877075,-0.035858601331710815,0.6097970604896545,0.35949355363845825,-0.04158656299114227,0.6340768337249756,0.3800637722015381,-0.046120502054691315,0.5372767448425293,0.3702425956726074,-0.07216718792915344,0.6124510765075684,0.3953673541545868,-0.08954299241304398,0.6531181335449219,0.40214258432388306,-0.09149079024791718,0.6849231123924255,0.4080236852169037,-0.09096813946962357,0.530644953250885,0.41676053404808044,-0.06422355771064758,0.6115885972976685,0.4342121481895447,-0.07988039404153824,0.6542867422103882,0.4276387691497803,-0.07621238380670547,0.6815594434738159,0.41821134090423584,-0.07297765463590622,0.5318569540977478,0.4504334330558777,-0.05416472628712654,0.6079649329185486,0.46416306495666504,-0.06601564586162567,0.6429227590560913,0.4495617151260376,-0.06029553338885307,0.6624332666397095,0.4317048490047455,-0.05508306995034218,0.5387789011001587,0.4690167009830475,-0.044986359775066376,0.5957014560699463,0.46970486640930176,-0.05450310558080673,0.6246253252029419,0.4550693929195404,-0.05300959572196007,0.6408571600914001,0.4406414330005646,-0.05046083778142929,Right,0.9930302500724792
6460,91,1,0.8325603604316711,0.39247143268585205,3.5731369507630006e-07,0.804411768913269,0.3513237237930298,-0.015116808004677296,0.7662856578826904,0.33502209186553955,-0.030084962025284767,0.7377947568893433,0.3493387997150421,-0.039371613413095474,0.7186862826347351,0.3714742958545685,-0.04830852895975113,0.8102530241012573,0.3491765558719635,-0.06531506776809692,0.7563822269439697,0.3926980495452881,-0.08674216270446777,0.725601851940155,0.403888463973999,-0.09200925379991531,0.7161283493041992,0.4047577381134033,-0.08987792581319809,0.8252423405647278,0.3966430723667145,-0.06199602782726288,0.7545806765556335,0.4345654547214508,-0.08382498472929001,0.7257601618766785,0.43017327785491943,-0.08254729956388474,0.7274054884910583,0.4153292179107666,-0.07763528823852539,0.8300250768661499,0.43647751212120056,-0.056518543511629105,0.7608706951141357,0.46810680627822876,-0.07090336084365845,0.7342106103897095,0.4567074179649353,-0.06554549932479858,0.7362461686134338,0.43627771735191345,-0.05803379788994789,0.8290034532546997,0.46864473819732666,-0.05112231522798538,0.7727258205413818,0.49229270219802856,-0.059365030378103256,0.7497669458389282,0.47994863986968994,-0.05535631999373436,0.7493018507957458,0.4601518511772156,-0.04986925423145294,Left,0.9997475147247314
6524,92,0,0.48658043146133423,0.36382731795310974,1.585426900874154e-07,0.5269290208816528,0.33310455083847046,-0.0187743678689003,0.5733240842819214,0.33920177817344666,-0.03275071084499359,0.6077771186828613,0.3683966398239136,-0.040066078305244446,0.6320216655731201,0.3937128484249115,-0.04685767740011215,0.5469463467597961,0.33280691504478455,-0.06912097334861755,0.6133977174758911,0.3682667016983032,-0.0871584415435791,0.6515584588050842,0.3883441686630249,-0.08897881954908371,0.6795059442520142,0.4034900963306427,-0.0878680869936943,0.5290132761001587,0.37915757298469543,-0.06595902889966965,0.6024985313415527,0.41442251205444336,-0.0850108340382576,0.6433683037757874,0.4333753287792206,-0.08663059771060944,0.6713770031929016,0.4438028931617737,-0.08690644800662994,0.5198665857315063,0.42128437757492065,-0.060519155114889145,0.5882569551467896,0.4525674283504486,-0.0794529914855957,0.6275637745857239,0.4608619511127472,-0.08272211998701096,0.6542093753814697,0.4599522650241852,-0.0829174593091011,0.5194701552391052,0.4536898136138916,-0.054563798010349274,0.5758756399154663,0.46209341287612915,-0.06938791275024414,0.5985640287399292,0.451318621635437,-0.07035685330629349,0.609639585018158,0.4384944438934326,-0.06938706338405609,Right,0.9863585233688354
6524,92,1,0.8389115333557129,0.3861249089241028,2.689705809189036e-07,0.8113813996315002,0.3349570631980896,-0.019112830981612206,0.771207869052887,0.330113023519516,-0.029780106619000435,0.7368286848068237,0.36362898349761963,-0.034543320536613464,0.7190265655517578,0.39403802156448364,-0.03769395872950554,0.797005832195282,0.38788312673568726,-0.050197504460811615,0.7386878132820129,0.4398747682571411,-0.062217697501182556,0.7200567126274109,0.4241471588611603,-0.06242584064602852,0.7221591472625732,0.40909066796302795,-0.059041280299425125,0.8042450547218323,0.43136581778526306,-0.041922327131032944,0.7399953603744507,0.4669286608695984,-0.05246596410870552,0.7273077368736267,0.4372888207435608,-0.05098533630371094,0.7399072647094727,0.419239342212677,-0.04859146103262901,0.807185709476471,0.4593546986579895,-0.032265469431877136,0.7518703937530518,0.4833019971847534,-0.036983948200941086,0.7424541115760803,0.45328179001808167,-0.03441506251692772,0.7534081339836121,0.43646156787872314,-0.032491475343704224,0.8067760467529297,0.4769899249076843,-0.023423735052347183,0.7661359906196594,0.49368104338645935,-0.028806934133172035,0.7565122246742249,0.4699697494506836,-0.0292765274643898,0.7649997472763062,0.4536900818347931,-0.028889697045087814,Left,0.9900551438331604
6589,93,0,0.5044761896133423,0.3624938726425171,5.378754508456041e-07,0.5411425232887268,0.3337002694606781,-0.020752085372805595,0.5845016241073608,0.3320786952972412,-0.04219450801610947,0.6163074970245361,0.35474681854248047,-0.057720668613910675,0.6368579864501953,0.37774544954299927,-0.07321945577859879,0.5626265406608582,0.3023262321949005,-0.08139342814683914,0.6198769807815552,0.3395783603191376,-0.11045841127634048,0.6555778980255127,0.3697041869163513,-0.12217015773057938,0.6829119920730591,0.39573386311531067,-0.12773628532886505,0.5388356447219849,0.34042584896087646,-0.08239036798477173,0.6003581881523132,0.3786811828613281,-0.1139812171459198,0.6419779658317566,0.4075797498226166,-0.12398861348628998,0.6725894212722778,0.42809197306632996,-0.12997998297214508,0.5247061252593994,0.3844060003757477,-0.08109736442565918,0.5817027688026428,0.4217364490032196,-0.10689014941453934,0.6221339702606201,0.442875474691391,-0.11372560262680054,0.6526522636413574,0.45284590125083923,-0.11624429374933243,0.520746648311615,0.4277300238609314,-0.07979115098714828,0.5730371475219727,0.44583120942115784,-0.0969434604048729,0.6036340594291687,0.45017096400260925,-0.10051518678665161,0.6262681484222412,0.4502018392086029,-0.10206469148397446,Right,0.9922894835472107
6589,93,1,0.8288156390190125,0.36653316020965576,2.4760743144724984e-07,0.8039352893829346,0.32519757747650146,-0.03866362199187279,0.769220232963562,0.3369467258453369,-0.0552699938416481,0.7380187511444092,0.37266334891319275,-0.060997217893600464,0.7154949307441711,0.40683507919311523,-0.062304653227329254,0.7894062399864197,0.4294550120830536,-0.06622657924890518,0.7241636514663696,0.44580933451652527,-0.07760415971279144,0.7069988250732422,0.41902655363082886,-0.07355665415525436,0.7105792164802551,0.4005654454231262,-0.06728828698396683,0.7899140119552612,0.46104735136032104,-0.04619631543755531,0.7267525792121887,0.4492734372615814,-0.05575311928987503,0.7239747047424316,0.4109167158603668,-0.05034051463007927,0.7388282418251038,0.39518311619758606,-0.04542090371251106,0.7856273651123047,0.4727596938610077,-0.02617308683693409,0.7289125919342041,0.45189982652664185,-0.03473244979977608,0.7304040789604187,0.4151979386806488,-0.029167165979743004,0.7460631728172302,0.39924299716949463,-0.02459762990474701,0.7807513475418091,0.4766470789909363,-0.008358875289559364,0.7368013262748718,0.45670509338378906,-0.018230408430099487,0.7369281053543091,0.42748308181762695,-0.018940074369311333,0.7491516470909119,0.413331001996994,-0.017554476857185364,Left,0.9979346990585327
6652,94,0,0.5159260630607605,0.3924853801727295,8.890914386938675e-07,0.5552749037742615,0.3570886254310608,-0.026015466079115868,0.5904500484466553,0.34079062938690186,-0.061806824058294296,0.6210677623748779,0.3549080491065979,-0.09081252664327621,0.6469876766204834,0.3765702247619629,-0.12036871910095215,0.5757505893707275,0.2937912046909332,-0.11577260494232178,0.6277890205383301,0.32244783639907837,-0.15869194269180298,0.6636917591094971,0.3586057424545288,-0.17844603955745697,0.6873453855514526,0.39143604040145874,-0.1893383264541626,0.5519454479217529,0.324013888835907,-0.1193598285317421,0.6086130738258362,0.3559868633747101,-0.16772009432315826,0.6501070261001587,0.3936383128166199,-0.17957322299480438,0.6746426820755005,0.42350780963897705,-0.1860412210226059,0.5381349921226501,0.3650953471660614,-0.12011565268039703,0.5926148891448975,0.3931001126766205,-0.15615935623645782,0.6342889070510864,0.422740638256073,-0.15914614498615265,0.6612933874130249,0.4430963397026062,-0.15966194868087769,0.5331010222434998,0.4049410820007324,-0.1214882880449295,0.5785742998123169,0.42605260014533997,-0.14415094256401062,0.6111612915992737,0.43847352266311646,-0.14746272563934326,0.6349658966064453,0.448607474565506,-0.14955656230449677,Right,0.9944915771484375
6652,94,1,0.8411734700202942,0.3574027419090271,-8.617303137725685e-08,0.8173532485961914,0.3301647901535034,-0.044370319694280624,0.7784550189971924,0.34998512268066406,-0.0625026747584343,0.7398404479026794,0.3843797445297241,-0.06887799501419067,0.7088333368301392,0.4130812883377075,-0.0702705830335617,0.7777085304260254,0.4536041021347046,-0.06412174552679062,0.7144347429275513,0.43032968044281006,-0.08172915875911713,0.7156667113304138,0.3890416920185089,-0.08238492906093597,0.7339382767677307,0.3705449402332306,-0.07941735535860062,0.7740257382392883,0.4709206819534302,-0.04376943036913872,0.7152198553085327,0.4235425889492035,-0.0614655576646328,0.7302625775337219,0.37222820520401,-0.05722572281956673,0.7537432312965393,0.35332489013671875,-0.05035838484764099,0.7685258984565735,0.47148698568344116,-0.02531232126057148,0.7200984358787537,0.41903752088546753,-0.04327717050909996,0.7381887435913086,0.3745792508125305,-0.03615613654255867,0.7596056461334229,0.3604714572429657,-0.02678622305393219,0.7660868167877197,0.46281930804252625,-0.009467389434576035,0.7290037870407104,0.4189697802066803,-0.0229203961789608,0.7422148585319519,0.3871423006057739,-0.021640460938215256,0.7585314512252808,0.380445659160614,-0.01663714461028576,Left,0.9927705526351929
6713,95,0,0.5188277363777161,0.3927067220211029,7.396484420496563e-07,0.5643607974052429,0.3610753118991852,-0.01403596717864275,0.5971572995185852,0.344163715839386,-0.04711148887872696,0.6228493452072144,0.3537523150444031,-0.07718932628631592,0.6520239114761353,0.3677423596382141,-0.10894200950860977,0.5857609510421753,0.29015636444091797,-0.1042575016617775,0.6339160203933716,0.31978878378868103,-0.15153877437114716,0.669745147228241,0.35447171330451965,-0.17530769109725952,0.6932350993156433,0.38472580909729004,-0.18894241750240326,0.5624300837516785,0.3152545392513275,-0.11679494380950928,0.6147940754890442,0.3396075963973999,-0.17114441096782684,0.6554182767868042,0.3801225423812866,-0.18649359047412872,0.6838111877441406,0.41405364871025085,-0.19465944170951843,0.5465524792671204,0.35319632291793823,-0.1262580305337906,0.5962814092636108,0.3764972984790802,-0.17149823904037476,0.6359127163887024,0.40925636887550354,-0.17675690352916718,0.6630152463912964,0.4343683123588562,-0.176382914185524,0.5385478138923645,0.3941414952278137,-0.13453204929828644,0.5811459422111511,0.4129200279712677,-0.16253270208835602,0.6152926087379456,0.43238717317581177,-0.16503658890724182,0.6414227485656738,0.44815415143966675,-0.16557247936725616,Right,0.999061644077301
6713,95,1,0.8455840349197388,0.3619369566440582,-8.52232702186484e-08,0.8227818012237549,0.34680554270744324,-0.04291374236345291,0.7806283831596375,0.36753520369529724,-0.05795033648610115,0.7379097938537598,0.39751455187797546,-0.0623500756919384,0.7042902708053589,0.42039158940315247,-0.06217457726597786,0.7686779499053955,0.46747589111328125,-0.04723968356847763,0.7106024026870728,0.429074227809906,-0.06399162113666534,0.7203969359397888,0.3859536647796631,-0.06754569709300995,0.7421190142631531,0.36598217487335205,-0.06579842418432236,0.7654441595077515,0.4757683575153351,-0.02663198672235012,0.7150260806083679,0.41872692108154297,-0.04469260200858116,0.7343277335166931,0.3669669032096863,-0.04445803537964821,0.7581519484519958,0.3423689603805542,-0.038484230637550354,0.7626922726631165,0.46846675872802734,-0.008777579292654991,0.7210394144058228,0.4094582796096802,-0.029302222654223442,0.7424824237823486,0.3666854500770569,-0.02772122249007225,0.7647124528884888,0.3486311733722687,-0.01960393227636814,0.7631835341453552,0.45422571897506714,0.006856128107756376,0.7306010127067566,0.4073786735534668,-0.009336504153907299,0.7467857003211975,0.3770356774330139,-0.010718653909862041,0.7638482451438904,0.368408203125,-0.005705320741981268,Left,0.9909182190895081
6773,96,0,0.5121258497238159,0.3942762315273285,7.284584739863931e-07,0.5522487759590149,0.35716354846954346,-0.018494775518774986,0.5898523330688477,0.33961015939712524,-0.04780213534832001,0.6223213076591492,0.35242336988449097,-0.07414402067661285,0.6509119868278503,0.37365350127220154,-0.10189129412174225,0.5761733055114746,0.2869529724121094,-0.08967156708240509,0.6292444467544556,0.31865620613098145,-0.1319187581539154,0.6668298840522766,0.34934040904045105,-0.15690648555755615,0.6946969628334045,0.3775770366191864,-0.17249256372451782,0.5504345297813416,0.31573715806007385,-0.09905543178319931,0.6090248823165894,0.34615811705589294,-0.1482880413532257,0.651912271976471,0.3824836313724518,-0.16716605424880981,0.6813289523124695,0.4135490953922272,-0.17791882157325745,0.536517322063446,0.35699978470802307,-0.10651764273643494,0.5911118984222412,0.3860795795917511,-0.1472342610359192,0.6322981119155884,0.4161631464958191,-0.1560402512550354,0.660309374332428,0.4387229382991791,-0.15816263854503632,0.5322854518890381,0.39840376377105713,-0.11401339620351791,0.5802898406982422,0.4219604432582855,-0.13882966339588165,0.6127070784568787,0.4371882677078247,-0.1430743783712387,0.6379806399345398,0.447969526052475,-0.1448776125907898,Right,0.9989675283432007
6773,96,1,0.8498947620391846,0.36358755826950073,-9.37946609269602e-08,0.8248741626739502,0.3412078619003296,-0.03914591670036316,0.7831687927246094,0.3591429591178894,-0.05375301092863083,0.7429285049438477,0.390912801027298,-0.058479055762290955,0.7096537351608276,0.41127249598503113,-0.05850018188357353,0.7705177068710327,0.45610857009887695,-0.04680950939655304,0.715582549571991,0.42141804099082947,-0.061568502336740494,0.7259504795074463,0.37693995237350464,-0.06312297284603119,0.7487346529960632,0.35546693205833435,-0.06033538281917572,0.7679524421691895,0.4728139638900757,-0.028111951425671577,0.7188863158226013,0.41970524191856384,-0.04290793091058731,0.7362117171287537,0.36917644739151,-0.04152042046189308,0.7595221996307373,0.3458508551120758,-0.03623034805059433,0.7656301856040955,0.47179436683654785,-0.011532759293913841,0.7240877151489258,0.4165036976337433,-0.028592122718691826,0.7435736060142517,0.37496766448020935,-0.025684822350740433,0.7664351463317871,0.3563618063926697,-0.01836497150361538,0.7665711045265198,0.46309590339660645,0.0029944211710244417,0.7327426075935364,0.41931065917015076,-0.011058175936341286,0.7461485862731934,0.3875036835670471,-0.011601739563047886,0.7620849609375,0.3755911588668823,-0.007127138786017895,Left,0.9884082674980164
6832,97,0,0.5018765330314636,0.40222036838531494,6.438421564780583e-07,0.5351719856262207,0.360755980014801,-0.023897921666502953,0.5788482427597046,0.3422498106956482,-0.04968833178281784,0.616326630115509,0.3592202067375183,-0.07115630060434341,0.6433272957801819,0.3812483847141266,-0.09401581436395645,0.5659539103507996,0.30795398354530334,-0.0758776068687439,0.627940833568573,0.34506523609161377,-0.1074117124080658,0.6649433970451355,0.3760750889778137,-0.12804894149303436,0.6916710138320923,0.40200892090797424,-0.14126428961753845,0.5438741445541382,0.3473670482635498,-0.07772134244441986,0.6121459603309631,0.3849359154701233,-0.1113283708691597,0.6553372740745544,0.4158030152320862,-0.12552215158939362,0.6852614879608154,0.44068342447280884,-0.13526180386543274,0.5330198407173157,0.3932419419288635,-0.07848439365625381,0.599130392074585,0.4278257489204407,-0.10617634654045105,0.6402658224105835,0.45019781589508057,-0.11177738010883331,0.6665496826171875,0.4676336348056793,-0.11344084143638611,0.5317015647888184,0.43355119228363037,-0.08023983240127563,0.5868232846260071,0.4543282687664032,-0.09570853412151337,0.6166486144065857,0.46139901876449585,-0.09575895965099335,0.6371279358863831,0.46574532985687256,-0.09548494219779968,Right,0.997148871421814
6832,97,1,0.8486284017562866,0.3657658100128174,1.1215381334750418e-07,0.8291518092155457,0.3309926390647888,-0.04000126197934151,0.7996626496315002,0.33766359090805054,-0.05892644450068474,0.7729570865631104,0.37542879581451416,-0.06754500418901443,0.7472749352455139,0.4050104320049286,-0.07175309956073761,0.794299840927124,0.4471980333328247,-0.062454357743263245,0.7349085807800293,0.4354226589202881,-0.07910174876451492,0.7253367900848389,0.4038715958595276,-0.08117463439702988,0.7319995760917664,0.38329017162323,-0.07950662821531296,0.787198543548584,0.47464901208877563,-0.0446927435696125,0.7319945096969604,0.43267765641212463,-0.06054149568080902,0.7409164309501648,0.38605377078056335,-0.05931195244193077,0.7613879442214966,0.36542588472366333,-0.05604790151119232,0.7785437107086182,0.4797119200229645,-0.02776574157178402,0.7301891446113586,0.4377197325229645,-0.04343613237142563,0.7404492497444153,0.39832261204719543,-0.038218408823013306,0.7600196003913879,0.3794982433319092,-0.032001350075006485,0.7732278108596802,0.47595664858818054,-0.013086870312690735,0.7349998354911804,0.44503700733184814,-0.026823727414011955,0.7419256567955017,0.41518551111221313,-0.02611139789223671,0.7556597590446472,0.40091198682785034,-0.02218632400035858,Left,0.9951924681663513
6890,98,0,0.49785593152046204,0.3968222141265869,6.827293077549257e-07,0.5296195149421692,0.3538099527359009,-0.018358200788497925,0.5740415453910828,0.3432820439338684,-0.041231993585824966,0.6137161254882812,0.3686392307281494,-0.05980321392416954,0.6395859718322754,0.3927122950553894,-0.07915505766868591,0.5621181726455688,0.31751951575279236,-0.07566072046756744,0.622835636138916,0.3520672023296356,-0.10475029051303864,0.6609435081481934,0.37982597947120667,-0.12160710245370865,0.6891968846321106,0.4026831090450287,-0.13172945380210876,0.5402116775512695,0.35738328099250793,-0.07845746725797653,0.6087674498558044,0.394334614276886,-0.1087024137377739,0.6518068313598633,0.41873976588249207,-0.118852399289608,0.6820424199104309,0.4378880262374878,-0.12629303336143494,0.529453694820404,0.40213868021965027,-0.0796382948756218,0.5954630374908447,0.435255765914917,-0.1022706851363182,0.6384257674217224,0.4494085907936096,-0.10685236006975174,0.6667169332504272,0.4599442183971405,-0.1090562716126442,0.5288284420967102,0.4408523738384247,-0.08142054826021194,0.5840758681297302,0.45931002497673035,-0.09260187298059464,0.6128208041191101,0.45805221796035767,-0.09304501861333847,0.6327590346336365,0.45727288722991943,-0.09398020058870316,Right,0.9921215176582336
6890,98,1,0.8546933531761169,0.3767881393432617,2.9055939876343473e-07,0.83066326379776,0.32922881841659546,-0.040452439337968826,0.801270067691803,0.3237888813018799,-0.06215016916394234,0.7759383320808411,0.3526022136211395,-0.07332070171833038,0.7499977350234985,0.377863347530365,-0.08015523105859756,0.7987759709358215,0.4195680618286133,-0.07186923176050186,0.7337506413459778,0.4419475197792053,-0.08618246018886566,0.7150844931602478,0.4184368848800659,-0.08303423970937729,0.7183437943458557,0.39761126041412354,-0.07657265663146973,0.7986878156661987,0.4555628299713135,-0.052310653030872345,0.7324542999267578,0.4559546113014221,-0.06482121348381042,0.7177227139472961,0.4191574454307556,-0.06046617403626442,0.7242222428321838,0.3921113908290863,-0.05496295541524887,0.7942298650741577,0.47159823775291443,-0.032594289630651474,0.7365842461585999,0.45888254046440125,-0.04218744486570358,0.7253140211105347,0.42533010244369507,-0.0385967493057251,0.7325314283370972,0.39972957968711853,-0.03467756137251854,0.7913660407066345,0.4754050374031067,-0.015202083624899387,0.7490956783294678,0.45982855558395386,-0.024355938658118248,0.7371187806129456,0.4356406331062317,-0.025915659964084625,0.7399252653121948,0.41656067967414856,-0.02455160580575466,Left,0.9978496432304382
6947,99,0,0.5023282766342163,0.39186927676200867,6.875600320199737e-07,0.5314529538154602,0.3498663604259491,-0.01765071600675583,0.5781185030937195,0.3387969732284546,-0.03814267739653587,0.6185616254806519,0.3640308082103729,-0.05373619869351387,0.6421113014221191,0.38525086641311646,-0.0701185092329979,0.5577019453048706,0.31919923424720764,-0.07176623493432999,0.6216405630111694,0.3501022458076477,-0.09566134214401245,0.6600461006164551,0.37508630752563477,-0.10746028274297714,0.6875429153442383,0.39628782868385315,-0.1135072261095047,0.5387595295906067,0.3647342026233673,-0.07278437912464142,0.6093266606330872,0.39453190565109253,-0.0957614853978157,0.6541558504104614,0.4135288894176483,-0.10074839740991592,0.6832451224327087,0.4291296899318695,-0.10454607754945755,0.5296528935432434,0.4100103974342346,-0.07214441895484924,0.5992847681045532,0.43640291690826416,-0.08745583146810532,0.6424405574798584,0.4436880946159363,-0.08880776166915894,0.6681556701660156,0.448220819234848,-0.08953310549259186,0.5312426090240479,0.447465717792511,-0.07220496982336044,0.5875758528709412,0.4571673572063446,-0.07977919280529022,0.617023766040802,0.451863169670105,-0.07924074679613113,0.6341615915298462,0.44770610332489014,-0.0793832316994667,Right,0.997484028339386
6947,99,1,0.8608623147010803,0.3661856949329376,3.257874539031036e-07,0.826576828956604,0.3215804398059845,-0.028547486290335655,0.7895322442054749,0.30647480487823486,-0.04998219758272171,0.7589182257652283,0.3203839659690857,-0.06341024488210678,0.7299919128417969,0.3341670334339142,-0.07332926988601685,0.7999347448348999,0.3824363350868225,-0.0708286240696907,0.7383891344070435,0.4324055016040802,-0.08631211519241333,0.7140771150588989,0.42266908288002014,-0.08223369717597961,0.7133670449256897,0.40108925104141235,-0.07456067949533463,0.811739981174469,0.4278987646102905,-0.059091027826070786,0.7404287457466125,0.45929908752441406,-0.07365979254245758,0.7221903800964355,0.4355206787586212,-0.06730454415082932,0.7283595204353333,0.41168469190597534,-0.06032021716237068,0.8181590437889099,0.45780348777770996,-0.04592230170965195,0.7538563013076782,0.4801855981349945,-0.05422810837626457,0.7373476624488831,0.45492973923683167,-0.04670244827866554,0.7419605255126953,0.4313795268535614,-0.04106295481324196,0.8224185705184937,0.4755927324295044,-0.0341838076710701,0.7749487161636353,0.4895196259021759,-0.04274160414934158,0.7586453557014465,0.47068095207214355,-0.041273701936006546,0.7583536505699158,0.45195168256759644,-0.038393035531044006,Left,0.9968646168708801
7003,100,0,0.502806544303894,0.3899975121021271,6.93104936999589e-07,0.5290311574935913,0.34754765033721924,-0.019164692610502243,0.5747056007385254,0.3356787860393524,-0.039696745574474335,0.6142717003822327,0.3600834608078003,-0.05448494851589203,0.6376281380653381,0.3806617558002472,-0.07015077024698257,0.5546379089355469,0.3169483244419098,-0.07481618225574493,0.6201032400131226,0.3488874137401581,-0.09836466610431671,0.6599719524383545,0.37100329995155334,-0.10944848507642746,0.6884212493896484,0.3900499641895294,-0.11472905427217484,0.5365740656852722,0.3644062578678131,-0.07434423267841339,0.6081448793411255,0.3926628828048706,-0.09744875133037567,0.6547620296478271,0.407898485660553,-0.10312412679195404,0.6843081116676331,0.42012259364128113,-0.10712345689535141,0.5286045074462891,0.40981727838516235,-0.0717974379658699,0.5987887978553772,0.43603774905204773,-0.08703406155109406,0.6443247199058533,0.4397130012512207,-0.08993382751941681,0.6711158752441406,0.4398818612098694,-0.09162141382694244,0.5310380458831787,0.4459414482116699,-0.06976570934057236,0.588624119758606,0.45443910360336304,-0.07800891250371933,0.620058536529541,0.44727879762649536,-0.07853835821151733,0.638567328453064,0.43980997800827026,-0.07916614413261414,Right,0.9981083869934082
7003,100,1,0.8615112900733948,0.36101558804512024,2.8130489226896316e-07,0.8237521648406982,0.3260459303855896,-0.013557049445807934,0.7796339988708496,0.31374603509902954,-0.027899663895368576,0.7457107305526733,0.31912288069725037,-0.03713634982705116,0.7202745079994202,0.32162028551101685,-0.044892605394124985,0.7995582818984985,0.35704857110977173,-0.05941782891750336,0.7443215250968933,0.4070115387439728,-0.07635032385587692,0.7201827764511108,0.4119633138179779,-0.07564052939414978,0.7159900665283203,0.400994211435318,-0.06992954015731812,0.8140217065811157,0.40305274724960327,-0.05512411892414093,0.7451940178871155,0.4459633529186249,-0.07074031978845596,0.7245520949363708,0.4323365390300751,-0.06489486992359161,0.7288669943809509,0.41171547770500183,-0.05731822922825813,0.8234797716140747,0.43898913264274597,-0.048443712294101715,0.7587886452674866,0.47152259945869446,-0.057417940348386765,0.7407681345939636,0.45362839102745056,-0.0485602430999279,0.7441568970680237,0.4340668022632599,-0.040450308471918106,0.8303292393684387,0.46465232968330383,-0.041824791580438614,0.7799493670463562,0.4856705367565155,-0.04825633764266968,0.7607883810997009,0.47164854407310486,-0.043851304799318314,0.7577319145202637,0.45670777559280396,-0.03844963386654854,Left,0.9978616833686829
7060,101,0,0.5037789344787598,0.38937854766845703,7.117594122973969e-07,0.5290298461914062,0.3440399467945099,-0.020983772352337837,0.5737595558166504,0.33299121260643005,-0.04334424436092377,0.6132717728614807,0.3548620045185089,-0.05892253667116165,0.6367462277412415,0.37370502948760986,-0.07541259378194809,0.5515875816345215,0.32141754031181335,-0.08349268138408661,0.6182456612586975,0.35030311346054077,-0.10926149785518646,0.6601182222366333,0.36884018778800964,-0.12076568603515625,0.6904958486557007,0.38425177335739136,-0.12604455649852753,0.5370525121688843,0.37144386768341064,-0.08222202211618423,0.6108344793319702,0.3958043158054352,-0.10780242830514908,0.6578865647315979,0.4045295715332031,-0.11362636089324951,0.6882159113883972,0.4096091389656067,-0.11747746914625168,0.5327407717704773,0.4165923297405243,-0.07834174484014511,0.6027719378471375,0.4383174479007721,-0.09460531175136566,0.6486758589744568,0.43434804677963257,-0.09686410427093506,0.6767395734786987,0.4278417229652405,-0.09820409119129181,0.537156343460083,0.450888991355896,-0.07500706613063812,0.5941491723060608,0.45564258098602295,-0.08390459418296814,0.6277913451194763,0.44496646523475647,-0.08451076596975327,0.6494321823120117,0.43571534752845764,-0.08524376899003983,Right,0.9960079193115234
7060,101,1,0.8613976240158081,0.36626750230789185,2.3756268774377531e-07,0.8240377306938171,0.3285336494445801,-0.009925535880029202,0.7725623846054077,0.31884878873825073,-0.024587156251072884,0.7340707778930664,0.3218330144882202,-0.034779250621795654,0.7167558670043945,0.31549298763275146,-0.044208500534296036,0.8021742105484009,0.3204834461212158,-0.06485429406166077,0.7375859618186951,0.36526885628700256,-0.08795008808374405,0.7157443761825562,0.37996146082878113,-0.09214253723621368,0.7180771231651306,0.3777676820755005,-0.08861283212900162,0.8177803754806519,0.3690820634365082,-0.06380145996809006,0.739391028881073,0.4125003516674042,-0.08568912744522095,0.7232127785682678,0.41109663248062134,-0.08101820200681686,0.7350209951400757,0.3976013958454132,-0.07307437807321548,0.8260228633880615,0.4133978486061096,-0.06015637889504433,0.7503896355628967,0.4520111083984375,-0.07162152975797653,0.7355502843856812,0.4419616162776947,-0.06077292561531067,0.7440909743309021,0.4252062141895294,-0.05041024088859558,0.8292630314826965,0.4493454694747925,-0.056405067443847656,0.7696042060852051,0.47216737270355225,-0.06098312884569168,0.7534847855567932,0.4610995948314667,-0.053269729018211365,0.7549194693565369,0.44763582944869995,-0.04597172513604164,Left,0.9980924129486084
7114,102,0,0.5045283436775208,0.3880525231361389,6.270813059927605e-07,0.527951717376709,0.34196019172668457,-0.018211936578154564,0.5751951336860657,0.3304814100265503,-0.037695739418268204,0.6158611178398132,0.3464158773422241,-0.04957006871700287,0.6410319209098816,0.35514575242996216,-0.06216166168451309,0.5510585308074951,0.3304203748703003,-0.081953264772892,0.6190481781959534,0.34794414043426514,-0.10515321046113968,0.6627255082130432,0.35926222801208496,-0.11500739306211472,0.6947909593582153,0.36841607093811035,-0.11930759251117706,0.5417097806930542,0.38127079606056213,-0.07872041314840317,0.6180955171585083,0.3962768614292145,-0.09792416542768478,0.6628625988960266,0.3970443308353424,-0.09962334483861923,0.6921592950820923,0.39560821652412415,-0.10140534490346909,0.5396239161491394,0.42397627234458923,-0.07207261025905609,0.6103062033653259,0.4363861083984375,-0.08238642662763596,0.6520246863365173,0.42410221695899963,-0.08031647652387619,0.6767581701278687,0.41347408294677734,-0.0799112543463707,0.5439215302467346,0.4537981152534485,-0.06554923951625824,0.5981254577636719,0.4530273973941803,-0.07118365168571472,0.6254568696022034,0.43611812591552734,-0.06871636211872101,0.641977846622467,0.42307260632514954,-0.06761586666107178,Right,0.9971781373023987
7114,102,1,0.8569082021713257,0.3776562809944153,2.339178877264203e-07,0.8268578052520752,0.3344685733318329,-0.0132956737652421,0.7761518359184265,0.31621071696281433,-0.028534958139061928,0.7373228073120117,0.314098060131073,-0.03819503262639046,0.7133423686027527,0.3056214153766632,-0.047385916113853455,0.8084593415260315,0.31877174973487854,-0.06969577074050903,0.7381089925765991,0.35070472955703735,-0.09414411336183548,0.7140520811080933,0.36039066314697266,-0.09868776053190231,0.717736542224884,0.36364245414733887,-0.09474725276231766,0.8192102313041687,0.36978238821029663,-0.06735766679048538,0.7380673885345459,0.39732977747917175,-0.09043088555335999,0.7167614102363586,0.3915432393550873,-0.08573582023382187,0.7282676696777344,0.38115718960762024,-0.077422596514225,0.8227843046188354,0.4145151972770691,-0.06283555924892426,0.7429606318473816,0.43633902072906494,-0.07871850579977036,0.7259798049926758,0.4236602187156677,-0.06760785728693008,0.7373090386390686,0.4096973240375519,-0.055034954100847244,0.8215481042861938,0.4527469575405121,-0.0581994503736496,0.7570118308067322,0.4643862247467041,-0.069858118891716,0.7419719099998474,0.44914180040359497,-0.06354449689388275,0.748741865158081,0.4343380331993103,-0.05461969971656799,Left,0.9995657205581665
7167,103,0,0.5016664266586304,0.3891475200653076,4.465989320578956e-07,0.5233935117721558,0.3399733901023865,-0.021381864324212074,0.5714027285575867,0.3260953426361084,-0.03861396387219429,0.6134873628616333,0.33854061365127563,-0.04761713370680809,0.6409159898757935,0.3413371443748474,-0.05628619343042374,0.5460308790206909,0.3447457551956177,-0.07953289896249771,0.6191612482070923,0.35214754939079285,-0.1001536101102829,0.6605342030525208,0.356946736574173,-0.10600149631500244,0.6917979717254639,0.35960304737091064,-0.10734839737415314,0.5412827134132385,0.3933211863040924,-0.07386035472154617,0.6227025389671326,0.3931952714920044,-0.09191561490297318,0.6655405163764954,0.38440385460853577,-0.09299928694963455,0.6954678297042847,0.37528470158576965,-0.09338422864675522,0.5453113317489624,0.43160754442214966,-0.06508928537368774,0.6201975345611572,0.42689770460128784,-0.07640452682971954,0.6586123108863831,0.40795475244522095,-0.07501395791769028,0.6819683909416199,0.39065614342689514,-0.07394992560148239,0.5551780462265015,0.4560758173465729,-0.056687988340854645,0.6103596091270447,0.44254380464553833,-0.06426859647035599,0.6356117129325867,0.42176055908203125,-0.06283877789974213,0.6510331034660339,0.40427443385124207,-0.061419472098350525,Right,0.9955170154571533
7167,103,1,0.8609941005706787,0.37256404757499695,1.3518473451767932e-07,0.8326169848442078,0.33003488183021545,-0.012196175754070282,0.7827431559562683,0.31421929597854614,-0.027801288291811943,0.7408958673477173,0.3117128610610962,-0.038215115666389465,0.7119609117507935,0.29693132638931274,-0.04888969659805298,0.8067585825920105,0.30862367153167725,-0.0670388787984848,0.7379915118217468,0.33556342124938965,-0.0900002047419548,0.7138761281967163,0.34839093685150146,-0.09539370238780975,0.7152887582778931,0.3606139123439789,-0.09339121729135513,0.8155900835990906,0.3578908443450928,-0.06646315008401871,0.7336584329605103,0.3870368003845215,-0.0878291055560112,0.718072235584259,0.38149404525756836,-0.08448650687932968,0.7326645255088806,0.3751909136772156,-0.07887225598096848,0.818469762802124,0.40365442633628845,-0.06377778947353363,0.7377328276634216,0.4255828559398651,-0.07958538830280304,0.7248664498329163,0.41244328022003174,-0.07146599143743515,0.7392523884773254,0.40198636054992676,-0.06236572191119194,0.8172370195388794,0.443911075592041,-0.06066814437508583,0.7512754797935486,0.4541406035423279,-0.07347177714109421,0.7406989336013794,0.43842461705207825,-0.0690993145108223,0.7512087225914001,0.4268103241920471,-0.06257326900959015,Left,0.9997334480285645
7221,104,0,0.5019029378890991,0.38052523136138916,3.28762354229184e-07,0.5256847739219666,0.3334009349346161,-0.023795008659362793,0.5730757713317871,0.32202714681625366,-0.04147496446967125,0.6128059029579163,0.33772894740104675,-0.04990800842642784,0.6390206217765808,0.3507581353187561,-0.05773831158876419,0.5446972846984863,0.34579095244407654,-0.08550000190734863,0.6190649271011353,0.35127827525138855,-0.10634297132492065,0.6599948406219482,0.35455507040023804,-0.11116140335798264,0.6907266974449158,0.3563212454319,-0.11200355738401413,0.5416653156280518,0.3932475447654724,-0.07741759717464447,0.6240915060043335,0.39358997344970703,-0.09476321190595627,0.6654382944107056,0.38520410656929016,-0.0931931883096695,0.6932597756385803,0.37734168767929077,-0.09177658706903458,0.5466461777687073,0.43062761425971985,-0.06617902219295502,0.6230016946792603,0.4249333143234253,-0.07672526687383652,0.6567718982696533,0.4054892361164093,-0.07171910256147385,0.674393892288208,0.3888096809387207,-0.06805334240198135,0.5563587546348572,0.4533365070819855,-0.05561963841319084,0.6104320883750916,0.4373958706855774,-0.06354794651269913,0.6349131464958191,0.4127214550971985,-0.06100136414170265,0.6482926607131958,0.39374226331710815,-0.058395445346832275,Right,0.9906007051467896
7221,104,1,0.8614546656608582,0.365259051322937,6.789884565705506e-08,0.8336512446403503,0.3231690227985382,-0.00914761982858181,0.7842685580253601,0.3060304820537567,-0.023314325138926506,0.7416059970855713,0.30528494715690613,-0.03300828859210014,0.7120989561080933,0.28865161538124084,-0.043019697070121765,0.802800714969635,0.30007192492485046,-0.06430049240589142,0.7324167490005493,0.3241533935070038,-0.08271956443786621,0.7122761011123657,0.3423570990562439,-0.08414608985185623,0.7170771956443787,0.35735467076301575,-0.08073345571756363,0.8131282925605774,0.34814247488975525,-0.06505629420280457,0.7333256602287292,0.3787824809551239,-0.08255543559789658,0.7242454886436462,0.37637341022491455,-0.07637026906013489,0.7399102449417114,0.3703276813030243,-0.0703437551856041,0.817755937576294,0.3942093849182129,-0.06329993158578873,0.7379710078239441,0.4177854359149933,-0.0762152373790741,0.7322598695755005,0.4082106351852417,-0.06529310345649719,0.7494322657585144,0.39916861057281494,-0.05586177483201027,0.8179704546928406,0.43514135479927063,-0.060941800475120544,0.7538164258003235,0.44640663266181946,-0.07287102937698364,0.746886134147644,0.43369075655937195,-0.06758304685354233,0.7588686347007751,0.42416948080062866,-0.06114397570490837,Left,0.9995351433753967
7272,105,0,0.49721845984458923,0.37857919931411743,1.907605451378913e-07,0.528063178062439,0.3308752179145813,-0.022259598597884178,0.5756436586380005,0.3233267068862915,-0.037525247782468796,0.6145862340927124,0.34102335572242737,-0.04467751085758209,0.6403465270996094,0.3563711941242218,-0.05116164684295654,0.5456095933914185,0.34903866052627563,-0.07638615369796753,0.6161229014396667,0.35536426305770874,-0.09737258404493332,0.6567274928092957,0.3563430607318878,-0.10299330949783325,0.6878173351287842,0.3553468883037567,-0.10433682054281235,0.5415276885032654,0.3955288827419281,-0.06923147290945053,0.6202834844589233,0.39695054292678833,-0.08697943389415741,0.6608372926712036,0.3880629539489746,-0.08583041280508041,0.6879648566246033,0.3779734671115875,-0.08396992832422256,0.5447188019752502,0.4317282438278198,-0.05960986390709877,0.6185125708580017,0.4244440793991089,-0.07132605463266373,0.6536190509796143,0.40587377548217773,-0.0662493109703064,0.6730979681015015,0.38851216435432434,-0.06143971532583237,0.5530230402946472,0.4534866213798523,-0.05071989446878433,0.6083614826202393,0.43989044427871704,-0.05861375480890274,0.635179340839386,0.4192022681236267,-0.05526033788919449,0.6502424478530884,0.4028742015361786,-0.051483966410160065,Right,0.9924075603485107
7272,105,1,0.877521812915802,0.3452865183353424,-1.0660897231673516e-07,0.8447979688644409,0.3122440278530121,-0.0052189514972269535,0.7930447459220886,0.296883761882782,-0.018810750916600227,0.7485108971595764,0.2931865453720093,-0.028955068439245224,0.7173242568969727,0.27882519364356995,-0.04001148045063019,0.803939163684845,0.27599090337753296,-0.06692830473184586,0.7381887435913086,0.3056516647338867,-0.0835757851600647,0.7201866507530212,0.33822908997535706,-0.07963649928569794,0.7257069945335388,0.3601088225841522,-0.07305572926998138,0.8202701807022095,0.31376326084136963,-0.07149951905012131,0.7450748682022095,0.36454829573631287,-0.08753427863121033,0.741755485534668,0.379994660615921,-0.0748385488986969,0.7574071288108826,0.3764565885066986,-0.06444938480854034,0.8319826126098633,0.35806113481521606,-0.07325427234172821,0.7567580938339233,0.40678268671035767,-0.08651348948478699,0.7546263933181763,0.41123509407043457,-0.06971970945596695,0.7711231708526611,0.4016559422016144,-0.056426286697387695,0.8399118185043335,0.4043288230895996,-0.07407444715499878,0.7779673933982849,0.43459898233413696,-0.08617296069860458,0.7699868083000183,0.43051737546920776,-0.07812709361314774,0.7792191505432129,0.4178752303123474,-0.06969456374645233,Left,0.9951395988464355
7324,106,0,0.48174405097961426,0.38107943534851074,7.904140630898837e-08,0.5134877562522888,0.3322446048259735,-0.02397417463362217,0.5653939247131348,0.32360032200813293,-0.03750593960285187,0.6070985198020935,0.3386279046535492,-0.043417900800704956,0.6360571384429932,0.3469952940940857,-0.04842069000005722,0.5305860042572021,0.354136198759079,-0.07057024538516998,0.5978414416313171,0.3576330840587616,-0.09038367122411728,0.6379243731498718,0.35593196749687195,-0.09578585624694824,0.6694399118423462,0.3529800474643707,-0.09742046892642975,0.5261138081550598,0.3982478380203247,-0.06373710930347443,0.5994105339050293,0.3980555236339569,-0.08177951723337173,0.6417522430419922,0.38648509979248047,-0.08275234699249268,0.6707877516746521,0.37410768866539,-0.08267644047737122,0.5280011892318726,0.43189865350723267,-0.0553080178797245,0.5951971411705017,0.4269753396511078,-0.06951746344566345,0.6316355466842651,0.4086734652519226,-0.06873564422130585,0.65318763256073,0.389996200799942,-0.0666094720363617,0.5341619253158569,0.4532083570957184,-0.04778659716248512,0.5873584151268005,0.44481775164604187,-0.05900484323501587,0.6146025061607361,0.42475438117980957,-0.059386979788541794,0.6299319267272949,0.4060913026332855,-0.05824623256921768,Right,0.9953697323799133
7324,106,1,0.9011849164962769,0.33293062448501587,-1.8509632582208724e-07,0.8624414801597595,0.3005378246307373,-0.006155622657388449,0.8122896552085876,0.28683608770370483,-0.025874486193060875,0.7702000737190247,0.2841830849647522,-0.04300661385059357,0.7366777658462524,0.26622718572616577,-0.06136646494269371,0.8274793028831482,0.2568370997905731,-0.07527141273021698,0.7581065893173218,0.28971266746520996,-0.09467237442731857,0.7446478009223938,0.32503631711006165,-0.09084780514240265,0.7547151446342468,0.34305205941200256,-0.08485583961009979,0.8487155437469482,0.2911708652973175,-0.0818832665681839,0.7720972299575806,0.3476121127605438,-0.09861434251070023,0.7633816003799438,0.3742009103298187,-0.08474254608154297,0.774634838104248,0.3764289319515228,-0.07516303658485413,0.8640611171722412,0.33483320474624634,-0.08589018136262894,0.7851000428199768,0.39014720916748047,-0.10091855376958847,0.7750988006591797,0.40655913949012756,-0.08205972611904144,0.7864944934844971,0.4035300314426422,-0.06881598383188248,0.8718979358673096,0.38064634799957275,-0.08906418830156326,0.8089693784713745,0.4158577024936676,-0.10466092079877853,0.7921088337898254,0.4210883378982544,-0.09748102724552155,0.7923214435577393,0.4145730137825012,-0.09024693071842194,Left,0.995608925819397
7373,107,0,0.44987952709198,0.3961544930934906,-2.4822046640338158e-08,0.4613657295703888,0.34338822960853577,-0.04037223383784294,0.5026553273200989,0.32021310925483704,-0.06698647886514664,0.54139244556427,0.3252367675304413,-0.08041831105947495,0.571397066116333,0.3283689320087433,-0.09296383708715439,0.4735441207885742,0.3605622947216034,-0.11595623195171356,0.5396697521209717,0.3547443151473999,-0.14794330298900604,0.579407811164856,0.34339699149131775,-0.15896156430244446,0.6090667843818665,0.33199435472488403,-0.1638258844614029,0.47928670048713684,0.4051881730556488,-0.10102736204862595,0.5561475157737732,0.38637012243270874,-0.12785112857818604,0.5920076966285706,0.3596654236316681,-0.12429224699735641,0.6125454306602478,0.33964741230010986,-0.12053629755973816,0.4901173710823059,0.4358478784561157,-0.08438364416360855,0.558607280254364,0.4107570946216583,-0.10640957951545715,0.5818560123443604,0.3801578879356384,-0.09758929908275604,0.5914157629013062,0.35861918330192566,-0.08886595815420151,0.5013222098350525,0.4522881805896759,-0.06936824321746826,0.5546228885650635,0.42558741569519043,-0.08792883902788162,0.5727187395095825,0.39656251668930054,-0.08636781573295593,0.5790234208106995,0.3776114881038666,-0.08267567306756973,Right,0.9201288819313049
7423,108,0,0.466377854347229,0.40372946858406067,2.9570845772042276e-09,0.46619123220443726,0.3550890386104584,-0.027699746191501617,0.4805620014667511,0.33058270812034607,-0.04972248151898384,0.5024453997612,0.330784410238266,-0.062625952064991,0.5262467265129089,0.33243975043296814,-0.07501114159822464,0.4301031827926636,0.3624951243400574,-0.09452040493488312,0.47994840145111084,0.35834547877311707,-0.12136675417423248,0.5181642174720764,0.35062849521636963,-0.13179141283035278,0.5464117527008057,0.34309637546539307,-0.13705287873744965,0.4318017363548279,0.4030320644378662,-0.08761696517467499,0.4983512759208679,0.39493200182914734,-0.11240793764591217,0.5393076539039612,0.37437593936920166,-0.11354080587625504,0.5652808547019958,0.35818105936050415,-0.11443773657083511,0.4463196098804474,0.43393439054489136,-0.07828419655561447,0.5048010349273682,0.41668426990509033,-0.10026633739471436,0.53765869140625,0.39012211561203003,-0.09811840951442719,0.5571304559707642,0.36965054273605347,-0.09481548517942429,0.46595051884651184,0.45492345094680786,-0.06950162351131439,0.5078721642494202,0.4320007562637329,-0.08642851561307907,0.531024694442749,0.406972736120224,-0.08629077672958374,0.5449532866477966,0.38675540685653687,-0.08519978076219559,Right,0.9959589838981628
7491,109,0,0.4317939579486847,0.39812877774238586,-9.562339187141333e-08,0.43288537859916687,0.3593202233314514,-0.02964875102043152,0.44744598865509033,0.33383709192276,-0.05598843842744827,0.4732355773448944,0.331325888633728,-0.07778474688529968,0.49949342012405396,0.3432352542877197,-0.0995170921087265,0.40953731536865234,0.36253365874290466,-0.07356509566307068,0.4826558828353882,0.37185919284820557,-0.11272946000099182,0.5259692668914795,0.36518144607543945,-0.13391152024269104,0.5560774803161621,0.35628193616867065,-0.14397186040878296,0.4132480323314667,0.4085578918457031,-0.0714736357331276,0.48802539706230164,0.4020278751850128,-0.10865818709135056,0.5308879017829895,0.3853922188282013,-0.11498259752988815,0.558307409286499,0.3732246160507202,-0.1153588518500328,0.4236573576927185,0.44276192784309387,-0.07029607892036438,0.49398791790008545,0.42669326066970825,-0.10122270882129669,0.527759313583374,0.40500009059906006,-0.09655872732400894,0.5464170575141907,0.38800159096717834,-0.08818784356117249,0.43895068764686584,0.46323326230049133,-0.0716729462146759,0.4923637807369232,0.44544586539268494,-0.09392625093460083,0.5161769390106201,0.4228014051914215,-0.09358590096235275,0.5270642638206482,0.40433448553085327,-0.08931704610586166,Right,0.9940627813339233
7557,110,0,0.4431787133216858,0.39071619510650635,-3.5642750617626007e-07,0.46222272515296936,0.3589853048324585,-0.038902539759874344,0.4786301255226135,0.34759780764579773,-0.06830538809299469,0.4975709319114685,0.36507585644721985,-0.0898885652422905,0.5148268938064575,0.3878476619720459,-0.111397385597229,0.43261969089508057,0.355543851852417,-0.0830622985959053,0.48407965898513794,0.38074398040771484,-0.11688896268606186,0.5202290415763855,0.3979445695877075,-0.13401587307453156,0.5488216876983643,0.4078789949417114,-0.14159153401851654,0.4191082715988159,0.3960922360420227,-0.07435094565153122,0.4789752960205078,0.4160090684890747,-0.10326270759105682,0.5215250849723816,0.42399346828460693,-0.10984738916158676,0.5525578260421753,0.42399296164512634,-0.11258156597614288,0.41592326760292053,0.43295711278915405,-0.06625810265541077,0.47187626361846924,0.4485142230987549,-0.09295280277729034,0.5082473158836365,0.4502226710319519,-0.09391995519399643,0.535060465335846,0.44691601395606995,-0.09121323376893997,0.42125460505485535,0.4606187045574188,-0.060440827161073685,0.462777704000473,0.4730825126171112,-0.0797950029373169,0.49408164620399475,0.4723040461540222,-0.07948635518550873,0.5167881846427917,0.46842387318611145,-0.0762035995721817,Right,0.9992965459823608
7557,110,1,0.42504963278770447,0.3648850619792938,-4.051912583236117e-07,0.45195433497428894,0.33456265926361084,-0.05180274695158005,0.4800999164581299,0.33658668398857117,-0.08674246817827225,0.5046116709709167,0.36458873748779297,-0.10956137627363205,0.5266450643539429,0.38607388734817505,-0.13134834170341492,0.41917136311531067,0.37210583686828613,-0.11987970769405365,0.4865534007549286,0.39654740691185,-0.15720178186893463,0.5288667678833008,0.4043413996696472,-0.17081277072429657,0.5592369437217712,0.41051605343818665,-0.17707762122154236,0.4157174825668335,0.4213772118091583,-0.10363397002220154,0.49015459418296814,0.43350571393966675,-0.1353762000799179,0.5354675054550171,0.4308353364467621,-0.13745702803134918,0.5643911361694336,0.42352837324142456,-0.14029625058174133,0.4233945310115814,0.4572764039039612,-0.08757533133029938,0.4904750883579254,0.47036436200141907,-0.11787354946136475,0.5317705273628235,0.4653306305408478,-0.12201256304979324,0.5594965815544128,0.45891451835632324,-0.12454882264137268,0.4350908100605011,0.4823726415634155,-0.07374194264411926,0.4820820093154907,0.495434433221817,-0.09761971235275269,0.5142698287963867,0.4940228760242462,-0.10405731946229935,0.5390439033508301,0.49004387855529785,-0.10828243941068649,Right,0.9877768158912659
7621,111,0,0.4607710540294647,0.408748984336853,-3.231037339901377e-07,0.48176854848861694,0.3765888810157776,-0.04178565368056297,0.49623408913612366,0.3601107895374298,-0.07298655062913895,0.5124993920326233,0.36831769347190857,-0.09558743983507156,0.5288116931915283,0.38844892382621765,-0.11870861053466797,0.44723865389823914,0.3650149405002594,-0.09075304120779037,0.49180901050567627,0.39419353008270264,-0.12507958710193634,0.5288065671920776,0.41618114709854126,-0.14174075424671173,0.5586581230163574,0.4312973618507385,-0.14856195449829102,0.4302680194377899,0.40296417474746704,-0.08004356920719147,0.4801878035068512,0.43414145708084106,-0.10867979377508163,0.5213645696640015,0.45158255100250244,-0.11490865051746368,0.5542791485786438,0.4582183361053467,-0.11746980249881744,0.4238358736038208,0.4391137361526489,-0.06957544386386871,0.4699726998806,0.46714216470718384,-0.09567079693078995,0.5068708658218384,0.476580947637558,-0.09565487504005432,0.5358141660690308,0.4775766134262085,-0.09223657846450806,0.4269271194934845,0.46794331073760986,-0.061432745307683945,0.4617588520050049,0.489507257938385,-0.08072252571582794,0.4930848777294159,0.4961254298686981,-0.07962451875209808,0.5177674889564514,0.49602630734443665,-0.07558151334524155,Right,0.9975778460502625
7667,112,0,0.4703451991081238,0.4156491756439209,-3.5086242178294924e-07,0.4937741160392761,0.3887627422809601,-0.03087986633181572,0.5162647366523743,0.37377694249153137,-0.05797956511378288,0.5380083322525024,0.3819188177585602,-0.0807158425450325,0.5544644594192505,0.3973202407360077,-0.10382942110300064,0.4707890748977661,0.36534202098846436,-0.06747011095285416,0.5172990560531616,0.407875120639801,-0.10083354264497757,0.5500941872596741,0.44134682416915894,-0.11938304454088211,0.5748995542526245,0.4614124894142151,-0.12827381491661072,0.4488293528556824,0.4048119783401489,-0.06399890780448914,0.4986438751220703,0.4488999843597412,-0.0917588323354721,0.5368445515632629,0.4763821065425873,-0.09851142764091492,0.5626488327980042,0.48864269256591797,-0.10152998566627502,0.4386114478111267,0.44311073422431946,-0.06119720637798309,0.48006922006607056,0.48414164781570435,-0.08717965334653854,0.5160283446311951,0.49925145506858826,-0.08571577072143555,0.5396681427955627,0.5010476112365723,-0.08142635971307755,0.4379340410232544,0.4759562909603119,-0.0602618083357811,0.469087690114975,0.5102530717849731,-0.07860603928565979,0.49675416946411133,0.5175360441207886,-0.0750509649515152,0.5152916312217712,0.5136396288871765,-0.06937278807163239,Right,0.999383270740509
7731,113,0,0.4633029103279114,0.3942813277244568,-3.279659210875252e-07,0.49845802783966064,0.37616676092147827,-0.03218494728207588,0.5317693948745728,0.37769854068756104,-0.06290321052074432,0.5584911704063416,0.40546923875808716,-0.08910995721817017,0.5726092457771301,0.43730729818344116,-0.11650097370147705,0.4925486445426941,0.3758139908313751,-0.08229192346334457,0.5402246713638306,0.43782803416252136,-0.12060663104057312,0.5713985562324524,0.4727049469947815,-0.14244626462459564,0.5919858813285828,0.4882851243019104,-0.15397909283638,0.4675321578979492,0.41233572363853455,-0.07978668808937073,0.5181968212127686,0.46859878301620483,-0.11130565404891968,0.5564589500427246,0.49983882904052734,-0.11767512559890747,0.5778468251228333,0.5084015130996704,-0.12200509756803513,0.4518151581287384,0.4482276141643524,-0.07729528099298477,0.4896214008331299,0.4975631535053253,-0.1055290549993515,0.5244728922843933,0.5176136493682861,-0.10116215795278549,0.5444203019142151,0.5146763324737549,-0.09628226608037949,0.4448578953742981,0.4792023301124573,-0.07695269584655762,0.46402934193611145,0.525866687297821,-0.0957224890589714,0.48911529779434204,0.535548210144043,-0.09050282835960388,0.5068689584732056,0.527706503868103,-0.0851837545633316,Right,0.9975266456604004
7731,113,1,0.8578976392745972,0.47082751989364624,3.919815014796768e-07,0.8231829404830933,0.45723941922187805,-0.01981140300631523,0.8034488558769226,0.4312218129634857,-0.041985154151916504,0.7888296842575073,0.4312358796596527,-0.06002648547291756,0.7768087387084961,0.4505918025970459,-0.07995212078094482,0.8473120331764221,0.36746153235435486,-0.08149708062410355,0.8207972049713135,0.41034427285194397,-0.11141981929540634,0.7948175668716431,0.4653141498565674,-0.12761488556861877,0.774360716342926,0.5135979652404785,-0.1374582201242447,0.8880874514579773,0.3938964009284973,-0.0845508798956871,0.8477080464363098,0.4609048366546631,-0.11599691957235336,0.8120070099830627,0.5186013579368591,-0.12614977359771729,0.7838407158851624,0.5597578883171082,-0.13443312048912048,0.9128589630126953,0.43625277280807495,-0.08506850153207779,0.8784900307655334,0.4994489252567291,-0.11225863546133041,0.8420504331588745,0.5510698556900024,-0.11625359207391739,0.8123713731765747,0.5843753814697266,-0.11778883635997772,0.9270823001861572,0.48313233256340027,-0.08595191687345505,0.9013580083847046,0.5321962237358093,-0.10371830314397812,0.8740612268447876,0.564540445804596,-0.1048385426402092,0.8487654328346252,0.5852574706077576,-0.10624705255031586,Left,0.9994706511497498
7792,114,0,0.46448659896850586,0.37391987442970276,9.909894771453764e-08,0.5057604312896729,0.36939531564712524,-0.029392804950475693,0.5489029884338379,0.40295588970184326,-0.046570081263780594,0.5806049704551697,0.4439827501773834,-0.05477524921298027,0.6066266894340515,0.4662933349609375,-0.060743462294340134,0.5017622709274292,0.39409101009368896,-0.08375617861747742,0.545722484588623,0.4678848385810852,-0.10377425700426102,0.5764300227165222,0.5054826140403748,-0.10587389022111893,0.5987573862075806,0.5267398357391357,-0.10517217963933945,0.47258761525154114,0.4244338870048523,-0.0738581046462059,0.51490318775177,0.4980468451976776,-0.09372247010469437,0.5470309853553772,0.518173098564148,-0.0878944918513298,0.5626296997070312,0.5131193995475769,-0.0826602578163147,0.45376133918762207,0.45132744312286377,-0.0631597638130188,0.480436772108078,0.5215425491333008,-0.07865920662879944,0.5117158889770508,0.5371801853179932,-0.07337275892496109,0.5285360217094421,0.5247275233268738,-0.06772894412279129,0.4431306719779968,0.4709084630012512,-0.0542038232088089,0.4464908540248871,0.5319363474845886,-0.06812115013599396,0.46721673011779785,0.5462220907211304,-0.07135256379842758,0.4842642545700073,0.5344830751419067,-0.07210095226764679,Right,0.9929754137992859
7792,114,1,0.857647180557251,0.4368487298488617,-4.574980607685575e-07,0.8218252062797546,0.4273352324962616,-0.02509230002760887,0.7867392301559448,0.4341541826725006,-0.05459017679095268,0.763234555721283,0.45944514870643616,-0.0815960243344307,0.743730902671814,0.4786261022090912,-0.1106242761015892,0.8175023794174194,0.38595709204673767,-0.07486386597156525,0.7832903861999512,0.4374171495437622,-0.10999004542827606,0.7595697045326233,0.48281875252723694,-0.13062584400177002,0.7407578229904175,0.5187615156173706,-0.14128650724887848,0.8519744277000427,0.4095432162284851,-0.08022818714380264,0.8171947002410889,0.4737754166126251,-0.11537882685661316,0.7821916937828064,0.5268591642379761,-0.12627382576465607,0.7567185163497925,0.5651423931121826,-0.13120876252651215,0.8794270753860474,0.4421044588088989,-0.08442921936511993,0.8485612869262695,0.5089510083198547,-0.11993047595024109,0.8132467269897461,0.55815190076828,-0.1184641420841217,0.7876103520393372,0.5882399678230286,-0.11245527863502502,0.8988215923309326,0.47991955280303955,-0.08990869671106339,0.8773811459541321,0.5400915741920471,-0.11571553349494934,0.847696840763092,0.5785292387008667,-0.10931578278541565,0.8243018388748169,0.5998308062553406,-0.10086283087730408,Left,0.9969613552093506
7837,115,0,0.4714067280292511,0.3702118396759033,1.8924811939768915e-08,0.5139071941375732,0.37676024436950684,-0.026878196746110916,0.5536347031593323,0.4173530042171478,-0.043570756912231445,0.5834851861000061,0.4575948715209961,-0.05225274711847305,0.6100307703018188,0.4784410297870636,-0.05870821699500084,0.5071642994880676,0.3998744487762451,-0.08148862421512604,0.5483103394508362,0.48454418778419495,-0.10404553264379501,0.5778080821037292,0.5221627950668335,-0.1084488034248352,0.5984676480293274,0.5423081517219543,-0.10884471237659454,0.47590383887290955,0.4256785213947296,-0.07313424348831177,0.5161371231079102,0.5088362693786621,-0.09473562240600586,0.5489149689674377,0.5279080867767334,-0.0885363295674324,0.5655420422554016,0.5205132365226746,-0.08250948786735535,0.45623862743377686,0.44911473989486694,-0.06421607732772827,0.4811357259750366,0.5283246040344238,-0.08110340684652328,0.5106838345527649,0.5441280007362366,-0.07429062575101852,0.5263950824737549,0.531870424747467,-0.06709465384483337,0.4468671679496765,0.46707963943481445,-0.057103753089904785,0.4420308768749237,0.5287753343582153,-0.07328157871961594,0.4566989243030548,0.546751856803894,-0.07726291567087173,0.46983325481414795,0.5390346646308899,-0.07804295420646667,Right,0.9925399422645569
7837,115,1,0.820944607257843,0.39874595403671265,-4.64332515548449e-07,0.8423235416412354,0.4462791383266449,-0.03551856428384781,0.8445682525634766,0.4988439679145813,-0.07233919203281403,0.8256560564041138,0.5397786498069763,-0.1027088537812233,0.8008860349655151,0.5584436655044556,-0.13530653715133667,0.8637107014656067,0.4510917663574219,-0.1148209348320961,0.8568644523620605,0.5084699392318726,-0.15819452702999115,0.8393864035606384,0.5608886480331421,-0.17973287403583527,0.8181191682815552,0.6020619869232178,-0.19185417890548706,0.8410241007804871,0.42660510540008545,-0.11568325757980347,0.8135996460914612,0.4899411201477051,-0.15544229745864868,0.7844937443733215,0.5488560795783997,-0.16968539357185364,0.7600243091583252,0.5864855051040649,-0.1827039271593094,0.8129103779792786,0.4128139317035675,-0.11474569141864777,0.7841225862503052,0.47132840752601624,-0.1565466821193695,0.7576701641082764,0.5345116853713989,-0.1671323925256729,0.7368124723434448,0.5780200958251953,-0.17342509329319,0.7855442762374878,0.40873515605926514,-0.11393894255161285,0.7589621543884277,0.4566602408885956,-0.1482972502708435,0.7433817982673645,0.5077230334281921,-0.1546880155801773,0.7311413884162903,0.5452877283096313,-0.1585230976343155,Right,0.9286696910858154
7881,116,0,0.47190940380096436,0.36042165756225586,-2.537614385289544e-08,0.5140942931175232,0.37367480993270874,-0.02624177746474743,0.5540025234222412,0.4163489043712616,-0.042641788721084595,0.5844523906707764,0.4577414393424988,-0.05202358961105347,0.61204993724823,0.4823499023914337,-0.05891813710331917,0.5100685358047485,0.4049395024776459,-0.07631382346153259,0.5511024594306946,0.4879007935523987,-0.10091374814510345,0.5813598036766052,0.5239341855049133,-0.10633446276187897,0.6020059585571289,0.5431076288223267,-0.10624675452709198,0.47818809747695923,0.42947065830230713,-0.06827978789806366,0.5179300904273987,0.5097715854644775,-0.09056339412927628,0.5499442219734192,0.5296785831451416,-0.08358332514762878,0.5648698210716248,0.5227943062782288,-0.0757516399025917,0.45741549134254456,0.4510408043861389,-0.06019318848848343,0.4827686548233032,0.5293523669242859,-0.07886575907468796,0.5122761130332947,0.5434003472328186,-0.06862033158540726,0.5271686315536499,0.5291553139686584,-0.05716709420084953,0.44713732600212097,0.4681317210197449,-0.05402188375592232,0.4417695999145508,0.5291765928268433,-0.07095170021057129,0.4558493494987488,0.5477060079574585,-0.07205405086278915,0.4674752354621887,0.5402052998542786,-0.06905984878540039,Right,0.9922749996185303
7881,116,1,0.8275180459022522,0.43619024753570557,7.803740231793199e-07,0.8574157357215881,0.45930784940719604,-0.03720192611217499,0.863852858543396,0.50035560131073,-0.07090707868337631,0.8429861068725586,0.5429245233535767,-0.0958762988448143,0.8231700658798218,0.5796182155609131,-0.12220022082328796,0.8598535656929016,0.4556886553764343,-0.1051899790763855,0.833767831325531,0.5156620740890503,-0.14305421710014343,0.8164792060852051,0.5668232440948486,-0.16655974090099335,0.7951265573501587,0.6051359176635742,-0.18217305839061737,0.8256145715713501,0.4342581033706665,-0.10186310112476349,0.7833428978919983,0.49466273188591003,-0.14273475110530853,0.7613747119903564,0.5477467179298401,-0.15722152590751648,0.7415004968643188,0.5851736068725586,-0.1688016951084137,0.7929859161376953,0.4219989478588104,-0.09734968096017838,0.7596918940544128,0.4821479320526123,-0.12870070338249207,0.7483426928520203,0.5301741361618042,-0.1319875866174698,0.7385226488113403,0.5629072785377502,-0.13460074365139008,0.7679991722106934,0.4172403812408447,-0.09476186335086823,0.7478684782981873,0.4554005563259125,-0.11693647503852844,0.7404628992080688,0.4863906502723694,-0.11928467452526093,0.7347935438156128,0.5103166103363037,-0.1216466948390007,Right,0.9579489231109619
7924,117,0,0.4744126498699188,0.35731086134910583,-9.331562189629494e-09,0.5198269486427307,0.3717649579048157,-0.02635398507118225,0.5580354928970337,0.42028218507766724,-0.04077298566699028,0.5856657028198242,0.4683317542076111,-0.04738443344831467,0.6124238967895508,0.49427634477615356,-0.051282819360494614,0.5142711997032166,0.407442182302475,-0.07506941258907318,0.5488096475601196,0.4981934726238251,-0.09763693809509277,0.5775560140609741,0.536781907081604,-0.10153666138648987,0.5975144505500793,0.5548774003982544,-0.1007840558886528,0.4813234806060791,0.43088299036026,-0.06672855466604233,0.5126643180847168,0.5196904540061951,-0.0882367342710495,0.5428538918495178,0.5387582182884216,-0.08148547261953354,0.5566979646682739,0.5270274877548218,-0.07406701147556305,0.46001607179641724,0.4510831832885742,-0.05851025506854057,0.47595444321632385,0.5334844589233398,-0.07694920152425766,0.5028799772262573,0.5492547750473022,-0.07128167897462845,0.5161921381950378,0.5348820686340332,-0.06393271684646606,0.44976282119750977,0.4663587510585785,-0.0519750714302063,0.4369400441646576,0.5244131088256836,-0.07118592411279678,0.4469505548477173,0.5430729389190674,-0.07762619853019714,0.4563392400741577,0.5354310870170593,-0.0792311578989029,Right,0.9913485050201416
7924,117,1,0.8322727680206299,0.44458428025245667,-9.70846869563502e-08,0.8310254812240601,0.46787673234939575,-0.0366060696542263,0.812187910079956,0.5033796429634094,-0.06456190347671509,0.7894390225410461,0.5353167057037354,-0.08287394046783447,0.766110360622406,0.5579156875610352,-0.10231644660234451,0.8208928108215332,0.46260514855384827,-0.10812418162822723,0.8007375001907349,0.5174541473388672,-0.14034853875637054,0.7904146313667297,0.5660254955291748,-0.15369299054145813,0.7771294116973877,0.6106767654418945,-0.16213972866535187,0.8051114082336426,0.4475730061531067,-0.10103830695152283,0.7756633162498474,0.5143656730651855,-0.13536523282527924,0.7556789517402649,0.5684956908226013,-0.14816515147686005,0.7373175621032715,0.6170015931129456,-0.1586180329322815,0.7879956960678101,0.4450252950191498,-0.09174813330173492,0.754010021686554,0.5009119510650635,-0.12330235540866852,0.7319034934043884,0.5436697602272034,-0.13606618344783783,0.717485785484314,0.5834359526634216,-0.14403600990772247,0.7729969620704651,0.4494771957397461,-0.0825280174612999,0.743625819683075,0.4919407367706299,-0.10755575448274612,0.7248383164405823,0.5236290693283081,-0.11806108802556992,0.7116006016731262,0.5540805459022522,-0.1252780556678772,Right,0.9856106042861938
7967,118,0,0.47760701179504395,0.3564172387123108,6.555688258913506e-08,0.5229856967926025,0.3753940761089325,-0.027778342366218567,0.5595765113830566,0.42616745829582214,-0.04462022706866264,0.5843692421913147,0.4776250422000885,-0.05396177992224693,0.6125416159629822,0.5035353899002075,-0.06122017279267311,0.5165879726409912,0.41455554962158203,-0.07481816411018372,0.5427517294883728,0.5008256435394287,-0.09979477524757385,0.5673009157180786,0.5499095916748047,-0.10850689560174942,0.5848304033279419,0.5817086696624756,-0.11216641217470169,0.4810121953487396,0.43547236919403076,-0.06683507561683655,0.4988872706890106,0.527182936668396,-0.09267726540565491,0.5291913747787476,0.5445728898048401,-0.08911466598510742,0.5441726446151733,0.5294457674026489,-0.08279527723789215,0.4585944414138794,0.4528542757034302,-0.05885080248117447,0.4654560387134552,0.5335848331451416,-0.07753496617078781,0.4961678683757782,0.5496546626091003,-0.07115031778812408,0.5119509696960449,0.5340328812599182,-0.06273097544908524,0.4463293254375458,0.4649023115634918,-0.05298353731632233,0.4322928488254547,0.5285941362380981,-0.06796639412641525,0.44951581954956055,0.5482776761054993,-0.07057532668113708,0.46516695618629456,0.540229320526123,-0.06975865364074707,Right,0.990907609462738
8010,119,0,0.48064735531806946,0.35711240768432617,5.905798516891991e-08,0.52663654088974,0.37836968898773193,-0.028234973549842834,0.561557412147522,0.43232762813568115,-0.04447140917181969,0.5845348834991455,0.48571377992630005,-0.0525541715323925,0.6116820573806763,0.5115881562232971,-0.058639366179704666,0.5180506110191345,0.4163073003292084,-0.07798494398593903,0.5424282550811768,0.504859447479248,-0.10329851508140564,0.5639827251434326,0.5567934513092041,-0.11259478330612183,0.5789951682090759,0.5930072069168091,-0.11719980090856552,0.4806770980358124,0.43651196360588074,-0.06906044483184814,0.49601641297340393,0.5271317958831787,-0.09472323954105377,0.5250367522239685,0.5438549518585205,-0.09041349589824677,0.5391708612442017,0.5283281207084656,-0.08406857401132584,0.4571034908294678,0.4538780748844147,-0.060030750930309296,0.46147897839546204,0.5328727960586548,-0.07921992242336273,0.49099576473236084,0.5496930480003357,-0.07294812798500061,0.5052132606506348,0.5326637625694275,-0.06485173106193542,0.4448373317718506,0.4668687880039215,-0.05307522788643837,0.42775189876556396,0.5272154808044434,-0.07070624083280563,0.4416738450527191,0.5452648401260376,-0.07534638792276382,0.4534160792827606,0.5355923175811768,-0.07576298713684082,Right,0.9887539744377136
8010,119,1,0.8371356725692749,0.4162668287754059,1.0611075573763173e-08,0.7848020792007446,0.4245185852050781,-0.013013751246035099,0.7413415312767029,0.4649235010147095,-0.027829177677631378,0.7122790217399597,0.5112037658691406,-0.04032682999968529,0.6845270395278931,0.5391318798065186,-0.05513548105955124,0.7474329471588135,0.4393228590488434,-0.05744762346148491,0.7144712805747986,0.5112484097480774,-0.08574360609054565,0.6948416829109192,0.5600975155830383,-0.10279585421085358,0.6793861389160156,0.6026091575622559,-0.11396573483943939,0.7810303568840027,0.4515743851661682,-0.06511922925710678,0.748837411403656,0.5220136046409607,-0.09366672486066818,0.7284148931503296,0.5819749236106873,-0.10952850431203842,0.7131503224372864,0.6320360898971558,-0.1220039650797844,0.8152960538864136,0.4685896039009094,-0.07144854962825775,0.7969107031822205,0.5364541411399841,-0.09940393269062042,0.7809537649154663,0.5941963791847229,-0.11227893084287643,0.765705943107605,0.6411661505699158,-0.12032780796289444,0.8477113246917725,0.4903426170349121,-0.07699519395828247,0.838532567024231,0.5427625179290771,-0.10120650380849838,0.8262226581573486,0.579426109790802,-0.1106526106595993,0.8134878873825073,0.6112140417098999,-0.11652863025665283,Left,0.9427018165588379
8069,120,0,0.4796087443828583,0.35485655069351196,3.248226221330697e-08,0.5255762338638306,0.37805432081222534,-0.028782451525330544,0.5604905486106873,0.4351394772529602,-0.044211745262145996,0.5817193984985352,0.49194127321243286,-0.051131896674633026,0.6079781651496887,0.519327700138092,-0.055772148072719574,0.5175496935844421,0.41799283027648926,-0.0768677294254303,0.5410182476043701,0.5078447461128235,-0.10118408501148224,0.560645580291748,0.5617948770523071,-0.11004118621349335,0.5735070705413818,0.6010206341743469,-0.11475758254528046,0.47887760400772095,0.4382883906364441,-0.06706226617097855,0.4928975999355316,0.5296178460121155,-0.09190766513347626,0.5220559239387512,0.5438594222068787,-0.08662924915552139,0.5359227061271667,0.5278351306915283,-0.0796671062707901,0.4549329876899719,0.45592185854911804,-0.0572020597755909,0.45910367369651794,0.5349851250648499,-0.07527390867471695,0.48855140805244446,0.5491700768470764,-0.0675433948636055,0.5023372769355774,0.5305045247077942,-0.058665819466114044,0.4426175057888031,0.4692908525466919,-0.04961097985506058,0.42408955097198486,0.5296528339385986,-0.06621501594781876,0.4382582902908325,0.5466030836105347,-0.07015099376440048,0.4502125084400177,0.5361437797546387,-0.07031537592411041,Right,0.9883667826652527
8069,120,1,0.8341682553291321,0.41940581798553467,1.6474928088427987e-07,0.7837858200073242,0.4303986728191376,-0.013769605197012424,0.7405164241790771,0.4658069312572479,-0.029407862573862076,0.7100555300712585,0.5100849270820618,-0.0415048748254776,0.6813821792602539,0.5374428629875183,-0.05551411211490631,0.7480804324150085,0.44200098514556885,-0.0667048841714859,0.7151510119438171,0.509530782699585,-0.09280486404895782,0.6957560181617737,0.5611132383346558,-0.10501286387443542,0.6798214316368103,0.605607807636261,-0.11337561905384064,0.7815410494804382,0.45380300283432007,-0.07309681922197342,0.7512634992599487,0.5254363417625427,-0.10262056440114975,0.7296903729438782,0.5882043838500977,-0.11646053940057755,0.7141327857971191,0.6392533779144287,-0.12746763229370117,0.8170521855354309,0.47040629386901855,-0.0772532969713211,0.7984381318092346,0.53769850730896,-0.10566264390945435,0.7807618975639343,0.5977488160133362,-0.11765341460704803,0.7650200724601746,0.6469327211380005,-0.1251758188009262,0.8519352674484253,0.49177926778793335,-0.0802534744143486,0.8400101065635681,0.5473475456237793,-0.10604275017976761,0.8254961371421814,0.5873671770095825,-0.11684983968734741,0.8101027011871338,0.6226888298988342,-0.12364638596773148,Left,0.9827413558959961
8111,121,0,0.48006710410118103,0.3508160412311554,1.8075128949135433e-08,0.5255273580551147,0.37681499123573303,-0.028692694380879402,0.5599207282066345,0.4371064007282257,-0.04390093684196472,0.5799572467803955,0.4978506863117218,-0.05053703486919403,0.6074217557907104,0.5260795950889587,-0.05507533997297287,0.5146814584732056,0.41899845004081726,-0.07571350038051605,0.5393505096435547,0.5058127045631409,-0.100213423371315,0.5585378408432007,0.5593029260635376,-0.11001277714967728,0.5713927745819092,0.5999281406402588,-0.11551237851381302,0.476315975189209,0.43985307216644287,-0.06546343863010406,0.4909035265445709,0.5285210013389587,-0.0898897647857666,0.5197917819023132,0.5447758436203003,-0.08549445122480392,0.5342416763305664,0.5317110419273376,-0.07964705675840378,0.4530021846294403,0.45767927169799805,-0.05514087527990341,0.4566591680049896,0.5346032381057739,-0.07317464798688889,0.4861275851726532,0.551413357257843,-0.06662945449352264,0.5011771321296692,0.5345709323883057,-0.05870407447218895,0.44147878885269165,0.47128215432167053,-0.046993188560009,0.42378419637680054,0.5304753184318542,-0.06271562725305557,0.4390227794647217,0.5485801696777344,-0.0667237713932991,0.4525599479675293,0.5396072864532471,-0.06731930375099182,Right,0.9886316061019897
8111,121,1,0.8301163911819458,0.41953131556510925,1.5655602680908487e-07,0.7792704701423645,0.4258714020252228,-0.01416177861392498,0.7365157604217529,0.4612937867641449,-0.02958603762090206,0.7073168754577637,0.5066101551055908,-0.04142609238624573,0.6798089146614075,0.5311773419380188,-0.05519890785217285,0.7467870116233826,0.4446810483932495,-0.06741704046726227,0.7138237953186035,0.5141717195510864,-0.09291540831327438,0.6957544088363647,0.5653210878372192,-0.10470409691333771,0.6808780431747437,0.6087377667427063,-0.11289849877357483,0.7806463241577148,0.455604612827301,-0.07303331047296524,0.7546097636222839,0.5328190326690674,-0.1036120280623436,0.7343064546585083,0.5952816605567932,-0.11861498653888702,0.7193257212638855,0.6458187699317932,-0.13004568219184875,0.8152278065681458,0.47058844566345215,-0.07620067149400711,0.8000482320785522,0.5396276116371155,-0.1059926301240921,0.7858666181564331,0.6004733443260193,-0.1193416491150856,0.7730219960212708,0.6525591611862183,-0.1271810382604599,0.8485187888145447,0.49058496952056885,-0.07802728563547134,0.8396082520484924,0.5450909733772278,-0.10430807620286942,0.8274428844451904,0.5852780342102051,-0.11557169258594513,0.8145409226417542,0.6221884489059448,-0.12239864468574524,Left,0.9515944719314575
8151,122,0,0.48093923926353455,0.35485944151878357,2.561276080115249e-09,0.5255270004272461,0.3800901770591736,-0.02945961244404316,0.5599437355995178,0.4407936930656433,-0.04527091979980469,0.5799272656440735,0.5006150603294373,-0.05252521485090256,0.6075834631919861,0.5289580225944519,-0.057759035378694534,0.5142822265625,0.4207194149494171,-0.07600650191307068,0.5399349927902222,0.506777822971344,-0.10071522742509842,0.5599379539489746,0.5599445700645447,-0.11081370711326599,0.5733988881111145,0.6008561849594116,-0.11645042896270752,0.4759788513183594,0.44180548191070557,-0.06556346267461777,0.4919902980327606,0.5273444056510925,-0.08983922004699707,0.5209144353866577,0.5436594486236572,-0.08581184595823288,0.5348185300827026,0.5326142311096191,-0.08037479221820831,0.45268696546554565,0.4604320526123047,-0.05508502200245857,0.45820358395576477,0.5355270504951477,-0.07353898882865906,0.4874146580696106,0.5513664484024048,-0.06694670021533966,0.5020588636398315,0.534772515296936,-0.05890307575464249,0.44148892164230347,0.47547274827957153,-0.04675937071442604,0.4262033998966217,0.5344958901405334,-0.061948541551828384,0.44178110361099243,0.5508366823196411,-0.06469614803791046,0.4546758532524109,0.541121780872345,-0.06439842283725739,Right,0.9901545643806458
8151,122,1,0.82647705078125,0.4186496138572693,1.6680191095019836e-07,0.7772071957588196,0.42476576566696167,-0.014713100157678127,0.735262393951416,0.460778146982193,-0.028867220506072044,0.7059649229049683,0.5064857006072998,-0.03918308764696121,0.6800321936607361,0.5344353914260864,-0.051461752504110336,0.7436988353729248,0.44709256291389465,-0.06513755023479462,0.7104087471961975,0.5185577869415283,-0.08824600279331207,0.6933718323707581,0.5681468844413757,-0.09832806885242462,0.6790401339530945,0.6099599599838257,-0.10542331635951996,0.7777042388916016,0.4574747681617737,-0.06921853125095367,0.7547131776809692,0.5359562635421753,-0.0986197367310524,0.736065685749054,0.598421037197113,-0.11369475722312927,0.7217878699302673,0.6486139297485352,-0.12506087124347687,0.812446117401123,0.47148022055625916,-0.07083453238010406,0.8000197410583496,0.5405662655830383,-0.10017529875040054,0.786998987197876,0.6010249257087708,-0.11432003974914551,0.7758357524871826,0.6525997519493103,-0.122202068567276,0.8452316522598267,0.4909200668334961,-0.07098852843046188,0.8367958664894104,0.5488790273666382,-0.09679103642702103,0.8266950249671936,0.5899803638458252,-0.10808958858251572,0.8166940212249756,0.6279233694076538,-0.11456688493490219,Left,0.9490846395492554
8191,123,0,0.48155027627944946,0.35380828380584717,-4.1585529464427395e-10,0.5262762904167175,0.38094305992126465,-0.02883892133831978,0.560651421546936,0.44233712553977966,-0.04503583908081055,0.5804221034049988,0.5021986365318298,-0.05289251357316971,0.6080410480499268,0.5304383039474487,-0.058920737355947495,0.5152527689933777,0.4211404621601105,-0.07599730789661407,0.5409921407699585,0.5074959397315979,-0.10022728890180588,0.5609616637229919,0.5605503916740417,-0.10999634116888046,0.5746979117393494,0.601383626461029,-0.11552505195140839,0.4770697355270386,0.4407373070716858,-0.06624210625886917,0.49365371465682983,0.5283541083335876,-0.09037744253873825,0.5212826132774353,0.5440776348114014,-0.08682599663734436,0.5344483852386475,0.5329523682594299,-0.08182235807180405,0.45320409536361694,0.45804229378700256,-0.05615696310997009,0.45944154262542725,0.5365220904350281,-0.07491435110569,0.48749902844429016,0.5511257648468018,-0.06853416562080383,0.5014375448226929,0.5338160395622253,-0.06067052111029625,0.44115111231803894,0.4719759523868561,-0.04802418500185013,0.42694222927093506,0.5341565608978271,-0.06315095722675323,0.4404730200767517,0.5504320859909058,-0.0653109923005104,0.45124250650405884,0.540774941444397,-0.06469015777111053,Right,0.9908043742179871
8191,123,1,0.8216841220855713,0.4154520630836487,2.0159137648079195e-07,0.7725384831428528,0.4200892746448517,-0.014057968743145466,0.7323319315910339,0.4582653045654297,-0.026524117216467857,0.7049033641815186,0.5058673620223999,-0.035129643976688385,0.6809160113334656,0.5366902351379395,-0.04563649371266365,0.7408173084259033,0.44916000962257385,-0.06060796603560448,0.7112462520599365,0.5197867751121521,-0.08192962408065796,0.694686770439148,0.5673706531524658,-0.09063012897968292,0.6805413961410522,0.6071402430534363,-0.0966343879699707,0.7744700312614441,0.4607374668121338,-0.06456666439771652,0.748357892036438,0.5346201062202454,-0.0912577286362648,0.7282342910766602,0.5934432744979858,-0.10537031292915344,0.7123637795448303,0.6413360238075256,-0.11585831642150879,0.80965256690979,0.47414863109588623,-0.06626340001821518,0.7972193360328674,0.5432544350624084,-0.09532196819782257,0.7862858176231384,0.5991892218589783,-0.11088685691356659,0.775972306728363,0.6476341485977173,-0.11933041363954544,0.8428299427032471,0.49151089787483215,-0.06624426692724228,0.8390875458717346,0.5519409775733948,-0.09277012944221497,0.8345603942871094,0.5950494408607483,-0.10510628670454025,0.8287874460220337,0.634588360786438,-0.11202818900346756,Left,0.9627339839935303
8233,124,0,0.48403164744377136,0.3561438322067261,1.2661153014903448e-08,0.5280123949050903,0.38264402747154236,-0.029490439221262932,0.561461329460144,0.44339483976364136,-0.04607713222503662,0.5808475613594055,0.5026468634605408,-0.05408743768930435,0.608431875705719,0.530462384223938,-0.060163211077451706,0.5160470604896545,0.42086896300315857,-0.07806829363107681,0.5412769317626953,0.5068557858467102,-0.10339727997779846,0.5611635446548462,0.5608855485916138,-0.11386673897504807,0.5746026039123535,0.6020087599754333,-0.11968392133712769,0.47756534814834595,0.44028404355049133,-0.06799015402793884,0.49102920293807983,0.5274378061294556,-0.0930289775133133,0.5195519328117371,0.5454409718513489,-0.08946456015110016,0.5342504978179932,0.5349181890487671,-0.08418403565883636,0.4537608325481415,0.45779740810394287,-0.057652413845062256,0.45741865038871765,0.5347279906272888,-0.07697328925132751,0.48665568232536316,0.5512309074401855,-0.07045785337686539,0.5018499493598938,0.5347152352333069,-0.062181420624256134,0.44181838631629944,0.47185373306274414,-0.04932956025004387,0.4251593351364136,0.5332815647125244,-0.06494098156690598,0.44011613726615906,0.5506836771965027,-0.06726831942796707,0.4528753161430359,0.541540265083313,-0.06651122868061066,Right,0.9907722473144531
8233,124,1,0.8186067938804626,0.4127947986125946,1.7792058315535542e-07,0.7702237963676453,0.4208582639694214,-0.008524836972355843,0.7339988946914673,0.46159279346466064,-0.017970098182559013,0.7085932493209839,0.5086612105369568,-0.02470766007900238,0.6828510165214539,0.532681941986084,-0.033127009868621826,0.7362260222434998,0.45903483033180237,-0.050667304545640945,0.7071174383163452,0.5279170870780945,-0.06967046856880188,0.691684901714325,0.5752154588699341,-0.07692065834999084,0.6795728206634521,0.6145327687263489,-0.08192592114210129,0.7695677876472473,0.4745708405971527,-0.055932413786649704,0.7464256286621094,0.5438864231109619,-0.07887297123670578,0.7303948402404785,0.5970091819763184,-0.09064165502786636,0.7182642221450806,0.6401257514953613,-0.09931564331054688,0.8056191205978394,0.48482611775398254,-0.05887226387858391,0.7950992584228516,0.5456910729408264,-0.08289754390716553,0.7878112196922302,0.5975330471992493,-0.09637484699487686,0.7815667390823364,0.6438108682632446,-0.10414493829011917,0.8406078815460205,0.4944747984409332,-0.06006206199526787,0.8418187499046326,0.5519205927848816,-0.08287335187196732,0.8439179062843323,0.5944541096687317,-0.09397393465042114,0.84419846534729,0.635887622833252,-0.10007717460393906,Left,0.9862217903137207
8275,125,0,0.4841538667678833,0.35719284415245056,-8.463118206236686e-09,0.5279544591903687,0.3842853903770447,-0.02876463159918785,0.5612468123435974,0.44377583265304565,-0.0452173575758934,0.5800890922546387,0.5013752579689026,-0.05335688218474388,0.6069555282592773,0.5302451252937317,-0.059551384299993515,0.5161711573600769,0.42204827070236206,-0.07749657332897186,0.5401723384857178,0.5080888271331787,-0.1037193238735199,0.5599185228347778,0.5622846484184265,-0.1148235946893692,0.5731979608535767,0.6035261154174805,-0.12073477357625961,0.47747787833213806,0.44072994589805603,-0.06802047789096832,0.4893378019332886,0.5280411839485168,-0.0933796688914299,0.5179588794708252,0.5477813482284546,-0.09022575616836548,0.5332444310188293,0.5387197732925415,-0.08501535654067993,0.45355820655822754,0.4582783877849579,-0.058242108672857285,0.45602285861968994,0.535669207572937,-0.07812430709600449,0.485090047121048,0.5535653233528137,-0.07148131728172302,0.5009915828704834,0.5390114188194275,-0.06276228278875351,0.44142091274261475,0.47283414006233215,-0.050354860723018646,0.42604386806488037,0.5349355340003967,-0.06585091352462769,0.44189906120300293,0.5523260831832886,-0.06705889850854874,0.45593419671058655,0.5436617732048035,-0.06517676264047623,Right,0.9909075498580933
8275,125,1,0.8169314861297607,0.40947529673576355,2.5842336981440894e-07,0.7661568522453308,0.41843822598457336,-0.009382486343383789,0.7273034453392029,0.4581775963306427,-0.0199110247194767,0.7025852203369141,0.5071232914924622,-0.027316531166434288,0.6776818037033081,0.5340837240219116,-0.036443449556827545,0.7360719442367554,0.4634091556072235,-0.0538506917655468,0.7098284959793091,0.5261862277984619,-0.07412988692522049,0.6937415599822998,0.5716919302940369,-0.08323480933904648,0.6802557110786438,0.6111584901809692,-0.08973930776119232,0.7722070217132568,0.4820799231529236,-0.05846870318055153,0.7488576769828796,0.5458354353904724,-0.08207942545413971,0.7317436337471008,0.5982733964920044,-0.0946241021156311,0.717786431312561,0.6418958902359009,-0.10443708300590515,0.8081067204475403,0.4944200813770294,-0.06063966825604439,0.7995645403862,0.5538405776023865,-0.08435142040252686,0.7915728688240051,0.6039935350418091,-0.09808607399463654,0.7842503786087036,0.6472961902618408,-0.10689345002174377,0.8411284685134888,0.5037591457366943,-0.06125845015048981,0.8444271087646484,0.558029055595398,-0.08382140100002289,0.8479373455047607,0.5988684296607971,-0.09557875245809555,0.848578691482544,0.6388312578201294,-0.10279922187328339,Left,0.9881439208984375
8317,126,0,0.4882512092590332,0.364313006401062,3.925831038031902e-08,0.5311919450759888,0.3910774290561676,-0.02779894694685936,0.5630912780761719,0.44793757796287537,-0.044466931372880936,0.582636833190918,0.5014771819114685,-0.05316350236535072,0.6104989051818848,0.526742696762085,-0.0602010078728199,0.5207136273384094,0.4217565953731537,-0.07786799222230911,0.5369136929512024,0.5053256154060364,-0.1061103343963623,0.5523488521575928,0.5625708699226379,-0.11919037252664566,0.5619964599609375,0.6052305698394775,-0.12635992467403412,0.4815562069416046,0.4372594654560089,-0.06944762915372849,0.48421552777290344,0.5238834023475647,-0.09691164642572403,0.5118222832679749,0.5488191843032837,-0.09486952424049377,0.5287070274353027,0.5402176976203918,-0.0899643748998642,0.4567257761955261,0.4533626139163971,-0.06079588457942009,0.4504148066043854,0.5300827026367188,-0.08285963535308838,0.47925782203674316,0.5543658137321472,-0.07732975482940674,0.4966474771499634,0.5407248735427856,-0.06872931867837906,0.4436096251010895,0.4672354459762573,-0.05388680472970009,0.42384073138237,0.5289621353149414,-0.07189974188804626,0.43803054094314575,0.5486804246902466,-0.07439589500427246,0.4518897235393524,0.5390360355377197,-0.07298585027456284,Right,0.9880824089050293
8317,126,1,0.8191602230072021,0.4099836051464081,3.6332306763142697e-07,0.7665101289749146,0.42030367255210876,-0.010967613197863102,0.72572261095047,0.45971739292144775,-0.022127564996480942,0.701686680316925,0.5068166255950928,-0.0298814345151186,0.6773775815963745,0.5311760306358337,-0.039248909801244736,0.7400690913200378,0.47324857115745544,-0.05696824938058853,0.7128900289535522,0.5291540026664734,-0.0797877386212349,0.6951309442520142,0.5703741312026978,-0.09091553092002869,0.679330050945282,0.6063412427902222,-0.09876979887485504,0.7756990790367126,0.4931751787662506,-0.06111198291182518,0.7563596963882446,0.5485912561416626,-0.09013308584690094,0.7374638319015503,0.5984780192375183,-0.10620105266571045,0.7207498550415039,0.6409039497375488,-0.1178041324019432,0.810217022895813,0.5055566430091858,-0.062648244202137,0.8052453994750977,0.5586643218994141,-0.09002537280321121,0.7962599992752075,0.6055017709732056,-0.10520325601100922,0.7873030304908752,0.6468293070793152,-0.1145012229681015,0.8414188623428345,0.5122056007385254,-0.0627952292561531,0.8469956517219543,0.5631721019744873,-0.08744120597839355,0.8521348834037781,0.6000222563743591,-0.10016873478889465,0.8542906045913696,0.6372683048248291,-0.10779338330030441,Left,0.9783776998519897
8359,127,0,0.47777804732322693,0.3752387464046478,1.0596701294218747e-08,0.5229302644729614,0.3924054503440857,-0.02754201367497444,0.5561148524284363,0.43469494581222534,-0.04596295952796936,0.5851083397865295,0.47110819816589355,-0.058240439742803574,0.6161043643951416,0.4819951355457306,-0.07009568810462952,0.5109660029411316,0.41368451714515686,-0.07239394634962082,0.5140509009361267,0.46438759565353394,-0.0976443886756897,0.5240334868431091,0.509817361831665,-0.1091492772102356,0.5322639346122742,0.5494194030761719,-0.11606933921575546,0.47031858563423157,0.4293895661830902,-0.06685762107372284,0.4654603898525238,0.48321953415870667,-0.0910695493221283,0.48995786905288696,0.5337567329406738,-0.09583812952041626,0.5113129019737244,0.564794659614563,-0.0997067391872406,0.443473756313324,0.4492371678352356,-0.060904961079359055,0.43290257453918457,0.4996550977230072,-0.08481820672750473,0.4577486515045166,0.5456265807151794,-0.09102409332990646,0.48095232248306274,0.5681833028793335,-0.09317170828580856,0.4306440055370331,0.46784499287605286,-0.056072138249874115,0.4143807291984558,0.5111916661262512,-0.07555527985095978,0.4292563199996948,0.5405439734458923,-0.08325746655464172,0.4493589401245117,0.554694652557373,-0.08798907697200775,Right,0.9959694743156433
8359,127,1,0.8286042213439941,0.41588056087493896,2.8529657924991625e-07,0.7811339497566223,0.4244539141654968,-0.0118308886885643,0.7429585456848145,0.4590122401714325,-0.021572768688201904,0.7171711921691895,0.4973136782646179,-0.028204580768942833,0.6919102072715759,0.5135645866394043,-0.03623149171471596,0.7597087621688843,0.48227885365486145,-0.0470268540084362,0.7323508262634277,0.520266592502594,-0.06512749195098877,0.7149980664253235,0.5518998503684998,-0.07454832643270493,0.7002478241920471,0.5813604593276978,-0.08135747164487839,0.7923364639282227,0.5047872066497803,-0.04858474060893059,0.7742508053779602,0.5500444769859314,-0.06757070869207382,0.7607348561286926,0.5930638909339905,-0.07748013734817505,0.7492560148239136,0.6313278675079346,-0.08600794523954391,0.8245416283607483,0.5178617238998413,-0.048709895461797714,0.8208877444267273,0.5657842755317688,-0.0677424818277359,0.8163171410560608,0.6076948642730713,-0.07863006740808487,0.8125898241996765,0.6441737413406372,-0.08647120743989944,0.8539663553237915,0.5219157338142395,-0.048218611627817154,0.863065779209137,0.5688257813453674,-0.06654851883649826,0.8709045052528381,0.6023006439208984,-0.07657089084386826,0.8760152459144592,0.6353216171264648,-0.08326179534196854,Left,0.9730992913246155
8399,128,0,0.4691871702671051,0.36946919560432434,-8.79527828345772e-09,0.5156468749046326,0.38751286268234253,-0.025458382442593575,0.551363468170166,0.4236687123775482,-0.04421430081129074,0.5854901075363159,0.45146340131759644,-0.057414937764406204,0.6192641854286194,0.45728275179862976,-0.07024403661489487,0.5068170428276062,0.40178319811820984,-0.06647390872240067,0.5084071755409241,0.43987542390823364,-0.08964044600725174,0.5142480731010437,0.47926005721092224,-0.1009150967001915,0.5188502073287964,0.5158387422561646,-0.10815583914518356,0.46368616819381714,0.4158133566379547,-0.06215989962220192,0.4578523635864258,0.4653955399990082,-0.08268634974956512,0.4717175364494324,0.5210649371147156,-0.08786258846521378,0.4850842356681824,0.5654892921447754,-0.09355151653289795,0.4344279170036316,0.4355980455875397,-0.057455532252788544,0.4237396717071533,0.48407191038131714,-0.07855181396007538,0.43909698724746704,0.5375710725784302,-0.08533595502376556,0.45650193095207214,0.5768459439277649,-0.08908779919147491,0.4192754328250885,0.45604029297828674,-0.05367542430758476,0.40565869212150574,0.49767833948135376,-0.07226525247097015,0.41596725583076477,0.535885214805603,-0.08026370406150818,0.43308010697364807,0.5664829015731812,-0.08588076382875443,Right,0.9946787357330322
8399,128,1,0.8397793173789978,0.4122200012207031,2.542639094826882e-07,0.7969428896903992,0.4194822311401367,-0.011962962336838245,0.7551090121269226,0.4526064395904541,-0.021804779767990112,0.7235433459281921,0.48442742228507996,-0.02910863794386387,0.6954420208930969,0.49627938866615295,-0.038010187447071075,0.7821612358093262,0.4735339283943176,-0.045575037598609924,0.7530321478843689,0.5119598507881165,-0.06135156378149986,0.7349834442138672,0.5375668406486511,-0.06856020539999008,0.7190892696380615,0.5595746636390686,-0.07414354383945465,0.8126862049102783,0.4959484338760376,-0.047054167836904526,0.7942658066749573,0.5419939160346985,-0.06307990103960037,0.7804808616638184,0.5818919539451599,-0.07086903601884842,0.7694112062454224,0.6181362867355347,-0.07871132344007492,0.8418377041816711,0.5086190104484558,-0.04736240208148956,0.8374038338661194,0.5624655485153198,-0.06423797458410263,0.8364136815071106,0.6085705757141113,-0.07510340958833694,0.8363536596298218,0.6487634181976318,-0.0839419886469841,0.867228627204895,0.5115591287612915,-0.047230981290340424,0.8798637390136719,0.560327410697937,-0.06500229239463806,0.89133620262146,0.5933736562728882,-0.0761910006403923,0.9008647799491882,0.6230521202087402,-0.08451106399297714,Left,0.972581148147583
8443,129,0,0.46668168902397156,0.360583633184433,1.4785513258175342e-07,0.5090188384056091,0.3822951018810272,-0.019415929913520813,0.5453240871429443,0.4142141342163086,-0.036917366087436676,0.5789893269538879,0.43454405665397644,-0.050780266523361206,0.6115077137947083,0.4355507493019104,-0.06539376825094223,0.49754002690315247,0.4019662141799927,-0.054604362696409225,0.49537402391433716,0.43753108382225037,-0.07262735068798065,0.49394145607948303,0.468244731426239,-0.08201874792575836,0.4906347095966339,0.5044530630111694,-0.08893614262342453,0.4577586352825165,0.41103604435920715,-0.05519028753042221,0.44748327136039734,0.46947142481803894,-0.07016778737306595,0.4456682801246643,0.5261580944061279,-0.0755288153886795,0.4429117739200592,0.5770976543426514,-0.08235296607017517,0.43043482303619385,0.4240531325340271,-0.055340640246868134,0.41217678785324097,0.47887423634529114,-0.0728762224316597,0.4045060873031616,0.5329204201698303,-0.08085308223962784,0.40097576379776,0.5806371569633484,-0.08693819493055344,0.4151581823825836,0.43469175696372986,-0.055909864604473114,0.3926454782485962,0.4700581133365631,-0.07114695757627487,0.3839492201805115,0.5040506720542908,-0.07752897590398788,0.3804812729358673,0.5376994013786316,-0.08326027542352676,Right,0.9840210676193237
8443,129,1,0.8581969738006592,0.40463560819625854,1.8228607245873718e-07,0.8149934411048889,0.4137178063392639,-0.01423080824315548,0.7697671055793762,0.4453376233577728,-0.025569651275873184,0.7368009090423584,0.46923720836639404,-0.03435002639889717,0.7063274383544922,0.47036492824554443,-0.04493442922830582,0.8029919266700745,0.46453744173049927,-0.04707111790776253,0.7805076837539673,0.5069599151611328,-0.061344586312770844,0.767883837223053,0.5328015089035034,-0.0679110735654831,0.7574816346168518,0.558709442615509,-0.07366388291120529,0.8371363878250122,0.4817653298377991,-0.04843859374523163,0.8291373252868652,0.5370789170265198,-0.062487274408340454,0.8266948461532593,0.5761288404464722,-0.06970694661140442,0.8274003863334656,0.6118308305740356,-0.07758043706417084,0.8674352765083313,0.49227842688560486,-0.04864926636219025,0.8712314367294312,0.5491542220115662,-0.06387758255004883,0.878662109375,0.5944220423698425,-0.074117511510849,0.8876093029975891,0.6339308023452759,-0.08284153789281845,0.8931519985198975,0.4960029125213623,-0.048791032284498215,0.9065229892730713,0.5439925193786621,-0.06336705386638641,0.9205742478370667,0.5750181078910828,-0.0722072571516037,0.9333988428115845,0.6030304431915283,-0.07951319962739944,Left,0.9749054312705994
8484,130,0,0.45959267020225525,0.3490462899208069,2.749964096437907e-07,0.5023166537284851,0.37303614616394043,-0.017106665298342705,0.5382232666015625,0.4072886109352112,-0.03271131590008736,0.5696346759796143,0.42670920491218567,-0.045377593487501144,0.6002139449119568,0.4304775893688202,-0.059028659015893936,0.4871552288532257,0.4083256721496582,-0.04901948571205139,0.4794655442237854,0.4654082655906677,-0.06273286789655685,0.47407588362693787,0.5034077763557434,-0.06821323186159134,0.4662449359893799,0.5415183901786804,-0.07247110456228256,0.4488791227340698,0.41152411699295044,-0.050579268485307693,0.43208152055740356,0.4809100031852722,-0.06238477677106857,0.42196333408355713,0.5356894135475159,-0.06620144844055176,0.40993940830230713,0.5836853384971619,-0.07159948348999023,0.42176252603530884,0.41550201177597046,-0.05161997675895691,0.3973633050918579,0.4742714762687683,-0.06595471501350403,0.3773805499076843,0.5168262124061584,-0.07280579954385757,0.3595969080924988,0.5518754124641418,-0.07837636023759842,0.4070289433002472,0.41742244362831116,-0.05306258052587509,0.38167452812194824,0.45280149579048157,-0.0657288059592247,0.3627038598060608,0.4772516191005707,-0.07056236267089844,0.3452221751213074,0.5007020235061646,-0.0753091424703598,Right,0.9745818376541138
8484,130,1,0.8748435974121094,0.3980018198490143,2.0658001176343532e-07,0.8303200006484985,0.4080836772918701,-0.019115133211016655,0.7840365171432495,0.43921566009521484,-0.03441736847162247,0.7446714043617249,0.45605728030204773,-0.045994799584150314,0.711617112159729,0.45297667384147644,-0.05972529202699661,0.8287963271141052,0.4606558084487915,-0.05658629164099693,0.8127370476722717,0.501096785068512,-0.07431167364120483,0.8015512824058533,0.5267643928527832,-0.08455578982830048,0.7930941581726074,0.55467689037323,-0.09272950142621994,0.8655940890312195,0.475330114364624,-0.056056778877973557,0.8636027574539185,0.5329868197441101,-0.07172808796167374,0.8638498187065125,0.5724916458129883,-0.08068020641803741,0.8685010075569153,0.6103914976119995,-0.08996365964412689,0.8960637450218201,0.48336976766586304,-0.05415017530322075,0.9077832102775574,0.5434906482696533,-0.07015608996152878,0.9195929169654846,0.5872984528541565,-0.08065429329872131,0.9324967265129089,0.6269597411155701,-0.08949264138936996,0.9189586043357849,0.4840943217277527,-0.052526187151670456,0.940654993057251,0.5283843278884888,-0.06674481928348541,0.96041339635849,0.5568007826805115,-0.07429545372724533,0.9777085781097412,0.5823618173599243,-0.08068975806236267,Left,0.9647752642631531
8525,131,0,0.44764891266822815,0.352993369102478,2.578086082394293e-07,0.4896523058414459,0.3773796856403351,-0.01908445544540882,0.5263136625289917,0.4118519425392151,-0.03582841157913208,0.5551943778991699,0.43287041783332825,-0.0494583360850811,0.5837605595588684,0.4426252841949463,-0.06361589580774307,0.47342240810394287,0.4164471924304962,-0.04995851218700409,0.4634467661380768,0.46806564927101135,-0.0641489177942276,0.45624658465385437,0.4996492564678192,-0.07009591907262802,0.44652053713798523,0.5331826210021973,-0.07474973052740097,0.4361015260219574,0.41357871890068054,-0.050044894218444824,0.4159851670265198,0.46545058488845825,-0.06340167671442032,0.4003353714942932,0.5039038062095642,-0.06800127029418945,0.3821761906147003,0.5377570390701294,-0.07373030483722687,0.4091640114784241,0.41263407468795776,-0.049691058695316315,0.38227027654647827,0.45742568373680115,-0.06508828699588776,0.3589775860309601,0.48965010046958923,-0.07078924775123596,0.3362853229045868,0.5160641670227051,-0.0751773864030838,0.39363837242126465,0.41166186332702637,-0.04989227280020714,0.3671106696128845,0.4430932402610779,-0.06235956773161888,0.3458141088485718,0.462444007396698,-0.06584491580724716,0.32481592893600464,0.4804036319255829,-0.06922324001789093,Right,0.9436202645301819
8525,131,1,0.8867455720901489,0.4001699984073639,2.363800462035215e-07,0.8395839333534241,0.4105391502380371,-0.026709219440817833,0.7948655486106873,0.44098302721977234,-0.04578043892979622,0.7555911540985107,0.4550492763519287,-0.06052334979176521,0.7222184538841248,0.4535592496395111,-0.07684052735567093,0.8477388620376587,0.4636859893798828,-0.0645356997847557,0.8371769785881042,0.5092025399208069,-0.08646407723426819,0.8355015516281128,0.5409279465675354,-0.09901208430528641,0.8393305540084839,0.5761909484863281,-0.1078784316778183,0.8896610140800476,0.4785313010215759,-0.06085831671953201,0.8986639380455017,0.5495681166648865,-0.08061403036117554,0.9077441692352295,0.597969651222229,-0.09155814349651337,0.9213203191757202,0.6448936462402344,-0.10160112380981445,0.9207273125648499,0.4863937199115753,-0.05607755854725838,0.9450646638870239,0.5446144342422485,-0.07436694204807281,0.964215874671936,0.5831876397132874,-0.0850517675280571,0.984015941619873,0.6214759945869446,-0.09291981160640717,0.9415552020072937,0.48698529601097107,-0.05253013223409653,0.9662639498710632,0.5315293073654175,-0.06637398153543472,0.9882436394691467,0.5559858679771423,-0.07241128385066986,1.0091496706008911,0.5800602436065674,-0.07751471549272537,Left,0.8034837245941162
8567,132,0,0.43687695264816284,0.3488311469554901,3.3064455351450306e-07,0.4777950644493103,0.3886144757270813,-0.017554668709635735,0.5083450078964233,0.4327700734138489,-0.03116557188332081,0.5350677371025085,0.464057058095932,-0.04233589768409729,0.5646324753761292,0.47803106904029846,-0.05432668328285217,0.45557063817977905,0.44516149163246155,-0.038134995847940445,0.4480963349342346,0.49786028265953064,-0.0528683178126812,0.44123920798301697,0.5362614393234253,-0.061281874775886536,0.43218985199928284,0.5710856914520264,-0.0673586055636406,0.4211595952510834,0.44251152873039246,-0.03842618688941002,0.4028419256210327,0.5011947154998779,-0.05132752284407616,0.3887181282043457,0.5436021089553833,-0.05774451792240143,0.37229543924331665,0.5777161121368408,-0.06443618983030319,0.395938515663147,0.4373999536037445,-0.039146218448877335,0.3683469891548157,0.48566269874572754,-0.05317043513059616,0.3480153977870941,0.5201406478881836,-0.06006603315472603,0.3285805881023407,0.5473958253860474,-0.06535321474075317,0.3794998526573181,0.429206520318985,-0.04080181568861008,0.3509523570537567,0.4639047086238861,-0.05186515301465988,0.33074790239334106,0.4855998158454895,-0.055906083434820175,0.311750590801239,0.505112886428833,-0.05964399501681328,Right,0.9287423491477966
8567,132,1,0.8940812349319458,0.410971999168396,3.7675138742088166e-07,0.8459166884422302,0.4231526255607605,-0.04058604687452316,0.8053717017173767,0.45567047595977783,-0.07074689865112305,0.7647355794906616,0.4742310643196106,-0.09428517520427704,0.7308589220046997,0.48236778378486633,-0.11968007683753967,0.8641119599342346,0.47857731580734253,-0.09476959705352783,0.8599560856819153,0.540416419506073,-0.1274365335702896,0.8630322813987732,0.5832514762878418,-0.14619357883930206,0.8676275610923767,0.6257027983665466,-0.15979458391666412,0.9066239595413208,0.4915492832660675,-0.08734505623579025,0.9163587093353271,0.5594073534011841,-0.11961089074611664,0.9258310198783875,0.6052389144897461,-0.137919083237648,0.9367741346359253,0.652506411075592,-0.15383020043373108,0.939261794090271,0.49767470359802246,-0.07867376506328583,0.9607848525047302,0.5581391453742981,-0.10565438866615295,0.9806949496269226,0.6006293296813965,-0.12207423150539398,0.9999957084655762,0.6402817368507385,-0.1350729614496231,0.9611316919326782,0.49576663970947266,-0.07202170044183731,0.9861382842063904,0.5447036623954773,-0.09243088960647583,1.0054521560668945,0.5727522373199463,-0.10448408871889114,1.0230803489685059,0.5984508395195007,-0.11499160528182983,Left,0.7848167419433594
8610,133,0,0.43629974126815796,0.357017457485199,3.0176920517988037e-07,0.4782397150993347,0.38909390568733215,-0.022617965936660767,0.5084875226020813,0.4323922097682953,-0.03904557228088379,0.5333371162414551,0.46401166915893555,-0.05204100161790848,0.5626389980316162,0.48062780499458313,-0.06577680259943008,0.4544738829135895,0.4458617866039276,-0.047804586589336395,0.44807764887809753,0.49652785062789917,-0.06598982214927673,0.44171109795570374,0.5352301001548767,-0.07637786865234375,0.4326823353767395,0.5702519416809082,-0.0836794301867485,0.42049309611320496,0.44377559423446655,-0.04689747840166092,0.40324220061302185,0.5008789300918579,-0.06423314660787582,0.38920164108276367,0.5443539619445801,-0.07297459989786148,0.3724449872970581,0.5793498754501343,-0.08093473315238953,0.3954356014728546,0.4392745792865753,-0.04649301618337631,0.3705472946166992,0.4893188774585724,-0.06532598286867142,0.3499830365180969,0.5255535244941711,-0.07458828389644623,0.3298177719116211,0.5544670820236206,-0.08071634918451309,0.379097580909729,0.43157079815864563,-0.047204628586769104,0.35247138142585754,0.46888554096221924,-0.06290702521800995,0.333252489566803,0.49199989438056946,-0.06988566368818283,0.3150237202644348,0.5129362940788269,-0.07526542991399765,Right,0.9114395976066589
8610,133,1,0.8847877383232117,0.4178301990032196,3.469399416644592e-07,0.8381433486938477,0.4293346405029297,-0.03721403703093529,0.7992546558380127,0.46271127462387085,-0.06506135314702988,0.7597841620445251,0.4837842285633087,-0.08751637488603592,0.7249970436096191,0.4908874034881592,-0.11172523349523544,0.8581460118293762,0.49570855498313904,-0.08378417789936066,0.8557363152503967,0.5507438778877258,-0.11319185048341751,0.8595337867736816,0.5896754264831543,-0.1293603479862213,0.8647972345352173,0.6291571855545044,-0.14152947068214417,0.9011502861976624,0.5062041282653809,-0.07844565063714981,0.9111908078193665,0.567189633846283,-0.10839434713125229,0.9217662215232849,0.6111204624176025,-0.12433343380689621,0.9353561997413635,0.6538666486740112,-0.13779699802398682,0.935217022895813,0.5084618926048279,-0.07251614332199097,0.959063708782196,0.5669757127761841,-0.0994819775223732,0.9812590479850769,0.605986475944519,-0.11622451990842819,1.0036547183990479,0.64324951171875,-0.12856115400791168,0.9576089382171631,0.5024313926696777,-0.06826522201299667,0.9873417615890503,0.548008918762207,-0.09000793099403381,1.0077646970748901,0.5682886838912964,-0.1024208515882492,1.0256329774856567,0.5849382281303406,-0.11230941116809845,Left,0.7915534973144531
8651,134,0,0.4361571669578552,0.3570185899734497,3.0849835752633226e-07,0.47962290048599243,0.38636642694473267,-0.024334875866770744,0.5097853541374207,0.4298802614212036,-0.041984137147665024,0.5334525108337402,0.46257272362709045,-0.05577220395207405,0.5619324445724487,0.480439692735672,-0.07017704099416733,0.45484358072280884,0.44522497057914734,-0.051237065345048904,0.44789427518844604,0.4950808882713318,-0.07060498744249344,0.44125065207481384,0.5341147780418396,-0.08183886855840683,0.43214383721351624,0.5695650577545166,-0.08977370709180832,0.42079851031303406,0.44365328550338745,-0.049810390919446945,0.4034079909324646,0.4988393187522888,-0.06864900141954422,0.38931766152381897,0.5424650311470032,-0.07818260788917542,0.3725843131542206,0.5779352784156799,-0.08657179772853851,0.3955797255039215,0.43936094641685486,-0.048830024898052216,0.3707227110862732,0.48853737115859985,-0.06897743791341782,0.35001087188720703,0.5250679850578308,-0.07861952483654022,0.32961034774780273,0.5545401573181152,-0.08480624854564667,0.3793090581893921,0.43195009231567383,-0.04905728995800018,0.3522341847419739,0.4691266417503357,-0.06606768816709518,0.33280086517333984,0.4917261600494385,-0.07363913953304291,0.3143051266670227,0.5123602151870728,-0.07920750975608826,Right,0.9277036190032959
8651,134,1,0.8857756853103638,0.4168023467063904,3.131188464067236e-07,0.8369649648666382,0.425329327583313,-0.03894820436835289,0.7962674498558044,0.45917075872421265,-0.06760110706090927,0.7587400674819946,0.48505979776382446,-0.09039770811796188,0.72430020570755,0.4959244728088379,-0.11482738703489304,0.8593224883079529,0.4935571551322937,-0.08598675578832626,0.8565079569816589,0.5470787286758423,-0.11549264937639236,0.8607584238052368,0.5872024297714233,-0.13200299441814423,0.8674063086509705,0.6281677484512329,-0.14450688660144806,0.9023296236991882,0.5055468678474426,-0.07991228252649307,0.9117701649665833,0.5674141049385071,-0.10751490294933319,0.9222996830940247,0.6120448112487793,-0.12189924716949463,0.9359976053237915,0.6544696688652039,-0.13477881252765656,0.9358329772949219,0.5092428922653198,-0.0733443945646286,0.9603896141052246,0.5680220127105713,-0.09933622926473618,0.983259916305542,0.606991171836853,-0.11649021506309509,1.0068193674087524,0.6433287858963013,-0.12940281629562378,0.9571300745010376,0.503588080406189,-0.06856239587068558,0.9874714016914368,0.5501733422279358,-0.0899137333035469,1.0088040828704834,0.5705822706222534,-0.10229584574699402,1.027464509010315,0.5860874056816101,-0.11235417425632477,Left,0.7852737903594971
8695,135,0,0.43637996912002563,0.3583475947380066,3.0778230097894266e-07,0.47976213693618774,0.387010395526886,-0.02455095946788788,0.5098451375961304,0.43064382672309875,-0.04172862693667412,0.5331687331199646,0.46337348222732544,-0.05502618849277496,0.5611252188682556,0.48225927352905273,-0.0689048245549202,0.455277681350708,0.4459468126296997,-0.050244204699993134,0.44835400581359863,0.4958464205265045,-0.06921648234128952,0.44172337651252747,0.5348883867263794,-0.08031817525625229,0.432707816362381,0.5704218745231628,-0.08827292919158936,0.4212448298931122,0.44527024030685425,-0.04864698275923729,0.40442052483558655,0.5010765194892883,-0.0667368546128273,0.3900744915008545,0.5444568395614624,-0.07589945942163467,0.37303757667541504,0.5796535015106201,-0.08417931944131851,0.39595097303390503,0.44102999567985535,-0.0476103350520134,0.3715692162513733,0.4909079968929291,-0.06683344393968582,0.3508569300174713,0.527036726474762,-0.07583561539649963,0.3302721083164215,0.5560529232025146,-0.08182983100414276,0.37920081615448,0.4329380691051483,-0.04790778085589409,0.35293617844581604,0.47065380215644836,-0.06410941481590271,0.33384382724761963,0.4939146339893341,-0.07113007456064224,0.3154672086238861,0.5151690244674683,-0.07648827880620956,Right,0.9090948104858398
8695,135,1,0.8845581412315369,0.4207070469856262,3.3063190585380653e-07,0.8359087705612183,0.42748376727104187,-0.0420946329832077,0.7953153848648071,0.4594723582267761,-0.07255218178033829,0.7580618262290955,0.48424845933914185,-0.09706056863069534,0.7251397371292114,0.49759116768836975,-0.12336273491382599,0.8581081032752991,0.4985297918319702,-0.08854781836271286,0.856168270111084,0.5505562424659729,-0.12026385962963104,0.8604031801223755,0.5898540616035461,-0.1391204446554184,0.8671694993972778,0.6308996081352234,-0.1532939225435257,0.9011069536209106,0.509138822555542,-0.08216121792793274,0.9106463193893433,0.5689377188682556,-0.11197046935558319,0.9212868213653564,0.6121786832809448,-0.1289365142583847,0.9356196522712708,0.6549896001815796,-0.1438283771276474,0.9349881410598755,0.5111143589019775,-0.07563458383083344,0.9582746624946594,0.5676621794700623,-0.10313878953456879,0.9800615906715393,0.6059238314628601,-0.12114304304122925,1.0028818845748901,0.6424858570098877,-0.13483698666095734,0.9570963382720947,0.503426730632782,-0.07126496732234955,0.9857490062713623,0.5485095977783203,-0.09332150965929031,1.0053027868270874,0.5678097009658813,-0.10573392361402512,1.0227198600769043,0.5827321410179138,-0.11599726229906082,Left,0.595267653465271
8739,136,0,0.437309592962265,0.3609541058540344,3.0929555805414566e-07,0.4809834957122803,0.38852041959762573,-0.025336135178804398,0.5105712413787842,0.4312305748462677,-0.04273590072989464,0.5332480669021606,0.46387988328933716,-0.05616386979818344,0.5609759092330933,0.4823029637336731,-0.0701487585902214,0.4552905857563019,0.44711941480636597,-0.050894804298877716,0.4486505091190338,0.4964640736579895,-0.0700291097164154,0.44198063015937805,0.5349141359329224,-0.0812952071428299,0.43293496966362,0.5699939131736755,-0.08940177410840988,0.4211232364177704,0.4465359151363373,-0.048952579498291016,0.404694527387619,0.5014351010322571,-0.06738971918821335,0.3904193639755249,0.5440307259559631,-0.07682059705257416,0.3733329772949219,0.5788884162902832,-0.08527887612581253,0.3959728181362152,0.44236594438552856,-0.047641802579164505,0.3718562722206116,0.49126163125038147,-0.06730888783931732,0.3510003983974457,0.5264847874641418,-0.07665127515792847,0.3301982283592224,0.5548567771911621,-0.0828174501657486,0.3797634243965149,0.4344576895236969,-0.04772864282131195,0.3531058430671692,0.471182256937027,-0.06445451080799103,0.33349817991256714,0.4935961663722992,-0.07196160405874252,0.3145938515663147,0.5139755606651306,-0.07760724425315857,Right,0.9059357643127441
8739,136,1,0.8849719166755676,0.4185292720794678,3.197286275735678e-07,0.8360808491706848,0.4270968437194824,-0.03997018560767174,0.79520583152771,0.45968371629714966,-0.06911611557006836,0.7579290866851807,0.4846164584159851,-0.0925171747803688,0.7249733209609985,0.49791738390922546,-0.11761584132909775,0.8586400151252747,0.4965957999229431,-0.08537349849939346,0.8566274642944336,0.5488203763961792,-0.11544061452150345,0.8606160879135132,0.5876800417900085,-0.1329440027475357,0.8669942617416382,0.6282866597175598,-0.14614318311214447,0.901519775390625,0.5071527361869812,-0.07933985441923141,0.9115921854972839,0.5678303837776184,-0.10706843435764313,0.9219218492507935,0.6112284064292908,-0.12239881604909897,0.9355536699295044,0.6538134217262268,-0.13616034388542175,0.934891939163208,0.5091844201087952,-0.07308486104011536,0.9584672451019287,0.5663471817970276,-0.09906317293643951,0.9804432392120361,0.6043060421943665,-0.11614058911800385,1.0033574104309082,0.6406188011169434,-0.1292017102241516,0.9563267230987549,0.5019340515136719,-0.06883343309164047,0.9851131439208984,0.5474727153778076,-0.09021645784378052,1.005030632019043,0.5668010711669922,-0.10221828520298004,1.022681713104248,0.5817770957946777,-0.11205612123012543,Left,0.6533969640731812
