timestamp_ms,frame,hand,x0,y0,z0,x1,y1,z1,x2,y2,z2,x3,y3,z3,x4,y4,z4,x5,y5,z5,x6,y6,z6,x7,y7,z7,x8,y8,z8,x9,y9,z9,x10,y10,z10,x11,y11,z11,x12,y12,z12,x13,y13,z13,x14,y14,z14,x15,y15,z15,x16,y16,z16,x17,y17,z17,x18,y18,z18,x19,y19,z19,x20,y20,z20,handedness,handedness_score
0,1,0,0.8298178315162659,0.5113538503646851,3.9531755646748934e-07,0.7518901228904724,0.5416150093078613,-0.021423930302262306,0.694924533367157,0.612782895565033,-0.041471317410469055,0.6550401449203491,0.6786257028579712,-0.057001665234565735,0.6081869602203369,0.7056733965873718,-0.07485790550708771,0.7241995334625244,0.6221259236335754,-0.08361645042896271,0.7014259696006775,0.7232568264007568,-0.11820477247238159,0.687280535697937,0.7951251268386841,-0.1342724859714508,0.6746990084648132,0.8580954074859619,-0.14499278366565704,0.7743544578552246,0.6432613730430603,-0.08660151809453964,0.7602711319923401,0.7527433633804321,-0.12414316087961197,0.7466087341308594,0.8366300463676453,-0.14044390618801117,0.7317097783088684,0.9082787036895752,-0.15269693732261658,0.8193666338920593,0.6588925719261169,-0.08762422204017639,0.8137803673744202,0.7614151239395142,-0.11912383884191513,0.7999822497367859,0.8381607532501221,-0.13311509788036346,0.7832477688789368,0.9008254408836365,-0.14246268570423126,0.8562211990356445,0.6692782640457153,-0.08891362696886063,0.8578329086303711,0.7583664655685425,-0.11662371456623077,0.8536812663078308,0.8190584182739258,-0.13199159502983093,0.8455199599266052,0.8737781047821045,-0.14238686859607697,Left,0.9886489510536194
0,1,1,0.29503333568573,0.5182104110717773,1.9138724383083172e-07,0.3446080982685089,0.5457970499992371,-0.05433349311351776,0.37833115458488464,0.5920043587684631,-0.09378448873758316,0.40092477202415466,0.6498041749000549,-0.12197507172822952,0.42850035429000854,0.6944788694381714,-0.1490078568458557,0.30809083580970764,0.5907825231552124,-0.11894767731428146,0.2995758056640625,0.6773096323013306,-0.16388733685016632,0.30136701464653015,0.7500825524330139,-0.1881084144115448,0.3039160370826721,0.8104743957519531,-0.2023858278989792,0.26432713866233826,0.5981122255325317,-0.105247363448143,0.2309444397687912,0.6781179904937744,-0.14976553618907928,0.23136548697948456,0.7614702582359314,-0.16738860309123993,0.24274955689907074,0.8236837983131409,-0.17898845672607422,0.2344958484172821,0.6115438342094421,-0.09182766079902649,0.19853341579437256,0.6787336468696594,-0.13054324686527252,0.19536907970905304,0.7518924474716187,-0.14989696443080902,0.20353838801383972,0.8060222268104553,-0.16006387770175934,0.21836210787296295,0.6264398097991943,-0.08064150810241699,0.1808292269706726,0.6734723448753357,-0.10991376638412476,0.17012780904769897,0.7234910130500793,-0.1271938681602478,0.17245663702487946,0.7690279483795166,-0.13840743899345398,Right,0.9648634195327759
81,2,0,0.829077959060669,0.5215013027191162,4.2056475990648323e-07,0.7539517879486084,0.5441716909408569,-0.02576407417654991,0.6954203844070435,0.6109234094619751,-0.047882746905088425,0.6559919714927673,0.6765990853309631,-0.06400206685066223,0.6107361316680908,0.7043401598930359,-0.08252319693565369,0.7220332622528076,0.6246635913848877,-0.0899016484618187,0.7011997699737549,0.7252498269081116,-0.12498453259468079,0.6880013942718506,0.7963236570358276,-0.14063730835914612,0.6759077310562134,0.8580495119094849,-0.15122927725315094,0.7731471657752991,0.6477065086364746,-0.09102483093738556,0.7599053978919983,0.7556127905845642,-0.13061535358428955,0.7453666925430298,0.8384817242622375,-0.14795395731925964,0.7302678823471069,0.9084525108337402,-0.1606045663356781,0.8186479210853577,0.6643266081809998,-0.09046842157840729,0.814792275428772,0.7627992630004883,-0.12492236495018005,0.7996177077293396,0.8396111726760864,-0.14227190613746643,0.7826595902442932,0.9029276967048645,-0.15339946746826172,0.85518878698349,0.6742856502532959,-0.08995361626148224,0.8567254543304443,0.7611930966377258,-0.12082234025001526,0.8523304462432861,0.820672869682312,-0.1389327049255371,0.8442944884300232,0.8742795586585999,-0.15086102485656738,Left,0.991913378238678
81,2,1,0.29304972290992737,0.5148288011550903,3.1608456652065797e-07,0.344095379114151,0.5467074513435364,-0.05415493622422218,0.37793028354644775,0.594200849533081,-0.09332212060689926,0.40189486742019653,0.6505715250968933,-0.12084829807281494,0.4286231994628906,0.6947699785232544,-0.14726237952709198,0.3086802661418915,0.5947551131248474,-0.12113860994577408,0.2987891137599945,0.675565242767334,-0.16647589206695557,0.30010348558425903,0.748782753944397,-0.1901991218328476,0.30202844738960266,0.8088680505752563,-0.20433035492897034,0.2615340054035187,0.6028364300727844,-0.10709678381681442,0.2305804342031479,0.6785755157470703,-0.15387073159217834,0.23318983614444733,0.7617892026901245,-0.17054550349712372,0.24445638060569763,0.8224581480026245,-0.18110059201717377,0.2305617481470108,0.6165865063667297,-0.09320668876171112,0.1961503028869629,0.6803931593894958,-0.13383646309375763,0.19652962684631348,0.7561866044998169,-0.15117137134075165,0.2072591930627823,0.8104846477508545,-0.1593785434961319,0.21517005562782288,0.6295564770698547,-0.08158601075410843,0.17636173963546753,0.6768184304237366,-0.11420345306396484,0.16832032799720764,0.727053701877594,-0.1320180892944336,0.1739332377910614,0.7713154554367065,-0.1426912248134613,Right,0.9709317088127136
154,3,0,0.8272055387496948,0.5218256115913391,4.1319080423818377e-07,0.7525961399078369,0.5445327758789062,-0.027334142476320267,0.6953151226043701,0.6111514568328857,-0.05081695690751076,0.6558793783187866,0.677104651927948,-0.0678057000041008,0.6100850105285645,0.704265296459198,-0.0870933011174202,0.7228055596351624,0.6237924098968506,-0.09390685707330704,0.7023470997810364,0.7254107594490051,-0.13036176562309265,0.6893359422683716,0.7977023720741272,-0.14670799672603607,0.677336573600769,0.8599354028701782,-0.15755441784858704,0.7736961841583252,0.646564781665802,-0.09440970420837402,0.760537326335907,0.7541418671607971,-0.13557739555835724,0.7446348071098328,0.8384246826171875,-0.15316501259803772,0.7281631827354431,0.9090043306350708,-0.16591043770313263,0.8186085820198059,0.6634119153022766,-0.09317519515752792,0.8143435120582581,0.7608311176300049,-0.1284855306148529,0.7983622550964355,0.8378632068634033,-0.14536963403224945,0.7807732224464417,0.901125431060791,-0.15601284801959991,0.8545921444892883,0.6736868023872375,-0.09206994622945786,0.8568362593650818,0.7605912685394287,-0.12317786365747452,0.8522343635559082,0.8203756809234619,-0.14080993831157684,0.844284176826477,0.8741255402565002,-0.15227054059505463,Left,0.9934203028678894
154,3,1,0.29233458638191223,0.5130689740180969,3.2227535484707914e-07,0.3435722887516022,0.5452594757080078,-0.05267804488539696,0.3778831362724304,0.5924389362335205,-0.09170764684677124,0.4010717570781708,0.6484516859054565,-0.11934661120176315,0.4280632734298706,0.6925241947174072,-0.14576777815818787,0.309495747089386,0.5938660502433777,-0.12216103821992874,0.29807355999946594,0.6760023832321167,-0.1683059185743332,0.29968157410621643,0.7504152655601501,-0.19177475571632385,0.301605224609375,0.8105900883674622,-0.20546995103359222,0.2628685534000397,0.602595865726471,-0.10937022417783737,0.23128274083137512,0.6795902848243713,-0.1573299765586853,0.2341771423816681,0.7636685967445374,-0.17419739067554474,0.24505749344825745,0.823925256729126,-0.18492810428142548,0.23229804635047913,0.6164889335632324,-0.09654682874679565,0.196120023727417,0.6808290481567383,-0.13858675956726074,0.1960153877735138,0.7552491426467896,-0.15620486438274384,0.2059345245361328,0.8084847331047058,-0.1645551472902298,0.21664051711559296,0.6286582946777344,-0.08573687076568604,0.17562469840049744,0.674551784992218,-0.119255930185318,0.16725654900074005,0.7237845659255981,-0.13741014897823334,0.17305387556552887,0.7685349583625793,-0.1484450101852417,Right,0.9748640060424805
227,4,0,0.8276517391204834,0.5205928683280945,4.201040439966164e-07,0.7525535821914673,0.5437093377113342,-0.026943963021039963,0.6949066519737244,0.6111423969268799,-0.04980779066681862,0.6557417511940002,0.6777967214584351,-0.06629616022109985,0.6099039316177368,0.7046629190444946,-0.0850716382265091,0.7227389216423035,0.6232149004936218,-0.09222830086946487,0.7024693489074707,0.7245984077453613,-0.1281462460756302,0.6892294883728027,0.796649158000946,-0.1441962867975235,0.6770792007446289,0.8589615821838379,-0.1548912227153778,0.7739810943603516,0.6460064649581909,-0.09272511303424835,0.7606386542320251,0.7529775500297546,-0.1331934779882431,0.7449063062667847,0.8367881774902344,-0.15038719773292542,0.728804886341095,0.9072058796882629,-0.16283658146858215,0.8191287517547607,0.6630968451499939,-0.09158139675855637,0.8147587180137634,0.7612380981445312,-0.1263701617717743,0.7992843985557556,0.839043140411377,-0.1430944800376892,0.7821033000946045,0.9030106663703918,-0.1536194086074829,0.8552271127700806,0.6739046573638916,-0.09059161692857742,0.8570308685302734,0.7611362934112549,-0.12136198580265045,0.8524699211120605,0.8211244344711304,-0.13894465565681458,0.8445019721984863,0.8749989867210388,-0.15036150813102722,Left,0.9930942058563232
227,4,1,0.29393258690834045,0.5102543830871582,3.2991846410368453e-07,0.34395694732666016,0.5432119369506836,-0.05259668081998825,0.3779152035713196,0.5926016569137573,-0.09110590070486069,0.40044617652893066,0.6507861614227295,-0.11819731444120407,0.4280237853527069,0.6988252997398376,-0.14394588768482208,0.3098503351211548,0.5933147668838501,-0.12119528651237488,0.2980557084083557,0.6751917004585266,-0.16718794405460358,0.29961755871772766,0.7490971088409424,-0.19062356650829315,0.3013520836830139,0.8088651895523071,-0.20433728396892548,0.26383844017982483,0.6025729775428772,-0.10829036682844162,0.2321583777666092,0.680785059928894,-0.15649808943271637,0.23491312563419342,0.765342652797699,-0.17413373291492462,0.24563708901405334,0.8257873058319092,-0.18561474978923798,0.2336522787809372,0.6169198751449585,-0.09536432474851608,0.19635215401649475,0.6818596720695496,-0.1375303417444229,0.19616743922233582,0.7562072277069092,-0.15569013357162476,0.20638152956962585,0.8091021180152893,-0.16455082595348358,0.21815794706344604,0.6289711594581604,-0.08444197475910187,0.1757296323776245,0.6751969456672668,-0.11851805448532104,0.16724450886249542,0.7245907783508301,-0.13759806752204895,0.1736193299293518,0.769248366355896,-0.14935998618602753,Right,0.9749358296394348
299,5,0,0.8285539746284485,0.5214210152626038,4.1964054275922535e-07,0.753419816493988,0.5435402393341064,-0.02712078019976616,0.6953860521316528,0.6107271313667297,-0.05008377879858017,0.6560831665992737,0.6775409579277039,-0.06659983843564987,0.6099564433097839,0.7043745517730713,-0.08541005849838257,0.7227702140808105,0.6229345798492432,-0.09277159720659256,0.7023799419403076,0.7240673899650574,-0.1287965327501297,0.6890521049499512,0.7961073517799377,-0.14492645859718323,0.6769368052482605,0.8585773706436157,-0.15565556287765503,0.7741027474403381,0.6456831097602844,-0.09312781691551208,0.7604935169219971,0.7529710531234741,-0.13349439203739166,0.7448314428329468,0.8367602229118347,-0.1505315601825714,0.7288352251052856,0.9073869585990906,-0.1628991663455963,0.8192741274833679,0.662936270236969,-0.09183233231306076,0.8148320317268372,0.7610816955566406,-0.12645584344863892,0.7993893623352051,0.8386392593383789,-0.1430046707391739,0.7822646498680115,0.9025707840919495,-0.15343929827213287,0.8554012179374695,0.6739707589149475,-0.0907125174999237,0.8571018576622009,0.7614843845367432,-0.12122087180614471,0.8525577187538147,0.8215187191963196,-0.13861814141273499,0.8446049690246582,0.8754001259803772,-0.14994987845420837,Left,0.9932324886322021
299,5,1,0.29430505633354187,0.5092903971672058,3.296479178516165e-07,0.34392350912094116,0.5425026416778564,-0.0523855984210968,0.37785327434539795,0.5919816493988037,-0.09050539135932922,0.4004167318344116,0.6506466865539551,-0.11736087501049042,0.4279683530330658,0.6993314623832703,-0.14276719093322754,0.31012481451034546,0.593647301197052,-0.11913593858480453,0.2981884777545929,0.6745117902755737,-0.1645599752664566,0.2996988892555237,0.7482438087463379,-0.18765193223953247,0.30134522914886475,0.8078177571296692,-0.20116189122200012,0.2640707790851593,0.6026722192764282,-0.10641858726739883,0.23253165185451508,0.6804713010787964,-0.1543004959821701,0.23484624922275543,0.7654686570167542,-0.17203864455223083,0.24508067965507507,0.8261280655860901,-0.18360933661460876,0.23370438814163208,0.6166862845420837,-0.09379763156175613,0.1963805854320526,0.6811661124229431,-0.1358748972415924,0.19572079181671143,0.7554987072944641,-0.1541256606578827,0.20564135909080505,0.8083121180534363,-0.16298627853393555,0.21799886226654053,0.6285057663917542,-0.08322703838348389,0.17553254961967468,0.674588680267334,-0.11746719479560852,0.16693489253520966,0.72429358959198,-0.13674390316009521,0.1733400523662567,0.7691625356674194,-0.1485404074192047,Right,0.9765577912330627
370,6,0,0.8277207016944885,0.5217059850692749,4.1012035012499837e-07,0.7528143525123596,0.5441867113113403,-0.026694104075431824,0.6949929594993591,0.6110270023345947,-0.04966228827834129,0.6557402014732361,0.6771108508110046,-0.06621994823217392,0.6100034713745117,0.7041816711425781,-0.08513083308935165,0.7229137420654297,0.623177170753479,-0.09276968985795975,0.7022164463996887,0.7248529195785522,-0.12858901917934418,0.6889727711677551,0.7968759536743164,-0.1445741504430771,0.677001416683197,0.8589373826980591,-0.1551898568868637,0.773986279964447,0.645689845085144,-0.0932745710015297,0.7605447769165039,0.7536982297897339,-0.13334698975086212,0.7447932958602905,0.8373912572860718,-0.15028274059295654,0.7285641431808472,0.9076799750328064,-0.16264553368091583,0.818880021572113,0.6627023220062256,-0.09206000715494156,0.8144835829734802,0.7613641023635864,-0.12631197273731232,0.7987170815467834,0.8387900590896606,-0.142878457903862,0.7812697887420654,0.9024515151977539,-0.15346753597259521,0.8547844886779785,0.6733481287956238,-0.09095389395952225,0.856867790222168,0.760916531085968,-0.12128007411956787,0.8522529006004333,0.8210511803627014,-0.13866810500621796,0.8442111611366272,0.8750843405723572,-0.150053933262825,Left,0.9938123226165771
370,6,1,0.2934767007827759,0.5089561939239502,3.324908277591021e-07,0.34295225143432617,0.5424676537513733,-0.05187682434916496,0.3771236538887024,0.5922867655754089,-0.0893797054886818,0.40039485692977905,0.6510960459709167,-0.11576325446367264,0.42820411920547485,0.6999843120574951,-0.14065131545066833,0.31026211380958557,0.5937605500221252,-0.11736562103033066,0.29856476187705994,0.6750354766845703,-0.1621825098991394,0.3000601530075073,0.7488365173339844,-0.1849120706319809,0.3016323447227478,0.8084856271743774,-0.19818609952926636,0.2642674744129181,0.602300763130188,-0.10480920225381851,0.23248013854026794,0.6802235245704651,-0.15232694149017334,0.234690323472023,0.7654127478599548,-0.16975058615207672,0.24499741196632385,0.826229453086853,-0.18102432787418365,0.2339514046907425,0.6158590912818909,-0.09240389615297318,0.19625872373580933,0.6801748871803284,-0.13420256972312927,0.19565349817276,0.7543493509292603,-0.15199598670005798,0.20562613010406494,0.8071655035018921,-0.16045980155467987,0.21831347048282623,0.6273818016052246,-0.08205623179674149,0.1756189465522766,0.6735655069351196,-0.11602600663900375,0.1667238175868988,0.7234706878662109,-0.13496549427509308,0.17262864112854004,0.7684975266456604,-0.14647798240184784,Right,0.9762136936187744
444,7,0,0.8278928995132446,0.52165687084198,4.1785094140323054e-07,0.7528729438781738,0.5444326996803284,-0.027061522006988525,0.6951351165771484,0.6113250255584717,-0.05027489364147186,0.6557655334472656,0.6777692437171936,-0.0670643001794815,0.6098631024360657,0.7044837474822998,-0.08619601279497147,0.7227769494056702,0.623447060585022,-0.09306029975414276,0.7022034525871277,0.7250394821166992,-0.12915688753128052,0.6890456080436707,0.7972715497016907,-0.14527350664138794,0.6771240830421448,0.8595716953277588,-0.15598580241203308,0.7738757133483887,0.6460903882980347,-0.09355887770652771,0.7602699995040894,0.7539075613021851,-0.13408571481704712,0.7445839643478394,0.8378124237060547,-0.15124481916427612,0.7284969687461853,0.9081503748893738,-0.16370032727718353,0.8189549446105957,0.6631300449371338,-0.09237851947546005,0.814488410949707,0.7616981863975525,-0.12717445194721222,0.7987992167472839,0.8394996523857117,-0.14395113289356232,0.7814224362373352,0.9033573865890503,-0.15457288920879364,0.8550482988357544,0.6738163232803345,-0.0913277342915535,0.8569545745849609,0.7613902688026428,-0.12204620242118835,0.8522568345069885,0.8215219378471375,-0.1396128237247467,0.8441576361656189,0.8754733800888062,-0.1510777771472931,Left,0.9933515787124634
444,7,1,0.2941043972969055,0.5086719393730164,3.50991768982567e-07,0.34380605816841125,0.5415012836456299,-0.05398813262581825,0.3775421679019928,0.5920400619506836,-0.09269723296165466,0.3996853530406952,0.6518438458442688,-0.11988551169633865,0.42763751745224,0.7006454467773438,-0.14567166566848755,0.3100023865699768,0.5944933891296387,-0.12086540460586548,0.2987099289894104,0.6754846572875977,-0.16674530506134033,0.3000606596469879,0.7487279772758484,-0.19040828943252563,0.30120381712913513,0.8078972697257996,-0.20450112223625183,0.26407113671302795,0.6036801338195801,-0.10765175521373749,0.2327444851398468,0.6818125247955322,-0.15621797740459442,0.23480263352394104,0.7667298913002014,-0.1749451458454132,0.24479511380195618,0.8269850015640259,-0.18751028180122375,0.2341288924217224,0.6169760227203369,-0.0946330651640892,0.19650280475616455,0.681317150592804,-0.13738174736499786,0.19578981399536133,0.7553106546401978,-0.15681400895118713,0.20571346580982208,0.8068826794624329,-0.16670891642570496,0.21858716011047363,0.6277132034301758,-0.08376263082027435,0.17586524784564972,0.6743242740631104,-0.11882176995277405,0.1669527292251587,0.7241342663764954,-0.1393817663192749,0.1729908287525177,0.7685452699661255,-0.1523609608411789,Right,0.9760479927062988
517,8,0,0.8277279138565063,0.5215308666229248,4.1546863371877407e-07,0.7528127431869507,0.5444416999816895,-0.026922231540083885,0.6950629353523254,0.611254870891571,-0.04994472861289978,0.6556752920150757,0.6774447560310364,-0.0666433721780777,0.6097995638847351,0.704240083694458,-0.08565373718738556,0.722862958908081,0.623538076877594,-0.09217339009046555,0.7023153305053711,0.7250716090202332,-0.12812359631061554,0.689142107963562,0.7970963716506958,-0.14425382018089294,0.6771394610404968,0.8592323064804077,-0.1549716591835022,0.7740100026130676,0.6461411118507385,-0.09270960837602615,0.7606409788131714,0.7532376646995544,-0.1331660896539688,0.7449022531509399,0.8370453715324402,-0.15040019154548645,0.7286909222602844,0.9075923562049866,-0.16289885342121124,0.8190216422080994,0.6630365252494812,-0.0916169062256813,0.8144954442977905,0.7608269453048706,-0.12626205384731293,0.7989356517791748,0.8385400772094727,-0.14295299351215363,0.7816607356071472,0.9025619029998779,-0.15350176393985748,0.8550509810447693,0.6736039519309998,-0.09068908542394638,0.8568112850189209,0.7608672380447388,-0.12126027792692184,0.8521291017532349,0.8210393190383911,-0.13874530792236328,0.8441295623779297,0.8751251697540283,-0.15013250708580017,Left,0.9935202598571777
517,8,1,0.2936854958534241,0.5081236362457275,3.459625190771476e-07,0.3434513211250305,0.541508674621582,-0.05266091600060463,0.3773837983608246,0.5922855734825134,-0.09074569493532181,0.4000774025917053,0.651486873626709,-0.11748767644166946,0.42806920409202576,0.7002833485603333,-0.1428433507680893,0.31088340282440186,0.5943871736526489,-0.11981096118688583,0.29959338903427124,0.6761372685432434,-0.1654350757598877,0.30072081089019775,0.7497678995132446,-0.18890734016895294,0.3017823398113251,0.8089046478271484,-0.20274050533771515,0.2646353244781494,0.6029219627380371,-0.10705416649580002,0.2328776717185974,0.6817725300788879,-0.15533091127872467,0.23499943315982819,0.7668907642364502,-0.17356745898723602,0.2454458624124527,0.8266265392303467,-0.18552957475185394,0.23429839313030243,0.616117537021637,-0.0944073349237442,0.19643178582191467,0.6810826659202576,-0.1366548389196396,0.19578179717063904,0.7552543878555298,-0.1555711030960083,0.2061278223991394,0.8065628409385681,-0.1649772822856903,0.21863672137260437,0.6269473433494568,-0.08382028341293335,0.17566309869289398,0.6737172603607178,-0.11842994391918182,0.16683249175548553,0.7236984968185425,-0.13853681087493896,0.173162579536438,0.7678295373916626,-0.1510523110628128,Right,0.9776862263679504
589,9,0,0.828563928604126,0.5228979587554932,4.224817473641451e-07,0.7533125281333923,0.544377863407135,-0.028703002259135246,0.6939783692359924,0.6105936169624329,-0.052226051688194275,0.6552405953407288,0.6778466105461121,-0.06897629797458649,0.6094340682029724,0.7048466205596924,-0.08792310208082199,0.7229446172714233,0.6217540502548218,-0.09418557584285736,0.7017017602920532,0.7211967706680298,-0.13068562746047974,0.6871288418769836,0.7921100854873657,-0.1472184956073761,0.6733204126358032,0.8540070056915283,-0.15818311274051666,0.7751625776290894,0.6454848051071167,-0.09379935264587402,0.7630754709243774,0.7525579929351807,-0.13430450856685638,0.7472410202026367,0.8364154100418091,-0.15140856802463531,0.730227530002594,0.9072821736335754,-0.16388404369354248,0.8202835917472839,0.66346675157547,-0.09187197685241699,0.8158885836601257,0.7611773014068604,-0.12658827006816864,0.8000830411911011,0.8387080430984497,-0.14297926425933838,0.782145619392395,0.9031854271888733,-0.15333843231201172,0.8558191657066345,0.6747002601623535,-0.09028983861207962,0.8574346899986267,0.7616474032402039,-0.12072577327489853,0.8530014753341675,0.8214831352233887,-0.13791021704673767,0.8449623584747314,0.8756797909736633,-0.14910119771957397,Left,0.9936783909797668
589,9,1,0.29376792907714844,0.507286548614502,3.5197578540646646e-07,0.34322524070739746,0.5415055155754089,-0.05231895670294762,0.3771924078464508,0.5925114750862122,-0.09010059386491776,0.39960846304893494,0.652115523815155,-0.11676373332738876,0.42684128880500793,0.7001144289970398,-0.14201673865318298,0.31105512380599976,0.595309317111969,-0.11726417392492294,0.3003059923648834,0.6760712265968323,-0.16240687668323517,0.3016137182712555,0.748507022857666,-0.1859566569328308,0.3024559020996094,0.8073165416717529,-0.20002499222755432,0.26507675647735596,0.6031858325004578,-0.10473576188087463,0.23334357142448425,0.6820606589317322,-0.15226168930530548,0.2355537861585617,0.7660337686538696,-0.1703314632177353,0.24567811191082,0.8260003924369812,-0.1822989583015442,0.2349952608346939,0.6153298020362854,-0.0924801379442215,0.19714084267616272,0.6811339855194092,-0.13402675092220306,0.19646894931793213,0.754948616027832,-0.15233369171619415,0.20636028051376343,0.8067964315414429,-0.16142328083515167,0.21950286626815796,0.6253020167350769,-0.08237195014953613,0.1766851246356964,0.6733191609382629,-0.11638332903385162,0.16790233552455902,0.7234417200088501,-0.13591773808002472,0.17373326420783997,0.7681218385696411,-0.14807072281837463,Right,0.9770192503929138
661,10,0,0.8207741975784302,0.5334245562553406,4.081917950315983e-07,0.749853253364563,0.5511565804481506,-0.032007910311222076,0.688549816608429,0.6098096966743469,-0.05846545100212097,0.6443006992340088,0.6684315800666809,-0.07746917009353638,0.595034122467041,0.6878741979598999,-0.09886981546878815,0.7213121056556702,0.6116366386413574,-0.10303433984518051,0.6973432898521423,0.6978870630264282,-0.1419781595468521,0.6786721348762512,0.7646222710609436,-0.16002346575260162,0.66201251745224,0.8230703473091125,-0.17203573882579803,0.7724862694740295,0.6385359168052673,-0.10194814950227737,0.7585974335670471,0.733019232749939,-0.14261773228645325,0.7382192015647888,0.8109725117683411,-0.15775470435619354,0.7170319557189941,0.8767794370651245,-0.1696397215127945,0.817683219909668,0.6608008742332458,-0.09958841651678085,0.8108586072921753,0.7506677508354187,-0.13526423275470734,0.7883897423744202,0.822189211845398,-0.14970749616622925,0.7633225917816162,0.8820410966873169,-0.15943239629268646,0.8537158966064453,0.6757828593254089,-0.09798064827919006,0.8598556518554688,0.7608798742294312,-0.1297157108783722,0.8545840978622437,0.8219567537307739,-0.1469225138425827,0.8431110978126526,0.8756213188171387,-0.15874044597148895,Left,0.9941759705543518
661,10,1,0.29337742924690247,0.5072659850120544,3.308209670649376e-07,0.3425062298774719,0.5398725271224976,-0.049115974456071854,0.3768880367279053,0.5912114977836609,-0.08438630402088165,0.4004383385181427,0.6524866223335266,-0.10895809531211853,0.42834073305130005,0.7001784443855286,-0.13169416785240173,0.3119394779205322,0.5941292643547058,-0.1102125272154808,0.3074652850627899,0.6767755150794983,-0.1524352878332138,0.31291404366493225,0.7480735778808594,-0.17356787621974945,0.31621822714805603,0.8063089847564697,-0.186073437333107,0.26506322622299194,0.6044220924377441,-0.09827786684036255,0.23295406997203827,0.683597981929779,-0.14434944093227386,0.23583778738975525,0.7654392123222351,-0.16121895611286163,0.2457769364118576,0.8237720727920532,-0.17172987759113312,0.23434148728847504,0.6179761290550232,-0.08631396293640137,0.1956748068332672,0.6829361319541931,-0.12630410492420197,0.19661180675029755,0.7544333934783936,-0.14229939877986908,0.20733168721199036,0.8056225776672363,-0.14921945333480835,0.21897321939468384,0.6284312605857849,-0.07626934349536896,0.1766708791255951,0.6764990091323853,-0.10771750658750534,0.16834335029125214,0.7260277271270752,-0.1244601383805275,0.17386355996131897,0.7708814144134521,-0.13418932259082794,Right,0.9769023656845093
733,11,0,0.813537061214447,0.5411197543144226,4.1404442185921653e-07,0.7467662692070007,0.5490921139717102,-0.0319816879928112,0.6784265637397766,0.5973888039588928,-0.058002226054668427,0.6324144601821899,0.6495750546455383,-0.07666345685720444,0.5843775868415833,0.6657757759094238,-0.09783496707677841,0.7140026092529297,0.5868138670921326,-0.10615434497594833,0.6827636957168579,0.6684614419937134,-0.1449885219335556,0.6608185172080994,0.7318426370620728,-0.16160711646080017,0.6394455432891846,0.7869015336036682,-0.17230506241321564,0.7631259560585022,0.6193478107452393,-0.1050543338060379,0.7398587465286255,0.7080190777778625,-0.1457703858613968,0.713505744934082,0.7807765007019043,-0.15983062982559204,0.6861315965652466,0.838884174823761,-0.17138628661632538,0.8058441281318665,0.6511343121528625,-0.10225697606801987,0.7912039756774902,0.7339515686035156,-0.13729040324687958,0.7644773721694946,0.7997972965240479,-0.15007084608078003,0.7341829538345337,0.8507233262062073,-0.15922781825065613,0.8425062894821167,0.6794900894165039,-0.10042866319417953,0.8389156460762024,0.7560266256332397,-0.13130131363868713,0.8221911787986755,0.803726315498352,-0.14719894528388977,0.7974818348884583,0.8402996063232422,-0.1587209552526474,Left,0.9965916275978088
733,11,1,0.29377564787864685,0.5043039321899414,2.3550997241272853e-07,0.3429205119609833,0.5350339412689209,-0.046430107206106186,0.37664133310317993,0.58903568983078,-0.07919152081012726,0.39987096190452576,0.6535338759422302,-0.10270168632268906,0.4286189377307892,0.699196457862854,-0.12488608807325363,0.3150022625923157,0.5850227475166321,-0.10134947299957275,0.3187880516052246,0.6621628403663635,-0.14168250560760498,0.3292313516139984,0.7296730279922485,-0.16260308027267456,0.3375151753425598,0.7883332967758179,-0.17586615681648254,0.26701128482818604,0.5993743538856506,-0.09170664846897125,0.24087214469909668,0.6722320318222046,-0.1350392997264862,0.24845221638679504,0.7495747804641724,-0.1530851125717163,0.2615199685096741,0.8089486360549927,-0.16561828553676605,0.23480993509292603,0.6156274080276489,-0.0821363553404808,0.2023518681526184,0.6789402961730957,-0.12054548412561417,0.20858557522296906,0.7481582164764404,-0.13627412915229797,0.22354039549827576,0.7996170520782471,-0.14408116042613983,0.21888823807239532,0.6276916861534119,-0.07454551011323929,0.17708130180835724,0.6742968559265137,-0.10502021014690399,0.16867977380752563,0.7207638025283813,-0.12080515176057816,0.17452910542488098,0.7643606066703796,-0.13050037622451782,Right,0.9827502369880676
806,12,0,0.7997511625289917,0.5514744520187378,4.5576135221381264e-07,0.7278099060058594,0.5525044798851013,-0.030513327568769455,0.6562805771827698,0.5949786901473999,-0.05575159937143326,0.609868049621582,0.6478413343429565,-0.07356718927621841,0.5634050369262695,0.6617776155471802,-0.09409347176551819,0.6945815682411194,0.5789556503295898,-0.10900561511516571,0.6576042175292969,0.6576602458953857,-0.1489543914794922,0.6293972134590149,0.7212974429130554,-0.1666974425315857,0.6043194532394409,0.7753394842147827,-0.177692711353302,0.7438217401504517,0.612583577632904,-0.10911490768194199,0.712177038192749,0.6984425783157349,-0.15124784409999847,0.6766597628593445,0.7682825326919556,-0.16583992540836334,0.643226683139801,0.8207301497459412,-0.17713013291358948,0.7854245901107788,0.6461670994758606,-0.10689467936754227,0.7625790238380432,0.7271533012390137,-0.14161929488182068,0.7290350198745728,0.7855978608131409,-0.15165284276008606,0.6949028372764587,0.8273203372955322,-0.15833216905593872,0.8211127519607544,0.6784148812294006,-0.10553520917892456,0.8079336881637573,0.7492562532424927,-0.13398617506027222,0.7848043441772461,0.7920315265655518,-0.14594660699367523,0.7564918398857117,0.8221652507781982,-0.15426211059093475,Left,0.9977494478225708
806,12,1,0.2912299633026123,0.5022158622741699,7.518713118770393e-08,0.34149110317230225,0.5341139435768127,-0.038257673382759094,0.3755846619606018,0.5856918692588806,-0.0654136911034584,0.3983128070831299,0.648823082447052,-0.0857343003153801,0.42469489574432373,0.6942397356033325,-0.10518068075180054,0.32243019342422485,0.5721505880355835,-0.08547448366880417,0.33370441198349,0.6400824785232544,-0.1231650561094284,0.34813162684440613,0.7051705718040466,-0.14305782318115234,0.3609217405319214,0.7633103132247925,-0.15530334413051605,0.27233487367630005,0.5882028937339783,-0.07927684485912323,0.25501176714897156,0.6571421027183533,-0.1161981150507927,0.2684292197227478,0.7342795133590698,-0.13105978071689606,0.28769683837890625,0.7957209348678589,-0.14201414585113525,0.23702183365821838,0.6073766946792603,-0.07370206713676453,0.21196626126766205,0.6647530198097229,-0.1089736595749855,0.22209575772285461,0.7321621775627136,-0.12334924936294556,0.24151913821697235,0.7853245139122009,-0.1302681267261505,0.21924728155136108,0.6219056844711304,-0.06979910284280777,0.17856743931770325,0.6601966619491577,-0.09775937348604202,0.1729428470134735,0.7055334448814392,-0.11212055385112762,0.18213775753974915,0.7484609484672546,-0.12100930511951447,Right,0.9933686852455139
879,13,0,0.7700292468070984,0.5523950457572937,3.637956638158357e-07,0.6988301873207092,0.5556339621543884,-0.02205369621515274,0.6341816782951355,0.6044446229934692,-0.04469256475567818,0.5898966193199158,0.658308207988739,-0.0619380809366703,0.5453405976295471,0.6765324473381042,-0.08249723166227341,0.6604235172271729,0.5852493047714233,-0.1005888283252716,0.6172752380371094,0.679199755191803,-0.13793666660785675,0.5896978378295898,0.746679961681366,-0.1543089747428894,0.5665809512138367,0.7995261549949646,-0.1644434630870819,0.7088945508003235,0.6152897477149963,-0.10590995103120804,0.6772370338439941,0.7063760757446289,-0.14736953377723694,0.6423250436782837,0.775977373123169,-0.1618436574935913,0.6119645237922668,0.8211756944656372,-0.17279677093029022,0.7539488673210144,0.6422724723815918,-0.10867034643888474,0.7282806038856506,0.7235186696052551,-0.14333899319171906,0.6967873573303223,0.7800718545913696,-0.154951810836792,0.668318510055542,0.813482403755188,-0.16243086755275726,0.7933467626571655,0.6653836965560913,-0.11142304539680481,0.7758841514587402,0.7428078651428223,-0.14217668771743774,0.7528085708618164,0.7868056893348694,-0.15608197450637817,0.7303348779678345,0.8108717203140259,-0.16498559713363647,Left,0.9981451630592346
879,13,1,0.2942613363265991,0.5099347829818726,4.6677142151452244e-09,0.3461158275604248,0.537158727645874,-0.03623737022280693,0.3803764581680298,0.5859255790710449,-0.06039588525891304,0.3993089497089386,0.648159384727478,-0.07805810123682022,0.418579638004303,0.6997466087341309,-0.09478820115327835,0.3331093192100525,0.5586919784545898,-0.08551425486803055,0.35536932945251465,0.6354549527168274,-0.12044020742177963,0.3727564215660095,0.700934886932373,-0.13708533346652985,0.38752028346061707,0.7586700916290283,-0.14739364385604858,0.28016209602355957,0.5800982713699341,-0.07898791134357452,0.28603342175483704,0.6577074527740479,-0.11044694483280182,0.3044493496417999,0.7293760776519775,-0.12019117176532745,0.32586225867271423,0.7838388085365295,-0.12922829389572144,0.24240784347057343,0.603191614151001,-0.07333835959434509,0.23546941578388214,0.6675699949264526,-0.10476835817098618,0.2527671158313751,0.7290124893188477,-0.11671224981546402,0.27835527062416077,0.7739701271057129,-0.1236066222190857,0.22124755382537842,0.6220765113830566,-0.06947925686836243,0.18714499473571777,0.6601405739784241,-0.09629269689321518,0.1884492039680481,0.69981849193573,-0.1116519495844841,0.20510625839233398,0.7342427968978882,-0.12246142327785492,Right,0.9950301051139832
953,14,0,0.7458658814430237,0.5586841106414795,3.782419639719592e-07,0.6752321720123291,0.5610957741737366,-0.021190950646996498,0.6151904463768005,0.6124044060707092,-0.04462091252207756,0.5735102891921997,0.6724274754524231,-0.06237350404262543,0.531052827835083,0.7054370045661926,-0.08319827169179916,0.6306656002998352,0.5975778698921204,-0.10138414800167084,0.5879697203636169,0.7005777359008789,-0.13892531394958496,0.5606260299682617,0.7711456418037415,-0.1550172120332718,0.5381933450698853,0.8249396085739136,-0.16418945789337158,0.6784323453903198,0.6249949932098389,-0.1070786789059639,0.6423117518424988,0.7207725048065186,-0.1481097787618637,0.6069644093513489,0.7933459281921387,-0.16261738538742065,0.5777541399002075,0.8370920419692993,-0.17319880425930023,0.7232204675674438,0.6509114503860474,-0.1099269911646843,0.6964017152786255,0.735069990158081,-0.14613229036331177,0.6670149564743042,0.7873346209526062,-0.1586020439863205,0.6412034630775452,0.8116685152053833,-0.16558361053466797,0.7631347179412842,0.6738410592079163,-0.11218675971031189,0.7460981607437134,0.7604532241821289,-0.14443257451057434,0.7241721749305725,0.7999892234802246,-0.15784531831741333,0.7027925252914429,0.8139890432357788,-0.1654386818408966,Left,0.9985938668251038
953,14,1,0.30117350816726685,0.5080158710479736,7.498109511061557e-08,0.35118401050567627,0.5395123362541199,-0.0378480963408947,0.38523200154304504,0.5925073623657227,-0.06291162967681885,0.40203964710235596,0.6555650234222412,-0.08057891577482224,0.41030314564704895,0.7168865203857422,-0.09685879945755005,0.34420284628868103,0.5639880299568176,-0.09249166399240494,0.366588294506073,0.6505645513534546,-0.1292186826467514,0.3809872269630432,0.7212539911270142,-0.1457149237394333,0.3921445310115814,0.7801095843315125,-0.15515975654125214,0.29247769713401794,0.5780634880065918,-0.08523682504892349,0.2974196970462799,0.6627349853515625,-0.11979734897613525,0.3137977123260498,0.7365763783454895,-0.129551962018013,0.3330494165420532,0.7892783880233765,-0.13736264407634735,0.25358620285987854,0.5957428812980652,-0.07862288504838943,0.24813595414161682,0.663746178150177,-0.11080939322710037,0.26424917578697205,0.7266295552253723,-0.12076444178819656,0.2884039878845215,0.7703462243080139,-0.12552383542060852,0.22985485196113586,0.610958993434906,-0.07405903935432434,0.20127646625041962,0.6564387083053589,-0.1008305698633194,0.20725716650485992,0.700115442276001,-0.11454518139362335,0.2274303138256073,0.7343428134918213,-0.12338852882385254,Right,0.9919368624687195
1026,15,0,0.7311810851097107,0.5592215657234192,2.6860590196520207e-07,0.6630605459213257,0.5663185119628906,-0.01785072684288025,0.607125461101532,0.6234792470932007,-0.040470998734235764,0.5667204260826111,0.6862305402755737,-0.05741662532091141,0.5241779685020447,0.713171124458313,-0.07725534588098526,0.6145938038825989,0.5950426459312439,-0.09857231378555298,0.5749328136444092,0.7004272937774658,-0.1339951455593109,0.5517837405204773,0.7713780999183655,-0.14819087088108063,0.5344682931900024,0.8248167037963867,-0.15606389939785004,0.66164630651474,0.620911180973053,-0.1046154722571373,0.626748263835907,0.7223929762840271,-0.14176401495933533,0.5952388644218445,0.7922531962394714,-0.15226469933986664,0.5728309750556946,0.8309897184371948,-0.16045287251472473,0.7077974081039429,0.6451929211616516,-0.10762347280979156,0.681157112121582,0.7355239987373352,-0.13996779918670654,0.6534411907196045,0.7828603386878967,-0.14835241436958313,0.6322609186172485,0.7990719079971313,-0.1530447006225586,0.7507692575454712,0.6675597429275513,-0.10981010645627975,0.7341577410697937,0.758384108543396,-0.1394815593957901,0.7136757969856262,0.797472357749939,-0.15097901225090027,0.6941673755645752,0.8080596923828125,-0.1574985235929489,Left,0.9980939030647278
1026,15,1,0.3090691566467285,0.5040420889854431,1.0287644869322321e-07,0.3567509949207306,0.5400189757347107,-0.03958085551857948,0.3875253200531006,0.598621129989624,-0.06531218439340591,0.4029396176338196,0.666568398475647,-0.08157787472009659,0.40791380405426025,0.726579487323761,-0.09644538909196854,0.34875255823135376,0.5496997237205505,-0.10946648567914963,0.3699134588241577,0.6365671157836914,-0.14945325255393982,0.3843163251876831,0.7131130695343018,-0.16624756157398224,0.3958807587623596,0.7681210041046143,-0.17502111196517944,0.2972801625728607,0.5608314871788025,-0.10091031342744827,0.30514591932296753,0.6483350396156311,-0.1384364366531372,0.32511791586875916,0.7294410467147827,-0.145303413271904,0.34703993797302246,0.7723701596260071,-0.15060849487781525,0.2586161494255066,0.5785835981369019,-0.09253948926925659,0.2545131742954254,0.6486625075340271,-0.12682276964187622,0.2741665244102478,0.7186082601547241,-0.13619887828826904,0.3004474341869354,0.751972496509552,-0.13984137773513794,0.23490767180919647,0.5953418016433716,-0.08602060377597809,0.2119346410036087,0.6510487794876099,-0.11675120145082474,0.22590826451778412,0.7010306715965271,-0.13231876492500305,0.2523616850376129,0.7275882959365845,-0.14170341193675995,Right,0.992257297039032
1099,16,0,0.733526349067688,0.5570240020751953,2.1914948433732206e-07,0.6655522584915161,0.5633953809738159,-0.01980489119887352,0.6082221269607544,0.6183480620384216,-0.044343724846839905,0.5662963390350342,0.6816316843032837,-0.06291993707418442,0.5252005457878113,0.7165436148643494,-0.0845910981297493,0.6165043711662292,0.5902096033096313,-0.10284814238548279,0.5760877132415771,0.6987377405166626,-0.13843074440956116,0.5543437004089355,0.7692996859550476,-0.15286210179328918,0.5371843576431274,0.8195409774780273,-0.16083917021751404,0.6627014875411987,0.6143759489059448,-0.1082758978009224,0.626398503780365,0.7204889059066772,-0.1443992555141449,0.5972342491149902,0.7935935854911804,-0.15356172621250153,0.5785452723503113,0.8315921425819397,-0.1612052470445633,0.7082645297050476,0.6398643255233765,-0.11069922149181366,0.6797283887863159,0.7408472895622253,-0.1422383338212967,0.6550655961036682,0.7839140892028809,-0.14790262281894684,0.6379539966583252,0.790131151676178,-0.15105602145195007,0.7500486969947815,0.6655698418617249,-0.11257680505514145,0.7332785129547119,0.7631151080131531,-0.14198103547096252,0.7113627791404724,0.7985004782676697,-0.151641383767128,0.6916381120681763,0.799712598323822,-0.1568470448255539,Left,0.9987340569496155
1099,16,1,0.3144170343875885,0.5087129473686218,4.1243957582537405e-08,0.36075079441070557,0.5437504649162292,-0.03336666524410248,0.38529810309410095,0.5933093428611755,-0.0563553161919117,0.39392080903053284,0.6498681306838989,-0.07130998373031616,0.3866964280605316,0.6966723203659058,-0.08481728285551071,0.34969931840896606,0.5459377765655518,-0.10258191078901291,0.3711031675338745,0.6386294364929199,-0.14222559332847595,0.38473233580589294,0.7150693535804749,-0.158743217587471,0.39384740591049194,0.7685108780860901,-0.16610094904899597,0.3001352846622467,0.5559811592102051,-0.09551019966602325,0.3068211078643799,0.6491138935089111,-0.13068674504756927,0.32756999135017395,0.7289168834686279,-0.13269387185573578,0.3501735031604767,0.7672064304351807,-0.13239188492298126,0.2622903883457184,0.5727626085281372,-0.08839188516139984,0.26054948568344116,0.6512605547904968,-0.11860298365354538,0.27994808554649353,0.7197902798652649,-0.11973939090967178,0.30444416403770447,0.7481411695480347,-0.11589844524860382,0.24045732617378235,0.5908438563346863,-0.08308878540992737,0.21773090958595276,0.6507851481437683,-0.10957015305757523,0.23072220385074615,0.7034162878990173,-0.1182774230837822,0.2544180750846863,0.7289502024650574,-0.12073209136724472,Right,0.9958329200744629
1172,17,0,0.7331045866012573,0.5477948188781738,1.6081503417808563e-07,0.6632019281387329,0.551977276802063,-0.017892926931381226,0.6058186292648315,0.6070765256881714,-0.03890686854720116,0.5690427422523499,0.6697968244552612,-0.054402243345975876,0.5336482524871826,0.710844099521637,-0.07301771640777588,0.6191361546516418,0.5879209041595459,-0.09275905787944794,0.5854703783988953,0.6915931105613708,-0.12378829717636108,0.5655036568641663,0.7566158175468445,-0.13644158840179443,0.5490033030509949,0.8014217019081116,-0.14300809800624847,0.6659876108169556,0.6116710901260376,-0.09746769815683365,0.6323502659797668,0.7183893918991089,-0.12733063101768494,0.602909505367279,0.7881806492805481,-0.13498783111572266,0.58465576171875,0.8220520615577698,-0.14196215569972992,0.7108364701271057,0.6376485824584961,-0.09933152794837952,0.6809150576591492,0.7378825545310974,-0.12649677693843842,0.6550475358963013,0.782538652420044,-0.13179808855056763,0.6392828226089478,0.7902579307556152,-0.13480640947818756,0.751228928565979,0.6626760959625244,-0.1006210669875145,0.7307787537574768,0.7617689371109009,-0.12677507102489471,0.7075700163841248,0.7929455041885376,-0.13470613956451416,0.6903634071350098,0.7877469062805176,-0.1385142207145691,Left,0.9983811974525452
1172,17,1,0.3129245340824127,0.5183145403862,1.8972972526398735e-08,0.3602168560028076,0.5471004247665405,-0.0421123281121254,0.38505399227142334,0.6059905290603638,-0.06943733990192413,0.39056771993637085,0.6702386736869812,-0.08588292449712753,0.3841208815574646,0.7222689390182495,-0.10025468468666077,0.3476640582084656,0.5470171570777893,-0.11987560242414474,0.36530348658561707,0.6417020559310913,-0.15959517657756805,0.3799576461315155,0.7138055562973022,-0.17219069600105286,0.3919318914413452,0.7609469294548035,-0.17623084783554077,0.2989340126514435,0.5587232708930969,-0.10822927206754684,0.3046731650829315,0.6528840065002441,-0.1464610993862152,0.3284575343132019,0.730906069278717,-0.14651080965995789,0.35155290365219116,0.7676277756690979,-0.14405310153961182,0.26214200258255005,0.5783530473709106,-0.09636665880680084,0.2585947811603546,0.6574814319610596,-0.12881283462047577,0.2800693213939667,0.7224923968315125,-0.12883354723453522,0.30485212802886963,0.7489525675773621,-0.12365888059139252,0.24144941568374634,0.5979463458061218,-0.08667562901973724,0.21752873063087463,0.6551598906517029,-0.11248371005058289,0.22742240130901337,0.7049901485443115,-0.12021426856517792,0.24836617708206177,0.7300593852996826,-0.1221175417304039,Right,0.9925891160964966
1246,18,0,0.7305825352668762,0.5436717867851257,2.6886559112426767e-07,0.658576488494873,0.5491282343864441,-0.018515270203351974,0.6024887561798096,0.6067044138908386,-0.03926830366253853,0.5655343532562256,0.6713181734085083,-0.053841251879930496,0.5285128355026245,0.7140932679176331,-0.07117128372192383,0.6207836270332336,0.5894732475280762,-0.09280619770288467,0.5882548689842224,0.6950075626373291,-0.12357882410287857,0.5671771764755249,0.7580820322036743,-0.13426697254180908,0.5504924654960632,0.7987339496612549,-0.1382697969675064,0.6670644283294678,0.6144537925720215,-0.0952640250325203,0.6342931985855103,0.725964367389679,-0.12451334297657013,0.6045442819595337,0.7916890978813171,-0.1287367194890976,0.5859279632568359,0.8185988068580627,-0.1315961331129074,0.7116028070449829,0.6400745511054993,-0.09492604434490204,0.6818926930427551,0.7448059916496277,-0.12083254754543304,0.6538870334625244,0.7903499603271484,-0.12333861738443375,0.6355427503585815,0.7955605387687683,-0.12307299673557281,0.7516545057296753,0.6638012528419495,-0.09397727251052856,0.7331178188323975,0.7637503743171692,-0.11859206855297089,0.711453378200531,0.7945195436477661,-0.12423957884311676,0.6946260333061218,0.7886989712715149,-0.1251392662525177,Left,0.9990304112434387
1246,18,1,0.3198947012424469,0.5071339011192322,2.3400129833817118e-08,0.36801421642303467,0.5446310043334961,-0.045411188155412674,0.39101332426071167,0.6106315851211548,-0.07395824044942856,0.39288437366485596,0.68077152967453,-0.08946187794208527,0.3808075189590454,0.7346117496490479,-0.10028889775276184,0.35002169013023376,0.564453125,-0.12954378128051758,0.3576755225658417,0.6609140038490295,-0.1670314520597458,0.36900484561920166,0.7262057065963745,-0.169967383146286,0.3839486241340637,0.7528197765350342,-0.16526031494140625,0.3016035556793213,0.5748583078384399,-0.11494049429893494,0.3030199408531189,0.6656004786491394,-0.1555442065000534,0.32284748554229736,0.7370080947875977,-0.15036728978157043,0.3484049439430237,0.7590118050575256,-0.14183777570724487,0.2662743031978607,0.5904783606529236,-0.09987886995077133,0.2599961757659912,0.665080726146698,-0.1362861692905426,0.27853304147720337,0.7263806462287903,-0.13414746522903442,0.30436602234840393,0.7447744607925415,-0.12554369866847992,0.24728873372077942,0.6042429804801941,-0.08664296567440033,0.21950975060462952,0.6584936380386353,-0.11966568976640701,0.22723224759101868,0.7064688205718994,-0.13075579702854156,0.24958336353302002,0.7275382280349731,-0.13276466727256775,Right,0.992883026599884
1323,19,0,0.7313846945762634,0.5411111116409302,3.56185154259947e-07,0.6580204963684082,0.5460358262062073,-0.019232457503676414,0.6005273461341858,0.6024172902107239,-0.04239266738295555,0.5655174851417542,0.6685665249824524,-0.05826868489384651,0.5305511951446533,0.7114678621292114,-0.07634912431240082,0.6231555342674255,0.58660489320755,-0.10614337772130966,0.5897791981697083,0.6970241665840149,-0.14098621904850006,0.5657914280891418,0.7556492686271667,-0.15062515437602997,0.5483518242835999,0.7880397439002991,-0.15199579298496246,0.6702631115913391,0.6138064861297607,-0.10759776085615158,0.6359958648681641,0.7368390560150146,-0.14175201952457428,0.6021214723587036,0.7920101881027222,-0.14157743752002716,0.5818918347358704,0.8008859157562256,-0.1385013908147812,0.7135682106018066,0.6393551826477051,-0.10570775717496872,0.6825719475746155,0.7543157935142517,-0.1330709159374237,0.6508778929710388,0.7949862480163574,-0.1300196349620819,0.6308069825172424,0.7894526124000549,-0.12376648187637329,0.7510086894035339,0.6602006554603577,-0.10330739617347717,0.7296105623245239,0.7647184729576111,-0.12639614939689636,0.70597243309021,0.7966114282608032,-0.12840503454208374,0.6877433657646179,0.7895377278327942,-0.12530291080474854,Left,0.9993007183074951
1323,19,1,0.31555578112602234,0.4906795620918274,7.055159123581234e-09,0.3732406198978424,0.5344102382659912,-0.03587418422102928,0.3996351659297943,0.6001416444778442,-0.05820232257246971,0.39921146631240845,0.6686369180679321,-0.06930819153785706,0.38257792592048645,0.7168716788291931,-0.07519827038049698,0.35647091269493103,0.5776689648628235,-0.11074414849281311,0.3572010397911072,0.6813473701477051,-0.1461605727672577,0.36986884474754333,0.7402174472808838,-0.14835365116596222,0.386319637298584,0.7507830858230591,-0.1415272057056427,0.3075023591518402,0.5858964920043945,-0.09855008870363235,0.303384929895401,0.6805036664009094,-0.13685671985149384,0.3201487064361572,0.7476872205734253,-0.13172991573810577,0.34458431601524353,0.7579663991928101,-0.12183850258588791,0.2715410590171814,0.5958667397499084,-0.0859074667096138,0.25926440954208374,0.6718746423721313,-0.12043890357017517,0.27482977509498596,0.7327025532722473,-0.11981630325317383,0.29885098338127136,0.7459531426429749,-0.11124713718891144,0.24974417686462402,0.6027492880821228,-0.07410161942243576,0.2239762842655182,0.6643671989440918,-0.10814478993415833,0.23053184151649475,0.714575469493866,-0.12129195034503937,0.250987708568573,0.7320253849029541,-0.12319634854793549,Right,0.9889022707939148
1397,20,0,0.7363674640655518,0.5387473702430725,3.8218490772123914e-07,0.6630628705024719,0.542690634727478,-0.02213260531425476,0.6052203178405762,0.6013096570968628,-0.04706045612692833,0.5702655911445618,0.668139636516571,-0.063554547727108,0.5354042053222656,0.7136724591255188,-0.0818721354007721,0.6273742914199829,0.5795038938522339,-0.11215803772211075,0.5953382253646851,0.6906865239143372,-0.14926719665527344,0.5694085359573364,0.7465932965278625,-0.15906378626823425,0.5511322021484375,0.7750857472419739,-0.1589072048664093,0.6747797727584839,0.6101984977722168,-0.11118476837873459,0.6381031274795532,0.7370819449424744,-0.1452234536409378,0.6037787199020386,0.7852826714515686,-0.14117218554019928,0.5872178673744202,0.7839714288711548,-0.13382580876350403,0.717027485370636,0.6391990184783936,-0.10699550807476044,0.6805528402328491,0.7586503624916077,-0.13339528441429138,0.6463806629180908,0.7953110933303833,-0.12561121582984924,0.6283015012741089,0.7831299304962158,-0.11466403305530548,0.7525119781494141,0.6629390120506287,-0.1026344746351242,0.7239415645599365,0.7666107416152954,-0.12422147393226624,0.6975443363189697,0.7951138615608215,-0.1228577122092247,0.6809343695640564,0.7854601144790649,-0.11605662852525711,Left,0.9995001554489136
1397,20,1,0.3163761794567108,0.48217105865478516,1.4881690901802358e-07,0.3790103793144226,0.5243678689002991,-0.029551910236477852,0.4032399356365204,0.5917845368385315,-0.04664820805191994,0.40185821056365967,0.6611751317977905,-0.052310358732938766,0.3895381689071655,0.7128170132637024,-0.05204625800251961,0.361913800239563,0.5935293436050415,-0.10059208422899246,0.3514768183231354,0.6982550024986267,-0.1269715577363968,0.3665056824684143,0.7510080337524414,-0.12110384553670883,0.3832107484340668,0.7537120580673218,-0.10894660651683807,0.3136967718601227,0.6007956266403198,-0.08869341760873795,0.29838594794273376,0.7027814984321594,-0.11918415874242783,0.31725215911865234,0.7619267702102661,-0.10895256698131561,0.34072643518447876,0.7622874975204468,-0.09497829526662827,0.27849656343460083,0.6062472462654114,-0.07525429129600525,0.25821197032928467,0.6870068907737732,-0.10101935267448425,0.2778937816619873,0.7427480220794678,-0.09629464149475098,0.30288439989089966,0.7505926489830017,-0.08576758950948715,0.2540302276611328,0.605967104434967,-0.0622684583067894,0.22165432572364807,0.6731882095336914,-0.09180285036563873,0.23286429047584534,0.7200853228569031,-0.10300587117671967,0.2562706470489502,0.7313737869262695,-0.10318515449762344,Right,0.9923244118690491
1471,21,0,0.741294801235199,0.5381872653961182,3.9784151795174694e-07,0.6678261756896973,0.5386207103729248,-0.022115549072623253,0.6099391579627991,0.5963708758354187,-0.04794258251786232,0.5754107236862183,0.6635527014732361,-0.06512617319822311,0.5412156581878662,0.7112449407577515,-0.08385910838842392,0.6319078207015991,0.5748808979988098,-0.11330002546310425,0.5978986024856567,0.6854994297027588,-0.15143132209777832,0.571354329586029,0.7380408644676208,-0.16128411889076233,0.554709792137146,0.7599954009056091,-0.1602657586336136,0.6787167191505432,0.6083001494407654,-0.11192817240953445,0.6365149617195129,0.7375579476356506,-0.1457059532403946,0.6012403964996338,0.7811295986175537,-0.14063507318496704,0.5859247446060181,0.7740247249603271,-0.13207240402698517,0.7195655703544617,0.6391274929046631,-0.10724278539419174,0.6777243614196777,0.7612950801849365,-0.13291692733764648,0.6425387263298035,0.7928640842437744,-0.12355709820985794,0.6254683136940002,0.7753565907478333,-0.11130266636610031,0.7536972761154175,0.6639111638069153,-0.10230958461761475,0.7211443185806274,0.7652510404586792,-0.12331309169530869,0.6936299800872803,0.7907703518867493,-0.12110904604196548,0.6773629784584045,0.7797921895980835,-0.11344385147094727,Left,0.999485433101654
1471,21,1,0.32144051790237427,0.4652833342552185,1.845988748527816e-07,0.3828122615814209,0.511361300945282,-0.0222980547696352,0.40341266989707947,0.58408522605896,-0.03867809846997261,0.40123695135116577,0.6553312540054321,-0.04474274069070816,0.3881206810474396,0.7077534198760986,-0.045404523611068726,0.3643913269042969,0.5957840085029602,-0.0996689647436142,0.353702187538147,0.7051467895507812,-0.12422677129507065,0.36744314432144165,0.7534205317497253,-0.11420087516307831,0.3828870356082916,0.7493553757667542,-0.09814945608377457,0.3157036304473877,0.5986140966415405,-0.09166012704372406,0.30100005865097046,0.7109994888305664,-0.1197100356221199,0.3193080425262451,0.7680860161781311,-0.10386978089809418,0.3412300944328308,0.7677997350692749,-0.08467835932970047,0.27968335151672363,0.5971202254295349,-0.08094475418329239,0.26232609152793884,0.6986594796180725,-0.10421346873044968,0.2817617654800415,0.7494478225708008,-0.09011974185705185,0.3060900866985321,0.7527753710746765,-0.07224634289741516,0.254738450050354,0.5892845392227173,-0.07001111656427383,0.22300103306770325,0.6655844449996948,-0.09667429327964783,0.2334776222705841,0.711649477481842,-0.09983345121145248,0.2548714578151703,0.7216940522193909,-0.09282870590686798,Right,0.9937379360198975
1545,22,0,0.746088981628418,0.5407832264900208,4.089232845672086e-07,0.6729452610015869,0.5382599234580994,-0.02109905704855919,0.6150871515274048,0.5938308835029602,-0.046142831444740295,0.5810658931732178,0.6612873077392578,-0.06254739314317703,0.5489447116851807,0.7118632793426514,-0.08032237738370895,0.6361324787139893,0.5737035870552063,-0.11140863597393036,0.5999093055725098,0.680233359336853,-0.14797404408454895,0.5736119747161865,0.7313732504844666,-0.15653985738754272,0.5579679012298584,0.7522499561309814,-0.15447023510932922,0.6823651790618896,0.6095913648605347,-0.1094905436038971,0.6364859342575073,0.736108124256134,-0.14209303259849548,0.6012762188911438,0.777736246585846,-0.1357356160879135,0.5879220366477966,0.769682765007019,-0.126023069024086,0.721811056137085,0.643257200717926,-0.10404623299837112,0.6762044429779053,0.7617870569229126,-0.12793518602848053,0.6410536170005798,0.7898529767990112,-0.1167999655008316,0.6264196038246155,0.7707152366638184,-0.10317873954772949,0.7544779777526855,0.6702362895011902,-0.0983206108212471,0.7164056897163391,0.7674623131752014,-0.1164383590221405,0.6882618069648743,0.7873203754425049,-0.11182805150747299,0.6738990545272827,0.7725333571434021,-0.10251501202583313,Left,0.9995743632316589
1545,22,1,0.3212805688381195,0.4598503112792969,1.60116442771141e-07,0.38447487354278564,0.508877158164978,-0.016946885734796524,0.40122461318969727,0.5884690284729004,-0.030028168112039566,0.39333078265190125,0.6629530191421509,-0.03367851302027702,0.3871780335903168,0.7178782224655151,-0.03176048398017883,0.3637356758117676,0.6015143394470215,-0.09368249028921127,0.3486226499080658,0.7158404588699341,-0.11516887694597244,0.36316144466400146,0.7598913908004761,-0.10105593502521515,0.37933236360549927,0.7500004768371582,-0.08102601766586304,0.31482359766960144,0.5984170436859131,-0.08778583258390427,0.2987637519836426,0.7199932336807251,-0.11297641694545746,0.3180187940597534,0.7714483141899109,-0.09019871056079865,0.3388841152191162,0.7651941776275635,-0.06425172090530396,0.2777024507522583,0.5923565626144409,-0.07894483953714371,0.25721853971481323,0.7055273652076721,-0.09990961104631424,0.27701109647750854,0.7513844966888428,-0.07722077518701553,0.2999145984649658,0.7486110329627991,-0.05168082192540169,0.2514049708843231,0.5810509920120239,-0.06963589787483215,0.2195957452058792,0.6649765968322754,-0.09124177694320679,0.23186388611793518,0.7063847780227661,-0.08568792790174484,0.2533777952194214,0.7089928984642029,-0.0712328851222992,Right,0.9947433471679688
1620,23,0,0.7479038834571838,0.5431101322174072,4.2188452198388404e-07,0.6751863360404968,0.5387215614318848,-0.02026137337088585,0.6172977685928345,0.5933020114898682,-0.04451845586299896,0.5837350487709045,0.6608074903488159,-0.06015555560588837,0.5510046482086182,0.7108813524246216,-0.07680947333574295,0.6381279826164246,0.5755264759063721,-0.11051103472709656,0.6002481579780579,0.6836367249488831,-0.1468864232301712,0.5736852884292603,0.7316334247589111,-0.1542833000421524,0.5602261424064636,0.7472097277641296,-0.15074746310710907,0.6839708089828491,0.6119264364242554,-0.10839918255805969,0.6372109055519104,0.738551914691925,-0.14146168529987335,0.6011451482772827,0.7779967784881592,-0.1339980661869049,0.5891056060791016,0.7665688991546631,-0.12279149889945984,0.7230675220489502,0.6457821726799011,-0.10279049724340439,0.6772691607475281,0.7636576294898987,-0.12699128687381744,0.6414721012115479,0.7902014851570129,-0.11496645957231522,0.627363920211792,0.769149124622345,-0.10008237510919571,0.7556264996528625,0.6726399660110474,-0.09676878899335861,0.7159404754638672,0.7694085836410522,-0.11470538377761841,0.6875284314155579,0.786706805229187,-0.10915809124708176,0.6740366220474243,0.7685330510139465,-0.09865009784698486,Left,0.9996011853218079
1620,23,1,0.3207804560661316,0.4546971321105957,1.0174343145763487e-07,0.3856312334537506,0.5075242519378662,-0.01567290909588337,0.4028557240962982,0.5895315408706665,-0.027195967733860016,0.3951423168182373,0.6649214029312134,-0.02991863526403904,0.39162442088127136,0.7209826707839966,-0.026588372886180878,0.36444956064224243,0.600471019744873,-0.09005284309387207,0.35087287425994873,0.7216573357582092,-0.10843551158905029,0.366105854511261,0.7611968517303467,-0.09126437455415726,0.38215452432632446,0.7503475546836853,-0.06976141780614853,0.31382277607917786,0.5980311632156372,-0.08434487879276276,0.3020460307598114,0.7252298593521118,-0.10689198225736618,0.3233835697174072,0.7676076292991638,-0.08150648325681686,0.3438184857368469,0.7570804953575134,-0.053900137543678284,0.27631375193595886,0.5922635793685913,-0.07561327517032623,0.2601509094238281,0.7113420367240906,-0.093380406498909,0.28180575370788574,0.7505418062210083,-0.06722916662693024,0.3045712411403656,0.7436566352844238,-0.039827071130275726,0.25082364678382874,0.5795512199401855,-0.06690774857997894,0.216636061668396,0.6628576517105103,-0.0862840935587883,0.2284913957118988,0.7037327289581299,-0.07979975640773773,0.24935197830200195,0.7074172496795654,-0.06506013870239258,Right,0.9935266971588135
1694,24,0,0.7479939460754395,0.5436369180679321,4.5440626195158984e-07,0.6758524775505066,0.5396332740783691,-0.02142813801765442,0.6190021634101868,0.5947941541671753,-0.04711832106113434,0.5857154130935669,0.6611546874046326,-0.06366950273513794,0.5520293116569519,0.7089534997940063,-0.0812656432390213,0.6395410895347595,0.5753189325332642,-0.11525954306125641,0.6014511585235596,0.6866796016693115,-0.1529342085123062,0.5732312202453613,0.733801007270813,-0.16086333990097046,0.557762861251831,0.7491205334663391,-0.1575600802898407,0.6854424476623535,0.6113194227218628,-0.1128685474395752,0.6378885507583618,0.738539457321167,-0.14751438796520233,0.6006996035575867,0.7769624590873718,-0.13971233367919922,0.5877531170845032,0.7647530436515808,-0.1279205083847046,0.7244923710823059,0.6453800201416016,-0.1069093644618988,0.6779267191886902,0.7638679146766663,-0.13202109932899475,0.6410961747169495,0.7911840677261353,-0.11936705559492111,0.6255350708961487,0.7707536220550537,-0.10382647812366486,0.7568339109420776,0.672579824924469,-0.10060965269804001,0.716223418712616,0.7700023651123047,-0.11892538517713547,0.6872000694274902,0.7872251272201538,-0.11293791979551315,0.6733439564704895,0.76874840259552,-0.10197285562753677,Left,0.9997201561927795
1694,24,1,0.3203076124191284,0.44511669874191284,6.927380269416972e-08,0.38626807928085327,0.4999552369117737,-0.013873550109565258,0.403618723154068,0.5851151347160339,-0.024389151483774185,0.39729994535446167,0.6632776260375977,-0.026501236483454704,0.3975315988063812,0.72259521484375,-0.02240230143070221,0.36499154567718506,0.6001086831092834,-0.08762064576148987,0.35005778074264526,0.7241292595863342,-0.10539667308330536,0.3672909736633301,0.7629556655883789,-0.08727581053972244,0.38454344868659973,0.7511122226715088,-0.06472733616828918,0.31461623311042786,0.5960271954536438,-0.08265897631645203,0.30208516120910645,0.726154625415802,-0.105535589158535,0.32449978590011597,0.7664191722869873,-0.07903385162353516,0.3445723056793213,0.7518150210380554,-0.04969509690999985,0.2774660885334015,0.5891358852386475,-0.07460936903953552,0.2589857280254364,0.7107816934585571,-0.09232810139656067,0.2800728678703308,0.7512093186378479,-0.06448891013860703,0.30173546075820923,0.743992805480957,-0.034996259957551956,0.252196729183197,0.5756236910820007,-0.06646914035081863,0.21827031672000885,0.6630023717880249,-0.08467117697000504,0.22967329621315002,0.7063050866127014,-0.07633736729621887,0.2497071921825409,0.7116453051567078,-0.05970939248800278,Right,0.9948661923408508
1768,25,0,0.7485193610191345,0.5437628626823425,4.6556601773772854e-07,0.6773603558540344,0.539867103099823,-0.021357232704758644,0.6200722455978394,0.5937659740447998,-0.045318763703107834,0.5853886008262634,0.6588115096092224,-0.06040836498141289,0.550085186958313,0.7043718695640564,-0.07675515860319138,0.6391045451164246,0.5780298709869385,-0.1093960553407669,0.6000967025756836,0.6913599967956543,-0.14407485723495483,0.5696167945861816,0.7418302893638611,-0.1514168679714203,0.5473704934120178,0.7656420469284058,-0.1492353081703186,0.6847946047782898,0.6141844987869263,-0.10727372765541077,0.6397496461868286,0.7412155866622925,-0.13978342711925507,0.6029691696166992,0.777888298034668,-0.13250797986984253,0.5852324962615967,0.7686977386474609,-0.1218404546380043,0.7243408560752869,0.6475902199745178,-0.10181301087141037,0.6795414686203003,0.7655016183853149,-0.12541981041431427,0.6432502865791321,0.7923318147659302,-0.11334799975156784,0.6243991255760193,0.7750461101531982,-0.09899391978979111,0.7571142911911011,0.6736375689506531,-0.09624715149402618,0.7179118990898132,0.7706896066665649,-0.11347095668315887,0.6892144083976746,0.7882358431816101,-0.10754942893981934,0.6736426949501038,0.7722612619400024,-0.09733680635690689,Left,0.9996557831764221
1768,25,1,0.3242725431919098,0.4388186037540436,5.742482045434372e-08,0.39114758372306824,0.49253934621810913,-0.014688968658447266,0.41603729128837585,0.5726686120033264,-0.02810043841600418,0.4160696864128113,0.6493465304374695,-0.034433647990226746,0.41219303011894226,0.7110056281089783,-0.034608177840709686,0.37317946553230286,0.5991442799568176,-0.07820513844490051,0.3563022315502167,0.7249698042869568,-0.09411140531301498,0.37309208512306213,0.760485827922821,-0.07839853316545486,0.38987091183662415,0.7457456588745117,-0.05854842811822891,0.3195333182811737,0.5960536003112793,-0.07404971867799759,0.3104837238788605,0.7286992073059082,-0.09241656213998795,0.33443382382392883,0.7615699172019958,-0.06961342692375183,0.3536318242549896,0.744492769241333,-0.04506882280111313,0.2799150347709656,0.5892553329467773,-0.06712613254785538,0.26648005843162537,0.7137685418128967,-0.07974031567573547,0.28928786516189575,0.7493441104888916,-0.05397062748670578,0.3109292984008789,0.7406827807426453,-0.028656668961048126,0.25348392128944397,0.5759596824645996,-0.060489337891340256,0.22677695751190186,0.6680958271026611,-0.07258874177932739,0.24102380871772766,0.7059351205825806,-0.062002670019865036,0.2619662880897522,0.7082185745239258,-0.046033259481191635,Right,0.997191309928894
1841,26,0,0.7475190162658691,0.5440571308135986,4.671503006647981e-07,0.6756706833839417,0.5421600341796875,-0.02025558054447174,0.6193016171455383,0.5981186628341675,-0.044421132653951645,0.585919201374054,0.6659315824508667,-0.05966625362634659,0.5527759790420532,0.715099036693573,-0.07651348412036896,0.6370068788528442,0.5803373456001282,-0.11225679516792297,0.596605658531189,0.6951566934585571,-0.1472112089395523,0.5658852458000183,0.7477908730506897,-0.1545678973197937,0.5429034233093262,0.7752717733383179,-0.15243121981620789,0.6839334964752197,0.6159918308258057,-0.11035171896219254,0.6396260857582092,0.743507981300354,-0.14322200417518616,0.603173017501831,0.7780574560165405,-0.13490231335163116,0.5863766670227051,0.7679780125617981,-0.12340609729290009,0.7246577143669128,0.649273693561554,-0.1047055572271347,0.6796165108680725,0.7684386372566223,-0.12802410125732422,0.6433293223381042,0.7929897308349609,-0.11440198123455048,0.6253648400306702,0.77486252784729,-0.09892307221889496,0.7580904960632324,0.6747370362281799,-0.09881239384412766,0.7182809114456177,0.7729316353797913,-0.11493837833404541,0.6890485882759094,0.7887659072875977,-0.10740379989147186,0.6740847826004028,0.7711915373802185,-0.09610450267791748,Left,0.9996114373207092
1841,26,1,0.33021271228790283,0.43728965520858765,-3.6837192851635336e-08,0.3904186189174652,0.49231237173080444,-0.0113840252161026,0.4235026240348816,0.5741243362426758,-0.020751912146806717,0.43878716230392456,0.6485903859138489,-0.024450307711958885,0.42510470747947693,0.7058830857276917,-0.02154642902314663,0.37721124291419983,0.6075341105461121,-0.06344304978847504,0.3648393154144287,0.7247529029846191,-0.07805866748094559,0.38367876410484314,0.7547445297241211,-0.06258030235767365,0.39800718426704407,0.7345730066299438,-0.043605126440525055,0.3268921971321106,0.6046242713928223,-0.060114599764347076,0.3186433017253876,0.7283331751823425,-0.07909741252660751,0.3412802517414093,0.760688066482544,-0.058426301926374435,0.35988229513168335,0.7417117953300476,-0.035015810281038284,0.28860044479370117,0.5957275032997131,-0.05476447939872742,0.27515754103660583,0.7111842632293701,-0.06958498805761337,0.29552626609802246,0.7477558851242065,-0.046880174428224564,0.31682977080345154,0.7400409579277039,-0.022712653502821922,0.26151013374328613,0.5797547101974487,-0.049332696944475174,0.23271797597408295,0.6678758263587952,-0.06579368561506271,0.24441461265087128,0.7077593207359314,-0.05913164094090462,0.2645464241504669,0.7120436429977417,-0.04496658220887184,Right,0.9911437034606934
1914,27,0,0.7502897381782532,0.543489396572113,4.6024243260944786e-07,0.6782731413841248,0.5424181222915649,-0.01942542940378189,0.6223355531692505,0.5966629981994629,-0.04435430467128754,0.5933544635772705,0.6652960777282715,-0.059935860335826874,0.5677803158760071,0.7177629470825195,-0.07726969569921494,0.6372774243354797,0.580407440662384,-0.11692449450492859,0.5955244302749634,0.695364773273468,-0.15310928225517273,0.5647068023681641,0.7486922740936279,-0.1611185520887375,0.5412855744361877,0.777775764465332,-0.15901809930801392,0.6853877305984497,0.6158987283706665,-0.11480998992919922,0.6402742862701416,0.7432883977890015,-0.14804629981517792,0.603951096534729,0.7761571407318115,-0.1383979469537735,0.5882853269577026,0.7650722861289978,-0.1256362944841385,0.7265393137931824,0.6498514413833618,-0.10849140584468842,0.6797749996185303,0.7698664665222168,-0.13136912882328033,0.6440625190734863,0.7916955351829529,-0.1159256175160408,0.6277680993080139,0.7715354561805725,-0.09888961911201477,0.760310173034668,0.6755265593528748,-0.10178941488265991,0.7202235460281372,0.7743514776229858,-0.11617137491703033,0.6913933157920837,0.7875940203666687,-0.1064816415309906,0.6775904297828674,0.7676604986190796,-0.093609519302845,Left,0.999539852142334
1914,27,1,0.33048856258392334,0.4404233694076538,-2.1576044062499022e-08,0.3912685811519623,0.49913522601127625,-0.007430071011185646,0.4204394519329071,0.580644965171814,-0.015538603998720646,0.4338231682777405,0.6523087620735168,-0.01947326399385929,0.42552417516708374,0.7106723189353943,-0.017444957047700882,0.3806556463241577,0.609321117401123,-0.05532967299222946,0.36723294854164124,0.7270101308822632,-0.07232172042131424,0.38543349504470825,0.7587184906005859,-0.061189260333776474,0.39849844574928284,0.7422505021095276,-0.04449404776096344,0.3307671546936035,0.607073962688446,-0.05409293994307518,0.32111719250679016,0.732831597328186,-0.07192515581846237,0.3435637354850769,0.7609940767288208,-0.05103571340441704,0.3598160743713379,0.7380579710006714,-0.02694634348154068,0.29136013984680176,0.598666250705719,-0.05112737789750099,0.27977731823921204,0.715954065322876,-0.06389748305082321,0.30055803060531616,0.7448497414588928,-0.037748321890830994,0.3188514709472656,0.7318428158760071,-0.010911060497164726,0.26311036944389343,0.584139883518219,-0.048203762620687485,0.23619535565376282,0.6729341149330139,-0.06066139042377472,0.24830323457717896,0.709082841873169,-0.049819231033325195,0.26630163192749023,0.7114340662956238,-0.032666392624378204,Right,0.9917359948158264
1987,28,0,0.7526434659957886,0.5429840087890625,4.494727079418226e-07,0.6803755164146423,0.5419840812683105,-0.02114427275955677,0.6229974627494812,0.5957064628601074,-0.046425722539424896,0.5914685130119324,0.6625023484230042,-0.06197918578982353,0.5626725554466248,0.7110974788665771,-0.07900664210319519,0.6387374401092529,0.5793983340263367,-0.11919400095939636,0.59565669298172,0.6945691704750061,-0.15659108757972717,0.5647438764572144,0.7475755214691162,-0.16535623371601105,0.5417206287384033,0.7760031223297119,-0.16358301043510437,0.6864530444145203,0.6160663366317749,-0.11654288321733475,0.6407953500747681,0.7437150478363037,-0.1500861495733261,0.6047108769416809,0.7756709456443787,-0.1404786854982376,0.5903946161270142,0.7624303698539734,-0.1278764307498932,0.7274715900421143,0.6513583660125732,-0.10999938100576401,0.6795313358306885,0.7710213661193848,-0.13405539095401764,0.6441904306411743,0.7915175557136536,-0.11963336169719696,0.6294622421264648,0.7696376442909241,-0.10318991541862488,0.7610475420951843,0.6781401038169861,-0.10318244248628616,0.7204537391662598,0.775634765625,-0.11907269060611725,0.6910930275917053,0.7880600094795227,-0.11063647270202637,0.6780562996864319,0.7675437927246094,-0.09857059270143509,Left,0.9994619488716125
1987,28,1,0.3278043866157532,0.4434564709663391,-2.9610736085317058e-09,0.38811394572257996,0.5026760697364807,-0.0073292870074510574,0.41924357414245605,0.5822849869728088,-0.016440721228718758,0.43461132049560547,0.6524413824081421,-0.021510383114218712,0.4257502555847168,0.7099999785423279,-0.020879549905657768,0.38002634048461914,0.6104828715324402,-0.05512629449367523,0.36713582277297974,0.7263244390487671,-0.07275886833667755,0.3845088481903076,0.7589212656021118,-0.06291661411523819,0.397297203540802,0.7431150078773499,-0.04724902659654617,0.33104944229125977,0.608625590801239,-0.05452689528465271,0.3208405375480652,0.7327538132667542,-0.073105089366436,0.3419463336467743,0.7629428505897522,-0.05405745655298233,0.3581601679325104,0.7417820692062378,-0.03159897029399872,0.2918682098388672,0.6009142994880676,-0.052207596600055695,0.27847152948379517,0.7168236374855042,-0.06562669575214386,0.2972862720489502,0.7495103478431702,-0.04174288734793663,0.31546956300735474,0.739402174949646,-0.016772152855992317,0.2637149691581726,0.5867950916290283,-0.04977666214108467,0.23751598596572876,0.6762111783027649,-0.06244444102048874,0.2478025257587433,0.7135273218154907,-0.05237866938114166,0.26478275656700134,0.7170626521110535,-0.03613075613975525,Right,0.9903268814086914
2061,29,0,0.7528930902481079,0.5436444282531738,4.468598717721761e-07,0.6803045868873596,0.5424410104751587,-0.021270327270030975,0.6227123737335205,0.5979069471359253,-0.046746037900447845,0.5900002121925354,0.6653935313224792,-0.06232500076293945,0.559690535068512,0.7137144804000854,-0.07938031852245331,0.6397985816001892,0.5799283981323242,-0.12113464623689651,0.595840573310852,0.6942979693412781,-0.15926070511341095,0.5648132562637329,0.7459464073181152,-0.16795983910560608,0.542148232460022,0.772375762462616,-0.16581250727176666,0.687346875667572,0.6166648268699646,-0.11818685382604599,0.641139805316925,0.7445002794265747,-0.15199381113052368,0.6050097942352295,0.7751816511154175,-0.14159132540225983,0.5913915038108826,0.7600626349449158,-0.1283232718706131,0.7283748984336853,0.6521167755126953,-0.11131574958562851,0.6795970797538757,0.7716844081878662,-0.13609278202056885,0.6444445848464966,0.7911920547485352,-0.12124530225992203,0.630699634552002,0.7682253122329712,-0.10422269999980927,0.7617223858833313,0.6787815690040588,-0.10404058545827866,0.7204692959785461,0.7760149836540222,-0.12033164501190186,0.6910475492477417,0.7876407504081726,-0.11160208284854889,0.6789215803146362,0.7663688063621521,-0.09916093945503235,Left,0.9994531869888306
2061,29,1,0.3242129683494568,0.4482870101928711,-4.867826586263391e-09,0.3841747045516968,0.5052559971809387,-0.007432123646140099,0.4166351556777954,0.5842800140380859,-0.01609979197382927,0.43179821968078613,0.6530938148498535,-0.020801322534680367,0.4229750633239746,0.7094103693962097,-0.02012369967997074,0.37696489691734314,0.6082090139389038,-0.054978761821985245,0.36661243438720703,0.7215408086776733,-0.07426032423973083,0.38443872332572937,0.7567810416221619,-0.06683126837015152,0.39572593569755554,0.7428593635559082,-0.052723050117492676,0.3293428421020508,0.607894778251648,-0.054696373641490936,0.3195275366306305,0.7315117120742798,-0.07520177215337753,0.34168779850006104,0.7637794017791748,-0.05766378343105316,0.35809189081192017,0.7425538301467896,-0.035842519253492355,0.29105663299560547,0.6024435758590698,-0.05288350582122803,0.2759304642677307,0.7176008820533752,-0.0680798813700676,0.29600775241851807,0.7519134879112244,-0.04581637308001518,0.31463542580604553,0.7423645853996277,-0.021432220935821533,0.263431191444397,0.5902417302131653,-0.05095921456813812,0.23654425144195557,0.6803299188613892,-0.064857617020607,0.24877509474754333,0.7171368598937988,-0.05568217113614082,0.26719802618026733,0.7186542749404907,-0.03989610821008682,Right,0.9903236031532288
2134,30,0,0.7537325620651245,0.5449231863021851,4.758063312237937e-07,0.6812023520469666,0.5422791242599487,-0.021417995914816856,0.6233345866203308,0.5952466726303101,-0.047433413565158844,0.5924175977706909,0.6627905368804932,-0.06360381096601486,0.5671492218971252,0.7147485613822937,-0.08117865025997162,0.6423226594924927,0.5792063474655151,-0.12163893133401871,0.5968478918075562,0.6923142075538635,-0.15889210999011993,0.565130889415741,0.7412723302841187,-0.16623501479625702,0.5428882837295532,0.7644219398498535,-0.16305111348628998,0.6898905038833618,0.6157657504081726,-0.11874080449342728,0.6420276165008545,0.7427181005477905,-0.15437698364257812,0.6052998304367065,0.7725344896316528,-0.1446830779314041,0.5917580723762512,0.75584477186203,-0.1312645822763443,0.7300847768783569,0.6519325971603394,-0.11176905781030655,0.6803099513053894,0.7713581323623657,-0.1371973305940628,0.6445197463035583,0.7911015748977661,-0.12276887893676758,0.6302884817123413,0.7670310735702515,-0.10578388720750809,0.7622612118721008,0.6798935532569885,-0.10442252457141876,0.7199583649635315,0.7766658067703247,-0.12108908593654633,0.6899372339248657,0.7883121371269226,-0.11297185719013214,0.6770966649055481,0.7661852836608887,-0.10082399100065231,Left,0.9994972348213196
2134,30,1,0.3263601064682007,0.4496973752975464,3.57388820759752e-08,0.3845584988594055,0.508167028427124,-0.009520561434328556,0.41713961958885193,0.5858792662620544,-0.019013216719031334,0.4333232641220093,0.6549253463745117,-0.023402482271194458,0.42203229665756226,0.7107905149459839,-0.021998248994350433,0.3767302632331848,0.6044669151306152,-0.06038396805524826,0.36831220984458923,0.7134726047515869,-0.07782629132270813,0.3843267560005188,0.7510496973991394,-0.0668490082025528,0.39479804039001465,0.7382781505584717,-0.05065949633717537,0.3297201991081238,0.6051826477050781,-0.05899878963828087,0.31854355335235596,0.7260308265686035,-0.08043206483125687,0.3390171229839325,0.7644852995872498,-0.0627981424331665,0.3565062880516052,0.7472344636917114,-0.04098234698176384,0.2925203740596771,0.6004102826118469,-0.055631376802921295,0.2772386074066162,0.7127731442451477,-0.07227333635091782,0.2962402105331421,0.7512133717536926,-0.051389794796705246,0.3157813847064972,0.7444290518760681,-0.027961671352386475,0.26545050740242004,0.5887106657028198,-0.05198979750275612,0.23890848457813263,0.676376461982727,-0.06872029602527618,0.2500631809234619,0.7146207094192505,-0.061936140060424805,0.2689974904060364,0.7176612019538879,-0.04764874279499054,Right,0.9904736876487732
2207,31,0,0.7563971281051636,0.5454936027526855,4.776483137902687e-07,0.6820718050003052,0.5417704582214355,-0.022755315527319908,0.6221141219139099,0.5977078676223755,-0.048367615789175034,0.5866965651512146,0.6671928763389587,-0.06421148031949997,0.5558369159698486,0.719193696975708,-0.08141934871673584,0.6467040777206421,0.5801681280136108,-0.11972206085920334,0.6005422472953796,0.6878278851509094,-0.15491780638694763,0.5672963261604309,0.7322516441345215,-0.1606411635875702,0.5447537302970886,0.7528591752052307,-0.15709921717643738,0.6937482357025146,0.6176984310150146,-0.11618077754974365,0.6459993720054626,0.7400046586990356,-0.15089693665504456,0.6073858737945557,0.7666775584220886,-0.14226967096328735,0.5921010971069336,0.7500635981559753,-0.13047000765800476,0.7327260971069336,0.653839647769928,-0.1086970791220665,0.6833153963088989,0.7709091305732727,-0.13298799097537994,0.6446122527122498,0.790104329586029,-0.12092363834381104,0.6270751953125,0.7674427628517151,-0.10683079063892365,0.7624117136001587,0.6812804937362671,-0.10101541876792908,0.7210204005241394,0.7776774168014526,-0.11811981350183487,0.689110517501831,0.7903527617454529,-0.113090880215168,0.6734039187431335,0.7701956033706665,-0.10399838536977768,Left,0.9996625781059265
2207,31,1,0.32806193828582764,0.44571197032928467,1.0774094505450194e-07,0.38592782616615295,0.5053117275238037,-0.010802452452480793,0.4182050824165344,0.5820643305778503,-0.02197425626218319,0.43420612812042236,0.6514307856559753,-0.027523638680577278,0.4215087890625,0.7059695720672607,-0.02774924784898758,0.3816725015640259,0.5906133651733398,-0.06547776609659195,0.3748588562011719,0.6953307390213013,-0.0866202861070633,0.3851393461227417,0.7430955171585083,-0.07857776433229446,0.39396238327026367,0.7361413836479187,-0.06383825093507767,0.3356368839740753,0.5925281047821045,-0.06407412886619568,0.3234814703464508,0.7114890813827515,-0.08928040415048599,0.33986061811447144,0.7643171548843384,-0.0759890154004097,0.3586413860321045,0.758449912071228,-0.05749734863638878,0.29838240146636963,0.5889446139335632,-0.060537565499544144,0.28393951058387756,0.7004660367965698,-0.08072731643915176,0.30015674233436584,0.747663140296936,-0.06460944563150406,0.3208843767642975,0.7474008798599243,-0.0443551242351532,0.27126261591911316,0.5778977870941162,-0.056490153074264526,0.24585524201393127,0.6652999520301819,-0.0767635852098465,0.2557087242603302,0.7072725892066956,-0.07378561049699783,0.27585625648498535,0.7134497165679932,-0.06227884814143181,Right,0.9905276298522949
2280,32,0,0.7674212455749512,0.5453426837921143,5.359785859582189e-07,0.6953305006027222,0.5318670868873596,-0.026290910318493843,0.631075382232666,0.5780013799667358,-0.05057486519217491,0.5941855907440186,0.6458972096443176,-0.06491248309612274,0.565766453742981,0.6944357752799988,-0.07944560050964355,0.6654525995254517,0.5772802233695984,-0.11614608764648438,0.6119030714035034,0.6696780920028687,-0.1518166959285736,0.5731663703918457,0.7102264761924744,-0.15759536623954773,0.548113226890564,0.7267969250679016,-0.15350273251533508,0.707198977470398,0.6222363710403442,-0.10907542705535889,0.6549475789070129,0.7359234094619751,-0.1458020955324173,0.6124054789543152,0.7595950961112976,-0.1386060267686844,0.5973987579345703,0.73970627784729,-0.1261092573404312,0.7388943433761597,0.6608809232711792,-0.09865815192461014,0.6868377923965454,0.7666159272193909,-0.12460245192050934,0.6447454690933228,0.7838340401649475,-0.11495105922222137,0.6275817155838013,0.759520947933197,-0.10077892988920212,0.7605564594268799,0.6886016726493835,-0.08842398971319199,0.7138654589653015,0.7756094932556152,-0.10643970221281052,0.6779428124427795,0.7904256582260132,-0.10431959480047226,0.6603309512138367,0.7715386152267456,-0.09628240764141083,Left,0.9995392560958862
2280,32,1,0.3261565864086151,0.4553038477897644,1.230655897188626e-07,0.38615813851356506,0.5086709260940552,-0.010340427979826927,0.41648977994918823,0.5830582976341248,-0.021244386211037636,0.4270680248737335,0.6560141444206238,-0.026193706318736076,0.4167603552341461,0.71213299036026,-0.026443777605891228,0.3865939676761627,0.5752952098846436,-0.07080806791782379,0.38336604833602905,0.6841801404953003,-0.09403922408819199,0.38886234164237976,0.7339850068092346,-0.08779609203338623,0.3926725685596466,0.7289223670959473,-0.0742780938744545,0.3402755856513977,0.5826511383056641,-0.06925028562545776,0.33737584948539734,0.7034248113632202,-0.09373887628316879,0.3510458767414093,0.7573552131652832,-0.08036976307630539,0.3662826716899872,0.7530421018600464,-0.06311868131160736,0.30169329047203064,0.5864251255989075,-0.06553824990987778,0.2965506613254547,0.6985170841217041,-0.08549020439386368,0.31210091710090637,0.7460640668869019,-0.07161589711904526,0.33222678303718567,0.7452926635742188,-0.0541427917778492,0.27279019355773926,0.5839029550552368,-0.06123824045062065,0.2522881329059601,0.6677259802818298,-0.08274269849061966,0.26389268040657043,0.7085801959037781,-0.08305312693119049,0.2857755720615387,0.7127612829208374,-0.0748126432299614,Right,0.9876854419708252
2352,33,0,0.7700352072715759,0.5517743825912476,7.103958523657639e-07,0.7004699110984802,0.5285682082176208,-0.029545696452260017,0.635193943977356,0.5662598609924316,-0.05485126003623009,0.5963195562362671,0.6337245106697083,-0.06893394887447357,0.5690672993659973,0.6853719353675842,-0.08304321765899658,0.6753586530685425,0.5752419233322144,-0.12132459878921509,0.6129072904586792,0.6644061207771301,-0.15632686018943787,0.5725035667419434,0.6995244026184082,-0.16086822748184204,0.5438055396080017,0.7148520946502686,-0.15701298415660858,0.7143800258636475,0.6270952224731445,-0.11247694492340088,0.6512896418571472,0.7356832027435303,-0.15021473169326782,0.5983821153640747,0.7651814222335815,-0.14673320949077606,0.5651185512542725,0.7641221880912781,-0.13857297599315643,0.740703821182251,0.6710631847381592,-0.0997127890586853,0.6799255609512329,0.7697551846504211,-0.12568700313568115,0.6318553686141968,0.7805429697036743,-0.12027665227651596,0.602340579032898,0.7668734192848206,-0.11124205589294434,0.7557737827301025,0.7002519965171814,-0.08708151429891586,0.7022441625595093,0.7759872674942017,-0.10276912152767181,0.6637386679649353,0.7815086841583252,-0.1011863723397255,0.6392332315444946,0.7667117118835449,-0.09600535780191422,Left,0.9982596635818481
2352,33,1,0.3198564946651459,0.4661593437194824,1.9460438238638744e-07,0.38169434666633606,0.5090033411979675,-0.01753867417573929,0.41126543283462524,0.5819244384765625,-0.03325935825705528,0.4170604646205902,0.6555536389350891,-0.04155796766281128,0.41373294591903687,0.7132986187934875,-0.0463719367980957,0.3834931552410126,0.5743237137794495,-0.0839218944311142,0.38185346126556396,0.6752135753631592,-0.11658544838428497,0.39543282985687256,0.7277477383613586,-0.12102105468511581,0.40923088788986206,0.7320166230201721,-0.11403091996908188,0.3388008773326874,0.5850390791893005,-0.08058055490255356,0.33740469813346863,0.6982370018959045,-0.10959858447313309,0.3590772747993469,0.7538930177688599,-0.10006171464920044,0.3784283995628357,0.7493574619293213,-0.08528191596269608,0.3011188209056854,0.5906682014465332,-0.07580982148647308,0.2963554561138153,0.6957236528396606,-0.09971443563699722,0.3175880014896393,0.7448869943618774,-0.08878670632839203,0.3391975164413452,0.7423402070999146,-0.07237878441810608,0.2720101773738861,0.5893877744674683,-0.07097763568162918,0.2548801302909851,0.6738466024398804,-0.0927678644657135,0.26909711956977844,0.7149553894996643,-0.09225768595933914,0.29005083441734314,0.716537356376648,-0.08322082459926605,Right,0.9853014945983887
2425,34,0,0.7679452896118164,0.5564844608306885,7.920756956991681e-07,0.7023604512214661,0.5261790752410889,-0.03157256916165352,0.635250985622406,0.5535247921943665,-0.05625106394290924,0.5972349643707275,0.6131712794303894,-0.06888759136199951,0.5809587836265564,0.6669198274612427,-0.08142770826816559,0.6837050318717957,0.5760692358016968,-0.12217656522989273,0.6210892200469971,0.6583964228630066,-0.15627573430538177,0.5769763588905334,0.6847506165504456,-0.16233807802200317,0.5430311560630798,0.6974878311157227,-0.16013599932193756,0.717449963092804,0.6323636174201965,-0.112162746489048,0.6390862464904785,0.7275680899620056,-0.14472953975200653,0.5822428464889526,0.7536954879760742,-0.14289364218711853,0.5462357997894287,0.7583715319633484,-0.13827115297317505,0.7391526699066162,0.6784510612487793,-0.09791596233844757,0.6710115671157837,0.7723468542098999,-0.1196606382727623,0.6265671849250793,0.7744855880737305,-0.11624196171760559,0.6008920073509216,0.7577279806137085,-0.11100294440984726,0.7516540288925171,0.7094439268112183,-0.08420313894748688,0.6950885653495789,0.7761278748512268,-0.09783107042312622,0.6576500535011292,0.7751071453094482,-0.09715351462364197,0.6346697807312012,0.7588801980018616,-0.0944296270608902,Left,0.9975607395172119
2425,34,1,0.31182995438575745,0.4756986200809479,2.702426797895896e-07,0.37204062938690186,0.5079466104507446,-0.01888459548354149,0.4045926034450531,0.5768516659736633,-0.036618076264858246,0.41229167580604553,0.6497282981872559,-0.0467747338116169,0.4097806215286255,0.7075490355491638,-0.0550011470913887,0.3753167986869812,0.5659728646278381,-0.09140085428953171,0.38434547185897827,0.6671568155288696,-0.1245432049036026,0.3997465968132019,0.7287371158599854,-0.133319690823555,0.41261082887649536,0.7546865344047546,-0.13241200149059296,0.3316473364830017,0.5802326202392578,-0.08832322061061859,0.33708831667900085,0.6924560070037842,-0.11726081371307373,0.3601323068141937,0.7448015809059143,-0.10935018956661224,0.3784267008304596,0.7438820600509644,-0.09745703637599945,0.29477760195732117,0.5901138186454773,-0.08312604576349258,0.2933208644390106,0.6927820444107056,-0.10489989817142487,0.31698787212371826,0.7403939962387085,-0.09339866787195206,0.3379729390144348,0.7374318838119507,-0.07854568958282471,0.2667209804058075,0.5938625335693359,-0.07836778461933136,0.25168299674987793,0.6769763231277466,-0.09934773296117783,0.269208163022995,0.717369794845581,-0.098793163895607,0.29113146662712097,0.7182618975639343,-0.09090802073478699,Right,0.9827948808670044
2498,35,0,0.7669512033462524,0.559782862663269,7.42367546990863e-07,0.7059054374694824,0.5223744511604309,-0.03064148500561714,0.6384494304656982,0.5425660610198975,-0.05347685515880585,0.5980192422866821,0.5978280901908875,-0.06541848927736282,0.5784017443656921,0.6461353302001953,-0.07674811780452728,0.6848750114440918,0.573250412940979,-0.11144686490297318,0.6174995303153992,0.6516441106796265,-0.14179930090904236,0.5711945295333862,0.6760866045951843,-0.1453007012605667,0.5374553799629211,0.6876160502433777,-0.14223580062389374,0.7127456665039062,0.6313490867614746,-0.10186068713665009,0.6271215677261353,0.7101039886474609,-0.1295638233423233,0.5697013735771179,0.7247424721717834,-0.12673158943653107,0.5359545350074768,0.7187135815620422,-0.12253307551145554,0.731170654296875,0.6787598729133606,-0.08884338289499283,0.6578461527824402,0.7605958580970764,-0.1092660129070282,0.6149014830589294,0.7573236227035522,-0.10765689611434937,0.5941393971443176,0.7349739074707031,-0.10451783239841461,0.7414504885673523,0.7120631337165833,-0.07647175341844559,0.6826612949371338,0.7718815803527832,-0.09349378198385239,0.6462921500205994,0.7705779671669006,-0.09692249447107315,0.6255769729614258,0.7551684975624084,-0.09710683673620224,Left,0.9950419068336487
2498,35,1,0.312357097864151,0.485485315322876,2.0839101466663124e-07,0.36763808131217957,0.5033963322639465,-0.02546871080994606,0.4085569381713867,0.5564033389091492,-0.04706142842769623,0.42160001397132874,0.6168216466903687,-0.06032484397292137,0.4139423668384552,0.6628419160842896,-0.07089055329561234,0.37263280153274536,0.5291610956192017,-0.10027599334716797,0.3995278775691986,0.6240904927253723,-0.1369139552116394,0.4232131242752075,0.6851180791854858,-0.14771202206611633,0.4385825991630554,0.7149669528007507,-0.14847256243228912,0.3272518515586853,0.553903341293335,-0.09516420215368271,0.3467491865158081,0.6634042263031006,-0.13042424619197845,0.3755415081977844,0.70737224817276,-0.12388025969266891,0.3927343785762787,0.7005350589752197,-0.11171004921197891,0.2922897934913635,0.5791327357292175,-0.08847043663263321,0.30518925189971924,0.6777476072311401,-0.11610615253448486,0.33764204382896423,0.7163734436035156,-0.10410171002149582,0.35990995168685913,0.7069212198257446,-0.0869312658905983,0.2693811357021332,0.5995928049087524,-0.08281825482845306,0.2684604227542877,0.6867532730102539,-0.10433360189199448,0.2949839234352112,0.7181276679039001,-0.10166443884372711,0.3193076550960541,0.7098077535629272,-0.09226787835359573,Right,0.9947998523712158
2571,36,0,0.763076901435852,0.5602015852928162,7.448271617249702e-07,0.7043234705924988,0.5199253559112549,-0.03243514895439148,0.6364564895629883,0.5372902750968933,-0.05577951297163963,0.5937085747718811,0.5899054408073425,-0.06778187304735184,0.5711222887039185,0.6372363567352295,-0.07923116534948349,0.6834583878517151,0.5706773996353149,-0.11210500448942184,0.6127837300300598,0.6437829732894897,-0.14253726601600647,0.5655444860458374,0.6662710905075073,-0.1470324546098709,0.5299205183982849,0.6781041026115417,-0.14493508636951447,0.7090499997138977,0.6302734613418579,-0.10156939923763275,0.6215400099754333,0.702446460723877,-0.12753410637378693,0.5640642046928406,0.7131252288818359,-0.1242753341794014,0.529873788356781,0.7066808938980103,-0.12050853669643402,0.7252281308174133,0.6786945462226868,-0.08788220584392548,0.6480526328086853,0.7530441880226135,-0.10649918764829636,0.6056140065193176,0.7451160550117493,-0.10414266586303711,0.5849547982215881,0.7221681475639343,-0.10122235119342804,0.7328793406486511,0.7127909660339355,-0.07517687231302261,0.6715578436851501,0.7660746574401855,-0.09083933383226395,0.6359390020370483,0.7601001262664795,-0.09365687519311905,0.6156433820724487,0.7439010739326477,-0.09392890334129333,Left,0.9963666796684265
2571,36,1,0.3249323070049286,0.4951910376548767,1.3749473737334483e-07,0.3791695237159729,0.5055409073829651,-0.03075958974659443,0.4228500425815582,0.555124044418335,-0.050312306731939316,0.4470262825489044,0.6182510256767273,-0.059777650982141495,0.46225839853286743,0.665847659111023,-0.06609698385000229,0.37687110900878906,0.5110737681388855,-0.1003403291106224,0.4167954921722412,0.5830498337745667,-0.13623416423797607,0.4476364254951477,0.6423124074935913,-0.148573637008667,0.46632179617881775,0.6802911758422852,-0.15195247530937195,0.3340548872947693,0.5435759425163269,-0.09190767258405685,0.36738142371177673,0.6445316672325134,-0.1270768940448761,0.4075034558773041,0.6815419793128967,-0.12240831553936005,0.42863455414772034,0.6740143895149231,-0.1125120297074318,0.3047977089881897,0.5789203643798828,-0.08259867131710052,0.33377888798713684,0.676069974899292,-0.11005468666553497,0.37644296884536743,0.7114225625991821,-0.10105211287736893,0.4016561210155487,0.7016585469245911,-0.0867883488535881,0.2884170413017273,0.6076529622077942,-0.0748867616057396,0.2965930700302124,0.6922520399093628,-0.09690536558628082,0.3257867097854614,0.7215180993080139,-0.09783896058797836,0.3488284945487976,0.715146005153656,-0.09231503307819366,Right,0.9982703924179077
2643,37,0,0.7619350552558899,0.5569953918457031,7.13219321823999e-07,0.7016255259513855,0.5177938938140869,-0.0304082203656435,0.6317703723907471,0.5339917540550232,-0.05245538055896759,0.5894238352775574,0.5879971981048584,-0.06352537870407104,0.5703280568122864,0.6368443965911865,-0.07424254715442657,0.6766216158866882,0.563800036907196,-0.11002890020608902,0.6065717339515686,0.6355188488960266,-0.14015136659145355,0.5605700016021729,0.6603862643241882,-0.14394424855709076,0.5263363718986511,0.6732726097106934,-0.14124447107315063,0.7021756172180176,0.624152660369873,-0.100588358938694,0.6165267825126648,0.6986566185951233,-0.12797380983829498,0.5609226226806641,0.7105963230133057,-0.12449830770492554,0.528958261013031,0.7025535106658936,-0.11953777074813843,0.7191610336303711,0.6724874973297119,-0.08784416317939758,0.6438591480255127,0.7490381598472595,-0.10724982619285583,0.6009474992752075,0.7438877820968628,-0.10423315316438675,0.5798301696777344,0.7208113074302673,-0.10006684064865112,0.7285301685333252,0.7059010863304138,-0.07587988674640656,0.6692007780075073,0.7597977519035339,-0.09113859385251999,0.6331193447113037,0.7558144330978394,-0.09302867949008942,0.6125914454460144,0.7394822835922241,-0.09217029064893723,Left,0.9971798062324524
2643,37,1,0.3417551517486572,0.5020857453346252,1.3890041827835375e-07,0.3927859663963318,0.5060598850250244,-0.03284790366888046,0.43712693452835083,0.5475608706474304,-0.05257203429937363,0.46418893337249756,0.6045160889625549,-0.06163645163178444,0.4803498387336731,0.6466166377067566,-0.06755232065916061,0.3888856768608093,0.5084271430969238,-0.09909732639789581,0.4321782886981964,0.5696221590042114,-0.13464947044849396,0.4648771286010742,0.6256464123725891,-0.14780117571353912,0.4833122789859772,0.6641713380813599,-0.1517581343650818,0.3477790951728821,0.545224666595459,-0.08826719969511032,0.38606297969818115,0.6408808827400208,-0.12150502949953079,0.4286986291408539,0.6766340136528015,-0.11605175584554672,0.44848722219467163,0.672076404094696,-0.1058393344283104,0.32112398743629456,0.5845428705215454,-0.07675068825483322,0.35911598801612854,0.6756647229194641,-0.10354344546794891,0.40518271923065186,0.7067760825157166,-0.0932658314704895,0.4294080138206482,0.6964613795280457,-0.0777105987071991,0.3065807819366455,0.615797221660614,-0.06690086424350739,0.3206392824649811,0.6994807124137878,-0.08589684218168259,0.35074058175086975,0.7250125408172607,-0.08343200385570526,0.37180179357528687,0.7174950838088989,-0.07547788321971893,Right,0.9975578188896179
2716,38,0,0.759149968624115,0.5522600412368774,7.11557618160441e-07,0.6976795792579651,0.5166641473770142,-0.02971155382692814,0.6284072995185852,0.5324293375015259,-0.05251314863562584,0.5863387584686279,0.5845935940742493,-0.06432905793190002,0.566588819026947,0.6341391205787659,-0.07590251415967941,0.670597493648529,0.5573108792304993,-0.11407244205474854,0.6022645831108093,0.6320397853851318,-0.14739327132701874,0.5564963817596436,0.657795786857605,-0.15379856526851654,0.5214465856552124,0.6712260842323303,-0.15219515562057495,0.6974085569381714,0.6177393198013306,-0.1051868125796318,0.613582968711853,0.6945474743843079,-0.1349102258682251,0.5585235953330994,0.7059263586997986,-0.1311008632183075,0.5286217331886292,0.6945658326148987,-0.12498914450407028,0.7154154181480408,0.6669207215309143,-0.09298940002918243,0.6404241323471069,0.744225800037384,-0.112595334649086,0.5974785685539246,0.7398706674575806,-0.10812622308731079,0.5770233273506165,0.714033305644989,-0.10203642398118973,0.7259970903396606,0.7013899087905884,-0.08172056078910828,0.6672006249427795,0.7582133412361145,-0.0959416925907135,0.6303112506866455,0.7562918663024902,-0.09694667160511017,0.6097132563591003,0.7385076284408569,-0.09483858197927475,Left,0.9975155591964722
2716,38,1,0.349494606256485,0.5060216188430786,1.3525830411253992e-07,0.3992956578731537,0.5091987252235413,-0.028593264520168304,0.44304922223091125,0.5476148128509521,-0.049256645143032074,0.4688938856124878,0.5986502766609192,-0.06019968166947365,0.48023882508277893,0.6443994045257568,-0.06852106004953384,0.40233898162841797,0.5078802704811096,-0.10177882760763168,0.45285940170288086,0.5758383274078369,-0.13788050413131714,0.4822391867637634,0.6317176818847656,-0.1493385285139084,0.49815988540649414,0.6685812473297119,-0.15092836320400238,0.3605000674724579,0.5421903133392334,-0.09334999322891235,0.4074145555496216,0.6430776119232178,-0.1267366260290146,0.44594767689704895,0.6885969042778015,-0.11981067061424255,0.4656122624874115,0.6968503594398499,-0.10800817608833313,0.33194899559020996,0.5817557573318481,-0.08344161510467529,0.3779352307319641,0.6779203414916992,-0.10935284197330475,0.4161766767501831,0.7076684832572937,-0.09306176006793976,0.4356352388858795,0.7000967264175415,-0.07237323373556137,0.31595367193222046,0.6147428750991821,-0.0749380812048912,0.33904457092285156,0.7019656896591187,-0.09154672175645828,0.3679138422012329,0.7249828577041626,-0.08263023942708969,0.3868912160396576,0.7167409658432007,-0.06888019293546677,Right,0.995364785194397
2790,39,0,0.7593463063240051,0.5511963367462158,6.891209523018915e-07,0.696786105632782,0.5153037905693054,-0.02894665114581585,0.6275824308395386,0.5299078226089478,-0.05116860941052437,0.5854576230049133,0.5822598934173584,-0.0628022849559784,0.5630056858062744,0.6305558681488037,-0.0742599368095398,0.6688355207443237,0.5546472668647766,-0.10908421128988266,0.6023762226104736,0.6315825581550598,-0.14172498881816864,0.5568538904190063,0.6569610834121704,-0.14833928644657135,0.521969199180603,0.6690527200698853,-0.14690248668193817,0.6951420307159424,0.6146735548973083,-0.10056785494089127,0.6140982508659363,0.6915910243988037,-0.12959612905979156,0.5606067180633545,0.7030345797538757,-0.12598277628421783,0.5320006012916565,0.6912953853607178,-0.12004948407411575,0.7129548192024231,0.6636525392532349,-0.08913794904947281,0.639153003692627,0.7393186092376709,-0.1083923876285553,0.5975695252418518,0.7364591956138611,-0.10434077680110931,0.5775341391563416,0.7130372524261475,-0.09862661361694336,0.7232100367546082,0.6980559825897217,-0.07861759513616562,0.6644673347473145,0.7519006133079529,-0.09265986829996109,0.628313422203064,0.7488090991973877,-0.09383278340101242,0.6080077290534973,0.7317902445793152,-0.09190461039543152,Left,0.9974828958511353
2790,39,1,0.34931889176368713,0.500541627407074,2.3754036249101773e-07,0.3991531729698181,0.4979614019393921,-0.029572609812021255,0.44421815872192383,0.5339552760124207,-0.0510571263730526,0.4746173024177551,0.585828423500061,-0.06340288370847702,0.49080222845077515,0.6275367736816406,-0.07248375564813614,0.39959630370140076,0.499480664730072,-0.10277117788791656,0.45726925134658813,0.5691511631011963,-0.1347387731075287,0.48666971921920776,0.6211346983909607,-0.138162761926651,0.5009140372276306,0.650109052658081,-0.13373534381389618,0.3617554008960724,0.5377687215805054,-0.09525655210018158,0.4208877682685852,0.6237927675247192,-0.1269090175628662,0.4602665305137634,0.6695895791053772,-0.11786549538373947,0.4775669574737549,0.6795616149902344,-0.10534321516752243,0.3348717987537384,0.5752862095832825,-0.08631625026464462,0.38491928577423096,0.6603556275367737,-0.11328309774398804,0.41782146692276,0.6862034201622009,-0.09704729169607162,0.43434661626815796,0.6765851378440857,-0.07684323936700821,0.3187074065208435,0.6047192811965942,-0.07872482389211655,0.34293803572654724,0.6839849352836609,-0.09895894676446915,0.3693097233772278,0.706688404083252,-0.09287586063146591,0.3884214460849762,0.6973999738693237,-0.08093498647212982,Right,0.9967239499092102
2863,40,0,0.7601388096809387,0.5508409142494202,6.854992875560129e-07,0.6972442269325256,0.5118459463119507,-0.030102960765361786,0.6265990138053894,0.5247198343276978,-0.052344467490911484,0.5837286710739136,0.5763698220252991,-0.06332307308912277,0.5597392320632935,0.624445915222168,-0.07403508573770523,0.6692289113998413,0.5496953725814819,-0.11130557954311371,0.6043673753738403,0.6238507032394409,-0.1453578919172287,0.557711660861969,0.6491865515708923,-0.15350750088691711,0.5208386778831482,0.6621204614639282,-0.15297546982765198,0.6946708559989929,0.6102727055549622,-0.10198161751031876,0.6123174428939819,0.6835619211196899,-0.13104702532291412,0.5578686594963074,0.6921039819717407,-0.12762664258480072,0.5288761258125305,0.6792328357696533,-0.12201167643070221,0.7110327482223511,0.6602562069892883,-0.0897260457277298,0.6356508731842041,0.7338123917579651,-0.10937103629112244,0.5958324670791626,0.7274788022041321,-0.1044221967458725,0.578736424446106,0.7014397382736206,-0.09772519022226334,0.7202578783035278,0.6956607699394226,-0.07847964763641357,0.6591836810112,0.7491341829299927,-0.09251020848751068,0.624229907989502,0.7432106137275696,-0.09248306602239609,0.6068087816238403,0.7235222458839417,-0.08944793045520782,Left,0.9980438351631165
2863,40,1,0.346591979265213,0.49607303738594055,2.3694890671777102e-07,0.39777013659477234,0.4946558475494385,-0.03189380466938019,0.448397696018219,0.5395891666412354,-0.052278753370046616,0.4811493754386902,0.6007334589958191,-0.06279328465461731,0.499192476272583,0.6472828984260559,-0.06935876607894897,0.3988552987575531,0.4962925314903259,-0.10098248720169067,0.45144161581993103,0.56454998254776,-0.13240940868854523,0.47958290576934814,0.6197583675384521,-0.13569560647010803,0.4920060634613037,0.6492272615432739,-0.13137903809547424,0.36040937900543213,0.5339381098747253,-0.09180039912462234,0.4159683585166931,0.6180634498596191,-0.12307139486074448,0.4530443549156189,0.6577389240264893,-0.11328005790710449,0.4660603106021881,0.6587326526641846,-0.10030774772167206,0.3332214057445526,0.5717976093292236,-0.08179416507482529,0.3790280222892761,0.6541304588317871,-0.10931599885225296,0.4138626754283905,0.6774453520774841,-0.09381849318742752,0.4291054904460907,0.6612644791603088,-0.07412736117839813,0.31738731265068054,0.6010485887527466,-0.07340128719806671,0.34044867753982544,0.6810521483421326,-0.09528994560241699,0.3691275715827942,0.7019869089126587,-0.09171287715435028,0.388064980506897,0.6890863180160522,-0.08180726319551468,Right,0.9967330098152161
2935,41,0,0.7609659433364868,0.5480034351348877,6.601104018955084e-07,0.6988061666488647,0.5053442716598511,-0.02842641808092594,0.629267692565918,0.5134941339492798,-0.04883403331041336,0.5870970487594604,0.5622599720954895,-0.05849239230155945,0.5626261234283447,0.6084644198417664,-0.06771951168775558,0.6688506603240967,0.5464966893196106,-0.10491430014371872,0.6065837740898132,0.6133175492286682,-0.13720016181468964,0.5609869956970215,0.6305875182151794,-0.14446623623371124,0.5246788859367371,0.6351318955421448,-0.14309923350811005,0.691704511642456,0.6069291830062866,-0.09589841216802597,0.6102151870727539,0.6745621562004089,-0.12332439422607422,0.5557636022567749,0.6798339486122131,-0.11981117725372314,0.5277419686317444,0.6642472147941589,-0.11373122781515121,0.7067508697509766,0.6557011008262634,-0.08407492935657501,0.6335638761520386,0.7268051505088806,-0.10341759771108627,0.594510018825531,0.7187756299972534,-0.09929058700799942,0.5790805220603943,0.6905716061592102,-0.09246114641427994,0.7159531712532043,0.6892995834350586,-0.07304555922746658,0.6558732986450195,0.7431340217590332,-0.086573526263237,0.6218927502632141,0.7352031469345093,-0.08632620424032211,0.606097400188446,0.712096095085144,-0.08267431706190109,Left,0.9977227449417114
2935,41,1,0.34603914618492126,0.5042764544487,2.4932307951530674e-07,0.3982832133769989,0.4976383447647095,-0.03557354211807251,0.4474773108959198,0.536532461643219,-0.059866949915885925,0.47634226083755493,0.5927734375,-0.07248876988887787,0.4891175627708435,0.639462947845459,-0.08189547061920166,0.3918028473854065,0.4995105266571045,-0.11850233376026154,0.4449171721935272,0.5727027654647827,-0.15523171424865723,0.479084312915802,0.6287516355514526,-0.1636676788330078,0.49885958433151245,0.66279137134552,-0.16386763751506805,0.3529064357280731,0.5425772666931152,-0.10691612213850021,0.40913912653923035,0.6282384991645813,-0.1394481211900711,0.44846630096435547,0.6624859571456909,-0.12658432126045227,0.4631926119327545,0.6610178351402283,-0.11194630712270737,0.3269309401512146,0.5825833082199097,-0.09412339329719543,0.3749706745147705,0.6608558893203735,-0.11893896013498306,0.41080719232559204,0.6814305782318115,-0.09781019389629364,0.42385098338127136,0.6634135842323303,-0.07552684098482132,0.313009113073349,0.6122862100601196,-0.08377624303102493,0.33450451493263245,0.6883940100669861,-0.10598071664571762,0.36522376537323,0.7097892761230469,-0.10151403397321701,0.384511262178421,0.6991916298866272,-0.09105740487575531,Right,0.9956255555152893
3008,42,0,0.7588576674461365,0.5444225668907166,6.546254098793725e-07,0.6960654258728027,0.5032860636711121,-0.028580913320183754,0.6249624490737915,0.512607991695404,-0.04939068853855133,0.5840713381767273,0.5636545419692993,-0.05924011394381523,0.5618634819984436,0.6118484139442444,-0.06888032704591751,0.6668680310249329,0.543372631072998,-0.10787051171064377,0.6052333116531372,0.6111899614334106,-0.14085377752780914,0.5589877963066101,0.6309511065483093,-0.14846430718898773,0.5218304395675659,0.6381240487098694,-0.14753958582878113,0.6905656456947327,0.604099452495575,-0.0991201251745224,0.6127070188522339,0.6745831966400146,-0.12858158349990845,0.5591228008270264,0.6818229556083679,-0.1254497766494751,0.5307428240776062,0.6675866842269897,-0.11954739689826965,0.7054640650749207,0.653007447719574,-0.08733370900154114,0.6345928311347961,0.7251923680305481,-0.10806555300951004,0.5952080488204956,0.7183471322059631,-0.10358919203281403,0.5782058238983154,0.6912407279014587,-0.09638753533363342,0.7143727540969849,0.6865382194519043,-0.0763227790594101,0.6551181077957153,0.7407686710357666,-0.09027212113142014,0.6207705736160278,0.7322248220443726,-0.08984726667404175,0.6036601662635803,0.708143413066864,-0.08614075183868408,Left,0.9979842305183411
3008,42,1,0.34925711154937744,0.5061026215553284,1.1643712660713845e-08,0.4008176028728485,0.499869704246521,-0.0328383594751358,0.4503540098667145,0.5377832651138306,-0.05395037308335304,0.4797061085700989,0.5903735756874084,-0.06512627005577087,0.4939126968383789,0.6376147866249084,-0.0739068016409874,0.3938109576702118,0.5013989210128784,-0.10240710526704788,0.44810888171195984,0.5725065469741821,-0.13439352810382843,0.48092401027679443,0.6207869052886963,-0.1434578150510788,0.5007964968681335,0.6564534902572632,-0.14584553241729736,0.3556293845176697,0.5406966805458069,-0.09190580248832703,0.4119783937931061,0.621979832649231,-0.11850026249885559,0.4493870735168457,0.6509724855422974,-0.10870361328125,0.46423202753067017,0.65318763256073,-0.0990026593208313,0.3311834931373596,0.580346405506134,-0.08075901120901108,0.3802829384803772,0.6570260524749756,-0.10180040448904037,0.41516292095184326,0.670454740524292,-0.08556493371725082,0.428340345621109,0.6546931862831116,-0.06901232153177261,0.3188583254814148,0.612831175327301,-0.07192135602235794,0.3416784405708313,0.6855446100234985,-0.08884476870298386,0.37086132168769836,0.7011510729789734,-0.0847252756357193,0.38853970170021057,0.6903923153877258,-0.07741951197385788,Right,0.9939576387405396
3083,43,0,0.7570789456367493,0.5460366606712341,6.585426035599085e-07,0.693836510181427,0.5068556070327759,-0.02863745018839836,0.6241779327392578,0.5165845155715942,-0.050067465752363205,0.5822786092758179,0.5677459239959717,-0.06062717363238335,0.5588207244873047,0.6161677241325378,-0.07111553847789764,0.6655886769294739,0.5419533848762512,-0.10863395035266876,0.6030401587486267,0.610105037689209,-0.14058631658554077,0.5577533841133118,0.6311774849891663,-0.14736969769001007,0.5219880938529968,0.6394268274307251,-0.14628633856773376,0.6895036101341248,0.603561520576477,-0.10005363076925278,0.6128135323524475,0.6756401658058167,-0.1292099505662918,0.5609492659568787,0.685003936290741,-0.1265708953142166,0.5341998338699341,0.6714308857917786,-0.12150463461875916,0.7051198482513428,0.6528038382530212,-0.08829078078269958,0.6352975368499756,0.7256556153297424,-0.10875162482261658,0.5955072641372681,0.7194664478302002,-0.10562636703252792,0.5784904956817627,0.6920633912086487,-0.10003220289945602,0.7147573828697205,0.6868051886558533,-0.07718385756015778,0.6569336652755737,0.7406256794929504,-0.09160654246807098,0.6223773956298828,0.7330419421195984,-0.09266018867492676,0.6048226952552795,0.7096085548400879,-0.09050977230072021,Left,0.9983506798744202
3083,43,1,0.3525264263153076,0.508759617805481,2.7681295478032553e-08,0.40453770756721497,0.5014886856079102,-0.03435198962688446,0.45341941714286804,0.5408129096031189,-0.05630817264318466,0.4834524691104889,0.5941888093948364,-0.06744979321956635,0.5009568929672241,0.6427131295204163,-0.07590854912996292,0.39766833186149597,0.5023489594459534,-0.10768688470125198,0.4493488669395447,0.5729806423187256,-0.1408272683620453,0.481046587228775,0.6212589740753174,-0.14921091496944427,0.5007857084274292,0.6564738750457764,-0.1510465145111084,0.3594411015510559,0.5414475798606873,-0.09646270424127579,0.417458176612854,0.6226966977119446,-0.12486287951469421,0.4526657164096832,0.6487171649932861,-0.11304725706577301,0.4654303789138794,0.6486178636550903,-0.10149820894002914,0.3343951404094696,0.5808807015419006,-0.08464862406253815,0.38436153531074524,0.6549067497253418,-0.10676545649766922,0.41834571957588196,0.6681301593780518,-0.0879790410399437,0.43058136105537415,0.6538570523262024,-0.06942015886306763,0.32061293721199036,0.6125960350036621,-0.0753403902053833,0.34456655383110046,0.6845314502716064,-0.09317421913146973,0.37350624799728394,0.70002681016922,-0.08839291334152222,0.39040523767471313,0.6905423402786255,-0.0804319679737091,Right,0.9937132596969604
3157,44,0,0.7568560242652893,0.5488987565040588,6.499205369436822e-07,0.6957554817199707,0.5076553821563721,-0.02746526338160038,0.6261107325553894,0.5161219239234924,-0.04825413227081299,0.5832444429397583,0.5664417743682861,-0.05839948356151581,0.5609316825866699,0.6136853694915771,-0.06887812912464142,0.6649283170700073,0.5407409071922302,-0.10853261500597,0.5999054312705994,0.5983338952064514,-0.14101004600524902,0.5551953315734863,0.62047278881073,-0.14851078391075134,0.5205460786819458,0.6316750645637512,-0.14798051118850708,0.688625693321228,0.6037627458572388,-0.10067953169345856,0.6091076135635376,0.6703974008560181,-0.12894925475120544,0.5572611093521118,0.680241048336029,-0.12580706179141998,0.5313680171966553,0.6691274046897888,-0.12054227292537689,0.7051019668579102,0.6548641324043274,-0.08960027247667313,0.6337264776229858,0.724143385887146,-0.1094239354133606,0.5945721864700317,0.7193694114685059,-0.10571620613336563,0.5794093012809753,0.6943910717964172,-0.0998067855834961,0.7161455750465393,0.6901094913482666,-0.07910609245300293,0.658380925655365,0.7441612482070923,-0.0926782488822937,0.6259094476699829,0.7368090152740479,-0.09254060685634613,0.6123640537261963,0.7131162285804749,-0.08951528370380402,Left,0.998937726020813
3157,44,1,0.3528764247894287,0.5090653300285339,3.5483164850802495e-08,0.4050128161907196,0.4994051456451416,-0.034748196601867676,0.45328953862190247,0.5326471924781799,-0.05829288065433502,0.4823407530784607,0.5820955038070679,-0.07086095213890076,0.49471431970596313,0.6302406191825867,-0.08097770065069199,0.3951947093009949,0.5022609233856201,-0.10921141505241394,0.4471014738082886,0.5735399127006531,-0.1438474804162979,0.4809780418872833,0.6202467679977417,-0.15376067161560059,0.5031224489212036,0.6539053320884705,-0.1568504273891449,0.35842570662498474,0.5440896153450012,-0.09777723252773285,0.41879501938819885,0.6269326210021973,-0.12678159773349762,0.45451128482818604,0.6463096737861633,-0.11534836143255234,0.4680030941963196,0.6414704322814941,-0.1040639728307724,0.3348845839500427,0.5847111940383911,-0.08564908802509308,0.3861803114414215,0.6581407189369202,-0.1072794571518898,0.4206417202949524,0.6669092774391174,-0.0880885198712349,0.43352338671684265,0.6502828598022461,-0.06953883171081543,0.32310646772384644,0.6166138648986816,-0.07609139382839203,0.3479677140712738,0.686570942401886,-0.09358726441860199,0.3770184814929962,0.6996036171913147,-0.0886697992682457,0.3944748640060425,0.6893221735954285,-0.08076029270887375,Right,0.9927237629890442
3232,45,0,0.7580843567848206,0.5435889959335327,6.391442184394691e-07,0.6974081993103027,0.5005146265029907,-0.02606070227921009,0.6265855431556702,0.5081489682197571,-0.04561607167124748,0.5822782516479492,0.5562868118286133,-0.055100154131650925,0.5597043633460999,0.6026962399482727,-0.06457982212305069,0.6650375127792358,0.5330966711044312,-0.10339369624853134,0.5973738431930542,0.5895790457725525,-0.13345962762832642,0.5538256168365479,0.613266110420227,-0.1387416422367096,0.5220451354980469,0.6248003244400024,-0.13649976253509521,0.6886571049690247,0.5949599742889404,-0.09550995379686356,0.6078474521636963,0.6588722467422485,-0.12198366969823837,0.5550198554992676,0.6693081855773926,-0.11746355146169662,0.530049204826355,0.6581228375434875,-0.11079885065555573,0.7051789164543152,0.645350992679596,-0.08458640426397324,0.6324989199638367,0.7130821943283081,-0.10374509543180466,0.5939977169036865,0.7096243500709534,-0.09949265420436859,0.580690324306488,0.6844123005867004,-0.09264403581619263,0.7157630324363708,0.6814011335372925,-0.07406172901391983,0.6573412418365479,0.7326579689979553,-0.08823968470096588,0.6255912780761719,0.7262895107269287,-0.0885687917470932,0.6126226186752319,0.7033515572547913,-0.08515721559524536,Left,0.9992032051086426
3232,45,1,0.3576003611087799,0.5146809220314026,-4.092480310191604e-08,0.40177246928215027,0.5025861859321594,-0.03377033397555351,0.4473106563091278,0.519228458404541,-0.058798909187316895,0.47976019978523254,0.5528712868690491,-0.07430563867092133,0.4977433681488037,0.5966343283653259,-0.08711393922567368,0.3930600881576538,0.49773120880126953,-0.10434544086456299,0.4440547525882721,0.5692551136016846,-0.13873030245304108,0.4791026711463928,0.6095733642578125,-0.14794164896011353,0.49937814474105835,0.637589156627655,-0.14984437823295593,0.35691776871681213,0.5399786233901978,-0.09392230212688446,0.4100639224052429,0.6213108897209167,-0.12130633741617203,0.4467354714870453,0.6384281516075134,-0.10852706432342529,0.4590728282928467,0.631255030632019,-0.0962090715765953,0.33532488346099854,0.5792011022567749,-0.0834801197052002,0.38044270873069763,0.6530048251152039,-0.10479745268821716,0.41631877422332764,0.664771556854248,-0.08555226027965546,0.42903080582618713,0.6497713327407837,-0.06709213554859161,0.3257507085800171,0.6095611453056335,-0.07563746720552444,0.341015100479126,0.6765347719192505,-0.09441447257995605,0.36858516931533813,0.6965654492378235,-0.09092612564563751,0.3862666189670563,0.6906794309616089,-0.08368345350027084,Right,0.9925599098205566
3305,46,0,0.7595483064651489,0.5420567989349365,6.500478662019304e-07,0.6980082392692566,0.4982280433177948,-0.02860832028090954,0.6279101371765137,0.5061613917350769,-0.04864221066236496,0.5835937261581421,0.5548405647277832,-0.05747148394584656,0.5583776831626892,0.600296676158905,-0.06609518080949783,0.6666951775550842,0.530492901802063,-0.11080548912286758,0.5967240333557129,0.5895352363586426,-0.14298312366008759,0.551960825920105,0.6131144762039185,-0.14901214838027954,0.5175437331199646,0.6253361105918884,-0.1468988060951233,0.6892416477203369,0.5937625765800476,-0.10179287940263748,0.6092504858970642,0.6588683724403381,-0.129826620221138,0.5565762519836426,0.6696193814277649,-0.1246844232082367,0.5317807793617249,0.6582573652267456,-0.11717604845762253,0.7050588130950928,0.6449849605560303,-0.08982770144939423,0.6349306702613831,0.714470624923706,-0.1106065884232521,0.5948773622512817,0.7120749950408936,-0.10648814588785172,0.5794807076454163,0.6877149939537048,-0.09911393374204636,0.7151699662208557,0.6799536347389221,-0.07844579219818115,0.6575690507888794,0.7339439392089844,-0.09307964146137238,0.6248010993003845,0.7282097935676575,-0.09334048628807068,0.6115697026252747,0.7044435739517212,-0.08960958570241928,Left,0.9991361498832703
3305,46,1,0.36796727776527405,0.5506379008293152,-1.2193360987566848e-07,0.4112352430820465,0.5285335183143616,-0.03741850331425667,0.45596039295196533,0.5306453108787537,-0.06464264541864395,0.4862980246543884,0.5580265522003174,-0.08275703340768814,0.5046551823616028,0.5983796715736389,-0.09874382615089417,0.38880857825279236,0.48597216606140137,-0.1083136647939682,0.4431356191635132,0.5535708069801331,-0.142140731215477,0.47706595063209534,0.5961479544639587,-0.1504073590040207,0.4959295988082886,0.6296213865280151,-0.15249760448932648,0.35289061069488525,0.5290836691856384,-0.09833809733390808,0.40923789143562317,0.6086999773979187,-0.12857180833816528,0.4448162615299225,0.6260738968849182,-0.11820214986801147,0.45444604754447937,0.6198734045028687,-0.10874588787555695,0.3329281806945801,0.5741382241249084,-0.08834109455347061,0.37931394577026367,0.6472492814064026,-0.1143992692232132,0.415846586227417,0.6579190492630005,-0.09859739989042282,0.42776355147361755,0.6441604495048523,-0.08297046273946762,0.3256828784942627,0.6138167381286621,-0.08085017651319504,0.3446671962738037,0.674690842628479,-0.09935469180345535,0.3726028501987457,0.6905328035354614,-0.09484314918518066,0.38884907960891724,0.6817796230316162,-0.08886244148015976,Right,0.9769386649131775
3381,47,0,0.7582842111587524,0.5425974726676941,6.487223913609341e-07,0.6981750130653381,0.4996184706687927,-0.025707628577947617,0.628411591053009,0.5048753023147583,-0.04520907253026962,0.5849795341491699,0.5533972382545471,-0.054435908794403076,0.5619590878486633,0.6000866293907166,-0.06387414783239365,0.6668300628662109,0.5324860215187073,-0.10608108341693878,0.5956206917762756,0.5918126106262207,-0.13664554059505463,0.5508842468261719,0.6138687133789062,-0.142017662525177,0.5162569284439087,0.6251564621925354,-0.13968393206596375,0.6893028616905212,0.5951024889945984,-0.09828650206327438,0.6073747277259827,0.6589787602424622,-0.12523765861988068,0.5554383993148804,0.6676243543624878,-0.11992147564888,0.5300303101539612,0.656769335269928,-0.11229576170444489,0.7047524452209473,0.6454503536224365,-0.08718395978212357,0.6327292919158936,0.7143397927284241,-0.10596632212400436,0.5940258502960205,0.7094790935516357,-0.10010472685098648,0.5798549652099609,0.68430495262146,-0.09182960540056229,0.714950680732727,0.6803625226020813,-0.07657834142446518,0.6561239957809448,0.7333278656005859,-0.08935150504112244,0.6246209144592285,0.7253280282020569,-0.08784061670303345,0.6122564077377319,0.7002405524253845,-0.0829588994383812,Left,0.9989874958992004
3381,47,1,0.3864140808582306,0.5941182971000671,-1.2807483074084303e-07,0.42450419068336487,0.5695148706436157,-0.041397105902433395,0.4593137800693512,0.5514212846755981,-0.07513420283794403,0.48982393741607666,0.5715433359146118,-0.10388804972171783,0.5038174986839294,0.6080474853515625,-0.13067778944969177,0.39029935002326965,0.493108332157135,-0.0799977257847786,0.4445464313030243,0.5517705082893372,-0.13081513345241547,0.48655763268470764,0.6015799641609192,-0.1582345813512802,0.5054678916931152,0.6255350708961487,-0.17219671607017517,0.35136157274246216,0.5350403785705566,-0.07807843387126923,0.40209728479385376,0.6065196394920349,-0.1172519102692604,0.4472965896129608,0.6374495029449463,-0.12176259607076645,0.46118712425231934,0.6297045350074768,-0.12407855689525604,0.32919469475746155,0.588945209980011,-0.07999613136053085,0.3802115321159363,0.6549086570739746,-0.11143513023853302,0.4168509244918823,0.6678136587142944,-0.10105198621749878,0.4247470498085022,0.6494289040565491,-0.09229151159524918,0.31976795196533203,0.6377201676368713,-0.08650270849466324,0.35669615864753723,0.6886627674102783,-0.10459709167480469,0.38802170753479004,0.6930996775627136,-0.09694211184978485,0.39716702699661255,0.6767400503158569,-0.0904657319188118,Right,0.9966545104980469
3457,48,0,0.7575140595436096,0.5432529449462891,6.474719498328341e-07,0.6973925232887268,0.5005104541778564,-0.02521107718348503,0.6284340023994446,0.5066589117050171,-0.04427343234419823,0.5856029391288757,0.5555087327957153,-0.05331667512655258,0.5637921690940857,0.6021543741226196,-0.06274134665727615,0.6645835041999817,0.5323864221572876,-0.1037505567073822,0.5928532481193542,0.5906500816345215,-0.1337827742099762,0.547869086265564,0.6118327975273132,-0.13961441814899445,0.5129415988922119,0.6231223940849304,-0.1378379464149475,0.6867164373397827,0.5949331521987915,-0.09625642746686935,0.6044759750366211,0.6570477485656738,-0.12152134627103806,0.5534365177154541,0.6663535833358765,-0.11637108772993088,0.5280036926269531,0.6570399403572083,-0.10935267060995102,0.70266193151474,0.6453611850738525,-0.08555411547422409,0.6305531859397888,0.7137264609336853,-0.10268949717283249,0.5922867655754089,0.7097704410552979,-0.09705012291669846,0.5781283378601074,0.685449481010437,-0.08956396579742432,0.7134931683540344,0.6801477074623108,-0.07545134425163269,0.6551390886306763,0.7324739098548889,-0.08750121295452118,0.623853325843811,0.725482702255249,-0.08623427897691727,0.6116517186164856,0.7017801403999329,-0.08186910301446915,Left,0.9988800287246704
3457,48,1,0.3886522054672241,0.5923041105270386,-1.484885245872647e-07,0.4276393949985504,0.5721126794815063,-0.03949219360947609,0.46563172340393066,0.5590083003044128,-0.07276350259780884,0.49710986018180847,0.5844739079475403,-0.10166671127080917,0.5085253715515137,0.6266957521438599,-0.1292112022638321,0.39325153827667236,0.4956606328487396,-0.07514390349388123,0.4449574947357178,0.5529746413230896,-0.12344632297754288,0.48462167382240295,0.6071736812591553,-0.15142211318016052,0.5016106367111206,0.6339433789253235,-0.16617365181446075,0.3540498912334442,0.5363415479660034,-0.07369227707386017,0.40307748317718506,0.6042678952217102,-0.10891007632017136,0.44354912638664246,0.6377622485160828,-0.11481967568397522,0.453093558549881,0.6319150924682617,-0.11944789439439774,0.33105048537254333,0.5896899104118347,-0.07592931389808655,0.37921592593193054,0.6506437063217163,-0.10528658330440521,0.41550472378730774,0.6649157404899597,-0.09827228635549545,0.4237249195575714,0.6479851007461548,-0.09255960583686829,0.32047080993652344,0.6382989287376404,-0.08234822750091553,0.35406604409217834,0.6863183975219727,-0.09844452887773514,0.3855970799922943,0.6918153166770935,-0.09171272069215775,0.3965528607368469,0.6762667894363403,-0.08673672378063202,Right,0.9946515560150146
3534,49,0,0.7565916776657104,0.5464097261428833,5.980792252557876e-07,0.6948997378349304,0.5026365518569946,-0.023049933835864067,0.6264868974685669,0.5095775723457336,-0.040736760944128036,0.5836914777755737,0.5579903721809387,-0.04938964173197746,0.5613942742347717,0.605141818523407,-0.0587729886174202,0.6559004783630371,0.5358296036720276,-0.096785768866539,0.5881189107894897,0.5979498028755188,-0.1256847381591797,0.5458683967590332,0.6226693391799927,-0.13191521167755127,0.5115510821342468,0.6361145377159119,-0.13098689913749695,0.6778044104576111,0.5976239442825317,-0.09088531136512756,0.6006564497947693,0.6621309518814087,-0.11548478156328201,0.5512821674346924,0.6738696098327637,-0.11129980534315109,0.5254079103469849,0.6661590933799744,-0.10502000153064728,0.6959605813026428,0.6469016671180725,-0.08197716623544693,0.6278483867645264,0.7152960300445557,-0.098863884806633,0.590109646320343,0.7140370607376099,-0.0938350111246109,0.5753248333930969,0.6923168897628784,-0.08673109114170074,0.7105475664138794,0.6807194948196411,-0.07356470078229904,0.6548577547073364,0.7360377311706543,-0.08506806194782257,0.6241809725761414,0.7324024438858032,-0.08350957185029984,0.6118506193161011,0.7116003036499023,-0.07898915559053421,Left,0.9987040162086487
3534,49,1,0.36852067708969116,0.5615211725234985,-1.5864097235862573e-07,0.41532281041145325,0.5434892773628235,-0.030214015394449234,0.4643450379371643,0.5409485101699829,-0.05904967337846756,0.4961005747318268,0.5858657956123352,-0.08475569635629654,0.5112059712409973,0.638034462928772,-0.11029449850320816,0.39674779772758484,0.5010915994644165,-0.06665408611297607,0.4474044740200043,0.5647208094596863,-0.10901764035224915,0.4842366576194763,0.6143416166305542,-0.1352430284023285,0.5007268190383911,0.6364949941635132,-0.14997954666614532,0.36021119356155396,0.5448440313339233,-0.06791894882917404,0.40940892696380615,0.609789252281189,-0.09680438041687012,0.4503471553325653,0.6439236998558044,-0.10140681266784668,0.4607201814651489,0.6382225155830383,-0.106536865234375,0.33738160133361816,0.5955561995506287,-0.07136636227369308,0.38449257612228394,0.6519492864608765,-0.09621942043304443,0.4214972257614136,0.669204592704773,-0.08714082837104797,0.4317246079444885,0.6528522968292236,-0.0809188038110733,0.3254440426826477,0.6396856904029846,-0.07800459861755371,0.357172429561615,0.6883145570755005,-0.09096739441156387,0.3879244923591614,0.6957424879074097,-0.08110185712575912,0.39961642026901245,0.6811220645904541,-0.07475952804088593,Right,0.9916514754295349
3605,50,0,0.7523574233055115,0.5467069149017334,5.405114507084363e-07,0.6883441805839539,0.5083730816841125,-0.022464314475655556,0.6231405735015869,0.5214530229568481,-0.040397047996520996,0.5814758539199829,0.5693616271018982,-0.049521081149578094,0.5567177534103394,0.6131381988525391,-0.059022657573223114,0.6490832567214966,0.5337212085723877,-0.09430132806301117,0.5841192603111267,0.6023037433624268,-0.12384244054555893,0.5437506437301636,0.6287239193916321,-0.13103321194648743,0.510698676109314,0.6413736343383789,-0.1305822730064392,0.6733387112617493,0.5927056074142456,-0.08975954353809357,0.6000425219535828,0.6648660898208618,-0.11395439505577087,0.553741991519928,0.6816825270652771,-0.10997768491506577,0.5311363935470581,0.6750925779342651,-0.10398648679256439,0.6935144662857056,0.642220675945282,-0.0826929360628128,0.6270716786384583,0.7144774794578552,-0.09959321469068527,0.589576005935669,0.7190162539482117,-0.09435608237981796,0.5737119317054749,0.7000287771224976,-0.08710997551679611,0.7093504071235657,0.6779060363769531,-0.0762242004275322,0.6556581258773804,0.7368906140327454,-0.08853218704462051,0.6238979697227478,0.7393433451652527,-0.08753269165754318,0.6089351773262024,0.7236310243606567,-0.08318385481834412,Left,0.9991550445556641
3605,50,1,0.3557470440864563,0.5251244902610779,-1.0076983869566902e-07,0.4072065055370331,0.5187392234802246,-0.02628445439040661,0.45978423953056335,0.5290766358375549,-0.05306772515177727,0.4925793707370758,0.5746808052062988,-0.07807096093893051,0.4953305125236511,0.6288294792175293,-0.10386641323566437,0.40235546231269836,0.5009563565254211,-0.06581878662109375,0.45129063725471497,0.5789675116539001,-0.10851810872554779,0.4872734248638153,0.625615119934082,-0.1378239095211029,0.5030300617218018,0.6373057961463928,-0.15578046441078186,0.36493489146232605,0.5450640916824341,-0.07075343281030655,0.41292354464530945,0.6234506368637085,-0.09882516413927078,0.4535958170890808,0.6579132080078125,-0.10502792149782181,0.46638399362564087,0.6461726427078247,-0.11330129206180573,0.33956462144851685,0.5917659997940063,-0.07727257907390594,0.39000260829925537,0.661253809928894,-0.09909723699092865,0.4238031804561615,0.6778421998023987,-0.0898207426071167,0.43375295400619507,0.6589576005935669,-0.0858636423945427,0.325393944978714,0.6290774941444397,-0.08736563473939896,0.3630395233631134,0.6889471411705017,-0.09594214707612991,0.3915802538394928,0.6979009509086609,-0.08439882099628448,0.40173014998435974,0.6840205788612366,-0.07925736159086227,Right,0.9883397221565247
3678,51,0,0.7477055788040161,0.547450065612793,5.352493985810725e-07,0.6832915544509888,0.5094287395477295,-0.02306014485657215,0.6184421181678772,0.5237375497817993,-0.04260285198688507,0.5771099925041199,0.572503924369812,-0.05274698883295059,0.5490515828132629,0.6138586401939392,-0.06320801377296448,0.6471147537231445,0.5333690643310547,-0.10137840360403061,0.5853456854820251,0.6006102561950684,-0.13552062213420868,0.5445588827133179,0.6270664930343628,-0.14604291319847107,0.5109829902648926,0.6390969753265381,-0.14729654788970947,0.6725175380706787,0.5919105410575867,-0.09683021157979965,0.6004878878593445,0.6645354628562927,-0.1239120364189148,0.5537854433059692,0.6819738149642944,-0.11990603804588318,0.5309405326843262,0.6753533482551575,-0.11357943713665009,0.6926387548446655,0.6414806246757507,-0.08967924863100052,0.6266301274299622,0.7154085636138916,-0.10808995366096497,0.588418185710907,0.717866837978363,-0.10077591985464096,0.5724601149559021,0.6955950260162354,-0.09156520664691925,0.7079504132270813,0.6773881912231445,-0.08319826424121857,0.6538992524147034,0.7360390424728394,-0.09578774869441986,0.6223011016845703,0.7356954216957092,-0.09298007190227509,0.6077278852462769,0.7164088487625122,-0.08681885153055191,Left,0.9992374181747437
3678,51,1,0.36269164085388184,0.5150275826454163,2.7503628530212154e-07,0.4161258041858673,0.506145715713501,-0.03205161914229393,0.4656650424003601,0.5333928465843201,-0.057396769523620605,0.48996561765670776,0.5854130387306213,-0.07249332219362259,0.4978373646736145,0.6364933848381042,-0.0847163125872612,0.40720826387405396,0.5023916363716125,-0.10951660573482513,0.45012006163597107,0.58144211769104,-0.1429443359375,0.4795675277709961,0.6309755444526672,-0.15037894248962402,0.4944159984588623,0.6605275273323059,-0.15053708851337433,0.3677217960357666,0.5436370372772217,-0.10018810629844666,0.4229719936847687,0.6364797949790955,-0.129806250333786,0.4560565650463104,0.6522392630577087,-0.11657900363206863,0.4631410241127014,0.6408255100250244,-0.10239987820386887,0.3424246907234192,0.5832619667053223,-0.08948952704668045,0.3924870193004608,0.6648256182670593,-0.11051297932863235,0.425118625164032,0.6683737635612488,-0.08881712704896927,0.431382954120636,0.6439308524131775,-0.06790442019701004,0.3286564350128174,0.6152539849281311,-0.08121233433485031,0.3554980754852295,0.6924053430557251,-0.09953124076128006,0.3855757713317871,0.7057896256446838,-0.09397032856941223,0.40091243386268616,0.6912021040916443,-0.08454742282629013,Right,0.9915012717247009
3750,52,0,0.7472848892211914,0.5482175946235657,5.581480877481226e-07,0.6844092607498169,0.5092675685882568,-0.022683661431074142,0.6201817393302917,0.5217856168746948,-0.0424627810716629,0.5788770318031311,0.5702991485595703,-0.05315645784139633,0.5505942106246948,0.6092139482498169,-0.06438436359167099,0.6465802192687988,0.5320690870285034,-0.09871718287467957,0.584599494934082,0.5979790091514587,-0.1316407173871994,0.5437479019165039,0.6229113936424255,-0.1417413055896759,0.5104645490646362,0.6338837146759033,-0.14286290109157562,0.6718414425849915,0.591066300868988,-0.09433823823928833,0.599320113658905,0.6609830260276794,-0.12125891447067261,0.5519830584526062,0.6766442656517029,-0.11846553534269333,0.5279145240783691,0.669248104095459,-0.11298081278800964,0.6916391253471375,0.6412413716316223,-0.08722889423370361,0.6252235174179077,0.7127911448478699,-0.10574448853731155,0.5869029760360718,0.7154136896133423,-0.10010147839784622,0.5706483125686646,0.6941131353378296,-0.09218455106019974,0.7064982652664185,0.67822265625,-0.08059194684028625,0.6513494849205017,0.7339962720870972,-0.09317184239625931,0.6205318570137024,0.7325979471206665,-0.09085966646671295,0.6063058376312256,0.7132126092910767,-0.08523817360401154,Left,0.9993443489074707
3750,52,1,0.36444932222366333,0.5122480392456055,2.8102938642859954e-08,0.4179432988166809,0.5068103671073914,-0.035600364208221436,0.46677571535110474,0.5426503419876099,-0.05972294509410858,0.4919373393058777,0.5979524254798889,-0.07250089198350906,0.5003831386566162,0.6481028199195862,-0.08194691687822342,0.40810704231262207,0.5037875771522522,-0.11067501455545425,0.4546579122543335,0.582551121711731,-0.1444251984357834,0.48355481028556824,0.6305792331695557,-0.15081381797790527,0.4993347227573395,0.6600880026817322,-0.15008972585201263,0.3685269057750702,0.5436434149742126,-0.09912470728158951,0.42626601457595825,0.6369631886482239,-0.1286960244178772,0.456925630569458,0.6497399806976318,-0.11350329965353012,0.4617510437965393,0.6343498826026917,-0.09786256402730942,0.34333962202072144,0.5842212438583374,-0.08710383623838425,0.3955824375152588,0.6677905917167664,-0.11054334789514542,0.42676955461502075,0.6729888319969177,-0.08883447200059891,0.4330984055995941,0.6529580950737,-0.06717028468847275,0.32930123805999756,0.6179659366607666,-0.07745112478733063,0.35854431986808777,0.6936042904853821,-0.09466387331485748,0.38888710737228394,0.7032827138900757,-0.08724640309810638,0.4042346775531769,0.6882691979408264,-0.07700947672128677,Right,0.988605797290802
3824,53,0,0.746868371963501,0.5485259294509888,5.536056733035366e-07,0.6847602725028992,0.5079435110092163,-0.022328073158860207,0.6199583411216736,0.5204111933708191,-0.041742220520973206,0.5779837369918823,0.569797158241272,-0.05206916108727455,0.548478901386261,0.6092086434364319,-0.06288233399391174,0.6471080780029297,0.5299635529518127,-0.0982985571026802,0.58500736951828,0.5946758389472961,-0.13086627423763275,0.5444079637527466,0.6189437508583069,-0.14043891429901123,0.511475682258606,0.6293496489524841,-0.14105534553527832,0.6716241836547852,0.5889513492584229,-0.09369432926177979,0.598345160484314,0.6575028896331787,-0.12026914954185486,0.5503089427947998,0.6709173321723938,-0.11679152399301529,0.5262072086334229,0.6616073250770569,-0.11077649146318436,0.6908996105194092,0.6392219662666321,-0.08632630854845047,0.623205304145813,0.7105351686477661,-0.10539232194423676,0.5860165357589722,0.7107234001159668,-0.09945987910032272,0.5720352530479431,0.6871496438980103,-0.09092441946268082,0.7055279612541199,0.6764801144599915,-0.0792931318283081,0.6488348841667175,0.7319660186767578,-0.09246882796287537,0.6190899014472961,0.7278943657875061,-0.08989235013723373,0.6072940230369568,0.7056300640106201,-0.08378108590841293,Left,0.9994328618049622
3824,53,1,0.3647724688053131,0.5132187008857727,-6.282359521492253e-08,0.41709792613983154,0.5066249370574951,-0.03150878846645355,0.4662214517593384,0.5404401421546936,-0.0537184439599514,0.4926031231880188,0.5911476016044617,-0.06611248850822449,0.500893771648407,0.6391279697418213,-0.07612626254558563,0.41171613335609436,0.5044223070144653,-0.10487037897109985,0.45827117562294006,0.584976315498352,-0.13562938570976257,0.4858170747756958,0.6298120021820068,-0.14089180529117584,0.501697301864624,0.660654604434967,-0.1405062973499298,0.37205225229263306,0.5457435250282288,-0.09508442878723145,0.4302915036678314,0.6353952288627625,-0.12101904302835464,0.4591192305088043,0.6478753089904785,-0.10671399533748627,0.46382927894592285,0.6366009712219238,-0.09349291026592255,0.34588533639907837,0.5860875844955444,-0.0844995528459549,0.40146705508232117,0.6673246622085571,-0.10497047007083893,0.43115973472595215,0.6713843941688538,-0.0856122151017189,0.43646302819252014,0.652831494808197,-0.06745854765176773,0.33071744441986084,0.6203381419181824,-0.07590077072381973,0.3619278371334076,0.6932014226913452,-0.09199098497629166,0.3929828405380249,0.7035777568817139,-0.08657416701316833,0.4091512858867645,0.6918741464614868,-0.0789913460612297,Right,0.9861732125282288
3897,54,0,0.7489742040634155,0.5440670847892761,5.369976179281366e-07,0.6865406632423401,0.5034281611442566,-0.02265581302344799,0.6235251426696777,0.5200567245483398,-0.04208856448531151,0.5806950330734253,0.5675934553146362,-0.05247746407985687,0.5501013398170471,0.6051038503646851,-0.06328006088733673,0.6446024179458618,0.5221784710884094,-0.09916137158870697,0.5811128616333008,0.5893951058387756,-0.13180574774742126,0.5399678945541382,0.6160300970077515,-0.1415487825870514,0.5067873597145081,0.6279249787330627,-0.14256995916366577,0.6702661514282227,0.5804040431976318,-0.09514757245779037,0.6002548336982727,0.6514154672622681,-0.123726986348629,0.5532500743865967,0.6671850085258484,-0.1213899552822113,0.5295780301094055,0.6571781635284424,-0.1160556748509407,0.6912477612495422,0.6310027837753296,-0.08850330859422684,0.6251101493835449,0.7030289769172668,-0.10981915891170502,0.5878652930259705,0.7049039602279663,-0.10516680777072906,0.5739853978157043,0.6810247898101807,-0.0971701443195343,0.7072819471359253,0.6689479947090149,-0.08214958757162094,0.6508140563964844,0.7262100577354431,-0.09749005734920502,0.620468258857727,0.7234244346618652,-0.09626851975917816,0.6087824702262878,0.700782835483551,-0.09086069464683533,Left,0.9993842840194702
3897,54,1,0.3663146197795868,0.5123482942581177,1.7993551537642816e-08,0.4182467758655548,0.5015637874603271,-0.03214900568127632,0.4673750698566437,0.5278543829917908,-0.05529474467039108,0.4909718930721283,0.5758545994758606,-0.06859246641397476,0.4988058805465698,0.6239925622940063,-0.0791831761598587,0.4109858274459839,0.507448673248291,-0.10153080523014069,0.4478469789028168,0.5817996859550476,-0.1357629895210266,0.48150187730789185,0.6247568130493164,-0.14595110714435577,0.5029221177101135,0.6499531269073486,-0.14819706976413727,0.373361200094223,0.5487635731697083,-0.09191852062940598,0.42397791147232056,0.6354619860649109,-0.11898279190063477,0.4601527452468872,0.6506372094154358,-0.10729237645864487,0.47115540504455566,0.6413787603378296,-0.09541831910610199,0.34972071647644043,0.5886409878730774,-0.08197253942489624,0.3971860706806183,0.6689664721488953,-0.10301493853330612,0.4315040111541748,0.6755681037902832,-0.08444536477327347,0.4412890374660492,0.6587271690368652,-0.06595481187105179,0.3369770050048828,0.6216310858726501,-0.07422512024641037,0.36512184143066406,0.6963909864425659,-0.09069645404815674,0.39591529965400696,0.7069841623306274,-0.08448754996061325,0.4127609431743622,0.6952131390571594,-0.07521538436412811,Right,0.9921614527702332
3971,55,0,0.7494860291481018,0.5414034724235535,4.806246920452395e-07,0.6855441927909851,0.50117427110672,-0.021680867299437523,0.6212310194969177,0.5171507000923157,-0.04177696257829666,0.5782161355018616,0.5638002157211304,-0.05306592956185341,0.5474088191986084,0.6026453375816345,-0.06501762568950653,0.6452192664146423,0.5211460590362549,-0.10034553706645966,0.5852813720703125,0.5879188776016235,-0.13452498614788055,0.5448070764541626,0.6177438497543335,-0.14554913341999054,0.5131745338439941,0.6319268941879272,-0.14755026996135712,0.6713669300079346,0.5784708857536316,-0.09750153869390488,0.6010450720787048,0.6525974869728088,-0.12756147980690002,0.5559312105178833,0.6680837869644165,-0.12602883577346802,0.5356095433235168,0.6563680768013,-0.1212480217218399,0.6922732591629028,0.6274077296257019,-0.09183842688798904,0.6264888048171997,0.7001852989196777,-0.11275739967823029,0.5883277654647827,0.7043436765670776,-0.1077105924487114,0.572970449924469,0.681052565574646,-0.10000139474868774,0.7088963389396667,0.664477527141571,-0.08650950342416763,0.6553494930267334,0.7262766361236572,-0.10099513083696365,0.62351393699646,0.7293063402175903,-0.0999550074338913,0.607823371887207,0.710323691368103,-0.09520164877176285,Left,0.9992842078208923
3971,55,1,0.3624045252799988,0.505551815032959,-1.4398828795947338e-07,0.4145950376987457,0.4964464008808136,-0.025760378688573837,0.4627314805984497,0.5219485759735107,-0.043783534318208694,0.48619788885116577,0.5688295960426331,-0.05422437936067581,0.49410879611968994,0.6143026351928711,-0.06195712462067604,0.4101725220680237,0.5152620077133179,-0.08127276599407196,0.43949854373931885,0.5792545080184937,-0.11000519245862961,0.4727783203125,0.6109138131141663,-0.11733705550432205,0.49818095564842224,0.6250855922698975,-0.11748380959033966,0.37611228227615356,0.5568284392356873,-0.0742940679192543,0.42084652185440063,0.6331169605255127,-0.09645528346300125,0.45624563097953796,0.6476032733917236,-0.08557698875665665,0.46944501996040344,0.6396399736404419,-0.07435353845357895,0.35366374254226685,0.5945355892181396,-0.06729842722415924,0.3963974118232727,0.6625350713729858,-0.08549129962921143,0.4298877418041229,0.6708430051803589,-0.07047425955533981,0.44057220220565796,0.6577770709991455,-0.054553188383579254,0.3408924639225006,0.6237383484840393,-0.06200272589921951,0.36731159687042236,0.6943491101264954,-0.07511931657791138,0.39700552821159363,0.7038471698760986,-0.06896897405385971,0.4123423397541046,0.6911659836769104,-0.060185957700014114,Right,0.99381422996521
4045,56,0,0.7481929063796997,0.5453818440437317,4.998331633032649e-07,0.6848111152648926,0.5056965351104736,-0.019772177562117577,0.6212381720542908,0.5200766921043396,-0.039849359542131424,0.5788662433624268,0.5682352185249329,-0.05182003229856491,0.5488921999931335,0.6078221201896667,-0.0645286962389946,0.6436545252799988,0.5227079391479492,-0.09534395486116409,0.5822529196739197,0.5935585498809814,-0.12781672179698944,0.542775571346283,0.6210809946060181,-0.1370520293712616,0.5122804641723633,0.6322534084320068,-0.1376485675573349,0.6697247624397278,0.5797284841537476,-0.09360963851213455,0.5973902344703674,0.6549491882324219,-0.12197904288768768,0.5531773567199707,0.6731385588645935,-0.11926976591348648,0.5339010953903198,0.6645430326461792,-0.11338578909635544,0.6915108561515808,0.6287379860877991,-0.08916926383972168,0.6258399486541748,0.7027292251586914,-0.10926671326160431,0.5871759653091431,0.7086676359176636,-0.10351594537496567,0.5717661380767822,0.6872842311859131,-0.09512735158205032,0.7088987827301025,0.6661617755889893,-0.08483247458934784,0.6549841165542603,0.7291719913482666,-0.09883591532707214,0.622937023639679,0.734386146068573,-0.09699966758489609,0.6066949367523193,0.7178802490234375,-0.09147140383720398,Left,0.9995318055152893
4045,56,1,0.356574684381485,0.5103353261947632,-1.2287698325508245e-07,0.4085942804813385,0.49065548181533813,-0.02687542513012886,0.46077290177345276,0.5135602951049805,-0.044989872723817825,0.48462170362472534,0.5627393126487732,-0.0549374520778656,0.4884716868400574,0.6093272566795349,-0.06234533339738846,0.40488579869270325,0.5134405493736267,-0.0830349549651146,0.43686389923095703,0.5716466903686523,-0.11046182364225388,0.4724222421646118,0.6038960814476013,-0.1179642304778099,0.4990614354610443,0.6221370697021484,-0.11976028233766556,0.37478145956993103,0.5584873557090759,-0.07582531124353409,0.42379969358444214,0.6305849552154541,-0.09846262633800507,0.4604962170124054,0.6423569321632385,-0.08996192365884781,0.4741012752056122,0.6355857253074646,-0.08121617883443832,0.3548399806022644,0.5994427800178528,-0.06817161291837692,0.3999769389629364,0.6680029034614563,-0.08721459656953812,0.433948278427124,0.6709842681884766,-0.07424554228782654,0.44447556138038635,0.6549082398414612,-0.060166701674461365,0.34368595480918884,0.6301618814468384,-0.06212328374385834,0.37347182631492615,0.7009665966033936,-0.07669303566217422,0.4033019244670868,0.705382227897644,-0.07211679965257645,0.4184991717338562,0.6893906593322754,-0.06483233720064163,Right,0.9914538264274597
4121,57,0,0.748283326625824,0.5448616147041321,4.890479203822906e-07,0.6865294575691223,0.5053905844688416,-0.018604984506964684,0.6233499050140381,0.5199662446975708,-0.03696728125214577,0.5808756351470947,0.5650481581687927,-0.047639958560466766,0.5519400835037231,0.6007865071296692,-0.05899696424603462,0.6405928134918213,0.5206400752067566,-0.09074006974697113,0.57688307762146,0.5870137810707092,-0.12123551219701767,0.5374736189842224,0.6129273176193237,-0.13027234375476837,0.5070018768310547,0.6234124898910522,-0.13123051822185516,0.6658508777618408,0.5788427591323853,-0.08943267166614532,0.5938273072242737,0.6511228680610657,-0.11576727777719498,0.5511548519134521,0.6649307608604431,-0.11364281922578812,0.532812774181366,0.6525135636329651,-0.10882633179426193,0.6873472929000854,0.6295171976089478,-0.0854904055595398,0.6190381050109863,0.7001581192016602,-0.10434934496879578,0.5829085111618042,0.7019233703613281,-0.09973213076591492,0.570324182510376,0.6780031323432922,-0.09278171509504318,0.705123245716095,0.6690404415130615,-0.0816614031791687,0.6484315395355225,0.7246244549751282,-0.09555120766162872,0.618100643157959,0.7239108085632324,-0.09452309459447861,0.6043663620948792,0.7045305967330933,-0.08989112079143524,Left,0.9993460774421692
4121,57,1,0.3541031777858734,0.5108680725097656,-6.122451878809443e-08,0.4061783254146576,0.48579633235931396,-0.029009290039539337,0.45809775590896606,0.5066829323768616,-0.048598043620586395,0.48186469078063965,0.5565817356109619,-0.05916399508714676,0.4867202639579773,0.6040003895759583,-0.06730109453201294,0.4004236161708832,0.5092763304710388,-0.08917001634836197,0.43422093987464905,0.5685659050941467,-0.11817073822021484,0.46990230679512024,0.6000149250030518,-0.12668444216251373,0.4958818256855011,0.6158958673477173,-0.12875136733055115,0.37093591690063477,0.5562737584114075,-0.08056308329105377,0.4224146604537964,0.6260278224945068,-0.10289278626441956,0.4599781632423401,0.6372848153114319,-0.09403591603040695,0.47418177127838135,0.6308810710906982,-0.08531595766544342,0.35286659002304077,0.5991332530975342,-0.07146106660366058,0.4015020728111267,0.6646653413772583,-0.08966944366693497,0.4360850751399994,0.6667852997779846,-0.07646398991346359,0.44688400626182556,0.6505565047264099,-0.06257349997758865,0.34421008825302124,0.6317981481552124,-0.06415243446826935,0.3780505657196045,0.7003969550132751,-0.0787496417760849,0.4076474905014038,0.7040455341339111,-0.07451987266540527,0.4221489131450653,0.6880602836608887,-0.06749086081981659,Right,0.9937366247177124
4195,58,0,0.7500948905944824,0.543496310710907,4.725981170849991e-07,0.6868932843208313,0.502409815788269,-0.01828724332153797,0.6214457750320435,0.5143197774887085,-0.03687722235918045,0.5771191120147705,0.5586605668067932,-0.047663867473602295,0.5452232360839844,0.5941258072853088,-0.05913848057389259,0.6440449953079224,0.5173032283782959,-0.09300916641950607,0.5811638832092285,0.5818907618522644,-0.12432622164487839,0.5400775671005249,0.6087367534637451,-0.13365988433361053,0.5088785886764526,0.6210498809814453,-0.13476039469242096,0.6692140698432922,0.5744820833206177,-0.09183338284492493,0.5943058133125305,0.647412121295929,-0.12029214948415756,0.5485008955001831,0.6599909067153931,-0.1189146637916565,0.5283715128898621,0.6472235321998596,-0.11425952613353729,0.6891204118728638,0.624459981918335,-0.08768419921398163,0.6193073391914368,0.6956679821014404,-0.10738780349493027,0.581109344959259,0.6966298222541809,-0.1024634838104248,0.5666519999504089,0.6722298860549927,-0.09495265036821365,0.7047569155693054,0.6637433171272278,-0.08361276984214783,0.6470834016799927,0.7225072383880615,-0.09727311879396439,0.6156268119812012,0.721889317035675,-0.09588731825351715,0.6005630493164062,0.7013648152351379,-0.09100598096847534,Left,0.9993512034416199
4195,58,1,0.36221843957901,0.5125039219856262,1.3405224708051833e-09,0.4148194193840027,0.4917173683643341,-0.03139239177107811,0.46463489532470703,0.5119158029556274,-0.05330310016870499,0.4879366159439087,0.5584420561790466,-0.06558701395988464,0.49107444286346436,0.6055160760879517,-0.07521796226501465,0.4057270586490631,0.5060669779777527,-0.09564825147390366,0.44015902280807495,0.5709484815597534,-0.1285923570394516,0.47452953457832336,0.6040535569190979,-0.13890591263771057,0.49707522988319397,0.6162815093994141,-0.14065894484519958,0.37406450510025024,0.5499712824821472,-0.0858195424079895,0.4254138171672821,0.6266447305679321,-0.11299014836549759,0.46337243914604187,0.6399348974227905,-0.10531312972307205,0.4769822359085083,0.6297160387039185,-0.0958213284611702,0.35452690720558167,0.5920600295066833,-0.0755424052476883,0.40321770310401917,0.6622712016105652,-0.09743942320346832,0.43952128291130066,0.6667439341545105,-0.08486150205135345,0.4508010447025299,0.6489013433456421,-0.06982371211051941,0.3452293574810028,0.6260967254638672,-0.06699610501527786,0.3801382780075073,0.6976592540740967,-0.08377251774072647,0.41046738624572754,0.7035174369812012,-0.07981529831886292,0.42505934834480286,0.687599241733551,-0.07190337032079697,Right,0.9931920766830444
4271,59,0,0.7485873103141785,0.548186182975769,5.312986104399897e-07,0.6862420439720154,0.5009806156158447,-0.022607067599892616,0.6203411817550659,0.5100850462913513,-0.04189346358180046,0.5776647329330444,0.5571760535240173,-0.05181659385561943,0.5494626760482788,0.594760537147522,-0.062178947031497955,0.6474992036819458,0.5291557312011719,-0.09663452953100204,0.5844151377677917,0.5946516394615173,-0.12777119874954224,0.542460024356842,0.6124582886695862,-0.13647669553756714,0.5090219974517822,0.6158929467201233,-0.1371372640132904,0.671190619468689,0.5888788104057312,-0.09253241866827011,0.5947297215461731,0.6598820090293884,-0.11973319947719574,0.5486519932746887,0.6618391871452332,-0.11630818247795105,0.5272811651229858,0.6418503522872925,-0.1100374087691307,0.6898344159126282,0.6367610096931458,-0.08582103252410889,0.6214686632156372,0.7085540294647217,-0.1039913073182106,0.5818855166435242,0.7042320966720581,-0.09855102002620697,0.564702033996582,0.6763760447502136,-0.09085486829280853,0.7038702368736267,0.6701532006263733,-0.07965581864118576,0.6450106501579285,0.7291209101676941,-0.09113992005586624,0.611041784286499,0.7266781330108643,-0.08924663811922073,0.594090461730957,0.7054336667060852,-0.0845884457230568,Left,0.9995864033699036
4271,59,1,0.3646521270275116,0.5085549354553223,-6.664672724809861e-08,0.41742879152297974,0.4913342297077179,-0.026769809424877167,0.4686086177825928,0.5136356353759766,-0.04579015448689461,0.49326473474502563,0.5593096613883972,-0.05684162676334381,0.4965670704841614,0.6056513786315918,-0.06578129529953003,0.4111357033252716,0.49888747930526733,-0.08783207088708878,0.443443238735199,0.5579152703285217,-0.11752437800168991,0.4753321409225464,0.592673659324646,-0.12616316974163055,0.49797698855400085,0.6095380187034607,-0.12781332433223724,0.37873777747154236,0.5424237251281738,-0.0806463286280632,0.4265909492969513,0.6099376082420349,-0.10402584820985794,0.46350857615470886,0.6305092573165894,-0.09494996070861816,0.47824305295944214,0.6253156065940857,-0.0857468992471695,0.3567003905773163,0.582878053188324,-0.07293609529733658,0.4038228690624237,0.6466692090034485,-0.09331607073545456,0.43780282139778137,0.6585208773612976,-0.0799584910273552,0.44865918159484863,0.6452629566192627,-0.06506088376045227,0.34415245056152344,0.6156840324401855,-0.06668010354042053,0.37858468294143677,0.6834763884544373,-0.08380349725484848,0.41011759638786316,0.6931077837944031,-0.07992810010910034,0.42586448788642883,0.6795726418495178,-0.07220100611448288,Right,0.9878390431404114
4345,60,0,0.7503906488418579,0.5442410111427307,5.099414579490258e-07,0.6878662109375,0.4986908435821533,-0.02190672606229782,0.6208876371383667,0.5044373869895935,-0.039898212999105453,0.5800082683563232,0.5523848533630371,-0.04873933270573616,0.5552251935005188,0.5938426852226257,-0.05774614214897156,0.648979127407074,0.5251502394676208,-0.09549394249916077,0.5862140655517578,0.590584933757782,-0.12674304842948914,0.5445345640182495,0.6086044311523438,-0.13506241142749786,0.5121898651123047,0.611720085144043,-0.1346529871225357,0.6711753010749817,0.5832943320274353,-0.0908748060464859,0.5953346490859985,0.6519319415092468,-0.1162286326289177,0.5482283234596252,0.6599409580230713,-0.11173389852046967,0.5282270312309265,0.644220232963562,-0.10473852604627609,0.6888430714607239,0.6307697892189026,-0.08376047015190125,0.6199827790260315,0.7023822665214539,-0.10204847157001495,0.5815318822860718,0.7020074129104614,-0.09697337448596954,0.5673470497131348,0.6762375235557556,-0.08904045820236206,0.702648937702179,0.6647651791572571,-0.07703778892755508,0.6464086174964905,0.7227479219436646,-0.09042399376630783,0.6129661202430725,0.7229164838790894,-0.09007996320724487,0.5975320935249329,0.7031471133232117,-0.08571011573076248,Left,0.9992966055870056
4345,60,1,0.35513344407081604,0.5047144293785095,5.242166167818141e-08,0.40799713134765625,0.48575496673583984,-0.02947797067463398,0.4629727005958557,0.5058882832527161,-0.05059172958135605,0.4909195899963379,0.5503023862838745,-0.062308307737112045,0.5006449222564697,0.597905158996582,-0.07143466174602509,0.40983107686042786,0.4981241524219513,-0.09714922308921814,0.4440816044807434,0.5548611283302307,-0.13002125918865204,0.4780091643333435,0.590794563293457,-0.1389094442129135,0.49853384494781494,0.6067590117454529,-0.13965372741222382,0.3792581558227539,0.5435515642166138,-0.08891163021326065,0.4333077073097229,0.6138007640838623,-0.11610490828752518,0.46856507658958435,0.6289917826652527,-0.10508927702903748,0.476811945438385,0.6160235404968262,-0.09241197258234024,0.35827264189720154,0.585326611995697,-0.08000732958316803,0.41038474440574646,0.6515309810638428,-0.1032244861125946,0.4446406364440918,0.6568835377693176,-0.08702670782804489,0.4522218704223633,0.6366960406303406,-0.06837999820709229,0.34533026814460754,0.6192888617515564,-0.07263001799583435,0.38401493430137634,0.6868113279342651,-0.09201953560113907,0.41600754857063293,0.6932602524757385,-0.08714760094881058,0.43067121505737305,0.67594975233078,-0.0771377831697464,Right,0.9901440739631653
4419,61,0,0.751443088054657,0.5438656806945801,5.177399202693778e-07,0.6882427930831909,0.49867308139801025,-0.022799380123615265,0.6217467188835144,0.5078396201133728,-0.041782427579164505,0.5774773955345154,0.5532280802726746,-0.051666829735040665,0.5455225110054016,0.587546169757843,-0.061618104577064514,0.649125337600708,0.5219417810440063,-0.09664792567491531,0.5878065824508667,0.5871126055717468,-0.12929867208003998,0.546314537525177,0.6058090329170227,-0.13790012896060944,0.5151774883270264,0.609112024307251,-0.13747525215148926,0.6712963581085205,0.5809585452079773,-0.09240365028381348,0.5952453017234802,0.6510148048400879,-0.12101608514785767,0.5479655861854553,0.6586636304855347,-0.11798233538866043,0.5280746221542358,0.6415883898735046,-0.11121982336044312,0.6891639828681946,0.6296742558479309,-0.08578165620565414,0.6208964586257935,0.7001047134399414,-0.10634054243564606,0.5806458592414856,0.7009010314941406,-0.10220629721879959,0.5638887882232666,0.6758971214294434,-0.09439254552125931,0.7035335302352905,0.6656550168991089,-0.07953178882598877,0.6469655632972717,0.7245802283287048,-0.09371015429496765,0.6119645833969116,0.728518545627594,-0.09386062622070312,0.5939509868621826,0.7119321823120117,-0.0897059440612793,Left,0.9991164207458496
4419,61,1,0.35485705733299255,0.5054696202278137,1.4799680059240927e-07,0.4075372815132141,0.4825746417045593,-0.0285246130079031,0.46269047260284424,0.5039904713630676,-0.05003507435321808,0.4907855987548828,0.5519962310791016,-0.06220707669854164,0.5012800693511963,0.5994922518730164,-0.07227111607789993,0.40773096680641174,0.49654483795166016,-0.09557416290044785,0.44037070870399475,0.5552369952201843,-0.12599186599254608,0.47387200593948364,0.5883901119232178,-0.13510090112686157,0.4951963722705841,0.6061839461326599,-0.13728025555610657,0.37866565585136414,0.5436773300170898,-0.08761154860258102,0.4326796233654022,0.6188461184501648,-0.11315590888261795,0.46824896335601807,0.6315370798110962,-0.10413292050361633,0.478964239358902,0.6223719716072083,-0.09421097487211227,0.3599909842014313,0.5883310437202454,-0.07830457389354706,0.4118322432041168,0.6589871644973755,-0.09710929542779922,0.4454570412635803,0.6608198285102844,-0.08137238025665283,0.45396605134010315,0.6419165134429932,-0.06530478596687317,0.349048376083374,0.6242043972015381,-0.07076935470104218,0.3891085088253021,0.6928145289421082,-0.08547072857618332,0.4203953444957733,0.6955958604812622,-0.07964403182268143,0.43474870920181274,0.6785213947296143,-0.0709775760769844,Right,0.9942973256111145
4493,62,0,0.7498711943626404,0.5420643091201782,4.5936036485727527e-07,0.6880056262016296,0.4965999722480774,-0.021339522674679756,0.6192685961723328,0.5065455436706543,-0.03863426297903061,0.5726660490036011,0.5521867871284485,-0.04745035991072655,0.5391817688941956,0.5881799459457397,-0.05674142390489578,0.6471229791641235,0.5144973397254944,-0.09088469296693802,0.5869447588920593,0.5766752362251282,-0.12048449367284775,0.5458592176437378,0.5986388325691223,-0.12857215106487274,0.5142726898193359,0.6062050461769104,-0.12903697788715363,0.6692501306533813,0.572986900806427,-0.08732379227876663,0.5944366455078125,0.6414470672607422,-0.1117541491985321,0.5485590100288391,0.6524155735969543,-0.1094609946012497,0.5286710262298584,0.6384637951850891,-0.10540749877691269,0.6870468258857727,0.6229639053344727,-0.08143886178731918,0.6172860860824585,0.6928379535675049,-0.10040716081857681,0.5791655778884888,0.6943145990371704,-0.09889481961727142,0.5656537413597107,0.6698761582374573,-0.09452106803655624,0.7013935446739197,0.66145920753479,-0.07572907209396362,0.6433072090148926,0.7180564403533936,-0.09094913303852081,0.6106752157211304,0.718173623085022,-0.09332949668169022,0.5963751673698425,0.6988751888275146,-0.09177930653095245,Left,0.9990785717964172
4493,62,1,0.35835954546928406,0.5023913383483887,1.4832090755589888e-07,0.4113691449165344,0.48246198892593384,-0.027683639898896217,0.4639301002025604,0.4994485378265381,-0.05004218593239784,0.4907291531562805,0.5424493551254272,-0.06376360356807709,0.4999675750732422,0.5894659161567688,-0.0752275139093399,0.41024383902549744,0.4948417544364929,-0.09407371282577515,0.4424934387207031,0.555302083492279,-0.1271117478609085,0.4753914475440979,0.5875192284584045,-0.13791285455226898,0.49559757113456726,0.6010937094688416,-0.1401912271976471,0.38057994842529297,0.5396001935005188,-0.08704392611980438,0.43393078446388245,0.6122668385505676,-0.11515648663043976,0.4687975347042084,0.627408504486084,-0.10748519003391266,0.4789806008338928,0.6176347732543945,-0.09758278727531433,0.3612566590309143,0.5825383067131042,-0.07900715619325638,0.4128892719745636,0.6501041650772095,-0.10059405863285065,0.44694170355796814,0.6578622460365295,-0.08649912476539612,0.45672735571861267,0.6408986449241638,-0.0703388974070549,0.3497856855392456,0.6181784272193909,-0.07253643870353699,0.39010295271873474,0.6860615015029907,-0.08866377919912338,0.4208667576313019,0.6937466263771057,-0.0832679495215416,0.4355446696281433,0.6783161163330078,-0.07406400144100189,Right,0.9949800372123718
4567,63,0,0.747166097164154,0.5386590957641602,4.4730637682732777e-07,0.6854538917541504,0.49301061034202576,-0.02167588844895363,0.6171725988388062,0.5028613805770874,-0.04081638157367706,0.5690996646881104,0.5459383130073547,-0.05140324681997299,0.5327815413475037,0.5789390206336975,-0.06264299154281616,0.6482292413711548,0.5078928470611572,-0.09509069472551346,0.588782548904419,0.5680795907974243,-0.12698394060134888,0.5468451976776123,0.5907968282699585,-0.13665926456451416,0.5146937966346741,0.5993017554283142,-0.1381327509880066,0.6715645790100098,0.5653749108314514,-0.09258957952260971,0.597711443901062,0.633040189743042,-0.11953502893447876,0.5505790710449219,0.6440917253494263,-0.11817604303359985,0.5291944742202759,0.631072461605072,-0.11488745361566544,0.6891934871673584,0.6162398457527161,-0.08760200440883636,0.6177796125411987,0.6827392578125,-0.10792524367570877,0.5791921615600586,0.6846232414245605,-0.1052486002445221,0.5648377537727356,0.6622657775878906,-0.10010815411806107,0.702627956867218,0.6569666266441345,-0.08288348466157913,0.6428308486938477,0.7121474742889404,-0.09860149770975113,0.6094077825546265,0.7118074893951416,-0.10003297030925751,0.5937117338180542,0.6933423280715942,-0.09781428426504135,Left,0.9994845390319824
4567,63,1,0.360914409160614,0.5036100149154663,1.0916536297145285e-07,0.41106587648391724,0.4804396331310272,-0.026640163734555244,0.4632062315940857,0.49219653010368347,-0.04812469705939293,0.4901450574398041,0.5316046476364136,-0.06142694130539894,0.49938568472862244,0.5774950385093689,-0.07235993444919586,0.4095853269100189,0.48918819427490234,-0.09197339415550232,0.44106268882751465,0.5478904247283936,-0.12492044270038605,0.47418224811553955,0.579430878162384,-0.13550525903701782,0.4926721453666687,0.5906673073768616,-0.13738027215003967,0.38061100244522095,0.5341061353683472,-0.08582162111997604,0.4316605031490326,0.6048362851142883,-0.11376656591892242,0.4681941270828247,0.6202216148376465,-0.10637612640857697,0.47830384969711304,0.6088520288467407,-0.09682676196098328,0.3617953658103943,0.5772297382354736,-0.0788891464471817,0.41051602363586426,0.6454919576644897,-0.10167908668518066,0.4463746249675751,0.6531615853309631,-0.08895940333604813,0.4568466246128082,0.6351308822631836,-0.07353363931179047,0.3511263132095337,0.6136752367019653,-0.07326030731201172,0.39022430777549744,0.6803193688392639,-0.09135282039642334,0.42141658067703247,0.6873522996902466,-0.08744704723358154,0.436361700296402,0.6707567572593689,-0.07902417331933975,Right,0.9944767951965332
4640,64,0,0.747490406036377,0.5410864949226379,5.01926876950165e-07,0.6840767860412598,0.49407780170440674,-0.022520221769809723,0.6140660047531128,0.5008736252784729,-0.04015808552503586,0.5688385963439941,0.5450026392936707,-0.04837634041905403,0.5372989773750305,0.5805218815803528,-0.056878462433815,0.6508722305297852,0.5205627679824829,-0.09565670788288116,0.5872624516487122,0.5829334855079651,-0.12644647061824799,0.5443521738052368,0.5985811948776245,-0.13490398228168488,0.5110999345779419,0.6004582643508911,-0.13514147698879242,0.6738334894180298,0.5775513648986816,-0.09156180918216705,0.5936996936798096,0.642521858215332,-0.11646347492933273,0.5451346635818481,0.6455661058425903,-0.11279520392417908,0.523606538772583,0.627174973487854,-0.10729027539491653,0.6911545395851135,0.625056266784668,-0.0850442573428154,0.618486762046814,0.6921204328536987,-0.10237734019756317,0.5794501304626465,0.6896567344665527,-0.09773624688386917,0.5642737746238708,0.6642811894416809,-0.09104272723197937,0.7029831409454346,0.6590946912765503,-0.07910177856683731,0.6423047184944153,0.7129757404327393,-0.09053482860326767,0.6070861220359802,0.7098220586776733,-0.08956591039896011,0.5904027223587036,0.6897076368331909,-0.08595190942287445,Left,0.9994372129440308
4640,64,1,0.370863676071167,0.509234607219696,1.474671762480284e-07,0.4214187562465668,0.4873484969139099,-0.027955593541264534,0.4721400737762451,0.49719810485839844,-0.051210667937994,0.4985533356666565,0.5398916006088257,-0.06577695161104202,0.5018726587295532,0.5880323052406311,-0.07796279340982437,0.41172125935554504,0.4826846718788147,-0.0938025712966919,0.44395163655281067,0.5463645458221436,-0.12692834436893463,0.4762030839920044,0.5793473720550537,-0.1392073929309845,0.49488914012908936,0.5942021012306213,-0.14310671389102936,0.3796378970146179,0.5276406407356262,-0.08691799640655518,0.43164199590682983,0.6056979298591614,-0.11646881699562073,0.4672672748565674,0.6173220872879028,-0.11065484583377838,0.47754332423210144,0.6058861613273621,-0.10253491997718811,0.36143654584884644,0.5732883810997009,-0.07898414880037308,0.41249313950538635,0.6448385715484619,-0.10042116045951843,0.44751954078674316,0.6473625898361206,-0.08670049905776978,0.4568437337875366,0.6283246278762817,-0.07168273627758026,0.3528728485107422,0.6128854155540466,-0.0728079304099083,0.39295855164527893,0.6796961426734924,-0.08812159299850464,0.42325374484062195,0.6819494366645813,-0.08273932337760925,0.43618348240852356,0.6636475324630737,-0.07465673238039017,Right,0.9929679036140442
4713,65,0,0.7481482028961182,0.5446624159812927,6.160138923405611e-07,0.6902051568031311,0.4926620125770569,-0.025963960215449333,0.6230058073997498,0.495120644569397,-0.04572388157248497,0.5804235339164734,0.5392425656318665,-0.054713692516088486,0.5511842966079712,0.5773021578788757,-0.06365920603275299,0.6582551598548889,0.5288270711898804,-0.1009402722120285,0.5917538404464722,0.5913292765617371,-0.12985855340957642,0.546877384185791,0.6038861274719238,-0.13564138114452362,0.5120196342468262,0.6044158339500427,-0.13406191766262054,0.6776779294013977,0.5911862850189209,-0.09319749474525452,0.5907737016677856,0.6482245922088623,-0.11823209375143051,0.5416099429130554,0.6453169584274292,-0.11392726749181747,0.5182743668556213,0.6258779764175415,-0.10771480947732925,0.6892653703689575,0.6398512721061707,-0.08241456747055054,0.6096898913383484,0.6972871422767639,-0.09932654350996017,0.5712089538574219,0.687505304813385,-0.09492213279008865,0.5546208620071411,0.6625555753707886,-0.08897069096565247,0.6958040595054626,0.671022891998291,-0.0721750259399414,0.6310039758682251,0.7100462913513184,-0.08283806592226028,0.5988223552703857,0.6977072358131409,-0.08123692870140076,0.5841084718704224,0.6759461164474487,-0.07776562124490738,Left,0.9979701638221741
4713,65,1,0.36970916390419006,0.5034174919128418,1.0054275634274745e-07,0.41911599040031433,0.4820480942726135,-0.027619529515504837,0.4691027104854584,0.49115675687789917,-0.05095677450299263,0.49463820457458496,0.5304735898971558,-0.06563790142536163,0.49809786677360535,0.5783563256263733,-0.07816516607999802,0.41074201464653015,0.48255422711372375,-0.09736562520265579,0.44700101017951965,0.5478185415267944,-0.13036802411079407,0.47886765003204346,0.5814398527145386,-0.1407385766506195,0.4985853433609009,0.5952810645103455,-0.14280548691749573,0.3797210156917572,0.5268407464027405,-0.09015674889087677,0.43249279260635376,0.6021701693534851,-0.11740829795598984,0.4658997654914856,0.6163960695266724,-0.10870440304279327,0.47671276330947876,0.6076399087905884,-0.09875398874282837,0.3607628643512726,0.5707300901412964,-0.08170898258686066,0.41175320744514465,0.6388344168663025,-0.10224811732769012,0.44282659888267517,0.6437146663665771,-0.08612000197172165,0.4515584409236908,0.6278460025787354,-0.0694444477558136,0.3513737916946411,0.6079701781272888,-0.07487807422876358,0.38912999629974365,0.6735081076622009,-0.0910060852766037,0.41762906312942505,0.6782097816467285,-0.08486241102218628,0.4312916398048401,0.6627702116966248,-0.07563148438930511,Right,0.9914255738258362
4788,66,0,0.7474563121795654,0.546791136264801,6.422359319913085e-07,0.6915959119796753,0.4969380795955658,-0.026906494051218033,0.6244899034500122,0.49686551094055176,-0.047197695821523666,0.58004230260849,0.5379090905189514,-0.0570247508585453,0.5511622428894043,0.575352132320404,-0.06634277105331421,0.6568241715431213,0.5276467800140381,-0.10252786427736282,0.5895884037017822,0.5945821404457092,-0.13231153786182404,0.5432955026626587,0.605292022228241,-0.13785651326179504,0.5089308023452759,0.6027635335922241,-0.13559916615486145,0.6745061874389648,0.5900247097015381,-0.09400428086519241,0.5879050493240356,0.6477882862091064,-0.1216445192694664,0.5375011563301086,0.6458044052124023,-0.11851856857538223,0.5143896341323853,0.6263808012008667,-0.11248324066400528,0.6841431260108948,0.6391664147377014,-0.0824202373623848,0.6031410694122314,0.6940380334854126,-0.10138478130102158,0.5650432705879211,0.6806783080101013,-0.09869497269392014,0.5511042475700378,0.6530484557151794,-0.09329263120889664,0.6885412335395813,0.6727606654167175,-0.07138590514659882,0.6216673851013184,0.7074349522590637,-0.08448123931884766,0.5890659689903259,0.6931538581848145,-0.0854206308722496,0.5739963054656982,0.6703909039497375,-0.08313430845737457,Left,0.9976007342338562
4788,66,1,0.36709946393966675,0.5047203898429871,-9.433869685437912e-09,0.4178749620914459,0.48276475071907043,-0.02722991071641445,0.46877217292785645,0.49417024850845337,-0.04909215122461319,0.49508464336395264,0.5378053784370422,-0.06260459125041962,0.4981330335140228,0.5868714451789856,-0.07409186661243439,0.4078501760959625,0.48831653594970703,-0.09038441628217697,0.442146897315979,0.5518937706947327,-0.12143678218126297,0.4762241840362549,0.5804188251495361,-0.13126114010810852,0.49886462092399597,0.5911588072776794,-0.13334548473358154,0.37790459394454956,0.5331803560256958,-0.0831349790096283,0.42741450667381287,0.6062332987785339,-0.10773666203022003,0.4631192088127136,0.6153727173805237,-0.09931297600269318,0.4755263924598694,0.6058112978935242,-0.09043051302433014,0.3606484830379486,0.5772706866264343,-0.07513637840747833,0.40886133909225464,0.6438503265380859,-0.09413433074951172,0.4428326487541199,0.6441839337348938,-0.08005329966545105,0.45302513241767883,0.6266393065452576,-0.06549977511167526,0.352592408657074,0.6145013570785522,-0.06870207190513611,0.3915875554084778,0.6767909526824951,-0.08247066289186478,0.4208506941795349,0.6763090491294861,-0.07634083181619644,0.43355047702789307,0.6574227213859558,-0.06810683012008667,Right,0.9906780123710632
4862,67,0,0.7483789920806885,0.5453463196754456,5.744876148128242e-07,0.687659740447998,0.4968613386154175,-0.021698884665966034,0.618676483631134,0.4994960129261017,-0.038885485380887985,0.5767195224761963,0.5448018908500671,-0.04724179580807686,0.5527053475379944,0.585518479347229,-0.05590284243226051,0.6493409872055054,0.5285471081733704,-0.09218120574951172,0.5854578614234924,0.5908631682395935,-0.11990512162446976,0.5419760942459106,0.6028375029563904,-0.12537911534309387,0.5086972713470459,0.6029735207557678,-0.12357041984796524,0.6680782437324524,0.5897223353385925,-0.08658105880022049,0.5870932340621948,0.6468933820724487,-0.11256592720746994,0.5386266708374023,0.6457198858261108,-0.10914312303066254,0.5151057839393616,0.6273654699325562,-0.10274652391672134,0.6807011961936951,0.6379247903823853,-0.07794947922229767,0.6058903336524963,0.6955267190933228,-0.09503162652254105,0.567861020565033,0.6855994462966919,-0.09110254049301147,0.5519611239433289,0.6590093374252319,-0.08476430177688599,0.6890099048614502,0.6701552271842957,-0.0697297751903534,0.6249030828475952,0.7106345295906067,-0.07987869530916214,0.5925805568695068,0.6987050771713257,-0.07837434113025665,0.5776421427726746,0.6756056547164917,-0.07451097667217255,Left,0.9977221488952637
4862,67,1,0.35544726252555847,0.5070112347602844,-1.2715828745513136e-07,0.4029407799243927,0.471731036901474,-0.032948870211839676,0.45669057965278625,0.4850102663040161,-0.05543965846300125,0.485623836517334,0.5338088274002075,-0.0674842968583107,0.4933929443359375,0.5842751860618591,-0.0767931342124939,0.397693395614624,0.506759524345398,-0.09653139859437943,0.4355650842189789,0.5675147175788879,-0.12694193422794342,0.4723471701145172,0.5898848176002502,-0.13562630116939545,0.4989904761314392,0.5993492007255554,-0.1377454549074173,0.374394953250885,0.5593759417533875,-0.08558313548564911,0.4349862039089203,0.6265513896942139,-0.10912024974822998,0.46772220730781555,0.6223831176757812,-0.09895846992731094,0.4756764769554138,0.6089637279510498,-0.08902431279420853,0.3622220456600189,0.6051003932952881,-0.07397853583097458,0.41817450523376465,0.6688898205757141,-0.09222506731748581,0.44968676567077637,0.6584112048149109,-0.07636291533708572,0.4567480683326721,0.6395704746246338,-0.06105343624949455,0.35734012722969055,0.6383594870567322,-0.06431132555007935,0.4018124043941498,0.6992632746696472,-0.07838273793458939,0.42926493287086487,0.6907225847244263,-0.07186751067638397,0.4389112591743469,0.6690055727958679,-0.06341546028852463,Right,0.9896500706672668
4936,68,0,0.7481333017349243,0.5463703274726868,5.395961011345207e-07,0.6884889602661133,0.4955560863018036,-0.02000628598034382,0.6178043484687805,0.4949880540370941,-0.03517527878284454,0.5739275217056274,0.5387523770332336,-0.041783109307289124,0.5477491617202759,0.5784421563148499,-0.048570554703474045,0.6464579105377197,0.5251584053039551,-0.08552181720733643,0.5813255906105042,0.5883011221885681,-0.11063843965530396,0.5390381217002869,0.5996752381324768,-0.11521241068840027,0.5068933963775635,0.5985251069068909,-0.11293523758649826,0.6656569838523865,0.5872066020965576,-0.07990378886461258,0.5822107195854187,0.6448982357978821,-0.10191585123538971,0.5360801219940186,0.6433772444725037,-0.09777592867612839,0.5149734616279602,0.6244368553161621,-0.09134730696678162,0.6785774827003479,0.6357852220535278,-0.07128909230232239,0.6015631556510925,0.6927781701087952,-0.08509364724159241,0.5657962560653687,0.6832288503646851,-0.08029556274414062,0.551908016204834,0.6570852398872375,-0.07391810417175293,0.6870877742767334,0.6688709855079651,-0.0630577877163887,0.6219135522842407,0.7073880434036255,-0.07101348042488098,0.5902167558670044,0.697032630443573,-0.06844642758369446,0.5752549171447754,0.6760751008987427,-0.06405371427536011,Left,0.997631311416626
4936,68,1,0.3623287081718445,0.504611611366272,-1.853974822552118e-07,0.4084736704826355,0.4765476882457733,-0.026196151971817017,0.46015140414237976,0.4853980243206024,-0.04614647477865219,0.4869316816329956,0.5257483124732971,-0.05838179588317871,0.49166542291641235,0.5720687508583069,-0.06791150569915771,0.40494778752326965,0.5017849206924438,-0.0824744924902916,0.43776217103004456,0.5597663521766663,-0.10866673290729523,0.47276195883750916,0.5798860788345337,-0.11353479325771332,0.49552297592163086,0.5852593183517456,-0.11269066482782364,0.37954309582710266,0.5514804720878601,-0.07552145421504974,0.43546080589294434,0.6141043305397034,-0.097261942923069,0.46954014897346497,0.6149658560752869,-0.08712481707334518,0.477291077375412,0.603303849697113,-0.07725879549980164,0.36473387479782104,0.5936486124992371,-0.06813766807317734,0.41578614711761475,0.65477055311203,-0.08646781742572784,0.4490143656730652,0.6520463824272156,-0.07305018603801727,0.4575183391571045,0.63838130235672,-0.059171006083488464,0.3576739728450775,0.6242810487747192,-0.062019847333431244,0.3975984454154968,0.6881841421127319,-0.0752016007900238,0.42577990889549255,0.6858859062194824,-0.0692780613899231,0.43643462657928467,0.6681379079818726,-0.0614565871655941,Right,0.9944350719451904
5010,69,0,0.7465078830718994,0.5425430536270142,4.970174813934136e-07,0.6869803667068481,0.4920397996902466,-0.018227960914373398,0.6215219497680664,0.4907037019729614,-0.03284575417637825,0.5807352662086487,0.5324450135231018,-0.039655670523643494,0.5568459630012512,0.5723947286605835,-0.04666227847337723,0.6468228697776794,0.522350013256073,-0.08189619332551956,0.583583414554596,0.5860403776168823,-0.1061588004231453,0.5410575270652771,0.6023334264755249,-0.11086681485176086,0.5080039501190186,0.6059123873710632,-0.10916352272033691,0.6655318140983582,0.5825817584991455,-0.07770772278308868,0.5848476886749268,0.6429041028022766,-0.09953580051660538,0.5385376811027527,0.6423555612564087,-0.09547419846057892,0.51700359582901,0.6233639121055603,-0.08907472342252731,0.6783871650695801,0.6295337677001953,-0.0705903023481369,0.6032278537750244,0.6899945735931396,-0.08478150516748428,0.5652396082878113,0.682287335395813,-0.07999666780233383,0.5485597252845764,0.6560477018356323,-0.07336430251598358,0.6866640448570251,0.6610970497131348,-0.06378953158855438,0.6226645112037659,0.7039183974266052,-0.07223210483789444,0.589938223361969,0.6950664520263672,-0.06959996372461319,0.5738390684127808,0.6737798452377319,-0.06495723873376846,Left,0.9967940449714661
5010,69,1,0.3679860234260559,0.5101423859596252,-1.853364324233553e-07,0.41473183035850525,0.4777922034263611,-0.022839389741420746,0.4660530090332031,0.47908785939216614,-0.039330046623945236,0.49613621830940247,0.5153504014015198,-0.050144050270318985,0.5015561580657959,0.5593538284301758,-0.05710527300834656,0.42940255999565125,0.5269580483436584,-0.06198647618293762,0.47141233086586,0.5750913023948669,-0.07910216599702835,0.4960241913795471,0.5777167677879333,-0.07631172239780426,0.5041811466217041,0.5655845999717712,-0.07054123282432556,0.4071284234523773,0.5729289054870605,-0.05652611330151558,0.4612768590450287,0.6279418468475342,-0.07447841763496399,0.4864395260810852,0.6230306625366211,-0.06691689044237137,0.4883340895175934,0.6056089401245117,-0.058724090456962585,0.3909372091293335,0.6089610457420349,-0.05093389376997948,0.4391254484653473,0.6678034067153931,-0.0674733817577362,0.4676204323768616,0.6625837087631226,-0.059078529477119446,0.4746454656124115,0.6460192203521729,-0.04915005341172218,0.37860700488090515,0.6328706741333008,-0.04632051661610603,0.41632261872291565,0.691796064376831,-0.05985591933131218,0.44350287318229675,0.6924769878387451,-0.05807148292660713,0.4557883143424988,0.6767144203186035,-0.053210411220788956,Right,0.9910283088684082
5081,70,0,0.7422018647193909,0.5460687875747681,4.518064429248625e-07,0.677918553352356,0.49766260385513306,-0.015402323566377163,0.6117647886276245,0.5022988319396973,-0.027391912415623665,0.5727413296699524,0.549504280090332,-0.032677777111530304,0.5512198209762573,0.5897152423858643,-0.03845828026533127,0.6405408978462219,0.5314688682556152,-0.0700465515255928,0.5835869312286377,0.6024394631385803,-0.0915883257985115,0.5433524250984192,0.6216959953308105,-0.09604153037071228,0.5121060609817505,0.6266252398490906,-0.09467744082212448,0.6610240936279297,0.5904585719108582,-0.06712204962968826,0.5878901481628418,0.6589997410774231,-0.08510319888591766,0.5454856157302856,0.6643770933151245,-0.0812012255191803,0.5257208943367004,0.649476170539856,-0.07571177929639816,0.6766279935836792,0.6367223262786865,-0.061819154769182205,0.608990490436554,0.7021747827529907,-0.07367595285177231,0.5729497075080872,0.6987787485122681,-0.06955897063016891,0.5562423467636108,0.6752471327781677,-0.06412098556756973,0.6877065896987915,0.6693485975265503,-0.05681496486067772,0.6301729083061218,0.7158908843994141,-0.06498824805021286,0.599952220916748,0.7122441530227661,-0.06355827301740646,0.5831690430641174,0.6956007480621338,-0.0601385235786438,Left,0.9973338842391968
5081,70,1,0.367088258266449,0.5083953738212585,5.192752539073808e-08,0.42041993141174316,0.4821195900440216,-0.019309138879179955,0.47688329219818115,0.4808889627456665,-0.0357791893184185,0.5083997249603271,0.5191347599029541,-0.04659032076597214,0.5031543374061584,0.5636367797851562,-0.05522656813263893,0.4308772683143616,0.5171130299568176,-0.061483584344387054,0.45506834983825684,0.5615799427032471,-0.08427011221647263,0.484738290309906,0.58530193567276,-0.09176777303218842,0.5041923522949219,0.5956925749778748,-0.09406982362270355,0.40613019466400146,0.5652881264686584,-0.05888650566339493,0.45625171065330505,0.6289246082305908,-0.0803254172205925,0.48986199498176575,0.6395837068557739,-0.07625706493854523,0.5023190379142761,0.6297515630722046,-0.069548100233078,0.38979995250701904,0.6043763160705566,-0.05557233467698097,0.43536847829818726,0.665948748588562,-0.07329089939594269,0.47029200196266174,0.6699994206428528,-0.06531119346618652,0.48542192578315735,0.653411865234375,-0.05400043725967407,0.3791525065898895,0.6299192309379578,-0.05320447310805321,0.41445744037628174,0.6910147666931152,-0.06578905880451202,0.4436201751232147,0.6994556188583374,-0.06268341094255447,0.46057137846946716,0.6872117519378662,-0.05610163137316704,Right,0.9961976408958435
5157,71,0,0.7389194965362549,0.5487447381019592,4.4914352770319965e-07,0.6759101748466492,0.49843403697013855,-0.013521690852940083,0.607631266117096,0.5046332478523254,-0.024315956979990005,0.56317138671875,0.5496991872787476,-0.028852084651589394,0.5246427655220032,0.5726271867752075,-0.03383179381489754,0.6377785801887512,0.5362269878387451,-0.06545346975326538,0.5791057348251343,0.6073629260063171,-0.08281329274177551,0.5383882522583008,0.6271008253097534,-0.08379603177309036,0.5079120993614197,0.6340067386627197,-0.08058076351881027,0.6575379371643066,0.5938087701797485,-0.06198067590594292,0.5839470624923706,0.6551491022109985,-0.07763292640447617,0.5415692925453186,0.6562004089355469,-0.07204797118902206,0.5223877429962158,0.639592707157135,-0.06554295867681503,0.6722769737243652,0.6392861604690552,-0.055832915008068085,0.6023362278938293,0.6963598132133484,-0.06443905085325241,0.5652150511741638,0.6921287178993225,-0.058631349354982376,0.5473780035972595,0.6711429357528687,-0.05305103585124016,0.6836764216423035,0.6739034652709961,-0.049709297716617584,0.6261865496635437,0.7192866206169128,-0.05511222034692764,0.5956801176071167,0.716460108757019,-0.052259232848882675,0.5781007409095764,0.7019567489624023,-0.0484076552093029,Left,0.9968153834342957
5157,71,1,0.35863009095191956,0.5060147047042847,2.1961946572446323e-07,0.4158185124397278,0.48255693912506104,-0.026052357628941536,0.47066551446914673,0.49287083745002747,-0.047310926020145416,0.4948465824127197,0.5382323861122131,-0.061050254851579666,0.4919039309024811,0.5830790996551514,-0.07279777526855469,0.4267371594905853,0.5243152976036072,-0.08098488301038742,0.4517673850059509,0.5779600143432617,-0.1104644164443016,0.48276278376579285,0.6087286472320557,-0.12321850657463074,0.5038647055625916,0.6220549941062927,-0.12840203940868378,0.3982164263725281,0.569445013999939,-0.07543795555830002,0.44314631819725037,0.641312301158905,-0.09943634271621704,0.48053017258644104,0.6646320223808289,-0.09683720022439957,0.4981314539909363,0.6628387570381165,-0.09232301265001297,0.3779871165752411,0.6051042675971985,-0.06891477108001709,0.41569361090660095,0.675195038318634,-0.08863581717014313,0.45281746983528137,0.6879858374595642,-0.08206238597631454,0.4709385633468628,0.6744613647460938,-0.07259230315685272,0.3646182119846344,0.6276717185974121,-0.06364122778177261,0.3948422372341156,0.6981459856033325,-0.07977249473333359,0.4256592094898224,0.7102730870246887,-0.07820664346218109,0.4448460638523102,0.6974202394485474,-0.07262007892131805,Right,0.993588387966156
5232,72,0,0.7411863803863525,0.555121123790741,5.298164182931941e-07,0.6819764971733093,0.5032606720924377,-0.019369367510080338,0.6176437139511108,0.5078343749046326,-0.030597377568483353,0.5753639936447144,0.5513008832931519,-0.03514432534575462,0.5377057790756226,0.5714178085327148,-0.0390281081199646,0.6474897861480713,0.5803729891777039,-0.05607912689447403,0.588891327381134,0.6335499882698059,-0.0708857923746109,0.5505885481834412,0.6356524229049683,-0.0720396637916565,0.5254004597663879,0.6243860721588135,-0.06889959424734116,0.6659523844718933,0.6331333518028259,-0.04785408824682236,0.5889752507209778,0.6791790723800659,-0.05993450805544853,0.5489304661750793,0.6650899052619934,-0.056592218577861786,0.5346429347991943,0.638443648815155,-0.05171353742480278,0.6780892014503479,0.6670839786529541,-0.037992123514413834,0.6069540977478027,0.7139224410057068,-0.04533737525343895,0.5735700130462646,0.6925073862075806,-0.04340789094567299,0.5633819103240967,0.6609423756599426,-0.040170952677726746,0.6856442093849182,0.6867796778678894,-0.028666116297245026,0.6270376443862915,0.7235113978385925,-0.034809719771146774,0.5986459851264954,0.7081362009048462,-0.034930720925331116,0.5869037508964539,0.6835159659385681,-0.0327405110001564,Left,0.9898085594177246
5232,72,1,0.34837815165519714,0.49984997510910034,1.4349657817547268e-07,0.4050567150115967,0.4817308187484741,-0.02656157687306404,0.45550575852394104,0.4980242848396301,-0.0463288240134716,0.48219770193099976,0.5431656241416931,-0.05880085751414299,0.4935306906700134,0.5888018608093262,-0.06938337534666061,0.41021957993507385,0.5142040252685547,-0.076291024684906,0.433836430311203,0.5676094889640808,-0.10382749885320663,0.4671857953071594,0.5992206931114197,-0.11657710373401642,0.4947618544101715,0.619996964931488,-0.12294002622365952,0.3801860809326172,0.5557287931442261,-0.07044168561697006,0.42124611139297485,0.6301431655883789,-0.09143856167793274,0.4640443027019501,0.6566556692123413,-0.09128564596176147,0.4936544895172119,0.6672870516777039,-0.09132436662912369,0.36075496673583984,0.5923495292663574,-0.06385736167430878,0.3970154821872711,0.6658426523208618,-0.08098596334457397,0.4382275342941284,0.6783484816551208,-0.07714932411909103,0.464376300573349,0.6718653440475464,-0.07215458154678345,0.34983396530151367,0.6170117259025574,-0.058735061436891556,0.38081952929496765,0.6851508617401123,-0.07220448553562164,0.41417327523231506,0.6956440806388855,-0.0712803304195404,0.4381677806377411,0.685174822807312,-0.06849706918001175,Right,0.9944586753845215
5306,73,0,0.7557286024093628,0.5535368919372559,5.839428922627121e-07,0.6986857652664185,0.5009267926216125,-0.031892579048871994,0.6366593837738037,0.5070798397064209,-0.05045931041240692,0.593672513961792,0.549115777015686,-0.05999547988176346,0.5523890256881714,0.564192533493042,-0.06722165644168854,0.6687931418418884,0.5943132042884827,-0.0658879205584526,0.6096799373626709,0.6398637294769287,-0.08257811516523361,0.5683817863464355,0.642133355140686,-0.08473099023103714,0.5402927398681641,0.6335495710372925,-0.08336871862411499,0.6842706799507141,0.6478056311607361,-0.052580222487449646,0.6036290526390076,0.687010645866394,-0.06668799370527267,0.5637460947036743,0.6676231622695923,-0.06381577253341675,0.5471136569976807,0.6407598257064819,-0.05990544334053993,0.6933018565177917,0.6788024306297302,-0.038537126034498215,0.6159318089485168,0.7206507325172424,-0.049662768840789795,0.5835208892822266,0.6904647350311279,-0.046806808561086655,0.5736961364746094,0.6577097773551941,-0.04335371032357216,0.6981947422027588,0.6930831670761108,-0.0260289516299963,0.6373496651649475,0.7196186780929565,-0.036894578486680984,0.6083649396896362,0.6976158022880554,-0.038162097334861755,0.5962177515029907,0.6733316779136658,-0.03676911070942879,Left,0.9828681945800781
5306,73,1,0.3529570698738098,0.50564044713974,2.059779831142805e-07,0.4030003845691681,0.49222418665885925,-0.02779318578541279,0.4463014602661133,0.5097259283065796,-0.05097771808505058,0.47020408511161804,0.5505991578102112,-0.06561443954706192,0.4786399006843567,0.5941980481147766,-0.07845079898834229,0.3918900191783905,0.4752446413040161,-0.09654109925031662,0.42289185523986816,0.541500449180603,-0.12828345596790314,0.45462337136268616,0.5871433019638062,-0.14097340404987335,0.47723811864852905,0.6170462965965271,-0.14634975790977478,0.3548903167247772,0.5111114978790283,-0.09121990203857422,0.3963485062122345,0.596524715423584,-0.11831832677125931,0.4389627277851105,0.6349908113479614,-0.11794236302375793,0.4659101366996765,0.6490597724914551,-0.1169503852725029,0.3330399990081787,0.5519914031028748,-0.08389392495155334,0.37209469079971313,0.6310836672782898,-0.10505567491054535,0.41288524866104126,0.6568770408630371,-0.09923887997865677,0.4370058476924896,0.654704213142395,-0.09207342565059662,0.3241172134876251,0.5887096524238586,-0.07777101546525955,0.35769861936569214,0.6583077907562256,-0.09327184408903122,0.3901708126068115,0.674151599407196,-0.09077374637126923,0.4122891128063202,0.6654306650161743,-0.08653318136930466,Right,0.995730459690094
5380,74,0,0.7632209658622742,0.554718017578125,6.124453193478985e-07,0.7117025852203369,0.4962664246559143,-0.0457235723733902,0.6479681730270386,0.4968932867050171,-0.07280583679676056,0.6027249097824097,0.5406382083892822,-0.08717425912618637,0.5572061538696289,0.5612499713897705,-0.09846704453229904,0.6817715764045715,0.5808351039886475,-0.09296510368585587,0.6202259659767151,0.6378006339073181,-0.11640956997871399,0.5720621347427368,0.6450096964836121,-0.11985103040933609,0.5389507412910461,0.6363933086395264,-0.11831066012382507,0.692589521408081,0.6410714983940125,-0.07333371788263321,0.6056607961654663,0.6868835687637329,-0.09396911412477493,0.5643393397331238,0.6639833450317383,-0.09106339514255524,0.5488246083259583,0.6314955353736877,-0.08582285791635513,0.6935220956802368,0.6763067245483398,-0.05286894738674164,0.6133376955986023,0.7206246852874756,-0.06783028692007065,0.5784379839897156,0.6903175115585327,-0.06506539136171341,0.5673816204071045,0.6547176837921143,-0.06130127236247063,0.6908414363861084,0.6928942203521729,-0.034965794533491135,0.6305945515632629,0.7180532813072205,-0.04983476921916008,0.5979920029640198,0.6962906122207642,-0.05395199730992317,0.5816392302513123,0.670497477054596,-0.05402621999382973,Left,0.993370771408081
5380,74,1,0.3821631669998169,0.5331183075904846,4.247040408245084e-07,0.4219893217086792,0.5200979113578796,-0.02449643425643444,0.4506324827671051,0.5253925323486328,-0.04726660996675491,0.47029876708984375,0.560459315776825,-0.06310979276895523,0.4875117838382721,0.5951218605041504,-0.07736245542764664,0.39802584052085876,0.45453181862831116,-0.0881495252251625,0.43112680315971375,0.5077775716781616,-0.12048079818487167,0.45854610204696655,0.561859130859375,-0.13706932961940765,0.47414812445640564,0.6010366082191467,-0.14525334537029266,0.35773611068725586,0.47915220260620117,-0.08667034655809402,0.4032420516014099,0.5543397665023804,-0.11593665182590485,0.43886563181877136,0.6039161682128906,-0.11963707208633423,0.45693281292915344,0.6294342875480652,-0.12244349718093872,0.33195173740386963,0.5186795592308044,-0.08313007652759552,0.37437403202056885,0.5984340310096741,-0.10834253579378128,0.40754759311676025,0.6222308278083801,-0.10212739557027817,0.4226129651069641,0.6145865321159363,-0.09456520527601242,0.3176230192184448,0.5607887506484985,-0.08068077266216278,0.3518361449241638,0.625786542892456,-0.09665687382221222,0.3802163004875183,0.6391457319259644,-0.09158944338560104,0.3961502015590668,0.6278743147850037,-0.08608554303646088,Right,0.9955465793609619
5455,75,0,0.7535317540168762,0.5531741380691528,6.037024036231742e-07,0.7011686563491821,0.49763625860214233,-0.04710862785577774,0.6401771306991577,0.5054053664207458,-0.07091084122657776,0.5942580103874207,0.5504004955291748,-0.081779845058918,0.5497481822967529,0.5735986232757568,-0.08910396695137024,0.6722241640090942,0.5992060899734497,-0.08567116409540176,0.6101985573768616,0.6548217535018921,-0.10596359521150589,0.5638488531112671,0.6575453877449036,-0.1088842898607254,0.5320018529891968,0.6485050916671753,-0.10745695978403091,0.6819608807563782,0.6537162065505981,-0.06383046507835388,0.6002247333526611,0.6974231004714966,-0.08077766001224518,0.5593597888946533,0.6744879484176636,-0.07759923487901688,0.5420454144477844,0.6447800993919373,-0.07291331142187119,0.6821486353874207,0.6831464171409607,-0.04192376881837845,0.6081532835960388,0.7238718271255493,-0.05425390601158142,0.5733574032783508,0.695527970790863,-0.05200555920600891,0.5595834255218506,0.6640406250953674,-0.04893365874886513,0.6773713827133179,0.6955248713493347,-0.023009054362773895,0.6197128891944885,0.7208051681518555,-0.03573112562298775,0.5898755788803101,0.7007279992103577,-0.03948298096656799,0.5745864510536194,0.6770955920219421,-0.03959740698337555,Left,0.9834486246109009
5455,75,1,0.3895803689956665,0.5625970959663391,-2.0981498494165862e-07,0.4284513592720032,0.5512621402740479,-0.03914662450551987,0.45830777287483215,0.5443676710128784,-0.07317321002483368,0.47359907627105713,0.5690946578979492,-0.10267072916030884,0.47981178760528564,0.5961913466453552,-0.13099002838134766,0.4259849190711975,0.44823312759399414,-0.0741204172372818,0.46027982234954834,0.5116260051727295,-0.11886055022478104,0.4751751124858856,0.571575939655304,-0.1431247889995575,0.4848058819770813,0.6134456396102905,-0.15508948266506195,0.3845841586589813,0.4627472758293152,-0.07212293148040771,0.4252737760543823,0.5367304086685181,-0.11434327065944672,0.45087069272994995,0.5955994129180908,-0.12207839637994766,0.4661772847175598,0.6248024702072144,-0.12166152894496918,0.3522762656211853,0.49944207072257996,-0.07331730425357819,0.39274168014526367,0.5705627799034119,-0.10720844566822052,0.41651368141174316,0.6013219952583313,-0.10182785987854004,0.42601919174194336,0.6020346879959106,-0.09292969852685928,0.32763418555259705,0.5431731939315796,-0.07819820940494537,0.3644975423812866,0.6015216112136841,-0.1002899557352066,0.3907218277454376,0.6196570992469788,-0.09686567634344101,0.4011003077030182,0.612429141998291,-0.09032607078552246,Right,0.9967959523200989
5530,76,0,0.7561600208282471,0.5558837056159973,6.162886734273343e-07,0.7008183598518372,0.5013413429260254,-0.048993077129125595,0.6394399404525757,0.5093350410461426,-0.07462167739868164,0.5933000445365906,0.5528625249862671,-0.08699363470077515,0.5473721623420715,0.5749083757400513,-0.09553328901529312,0.6695764064788818,0.608736515045166,-0.08755742758512497,0.6010644435882568,0.6634711027145386,-0.10840101540088654,0.5543276071548462,0.6608482599258423,-0.11094678193330765,0.5236762762069702,0.6459972262382507,-0.10898002237081528,0.6809325814247131,0.6622995734214783,-0.06476006656885147,0.5940881967544556,0.7006679773330688,-0.082554891705513,0.5558205246925354,0.6717832684516907,-0.0793234333395958,0.5411602258682251,0.6390122175216675,-0.07412312924861908,0.6816020011901855,0.6901549696922302,-0.04198619723320007,0.6046983003616333,0.724574625492096,-0.05438164621591568,0.5705990195274353,0.6944418549537659,-0.051505934447050095,0.5576921105384827,0.6623556613922119,-0.0480056069791317,0.677237331867218,0.7003015875816345,-0.022409286350011826,0.6195237636566162,0.7195559144020081,-0.03507167100906372,0.5904109477996826,0.6979408860206604,-0.03845639154314995,0.5763581991195679,0.6736346483230591,-0.03800588101148605,Left,0.9914832711219788
5530,76,1,0.38020506501197815,0.5541404485702515,-6.039638122956603e-08,0.41743558645248413,0.5435470938682556,-0.025937892496585846,0.4514850676059723,0.544646680355072,-0.055821459740400314,0.4777834713459015,0.5694559812545776,-0.08529433608055115,0.49314311146736145,0.6027162075042725,-0.11511114239692688,0.4264630079269409,0.43962904810905457,-0.05346997082233429,0.46676141023635864,0.5075165629386902,-0.09734976291656494,0.48641109466552734,0.5686002969741821,-0.12579496204853058,0.4984438717365265,0.6132769584655762,-0.14013661444187164,0.38818809390068054,0.4598672091960907,-0.059506528079509735,0.4318009614944458,0.5312791466712952,-0.09714466333389282,0.45649436116218567,0.594749391078949,-0.10830985754728317,0.4678351879119873,0.6307224035263062,-0.11191778630018234,0.3561249375343323,0.49885690212249756,-0.06813818216323853,0.3948594927787781,0.5608571767807007,-0.09755327552556992,0.4153982996940613,0.5974959135055542,-0.09470807015895844,0.42250123620033264,0.6086539626121521,-0.08797448128461838,0.3330075740814209,0.5433586835861206,-0.07942607998847961,0.36189690232276917,0.5862250924110413,-0.09252531826496124,0.3851986825466156,0.6068488359451294,-0.08438656479120255,0.3983754813671112,0.6111186742782593,-0.07611119002103806,Right,0.9977951645851135
5605,77,0,0.7559664845466614,0.5574399828910828,5.81514711939235e-07,0.7021420001983643,0.4992358684539795,-0.046375714242458344,0.6382254362106323,0.5021460652351379,-0.07168583571910858,0.5895111560821533,0.5446121692657471,-0.08469002693891525,0.5435519218444824,0.5687292218208313,-0.09390699118375778,0.6662724614143372,0.6043252944946289,-0.08559692651033401,0.5954484939575195,0.655985414981842,-0.10629141330718994,0.5481319427490234,0.6518875360488892,-0.10796357691287994,0.5187360048294067,0.6347623467445374,-0.10547246038913727,0.6763054132461548,0.6598436832427979,-0.06490684300661087,0.5842748284339905,0.6960848569869995,-0.08450943231582642,0.5481088161468506,0.6608591675758362,-0.08149032294750214,0.5375547409057617,0.6246647238731384,-0.07591738551855087,0.6761739253997803,0.6878790855407715,-0.043848730623722076,0.5944150686264038,0.7268027067184448,-0.05809953808784485,0.5613378286361694,0.6900401711463928,-0.054530445486307144,0.5530538558959961,0.652966320514679,-0.05009129270911217,0.6730731725692749,0.6971817016601562,-0.02561669424176216,0.6121593117713928,0.7212305068969727,-0.03957826644182205,0.5808868408203125,0.6966673135757446,-0.04271453246474266,0.567075788974762,0.6693310141563416,-0.04198811203241348,Left,0.990455687046051
5605,77,1,0.3782378137111664,0.5594612956047058,3.024644712468216e-08,0.4162156581878662,0.5430107712745667,-0.024289656430482864,0.4503902196884155,0.541160523891449,-0.05159035697579384,0.4798406958580017,0.5640015006065369,-0.07849445194005966,0.4980124533176422,0.5917651653289795,-0.10550643503665924,0.4283817708492279,0.4426393210887909,-0.04970555379986763,0.467602014541626,0.5066180229187012,-0.09234695136547089,0.4854485094547272,0.5662243366241455,-0.12074589729309082,0.4942977726459503,0.60869961977005,-0.13566911220550537,0.3886188268661499,0.4641413390636444,-0.056584179401397705,0.4310407042503357,0.5329741835594177,-0.09392236173152924,0.4526762366294861,0.5916704535484314,-0.10745760798454285,0.46114200353622437,0.6204135417938232,-0.11380437016487122,0.35490676760673523,0.5021935105323792,-0.06587857007980347,0.39375171065330505,0.5646512508392334,-0.09592591971158981,0.4116708040237427,0.5983763337135315,-0.09511280804872513,0.4156079888343811,0.6047108173370361,-0.09040234982967377,0.32993966341018677,0.5446704030036926,-0.07759533077478409,0.36076533794403076,0.5907592177391052,-0.09085044264793396,0.38222336769104004,0.6108806133270264,-0.08383423089981079,0.3923005759716034,0.6123648881912231,-0.0770111232995987,Right,0.9981237649917603
5679,78,0,0.7598158121109009,0.5489040017127991,5.417997499534977e-07,0.7058312296867371,0.4913884699344635,-0.04238150268793106,0.6418800950050354,0.4902036786079407,-0.06741724908351898,0.5923808217048645,0.5260129570960999,-0.08111866563558578,0.5482117533683777,0.5433608293533325,-0.09120278805494308,0.6631474494934082,0.591144859790802,-0.08528737723827362,0.587760329246521,0.6442455053329468,-0.10549431294202805,0.5410972833633423,0.6444007754325867,-0.105788953602314,0.5151873826980591,0.6284617185592651,-0.10155854374170303,0.6740250587463379,0.6475366950035095,-0.0664517879486084,0.5795814394950867,0.6839612722396851,-0.08535844832658768,0.5427534580230713,0.6529359221458435,-0.08056018501520157,0.5324326753616333,0.6173129081726074,-0.07336487621068954,0.6754248738288879,0.6782010197639465,-0.04684813693165779,0.5900459289550781,0.7201803922653198,-0.060467734932899475,0.5571302771568298,0.6852831840515137,-0.05644116923213005,0.5497303009033203,0.6479074954986572,-0.05143303424119949,0.673580527305603,0.6909491419792175,-0.02960750088095665,0.6090219020843506,0.7225757837295532,-0.04246469959616661,0.5777615308761597,0.7004680633544922,-0.04467090591788292,0.5647574663162231,0.6719833612442017,-0.04322544485330582,Left,0.9836394786834717
5679,78,1,0.37287676334381104,0.5530599355697632,4.766513939102879e-08,0.4111088812351227,0.5369802117347717,-0.025422293692827225,0.44507476687431335,0.5368127226829529,-0.05295524001121521,0.4736272394657135,0.5618714094161987,-0.07943457365036011,0.48978322744369507,0.5886602401733398,-0.1053667739033699,0.4219832122325897,0.4391529858112335,-0.052984416484832764,0.4648755192756653,0.5008810758590698,-0.0954316258430481,0.4820358455181122,0.5637227296829224,-0.12270314246416092,0.4871748983860016,0.6075652837753296,-0.1369284838438034,0.3831219971179962,0.46164247393608093,-0.0588952861726284,0.4257284700870514,0.5274185538291931,-0.09567808359861374,0.44819924235343933,0.5854206085205078,-0.10882283002138138,0.4561389684677124,0.61075758934021,-0.11582744121551514,0.35054081678390503,0.5004306435585022,-0.0669378861784935,0.3902190625667572,0.561409592628479,-0.09625767171382904,0.4086044430732727,0.5958298444747925,-0.0943300873041153,0.4112081527709961,0.6014348864555359,-0.08957651257514954,0.32705485820770264,0.5433810949325562,-0.07744350284337997,0.3586392402648926,0.588275134563446,-0.09009027481079102,0.3804575502872467,0.6081244349479675,-0.0822451040148735,0.3889918327331543,0.6090932488441467,-0.07530108094215393,Right,0.9980980157852173
5756,79,0,0.7683892250061035,0.5421392321586609,5.829168685522745e-07,0.7153074145317078,0.48189330101013184,-0.03832864761352539,0.6519890427589417,0.4757237434387207,-0.06067388877272606,0.6040768027305603,0.5075135231018066,-0.07280084490776062,0.5605699419975281,0.523801863193512,-0.08131475001573563,0.6646963357925415,0.5853160619735718,-0.07758402079343796,0.5854623913764954,0.639494776725769,-0.09920061379671097,0.5368417501449585,0.6405412554740906,-0.10172315686941147,0.5080781579017639,0.6269787549972534,-0.09817934036254883,0.6755802631378174,0.6418015360832214,-0.061056047677993774,0.5805655717849731,0.680692732334137,-0.08095578104257584,0.5377935171127319,0.6576046943664551,-0.07634466886520386,0.5220260620117188,0.6270157694816589,-0.06822191923856735,0.678758442401886,0.672890841960907,-0.04409582540392876,0.5920965075492859,0.713947057723999,-0.057738978415727615,0.5564861297607422,0.6841437816619873,-0.05190204456448555,0.5461466312408447,0.6501480937004089,-0.0442589707672596,0.678686261177063,0.6866309642791748,-0.02946297638118267,0.6109583973884583,0.7201042175292969,-0.0398753322660923,0.5792027711868286,0.7021065950393677,-0.038569848984479904,0.5659576654434204,0.6765530705451965,-0.033681631088256836,Left,0.978741466999054
5756,79,1,0.3691791594028473,0.5476725697517395,1.0468985323086599e-07,0.4086918830871582,0.530555009841919,-0.02615734189748764,0.44314977526664734,0.5339204668998718,-0.05550457164645195,0.46978312730789185,0.5664578080177307,-0.08383288234472275,0.4856395721435547,0.6028225421905518,-0.1123984307050705,0.4174579381942749,0.44042330980300903,-0.057352062314748764,0.46056103706359863,0.505966067314148,-0.10164148360490799,0.47988930344581604,0.5672416687011719,-0.13031257688999176,0.4862387776374817,0.6113615036010742,-0.14523987472057343,0.3778408169746399,0.4657179117202759,-0.06397601217031479,0.4182841181755066,0.5275920033454895,-0.10211047530174255,0.4443928599357605,0.5848118662834167,-0.11450358480215073,0.45428210496902466,0.6143472194671631,-0.12039146572351456,0.3443145453929901,0.5072827935218811,-0.07288208603858948,0.3815477192401886,0.5617675185203552,-0.10329649597406387,0.4039928913116455,0.5930333137512207,-0.10042841732501984,0.4095407724380493,0.6009727716445923,-0.09441357105970383,0.3213731348514557,0.551889955997467,-0.0843094140291214,0.3509787321090698,0.5912963151931763,-0.09772035479545593,0.37304937839508057,0.6060336232185364,-0.08961407095193863,0.38281750679016113,0.6049748659133911,-0.08228951692581177,Right,0.998889148235321
5831,80,0,0.777338981628418,0.541414201259613,5.590111413766863e-07,0.7226742506027222,0.48153239488601685,-0.035577356815338135,0.6544422507286072,0.47388672828674316,-0.05601133778691292,0.6023721694946289,0.5105762481689453,-0.06634435057640076,0.5552622079849243,0.5300771594047546,-0.07370265573263168,0.6731114387512207,0.5685153007507324,-0.07657472789287567,0.5929194688796997,0.6161470413208008,-0.0982857421040535,0.5442430973052979,0.621027946472168,-0.10203345119953156,0.5103655457496643,0.6169148683547974,-0.10084880888462067,0.6815844774246216,0.6289064288139343,-0.0625748559832573,0.5871674418449402,0.6660508513450623,-0.08336344361305237,0.539924144744873,0.651803195476532,-0.08205657452344894,0.5162190198898315,0.6276028752326965,-0.07800319045782089,0.6848777532577515,0.6641840934753418,-0.04772094264626503,0.6004411578178406,0.7011951208114624,-0.06135377287864685,0.5612063407897949,0.6770373582839966,-0.05840448662638664,0.5425147414207458,0.6459996104240417,-0.05420161783695221,0.6855195164680481,0.681429922580719,-0.03501070663332939,0.6191427111625671,0.7137665152549744,-0.0445588156580925,0.5842771530151367,0.6999483704566956,-0.0444963239133358,0.5639859437942505,0.6763986349105835,-0.041993748396635056,Left,0.9794597625732422
5831,80,1,0.36663901805877686,0.5623566508293152,2.1787383275295724e-07,0.4044712483882904,0.5311634540557861,-0.028390949591994286,0.43751659989356995,0.5299320220947266,-0.05963440239429474,0.46566104888916016,0.563448429107666,-0.08921375870704651,0.47922465205192566,0.6046735644340515,-0.1187758594751358,0.3961001932621002,0.4451090693473816,-0.06239482760429382,0.4451221823692322,0.5112737417221069,-0.10752017796039581,0.47108888626098633,0.5684145092964172,-0.13877834379673004,0.4839879870414734,0.6081229448318481,-0.15626057982444763,0.35708919167518616,0.47956785559654236,-0.06731075048446655,0.40279197692871094,0.5500790476799011,-0.10624398291110992,0.4357091188430786,0.5953378081321716,-0.11892227828502655,0.4515760540962219,0.6172839403152466,-0.12598000466823578,0.32896658778190613,0.5265161991119385,-0.07449063658714294,0.37539997696876526,0.5935676097869873,-0.10384689271450043,0.402854859828949,0.6138948202133179,-0.10017456859350204,0.41236236691474915,0.6152611374855042,-0.09454464167356491,0.3146640360355377,0.5714454650878906,-0.08499022573232651,0.35345473885536194,0.6222324371337891,-0.09822402149438858,0.3796062469482422,0.6316013336181641,-0.09076018631458282,0.3927284777164459,0.6279118061065674,-0.08419913053512573,Right,0.9924150705337524
5905,81,0,0.7721621990203857,0.533074140548706,5.814218866362353e-07,0.7173365354537964,0.47508248686790466,-0.03272417187690735,0.6493053436279297,0.4725913107395172,-0.051487863063812256,0.5952246785163879,0.5130506753921509,-0.06021473929286003,0.5507960915565491,0.5304205417633057,-0.06688438355922699,0.6782926917076111,0.5463785529136658,-0.08057008683681488,0.5966035723686218,0.5813140869140625,-0.10357469320297241,0.5476446151733398,0.5847188234329224,-0.1068994551897049,0.5133935213088989,0.5820391178131104,-0.10525228828191757,0.6870158314704895,0.609088659286499,-0.06833290308713913,0.5951311588287354,0.6542694568634033,-0.09078265726566315,0.5408409833908081,0.6493553519248962,-0.08966336399316788,0.5089166760444641,0.630789577960968,-0.08586277812719345,0.6901313662528992,0.6480501294136047,-0.05486845225095749,0.6116583347320557,0.6945581436157227,-0.07098991423845291,0.5643829107284546,0.6822875142097473,-0.07141630351543427,0.5351364612579346,0.6581723093986511,-0.06940963864326477,0.6892392039299011,0.6684697270393372,-0.04285433143377304,0.6293628215789795,0.7060660719871521,-0.05507630482316017,0.5911422371864319,0.7031850814819336,-0.05844087898731232,0.5639945268630981,0.689129650592804,-0.058644481003284454,Left,0.9891965389251709
5905,81,1,0.37249109148979187,0.5759446620941162,2.5679176118842406e-08,0.4094054400920868,0.543043851852417,-0.02831847220659256,0.44343581795692444,0.5304716229438782,-0.05563723295927048,0.4735320806503296,0.5452885627746582,-0.0810188502073288,0.48674190044403076,0.5730067491531372,-0.10523039847612381,0.38617002964019775,0.4565383195877075,-0.05392136797308922,0.44084495306015015,0.5132102966308594,-0.0971066951751709,0.46789124608039856,0.5670682191848755,-0.1254081428050995,0.4818797707557678,0.6028932332992554,-0.14003828167915344,0.3499907851219177,0.49413150548934937,-0.0560368150472641,0.39948877692222595,0.5592968463897705,-0.09173583984375,0.4350021481513977,0.5962830185890198,-0.10074668377637863,0.45362648367881775,0.609917402267456,-0.10432486236095428,0.3282407522201538,0.5409629940986633,-0.06115541607141495,0.3811992406845093,0.5996761322021484,-0.08801718801259995,0.4120577573776245,0.613003671169281,-0.08267819136381149,0.4237426817417145,0.6070603728294373,-0.07517034560441971,0.31963008642196655,0.5835881233215332,-0.06965947151184082,0.3633153736591339,0.6236106157302856,-0.08152266591787338,0.38724493980407715,0.6280888915061951,-0.07430370897054672,0.39656808972358704,0.6191891431808472,-0.06709042936563492,Right,0.9798406958580017
5980,82,0,0.7716835737228394,0.5350915789604187,5.841102961312572e-07,0.7183340787887573,0.4794333577156067,-0.036896273493766785,0.6429575085639954,0.4865531027317047,-0.05284259468317032,0.5804452300071716,0.5333770513534546,-0.05792965739965439,0.534089207649231,0.5663442611694336,-0.06059728562831879,0.6914085149765015,0.5273085236549377,-0.07579270750284195,0.6195154190063477,0.5637555718421936,-0.0956367626786232,0.5677234530448914,0.5749807953834534,-0.09928902983665466,0.5258290767669678,0.5755484104156494,-0.09959741681814194,0.7007375359535217,0.5926733016967773,-0.059766143560409546,0.6255988478660583,0.6481162905693054,-0.07624081522226334,0.575766384601593,0.6529533267021179,-0.07596222311258316,0.544224202632904,0.6378844976425171,-0.07579687237739563,0.7028321623802185,0.6366097927093506,-0.043116942048072815,0.6346591711044312,0.6814075708389282,-0.05655882507562637,0.5903831124305725,0.6663697957992554,-0.05785784497857094,0.5663938522338867,0.6378026008605957,-0.05817500129342079,0.6973509788513184,0.663599967956543,-0.028485696762800217,0.6427130699157715,0.6866686940193176,-0.04050993546843529,0.6084579825401306,0.6744052171707153,-0.0455433614552021,0.5868220329284668,0.6521068811416626,-0.04824572056531906,Left,0.9700682759284973
5980,82,1,0.36806923151016235,0.5653813481330872,7.128402756961805e-08,0.40362587571144104,0.5113251805305481,-0.030237950384616852,0.43620529770851135,0.4808346927165985,-0.05665682256221771,0.4620979428291321,0.5016783475875854,-0.07971923798322678,0.47526055574417114,0.5501567125320435,-0.10187260806560516,0.36790478229522705,0.4668283462524414,-0.06511439383029938,0.42687511444091797,0.5295721292495728,-0.10953984409570694,0.46230408549308777,0.5723558068275452,-0.1380748748779297,0.48193901777267456,0.6005231738090515,-0.15260924398899078,0.33850565552711487,0.5202193260192871,-0.0651894137263298,0.3955039978027344,0.5898975729942322,-0.10134917497634888,0.44030535221099854,0.6037966012954712,-0.10861079394817352,0.4659442901611328,0.6038497686386108,-0.11141709983348846,0.3250645399093628,0.5713386535644531,-0.06764902919530869,0.38789406418800354,0.6322306990623474,-0.0947747454047203,0.42517656087875366,0.625645637512207,-0.088076151907444,0.4422796368598938,0.6082361936569214,-0.07942820340394974,0.3237171173095703,0.6109917759895325,-0.07395810633897781,0.3734409809112549,0.6501168012619019,-0.08726771175861359,0.4009992182254791,0.6390954852104187,-0.08077429980039597,0.4138907492160797,0.6191361546516418,-0.07406764477491379,Right,0.9648863673210144
6056,83,0,0.7582806348800659,0.5387651324272156,6.559310463671864e-07,0.7090216875076294,0.4823610782623291,-0.0317540243268013,0.6487983465194702,0.4845295548439026,-0.053684260696172714,0.5950122475624084,0.523576021194458,-0.06528697907924652,0.5555599331855774,0.5530511140823364,-0.07567287236452103,0.6901653409004211,0.5070651769638062,-0.09772764146327972,0.6134448647499084,0.533536434173584,-0.1250797063112259,0.5602983236312866,0.5496906042098999,-0.1311071515083313,0.5176598429679871,0.5604128241539001,-0.13254565000534058,0.7012682557106018,0.5727832317352295,-0.08643140643835068,0.6175058484077454,0.6239163279533386,-0.11083454638719559,0.5695740580558777,0.624743640422821,-0.10741225630044937,0.5434627532958984,0.6109150052070618,-0.10440513491630554,0.7054915428161621,0.6246971487998962,-0.07261772453784943,0.6222550868988037,0.6737897396087646,-0.09110015630722046,0.58027583360672,0.6545376777648926,-0.08551950752735138,0.5634123682975769,0.6238311529159546,-0.08023352175951004,0.7038240432739258,0.6601993441581726,-0.06012963876128197,0.6380324959754944,0.6934952139854431,-0.07498464733362198,0.6057686805725098,0.676408052444458,-0.07525528967380524,0.5932525992393494,0.6501069664955139,-0.07370170950889587,Left,0.9887740612030029
6056,83,1,0.3665756285190582,0.5674907565116882,3.7198514490910384e-08,0.40491363406181335,0.5107637643814087,-0.03797201067209244,0.43907442688941956,0.480438232421875,-0.06780928373336792,0.46477389335632324,0.5063948631286621,-0.09125931560993195,0.47212734818458557,0.5627049207687378,-0.113578200340271,0.3579215407371521,0.4998704195022583,-0.08706109970808029,0.42878615856170654,0.5577093362808228,-0.1327841579914093,0.47245627641677856,0.5886461734771729,-0.1612475961446762,0.48870939016342163,0.6046215295791626,-0.17679347097873688,0.33557549118995667,0.5587203502655029,-0.0815034806728363,0.4112600088119507,0.6170524954795837,-0.11261005699634552,0.45471683144569397,0.6125916242599487,-0.11484399437904358,0.4690931439399719,0.5969539284706116,-0.1181209459900856,0.3304465711116791,0.6105257868766785,-0.07762006670236588,0.4074331820011139,0.6565501689910889,-0.09823600202798843,0.43914079666137695,0.6413872241973877,-0.08362934738397598,0.4471798539161682,0.6202093958854675,-0.0734424814581871,0.3346134126186371,0.646023154258728,-0.07873120903968811,0.39157918095588684,0.6766966581344604,-0.08986170589923859,0.4157872498035431,0.6611598134040833,-0.080478735268116,0.4240111708641052,0.6417273283004761,-0.07336306571960449,Right,0.9649574756622314
6130,84,0,0.7431764602661133,0.5248796343803406,4.0612630414216255e-07,0.6909813284873962,0.4910525977611542,-0.0152315404266119,0.632056713104248,0.4830595850944519,-0.033657435327768326,0.5868859887123108,0.5105732679367065,-0.04621822386980057,0.5520867705345154,0.533799946308136,-0.06089343875646591,0.6641988754272461,0.4639391601085663,-0.08819864690303802,0.5951282978057861,0.5013766288757324,-0.11639659851789474,0.5515653491020203,0.5298951864242554,-0.12586288154125214,0.5164428949356079,0.5536893010139465,-0.13114015758037567,0.6937275528907776,0.5137547850608826,-0.09143505990505219,0.6313721537590027,0.5531507134437561,-0.12229450047016144,0.5836536884307861,0.573678195476532,-0.13030296564102173,0.5494732856750488,0.5814521908760071,-0.13675029575824738,0.7151450514793396,0.567390501499176,-0.09157228469848633,0.6518157124519348,0.6207370758056641,-0.11694610118865967,0.5993285179138184,0.6438007354736328,-0.12713859975337982,0.5598627328872681,0.6483785510063171,-0.13456016778945923,0.729560375213623,0.6200907230377197,-0.09066001325845718,0.6827155947685242,0.6777259707450867,-0.11383938789367676,0.6446729302406311,0.690071702003479,-0.12599828839302063,0.6115349531173706,0.6835238933563232,-0.13451655209064484,Left,0.9991959929466248
6130,84,1,0.3833268880844116,0.553604245185852,-1.4714775886659481e-07,0.40941932797431946,0.5048359632492065,-0.03458451107144356,0.4306360185146332,0.47238028049468994,-0.060115747153759,0.4528394937515259,0.4988107979297638,-0.08058050274848938,0.47085684537887573,0.5479921102523804,-0.09914357960224152,0.35409849882125854,0.521885335445404,-0.06788353621959686,0.4175979495048523,0.5820387005805969,-0.10914082825183868,0.46299371123313904,0.5845497846603394,-0.1312648057937622,0.48030978441238403,0.5737845301628113,-0.14189568161964417,0.3352407217025757,0.5735787749290466,-0.06367605924606323,0.4121447801589966,0.6279516816139221,-0.09492368251085281,0.45673516392707825,0.6129894256591797,-0.09791866689920425,0.4689236283302307,0.5896372199058533,-0.09881199896335602,0.332380086183548,0.6176695227622986,-0.061764080077409744,0.4073452651500702,0.6631960868835449,-0.0854216143488884,0.44256308674812317,0.6418741941452026,-0.07634583115577698,0.4505440294742584,0.6144615411758423,-0.0684860423207283,0.33817172050476074,0.651093602180481,-0.06399208307266235,0.39236539602279663,0.6873832941055298,-0.07961476594209671,0.42119118571281433,0.6718018054962158,-0.07477881759405136,0.4304859936237335,0.6502434015274048,-0.06904178857803345,Right,0.9934706091880798
6205,85,0,0.7361286282539368,0.5280501842498779,1.4335681441934867e-07,0.6800881028175354,0.5339970588684082,-0.015017317607998848,0.6260278224945068,0.5254149436950684,-0.03286935016512871,0.5833226442337036,0.5283907055854797,-0.04569176211953163,0.5551436543464661,0.5291982889175415,-0.06051842123270035,0.6444988250732422,0.4523492455482483,-0.07522498071193695,0.5861303210258484,0.4718414545059204,-0.10335773974657059,0.5444967150688171,0.5046719312667847,-0.11814215779304504,0.5145505666732788,0.5366476774215698,-0.12871435284614563,0.6683287024497986,0.46678462624549866,-0.08278941363096237,0.6098335385322571,0.4692423343658447,-0.11063003540039062,0.5636279582977295,0.5103541612625122,-0.12197183817625046,0.5340497493743896,0.5483195781707764,-0.13276702165603638,0.6937755942344666,0.5037386417388916,-0.08818331360816956,0.6444570422172546,0.510002076625824,-0.11754459142684937,0.6030834317207336,0.5444366931915283,-0.12924887239933014,0.57686448097229,0.5731051564216614,-0.13830558955669403,0.7179028987884521,0.5607500672340393,-0.09246495366096497,0.6839200258255005,0.5850279927253723,-0.12457195669412613,0.6575080156326294,0.6030226349830627,-0.13795006275177002,0.6376264095306396,0.6165031790733337,-0.1471872180700302,Left,0.9719138741493225
6205,85,1,0.4092860817909241,0.5464234352111816,-2.2246523201374657e-07,0.4238625168800354,0.49534377455711365,-0.049130965024232864,0.42930489778518677,0.46943771839141846,-0.0765511766076088,0.4506511986255646,0.5071547031402588,-0.09359754621982574,0.4712097644805908,0.5533480644226074,-0.10520042479038239,0.35153546929359436,0.5448077321052551,-0.08147575706243515,0.4240703582763672,0.6086370348930359,-0.11585404723882675,0.4602239727973938,0.5829766392707825,-0.12714692950248718,0.46345990896224976,0.5518597364425659,-0.13100823760032654,0.3371404707431793,0.5973374843597412,-0.06679589301347733,0.42912983894348145,0.6501825451850891,-0.09623801708221436,0.462776243686676,0.6114398837089539,-0.09608091413974762,0.45981258153915405,0.578532874584198,-0.09383731335401535,0.34024977684020996,0.6354418396949768,-0.0542597621679306,0.42842409014701843,0.6766765117645264,-0.07755780220031738,0.4525274336338043,0.637391209602356,-0.06935608386993408,0.4487413763999939,0.6063137650489807,-0.06235547736287117,0.35375186800956726,0.6621417999267578,-0.04637998342514038,0.41739845275878906,0.6893206834793091,-0.06723135709762573,0.4384039640426636,0.6579378247261047,-0.0674978643655777,0.4392399787902832,0.6295956969261169,-0.06353268772363663,Right,0.9792685508728027
6280,86,0,0.7264038920402527,0.5332907438278198,-2.3079786970470195e-08,0.6629419922828674,0.5054423809051514,-0.013400072231888771,0.614509642124176,0.48992985486984253,-0.04002705216407776,0.5765997171401978,0.4997408390045166,-0.06131841614842415,0.5465652942657471,0.5138329267501831,-0.08449206501245499,0.6370126605033875,0.4423808157444,-0.10634452849626541,0.5836482644081116,0.47316470742225647,-0.14324206113815308,0.5447496771812439,0.5033046007156372,-0.15424664318561554,0.5165933966636658,0.5266103148460388,-0.16132645308971405,0.6652299165725708,0.463027685880661,-0.11947409063577652,0.6069813966751099,0.4778038263320923,-0.15873649716377258,0.5638988018035889,0.5240055322647095,-0.15986579656600952,0.5407153964042664,0.5561439394950867,-0.16122488677501678,0.6918342113494873,0.503589928150177,-0.12969091534614563,0.6422176957130432,0.5197553038597107,-0.16754722595214844,0.6027105450630188,0.5532339811325073,-0.1673734039068222,0.5841479897499084,0.5706831812858582,-0.16686774790287018,0.7141653299331665,0.5555059909820557,-0.13875232636928558,0.681983470916748,0.5824363827705383,-0.17811888456344604,0.653618335723877,0.5991461277008057,-0.1888156235218048,0.6383994221687317,0.6035794019699097,-0.1947152018547058,Left,0.9763830304145813
6280,86,1,0.4028734564781189,0.5223772525787354,-3.764104974379734e-07,0.41104984283447266,0.4803934395313263,-0.05333443731069565,0.4162498414516449,0.46115046739578247,-0.08469247817993164,0.44303444027900696,0.49514636397361755,-0.10503535717725754,0.47132498025894165,0.532227635383606,-0.12057093530893326,0.34638869762420654,0.5346652865409851,-0.09248343855142593,0.4046332836151123,0.5982164740562439,-0.1282833367586136,0.4531726539134979,0.5998525023460388,-0.13755112886428833,0.47981810569763184,0.5832381844520569,-0.13822795450687408,0.3336746096611023,0.5876780152320862,-0.07574468851089478,0.4088178277015686,0.647900402545929,-0.10987965017557144,0.45497915148735046,0.627434253692627,-0.11053173989057541,0.47277969121932983,0.5974383354187012,-0.1057097390294075,0.3362400233745575,0.6245718002319336,-0.060865528881549835,0.41111281514167786,0.6745932102203369,-0.08975758403539658,0.4476555585861206,0.6506022214889526,-0.08326378464698792,0.4611589014530182,0.6181204319000244,-0.07362940907478333,0.34857839345932007,0.6495340466499329,-0.050167884677648544,0.40061256289482117,0.6882215738296509,-0.07636795938014984,0.42837104201316833,0.6751068234443665,-0.07788573205471039,0.4411269426345825,0.6502329111099243,-0.07217184454202652,Right,0.984777569770813
6354,87,0,0.7297221422195435,0.526890754699707,-1.1022713408692653e-07,0.6747490167617798,0.4995177686214447,-0.015230106189846992,0.6223912239074707,0.49333471059799194,-0.03560803085565567,0.5770441293716431,0.5149526596069336,-0.05230186507105827,0.5411087274551392,0.5304224491119385,-0.07053716480731964,0.6380797624588013,0.4364374279975891,-0.06947798281908035,0.5804436802864075,0.48363035917282104,-0.09182947874069214,0.5477216243743896,0.5195128917694092,-0.09668678045272827,0.5274268388748169,0.5430120825767517,-0.09964224696159363,0.6689954996109009,0.45748668909072876,-0.07658405601978302,0.6053649187088013,0.4955913722515106,-0.0965147465467453,0.5713725090026855,0.5392378568649292,-0.09300275146961212,0.5542970895767212,0.5634170770645142,-0.09214694797992706,0.6960368156433105,0.500088095664978,-0.08257219195365906,0.6379366517066956,0.5371250510215759,-0.10486049205064774,0.6092790365219116,0.5686807036399841,-0.09836240857839584,0.6013989448547363,0.5821675658226013,-0.09395650029182434,0.7161892056465149,0.551284670829773,-0.08857594430446625,0.6760790348052979,0.59233558177948,-0.11517512798309326,0.6570666432380676,0.604464054107666,-0.11784931272268295,0.6527820229530334,0.6042574048042297,-0.11740590631961823,Left,0.9722129106521606
6354,87,1,0.38746199011802673,0.5413186550140381,-3.9290193853958044e-07,0.4008249044418335,0.4935028553009033,-0.055832602083683014,0.4202824532985687,0.4769037961959839,-0.09372621774673462,0.4614141583442688,0.49606144428253174,-0.12064739316701889,0.4936855435371399,0.5184964537620544,-0.14491300284862518,0.35088658332824707,0.5071084499359131,-0.10233332216739655,0.3850524127483368,0.5651580691337585,-0.1442279815673828,0.4366769790649414,0.6047584414482117,-0.16357897222042084,0.4768507480621338,0.6190714836120605,-0.1729210913181305,0.33462920784950256,0.5657716393470764,-0.08785676211118698,0.39123061299324036,0.6298452019691467,-0.12506617605686188,0.4422667622566223,0.6251197457313538,-0.1294921487569809,0.4653383493423462,0.5968151092529297,-0.12942661345005035,0.3327958881855011,0.6123932600021362,-0.07571910321712494,0.3931409418582916,0.660672664642334,-0.10504210740327835,0.42799752950668335,0.645185112953186,-0.10015789419412613,0.4417121410369873,0.6128173470497131,-0.09400655329227448,0.33905529975891113,0.6457089185714722,-0.06815005093812943,0.38380542397499084,0.6836493611335754,-0.09305477142333984,0.41145336627960205,0.6713377237319946,-0.09276974946260452,0.4231327474117279,0.6433326601982117,-0.08818701654672623,Right,0.9942157864570618
6429,88,0,0.7395987510681152,0.5289626717567444,-1.3219954553278512e-07,0.6824976801872253,0.5013472437858582,-0.014875371009111404,0.6284509897232056,0.5037099719047546,-0.03435308486223221,0.5807578563690186,0.5302290320396423,-0.050032541155815125,0.5428160429000854,0.5447629690170288,-0.06693828850984573,0.6503128409385681,0.445002019405365,-0.06650326400995255,0.5913260579109192,0.49048399925231934,-0.09145854413509369,0.5583978891372681,0.5254045128822327,-0.10003278404474258,0.537896990776062,0.5492059588432312,-0.10468024015426636,0.6814295053482056,0.46831047534942627,-0.07175132632255554,0.6150845289230347,0.5106855034828186,-0.09241486340761185,0.5813984870910645,0.5511184930801392,-0.09093768149614334,0.5657077431678772,0.5729323625564575,-0.09145249426364899,0.7083693742752075,0.51210618019104,-0.0757908895611763,0.6513782143592834,0.5541203618049622,-0.09953054785728455,0.6199048757553101,0.582506537437439,-0.09354355931282043,0.6103830337524414,0.5942885279655457,-0.08846241980791092,0.7288098335266113,0.5616050362586975,-0.07944265753030777,0.6875806450843811,0.6019773483276367,-0.10413670539855957,0.6686755418777466,0.6135314702987671,-0.10366444289684296,0.6653455495834351,0.6133919954299927,-0.10072849690914154,Left,0.9835935235023499
6429,88,1,0.377932608127594,0.5365968346595764,-3.766471934341098e-07,0.40131545066833496,0.4971705675125122,-0.05073270574212074,0.42747238278388977,0.47439175844192505,-0.08974752575159073,0.47210583090782166,0.49093887209892273,-0.11957345902919769,0.5086396336555481,0.5065960884094238,-0.14776048064231873,0.3547888398170471,0.48179203271865845,-0.10420288890600204,0.39936959743499756,0.5149970054626465,-0.14406746625900269,0.44725626707077026,0.5453518629074097,-0.1594829112291336,0.4830091595649719,0.5590929388999939,-0.1656159907579422,0.3374426066875458,0.5341269373893738,-0.09339459240436554,0.3879707455635071,0.585054337978363,-0.13204756379127502,0.43902456760406494,0.5952069759368896,-0.13631463050842285,0.4697178602218628,0.5848145484924316,-0.13522642850875854,0.33169814944267273,0.5812610387802124,-0.08372856676578522,0.38567042350769043,0.6264995336532593,-0.11683625727891922,0.4248972535133362,0.6163702607154846,-0.11449296027421951,0.44352594017982483,0.5915876030921936,-0.10869766026735306,0.3348331153392792,0.6212791800498962,-0.07740851491689682,0.3779873251914978,0.6645543575286865,-0.10285637527704239,0.40835505723953247,0.6509965658187866,-0.10277138650417328,0.4218030869960785,0.6252869963645935,-0.0988469272851944,Right,0.9958084225654602
6501,89,0,0.7502223253250122,0.534559965133667,-1.0978656206361848e-07,0.6871763467788696,0.5014302134513855,-0.016080660745501518,0.633558988571167,0.5010037422180176,-0.03881888836622238,0.5878112316131592,0.5298353433609009,-0.057362332940101624,0.5523975491523743,0.5532382726669312,-0.07798297703266144,0.6695190072059631,0.45397740602493286,-0.07715816795825958,0.6110873222351074,0.5058760046958923,-0.10834123194217682,0.5706674456596375,0.5406663417816162,-0.12363417446613312,0.541271984577179,0.5660895705223083,-0.13361606001853943,0.70017009973526,0.48411136865615845,-0.08487500995397568,0.6424415707588196,0.5254021286964417,-0.11342161148786545,0.6018739342689514,0.5626494288444519,-0.11827865242958069,0.5793265104293823,0.5853186249732971,-0.12410201877355576,0.7260525822639465,0.5297569036483765,-0.09097622334957123,0.674792468547821,0.5629192590713501,-0.12076058238744736,0.6361682415008545,0.5888596773147583,-0.1201639473438263,0.6162859201431274,0.6001993417739868,-0.11931338161230087,0.7450199723243713,0.5820185542106628,-0.09649292379617691,0.7044962048530579,0.6185221076011658,-0.12459353357553482,0.6762735843658447,0.6308133006095886,-0.12692712247371674,0.6617193818092346,0.6310417652130127,-0.12714119255542755,Left,0.925538957118988
6501,89,1,0.37735694646835327,0.5374407172203064,-3.512151067752711e-07,0.40973836183547974,0.5089448094367981,-0.051613084971904755,0.43542614579200745,0.500954806804657,-0.09273915737867355,0.4601840376853943,0.5403505563735962,-0.12381656467914581,0.4723777770996094,0.577802836894989,-0.15295735001564026,0.36678603291511536,0.46622347831726074,-0.11291635781526566,0.4196726679801941,0.5017909407615662,-0.15984779596328735,0.4610885977745056,0.5399894714355469,-0.17999513447284698,0.4970777630805969,0.569014310836792,-0.18827681243419647,0.3392161428928375,0.5116907358169556,-0.10307274758815765,0.3827855885028839,0.5705181956291199,-0.1480570137500763,0.42908889055252075,0.5953537821769714,-0.1553362011909485,0.4628375768661499,0.5991020202636719,-0.15562045574188232,0.32568103075027466,0.5586993098258972,-0.09458320587873459,0.3706049621105194,0.6147744655609131,-0.13329146802425385,0.4070786237716675,0.6098122000694275,-0.1319575160741806,0.42712604999542236,0.5867080092430115,-0.12627777457237244,0.3223519027233124,0.6030187606811523,-0.0891154408454895,0.35701069235801697,0.6514407992362976,-0.11892209202051163,0.38742128014564514,0.6439012289047241,-0.12072526663541794,0.4023403525352478,0.6218490600585938,-0.1179995909333229,Right,0.9985398650169373
6576,90,0,0.7512854337692261,0.5452879667282104,-9.585662041899923e-08,0.6883479952812195,0.5307915210723877,-0.025995859876275063,0.6287895441055298,0.528765857219696,-0.05269817262887955,0.5793389081954956,0.5522685050964355,-0.07350146025419235,0.5362727046012878,0.5610411763191223,-0.09583360701799393,0.6775034666061401,0.4689967930316925,-0.08987819403409958,0.6245273947715759,0.5019075274467468,-0.12987452745437622,0.5879141092300415,0.5332631468772888,-0.1544458419084549,0.5628739595413208,0.5595396161079407,-0.1718374639749527,0.7031420469284058,0.49700725078582764,-0.09587396681308746,0.6540101170539856,0.5169848203659058,-0.1354674994945526,0.6095495820045471,0.5550063252449036,-0.15420302748680115,0.5807482600212097,0.5819409489631653,-0.17179031670093536,0.7232535481452942,0.5392730832099915,-0.10093210637569427,0.6762338876724243,0.5648559331893921,-0.1400076150894165,0.6354033350944519,0.592604398727417,-0.15448015928268433,0.6124570369720459,0.609441339969635,-0.1657284051179886,0.7388066053390503,0.5913329720497131,-0.10559193044900894,0.7026258111000061,0.6211105585098267,-0.1420091986656189,0.6750114560127258,0.634917140007019,-0.15638785064220428,0.6587765216827393,0.6393907070159912,-0.167348250746727,Left,0.6394972205162048
6576,90,1,0.3938260078430176,0.5656467080116272,-2.3788329883700499e-07,0.4198257327079773,0.537258505821228,-0.04583688825368881,0.4413177967071533,0.5186311602592468,-0.08387763798236847,0.46328264474868774,0.5394864678382874,-0.1156415119767189,0.4721928834915161,0.5748223662376404,-0.1446482390165329,0.37233030796051025,0.4602127969264984,-0.09251707792282104,0.4168398678302765,0.48970478773117065,-0.14899463951587677,0.4583721160888672,0.5313860774040222,-0.17576231062412262,0.49219372868537903,0.5682402849197388,-0.1858416497707367,0.3372687101364136,0.5021588802337646,-0.08773203194141388,0.3856807351112366,0.5674058198928833,-0.14243462681770325,0.43544307351112366,0.5966920852661133,-0.14794360101222992,0.46778035163879395,0.6095383763313293,-0.14122644066810608,0.32282817363739014,0.5533323884010315,-0.08710566908121109,0.37623217701911926,0.616500198841095,-0.13038739562034607,0.41345176100730896,0.6155908107757568,-0.12014622986316681,0.4288143217563629,0.5977633595466614,-0.10337268561124802,0.3206486105918884,0.5995660424232483,-0.09043755382299423,0.36222848296165466,0.6462755799293518,-0.12062837928533554,0.39287564158439636,0.6419215798377991,-0.11672013252973557,0.40424010157585144,0.6210784316062927,-0.1057325005531311,Right,0.9985954761505127
6651,91,0,0.7416051626205444,0.539150059223175,-2.721862415455689e-07,0.6989623308181763,0.5707514882087708,-0.03557945415377617,0.6442002058029175,0.5842157602310181,-0.06256812065839767,0.5973604321479797,0.589862048625946,-0.08083894848823547,0.5587195158004761,0.5796626806259155,-0.09957331418991089,0.7045873999595642,0.5315555930137634,-0.10068590193986893,0.6674814224243164,0.5654979944229126,-0.141005277633667,0.6285261511802673,0.5882361531257629,-0.1614006757736206,0.595115065574646,0.6083320379257202,-0.17439229786396027,0.7133235931396484,0.5097224116325378,-0.09797292202711105,0.6653915643692017,0.5335718393325806,-0.13950462639331818,0.6176621913909912,0.5693277716636658,-0.1544748693704605,0.5839177370071411,0.5987592935562134,-0.1667872965335846,0.7110083699226379,0.5001795291900635,-0.094877690076828,0.6594224572181702,0.5273338556289673,-0.13787111639976501,0.6126316785812378,0.5660871267318726,-0.1526702642440796,0.5801883935928345,0.5990030765533447,-0.1605508178472519,0.7047169804573059,0.5025750398635864,-0.0917743667960167,0.6550306677818298,0.5283822417259216,-0.12832286953926086,0.6212103962898254,0.5536731481552124,-0.14198684692382812,0.5975000262260437,0.5764113664627075,-0.15068742632865906,Left,0.5257110595703125
6651,91,1,0.3877789378166199,0.5781716704368591,-1.397174713702043e-07,0.4123503565788269,0.546818196773529,-0.03967992216348648,0.4300209879875183,0.5239617228507996,-0.07354768365621567,0.4448072612285614,0.5406569838523865,-0.10317625105381012,0.44879332184791565,0.5708138942718506,-0.13040582835674286,0.371069997549057,0.45849931240081787,-0.07532543689012527,0.42309415340423584,0.4916888177394867,-0.13173195719718933,0.46233105659484863,0.5329784154891968,-0.16336709260940552,0.4892263412475586,0.5655111074447632,-0.17690680921077728,0.33757078647613525,0.5028218626976013,-0.07346002012491226,0.40138858556747437,0.5719729065895081,-0.1259441375732422,0.44832611083984375,0.6020491719245911,-0.1325927972793579,0.4741097092628479,0.6206175684928894,-0.12602519989013672,0.3247162699699402,0.5592819452285767,-0.07630844414234161,0.3881315290927887,0.6179762482643127,-0.1139320656657219,0.4144898056983948,0.6077159643173218,-0.09990285336971283,0.4184797406196594,0.5857999920845032,-0.08037008345127106,0.3236796259880066,0.6095992922782898,-0.08350460976362228,0.3720237910747528,0.6450003981590271,-0.1067473441362381,0.3962184488773346,0.6347399950027466,-0.09705888479948044,0.40166690945625305,0.6123173236846924,-0.08148012310266495,Right,0.9994105696678162
6725,92,0,0.7333458662033081,0.5408618450164795,3.760623883408698e-07,0.7140868306159973,0.5310879349708557,-0.07387612015008926,0.6699901223182678,0.5457826256752014,-0.1397918164730072,0.6309987902641296,0.5727983117103577,-0.18316662311553955,0.5922600030899048,0.5941545963287354,-0.22837969660758972,0.700472891330719,0.4933203160762787,-0.23034557700157166,0.6438758373260498,0.5339047908782959,-0.29317203164100647,0.5947862863540649,0.5618940591812134,-0.32259175181388855,0.5591842532157898,0.5851258039474487,-0.343593955039978,0.7055245637893677,0.4986151158809662,-0.2108820527791977,0.6497852206230164,0.5532915592193604,-0.28689223527908325,0.5917360782623291,0.5946541428565979,-0.3197175860404968,0.554399847984314,0.6259071230888367,-0.3479118049144745,0.7025982141494751,0.526287317276001,-0.18321260809898376,0.6423336267471313,0.581754207611084,-0.24218104779720306,0.5955191254615784,0.6125853657722473,-0.25676098465919495,0.5738763809204102,0.6311532258987427,-0.26859793066978455,0.6924757957458496,0.5628578662872314,-0.1555945873260498,0.6437556743621826,0.6080164909362793,-0.19892139732837677,0.6149618029594421,0.6213154196739197,-0.2123950719833374,0.602877676486969,0.6251561641693115,-0.22426731884479523,Left,0.9898152351379395
6725,92,1,0.3779044449329376,0.5730113983154297,-7.384906552942994e-08,0.40458619594573975,0.5402383208274841,-0.03947790712118149,0.42736199498176575,0.518456220626831,-0.07450710982084274,0.4502757489681244,0.5331173539161682,-0.10607738792896271,0.46799954771995544,0.5542122721672058,-0.13593795895576477,0.3707716464996338,0.4545983672142029,-0.07655034214258194,0.42618444561958313,0.48783013224601746,-0.13519057631492615,0.4650633931159973,0.531211256980896,-0.16843245923519135,0.48992079496383667,0.5643143653869629,-0.18303188681602478,0.3395453989505768,0.5014480352401733,-0.07575109601020813,0.400674432516098,0.567737877368927,-0.1294897198677063,0.44837820529937744,0.5935376286506653,-0.13785910606384277,0.4738750457763672,0.6062453985214233,-0.13382811844348907,0.3267126679420471,0.5589102506637573,-0.07973149418830872,0.3903229534626007,0.6179353594779968,-0.11944582313299179,0.4206961393356323,0.6116665601730347,-0.1082962155342102,0.42876654863357544,0.5924538373947144,-0.09106157720088959,0.324812650680542,0.6098239421844482,-0.08808029443025589,0.37019962072372437,0.6474829316139221,-0.11257661879062653,0.3954532742500305,0.6384367942810059,-0.10586140304803848,0.4053260385990143,0.6164073348045349,-0.09328985214233398,Right,0.9989709258079529
6799,93,0,0.7267068028450012,0.5256628394126892,-9.475062512365184e-08,0.7312312722206116,0.5605297684669495,-0.045078471302986145,0.6948263049125671,0.609563946723938,-0.08793783187866211,0.654304027557373,0.6409902572631836,-0.11517570167779922,0.6111236810684204,0.6568976044654846,-0.14475497603416443,0.7230316400527954,0.5589654445648193,-0.1615101397037506,0.65207439661026,0.6187595725059509,-0.2022785097360611,0.6001189351081848,0.6444627046585083,-0.2181759625673294,0.5667611360549927,0.6646231412887573,-0.2275286614894867,0.7122641801834106,0.5267443060874939,-0.14822272956371307,0.637416422367096,0.5855709314346313,-0.1854572594165802,0.5794382095336914,0.6202712059020996,-0.19305424392223358,0.542629063129425,0.6516464948654175,-0.20304547250270844,0.6930333971977234,0.5108341574668884,-0.12868697941303253,0.620368480682373,0.5735279321670532,-0.15551355481147766,0.5735158920288086,0.607896625995636,-0.15547925233840942,0.5479580163955688,0.6367971897125244,-0.15913817286491394,0.6720119118690491,0.5033448338508606,-0.10909958183765411,0.6165844202041626,0.5648264288902283,-0.12971512973308563,0.5820595622062683,0.5934765934944153,-0.13021990656852722,0.5637202262878418,0.6178772449493408,-0.13200724124908447,Right,0.56722092628479
6799,93,1,0.3716506063938141,0.5675084590911865,-1.3099816342787562e-08,0.4020988345146179,0.5386011004447937,-0.03559030592441559,0.43123090267181396,0.5220196843147278,-0.06995152682065964,0.4614802598953247,0.5355958342552185,-0.10192973911762238,0.4896145761013031,0.5565923452377319,-0.1320563405752182,0.37055009603500366,0.4525958001613617,-0.06826892495155334,0.4250267446041107,0.48735207319259644,-0.12344365566968918,0.464401513338089,0.5311723947525024,-0.15613465011119843,0.4900975525379181,0.5614020824432373,-0.17095884680747986,0.33852243423461914,0.49843156337738037,-0.06954608857631683,0.40090593695640564,0.5593607425689697,-0.11847352236509323,0.4481249451637268,0.5855435132980347,-0.12631966173648834,0.4722770154476166,0.5960866212844849,-0.12339548766613007,0.32405969500541687,0.5543961524963379,-0.07539159059524536,0.391407310962677,0.6091792583465576,-0.1093718558549881,0.4189099967479706,0.6067982912063599,-0.09808894991874695,0.42296522855758667,0.5901462435722351,-0.082570880651474,0.3205578029155731,0.6043503880500793,-0.08570753037929535,0.3707312047481537,0.6415356397628784,-0.10263287276029587,0.39242231845855713,0.6348565220832825,-0.09390360116958618,0.3971495032310486,0.6158078908920288,-0.08200015127658844,Right,0.9978609085083008
6873,94,0,0.7313792705535889,0.5360149145126343,6.046114435775962e-07,0.6903485059738159,0.5081021785736084,-0.03304500877857208,0.6439068913459778,0.5038098692893982,-0.061935219913721085,0.606329083442688,0.5216065049171448,-0.08108392357826233,0.5791615843772888,0.540555477142334,-0.10249696671962738,0.667418897151947,0.47282254695892334,-0.10893096029758453,0.6031774878501892,0.5101157426834106,-0.14385172724723816,0.5607643127441406,0.5416408777236938,-0.15880510210990906,0.526832103729248,0.5664167404174805,-0.16690845787525177,0.6884297132492065,0.5038080215454102,-0.10556993633508682,0.6214829683303833,0.5566532611846924,-0.14085261523723602,0.5700205564498901,0.6007319092750549,-0.15597926080226898,0.5327341556549072,0.6259166598320007,-0.1670009046792984,0.7038261294364929,0.5463284850120544,-0.09936852753162384,0.6419457197189331,0.6036401391029358,-0.13042616844177246,0.5892000198364258,0.6436768770217896,-0.14569738507270813,0.5526718497276306,0.664828360080719,-0.15484975278377533,0.7123209238052368,0.597862958908081,-0.09262803941965103,0.6620007157325745,0.64105623960495,-0.1195712760090828,0.6220409274101257,0.6629465222358704,-0.13183660805225372,0.5900118350982666,0.674697995185852,-0.1394040733575821,Left,0.9909954071044922
6873,94,1,0.37129464745521545,0.5467212796211243,-4.0765677056242566e-08,0.4041121304035187,0.5198248624801636,-0.03274047002196312,0.43633967638015747,0.508392333984375,-0.0638243556022644,0.46760302782058716,0.5248537063598633,-0.09302853792905807,0.4810947775840759,0.5625033378601074,-0.12111105769872665,0.3738599121570587,0.4482915699481964,-0.06511285156011581,0.4183207154273987,0.4981396496295929,-0.11489091068506241,0.4558947682380676,0.5435394048690796,-0.1447344869375229,0.47806283831596375,0.5707472562789917,-0.15879285335540771,0.34041374921798706,0.4911353588104248,-0.06682741641998291,0.3943467438220978,0.5586206316947937,-0.10946358740329742,0.44277694821357727,0.5861355066299438,-0.1160971149802208,0.46909305453300476,0.5954239368438721,-0.11487536877393723,0.3220103681087494,0.5428839325904846,-0.0723825991153717,0.38458535075187683,0.6036324501037598,-0.1020747497677803,0.41680243611335754,0.6088911890983582,-0.09207423031330109,0.4265826940536499,0.5994076728820801,-0.07947973161935806,0.3157147467136383,0.5890071392059326,-0.08235547691583633,0.3639346659183502,0.6323044300079346,-0.09589892625808716,0.3891395628452301,0.6307294368743896,-0.08776705712080002,0.3971036970615387,0.6171111464500427,-0.07830967754125595,Right,0.9959063529968262
6947,95,0,0.7318015098571777,0.5403758883476257,1.3429709611045837e-07,0.6855345964431763,0.5004498958587646,-0.028084244579076767,0.6330139636993408,0.49786388874053955,-0.05903984606266022,0.5868027806282043,0.5246623158454895,-0.08176878094673157,0.554397702217102,0.5515989065170288,-0.10783695429563522,0.6498808264732361,0.45540452003479004,-0.11296271532773972,0.5940327048301697,0.4982759356498718,-0.14783421158790588,0.5559939742088318,0.5361761450767517,-0.16126415133476257,0.5296866297721863,0.5694736838340759,-0.16909916698932648,0.6808223128318787,0.49454542994499207,-0.11464386433362961,0.6089071035385132,0.5574772953987122,-0.14969098567962646,0.5576850175857544,0.6008008718490601,-0.1601431667804718,0.524869441986084,0.628972589969635,-0.17101146280765533,0.7049296498298645,0.5467955470085144,-0.11275897920131683,0.6334323287010193,0.6099579930305481,-0.1448940485715866,0.5838096737861633,0.6476507782936096,-0.15042616426944733,0.5544772744178772,0.6713296175003052,-0.15534265339374542,0.719718337059021,0.6057244539260864,-0.11031537503004074,0.6646003723144531,0.6488943099975586,-0.1410607099533081,0.6238171458244324,0.6688275933265686,-0.14857850968837738,0.5967464447021484,0.6804459691047668,-0.1534324437379837,Left,0.9852513074874878
6947,95,1,0.3781163692474365,0.5515792965888977,-1.4245884472074977e-07,0.4107232689857483,0.5186527967453003,-0.029369469732046127,0.4384263753890991,0.4941052496433258,-0.05392216891050339,0.4624021649360657,0.5061748623847961,-0.07612498849630356,0.4690321087837219,0.5458110570907593,-0.09741447120904922,0.3714456260204315,0.4503021836280823,-0.05816056951880455,0.4135700762271881,0.5045205354690552,-0.10460913181304932,0.4516984820365906,0.5464968681335449,-0.13279590010643005,0.477638840675354,0.5712098479270935,-0.14532352983951569,0.3378324508666992,0.49253520369529724,-0.05837380513548851,0.39119184017181396,0.5636967420578003,-0.09603586047887802,0.43996667861938477,0.5879085063934326,-0.10041716694831848,0.4697730541229248,0.5959821939468384,-0.09717072546482086,0.32058513164520264,0.5430476069450378,-0.06216384097933769,0.3814562261104584,0.6075392365455627,-0.08724014461040497,0.4097408950328827,0.6084485650062561,-0.07597231864929199,0.41963469982147217,0.594771683216095,-0.06246357411146164,0.31456995010375977,0.588005006313324,-0.07023075968027115,0.35998111963272095,0.6363803744316101,-0.08315006643533707,0.3854953348636627,0.6322660446166992,-0.07522953301668167,0.3963250517845154,0.6157247424125671,-0.06495996564626694,Right,0.9970033764839172
7026,96,0,0.7359022498130798,0.5341542363166809,-6.337164393244166e-08,0.684639036655426,0.49599337577819824,-0.016403373330831528,0.6321396231651306,0.4898775517940521,-0.03839487209916115,0.5875270366668701,0.5132502913475037,-0.05666603520512581,0.5586363077163696,0.5401292443275452,-0.0789305716753006,0.6474883556365967,0.45285195112228394,-0.07934706658124924,0.591062068939209,0.4984281659126282,-0.1112188920378685,0.5545762181282043,0.534835159778595,-0.12777307629585266,0.5280277729034424,0.5640916228294373,-0.13830424845218658,0.6782580614089966,0.4927821159362793,-0.08584968000650406,0.6089270710945129,0.5559272170066833,-0.11692657321691513,0.5617009401321411,0.5970537066459656,-0.12886130809783936,0.5283620953559875,0.6251792907714844,-0.14045065641403198,0.7029213309288025,0.542873203754425,-0.09038888663053513,0.6351519823074341,0.6071792244911194,-0.12008744478225708,0.5883867144584656,0.6427979469299316,-0.1279381811618805,0.5570682287216187,0.665605366230011,-0.1338231861591339,0.7196242809295654,0.5953506827354431,-0.09417635202407837,0.6635777950286865,0.6410198211669922,-0.12146976590156555,0.6248617768287659,0.6599702835083008,-0.12981753051280975,0.5967010855674744,0.6709727644920349,-0.13539519906044006,Left,0.9928455948829651
7026,96,1,0.39017197489738464,0.5524511933326721,-2.0340722528544575e-07,0.4205450117588043,0.5191929936408997,-0.031556081026792526,0.44509074091911316,0.4920939803123474,-0.05605339631438255,0.4670999050140381,0.5093520879745483,-0.07721598446369171,0.4740063548088074,0.554129421710968,-0.09664557129144669,0.37306109070777893,0.44393444061279297,-0.05810076370835304,0.4116476774215698,0.49496403336524963,-0.10180246084928513,0.4487413763999939,0.53910231590271,-0.1270294487476349,0.4745660126209259,0.5676963329315186,-0.13778065145015717,0.3373616635799408,0.4840356707572937,-0.056305937469005585,0.3907749652862549,0.5565858483314514,-0.0916084423661232,0.4377528131008148,0.5809587836265564,-0.09527587890625,0.46488213539123535,0.5883166193962097,-0.0919141098856926,0.3195781409740448,0.5343799591064453,-0.058128584176301956,0.3825250566005707,0.6012775301933289,-0.08171205967664719,0.41112393140792847,0.6038416624069214,-0.07157529890537262,0.41899827122688293,0.5913232564926147,-0.05947694927453995,0.31350183486938477,0.5807335376739502,-0.06425119191408157,0.3619702160358429,0.6307284832000732,-0.07755304872989655,0.3874426484107971,0.6280553340911865,-0.07143250852823257,0.39477017521858215,0.610942006111145,-0.06258245557546616,Right,0.9978221654891968
7100,97,0,0.735591471195221,0.5338703989982605,4.6253120444816886e-08,0.6873658299446106,0.48744338750839233,-0.015976646915078163,0.637264609336853,0.4797561764717102,-0.037409983575344086,0.5965920686721802,0.5093353986740112,-0.0546785406768322,0.5723279118537903,0.5438377261161804,-0.07628375291824341,0.6533203721046448,0.4591416120529175,-0.07866891473531723,0.5966712832450867,0.5026425719261169,-0.10647547990083694,0.5582640171051025,0.5360578298568726,-0.12066677212715149,0.5278216004371643,0.5606938004493713,-0.13005104660987854,0.684325635433197,0.5041588544845581,-0.08458850532770157,0.6105386018753052,0.5676745176315308,-0.11154595762491226,0.5595371127128601,0.603236198425293,-0.12310265004634857,0.5232322812080383,0.6247197389602661,-0.13469606637954712,0.7070843577384949,0.5564664006233215,-0.08778892457485199,0.6351181864738464,0.6189390420913696,-0.1130967065691948,0.5847697257995605,0.6483551859855652,-0.12048888951539993,0.5505185723304749,0.6645441055297852,-0.12623679637908936,0.7211413383483887,0.6091046929359436,-0.09018842875957489,0.6623464226722717,0.651807427406311,-0.11343890428543091,0.6219823360443115,0.6650515198707581,-0.11969507485628128,0.5936561822891235,0.6697793006896973,-0.12397245317697525,Left,0.9924418330192566
7100,97,1,0.3863844573497772,0.5431684851646423,-2.3238008850512415e-07,0.41436445713043213,0.5161762833595276,-0.027483390644192696,0.4389714300632477,0.4971908628940582,-0.052215635776519775,0.464670866727829,0.5107434988021851,-0.07518748193979263,0.4797377586364746,0.545167863368988,-0.09730484336614609,0.3756760358810425,0.43868494033813477,-0.051396433264017105,0.41489511728286743,0.4891350567340851,-0.09198403358459473,0.44959038496017456,0.5325852632522583,-0.11703191697597504,0.47531870007514954,0.5613221526145935,-0.1284429132938385,0.34130406379699707,0.4771267771720886,-0.05170290917158127,0.3928874135017395,0.5438835024833679,-0.08395605534315109,0.43673044443130493,0.5717944502830505,-0.08831178396940231,0.46316730976104736,0.5831570625305176,-0.08629801869392395,0.3233503997325897,0.5268630981445312,-0.05522638559341431,0.37941664457321167,0.5872431993484497,-0.07649053633213043,0.40571609139442444,0.5925623178482056,-0.06752698123455048,0.413751482963562,0.5828076004981995,-0.05715794488787651,0.3165052533149719,0.5740648508071899,-0.06259869039058685,0.3591805696487427,0.6199222207069397,-0.07275161892175674,0.38275784254074097,0.6194335222244263,-0.0653284415602684,0.3898996412754059,0.6059275269508362,-0.056653447449207306,Right,0.997187614440918
7176,98,0,0.7380075454711914,0.5460325479507446,2.023896570335637e-07,0.6923630833625793,0.491814523935318,-0.02009369619190693,0.6386751532554626,0.4853203594684601,-0.04409055411815643,0.5978202819824219,0.5202394723892212,-0.06210855394601822,0.5745820999145508,0.5570790767669678,-0.0838048979640007,0.6655178070068359,0.47510457038879395,-0.08789408206939697,0.6011756658554077,0.5247244238853455,-0.11421384662389755,0.5586463809013367,0.5515356063842773,-0.12559223175048828,0.5256806015968323,0.565782904624939,-0.13283388316631317,0.6924737691879272,0.5298593044281006,-0.09051815420389175,0.6144435405731201,0.5905632972717285,-0.11535659432411194,0.5608140230178833,0.614597737789154,-0.12416677176952362,0.5238612294197083,0.6223394274711609,-0.13345196843147278,0.7099267840385437,0.5841010212898254,-0.08990618586540222,0.6353974342346191,0.6384317278862,-0.11143611371517181,0.583651602268219,0.6567578911781311,-0.11783600598573685,0.5479944348335266,0.6605418920516968,-0.12338582426309586,0.7185240387916565,0.6319807171821594,-0.08878518640995026,0.6606089472770691,0.6697481274604797,-0.108528733253479,0.6217910647392273,0.6801081299781799,-0.11400669813156128,0.5943897366523743,0.680834174156189,-0.11813287436962128,Left,0.9987596273422241
7176,98,1,0.38374772667884827,0.5397388935089111,-2.1071289779683866e-07,0.4164385199546814,0.5233215093612671,-0.03505899757146835,0.44553709030151367,0.5122532248497009,-0.06752318888902664,0.47025778889656067,0.5237249135971069,-0.09702952206134796,0.4875115752220154,0.5407933592796326,-0.12556204199790955,0.3881916403770447,0.42899245023727417,-0.06753314286470413,0.42173394560813904,0.4719879627227783,-0.11280687153339386,0.45297300815582275,0.5204169154167175,-0.13927504420280457,0.47441157698631287,0.5560969710350037,-0.15193770825862885,0.35058364272117615,0.4601106345653534,-0.06676916778087616,0.38863593339920044,0.5169755816459656,-0.10437997430562973,0.4307194650173187,0.5565756559371948,-0.11069029569625854,0.4553803503513336,0.5759409070014954,-0.11067415773868561,0.3280217945575714,0.5058217644691467,-0.06929118931293488,0.3690495789051056,0.5604059100151062,-0.097779780626297,0.4039970934391022,0.5784984827041626,-0.0898236557841301,0.4211759567260742,0.579010009765625,-0.08009891957044601,0.31659698486328125,0.5529711842536926,-0.07559125125408173,0.3474171459674835,0.5964134931564331,-0.09170326590538025,0.37716445326805115,0.6035659909248352,-0.08540426194667816,0.39135316014289856,0.5952957272529602,-0.07769178599119186,Right,0.9964944124221802
7250,99,0,0.7648254036903381,0.5735540390014648,2.3475176647025364e-07,0.7212974429130554,0.5076236724853516,-0.02348783053457737,0.661535918712616,0.496039479970932,-0.04480971395969391,0.6189444065093994,0.5333067774772644,-0.05845111981034279,0.6002952456474304,0.5768179297447205,-0.07489331066608429,0.7062034010887146,0.49882420897483826,-0.08850683271884918,0.6381572484970093,0.5581831932067871,-0.11314163357019424,0.5955538749694824,0.5844564437866211,-0.12238767743110657,0.5627426505088806,0.5935232043266296,-0.12672534584999084,0.7330888509750366,0.5619996190071106,-0.08691032975912094,0.6489297747612,0.6264510750770569,-0.11052339524030685,0.593641996383667,0.642939567565918,-0.11521919816732407,0.560562252998352,0.6417821645736694,-0.11896184831857681,0.7471686601638794,0.620543897151947,-0.08215146511793137,0.6605091691017151,0.669161319732666,-0.10096433013677597,0.6078966856002808,0.6756612062454224,-0.10157705843448639,0.5778768062591553,0.6705817580223083,-0.10006029158830643,0.74998539686203,0.670249879360199,-0.07721070945262909,0.676368772983551,0.6989086866378784,-0.09034204483032227,0.6340864300727844,0.6990907192230225,-0.0883728563785553,0.6116406321525574,0.6927377581596375,-0.08559676259756088,Left,0.9993505477905273
7250,99,1,0.3400072753429413,0.5166417360305786,7.90836338637746e-08,0.3698573708534241,0.4842129945755005,-0.026868155226111412,0.39884063601493835,0.468056857585907,-0.05390264466404915,0.4282565712928772,0.47845596075057983,-0.07995778322219849,0.445305198431015,0.5079333186149597,-0.10533304512500763,0.34192734956741333,0.41794103384017944,-0.054616864770650864,0.37236452102661133,0.45481598377227783,-0.09793534129858017,0.40838345885276794,0.48969563841819763,-0.1240919679403305,0.43073758482933044,0.512108564376831,-0.13672249019145966,0.31095749139785767,0.4628065824508667,-0.058673638850450516,0.3489960730075836,0.511620819568634,-0.09753978252410889,0.3956349492073059,0.5371261239051819,-0.10515210032463074,0.42277443408966064,0.5479544401168823,-0.10559255629777908,0.29295843839645386,0.5132629871368408,-0.06588784605264664,0.3377593755722046,0.5591826438903809,-0.09579236805438995,0.37725862860679626,0.5662075281143188,-0.08829013258218765,0.3983636498451233,0.5608362555503845,-0.07782679051160812,0.2866029441356659,0.5583925843238831,-0.0766807571053505,0.32402077317237854,0.5952489972114563,-0.0933404341340065,0.35591718554496765,0.5946974158287048,-0.08731817454099655,0.3749037981033325,0.5830084085464478,-0.07940302044153214,Right,0.9963062405586243
7329,100,0,0.756388783454895,0.6077840924263,2.8854239531028725e-07,0.7203152775764465,0.5287784337997437,-0.01829329878091812,0.675332248210907,0.5101472735404968,-0.03366760164499283,0.6460937261581421,0.5513103604316711,-0.04181860759854317,0.6471418142318726,0.6042219400405884,-0.05159774422645569,0.7563398480415344,0.540497899055481,-0.07922787964344025,0.6837408542633057,0.604937732219696,-0.10059552639722824,0.6426854729652405,0.6126139760017395,-0.10595227777957916,0.6180290579795837,0.6027924418449402,-0.10532934218645096,0.7792157530784607,0.6058149933815002,-0.07835683971643448,0.6826108694076538,0.665925920009613,-0.09778480231761932,0.6290431618690491,0.6654416918754578,-0.09461092203855515,0.6079117655754089,0.6486874222755432,-0.09093834459781647,0.7854026556015015,0.6619149446487427,-0.07449235767126083,0.6903679370880127,0.7072198987007141,-0.09045083820819855,0.6392530798912048,0.698656439781189,-0.08448420464992523,0.6195213794708252,0.676888108253479,-0.0761435478925705,0.7810060977935791,0.706447184085846,-0.07050178945064545,0.7036826014518738,0.7304564714431763,-0.07645433396100998,0.6606804132461548,0.7194110751152039,-0.06710118055343628,0.6453166604042053,0.7029052972793579,-0.05899373069405556,Left,0.9978539943695068
7329,100,1,0.33019283413887024,0.5244425535202026,7.59483569368058e-08,0.35675951838493347,0.4856788218021393,-0.03387061506509781,0.37859416007995605,0.4583685100078583,-0.06182626634836197,0.39365968108177185,0.4646269977092743,-0.0868149846792221,0.39202505350112915,0.4976429045200348,-0.11025417596101761,0.2973387539386749,0.4189646542072296,-0.05495917424559593,0.3130265772342682,0.45299118757247925,-0.09678416699171066,0.3482694923877716,0.4832417070865631,-0.12315157800912857,0.3737678527832031,0.5028473734855652,-0.13617241382598877,0.27031993865966797,0.4647238552570343,-0.05429884046316147,0.2970600426197052,0.5128523707389832,-0.09288103133440018,0.34651628136634827,0.5347268581390381,-0.10421440750360489,0.3772699534893036,0.5408514142036438,-0.10760724544525146,0.25615695118904114,0.5141229629516602,-0.05725403502583504,0.2931416928768158,0.5623806118965149,-0.08944065868854523,0.3380548357963562,0.5679213404655457,-0.08780563622713089,0.36622950434684753,0.5601294040679932,-0.08138780295848846,0.25392770767211914,0.5578395128250122,-0.06384745985269547,0.2854549288749695,0.593003511428833,-0.0830402672290802,0.32288429141044617,0.5928881168365479,-0.08088034391403198,0.3467380702495575,0.5802432298660278,-0.07576765865087509,Right,0.9881660342216492
7406,101,0,0.7317723035812378,0.5982527732849121,-4.0479756080458174e-07,0.7204045057296753,0.5553929805755615,-0.045451585203409195,0.7115307450294495,0.5227949619293213,-0.08058209717273712,0.6926178932189941,0.5390487909317017,-0.10897316038608551,0.6873230934143066,0.5706657767295837,-0.13449616730213165,0.7998044490814209,0.5459979176521301,-0.08652334660291672,0.7528973817825317,0.6062073111534119,-0.12468057870864868,0.6973884701728821,0.6292427182197571,-0.14283595979213715,0.6500177383422852,0.6352505087852478,-0.1501968502998352,0.8199398517608643,0.6102534532546997,-0.07845164835453033,0.7565193772315979,0.676120400428772,-0.11716270446777344,0.6909416317939758,0.683965265750885,-0.12672773003578186,0.6427843570709229,0.6736616492271423,-0.12859320640563965,0.8236275911331177,0.6665256023406982,-0.07120510190725327,0.7614378929138184,0.7222802639007568,-0.10700111091136932,0.7015210390090942,0.7220791578292847,-0.10232776403427124,0.6595978736877441,0.7098814249038696,-0.09225653856992722,0.8141133189201355,0.7105992436408997,-0.06723792105913162,0.7771375179290771,0.756776750087738,-0.09135417640209198,0.7324562072753906,0.7538315653800964,-0.08496133983135223,0.7008112668991089,0.7389413714408875,-0.07495101541280746,Left,0.9935670495033264
7406,101,1,0.3207590878009796,0.5201607942581177,-1.4896905042860453e-07,0.34072145819664,0.4852168560028076,-0.03633550927042961,0.3546799421310425,0.4566960632801056,-0.06324329227209091,0.36682748794555664,0.47038042545318604,-0.08603641390800476,0.3657230734825134,0.5014553070068359,-0.10796017944812775,0.27669277787208557,0.42402341961860657,-0.059875473380088806,0.28565436601638794,0.46072104573249817,-0.09877081960439682,0.31724047660827637,0.4982413947582245,-0.12068105489015579,0.34298527240753174,0.5262942314147949,-0.13021612167358398,0.24845680594444275,0.46563953161239624,-0.05561692640185356,0.2639382779598236,0.5176804661750793,-0.09179476648569107,0.30992916226387024,0.5450252890586853,-0.1016729325056076,0.3406749367713928,0.555841863155365,-0.1033538207411766,0.23446223139762878,0.5113855600357056,-0.05437978357076645,0.2513614296913147,0.5631601810455322,-0.08689015358686447,0.29848140478134155,0.5772329568862915,-0.08591645956039429,0.3296646177768707,0.5751785039901733,-0.07932919263839722,0.23277801275253296,0.5557502508163452,-0.05593316629528999,0.24511007964611053,0.5982401371002197,-0.08041706681251526,0.2824936509132385,0.6054773926734924,-0.08002841472625732,0.3076193630695343,0.5969518423080444,-0.07459240406751633,Right,0.9926650524139404
7480,102,0,0.7587727904319763,0.6007792949676514,-2.489225607860135e-07,0.7357858419418335,0.5556841492652893,-0.058117181062698364,0.721605658531189,0.5180827379226685,-0.10205656290054321,0.7006913423538208,0.5421382784843445,-0.1359396129846573,0.6996269226074219,0.5898623466491699,-0.16574788093566895,0.8093919157981873,0.5472538471221924,-0.113573357462883,0.7656857967376709,0.6145952939987183,-0.1550888568162918,0.7105588316917419,0.6376073956489563,-0.1704854816198349,0.6645945310592651,0.6351601481437683,-0.17656102776527405,0.8333245515823364,0.6122030019760132,-0.10093730688095093,0.7717484831809998,0.6858941912651062,-0.1425154060125351,0.7017900943756104,0.6925583481788635,-0.1512555330991745,0.6560424566268921,0.6761471033096313,-0.15426509082317352,0.8385236859321594,0.6685979962348938,-0.08874846249818802,0.778616189956665,0.7285064458847046,-0.12819713354110718,0.7124747633934021,0.7266870141029358,-0.12360816448926926,0.6684286594390869,0.7084512710571289,-0.1149199977517128,0.8294581770896912,0.7109867334365845,-0.08044376969337463,0.7882294058799744,0.7630280256271362,-0.10983160883188248,0.743366539478302,0.7590606808662415,-0.10697832703590393,0.7143382430076599,0.7403193712234497,-0.10034984350204468,Left,0.9954859018325806
7480,102,1,0.3236050009727478,0.5431467294692993,-3.415987919197505e-07,0.3474575877189636,0.5044335126876831,-0.0415312834084034,0.3545244336128235,0.4685751497745514,-0.0662388950586319,0.34738147258758545,0.489656001329422,-0.08453855663537979,0.3350716829299927,0.5255315899848938,-0.100859634578228,0.26378199458122253,0.44158032536506653,-0.05892764776945114,0.2698381543159485,0.49198824167251587,-0.0950048416852951,0.3033653199672699,0.5341112017631531,-0.11483058333396912,0.3290664255619049,0.5601851344108582,-0.1231413334608078,0.2339549958705902,0.4797084629535675,-0.05082324147224426,0.24373027682304382,0.5462537407875061,-0.08428074419498444,0.28941643238067627,0.5790351033210754,-0.09349213540554047,0.32056835293769836,0.5892730951309204,-0.09421747177839279,0.22179469466209412,0.5217496156692505,-0.04581844061613083,0.23127558827400208,0.5875948667526245,-0.07759951055049896,0.2766740322113037,0.605962336063385,-0.07601287961006165,0.3076295554637909,0.6050333976745605,-0.0683441236615181,0.2229079306125641,0.563075840473175,-0.04379880800843239,0.22777433693408966,0.6149072647094727,-0.06877833604812622,0.26322871446609497,0.6256459951400757,-0.06708943098783493,0.28798410296440125,0.6200582385063171,-0.05960879474878311,Right,0.9938769340515137
7554,103,0,0.7510982751846313,0.5978132486343384,-2.9033878945483593e-07,0.727721095085144,0.5484408736228943,-0.049817997962236404,0.7033791542053223,0.5253084301948547,-0.09132452309131622,0.6747565269470215,0.5611345171928406,-0.12362872064113617,0.6600716710090637,0.599504292011261,-0.1532341092824936,0.7762746810913086,0.5398563742637634,-0.11381538212299347,0.728188693523407,0.6099763512611389,-0.15757550299167633,0.6760831475257874,0.6439774036407471,-0.1748257875442505,0.631956934928894,0.6570610404014587,-0.18306539952754974,0.8039240837097168,0.611559271812439,-0.10586202144622803,0.7368401288986206,0.6892949938774109,-0.14666062593460083,0.6717171669006348,0.706110954284668,-0.15114383399486542,0.6302714347839355,0.7011594176292419,-0.1528530716896057,0.8086758255958557,0.6763550639152527,-0.09803355485200882,0.7410019040107727,0.7414714694023132,-0.13494381308555603,0.6816927194595337,0.7419984936714172,-0.12500229477882385,0.6461435556411743,0.7246124744415283,-0.11504126340150833,0.7991021871566772,0.7265913486480713,-0.0940568670630455,0.7432469725608826,0.7733374238014221,-0.12270564585924149,0.700809895992279,0.7637474536895752,-0.11812406778335571,0.677504301071167,0.7409768104553223,-0.11149436980485916,Left,0.9936007261276245
7554,103,1,0.318074494600296,0.5514119267463684,-3.405332904549141e-07,0.34287402033805847,0.5167216062545776,-0.04941664636135101,0.34955528378486633,0.500542163848877,-0.07955041527748108,0.34502166509628296,0.5491167902946472,-0.10083343088626862,0.337402880191803,0.5964788794517517,-0.12040332704782486,0.2645564377307892,0.4640560746192932,-0.07922153174877167,0.27490901947021484,0.5359346866607666,-0.11741441488265991,0.3041595220565796,0.5875119566917419,-0.13577362895011902,0.3282274007797241,0.6158438324928284,-0.14379870891571045,0.22909723222255707,0.4977947771549225,-0.06735534965991974,0.24015377461910248,0.5809334516525269,-0.10442262142896652,0.282795250415802,0.6201706528663635,-0.11269474774599075,0.31522130966186523,0.6311565041542053,-0.1129014790058136,0.21395036578178406,0.5379095077514648,-0.058017484843730927,0.22773386538028717,0.6191492080688477,-0.09215450286865234,0.2699747383594513,0.6398452520370483,-0.09093978255987167,0.3004262447357178,0.6370953321456909,-0.08403334766626358,0.21310856938362122,0.5781620740890503,-0.05207114294171333,0.22234955430030823,0.6385796070098877,-0.08074712008237839,0.2571267783641815,0.6511496305465698,-0.08129172772169113,0.2819843590259552,0.64496248960495,-0.0755048468708992,Right,0.9939267635345459
7626,104,0,0.7548969388008118,0.5809401273727417,-1.408754144449631e-07,0.7290169596672058,0.5280267000198364,-0.055953480303287506,0.6937384009361267,0.5190956592559814,-0.1010352075099945,0.6571759581565857,0.568179726600647,-0.13518139719963074,0.6431226134300232,0.6201282143592834,-0.16751986742019653,0.7454286813735962,0.5504001975059509,-0.13245630264282227,0.6855306625366211,0.6364875435829163,-0.17758969962596893,0.6326289772987366,0.6800472140312195,-0.19559061527252197,0.5907909274101257,0.6972440481185913,-0.20510943233966827,0.7730057835578918,0.6227238774299622,-0.12212274968624115,0.7074867486953735,0.7257838845252991,-0.16104918718338013,0.6459401845932007,0.7403861284255981,-0.16405978798866272,0.6080155968666077,0.7288552522659302,-0.16707153618335724,0.7820110321044922,0.6816949844360352,-0.11114207655191422,0.715675950050354,0.7682121992111206,-0.1461794525384903,0.6595991849899292,0.7691400051116943,-0.13651368021965027,0.626819908618927,0.7479829788208008,-0.12861084938049316,0.7770840525627136,0.7239699959754944,-0.10422248393297195,0.7217031121253967,0.7867469191551208,-0.1316208392381668,0.6793994903564453,0.7823631167411804,-0.125361368060112,0.656012773513794,0.7605140209197998,-0.1189761534333229,Left,0.9781578779220581
7626,104,1,0.3175939917564392,0.5599405765533447,-4.0249682342619053e-07,0.34268683195114136,0.5314167141914368,-0.04407917335629463,0.35483407974243164,0.5193514823913574,-0.07244903594255447,0.3572383224964142,0.5709795355796814,-0.09288288652896881,0.3580683469772339,0.6240737438201904,-0.11102987825870514,0.2657795548439026,0.48688915371894836,-0.0738353282213211,0.2795148491859436,0.5645861625671387,-0.10671129077672958,0.30895233154296875,0.6241952776908875,-0.1212843731045723,0.3338761031627655,0.6585294008255005,-0.12717127799987793,0.23106063902378082,0.520427405834198,-0.06291427463293076,0.25373604893684387,0.6138997077941895,-0.09414224326610565,0.2971395254135132,0.6520878076553345,-0.09984461963176727,0.3298662602901459,0.6608777046203613,-0.09943387657403946,0.21531403064727783,0.5582215785980225,-0.05360902473330498,0.2418210506439209,0.6463924646377563,-0.07993155717849731,0.2818385064601898,0.6615298986434937,-0.07793477922677994,0.3112606108188629,0.655821681022644,-0.07237014919519424,0.21284183859825134,0.5958499908447266,-0.04773658514022827,0.22909478843212128,0.6575103998184204,-0.07077568024396896,0.2609143555164337,0.6658900380134583,-0.07090671360492706,0.2852967381477356,0.6582012176513672,-0.06555600464344025,Right,0.9955769777297974
7700,105,0,0.7487221360206604,0.5497267246246338,5.768272330897162e-07,0.6956049799919128,0.5345306992530823,-0.05510895326733589,0.6453921794891357,0.5669128894805908,-0.09469395875930786,0.6134361028671265,0.6356495022773743,-0.12022378295660019,0.5956740379333496,0.6958070993423462,-0.14334504306316376,0.7103296518325806,0.5695314407348633,-0.13094760477542877,0.6346465349197388,0.6785351634025574,-0.16792158782482147,0.5899839401245117,0.7286433577537537,-0.1778641939163208,0.558965802192688,0.7586644291877747,-0.18142545223236084,0.7481038570404053,0.6249988079071045,-0.1140553206205368,0.6826322078704834,0.7554171085357666,-0.14946722984313965,0.6230756640434265,0.775500476360321,-0.14690501987934113,0.5871685743331909,0.7617741227149963,-0.1423332393169403,0.7636784315109253,0.672322154045105,-0.09543152898550034,0.700823187828064,0.7848726511001587,-0.12210118770599365,0.6483702659606934,0.797322154045105,-0.11342918872833252,0.6185206174850464,0.7802503108978271,-0.10516570508480072,0.7650883197784424,0.7092787623405457,-0.0801166445016861,0.7169859409332275,0.7917943000793457,-0.10077566653490067,0.6748603582382202,0.8035516738891602,-0.09907131642103195,0.6483891606330872,0.7920166850090027,-0.09513680636882782,Left,0.9904406666755676
7700,105,1,0.31579285860061646,0.5516361594200134,-4.06350721959825e-07,0.3478087782859802,0.5313674211502075,-0.05070864036679268,0.3639066815376282,0.5341092348098755,-0.08332700282335281,0.3647652268409729,0.5970189571380615,-0.10598231106996536,0.35791492462158203,0.6526877284049988,-0.1266871839761734,0.26950135827064514,0.5042833089828491,-0.09078913927078247,0.2863212525844574,0.5957329273223877,-0.12724576890468597,0.31852027773857117,0.664857029914856,-0.1429743766784668,0.3450958728790283,0.7074867486953735,-0.1491534560918808,0.23328851163387299,0.5387884378433228,-0.07666291296482086,0.25305208563804626,0.6363373398780823,-0.1092485785484314,0.2957931458950043,0.682320773601532,-0.11533187329769135,0.3300822973251343,0.700019359588623,-0.11573274433612823,0.21671387553215027,0.5748129487037659,-0.06364092975854874,0.24413847923278809,0.6672317981719971,-0.09073057025671005,0.28730273246765137,0.6878106594085693,-0.08853768557310104,0.3219609260559082,0.6871671676635742,-0.08314352482557297,0.2148924171924591,0.6083847284317017,-0.05426723510026932,0.2359204739332199,0.676888108253479,-0.07828619331121445,0.26709115505218506,0.6907100677490234,-0.07879124581813812,0.293203204870224,0.6864885687828064,-0.07358196377754211,Right,0.9954670667648315
7774,106,0,0.7570684552192688,0.5511171221733093,5.979378556730808e-07,0.6880193948745728,0.5313407778739929,-0.035510528832674026,0.625964879989624,0.571549654006958,-0.061919208616018295,0.5872822999954224,0.6366373300552368,-0.07712063193321228,0.5459782481193542,0.6674579381942749,-0.09145983308553696,0.6660504937171936,0.5978443026542664,-0.11136487126350403,0.6251887083053589,0.6980754137039185,-0.14510901272296906,0.5910230278968811,0.759680986404419,-0.15232612192630768,0.5629886388778687,0.8023218512535095,-0.1520456075668335,0.7073132395744324,0.6471817493438721,-0.09835075587034225,0.6633562445640564,0.7599161267280579,-0.1303635835647583,0.6220871210098267,0.7935584187507629,-0.1252540647983551,0.5955532193183899,0.7920901775360107,-0.11620580404996872,0.7336817383766174,0.6846314072608948,-0.0824093148112297,0.6933353543281555,0.7903774976730347,-0.10728175193071365,0.648514449596405,0.8105261325836182,-0.10103446245193481,0.6192407608032227,0.8003519773483276,-0.0910293385386467,0.7479110360145569,0.7096135020256042,-0.06766904145479202,0.7142547965049744,0.7927728295326233,-0.08649644255638123,0.6779278516769409,0.8110454678535461,-0.08674807846546173,0.6502920389175415,0.8046301603317261,-0.081936776638031,Left,0.9978055357933044
7774,106,1,0.32425427436828613,0.5458497405052185,-4.0229184605777846e-07,0.35393768548965454,0.5359523296356201,-0.06427790224552155,0.3656918406486511,0.5613332986831665,-0.10283161699771881,0.36646562814712524,0.6312878727912903,-0.125919908285141,0.3629739284515381,0.6854238510131836,-0.1445145457983017,0.2805061638355255,0.5293917059898376,-0.12060268223285675,0.29751378297805786,0.6303693056106567,-0.1596597135066986,0.3282501697540283,0.6978397369384766,-0.16909444332122803,0.3524225354194641,0.7375160455703735,-0.1706979125738144,0.24178501963615417,0.5586230754852295,-0.09967911243438721,0.26367464661598206,0.6768383383750916,-0.13611839711666107,0.3069703280925751,0.7142040729522705,-0.13394016027450562,0.338701456785202,0.7172512412071228,-0.12826687097549438,0.2219541221857071,0.5918647646903992,-0.08027166873216629,0.2475062608718872,0.7003362774848938,-0.11076093465089798,0.2877735197544098,0.7132198214530945,-0.10200288146734238,0.31480294466018677,0.7005051970481873,-0.09206853061914444,0.2176850140094757,0.6230345368385315,-0.06536693871021271,0.23618820309638977,0.6981878280639648,-0.09425690025091171,0.2637178599834442,0.7032304406166077,-0.0952635332942009,0.2839944362640381,0.6890702843666077,-0.08982846885919571,Right,0.9352059364318848
7847,107,0,0.7562882304191589,0.5569921135902405,5.814871428810875e-07,0.6796124577522278,0.5477929711341858,-0.029442960396409035,0.6167789697647095,0.6007059216499329,-0.04972786828875542,0.589860737323761,0.67597496509552,-0.058800190687179565,0.5716554522514343,0.734144389629364,-0.06807194650173187,0.6461257934570312,0.5990921258926392,-0.10818316787481308,0.6065235733985901,0.7092292308807373,-0.13833671808242798,0.5762518644332886,0.7716554999351501,-0.14395208656787872,0.5519098043441772,0.8158266544342041,-0.14289490878582,0.6912105679512024,0.6437086462974548,-0.09906820952892303,0.6494771242141724,0.7600765228271484,-0.12881726026535034,0.609977126121521,0.7966248989105225,-0.12435305118560791,0.5837676525115967,0.7989398837089539,-0.1168084517121315,0.725871741771698,0.681399405002594,-0.08691029250621796,0.684435248374939,0.789894700050354,-0.10704115778207779,0.6426118016242981,0.8097913861274719,-0.10149192065000534,0.6135914921760559,0.7990444302558899,-0.09357162564992905,0.748620331287384,0.70835942029953,-0.07556769251823425,0.711427628993988,0.7971234917640686,-0.08981683850288391,0.6772765517234802,0.8148651719093323,-0.08928123116493225,0.6522728800773621,0.808457612991333,-0.08519953489303589,Left,0.9982103705406189
7847,107,1,0.32135698199272156,0.5356975793838501,-2.9165221349103376e-07,0.355514794588089,0.5451029539108276,-0.08549179881811142,0.37075546383857727,0.5887815356254578,-0.1359652876853943,0.37254852056503296,0.6513173580169678,-0.16423945128917694,0.36607053875923157,0.7035627365112305,-0.1885833442211151,0.29534873366355896,0.5468654632568359,-0.17001530528068542,0.30799075961112976,0.6614930629730225,-0.21620555222034454,0.33422091603279114,0.722371518611908,-0.226507768034935,0.357526034116745,0.7578065991401672,-0.22795331478118896,0.252101868391037,0.5709111094474792,-0.13682065904140472,0.27016720175743103,0.6914024949073792,-0.17993931472301483,0.3104311227798462,0.7383986711502075,-0.1766928881406784,0.3436601758003235,0.7479985952377319,-0.1717601716518402,0.2288670539855957,0.6061005592346191,-0.10447583347558975,0.24480198323726654,0.710077702999115,-0.14730538427829742,0.2834727168083191,0.7345490455627441,-0.14432448148727417,0.31070587038993835,0.7286928296089172,-0.13726665079593658,0.21997204422950745,0.6386274099349976,-0.07599742710590363,0.23279885947704315,0.7070373296737671,-0.11380334943532944,0.2577334940433502,0.7185397148132324,-0.11894235759973526,0.2778564989566803,0.708672821521759,-0.11696667224168777,Right,0.9572191834449768
7921,108,0,0.7538997530937195,0.559106171131134,5.209371352066228e-07,0.6783307194709778,0.5571331977844238,-0.024402057752013206,0.618463933467865,0.6135022044181824,-0.049088407307863235,0.5816586017608643,0.6856069564819336,-0.06391679495573044,0.5504622459411621,0.7428925633430481,-0.08010025322437286,0.6385474801063538,0.5981181859970093,-0.1177351176738739,0.5950123071670532,0.7093122601509094,-0.1544054001569748,0.5629054307937622,0.7731854915618896,-0.16375568509101868,0.5379005074501038,0.8188266754150391,-0.16476356983184814,0.6859748363494873,0.6378622651100159,-0.11442036926746368,0.6462202668190002,0.7566865682601929,-0.15126213431358337,0.6049479842185974,0.7979273796081543,-0.14775703847408295,0.5786795020103455,0.8030096292495728,-0.14072579145431519,0.7252029180526733,0.6747526526451111,-0.10744673013687134,0.6835039258003235,0.787411630153656,-0.13306203484535217,0.6390421986579895,0.8151353597640991,-0.126346617937088,0.6084681749343872,0.8078384399414062,-0.11713514477014542,0.7549569010734558,0.7021106481552124,-0.10047796368598938,0.7169069647789001,0.7986792922019958,-0.11825840920209885,0.6812264323234558,0.8212539553642273,-0.11675642430782318,0.6556911468505859,0.8149124383926392,-0.11143475770950317,Left,0.9996261596679688
7921,108,1,0.3216422200202942,0.5215557217597961,-3.003033839377167e-07,0.35834330320358276,0.5405860543251038,-0.06475487351417542,0.37517422437667847,0.5913385152816772,-0.10753597319126129,0.37123537063598633,0.6571878790855408,-0.13462978601455688,0.36879271268844604,0.7160139083862305,-0.15878918766975403,0.30509066581726074,0.5460391640663147,-0.13364040851593018,0.31615495681762695,0.6649119257926941,-0.17405660450458527,0.33503830432891846,0.7303869724273682,-0.18599122762680054,0.35017386078834534,0.7692464590072632,-0.18945391476154327,0.2595091164112091,0.5676237344741821,-0.11043262481689453,0.2693309187889099,0.6868867874145508,-0.1454171985387802,0.30298441648483276,0.7338081002235413,-0.14059484004974365,0.3282499313354492,0.7422374486923218,-0.13581612706184387,0.23602144420146942,0.5984257459640503,-0.08785457909107208,0.23931977152824402,0.7003099322319031,-0.12377618998289108,0.271664559841156,0.7326778769493103,-0.11916711926460266,0.2937897741794586,0.7311536073684692,-0.11222133040428162,0.22512352466583252,0.6315969228744507,-0.06785839051008224,0.22184810042381287,0.7024019360542297,-0.09704899042844772,0.2457597702741623,0.7237352728843689,-0.09689084440469742,0.26531171798706055,0.7180741429328918,-0.0928911343216896,Right,0.9956138730049133
7994,109,0,0.7535497546195984,0.5560306310653687,4.2489750740060117e-07,0.6809725761413574,0.5574407577514648,-0.018405677750706673,0.6270267963409424,0.6068316102027893,-0.04134781286120415,0.6019658446311951,0.6738308668136597,-0.056310273706912994,0.583965539932251,0.7276753783226013,-0.0732150673866272,0.6353591680526733,0.5922350883483887,-0.11383188515901566,0.5838050842285156,0.6966806650161743,-0.15203100442886353,0.5521740317344666,0.7644475698471069,-0.16530270874500275,0.5252302885055542,0.8121594190597534,-0.17029641568660736,0.6821483373641968,0.625565767288208,-0.11420875787734985,0.6534438133239746,0.7391119599342346,-0.15130430459976196,0.6141303181648254,0.7970957159996033,-0.15261776745319366,0.5849218368530273,0.8164379000663757,-0.15148182213306427,0.722977876663208,0.6573101282119751,-0.11067792773246765,0.6946151852607727,0.7627014517784119,-0.13544969260692596,0.6569867730140686,0.8052183985710144,-0.13253022730350494,0.6303147077560425,0.8082523941993713,-0.1278514415025711,0.7562810182571411,0.6825551390647888,-0.10698892921209335,0.7352488040924072,0.7767910361289978,-0.12639948725700378,0.7059457302093506,0.8123081922531128,-0.1295258104801178,0.6816577911376953,0.8162012100219727,-0.128535658121109,Left,0.9997674226760864
7994,109,1,0.32282981276512146,0.5217002630233765,-2.5962143013202876e-07,0.3630934953689575,0.5412845015525818,-0.06117195263504982,0.3831905722618103,0.5908169150352478,-0.10436971485614777,0.3815367519855499,0.6547344326972961,-0.13418488204479218,0.38372430205345154,0.7141574621200562,-0.1617250293493271,0.3104236125946045,0.5549061298370361,-0.1288115680217743,0.3237795829772949,0.6734471321105957,-0.17222310602664948,0.3437008559703827,0.7433253526687622,-0.18860267102718353,0.3577638268470764,0.7844730615615845,-0.1951332688331604,0.26380455493927,0.5757796168327332,-0.10973859578371048,0.26200857758522034,0.6816117763519287,-0.15087802708148956,0.29471567273139954,0.7373647093772888,-0.15344077348709106,0.32348453998565674,0.7541477680206299,-0.15224917232990265,0.238826185464859,0.6040759086608887,-0.09104420989751816,0.22879283130168915,0.6998292803764343,-0.13206063210964203,0.2612836956977844,0.7431296706199646,-0.13437330722808838,0.2876911163330078,0.7522909641265869,-0.13054022192955017,0.22647219896316528,0.634210467338562,-0.07417341321706772,0.21265676617622375,0.7060948610305786,-0.10371942073106766,0.2366166114807129,0.7347456216812134,-0.10500888526439667,0.25978419184684753,0.7360314130783081,-0.10208043456077576,Right,0.9956873655319214
8066,110,0,0.7523806691169739,0.569088876247406,3.122351586171135e-07,0.6788609623908997,0.5752147436141968,-0.028298748657107353,0.6202489733695984,0.63829505443573,-0.05568822845816612,0.5796590447425842,0.7053921222686768,-0.07457437366247177,0.5394937992095947,0.7418294548988342,-0.09573148936033249,0.6364272832870483,0.6144037246704102,-0.11830239742994308,0.5933594107627869,0.711241602897644,-0.16264301538467407,0.563913106918335,0.7821914553642273,-0.18336863815784454,0.5375708341598511,0.8378774523735046,-0.19566664099693298,0.6887592077255249,0.6398255825042725,-0.11888060718774796,0.6718984842300415,0.7389681339263916,-0.16596481204032898,0.6393613219261169,0.8142988681793213,-0.1799653172492981,0.6088007092475891,0.8627567887306213,-0.19013483822345734,0.7338984608650208,0.6676890254020691,-0.11683867871761322,0.7205938100814819,0.7616168260574341,-0.1539999097585678,0.6863501071929932,0.8296149373054504,-0.16388346254825592,0.6511625051498413,0.8702093958854675,-0.169669508934021,0.7703097462654114,0.6925817728042603,-0.11503494530916214,0.7629542350769043,0.784308671951294,-0.1454635113477707,0.7381333708763123,0.8342684507369995,-0.15805229544639587,0.7098466753959656,0.8601201176643372,-0.16560277342796326,Left,0.9996796250343323
8066,110,1,0.3218785524368286,0.5180894732475281,-2.852059708402521e-07,0.36297082901000977,0.5413774251937866,-0.05693269893527031,0.38124001026153564,0.5918829441070557,-0.09903860837221146,0.3782085180282593,0.6501331925392151,-0.12894916534423828,0.3902997374534607,0.6941514611244202,-0.15742775797843933,0.3103640675544739,0.5534641146659851,-0.12991788983345032,0.31551095843315125,0.6637360453605652,-0.1791980117559433,0.3307451605796814,0.7389392852783203,-0.2020811289548874,0.34265562891960144,0.7904218435287476,-0.2131834328174591,0.25974810123443604,0.5740945339202881,-0.1147412583231926,0.2506508231163025,0.6677589416503906,-0.1613704264163971,0.2811374068260193,0.7369523048400879,-0.16926059126853943,0.313996285200119,0.7695522904396057,-0.1715102195739746,0.2300330400466919,0.5998743772506714,-0.09984158724546432,0.2168227583169937,0.683620035648346,-0.1421525776386261,0.24641895294189453,0.7448656558990479,-0.1500006467103958,0.2769506871700287,0.7749153971672058,-0.15042796730995178,0.21385857462882996,0.626879870891571,-0.086861751973629,0.20066417753696442,0.6895604133605957,-0.11460443586111069,0.2214757353067398,0.7316284775733948,-0.12001600116491318,0.2448505163192749,0.753147304058075,-0.12126737833023071,Right,0.9948844313621521
8137,111,0,0.7735504508018494,0.5805515646934509,2.581886917596421e-07,0.6978521943092346,0.5819747447967529,-0.025063881650567055,0.6337668895721436,0.6410340666770935,-0.04669355973601341,0.5922555923461914,0.7051527500152588,-0.06103066727519035,0.5505381226539612,0.7339008450508118,-0.07796158641576767,0.6540595293045044,0.6421525478363037,-0.10266584903001785,0.6167457699775696,0.7250503301620483,-0.14073947072029114,0.5909851789474487,0.7912585735321045,-0.1598885953426361,0.5681817531585693,0.8464532494544983,-0.1726597100496292,0.7061716318130493,0.6705406308174133,-0.10256370157003403,0.6966139674186707,0.7694600820541382,-0.14584468305110931,0.6712189316749573,0.8500910997390747,-0.16441196203231812,0.6449792981147766,0.9102298021316528,-0.17842137813568115,0.7508057951927185,0.6946168541908264,-0.09918845444917679,0.747994065284729,0.7894806861877441,-0.1332617700099945,0.724748432636261,0.8603936433792114,-0.14697708189487457,0.6969805359840393,0.9127881526947021,-0.15674160420894623,0.7873993515968323,0.7129178047180176,-0.09572771191596985,0.7902777791023254,0.788576066493988,-0.12529988586902618,0.7772375345230103,0.8359971046447754,-0.13996180891990662,0.7561119198799133,0.8721007108688354,-0.14948225021362305,Left,0.9993858933448792
8137,111,1,0.3140918016433716,0.514187753200531,-2.1301734420831053e-07,0.35263746976852417,0.5405474901199341,-0.054378967732191086,0.3735978603363037,0.5882459878921509,-0.09379038214683533,0.3834806978702545,0.6403593420982361,-0.12345977127552032,0.4102637767791748,0.6712419390678406,-0.15224412083625793,0.3057538568973541,0.5569892525672913,-0.11420400440692902,0.31007522344589233,0.6542242169380188,-0.16037216782569885,0.31921282410621643,0.7249926924705505,-0.1825222373008728,0.3265209496021271,0.7764614820480347,-0.19372761249542236,0.2567373514175415,0.5737723708152771,-0.10254617035388947,0.2396700084209442,0.6731217503547668,-0.14874446392059326,0.2682412564754486,0.7463650107383728,-0.15997034311294556,0.30068784952163696,0.7825950980186462,-0.16331768035888672,0.2238040566444397,0.5936453342437744,-0.09176092594861984,0.20402425527572632,0.6816158294677734,-0.13353227078914642,0.23430784046649933,0.7490302324295044,-0.14426954090595245,0.2665700316429138,0.7818753123283386,-0.1452229619026184,0.20394134521484375,0.6141372323036194,-0.08335376530885696,0.1822909712791443,0.6794047355651855,-0.10866624861955643,0.19956347346305847,0.7282878160476685,-0.11453382670879364,0.22274377942085266,0.7522658705711365,-0.11609888076782227,Right,0.9961645007133484
8209,112,0,0.7935201525688171,0.5714655518531799,2.3427155326771754e-07,0.7182586789131165,0.5754510164260864,-0.03121531940996647,0.6543257236480713,0.6344834566116333,-0.052631132304668427,0.6127564311027527,0.6973134279251099,-0.06679034233093262,0.5660138130187988,0.7136315703392029,-0.08341865986585617,0.6877530813217163,0.6549922823905945,-0.09373053908348083,0.6640382409095764,0.7455123662948608,-0.13062448799610138,0.6448204517364502,0.8177998065948486,-0.15048374235630035,0.6264171004295349,0.877598762512207,-0.16401782631874084,0.7411176562309265,0.6792280673980713,-0.09149165451526642,0.7397139072418213,0.7777276039123535,-0.1298663169145584,0.7209692597389221,0.860959529876709,-0.14832139015197754,0.700272798538208,0.9282413721084595,-0.16261865198612213,0.7857375741004944,0.6960462331771851,-0.08770888298749924,0.7946205139160156,0.7834760546684265,-0.12011807411909103,0.7801400423049927,0.8543955087661743,-0.13469527661800385,0.7594026923179626,0.9147942066192627,-0.144724041223526,0.8213838934898376,0.7061468958854675,-0.08498416095972061,0.8371800780296326,0.7814234495162964,-0.11335182934999466,0.8310884237289429,0.834316074848175,-0.1275937259197235,0.8157259821891785,0.879267692565918,-0.13677404820919037,Left,0.9946821928024292
8209,112,1,0.3006506860256195,0.5249062180519104,8.847580801329968e-08,0.3402062654495239,0.5576428174972534,-0.05748303607106209,0.3679538667201996,0.6071827411651611,-0.10002969205379486,0.3929515779018402,0.6538443565368652,-0.1314723640680313,0.4295319616794586,0.6744338870048523,-0.16279229521751404,0.3016268312931061,0.5698897838592529,-0.12782368063926697,0.3003878593444824,0.6542943716049194,-0.1744820475578308,0.3016154170036316,0.7282794117927551,-0.1979336440563202,0.30197009444236755,0.7887519598007202,-0.21052147448062897,0.25165703892707825,0.5790406465530396,-0.11411174386739731,0.21861030161380768,0.6654778718948364,-0.1596393883228302,0.22592981159687042,0.7549530267715454,-0.17290650308132172,0.24526041746139526,0.8157622814178467,-0.17920105159282684,0.2167472392320633,0.5957525968551636,-0.10004829615354538,0.18309415876865387,0.6781660914421082,-0.14191046357154846,0.19897858798503876,0.7537949085235596,-0.15521828830242157,0.22526398301124573,0.7967669367790222,-0.15790851414203644,0.19714583456516266,0.6161752939224243,-0.08828999102115631,0.1641806960105896,0.6824686527252197,-0.11419502645730972,0.17070981860160828,0.7331777811050415,-0.12125877290964127,0.18978765606880188,0.7604010701179504,-0.12347665429115295,Right,0.9954811930656433
8278,113,0,0.8195127844810486,0.5420701503753662,3.316292236377194e-07,0.7470226883888245,0.5627371668815613,-0.033148739486932755,0.6848376989364624,0.6237294673919678,-0.05930652841925621,0.6403775215148926,0.6811873316764832,-0.0782216265797615,0.5939144492149353,0.7056475877761841,-0.10011851787567139,0.7264267206192017,0.6435472965240479,-0.10756359249353409,0.7042420506477356,0.7454530000686646,-0.1448821723461151,0.6873814463615417,0.8188753128051758,-0.16167816519737244,0.6714479327201843,0.8817839622497559,-0.17310580611228943,0.777801513671875,0.6662781834602356,-0.10548323392868042,0.7756363153457642,0.7761910557746887,-0.14589928090572357,0.7599472999572754,0.8645991086959839,-0.16305148601531982,0.7420239448547363,0.9336731433868408,-0.17698721587657928,0.8213546872138977,0.6821376085281372,-0.10118009150028229,0.8276103138923645,0.7839429974555969,-0.13494625687599182,0.8106709122657776,0.8594544529914856,-0.15057608485221863,0.788466215133667,0.9161993861198425,-0.16199253499507904,0.8560048341751099,0.6915057301521301,-0.09769442677497864,0.8690328598022461,0.782389760017395,-0.1269991099834442,0.8602513670921326,0.8378880023956299,-0.14328087866306305,0.8429892063140869,0.8774559497833252,-0.15501879155635834,Left,0.9929475784301758
8278,113,1,0.2940463721752167,0.5254978537559509,1.9485666769014642e-07,0.3341524600982666,0.5704803466796875,-0.055909138172864914,0.36620593070983887,0.6252985596656799,-0.10293426364660263,0.3984394669532776,0.6706889867782593,-0.13861200213432312,0.4376617968082428,0.6911503672599792,-0.17477001249790192,0.29989781975746155,0.5988966226577759,-0.1429632157087326,0.29911741614341736,0.6809059381484985,-0.19760552048683167,0.2994168698787689,0.7542635202407837,-0.22789083421230316,0.30299264192581177,0.812861442565918,-0.24565203487873077,0.25329452753067017,0.602855384349823,-0.13082130253314972,0.21616096794605255,0.6738787889480591,-0.18990227580070496,0.21602284908294678,0.7580205202102661,-0.21439950168132782,0.2334197461605072,0.8165073990821838,-0.22884920239448547,0.22125478088855743,0.616145670413971,-0.11704809963703156,0.17888186872005463,0.6778691411018372,-0.16686902940273285,0.18206670880317688,0.7524272203445435,-0.19198061525821686,0.20142069458961487,0.7974867820739746,-0.20393262803554535,0.20392170548439026,0.6314737796783447,-0.10466713458299637,0.16663582623004913,0.6769084334373474,-0.1392030119895935,0.16152629256248474,0.7257933616638184,-0.1592370718717575,0.17099395394325256,0.760114312171936,-0.17188021540641785,Right,0.9918622970581055
8348,114,0,0.8308430314064026,0.5270041823387146,4.5054272845845844e-07,0.7563297748565674,0.5524987578392029,-0.027649706229567528,0.694616973400116,0.614351212978363,-0.050705552101135254,0.6480833292007446,0.673122763633728,-0.06812947243452072,0.6009844541549683,0.6996439695358276,-0.08795809745788574,0.7333993315696716,0.6411764621734619,-0.09105156362056732,0.707846999168396,0.7412214875221252,-0.12697385251522064,0.6890078186988831,0.8133724331855774,-0.143533393740654,0.6709357500076294,0.8750358819961548,-0.1543697565793991,0.7843901515007019,0.666386604309082,-0.09151235967874527,0.7748275995254517,0.7745168805122375,-0.12848947942256927,0.7564605474472046,0.8571900129318237,-0.14368082582950592,0.7360888719558716,0.9243871569633484,-0.15554141998291016,0.8292183876037598,0.6824054718017578,-0.09062749892473221,0.8271872401237488,0.7811873555183411,-0.12339462339878082,0.8074502348899841,0.8549907207489014,-0.13820311427116394,0.7841317653656006,0.9136778116226196,-0.1481511890888214,0.8652849197387695,0.690342903137207,-0.09044139087200165,0.8714398145675659,0.7782135605812073,-0.12012483179569244,0.8615658283233643,0.8343825340270996,-0.13626700639724731,0.844139575958252,0.8813374638557434,-0.14713577926158905,Left,0.9843505620956421
8348,114,1,0.295885294675827,0.5193285346031189,2.6586991452859365e-07,0.3367699086666107,0.5637675523757935,-0.04394158348441124,0.3659728765487671,0.6197613477706909,-0.0800168439745903,0.39945924282073975,0.6693461537361145,-0.10652749985456467,0.4394737482070923,0.6872122287750244,-0.13318434357643127,0.3046817481517792,0.5975231528282166,-0.11556851863861084,0.3029803931713104,0.6872226595878601,-0.15832684934139252,0.302453875541687,0.7584480047225952,-0.18087711930274963,0.30604177713394165,0.8148688077926636,-0.19332771003246307,0.25413161516189575,0.599186360836029,-0.10499788820743561,0.21719318628311157,0.6816619038581848,-0.15002869069576263,0.21850734949111938,0.7638864517211914,-0.16527076065540314,0.23854470252990723,0.8185216188430786,-0.17285598814487457,0.2215060293674469,0.6089310646057129,-0.09277299791574478,0.1768285036087036,0.6773664355278015,-0.13142268359661102,0.17740486562252045,0.7521631121635437,-0.14786116778850555,0.19753342866897583,0.7977844476699829,-0.15325422585010529,0.20602640509605408,0.6220229864120483,-0.08135576546192169,0.16504710912704468,0.672614336013794,-0.1076045036315918,0.1594686508178711,0.7238041162490845,-0.11986777931451797,0.1715444028377533,0.760954737663269,-0.1258969008922577,Right,0.9907118678092957
8415,115,0,0.8256481885910034,0.5318964719772339,5.150259312358685e-07,0.7517548203468323,0.5547857284545898,-0.032832071185112,0.6926654577255249,0.6152701377868652,-0.05880291387438774,0.6482674479484558,0.6742283701896667,-0.07830172777175903,0.6004539728164673,0.7016521692276001,-0.09997130185365677,0.7310268878936768,0.6358281970024109,-0.09713228791952133,0.7072175145149231,0.7349454760551453,-0.13598419725894928,0.6891414523124695,0.8093733191490173,-0.15425464510917664,0.6717153191566467,0.874011218547821,-0.16620981693267822,0.7821831703186035,0.6611286401748657,-0.09582583606243134,0.7716336250305176,0.7679765224456787,-0.13572941720485687,0.7535425424575806,0.8527289628982544,-0.1515463888645172,0.7324405312538147,0.9243788719177246,-0.16364559531211853,0.8278250098228455,0.6803249716758728,-0.09371275454759598,0.8241520524024963,0.7772992253303528,-0.12852339446544647,0.8056753873825073,0.8527607917785645,-0.1428239494562149,0.7821875214576721,0.9151901602745056,-0.15223363041877747,0.8651924133300781,0.692409098148346,-0.09292005002498627,0.8690610527992249,0.7779715061187744,-0.12391311675310135,0.8586974740028381,0.8340431451797485,-0.14020568132400513,0.8405277729034424,0.8816259503364563,-0.15116684138774872,Left,0.9838890433311462
8415,115,1,0.29959720373153687,0.5170254707336426,2.629077755500475e-07,0.3379053473472595,0.5639621615409851,-0.041183680295944214,0.36640235781669617,0.6206040978431702,-0.0751228854060173,0.4000357389450073,0.6708583831787109,-0.10040883719921112,0.4391136169433594,0.690335214138031,-0.12582705914974213,0.3060843348503113,0.6010369062423706,-0.10674848407506943,0.3026685416698456,0.6899843215942383,-0.1471068561077118,0.3027373254299164,0.7619113326072693,-0.16766221821308136,0.3058096170425415,0.8192726373672485,-0.17880961298942566,0.2553768455982208,0.6020941734313965,-0.09786596149206161,0.21606165170669556,0.6823431253433228,-0.14129289984703064,0.218436598777771,0.7646973133087158,-0.15444466471672058,0.23866373300552368,0.819572925567627,-0.16001033782958984,0.22285598516464233,0.6098926067352295,-0.08775444328784943,0.17597270011901855,0.6746957898139954,-0.12474330514669418,0.1753159463405609,0.7492746114730835,-0.13854840397834778,0.19352442026138306,0.7973130941390991,-0.141994446516037,0.20809480547904968,0.6198751926422119,-0.07864607870578766,0.16478678584098816,0.6663714647293091,-0.10346493124961853,0.1571352332830429,0.7182654738426208,-0.11384847015142441,0.1671333611011505,0.7583739757537842,-0.11833896487951279,Right,0.9866935014724731
