timestamp_ms,frame,hand,x0,y0,z0,x1,y1,z1,x2,y2,z2,x3,y3,z3,x4,y4,z4,x5,y5,z5,x6,y6,z6,x7,y7,z7,x8,y8,z8,x9,y9,z9,x10,y10,z10,x11,y11,z11,x12,y12,z12,x13,y13,z13,x14,y14,z14,x15,y15,z15,x16,y16,z16,x17,y17,z17,x18,y18,z18,x19,y19,z19,x20,y20,z20,handedness,handedness_score
0,1,0,0.7819851040840149,0.4260108768939972,5.6448694607524885e-08,0.7265881299972534,0.4463854730129242,-0.024287482723593712,0.6727929711341858,0.49364525079727173,-0.044306594878435135,0.6243249177932739,0.5268619656562805,-0.06054718419909477,0.5850306153297424,0.5424591898918152,-0.07966046780347824,0.717607319355011,0.5274618864059448,-0.0758805200457573,0.7096843123435974,0.6003630757331848,-0.10479984432458878,0.7095145583152771,0.6534429788589478,-0.12161386013031006,0.7131104469299316,0.7013579607009888,-0.1338607668876648,0.7624219059944153,0.5382652878761292,-0.07714565098285675,0.7682009339332581,0.6221839189529419,-0.10744020342826843,0.7794463634490967,0.6845355033874512,-0.12371034920215607,0.7941795587539673,0.7386431694030762,-0.13761641085147858,0.8004132509231567,0.5424118041992188,-0.07662779837846756,0.8150338530540466,0.6231800317764282,-0.10286436229944229,0.8306363821029663,0.679239809513092,-0.1147976890206337,0.8469371795654297,0.7275977730751038,-0.12432069331407547,0.8314746022224426,0.5404655337333679,-0.07693137228488922,0.8559448719024658,0.6072431802749634,-0.09973158687353134,0.8768984079360962,0.6477766633033752,-0.1101466715335846,0.8964148759841919,0.6834560632705688,-0.11785010248422623,Left,0.9436520934104919
0,1,1,0.27724024653434753,0.38825762271881104,5.892348440283968e-07,0.32430216670036316,0.4279501736164093,-0.04144918546080589,0.3643760681152344,0.47171056270599365,-0.07917823642492294,0.40186530351638794,0.5053741335868835,-0.1085788756608963,0.4382379353046417,0.5296878814697266,-0.14030954241752625,0.303973913192749,0.5045875310897827,-0.1155165284872055,0.30368998646736145,0.5766258835792542,-0.15961460769176483,0.2999591827392578,0.6288421154022217,-0.18460164964199066,0.2922000288963318,0.6752055883407593,-0.20076164603233337,0.26269492506980896,0.5076847672462463,-0.10915392637252808,0.24605894088745117,0.588060200214386,-0.1585509479045868,0.2321179360151291,0.6479192972183228,-0.1858261227607727,0.2161126732826233,0.6974511742591858,-0.20641539990901947,0.23085077106952667,0.505479633808136,-0.10032714158296585,0.2079199254512787,0.5748687386512756,-0.14055483043193817,0.18776360154151917,0.6285197734832764,-0.16284388303756714,0.1679394543170929,0.6686274409294128,-0.17775636911392212,0.20850718021392822,0.5001156330108643,-0.09218166023492813,0.17996028065681458,0.5548769235610962,-0.12228130549192429,0.15879040956497192,0.589809238910675,-0.13942773640155792,0.13963814079761505,0.6215711832046509,-0.1526317596435547,Right,0.8692516088485718
46,2,0,0.7833917737007141,0.4286426305770874,2.0811711465285043e-07,0.7244896292686462,0.44754090905189514,-0.02873571403324604,0.6707645654678345,0.49398571252822876,-0.0519743375480175,0.6233094334602356,0.5288393497467041,-0.07060457766056061,0.5824164152145386,0.5422323346138,-0.09204809367656708,0.7182415723800659,0.5335190892219543,-0.08374294638633728,0.7119617462158203,0.6027823686599731,-0.11567199230194092,0.7107117176055908,0.6553646326065063,-0.1340840458869934,0.7113738059997559,0.7054534554481506,-0.1473778337240219,0.7633687853813171,0.5450064539909363,-0.08307890594005585,0.7701736688613892,0.6261807680130005,-0.11570750176906586,0.7796537280082703,0.6882085800170898,-0.13270042836666107,0.7918705940246582,0.7445576190948486,-0.1473791003227234,0.8013868927955627,0.5468251705169678,-0.08078289031982422,0.8169163465499878,0.6235775947570801,-0.1094348281621933,0.8323270082473755,0.6791558265686035,-0.122707799077034,0.8483390808105469,0.7281830310821533,-0.13301454484462738,0.8317244052886963,0.5405298471450806,-0.07967278361320496,0.8559690117835999,0.6049957275390625,-0.10444115102291107,0.8762739300727844,0.6444175243377686,-0.11641587316989899,0.895902156829834,0.6804560422897339,-0.12542389333248138,Left,0.8713521957397461
46,2,1,0.275873064994812,0.3957233130931854,5.254653387964936e-07,0.3238941729068756,0.42716002464294434,-0.04754023626446724,0.36530613899230957,0.46865642070770264,-0.08569847047328949,0.40179669857025146,0.5046178698539734,-0.11541444808244705,0.438393771648407,0.5341761112213135,-0.14689534902572632,0.30353763699531555,0.5052880644798279,-0.11395032703876495,0.3035558760166168,0.5735903382301331,-0.15760284662246704,0.30185624957084656,0.6263884902000427,-0.1833852231502533,0.2950397729873657,0.6745532155036926,-0.20147016644477844,0.26220273971557617,0.5111158490180969,-0.10716906934976578,0.2474987804889679,0.5862395763397217,-0.15743926167488098,0.23385033011436462,0.6449869871139526,-0.18802598118782043,0.217337965965271,0.6940136551856995,-0.21187761425971985,0.23049813508987427,0.5105756521224976,-0.09883057326078415,0.2093975692987442,0.5748167037963867,-0.1410473883152008,0.19151952862739563,0.6271589994430542,-0.16502149403095245,0.1732707917690277,0.6679264307022095,-0.18176615238189697,0.20847457647323608,0.505623996257782,-0.09216735512018204,0.18069851398468018,0.5563791990280151,-0.12544792890548706,0.16134092211723328,0.5897749662399292,-0.14510603249073029,0.1443803608417511,0.6216803789138794,-0.16051903367042542,Right,0.8233335018157959
89,3,0,0.7834776043891907,0.4275192618370056,2.1459396748468862e-07,0.7243484258651733,0.4459214508533478,-0.030225681141018867,0.6707812547683716,0.4936733543872833,-0.05417540296912193,0.623245894908905,0.5288369059562683,-0.0732622742652893,0.581924557685852,0.5413646101951599,-0.09522465616464615,0.7190626263618469,0.5330531597137451,-0.08712513744831085,0.7118280529975891,0.6020588874816895,-0.12015222012996674,0.7104443907737732,0.6547567844390869,-0.13919787108898163,0.7109878659248352,0.7050159573554993,-0.1529034525156021,0.7642403244972229,0.5448775887489319,-0.08599347621202469,0.7701468467712402,0.6257940530776978,-0.12004925310611725,0.7794525623321533,0.688347339630127,-0.1380547285079956,0.7916192412376404,0.7455067038536072,-0.15342843532562256,0.8020281791687012,0.5470262765884399,-0.0830981656908989,0.8174552917480469,0.6243780255317688,-0.11281153559684753,0.8332167863845825,0.680065393447876,-0.12675215303897858,0.8495683670043945,0.729248583316803,-0.13745373487472534,0.8319827318191528,0.5408046841621399,-0.08145588636398315,0.8559731841087341,0.6056857705116272,-0.10678289830684662,0.8761675357818604,0.6450321078300476,-0.11913963407278061,0.895849883556366,0.6808242797851562,-0.1284889280796051,Left,0.853765606880188
89,3,1,0.2758297622203827,0.39480382204055786,5.051077209827781e-07,0.3237496316432953,0.4257054924964905,-0.04540073871612549,0.36502963304519653,0.46791693568229675,-0.08109799772500992,0.4007932245731354,0.504923403263092,-0.10876297205686569,0.4375287890434265,0.5337221622467041,-0.137839213013649,0.30313533544540405,0.5056243538856506,-0.1057174950838089,0.30303147435188293,0.5735679864883423,-0.14558282494544983,0.3015931248664856,0.6257042288780212,-0.1686151921749115,0.295362263917923,0.6736729741096497,-0.18485666811466217,0.2621992230415344,0.5110905766487122,-0.09936675429344177,0.2470349818468094,0.5864623188972473,-0.1456850916147232,0.23349717259407043,0.6451274156570435,-0.17331582307815552,0.21720609068870544,0.6941685676574707,-0.19486701488494873,0.23098348081111908,0.5099028944969177,-0.09176516532897949,0.20913347601890564,0.5747548341751099,-0.13139143586158752,0.19137483835220337,0.6271038055419922,-0.15328195691108704,0.17357319593429565,0.668309211730957,-0.16829511523246765,0.20912505686283112,0.5044028759002686,-0.08585043251514435,0.1804352104663849,0.5561553239822388,-0.1171608716249466,0.16076591610908508,0.5897738337516785,-0.1351158767938614,0.14380836486816406,0.6221081018447876,-0.1490023136138916,Right,0.8292600512504578
131,4,0,0.782960832118988,0.4279995262622833,2.1703590391553007e-07,0.723913848400116,0.4472970962524414,-0.029537443071603775,0.6704802513122559,0.4946145713329315,-0.05302649736404419,0.6234769821166992,0.5294480919837952,-0.07177627831697464,0.5823714733123779,0.5419371128082275,-0.09336940944194794,0.7187865972518921,0.5331583023071289,-0.08526540547609329,0.7114576697349548,0.602463960647583,-0.11747413128614426,0.7102980017662048,0.6551302075386047,-0.13598409295082092,0.7111184597015381,0.7050905227661133,-0.14931537210941315,0.7637915015220642,0.5445039868354797,-0.0843069776892662,0.7698329091072083,0.6263365745544434,-0.1175113171339035,0.7794309258460999,0.6891664862632751,-0.1349937617778778,0.7919283509254456,0.7459925413131714,-0.1499500572681427,0.8014256954193115,0.5462518930435181,-0.08163871616125107,0.8170617818832397,0.6236408948898315,-0.11056510359048843,0.8328446745872498,0.6794736385345459,-0.12426634132862091,0.8492331504821777,0.7285668253898621,-0.13481608033180237,0.8312956094741821,0.5397607088088989,-0.080213762819767,0.8555883765220642,0.6046539545059204,-0.1051553413271904,0.8759618401527405,0.6443266868591309,-0.11737941205501556,0.8957346081733704,0.6803908348083496,-0.12658262252807617,Left,0.8681016564369202
131,4,1,0.2756550908088684,0.394751638174057,5.159903935236798e-07,0.3235231935977936,0.42612317204475403,-0.04549064859747887,0.36514121294021606,0.46801087260246277,-0.08189207315444946,0.4014075696468353,0.5045619010925293,-0.11010248959064484,0.43805432319641113,0.534051775932312,-0.139833465218544,0.30352795124053955,0.504271388053894,-0.10913412272930145,0.3034901022911072,0.5731699466705322,-0.15011246502399445,0.3016035854816437,0.6259740591049194,-0.1735582798719406,0.29486024379730225,0.6741741895675659,-0.18990080058574677,0.2623187303543091,0.5100999474525452,-0.10260913521051407,0.2476816028356552,0.5856364965438843,-0.15020112693309784,0.23411038517951965,0.6451034545898438,-0.17813727259635925,0.21782749891281128,0.6941258907318115,-0.19981670379638672,0.23069828748703003,0.5092381834983826,-0.09456560760736465,0.20915940403938293,0.574420154094696,-0.13511985540390015,0.19139549136161804,0.6273398399353027,-0.1571371853351593,0.17353574931621552,0.6687833666801453,-0.1721506416797638,0.20861895382404327,0.5043201446533203,-0.088065966963768,0.18025341629981995,0.556342601776123,-0.11985618621110916,0.16083048284053802,0.5901858806610107,-0.13785108923912048,0.14396537840366364,0.6223954558372498,-0.15175141394138336,Right,0.8379502296447754
176,5,0,0.7824255228042603,0.4281389117240906,2.1729466936903918e-07,0.7239617705345154,0.44735732674598694,-0.029933838173747063,0.670631468296051,0.4945890009403229,-0.053825803101062775,0.6234031915664673,0.5291352868080139,-0.07293547689914703,0.5821187496185303,0.541885495185852,-0.09490383416414261,0.7186752557754517,0.5334463119506836,-0.08605219423770905,0.7115334868431091,0.6025602221488953,-0.11874962598085403,0.7103015184402466,0.6551862955093384,-0.137651726603508,0.7109749913215637,0.70502108335495,-0.15121328830718994,0.7637600898742676,0.5447049140930176,-0.085067518055439,0.7700735926628113,0.6259506940841675,-0.11861670762300491,0.7797000408172607,0.6885420083999634,-0.13634134829044342,0.7920742034912109,0.7453131675720215,-0.15150244534015656,0.8014723062515259,0.5463157892227173,-0.08240509033203125,0.8171423077583313,0.6235455274581909,-0.11160251498222351,0.8329713344573975,0.6793414950370789,-0.12538109719753265,0.8492519855499268,0.7283821105957031,-0.13598939776420593,0.8314135074615479,0.5396358370780945,-0.08101152628660202,0.8558672666549683,0.6045878529548645,-0.10607244819402695,0.8761711716651917,0.6442136168479919,-0.11832456290721893,0.895775556564331,0.6802039742469788,-0.12756212055683136,Left,0.8609139323234558
176,5,1,0.2755022644996643,0.39480891823768616,5.264926130621461e-07,0.3237367868423462,0.426615834236145,-0.0464450977742672,0.3653920590877533,0.4683759808540344,-0.08367324620485306,0.4016514718532562,0.504279375076294,-0.11249049007892609,0.4381282329559326,0.5338626503944397,-0.1429620087146759,0.3036946952342987,0.5053191184997559,-0.11237059533596039,0.303462952375412,0.5738438367843628,-0.15449710190296173,0.30195456743240356,0.626682460308075,-0.17882491648197174,0.29562804102897644,0.6748989820480347,-0.19585993885993958,0.2622847259044647,0.511041522026062,-0.1054827868938446,0.2473723590373993,0.5863320231437683,-0.1548372358083725,0.2337058186531067,0.6456096172332764,-0.18436801433563232,0.2172827571630478,0.6946831941604614,-0.2073223739862442,0.23056355118751526,0.5102034211158752,-0.0968559980392456,0.20921561121940613,0.5750360488891602,-0.1385011523962021,0.19137632846832275,0.627670168876648,-0.1616126447916031,0.17317447066307068,0.6684871315956116,-0.17754633724689484,0.208565354347229,0.5054029226303101,-0.0897502675652504,0.18035820126533508,0.5571619272232056,-0.12244708836078644,0.16068227589130402,0.5906265377998352,-0.14136764407157898,0.14344695210456848,0.6225123405456543,-0.15609565377235413,Right,0.838241696357727
220,6,0,0.7828317880630493,0.4269261360168457,2.176636400008647e-07,0.7240124940872192,0.44668009877204895,-0.029223036020994186,0.6702982187271118,0.49444520473480225,-0.052620165050029755,0.62308269739151,0.5296403169631958,-0.07129772752523422,0.5820688605308533,0.5425454378128052,-0.09275195747613907,0.7186757922172546,0.5326809883117676,-0.08469443023204803,0.7113880515098572,0.6021751165390015,-0.11662925779819489,0.7100964784622192,0.6549727916717529,-0.134901225566864,0.7107547521591187,0.7048793435096741,-0.1480436623096466,0.7637313604354858,0.5441197752952576,-0.0837772786617279,0.7698621153831482,0.6260521411895752,-0.11674421280622482,0.7794066071510315,0.6890850067138672,-0.13396520912647247,0.7917880415916443,0.74571692943573,-0.14870059490203857,0.8014934062957764,0.545849084854126,-0.08113085478544235,0.8169462084770203,0.6235786080360413,-0.10983608663082123,0.832679033279419,0.6797839999198914,-0.12331672012805939,0.8489041924476624,0.7288608551025391,-0.13366098701953888,0.8314634561538696,0.5393948554992676,-0.07969439029693604,0.8558581471443176,0.6047794818878174,-0.10446560382843018,0.8760873675346375,0.644770085811615,-0.11656945198774338,0.8955937623977661,0.6809197664260864,-0.1256178617477417,Left,0.8842184543609619
220,6,1,0.275636225938797,0.3955062925815582,5.318409534993407e-07,0.3239971995353699,0.4271359443664551,-0.046472784131765366,0.3657994270324707,0.4687154293060303,-0.08377951383590698,0.4020523428916931,0.5044580698013306,-0.11263739317655563,0.43846702575683594,0.5338829755783081,-0.14317139983177185,0.3041630685329437,0.5060980916023254,-0.1127176284790039,0.3036615550518036,0.5741312503814697,-0.1550465226173401,0.3020031154155731,0.6269006729125977,-0.17950768768787384,0.2955707907676697,0.6748180985450745,-0.19659008085727692,0.2626866400241852,0.5116247534751892,-0.10576789081096649,0.24718740582466125,0.5869500041007996,-0.1551615595817566,0.23319432139396667,0.6460607051849365,-0.18449775874614716,0.2165367603302002,0.6947205066680908,-0.2072928249835968,0.23092582821846008,0.5105026960372925,-0.09709542989730835,0.20923960208892822,0.5751092433929443,-0.13874268531799316,0.19158175587654114,0.627515435218811,-0.1615891307592392,0.17361363768577576,0.6680026054382324,-0.1773339956998825,0.20892709493637085,0.5052961111068726,-0.08994477242231369,0.18051525950431824,0.5567489266395569,-0.12262880057096481,0.16105066239833832,0.5903300642967224,-0.1414046436548233,0.14412464201450348,0.6223308444023132,-0.15602312982082367,Right,0.8328242301940918
266,7,0,0.7829508781433105,0.42791280150413513,2.14719591440371e-07,0.723967432975769,0.4472828507423401,-0.029279792681336403,0.6703752875328064,0.49472305178642273,-0.052718352526426315,0.6232318878173828,0.5298818349838257,-0.07145868241786957,0.5821272134780884,0.5425508618354797,-0.09303542971611023,0.7183820009231567,0.533257246017456,-0.08494352549314499,0.7111582159996033,0.6023781895637512,-0.11710792779922485,0.7100219130516052,0.655055046081543,-0.13558819890022278,0.7108381986618042,0.7050808072090149,-0.14888741075992584,0.7635615468025208,0.5449411273002625,-0.0840570256114006,0.7696895003318787,0.6264995336532593,-0.11709904670715332,0.7793233394622803,0.6891899704933167,-0.13435843586921692,0.7918203473091125,0.7458247542381287,-0.14914777874946594,0.8013908267021179,0.5467755198478699,-0.0814509466290474,0.816960334777832,0.6241182684898376,-0.1102341040968895,0.8328427672386169,0.6798800826072693,-0.12366122007369995,0.8492952585220337,0.7287664413452148,-0.13399606943130493,0.8313518166542053,0.5401028394699097,-0.08006741106510162,0.8557182550430298,0.6050585508346558,-0.1048235148191452,0.8760347366333008,0.6447800993919373,-0.11683288216590881,0.8956804871559143,0.6808658242225647,-0.12585201859474182,Left,0.8658851385116577
266,7,1,0.2755773067474365,0.3934836685657501,5.015444344280695e-07,0.3237004280090332,0.42567744851112366,-0.043488722294569016,0.36585721373558044,0.46882423758506775,-0.07777214795351028,0.40194305777549744,0.5052050352096558,-0.10427063703536987,0.43801194429397583,0.5337902307510376,-0.13213904201984406,0.3044377267360687,0.5054578185081482,-0.1029767096042633,0.3037503957748413,0.5733934640884399,-0.14178164303302765,0.30191612243652344,0.6255819201469421,-0.16387999057769775,0.29557254910469055,0.6733369827270508,-0.1793554574251175,0.26315823197364807,0.5105061531066895,-0.09706096351146698,0.24743887782096863,0.5858535170555115,-0.14256520569324493,0.23362915217876434,0.6448407173156738,-0.1693173348903656,0.21731340885162354,0.6937753558158875,-0.19007541239261627,0.2315259575843811,0.509037971496582,-0.08980995416641235,0.20933914184570312,0.5738722681999207,-0.12881217896938324,0.19196322560310364,0.6261313557624817,-0.1497495323419571,0.17462900280952454,0.6673156023025513,-0.16388574242591858,0.20937785506248474,0.5034422278404236,-0.08409810066223145,0.18056565523147583,0.5559787154197693,-0.11480115354061127,0.16107693314552307,0.5899301171302795,-0.13196492195129395,0.14445121586322784,0.6225271224975586,-0.1451052874326706,Right,0.841137170791626
309,8,0,0.7822179794311523,0.4280552268028259,2.187454839486236e-07,0.7237626314163208,0.44724443554878235,-0.030102906748652458,0.670515775680542,0.49466559290885925,-0.05409650877118111,0.6231594681739807,0.5296331644058228,-0.07320216298103333,0.5818910598754883,0.5424643754959106,-0.09517532587051392,0.7185545563697815,0.5329849720001221,-0.08706654608249664,0.7113643288612366,0.6022220253944397,-0.11984275281429291,0.71015465259552,0.6550310254096985,-0.1386145055294037,0.7108319997787476,0.7050726413726807,-0.15210889279842377,0.7637952566146851,0.5447710156440735,-0.08591101318597794,0.7698186635971069,0.6260093450546265,-0.11984234303236008,0.7793639898300171,0.6886554956436157,-0.1376778930425644,0.7916504144668579,0.7454478740692139,-0.15290923416614532,0.8015444874763489,0.5467601418495178,-0.08296024799346924,0.8171918988227844,0.6240791082382202,-0.11242235451936722,0.8332667350769043,0.6800493001937866,-0.1262698471546173,0.8497103452682495,0.7290868759155273,-0.13692671060562134,0.8314433097839355,0.5403465032577515,-0.08125051110982895,0.8558436632156372,0.6052882075309753,-0.10645091533660889,0.8761681318283081,0.6448973417282104,-0.1188291534781456,0.8958175182342529,0.6808956265449524,-0.12818704545497894,Left,0.8631368279457092
309,8,1,0.2758915424346924,0.3900674283504486,4.79857135360362e-07,0.3235240876674652,0.4236975908279419,-0.040018681436777115,0.3654220700263977,0.4689924120903015,-0.07149380445480347,0.4019988775253296,0.5060621500015259,-0.09582331776618958,0.43843981623649597,0.5324597954750061,-0.12140002101659775,0.3044188320636749,0.5045323371887207,-0.09524617344141006,0.3039121627807617,0.5738107562065125,-0.131476491689682,0.30226269364356995,0.6259957551956177,-0.15191279351711273,0.29617178440093994,0.6737937331199646,-0.16624020040035248,0.26323065161705017,0.50978684425354,-0.09033471345901489,0.24762152135372162,0.585422694683075,-0.13293448090553284,0.23408998548984528,0.6446199417114258,-0.1579252928495407,0.21791377663612366,0.6936424374580383,-0.1773311048746109,0.23164671659469604,0.5084087252616882,-0.08417492359876633,0.20920142531394958,0.5730949640274048,-0.12102852016687393,0.1920367181301117,0.6251439452171326,-0.1408517211675644,0.17494365572929382,0.6664695739746094,-0.15410707890987396,0.20940782129764557,0.5029019117355347,-0.07940585166215897,0.18047960102558136,0.5553820133209229,-0.10851620882749557,0.16089415550231934,0.5893043279647827,-0.12467778474092484,0.14423124492168427,0.6219501495361328,-0.13693945109844208,Right,0.8561859726905823
353,9,0,0.7824837565422058,0.42690688371658325,2.137188914730359e-07,0.7234958410263062,0.4466600716114044,-0.029031023383140564,0.6700208783149719,0.4944629967212677,-0.052186720073223114,0.6231319904327393,0.5297966599464417,-0.07069926708936691,0.5823312401771545,0.5428609251976013,-0.09203176200389862,0.7178574204444885,0.5335906147956848,-0.08395630866289139,0.7111831903457642,0.6027421355247498,-0.11573494225740433,0.7100946307182312,0.6552950143814087,-0.13397394120693207,0.7108640074729919,0.7050272822380066,-0.14711959660053253,0.7630409598350525,0.5452233552932739,-0.08311823010444641,0.7694813013076782,0.6267339587211609,-0.1158815249800682,0.7791184186935425,0.6894775032997131,-0.1331515908241272,0.7914929986000061,0.7459040880203247,-0.14795538783073425,0.801057755947113,0.5467061996459961,-0.0805886760354042,0.8166029453277588,0.6238617300987244,-0.10924626886844635,0.8325660228729248,0.679969072341919,-0.12295440584421158,0.8490158319473267,0.7288592457771301,-0.13346515595912933,0.8312987089157104,0.5396125912666321,-0.07923757284879684,0.8557111024856567,0.6047064065933228,-0.10402407497167587,0.8761424422264099,0.6447162628173828,-0.11628265678882599,0.8958907723426819,0.6808767914772034,-0.12545941770076752,Left,0.8659852743148804
353,9,1,0.2756716310977936,0.39238232374191284,5.174018724574125e-07,0.3239952027797699,0.4256966710090637,-0.043129563331604004,0.3656509816646576,0.4694485664367676,-0.07753567397594452,0.4022144079208374,0.5056699514389038,-0.10400909185409546,0.43825286626815796,0.5332100987434387,-0.13205674290657043,0.3046691119670868,0.5049496293067932,-0.10597749799489975,0.3040628433227539,0.5736924409866333,-0.14578525722026825,0.302385538816452,0.6261983513832092,-0.1684504598379135,0.29604992270469666,0.6738905906677246,-0.1843527853488922,0.26343560218811035,0.5107357501983643,-0.09989972412586212,0.24782253801822662,0.5862833261489868,-0.14761708676815033,0.23380467295646667,0.6458055973052979,-0.17609916627407074,0.21708974242210388,0.6945710182189941,-0.1981213241815567,0.23180800676345825,0.5098537802696228,-0.09198988229036331,0.2095666527748108,0.5743023157119751,-0.13223794102668762,0.19176703691482544,0.6266573071479797,-0.15439863502979279,0.17361557483673096,0.6672892570495605,-0.16951942443847656,0.20990222692489624,0.505038857460022,-0.08540365099906921,0.18111419677734375,0.5561091303825378,-0.11704184114933014,0.16135236620903015,0.5895686745643616,-0.13525979220867157,0.14414842426776886,0.6215865612030029,-0.14934244751930237,Right,0.8574870824813843
396,10,0,0.7828556895256042,0.4270479679107666,2.1550231110722962e-07,0.7239933609962463,0.4465782940387726,-0.02957094833254814,0.6705043315887451,0.49476873874664307,-0.05313979834318161,0.6232782602310181,0.530161440372467,-0.07191678136587143,0.5820992588996887,0.5426344275474548,-0.09356197714805603,0.7182632684707642,0.5332292914390564,-0.08588667958974838,0.7112483978271484,0.6024852395057678,-0.11821781098842621,0.7100422978401184,0.6551841497421265,-0.13674956560134888,0.7107535600662231,0.705133318901062,-0.15009239315986633,0.7634568810462952,0.5449440479278564,-0.08487693220376968,0.7695902585983276,0.6262227296829224,-0.11813929677009583,0.7791252136230469,0.688830554485321,-0.13554967939853668,0.7914788722991943,0.745435357093811,-0.15047284960746765,0.8013417720794678,0.5468661189079285,-0.0821157917380333,0.816985011100769,0.6241573095321655,-0.11111614108085632,0.8328873515129089,0.6800206303596497,-0.12485785782337189,0.8492765426635742,0.7289076447486877,-0.1354427933692932,0.8314083814620972,0.5402974486351013,-0.08056332916021347,0.8557986617088318,0.6051061749458313,-0.1054573655128479,0.876223087310791,0.6445901393890381,-0.11770813167095184,0.8959016799926758,0.680355966091156,-0.12695279717445374,Left,0.8669649362564087
396,10,1,0.2763325870037079,0.3892119526863098,4.826126200896397e-07,0.32463186979293823,0.42304426431655884,-0.03994366154074669,0.3662647604942322,0.46877673268318176,-0.07120642066001892,0.40257859230041504,0.5059328675270081,-0.09525716304779053,0.4391297698020935,0.5313875675201416,-0.12058278918266296,0.30443617701530457,0.5060940384864807,-0.09454181045293808,0.3036179840564728,0.5734699964523315,-0.13038060069084167,0.30235162377357483,0.6253670454025269,-0.15080374479293823,0.2968601584434509,0.6733129620552063,-0.165226548910141,0.2634349465370178,0.5115202069282532,-0.08938100934028625,0.24727556109428406,0.5863041281700134,-0.13160596787929535,0.23367750644683838,0.6455856561660767,-0.15630024671554565,0.21754589676856995,0.6947060227394104,-0.17554889619350433,0.23191231489181519,0.5098692774772644,-0.08296852558851242,0.20878663659095764,0.5737992525100708,-0.11943642050027847,0.191939115524292,0.6256149411201477,-0.138808935880661,0.17513754963874817,0.6669015884399414,-0.1518021672964096,0.20968183875083923,0.5038337707519531,-0.07797275483608246,0.1803496778011322,0.555943489074707,-0.10677224397659302,0.16084562242031097,0.5897275805473328,-0.12270007282495499,0.14421983063220978,0.6226595044136047,-0.13483096659183502,Right,0.8563780188560486
440,11,0,0.7824181318283081,0.42825397849082947,2.1354841805987235e-07,0.7237687110900879,0.4468936622142792,-0.029769781976938248,0.6701036691665649,0.49461886286735535,-0.0532618872821331,0.6228711605072021,0.5300772190093994,-0.07186295092105865,0.581574022769928,0.5426941514015198,-0.09330141544342041,0.7180920243263245,0.5326923727989197,-0.08590927720069885,0.7106990814208984,0.6020910739898682,-0.1178632527589798,0.709330677986145,0.6548375487327576,-0.13598515093326569,0.7100929617881775,0.7048547267913818,-0.14909490942955017,0.7633941173553467,0.5450814962387085,-0.0847308561205864,0.7694202065467834,0.6269791722297668,-0.11745187640190125,0.7788353562355042,0.6894120573997498,-0.13436558842658997,0.7911962270736694,0.7459001541137695,-0.1489844024181366,0.8013251423835754,0.5474072694778442,-0.08184488862752914,0.8167529702186584,0.6245107650756836,-0.11044509708881378,0.8325185775756836,0.6802328824996948,-0.12400732189416885,0.8488744497299194,0.7291418313980103,-0.13454538583755493,0.8313919901847839,0.541056215763092,-0.08020512014627457,0.8556505441665649,0.6057516932487488,-0.10497651249170303,0.8762347102165222,0.6453343629837036,-0.11727622896432877,0.8959888815879822,0.6811999678611755,-0.12658214569091797,Left,0.873681902885437
440,11,1,0.2751752734184265,0.3905377686023712,5.168362804397475e-07,0.32392534613609314,0.42387133836746216,-0.04413684830069542,0.3658694326877594,0.4694473147392273,-0.07869453728199005,0.40328332781791687,0.5050273537635803,-0.10520759224891663,0.44093289971351624,0.5291032195091248,-0.13342344760894775,0.30407729744911194,0.506709098815918,-0.10542327910661697,0.3034936487674713,0.5739733576774597,-0.14517812430858612,0.3027612864971161,0.6265057921409607,-0.16841654479503632,0.2973686754703522,0.6749188899993896,-0.18498854339122772,0.2628520429134369,0.512791633605957,-0.099202461540699,0.24642379581928253,0.5874776840209961,-0.14655573666095734,0.23305198550224304,0.6469877362251282,-0.17527413368225098,0.21701976656913757,0.6960590481758118,-0.197623148560524,0.23126916587352753,0.512050986289978,-0.09137916564941406,0.20820412039756775,0.575412392616272,-0.13136902451515198,0.19082191586494446,0.6275221705436707,-0.1538674682378769,0.1730414628982544,0.6685662269592285,-0.1694481372833252,0.20972660183906555,0.5069823861122131,-0.08508807420730591,0.18094155192375183,0.5567959547042847,-0.11693485826253891,0.161438450217247,0.5895160436630249,-0.13560724258422852,0.14424769580364227,0.6213974952697754,-0.15014569461345673,Right,0.8435534238815308
484,12,0,0.7816795706748962,0.4246359169483185,2.1754161139142525e-07,0.7232255339622498,0.4446822702884674,-0.030011426657438278,0.6706870794296265,0.49584007263183594,-0.05346190556883812,0.6244200468063354,0.5341013669967651,-0.0720914974808693,0.5821541547775269,0.5447684526443481,-0.09351485967636108,0.7179644703865051,0.5308673977851868,-0.08579139411449432,0.710803210735321,0.6004539728164673,-0.11768374592065811,0.709581196308136,0.6540743112564087,-0.13561688363552094,0.7101452946662903,0.7049980163574219,-0.14873793721199036,0.7635321617126465,0.5424392223358154,-0.08475147932767868,0.7694408893585205,0.6239460110664368,-0.11751231551170349,0.7783994674682617,0.6872749328613281,-0.13422386348247528,0.7899504899978638,0.7454981207847595,-0.14866642653942108,0.8017696738243103,0.5444692969322205,-0.08207239955663681,0.8185142278671265,0.6223412752151489,-0.11087910085916519,0.8343506455421448,0.6788022518157959,-0.12438362091779709,0.8500524163246155,0.7290558815002441,-0.13485415279865265,0.8318784832954407,0.5381738543510437,-0.08070806413888931,0.8565050363540649,0.60308438539505,-0.105572909116745,0.8768013119697571,0.643136739730835,-0.1179942786693573,0.895881175994873,0.6796681880950928,-0.1274597942829132,Left,0.8849034309387207
484,12,1,0.27549833059310913,0.384676992893219,5.101784950056754e-07,0.32449811697006226,0.41841891407966614,-0.04435596242547035,0.36448678374290466,0.4670118987560272,-0.0775047093629837,0.4016420543193817,0.5037887096405029,-0.10223813354969025,0.4394782781600952,0.5238638520240784,-0.1285415142774582,0.3011975884437561,0.5082557201385498,-0.10222885012626648,0.3009378910064697,0.5759943723678589,-0.14067229628562927,0.301251083612442,0.6286545991897583,-0.16331277787685394,0.29652169346809387,0.6776718497276306,-0.17955462634563446,0.2594853341579437,0.5167122483253479,-0.09477635473012924,0.24189767241477966,0.5921078324317932,-0.1392602026462555,0.2297995388507843,0.650698721408844,-0.16602762043476105,0.21496012806892395,0.6995118856430054,-0.18706029653549194,0.228134423494339,0.51686030626297,-0.08597807586193085,0.20413586497306824,0.5801172256469727,-0.12337332963943481,0.18880462646484375,0.6309158205986023,-0.1446913331747055,0.17298774421215057,0.6714938879013062,-0.1596587747335434,0.207929328083992,0.5118366479873657,-0.07892312109470367,0.17858600616455078,0.5596654415130615,-0.10932313650846481,0.16029858589172363,0.591520369052887,-0.12774647772312164,0.14391162991523743,0.6231896877288818,-0.14205306768417358,Right,0.8430061936378479
527,13,0,0.783486008644104,0.41960662603378296,2.348517540440298e-07,0.7233885526657104,0.44151315093040466,-0.030085934326052666,0.6741582155227661,0.5005691647529602,-0.05171048641204834,0.6337266564369202,0.5482551455497742,-0.06845594197511673,0.5929374694824219,0.5614351630210876,-0.08768214285373688,0.7216094136238098,0.5313329696655273,-0.08285720646381378,0.7139987945556641,0.600953221321106,-0.11393320560455322,0.7112410664558411,0.6541807651519775,-0.1313042938709259,0.7102600336074829,0.7055150866508484,-0.14408430457115173,0.7686435580253601,0.544241726398468,-0.08081848174333572,0.7763590216636658,0.6246181726455688,-0.11310570687055588,0.7837986350059509,0.6879146695137024,-0.1292671263217926,0.7932764887809753,0.7470607161521912,-0.14298294484615326,0.8066019415855408,0.547429084777832,-0.07735013961791992,0.8256464004516602,0.6234728693962097,-0.10548538714647293,0.8413209915161133,0.6786699295043945,-0.11840801686048508,0.8559130430221558,0.7292230129241943,-0.12830094993114471,0.8352224826812744,0.5420655012130737,-0.07538214325904846,0.8607601523399353,0.6046668291091919,-0.09945118427276611,0.8809368014335632,0.6439555883407593,-0.11170440167188644,0.8993179798126221,0.6798116564750671,-0.12094585597515106,Left,0.9145116806030273
527,13,1,0.2759231626987457,0.37582653760910034,4.314173054353887e-07,0.32188940048217773,0.41198742389678955,-0.034885238856077194,0.3595525026321411,0.4579339921474457,-0.062145814299583435,0.3958248496055603,0.4908267855644226,-0.08285219222307205,0.43441611528396606,0.506098747253418,-0.10480724275112152,0.297231525182724,0.50467848777771,-0.08237635344266891,0.29878684878349304,0.5733731389045715,-0.11378965526819229,0.299661785364151,0.6272624731063843,-0.13193757832050323,0.29649463295936584,0.6774771213531494,-0.14515024423599243,0.25578442215919495,0.5135804414749146,-0.07839824259281158,0.23872235417366028,0.5892279744148254,-0.11455012112855911,0.2275480329990387,0.6499271392822266,-0.13549520075321198,0.21467941999435425,0.7012929320335388,-0.15206803381443024,0.22604304552078247,0.513317346572876,-0.0733620747923851,0.1995892971754074,0.5764058828353882,-0.10454805940389633,0.18395212292671204,0.6297407150268555,-0.12169390916824341,0.16901901364326477,0.6749217510223389,-0.13357816636562347,0.2075146734714508,0.5076079964637756,-0.06967005133628845,0.17705389857292175,0.5545252561569214,-0.09589385986328125,0.15902955830097198,0.587019145488739,-0.11092265695333481,0.14382843673229218,0.6206241846084595,-0.12228121608495712,Right,0.9110407829284668
571,14,0,0.7875149846076965,0.4137999713420868,2.961719189897849e-07,0.7259013652801514,0.43290263414382935,-0.03549053519964218,0.6816790103912354,0.49710604548454285,-0.059012774378061295,0.6496580839157104,0.5528825521469116,-0.07492262125015259,0.6099475622177124,0.5706971287727356,-0.09290657192468643,0.729967474937439,0.5159509778022766,-0.09871488809585571,0.7178429365158081,0.5918973088264465,-0.13122683763504028,0.7137824296951294,0.6504529714584351,-0.14696680009365082,0.7121548056602478,0.7054930329322815,-0.15869268774986267,0.7793741226196289,0.5364580154418945,-0.09151062369346619,0.7833259701728821,0.6188420057296753,-0.1263672560453415,0.7882461547851562,0.6864738464355469,-0.14160150289535522,0.7959082722663879,0.7483750581741333,-0.15431800484657288,0.8165804147720337,0.5471566915512085,-0.08214063197374344,0.8343044519424438,0.6216041445732117,-0.1117972731590271,0.8478196263313293,0.6789407730102539,-0.12627722322940826,0.8602043986320496,0.7308624982833862,-0.13724078238010406,0.8415679931640625,0.5469380021095276,-0.07423551380634308,0.8654516935348511,0.6066770553588867,-0.10046128183603287,0.885211706161499,0.6454513072967529,-0.11608586460351944,0.9025005102157593,0.682229220867157,-0.12773847579956055,Left,0.9726288914680481
571,14,1,0.2792995572090149,0.37228772044181824,5.404303351497219e-07,0.3281022310256958,0.4056081771850586,-0.04140152037143707,0.36194419860839844,0.44389593601226807,-0.07552623748779297,0.39277881383895874,0.46879035234451294,-0.10112816840410233,0.4285888075828552,0.4781394600868225,-0.128367081284523,0.3037886619567871,0.48458680510520935,-0.10882075875997543,0.3023381531238556,0.5603616237640381,-0.1478775143623352,0.30384573340415955,0.6210063695907593,-0.16886135935783386,0.30140233039855957,0.6758888959884644,-0.18344499170780182,0.26093778014183044,0.49265724420547485,-0.10240814089775085,0.24157235026359558,0.5724344253540039,-0.15059810876846313,0.22923994064331055,0.6409830451011658,-0.1776273548603058,0.21599185466766357,0.698920726776123,-0.19770394265651703,0.23047123849391937,0.4948616325855255,-0.09343937039375305,0.20077645778656006,0.561295211315155,-0.13377688825130463,0.1839199960231781,0.6219744086265564,-0.1564389318227768,0.16860294342041016,0.6715872883796692,-0.17104557156562805,0.21173670887947083,0.4945419132709503,-0.08535230159759521,0.17817573249340057,0.545271098613739,-0.11780020594596863,0.15868617594242096,0.5809285640716553,-0.13735486567020416,0.14314863085746765,0.6167798042297363,-0.15163904428482056,Right,0.9668154716491699
615,15,0,0.7826840281486511,0.3944106101989746,4.0287974911734636e-07,0.7201226949691772,0.4113828241825104,-0.04073772951960564,0.681520402431488,0.4857100248336792,-0.06757622957229614,0.659515380859375,0.5632790327072144,-0.0835825726389885,0.6201383471488953,0.5975913405418396,-0.10120822489261627,0.7204468846321106,0.4997910261154175,-0.11806468665599823,0.6971851587295532,0.5773109197616577,-0.15992014110088348,0.6857783198356628,0.6419129967689514,-0.18171294033527374,0.676585853099823,0.7007425427436829,-0.19681043922901154,0.7735092639923096,0.51570725440979,-0.10736668109893799,0.7812683582305908,0.604911208152771,-0.15065960586071014,0.7833312749862671,0.6771785020828247,-0.16997528076171875,0.7861711978912354,0.7425330281257629,-0.1851436346769333,0.8118780255317688,0.5251076817512512,-0.09384018182754517,0.8377537131309509,0.606271505355835,-0.13012836873531342,0.8518353700637817,0.673595666885376,-0.14683130383491516,0.8613213300704956,0.7329729199409485,-0.15882070362567902,0.8375411033630371,0.5262243151664734,-0.08141138404607773,0.8673490285873413,0.5914169549942017,-0.11225865036249161,0.8843119144439697,0.6358485221862793,-0.12962199747562408,0.8943915367126465,0.6815221905708313,-0.14222504198551178,Left,0.9865003228187561
615,15,1,0.2946385145187378,0.3499387502670288,4.950135235048947e-07,0.34365150332450867,0.38187357783317566,-0.031831044703722,0.37521418929100037,0.430203914642334,-0.0579431876540184,0.4014887511730194,0.4778972566127777,-0.07693749666213989,0.4386940598487854,0.5053154230117798,-0.09607047587633133,0.31915539503097534,0.4608553647994995,-0.08737621456384659,0.31653788685798645,0.5469202399253845,-0.11965149641036987,0.32187211513519287,0.613222062587738,-0.13653768599033356,0.3222557306289673,0.673342764377594,-0.14776436984539032,0.27402615547180176,0.4643901288509369,-0.08301334083080292,0.24170780181884766,0.5512586236000061,-0.1166694313287735,0.22989803552627563,0.6266341209411621,-0.13280799984931946,0.21991851925849915,0.6889652013778687,-0.14559127390384674,0.24350160360336304,0.4658980965614319,-0.07704969495534897,0.19882149994373322,0.5376947522163391,-0.10651233792304993,0.18292291462421417,0.6059601306915283,-0.12254738807678223,0.17389042675495148,0.6601150035858154,-0.13253454864025116,0.22703666985034943,0.4667832553386688,-0.07166966050863266,0.18189936876296997,0.52302485704422,-0.09618089348077774,0.1643422544002533,0.5684067606925964,-0.11026589572429657,0.15569347143173218,0.6118652820587158,-0.11995985358953476,Right,0.9791268110275269
658,16,0,0.7822226285934448,0.39830416440963745,5.264399192128622e-07,0.712138295173645,0.4107167720794678,-0.03770822659134865,0.6718746423721313,0.4879153370857239,-0.05940573662519455,0.6504821181297302,0.5706080198287964,-0.07026321440935135,0.6141656637191772,0.6094096899032593,-0.08196692913770676,0.7134504914283752,0.49449145793914795,-0.10847090184688568,0.6871472597122192,0.5749765634536743,-0.14491866528987885,0.6677202582359314,0.6412708163261414,-0.16094525158405304,0.6515295505523682,0.6988805532455444,-0.17187292873859406,0.7675551176071167,0.5156530141830444,-0.09815726429224014,0.7683792114257812,0.6096123456954956,-0.13714446127414703,0.7615235447883606,0.6829860210418701,-0.1520463079214096,0.7562218308448792,0.7468572854995728,-0.1632179319858551,0.8074334263801575,0.5280880928039551,-0.0854940414428711,0.8297869563102722,0.6088065505027771,-0.12094167619943619,0.8368289470672607,0.6784191727638245,-0.13750185072422028,0.8403071761131287,0.7391657829284668,-0.14851653575897217,0.8340632319450378,0.533661961555481,-0.07338804006576538,0.8624333143234253,0.5975080132484436,-0.10438624769449234,0.8748493790626526,0.64309161901474,-0.12227285653352737,0.8786300420761108,0.68900465965271,-0.1348458230495453,Left,0.9730160236358643
658,16,1,0.3016814887523651,0.34912753105163574,4.493632559388061e-07,0.3546716868877411,0.38487279415130615,-0.035163555294275284,0.38506263494491577,0.4460771381855011,-0.05948112905025482,0.40705224871635437,0.5110686421394348,-0.07534032315015793,0.44168466329574585,0.557155966758728,-0.0907362699508667,0.32267507910728455,0.4680955410003662,-0.08213678747415543,0.31956949830055237,0.5568459630012512,-0.11094027757644653,0.3241391181945801,0.6234036684036255,-0.12542639672756195,0.32437270879745483,0.6818585395812988,-0.1347559541463852,0.2746545076370239,0.46986040472984314,-0.07416566461324692,0.23661375045776367,0.5598058104515076,-0.10055338591337204,0.22529461979866028,0.632986307144165,-0.11198799312114716,0.21915212273597717,0.6920499205589294,-0.12213630974292755,0.24368032813072205,0.4718917906284332,-0.06580643355846405,0.1955018788576126,0.5451884865760803,-0.09190768003463745,0.18443337082862854,0.6099145412445068,-0.10572810471057892,0.18411140143871307,0.6596295833587646,-0.11421307921409607,0.2271007001399994,0.4738486111164093,-0.05832011625170708,0.18253953754901886,0.5336620211601257,-0.08250270783901215,0.17175069451332092,0.5804494023323059,-0.09587765485048294,0.17525359988212585,0.6236246824264526,-0.10452918708324432,Right,0.9834062457084656
702,17,0,0.777970552444458,0.4015873670578003,5.516466217159177e-07,0.7088385820388794,0.41949477791786194,-0.03684164211153984,0.6672007441520691,0.497493177652359,-0.06049494072794914,0.6390455961227417,0.5775762796401978,-0.07341475039720535,0.602840006351471,0.6237854957580566,-0.08715326339006424,0.7018465995788574,0.49139314889907837,-0.11802303045988083,0.671424388885498,0.5701245665550232,-0.15828873217105865,0.651009202003479,0.6351107358932495,-0.17632845044136047,0.6329683661460876,0.6950207948684692,-0.18860803544521332,0.7580388784408569,0.5086084604263306,-0.1101493090391159,0.7565436959266663,0.599427342414856,-0.15540562570095062,0.7440876960754395,0.6769213676452637,-0.17479552328586578,0.7323288321495056,0.7439135909080505,-0.18959280848503113,0.7995402216911316,0.5228354930877686,-0.09912892431020737,0.8210324048995972,0.6089494824409485,-0.1387227326631546,0.8215140700340271,0.6813443899154663,-0.1576988697052002,0.8176742196083069,0.7429541349411011,-0.17040036618709564,0.827599287033081,0.533667266368866,-0.0882834643125534,0.8542714715003967,0.6045658588409424,-0.12084943801164627,0.8605004549026489,0.6526455283164978,-0.1393241435289383,0.8564552664756775,0.7004449367523193,-0.15277083218097687,Left,0.9859694838523865
702,17,1,0.30804166197776794,0.34673890471458435,3.172394258399436e-07,0.3605329394340515,0.3883676826953888,-0.03508497029542923,0.3880062401294708,0.4609457850456238,-0.057581089437007904,0.4059453308582306,0.535578727722168,-0.07078304886817932,0.43832927942276,0.5853915214538574,-0.08270279318094254,0.32537129521369934,0.467846155166626,-0.08251455426216125,0.3234667181968689,0.5610987544059753,-0.11091906577348709,0.33081501722335815,0.6295429468154907,-0.12461576610803604,0.3367690443992615,0.6867740154266357,-0.1327676922082901,0.27666065096855164,0.4685005843639374,-0.07357174903154373,0.23446761071681976,0.5665560364723206,-0.09683677554130554,0.23323269188404083,0.6421008706092834,-0.1021856740117073,0.24245217442512512,0.6962996125221252,-0.10724280029535294,0.24666985869407654,0.47270774841308594,-0.06455938518047333,0.19565075635910034,0.5519136786460876,-0.08639925718307495,0.1953873336315155,0.6170493364334106,-0.09362457692623138,0.20988526940345764,0.6617623567581177,-0.09724670648574829,0.23334342241287231,0.47549840807914734,-0.05690606310963631,0.188978910446167,0.5363291501998901,-0.07685743272304535,0.1846839040517807,0.5833348035812378,-0.08544300496578217,0.19802150130271912,0.6229076981544495,-0.09022057056427002,Right,0.9904493093490601
746,18,0,0.7731043696403503,0.4064730703830719,5.074487603451416e-07,0.7044843435287476,0.42948442697525024,-0.03326952084898949,0.6613572239875793,0.5076115727424622,-0.05637479946017265,0.6338158249855042,0.5859375,-0.06891714036464691,0.6006489992141724,0.6336863040924072,-0.08259522169828415,0.6929308772087097,0.48992422223091125,-0.12162153422832489,0.6629699468612671,0.5697352886199951,-0.16257449984550476,0.6427673101425171,0.6372581124305725,-0.17985732853412628,0.6241137385368347,0.695919394493103,-0.19112522900104523,0.7475960850715637,0.503607988357544,-0.1158512607216835,0.7516576647758484,0.599759042263031,-0.16214707493782043,0.7389178276062012,0.6810023784637451,-0.18078888952732086,0.7231963276863098,0.7429242134094238,-0.19523906707763672,0.7903608679771423,0.5188776254653931,-0.10633829236030579,0.811630129814148,0.6096877455711365,-0.1463671326637268,0.8051203489303589,0.6833353638648987,-0.1654028743505478,0.7905671000480652,0.7402918934822083,-0.1781962513923645,0.821600079536438,0.5326146483421326,-0.09649758785963058,0.8508334755897522,0.6095573306083679,-0.13017390668392181,0.8494884371757507,0.6578075289726257,-0.14963284134864807,0.832934558391571,0.698479950428009,-0.16354261338710785,Left,0.995121419429779
746,18,1,0.3105035424232483,0.35618090629577637,2.6566470978650614e-07,0.3640284240245819,0.39167365431785583,-0.03680146113038063,0.39130687713623047,0.4651782512664795,-0.05965002253651619,0.40828442573547363,0.5415103435516357,-0.07307639718055725,0.4394747018814087,0.5932133197784424,-0.08514660596847534,0.3286450505256653,0.46473461389541626,-0.08586923032999039,0.33439770340919495,0.5632117390632629,-0.11410900950431824,0.3458617925643921,0.6325845718383789,-0.1262250542640686,0.35330626368522644,0.6869599223136902,-0.13308092951774597,0.2797660827636719,0.47268664836883545,-0.07637428492307663,0.23686140775680542,0.5751900672912598,-0.10404397547245026,0.24492917954921722,0.6483469009399414,-0.10949305444955826,0.26123613119125366,0.6936877965927124,-0.11237671971321106,0.25060024857521057,0.4817541241645813,-0.06643233448266983,0.20462924242019653,0.5672623515129089,-0.09125545620918274,0.21981534361839294,0.6291112899780273,-0.09716390073299408,0.2437533438205719,0.6634852290153503,-0.09811559319496155,0.23900046944618225,0.48745715618133545,-0.05791766569018364,0.20142114162445068,0.550723671913147,-0.07847251743078232,0.2084852010011673,0.5980546474456787,-0.0859447792172432,0.22831818461418152,0.6305843591690063,-0.08912773430347443,Right,0.9932469725608826
788,19,0,0.7764542102813721,0.4040425419807434,5.201287081035844e-07,0.706035852432251,0.41806739568710327,-0.0360378660261631,0.660362720489502,0.4896834194660187,-0.061759643256664276,0.6351498365402222,0.5734751224517822,-0.07573258876800537,0.6124148964881897,0.6325322389602661,-0.0899496003985405,0.6910013556480408,0.470231294631958,-0.13766716420650482,0.6568517684936523,0.5618481636047363,-0.1798185557126999,0.6309709548950195,0.6292909383773804,-0.1915590614080429,0.6085659861564636,0.6798098087310791,-0.19614583253860474,0.7423432469367981,0.49500688910484314,-0.12849679589271545,0.7377873063087463,0.5968939661979675,-0.1766240894794464,0.710257351398468,0.6730884313583374,-0.18411672115325928,0.6829847097396851,0.7154321670532227,-0.18748675286769867,0.7831034064292908,0.5228177309036255,-0.11563682556152344,0.7930004596710205,0.6178155541419983,-0.1548062264919281,0.7678723931312561,0.6817741394042969,-0.16532312333583832,0.7385439872741699,0.7118009328842163,-0.16967535018920898,0.8133904337882996,0.546923041343689,-0.10299662500619888,0.8263934254646301,0.6291395425796509,-0.13636179268360138,0.8079330921173096,0.6727983355522156,-0.15348075330257416,0.779268741607666,0.6911446452140808,-0.16333697736263275,Left,0.9979199171066284
788,19,1,0.30880752205848694,0.3679831027984619,9.548109858315001e-08,0.36622267961502075,0.3911491334438324,-0.0418923981487751,0.39414581656455994,0.4656437337398529,-0.06757355481386185,0.4052526354789734,0.5478094220161438,-0.08005043119192123,0.4363425672054291,0.6003045439720154,-0.09128180146217346,0.3314228057861328,0.4522499442100525,-0.10888191312551498,0.34230732917785645,0.5561808347702026,-0.13927221298217773,0.3572501242160797,0.6277933716773987,-0.15140439569950104,0.3689926862716675,0.6837322115898132,-0.15779241919517517,0.2791626453399658,0.47558170557022095,-0.09271656721830368,0.258328914642334,0.5907103419303894,-0.12143370509147644,0.2798580229282379,0.6575795412063599,-0.12325387448072433,0.3061962425708771,0.6902464032173157,-0.12233618646860123,0.24729999899864197,0.4990224242210388,-0.07414229214191437,0.23331785202026367,0.6001496315002441,-0.09691616147756577,0.2602115273475647,0.6549975872039795,-0.0966339111328125,0.28801098465919495,0.6779544353485107,-0.0931757315993309,0.23477041721343994,0.5179296135902405,-0.05684199929237366,0.22811508178710938,0.5968406200408936,-0.07310060411691666,0.24995902180671692,0.6361904144287109,-0.07437779754400253,0.2723886966705322,0.6544850468635559,-0.07303457707166672,Right,0.9940142035484314
831,20,0,0.7806259989738464,0.4051605463027954,5.43738622127421e-07,0.709828794002533,0.4103155732154846,-0.0343269445002079,0.6642113924026489,0.4688841998577118,-0.060668908059597015,0.6456661820411682,0.544303834438324,-0.07583741843700409,0.6345895528793335,0.6029258966445923,-0.09234098345041275,0.6899024844169617,0.4666805565357208,-0.13269966840744019,0.6561122536659241,0.559944212436676,-0.17338868975639343,0.6301373243331909,0.6242170929908752,-0.18479014933109283,0.6084768772125244,0.6713879108428955,-0.18864668905735016,0.7402734160423279,0.4984372854232788,-0.12426933646202087,0.7256881594657898,0.6019150018692017,-0.1678871214389801,0.6949862837791443,0.6679872870445251,-0.17386610805988312,0.6673287749290466,0.7012748718261719,-0.17619763314723969,0.7814930081367493,0.530855655670166,-0.11233755946159363,0.7766438126564026,0.6254591941833496,-0.14696139097213745,0.7462065815925598,0.68255215883255,-0.15629971027374268,0.715058445930481,0.7069867253303528,-0.1602691411972046,0.8131681680679321,0.5565206408500671,-0.10059641301631927,0.8093621730804443,0.6400958299636841,-0.1303185224533081,0.7851064205169678,0.6826604604721069,-0.14580583572387695,0.7555363178253174,0.7002044320106506,-0.15458156168460846,Left,0.9970657825469971
831,20,1,0.31108415126800537,0.36581969261169434,-1.1654759823898075e-08,0.37064293026924133,0.38550567626953125,-0.04495140537619591,0.39666277170181274,0.4621666669845581,-0.07234460115432739,0.4061260223388672,0.5462208986282349,-0.08604791760444641,0.43729549646377563,0.5985278487205505,-0.09837159514427185,0.33191442489624023,0.44805851578712463,-0.11488258838653564,0.3417292833328247,0.5544030666351318,-0.14628055691719055,0.36160212755203247,0.6222642064094543,-0.1559194028377533,0.3788328766822815,0.6723642349243164,-0.1595451533794403,0.28152984380722046,0.4740208387374878,-0.09777114540338516,0.2648952007293701,0.5911746621131897,-0.12991318106651306,0.29244598746299744,0.6557272672653198,-0.1302417516708374,0.3231149911880493,0.6835218071937561,-0.12674415111541748,0.2524409890174866,0.49678122997283936,-0.07843360304832458,0.23962810635566711,0.6031298637390137,-0.10699085146188736,0.2687700688838959,0.6575505137443542,-0.10817945748567581,0.2994542121887207,0.6785775423049927,-0.1038600504398346,0.2416137158870697,0.5141789317131042,-0.060012783855199814,0.23941989243030548,0.595335066318512,-0.08052671700716019,0.2617414593696594,0.6363003253936768,-0.08387492597103119,0.28625351190567017,0.6546710729598999,-0.08314293622970581,Right,0.9930576682090759
874,21,0,0.7803037762641907,0.4030814468860626,5.934215892011707e-07,0.7075628638267517,0.4017336368560791,-0.032677359879016876,0.6643400192260742,0.4558401107788086,-0.06138144060969353,0.645301103591919,0.528482973575592,-0.07875506579875946,0.6307919025421143,0.5857924222946167,-0.09777948260307312,0.6873443722724915,0.45551902055740356,-0.13554857671260834,0.6564807295799255,0.5531057119369507,-0.17650346457958221,0.6288083791732788,0.6161857843399048,-0.1875934600830078,0.6063571572303772,0.6597582697868347,-0.19009001553058624,0.7356074452400208,0.49134451150894165,-0.12788397073745728,0.7141293883323669,0.6020863056182861,-0.16950981318950653,0.6783323287963867,0.6625757813453674,-0.17151163518428802,0.6496957540512085,0.6864446401596069,-0.16999420523643494,0.7757910490036011,0.5254365801811218,-0.11627097427845001,0.7623997926712036,0.6290680766105652,-0.14811116456985474,0.7249965667724609,0.680305004119873,-0.15254922211170197,0.6920903921127319,0.6956028938293457,-0.1524355113506317,0.8058294653892517,0.5498468279838562,-0.10458973050117493,0.7948031425476074,0.6381191611289978,-0.129052072763443,0.7640110850334167,0.6780472993850708,-0.13779500126838684,0.7337379455566406,0.6890698671340942,-0.14138682186603546,Left,0.9963626861572266
874,21,1,0.3124085068702698,0.36379551887512207,-8.811809237840862e-08,0.36910468339920044,0.38797712326049805,-0.04339667037129402,0.39602887630462646,0.46509668231010437,-0.07092499732971191,0.41057509183883667,0.5463262796401978,-0.0857127457857132,0.44295552372932434,0.5933250188827515,-0.09834253787994385,0.3298884332180023,0.44981056451797485,-0.11567850410938263,0.3426814675331116,0.5622150897979736,-0.14666515588760376,0.3690396547317505,0.6238332390785217,-0.1530841737985611,0.3907856047153473,0.6635388135910034,-0.15311188995838165,0.28249403834342957,0.47548335790634155,-0.09948920458555222,0.2717984914779663,0.595942497253418,-0.13421179354190826,0.3081803023815155,0.6544314026832581,-0.13298669457435608,0.34315046668052673,0.6716338396072388,-0.12711963057518005,0.25548887252807617,0.49907469749450684,-0.08096173405647278,0.2440231442451477,0.6081414222717285,-0.11084086447954178,0.28073984384536743,0.6580451130867004,-0.11067457497119904,0.3148741126060486,0.6705030202865601,-0.10437827557325363,0.24543848633766174,0.5173389315605164,-0.06326807290315628,0.23848941922187805,0.6039029955863953,-0.08246735483407974,0.2623227834701538,0.6458393931388855,-0.08442197740077972,0.28828859329223633,0.6605046391487122,-0.08255789428949356,Right,0.9940917491912842
917,22,0,0.7765424251556396,0.395660400390625,5.330789463187102e-07,0.7032925486564636,0.40071195363998413,-0.022238239645957947,0.6586247682571411,0.47281572222709656,-0.04714944586157799,0.6373225450515747,0.5570152997970581,-0.0624358095228672,0.6138379573822021,0.6137566566467285,-0.07884607464075089,0.6748418211936951,0.46015769243240356,-0.12234832346439362,0.6499996185302734,0.5840316414833069,-0.16279399394989014,0.6258864998817444,0.6374561786651611,-0.17019937932491302,0.6104288697242737,0.6509827971458435,-0.1659863293170929,0.7244505286216736,0.4887733459472656,-0.1174270361661911,0.6982003450393677,0.6233810186386108,-0.15967777371406555,0.6650106310844421,0.678574800491333,-0.15504828095436096,0.6487106084823608,0.673363447189331,-0.14346866309642792,0.7662314176559448,0.5142180323600769,-0.10866532474756241,0.7490993738174438,0.6388951539993286,-0.1399368792772293,0.7143375873565674,0.6906531453132629,-0.13559888303279877,0.6903414726257324,0.6864314675331116,-0.12453906983137131,0.7989938855171204,0.5316611528396606,-0.09868618100881577,0.7849099040031433,0.6358146071434021,-0.1215425431728363,0.7551835775375366,0.6787375211715698,-0.12403470277786255,0.7298721075057983,0.6798665523529053,-0.11899633705615997,Left,0.999652087688446
917,22,1,0.31245875358581543,0.3716621994972229,-1.9236247794651717e-07,0.3671046197414398,0.383544385433197,-0.04486430808901787,0.39542925357818604,0.4503098428249359,-0.07044664770364761,0.4100876450538635,0.525861382484436,-0.08262808620929718,0.43971025943756104,0.572435736656189,-0.0907033383846283,0.32960909605026245,0.45416712760925293,-0.11469598114490509,0.34800031781196594,0.5607059001922607,-0.14050684869289398,0.38558489084243774,0.6034098863601685,-0.13838079571723938,0.41359391808509827,0.6212783455848694,-0.132218599319458,0.2879320979118347,0.4869598150253296,-0.09597183018922806,0.2915250062942505,0.6075498461723328,-0.13122548162937164,0.3360038995742798,0.6533905267715454,-0.1280517727136612,0.3710387945175171,0.6624230146408081,-0.12030896544456482,0.26576048135757446,0.5156271457672119,-0.07472854107618332,0.26707616448402405,0.621882438659668,-0.10462012141942978,0.31031280755996704,0.6622779965400696,-0.10438916832208633,0.34557047486305237,0.6687190532684326,-0.09810826182365417,0.25844311714172363,0.5367259979248047,-0.05436822026968002,0.2562505602836609,0.6185003519058228,-0.07340960949659348,0.2838799059391022,0.6507596969604492,-0.07662700861692429,0.310806542634964,0.6576486825942993,-0.07590082287788391,Right,0.9931458830833435
961,23,0,0.7755306959152222,0.39069026708602905,4.242589568548283e-07,0.7013435959815979,0.40009140968322754,-0.020151754841208458,0.6617105603218079,0.47571003437042236,-0.04482141137123108,0.6422840356826782,0.5589730143547058,-0.05895932391285896,0.6114041805267334,0.6088024377822876,-0.07320155948400497,0.67417311668396,0.4699903726577759,-0.12960724532604218,0.6579589247703552,0.5964518785476685,-0.16673704981803894,0.6341418623924255,0.650134801864624,-0.16636274755001068,0.6206310987472534,0.6646137833595276,-0.15651944279670715,0.7227966785430908,0.49691611528396606,-0.12402006983757019,0.7054404020309448,0.6327699422836304,-0.16458404064178467,0.6729722023010254,0.6852372288703918,-0.15146256983280182,0.6589270234107971,0.6754583716392517,-0.13317549228668213,0.7652205228805542,0.5180115699768066,-0.11357312649488449,0.7550716996192932,0.6438366174697876,-0.1448415070772171,0.7214969992637634,0.6910672783851624,-0.13184313476085663,0.6992127895355225,0.6803607940673828,-0.11358121037483215,0.7989869117736816,0.5295900702476501,-0.10143071413040161,0.7907383441925049,0.6344059705734253,-0.1246134415268898,0.7645081281661987,0.6721009016036987,-0.12254923582077026,0.7432361841201782,0.6664978265762329,-0.11299009621143341,Left,0.9997366666793823
961,23,1,0.309361070394516,0.3662866950035095,-2.4269638743135147e-07,0.36573147773742676,0.3810315430164337,-0.036207009106874466,0.3954923152923584,0.44706040620803833,-0.056605447083711624,0.4093298614025116,0.5205358862876892,-0.06593795865774155,0.43540915846824646,0.5667001605033875,-0.0715511292219162,0.3325442671775818,0.44932907819747925,-0.09846014529466629,0.35550445318222046,0.5550268292427063,-0.12103956937789917,0.39152419567108154,0.5962187051773071,-0.11871010065078735,0.41898348927497864,0.6109907031059265,-0.11246729642152786,0.2929602265357971,0.4822368621826172,-0.08396116644144058,0.3042507469654083,0.6033035516738892,-0.11342616379261017,0.34678012132644653,0.6517707705497742,-0.10933268815279007,0.3813668191432953,0.6628430485725403,-0.1019960418343544,0.2714187502861023,0.5094656944274902,-0.06726682931184769,0.27670615911483765,0.6189296841621399,-0.09204879403114319,0.31775781512260437,0.6602780818939209,-0.09016947448253632,0.352251261472702,0.6673051118850708,-0.08364546298980713,0.26488810777664185,0.5287744998931885,-0.05129509046673775,0.2659403383731842,0.6139402389526367,-0.06716117262840271,0.293172150850296,0.6500059962272644,-0.06918121874332428,0.3199763298034668,0.6595373749732971,-0.06791086494922638,Right,0.9912481307983398
1003,24,0,0.7780300974845886,0.3898850083351135,4.1999064137598907e-07,0.7013536691665649,0.4007241129875183,-0.016431434080004692,0.6627655029296875,0.47712111473083496,-0.03903893008828163,0.6437512636184692,0.5617419481277466,-0.051254753023386,0.6131962537765503,0.6116380095481873,-0.06251576542854309,0.6727097630500793,0.47365039587020874,-0.13103041052818298,0.6605732440948486,0.6065366268157959,-0.16639673709869385,0.6375856399536133,0.6601555347442627,-0.1600845903158188,0.6262127161026001,0.6678051948547363,-0.14498411118984222,0.722889244556427,0.49621620774269104,-0.12662196159362793,0.7058117389678955,0.6371093988418579,-0.17047172784805298,0.6748082637786865,0.6924276947975159,-0.1538633555173874,0.6643778681755066,0.6775929927825928,-0.13050463795661926,0.7669569253921509,0.5137446522712708,-0.1167350634932518,0.7575305104255676,0.6433197259902954,-0.15154096484184265,0.7266241908073425,0.6929779648780823,-0.134958878159523,0.7075271606445312,0.6813650131225586,-0.11162780970335007,0.8010619878768921,0.5234968662261963,-0.10446219891309738,0.7946697473526001,0.6323887705802917,-0.13027650117874146,0.7706476449966431,0.6739076375961304,-0.12704597413539886,0.7506498694419861,0.6689220666885376,-0.11469137668609619,Left,0.9997038841247559
1003,24,1,0.30720406770706177,0.3700067102909088,-2.467896536018088e-07,0.36254024505615234,0.38075438141822815,-0.03250055015087128,0.393804132938385,0.43584316968917847,-0.0524214543402195,0.4079540967941284,0.502593994140625,-0.06272391974925995,0.4268375039100647,0.5538786053657532,-0.06925033032894135,0.33060282468795776,0.4471029043197632,-0.09261070191860199,0.3603869080543518,0.5474266409873962,-0.11328209191560745,0.39486581087112427,0.5831563472747803,-0.10953684151172638,0.4216865003108978,0.5965439677238464,-0.10248415172100067,0.2957356572151184,0.48005932569503784,-0.08036001771688461,0.32414188981056213,0.5977228879928589,-0.10749520361423492,0.3680662512779236,0.6430697441101074,-0.10276587307453156,0.4012233018875122,0.656919002532959,-0.09594714641571045,0.2762044072151184,0.5058528780937195,-0.06593263894319534,0.29289624094963074,0.6149038076400757,-0.08899135142564774,0.3339766263961792,0.6535011529922485,-0.0860297754406929,0.36754611134529114,0.6616472005844116,-0.07930377870798111,0.2702394127845764,0.52301025390625,-0.05209212377667427,0.278152197599411,0.6089382171630859,-0.06646145135164261,0.3063025176525116,0.6466385126113892,-0.06747501343488693,0.3328717052936554,0.6598764657974243,-0.06572956591844559,Right,0.9918025135993958
1048,25,0,0.7842240929603577,0.3920198678970337,3.7098413940839237e-07,0.7080159187316895,0.3984558880329132,-0.010074162855744362,0.6639485359191895,0.4721258282661438,-0.027186596766114235,0.6431971788406372,0.5539807081222534,-0.03619236871600151,0.6183104515075684,0.60474693775177,-0.04385301098227501,0.6743360161781311,0.4760374426841736,-0.11123359948396683,0.6521923542022705,0.6077720522880554,-0.14221101999282837,0.6267026662826538,0.6476816534996033,-0.13374415040016174,0.6174272894859314,0.6391067504882812,-0.11648412048816681,0.7239607572555542,0.49798569083213806,-0.10933656990528107,0.6977351903915405,0.6405050158500671,-0.1477450728416443,0.6647912859916687,0.6876964569091797,-0.1312023401260376,0.6549440622329712,0.6703275442123413,-0.10766125470399857,0.7672555446624756,0.5157793164253235,-0.10223493725061417,0.7473353147506714,0.6479389071464539,-0.13039682805538177,0.7146508097648621,0.6918318271636963,-0.11180051416158676,0.6975070238113403,0.679278552532196,-0.08749555796384811,0.8016657829284668,0.5257702469825745,-0.09292852133512497,0.7858918309211731,0.637185275554657,-0.11385458707809448,0.7596116065979004,0.6764935255050659,-0.10808110982179642,0.740350067615509,0.6711637377738953,-0.09368979930877686,Left,0.9995565414428711
1048,25,1,0.30355343222618103,0.37852907180786133,-2.8801505891351553e-07,0.3569641411304474,0.38152992725372314,-0.034837573766708374,0.38995927572250366,0.42628318071365356,-0.057566557079553604,0.4028347134590149,0.4868929386138916,-0.07063528895378113,0.41665297746658325,0.5381728410720825,-0.08057450503110886,0.3286517262458801,0.4394633173942566,-0.09600326418876648,0.3603252172470093,0.5356180667877197,-0.1214246153831482,0.3938658833503723,0.5727109313011169,-0.12356201559305191,0.42357829213142395,0.5878337621688843,-0.1205717995762825,0.2955050468444824,0.4755554497241974,-0.08395950496196747,0.3388921320438385,0.5805081129074097,-0.10947833210229874,0.38235026597976685,0.6236913800239563,-0.10789848864078522,0.41685137152671814,0.6407312154769897,-0.1055464893579483,0.27650412917137146,0.5049153566360474,-0.0704033374786377,0.308183491230011,0.6054725646972656,-0.0926484763622284,0.3483479917049408,0.6416605710983276,-0.0929446816444397,0.3844539523124695,0.6528787016868591,-0.09041905403137207,0.2703642249107361,0.5256391167640686,-0.05779912695288658,0.28673452138900757,0.6019175052642822,-0.07441496849060059,0.31332504749298096,0.6368044018745422,-0.0786760151386261,0.3408856689929962,0.6526886820793152,-0.0798833891749382,Right,0.9904915690422058
1090,26,0,0.7935003638267517,0.38851770758628845,3.044166021481942e-07,0.7166977524757385,0.38900119066238403,-0.0032748428639024496,0.6699279546737671,0.44569337368011475,-0.014824275858700275,0.6493129730224609,0.5091953277587891,-0.02176387794315815,0.6370919942855835,0.5603073835372925,-0.02847995236515999,0.6740250587463379,0.45948588848114014,-0.07968540489673615,0.6412050724029541,0.5788230299949646,-0.10821962356567383,0.6187437176704407,0.6200454831123352,-0.10782787203788757,0.6065937280654907,0.621428370475769,-0.0981692373752594,0.7179315686225891,0.48984354734420776,-0.08213008940219879,0.6807364225387573,0.6193481087684631,-0.11372505128383636,0.6480536460876465,0.6596651077270508,-0.1048281118273735,0.6307223439216614,0.6514022946357727,-0.08944996446371078,0.7579197287559509,0.5143272280693054,-0.08078861236572266,0.7245764136314392,0.6326624155044556,-0.10228675603866577,0.6934351325035095,0.6691030859947205,-0.09077081084251404,0.673372745513916,0.6614794135093689,-0.07417423278093338,0.7919430732727051,0.5285782217979431,-0.07774543762207031,0.7678524851799011,0.6297155618667603,-0.09088659286499023,0.7424782514572144,0.6671680808067322,-0.08531133085489273,0.7228168845176697,0.6673734188079834,-0.07396227866411209,Left,0.9979442358016968
1090,26,1,0.30206745862960815,0.39055579900741577,-3.0577669463127677e-07,0.35227927565574646,0.3832080364227295,-0.04181615263223648,0.3868712782859802,0.4181008040904999,-0.06872937083244324,0.40117812156677246,0.47450071573257446,-0.0843062475323677,0.4129074811935425,0.5234553217887878,-0.0964113250374794,0.31938329339027405,0.42496079206466675,-0.11057332158088684,0.35044386982917786,0.5099540948867798,-0.14178600907325745,0.3862035870552063,0.5478312373161316,-0.14670152962207794,0.4187638759613037,0.5630950927734375,-0.14546319842338562,0.2897915244102478,0.4681170582771301,-0.09605730324983597,0.3386438488960266,0.5579191446304321,-0.1255912482738495,0.38740620017051697,0.5959877967834473,-0.12455955147743225,0.42499682307243347,0.6081016659736633,-0.12309546023607254,0.2747044563293457,0.5048339366912842,-0.08048595488071442,0.3144701421260834,0.587952196598053,-0.1065656989812851,0.3592800796031952,0.6179932355880737,-0.10747077316045761,0.3969270586967468,0.6262956857681274,-0.10559934377670288,0.2721268832683563,0.5317095518112183,-0.06643129140138626,0.29513782262802124,0.5964193344116211,-0.08725525438785553,0.32624226808547974,0.6239786744117737,-0.09342370182275772,0.3559034466743469,0.6335065364837646,-0.0958305299282074,Right,0.9911890029907227
1133,27,0,0.8052151799201965,0.3961593508720398,2.731888741891453e-07,0.7295372486114502,0.3774850368499756,-0.0032513567712157965,0.6759626269340515,0.4190828502178192,-0.01396364439278841,0.647106945514679,0.4772525429725647,-0.020905544981360435,0.6290974020957947,0.5249313116073608,-0.02767217345535755,0.6808339953422546,0.4347865581512451,-0.06917571276426315,0.6395753026008606,0.5460260510444641,-0.09503800421953201,0.6146944165229797,0.5853166580200195,-0.09634555876255035,0.6021764278411865,0.5918517708778381,-0.08924150466918945,0.7190642356872559,0.4740526080131531,-0.0717853382229805,0.6728624105453491,0.5924455523490906,-0.10028951615095139,0.63796067237854,0.6279271841049194,-0.09449604898691177,0.6208022832870483,0.6245439648628235,-0.0825880840420723,0.7531139850616455,0.507442057132721,-0.07099404186010361,0.7094628810882568,0.6149957180023193,-0.08986181765794754,0.6751492023468018,0.6468806266784668,-0.08026004582643509,0.6549530029296875,0.6432533264160156,-0.06637655943632126,0.7823284268379211,0.530290961265564,-0.06879553943872452,0.7492011189460754,0.6216466426849365,-0.07931368798017502,0.7212373614311218,0.6519515514373779,-0.0729769915342331,0.7022741436958313,0.651759147644043,-0.06217154487967491,Left,0.9979199171066284
1133,27,1,0.2968234121799469,0.39023178815841675,-3.5621425809040375e-07,0.34478890895843506,0.3784223198890686,-0.048145562410354614,0.379095196723938,0.4063667953014374,-0.07937602698802948,0.39451032876968384,0.4575205445289612,-0.09764779359102249,0.4109991192817688,0.5039844512939453,-0.11178573220968246,0.3112649917602539,0.4222591519355774,-0.12200205028057098,0.34730228781700134,0.5035505890846252,-0.1577659547328949,0.3850524127483368,0.5352973937988281,-0.16308929026126862,0.41834723949432373,0.5468522310256958,-0.1613742709159851,0.2855041027069092,0.46719828248023987,-0.10485482215881348,0.3393005430698395,0.5499953627586365,-0.13973478972911835,0.39039069414138794,0.580840528011322,-0.1383409947156906,0.4280739724636078,0.5858926177024841,-0.13601374626159668,0.27532750368118286,0.5053913593292236,-0.08702600002288818,0.3248811960220337,0.5805461406707764,-0.11991244554519653,0.37404730916023254,0.6024894118309021,-0.12159194052219391,0.41124483942985535,0.6060090661048889,-0.11957797408103943,0.2762872874736786,0.5347675681114197,-0.07059808075428009,0.312831848859787,0.5936986804008484,-0.09714128822088242,0.34984153509140015,0.6104031205177307,-0.10406505316495895,0.3801884651184082,0.6127663850784302,-0.10640568286180496,Right,0.9940322041511536
1178,28,0,0.8037381172180176,0.39765650033950806,2.943558854440198e-07,0.7342273592948914,0.372768759727478,-0.007922091521322727,0.6810864806175232,0.40185296535491943,-0.02275705337524414,0.6465811729431152,0.4543173909187317,-0.033087108284235,0.6198517680168152,0.49597886204719543,-0.0435531847178936,0.6862916350364685,0.40524935722351074,-0.07761527597904205,0.6358551979064941,0.5090144276618958,-0.10755360126495361,0.6038169860839844,0.5474840402603149,-0.11287873238325119,0.5837472677230835,0.560756504535675,-0.10910927504301071,0.7188580632209778,0.4510080814361572,-0.07969687879085541,0.6633564829826355,0.5582891702651978,-0.11292066425085068,0.6227942109107971,0.5899167060852051,-0.1106473058462143,0.6027302742004395,0.585645854473114,-0.1015666052699089,0.7462218403816223,0.492550790309906,-0.07872123271226883,0.6927107572555542,0.5899698138237,-0.10292474925518036,0.6514879465103149,0.6186716556549072,-0.09858423471450806,0.6278461217880249,0.6127539277076721,-0.08812611550092697,0.7685536742210388,0.5243159532546997,-0.07647990435361862,0.724611222743988,0.6070767045021057,-0.09248919785022736,0.6908790469169617,0.6306694149971008,-0.09076307713985443,0.669048547744751,0.6263531446456909,-0.0832635760307312,Left,0.9979075789451599
1178,28,1,0.28741127252578735,0.3904185891151428,-3.78473998807749e-07,0.3330939710140228,0.3695371448993683,-0.05291842669248581,0.37048882246017456,0.39445075392723083,-0.08648079633712769,0.39298853278160095,0.4467264413833618,-0.10626866668462753,0.41717150807380676,0.49474117159843445,-0.12200447916984558,0.30205944180488586,0.4181511104106903,-0.12680353224277496,0.34323325753211975,0.4934138059616089,-0.16511042416095734,0.3836098611354828,0.5192053318023682,-0.17215129733085632,0.4182107746601105,0.5282959342002869,-0.17173202335834503,0.2814989387989044,0.46880680322647095,-0.10815031081438065,0.3419020175933838,0.5422495007514954,-0.14628088474273682,0.39600950479507446,0.5646214485168457,-0.14689746499061584,0.43367528915405273,0.5655152797698975,-0.14579826593399048,0.2767215669155121,0.5096151828765869,-0.08920936286449432,0.331813782453537,0.5767319202423096,-0.12655216455459595,0.38462838530540466,0.5918817520141602,-0.13106660544872284,0.42280131578445435,0.5924782752990723,-0.1303982138633728,0.2816988527774811,0.5402323007583618,-0.07168689370155334,0.32274556159973145,0.5935129523277283,-0.10232535749673843,0.3621685802936554,0.6055731773376465,-0.11176175624132156,0.3935454487800598,0.6070654988288879,-0.11553002148866653,Right,0.9959965944290161
1222,29,0,0.794097900390625,0.3946093022823334,3.0906687698006863e-07,0.7286977171897888,0.35939812660217285,-0.012510153464972973,0.6698071360588074,0.3760887682437897,-0.030968088656663895,0.6293492913246155,0.4221891462802887,-0.04347856342792511,0.5996115207672119,0.46224674582481384,-0.05683780834078789,0.6831377744674683,0.3603712022304535,-0.08677555620670319,0.6228148937225342,0.4450122117996216,-0.11457468569278717,0.5876612663269043,0.484625905752182,-0.1198483482003212,0.5627761483192444,0.5082429051399231,-0.1182425320148468,0.7131425142288208,0.40698331594467163,-0.08802773058414459,0.6435540914535522,0.5010735392570496,-0.11674202233552933,0.6021456122398376,0.5307303667068481,-0.11347392201423645,0.5811406373977661,0.5327757000923157,-0.10694568604230881,0.7358711361885071,0.4532596468925476,-0.08597589284181595,0.6692672967910767,0.5397029519081116,-0.10552863031625748,0.6290991306304932,0.5588515996932983,-0.09938059747219086,0.6069415211677551,0.5518803596496582,-0.09099585562944412,0.7518947720527649,0.49177905917167664,-0.08335640281438828,0.6947389841079712,0.5579323768615723,-0.09603424370288849,0.6601564884185791,0.5708117485046387,-0.09305838495492935,0.6385880708694458,0.5646923184394836,-0.08739957958459854,Left,0.9983476400375366
1222,29,1,0.2697088122367859,0.37936148047447205,-4.139998850405391e-07,0.3135181963443756,0.3516383767127991,-0.06173186004161835,0.3521463871002197,0.3700229525566101,-0.09927352517843246,0.3803384006023407,0.4187392592430115,-0.12058628350496292,0.40897247195243835,0.46079176664352417,-0.13796867430210114,0.2900831699371338,0.41305503249168396,-0.13995403051376343,0.34236907958984375,0.47413790225982666,-0.178727388381958,0.3847813606262207,0.4865392744541168,-0.18590392172336578,0.42103058099746704,0.48841944336891174,-0.1866818368434906,0.2772682309150696,0.47008076310157776,-0.11650482565164566,0.3503306210041046,0.5207731127738953,-0.1570056676864624,0.4047898054122925,0.5305532217025757,-0.16085730493068695,0.4423506259918213,0.5274555683135986,-0.1634838730096817,0.28003644943237305,0.5117476582527161,-0.09240478277206421,0.3445132076740265,0.5587895512580872,-0.13371682167053223,0.39968442916870117,0.5637003183364868,-0.14373768866062164,0.44064390659332275,0.5581017732620239,-0.1479548215866089,0.28997230529785156,0.540367841720581,-0.06975409388542175,0.3372317850589752,0.5771849751472473,-0.10618170350790024,0.3786855638027191,0.5795351266860962,-0.12089841067790985,0.41305503249168396,0.5774974226951599,-0.1289592683315277,Right,0.9961568117141724
1267,30,0,0.781994640827179,0.39172524213790894,1.919836307706646e-07,0.7194130420684814,0.34949374198913574,-0.013033322989940643,0.6551312208175659,0.3682168126106262,-0.03307986259460449,0.608241081237793,0.4212355613708496,-0.04722686856985092,0.5775435566902161,0.4695671796798706,-0.06342099606990814,0.6747002005577087,0.33973515033721924,-0.08354490995407104,0.6125253438949585,0.42119506001472473,-0.10852879285812378,0.5763759016990662,0.4675638675689697,-0.1146603375673294,0.5504152774810791,0.49815109372138977,-0.11550863087177277,0.7073382139205933,0.3860280215740204,-0.08559977263212204,0.6360052824020386,0.48328447341918945,-0.10965226590633392,0.5963584184646606,0.5139158368110657,-0.10694874078035355,0.5771933197975159,0.5195090770721436,-0.10349593311548233,0.7306386232376099,0.4328307509422302,-0.08418843150138855,0.6607314348220825,0.5222463607788086,-0.10152357071638107,0.6214149594306946,0.5396650433540344,-0.09330126643180847,0.6035499572753906,0.5326368808746338,-0.08517817407846451,0.7458840608596802,0.4749610424041748,-0.08218313008546829,0.6857892274856567,0.5406256318092346,-0.09443874657154083,0.6524003744125366,0.548592746257782,-0.08974731713533401,0.6352218985557556,0.537851870059967,-0.08376160264015198,Left,0.998301088809967
1267,30,1,0.2810671925544739,0.3752753734588623,-3.5870661463377473e-07,0.3239474296569824,0.3502497673034668,-0.05577191337943077,0.36165758967399597,0.3707570433616638,-0.08891372382640839,0.3884960114955902,0.41768598556518555,-0.10762477666139603,0.41225898265838623,0.45613420009613037,-0.12269511818885803,0.29083052277565,0.41154587268829346,-0.12789297103881836,0.34506165981292725,0.4683222472667694,-0.1656535416841507,0.3884061574935913,0.4812081754207611,-0.17390750348567963,0.4254191219806671,0.4795975685119629,-0.17477504909038544,0.28085649013519287,0.4652860462665558,-0.10793650150299072,0.35543859004974365,0.514474630355835,-0.1447964459657669,0.4124302566051483,0.520621657371521,-0.14712297916412354,0.4532177746295929,0.513606607913971,-0.14785166084766388,0.2839955687522888,0.5047606825828552,-0.08793990314006805,0.3496968746185303,0.5496655106544495,-0.12360747158527374,0.4027540385723114,0.5502435564994812,-0.12996242940425873,0.44322580099105835,0.5411000847816467,-0.13138160109519958,0.29541799426078796,0.5293996930122375,-0.06982550024986267,0.34094667434692383,0.5659103393554688,-0.10015177726745605,0.37939944863319397,0.5672246217727661,-0.11120616644620895,0.4113525152206421,0.5607575178146362,-0.116517074406147,Right,0.9937129020690918
1310,31,0,0.7767326235771179,0.38545238971710205,8.60093436472198e-08,0.717719554901123,0.34022030234336853,-0.010314743034541607,0.655256450176239,0.3537706136703491,-0.031488437205553055,0.6104816794395447,0.40229445695877075,-0.0478876568377018,0.5814397931098938,0.4474654197692871,-0.06714280694723129,0.6713421940803528,0.325992226600647,-0.08089535683393478,0.6072826981544495,0.40375685691833496,-0.10702156275510788,0.5715348720550537,0.44840967655181885,-0.11619669198989868,0.5464777946472168,0.478895902633667,-0.11966705322265625,0.70542311668396,0.3705624043941498,-0.08583570271730423,0.6338133811950684,0.45911046862602234,-0.1107349619269371,0.5922264456748962,0.49319833517074585,-0.11124569177627563,0.5717074871063232,0.5073598027229309,-0.11102304607629776,0.7294851541519165,0.4193950891494751,-0.08737021684646606,0.6573375463485718,0.501032829284668,-0.10594859719276428,0.6173431873321533,0.5215615630149841,-0.10032051056623459,0.5989940166473389,0.5219677686691284,-0.09452398866415024,0.7446359992027283,0.46458888053894043,-0.08796484023332596,0.682637631893158,0.5244883894920349,-0.10230712592601776,0.6479467153549194,0.5359344482421875,-0.09945646673440933,0.6293666362762451,0.5316706895828247,-0.09499260038137436,Left,0.9984771609306335
1310,31,1,0.2815648317337036,0.383598655462265,-3.2705912644814816e-07,0.3225199282169342,0.35178595781326294,-0.06708183884620667,0.36130544543266296,0.36612963676452637,-0.10795148462057114,0.39096692204475403,0.41074344515800476,-0.13130350410938263,0.41753581166267395,0.4487076699733734,-0.15147709846496582,0.29276135563850403,0.40632379055023193,-0.15233226120471954,0.3481415808200836,0.4617254137992859,-0.19614502787590027,0.3927781581878662,0.47312644124031067,-0.2068999856710434,0.4292241334915161,0.47264307737350464,-0.20941691100597382,0.2833120822906494,0.46550822257995605,-0.12704460322856903,0.3585519790649414,0.5111671686172485,-0.17070654034614563,0.41581499576568604,0.5124005675315857,-0.17488588392734528,0.45299285650253296,0.5032318234443665,-0.1768707036972046,0.2878926694393158,0.508578360080719,-0.1013256087899208,0.3528953492641449,0.5498126745223999,-0.14382226765155792,0.40602290630340576,0.5434107780456543,-0.1522180140018463,0.44126978516578674,0.5287057161331177,-0.15449215471744537,0.29936298727989197,0.5375229120254517,-0.07764551788568497,0.3426033854484558,0.5691066980361938,-0.1140994280576706,0.37953102588653564,0.5647297501564026,-0.12778142094612122,0.4066671133041382,0.555090069770813,-0.13442760705947876,Right,0.9948806166648865
1355,32,0,0.7718448042869568,0.37950652837753296,5.331603958325104e-08,0.7168846130371094,0.3329361379146576,-0.008439240977168083,0.6574577689170837,0.3398579955101013,-0.027839554473757744,0.6152421832084656,0.3851708173751831,-0.04316766932606697,0.5880601406097412,0.4286375343799591,-0.061771128326654434,0.6717774271965027,0.31338438391685486,-0.07431770861148834,0.6059684753417969,0.3850943148136139,-0.10031753778457642,0.5693355798721313,0.4305024743080139,-0.11106094717979431,0.5443944334983826,0.4626699686050415,-0.11595658957958221,0.7045284509658813,0.35836678743362427,-0.08010052144527435,0.6332085132598877,0.4395281672477722,-0.10497289896011353,0.5902695059776306,0.4759080111980438,-0.10788683593273163,0.5697313547134399,0.4948151707649231,-0.10972966253757477,0.7281292676925659,0.4080687165260315,-0.08267530798912048,0.6562913656234741,0.4842367470264435,-0.1020277664065361,0.6152629256248474,0.5070785284042358,-0.0986182689666748,0.5961839556694031,0.5107590556144714,-0.09442722797393799,0.7424858808517456,0.45530277490615845,-0.08409690856933594,0.680552065372467,0.5104976296424866,-0.10036949813365936,0.6458816528320312,0.5212256908416748,-0.09939590841531754,0.6263922452926636,0.5155584812164307,-0.09618202596902847,Left,0.9988899230957031
1355,32,1,0.28279170393943787,0.38119691610336304,-3.446832295139757e-07,0.323327898979187,0.34791404008865356,-0.06642298400402069,0.3623611330986023,0.3614038825035095,-0.10624174028635025,0.3925696015357971,0.40519073605537415,-0.12874802947044373,0.41865548491477966,0.4420489966869354,-0.1477973759174347,0.29559871554374695,0.40625059604644775,-0.15113726258277893,0.3508179783821106,0.45820873975753784,-0.19457679986953735,0.39531099796295166,0.4663938581943512,-0.2055521011352539,0.43261751532554626,0.4642011821269989,-0.20862039923667908,0.287447452545166,0.46477848291397095,-0.12622611224651337,0.3615392744541168,0.5052481293678284,-0.17031356692314148,0.4188964366912842,0.5039981603622437,-0.17590542137622833,0.45752373337745667,0.4943122863769531,-0.17933841049671173,0.2926795482635498,0.506625771522522,-0.10089114308357239,0.35279902815818787,0.5459368824958801,-0.14390288293361664,0.4048633575439453,0.5394302010536194,-0.1547049731016159,0.4410132169723511,0.5242303609848022,-0.1589128077030182,0.3043006956577301,0.5328668355941772,-0.0775008350610733,0.3412769138813019,0.5666577816009521,-0.11469648033380508,0.3746589720249176,0.5647960901260376,-0.13057354092597961,0.4005982279777527,0.5557297468185425,-0.1391788125038147,Right,0.9916588664054871
1399,33,0,0.7704148888587952,0.3712528645992279,4.689319865747166e-08,0.721418023109436,0.3226231038570404,-0.01259846892207861,0.6670405268669128,0.3201083540916443,-0.03610772266983986,0.6251686215400696,0.35816100239753723,-0.054990075528621674,0.5986796617507935,0.39557021856307983,-0.07744387537240982,0.6743293404579163,0.2905384302139282,-0.08418186753988266,0.6072139739990234,0.35522863268852234,-0.11525999754667282,0.5717630982398987,0.40355920791625977,-0.12973514199256897,0.5482922196388245,0.4373760521411896,-0.13725890219211578,0.7062489986419678,0.332587331533432,-0.08966480940580368,0.633233368396759,0.406786173582077,-0.11931021511554718,0.5884413123130798,0.44866496324539185,-0.12539474666118622,0.5627994537353516,0.47186750173568726,-0.13037972152233124,0.7292695045471191,0.382869154214859,-0.09230780601501465,0.6594745516777039,0.45172247290611267,-0.1159416139125824,0.6163387894630432,0.4798303544521332,-0.11512240022420883,0.5927969217300415,0.48920994997024536,-0.11337456107139587,0.7425422668457031,0.4337804913520813,-0.09406214207410812,0.6827053427696228,0.47952163219451904,-0.11319933831691742,0.647613525390625,0.49268364906311035,-0.11408483237028122,0.6254859566688538,0.49035972356796265,-0.11310974508523941,Left,0.9959874749183655
1399,33,1,0.28233280777931213,0.3707907199859619,-3.418455776227347e-07,0.3248136639595032,0.34141963720321655,-0.06156756356358528,0.36620184779167175,0.3564828336238861,-0.09770416468381882,0.3986580967903137,0.3995497226715088,-0.11765292286872864,0.42686325311660767,0.43287697434425354,-0.13411341607570648,0.29934999346733093,0.4015201926231384,-0.1408730298280716,0.3547056317329407,0.45234057307243347,-0.18257807195186615,0.39986681938171387,0.4605473279953003,-0.19370786845684052,0.43723559379577637,0.4584904909133911,-0.1970994770526886,0.29145359992980957,0.45713695883750916,-0.1178596168756485,0.3651224672794342,0.49912229180336,-0.16046831011772156,0.4241047501564026,0.4964193105697632,-0.1662578284740448,0.46395570039749146,0.4850226938724518,-0.16974206268787384,0.29657289385795593,0.4960002899169922,-0.094541534781456,0.3542569875717163,0.5380022525787354,-0.1363396793603897,0.4063275158405304,0.5315079092979431,-0.14732518792152405,0.4426417350769043,0.5156686902046204,-0.15138830244541168,0.3075362741947174,0.5195165276527405,-0.07293110340833664,0.3365374207496643,0.5610321760177612,-0.10878950357437134,0.36474737524986267,0.567179262638092,-0.12503188848495483,0.3876017928123474,0.5634825229644775,-0.13415935635566711,Right,0.9908357858657837
1442,34,0,0.7657815217971802,0.3658764064311981,5.4687236961115104e-09,0.715530514717102,0.317627876996994,-0.012452257797122002,0.6608276963233948,0.319123238325119,-0.03641606122255325,0.6180288195610046,0.36368656158447266,-0.05564867705106735,0.592308759689331,0.4050901532173157,-0.07817617058753967,0.6751367449760437,0.2846227288246155,-0.08326338231563568,0.6074970364570618,0.3461141288280487,-0.11350701749324799,0.5702446103096008,0.39272817969322205,-0.12603822350502014,0.5469726324081421,0.4255906641483307,-0.13205298781394958,0.7090381383895874,0.3282164931297302,-0.08869916945695877,0.6343521475791931,0.40030667185783386,-0.11920884251594543,0.5912043452262878,0.4417101740837097,-0.1231815367937088,0.5690415501594543,0.4667643904685974,-0.12572553753852844,0.7318861484527588,0.38022658228874207,-0.09110799431800842,0.6585310697555542,0.4465492367744446,-0.11601255089044571,0.6161327362060547,0.4734084904193878,-0.11073260009288788,0.595561146736145,0.48231151700019836,-0.10450859367847443,0.7435633540153503,0.43242231011390686,-0.0925012081861496,0.6787541508674622,0.47526809573173523,-0.11100760102272034,0.6435134410858154,0.48613500595092773,-0.10744011402130127,0.6254145503044128,0.4815695881843567,-0.10226888954639435,Left,0.9967170357704163
1442,34,1,0.285017728805542,0.37250828742980957,-3.162124926348042e-07,0.32747897505760193,0.34237009286880493,-0.06243683770298958,0.37026527523994446,0.36014020442962646,-0.09805828332901001,0.40423765778541565,0.40099507570266724,-0.11719221621751785,0.4313817024230957,0.43155544996261597,-0.13318988680839539,0.2983521819114685,0.40694886445999146,-0.142754927277565,0.35586413741111755,0.45296794176101685,-0.18252217769622803,0.40104126930236816,0.458632230758667,-0.19257153570652008,0.43953126668930054,0.4530835449695587,-0.19562062621116638,0.29157763719558716,0.46121224761009216,-0.11926346272230148,0.36753031611442566,0.49763843417167664,-0.15859000384807587,0.42459291219711304,0.4952324628829956,-0.1638175994157791,0.46521270275115967,0.48565673828125,-0.16802528500556946,0.2976710796356201,0.49939677119255066,-0.09541093558073044,0.35693541169166565,0.5377457141876221,-0.13434134423732758,0.4067270755767822,0.5340246558189392,-0.14596965909004211,0.4440481662750244,0.5200559496879578,-0.15162312984466553,0.309550940990448,0.5222760438919067,-0.07337109744548798,0.33942389488220215,0.5631540417671204,-0.1071418970823288,0.36716562509536743,0.5696642398834229,-0.12315256148576736,0.39134371280670166,0.565472424030304,-0.13292913138866425,Right,0.9871354103088379
1488,35,0,0.7644863128662109,0.3634117543697357,-3.639746504191521e-09,0.7151450514793396,0.31482234597206116,-0.01688643917441368,0.6591817736625671,0.3152867555618286,-0.04491085559129715,0.6138957142829895,0.35946324467658997,-0.06704160571098328,0.5822952389717102,0.39845457673072815,-0.0921093076467514,0.6829792261123657,0.273050993680954,-0.09414532035589218,0.6142340898513794,0.3306105136871338,-0.129454106092453,0.575221061706543,0.37630724906921387,-0.14569470286369324,0.5516554713249207,0.410178542137146,-0.15381619334220886,0.7151646614074707,0.3197029232978821,-0.09809548407793045,0.6409085988998413,0.38766470551490784,-0.1327950656414032,0.5946244597434998,0.42786723375320435,-0.13909488916397095,0.5702754259109497,0.4528741240501404,-0.1437654346227646,0.7350583672523499,0.37387922406196594,-0.09913501143455505,0.6617156863212585,0.4361507296562195,-0.12682172656059265,0.6155799031257629,0.46147221326828003,-0.1234714537858963,0.5920714139938354,0.47043126821517944,-0.11908555775880814,0.7431264519691467,0.42831963300704956,-0.099358931183815,0.6785966157913208,0.4664263427257538,-0.11997459828853607,0.6403176188468933,0.4756839871406555,-0.11857356131076813,0.6196700930595398,0.4706907272338867,-0.11544027179479599,Left,0.996273398399353
1488,35,1,0.28298693895339966,0.3705650568008423,-3.071033063406503e-07,0.32892361283302307,0.3414561450481415,-0.0677526667714119,0.3738546371459961,0.36012792587280273,-0.10630585253238678,0.40837836265563965,0.4045273959636688,-0.12639309465885162,0.43386417627334595,0.4410950243473053,-0.14278137683868408,0.29850512742996216,0.4015212655067444,-0.15549038350582123,0.35587266087532043,0.4508443772792816,-0.19874995946884155,0.40063464641571045,0.45690155029296875,-0.20960667729377747,0.4384060204029083,0.4539879858493805,-0.21284876763820648,0.29079148173332214,0.4576861262321472,-0.12949657440185547,0.3689228892326355,0.4977554976940155,-0.17249034345149994,0.42682430148124695,0.4940488338470459,-0.17594121396541595,0.46515291929244995,0.48228612542152405,-0.17811311781406403,0.2970081865787506,0.4973437786102295,-0.10321524739265442,0.3617965281009674,0.533081591129303,-0.1451648622751236,0.4136638641357422,0.5235432982444763,-0.15349020063877106,0.4484083652496338,0.5055625438690186,-0.15601308643817902,0.3091549277305603,0.5210847854614258,-0.07917799800634384,0.34280911087989807,0.5580308437347412,-0.11522672325372696,0.3719666004180908,0.5576122403144836,-0.12964686751365662,0.3939761519432068,0.5468524098396301,-0.13745036721229553,Right,0.9864488840103149
1532,36,0,0.765426516532898,0.3557094633579254,-4.2103632580392514e-08,0.7117046117782593,0.30738019943237305,-0.01499076746404171,0.6568750739097595,0.3102189302444458,-0.04139453172683716,0.6154693961143494,0.3594839572906494,-0.062453314661979675,0.5923517346382141,0.4033026099205017,-0.08616761863231659,0.681216299533844,0.2618166208267212,-0.09033963084220886,0.6128060221672058,0.3251304030418396,-0.1220073476433754,0.5737818479537964,0.3702186942100525,-0.13257339596748352,0.5510919094085693,0.4059832692146301,-0.13659290969371796,0.7154922485351562,0.30779772996902466,-0.09512817114591599,0.6409652233123779,0.38047119975090027,-0.12831488251686096,0.5968886017799377,0.4217064678668976,-0.13085465133190155,0.5734108686447144,0.44876164197921753,-0.13211166858673096,0.7380906343460083,0.3626558482646942,-0.09676381945610046,0.6630529761314392,0.4272609353065491,-0.1242741271853447,0.6183668375015259,0.4536585211753845,-0.11689513921737671,0.5960908532142639,0.464673787355423,-0.10882408171892166,0.7484583854675293,0.4183330535888672,-0.0975506603717804,0.6814203262329102,0.45636045932769775,-0.11951225250959396,0.6434503197669983,0.4670824110507965,-0.11591913551092148,0.6243231296539307,0.46601396799087524,-0.11001640558242798,Left,0.994690477848053
1532,36,1,0.2820771336555481,0.370015949010849,-2.9170942639211717e-07,0.3245925009250641,0.3403434753417969,-0.06766793876886368,0.3703806400299072,0.35773396492004395,-0.10707587003707886,0.40701472759246826,0.3994846045970917,-0.1276324838399887,0.43269503116607666,0.4347020387649536,-0.14444084465503693,0.29830214381217957,0.40377897024154663,-0.1589529663324356,0.3559999167919159,0.4523700177669525,-0.202839657664299,0.4014210104942322,0.4570736885070801,-0.21399597823619843,0.4400200843811035,0.451712429523468,-0.21734848618507385,0.29166191816329956,0.4576188921928406,-0.13197927176952362,0.3690735697746277,0.49805399775505066,-0.17580412328243256,0.4266672134399414,0.49480921030044556,-0.18081194162368774,0.46604999899864197,0.4839669466018677,-0.18444432318210602,0.29808491468429565,0.49629518389701843,-0.10407596826553345,0.3619362413883209,0.5331472754478455,-0.14605297148227692,0.41372963786125183,0.5246480107307434,-0.15593193471431732,0.4494592249393463,0.5068899393081665,-0.15986578166484833,0.3097495436668396,0.5196155905723572,-0.07813680917024612,0.34514525532722473,0.5573098659515381,-0.1144651547074318,0.3745977282524109,0.5588924884796143,-0.13036058843135834,0.3977575898170471,0.5517365336418152,-0.1394815891981125,Right,0.9850127100944519
1576,37,0,0.7694166898727417,0.3572036325931549,-9.12920015139207e-08,0.7156774997711182,0.30582961440086365,-0.013291171751916409,0.6598222255706787,0.3061906397342682,-0.03903673216700554,0.614680826663971,0.3509683310985565,-0.06037863343954086,0.585825502872467,0.3930148482322693,-0.08403773605823517,0.6814026236534119,0.2627846300601959,-0.08515457808971405,0.6104350090026855,0.3240301311016083,-0.11642568558454514,0.5709549188613892,0.3699513077735901,-0.12613309919834137,0.5492591857910156,0.4084183871746063,-0.12918779253959656,0.7138238549232483,0.3067640960216522,-0.09098709374666214,0.6373049020767212,0.3789992928504944,-0.12239672988653183,0.5951825976371765,0.42272722721099854,-0.1229766383767128,0.5736772418022156,0.45140087604522705,-0.12270043790340424,0.7363852858543396,0.36026015877723694,-0.09404671937227249,0.6601062417030334,0.4238368570804596,-0.12030582129955292,0.6181368827819824,0.45097750425338745,-0.11119160056114197,0.5983796715736389,0.4636794924736023,-0.10206957161426544,0.7484356164932251,0.4142995774745941,-0.09631820023059845,0.6824229955673218,0.45139947533607483,-0.117335245013237,0.6458832025527954,0.46493157744407654,-0.11232106387615204,0.6275603771209717,0.4690372049808502,-0.10521605610847473,Left,0.9930629134178162
1576,37,1,0.28412845730781555,0.3699103593826294,-2.911645538006269e-07,0.32852494716644287,0.34177276492118835,-0.06602119654417038,0.3747837245464325,0.3611280918121338,-0.10441526025533676,0.41048333048820496,0.40373775362968445,-0.12460469454526901,0.43573758006095886,0.4408329129219055,-0.14110498130321503,0.299674928188324,0.4047965705394745,-0.15596885979175568,0.3587288558483124,0.4517033100128174,-0.19917187094688416,0.4034513235092163,0.45709630846977234,-0.20957857370376587,0.4415343701839447,0.45185717940330505,-0.21213018894195557,0.2926102876663208,0.4576072692871094,-0.1300402581691742,0.3715626895427704,0.4974808990955353,-0.17318421602249146,0.42908188700675964,0.4941444396972656,-0.17708174884319305,0.4683360159397125,0.4823862910270691,-0.17949463427066803,0.2987865209579468,0.4960508346557617,-0.1033596470952034,0.3651043474674225,0.5319122076034546,-0.1449487954378128,0.41709092259407043,0.5227330923080444,-0.1539836823940277,0.45296114683151245,0.5044816732406616,-0.15688103437423706,0.3107836842536926,0.5194087028503418,-0.07861562818288803,0.34838661551475525,0.5571227669715881,-0.11389386653900146,0.3792596757411957,0.5589826107025146,-0.12878955900669098,0.40364450216293335,0.5515375137329102,-0.13702180981636047,Right,0.9837067127227783
1621,38,0,0.769271969795227,0.3557126522064209,-8.82660060597118e-08,0.71776282787323,0.3055344820022583,-0.0139259472489357,0.6607696413993835,0.30753132700920105,-0.040327779948711395,0.6146366000175476,0.3527868986129761,-0.0620090514421463,0.5825966596603394,0.3932339549064636,-0.08592358976602554,0.6763879656791687,0.2622874975204468,-0.08869890123605728,0.6057891845703125,0.3265126943588257,-0.11974215507507324,0.566864013671875,0.3726186454296112,-0.1281316876411438,0.546034038066864,0.41030046343803406,-0.1303059607744217,0.7085192799568176,0.3059721291065216,-0.09426108002662659,0.6325880885124207,0.3801005482673645,-0.12594673037528992,0.5928848385810852,0.423668771982193,-0.12505704164505005,0.5727509260177612,0.4511480927467346,-0.12337927520275116,0.7320703268051147,0.3586689829826355,-0.09689895808696747,0.6558640003204346,0.4239138662815094,-0.1239352598786354,0.6154952049255371,0.4514530897140503,-0.1140626072883606,0.5968540906906128,0.4641815423965454,-0.10420187562704086,0.7457233667373657,0.41221535205841064,-0.09866254776716232,0.680194079875946,0.45227497816085815,-0.12076084315776825,0.6445111632347107,0.4669923484325409,-0.11590085178613663,0.6269505023956299,0.4710751175880432,-0.10859790444374084,Left,0.991388201713562
1621,38,1,0.28375911712646484,0.3763669729232788,-2.92172387617029e-07,0.3262856602668762,0.3427598178386688,-0.06591703742742538,0.3725701570510864,0.35509029030799866,-0.1053379699587822,0.4089899957180023,0.39356884360313416,-0.12682132422924042,0.4370858669281006,0.42615482211112976,-0.14502762258052826,0.3025588095188141,0.4041360318660736,-0.1548372209072113,0.36063873767852783,0.44985732436180115,-0.19920215010643005,0.40465855598449707,0.4554498493671417,-0.21121323108673096,0.4422663450241089,0.4511607885360718,-0.21449986100196838,0.29613029956817627,0.4602307975292206,-0.1290876865386963,0.3750354051589966,0.49647682905197144,-0.17174415290355682,0.43198010325431824,0.4919512867927551,-0.17567092180252075,0.4698944389820099,0.4793657660484314,-0.17790386080741882,0.3024626076221466,0.4999677538871765,-0.10264316946268082,0.37071406841278076,0.5319359302520752,-0.1441091001033783,0.42195338010787964,0.5203282237052917,-0.15265882015228271,0.4560898542404175,0.5012823343276978,-0.15512412786483765,0.31455495953559875,0.5244328379631042,-0.07809161394834518,0.3559958040714264,0.5560967922210693,-0.11274053901433945,0.38700371980667114,0.5521019101142883,-0.12616309523582458,0.40956637263298035,0.5412504076957703,-0.13312390446662903,Right,0.9917620420455933
1664,39,0,0.7652217745780945,0.3550529181957245,-6.008240660548836e-08,0.7154491543769836,0.3033808171749115,-0.015521831810474396,0.6600092649459839,0.30295467376708984,-0.04212270304560661,0.6155784726142883,0.34978538751602173,-0.0631537139415741,0.5882338881492615,0.39290133118629456,-0.08651548624038696,0.6763682961463928,0.26116055250167847,-0.09095645695924759,0.6054932475090027,0.32560309767723083,-0.12093281000852585,0.567522406578064,0.37202170491218567,-0.1294616013765335,0.5459804534912109,0.4093950390815735,-0.13207568228244781,0.7091262340545654,0.30744069814682007,-0.0949469655752182,0.6347780823707581,0.3811407685279846,-0.12663400173187256,0.5947948694229126,0.4237382411956787,-0.12718407809734344,0.5742873549461365,0.4508456885814667,-0.1267867237329483,0.7311728596687317,0.3621063828468323,-0.09571895003318787,0.6570631861686707,0.42591041326522827,-0.1219945028424263,0.6158521175384521,0.45195960998535156,-0.1135769709944725,0.5965316295623779,0.46324512362480164,-0.10481937229633331,0.7424401640892029,0.41730329394340515,-0.09564435482025146,0.6766073703765869,0.45519572496414185,-0.11609209328889847,0.6404106616973877,0.4678981602191925,-0.11135777086019516,0.6225177049636841,0.46996909379959106,-0.10459192842245102,Left,0.991500735282898
1664,39,1,0.287208616733551,0.3718959093093872,-2.8669296625594143e-07,0.33046770095825195,0.3417329788208008,-0.06144827976822853,0.3759792447090149,0.3570215106010437,-0.09846506267786026,0.41053327918052673,0.39674893021583557,-0.11798683553934097,0.43831148743629456,0.4300346076488495,-0.13420121371746063,0.3069778382778168,0.40163254737854004,-0.15296100080013275,0.36336058378219604,0.44801244139671326,-0.19782055914402008,0.4068543314933777,0.4557569921016693,-0.2105192244052887,0.44392499327659607,0.45102083683013916,-0.2138957381248474,0.30006083846092224,0.45670005679130554,-0.12911337614059448,0.3777769207954407,0.49662744998931885,-0.17242681980133057,0.43518465757369995,0.49248063564300537,-0.17641058564186096,0.4734373688697815,0.4775092899799347,-0.17829662561416626,0.30568549036979675,0.49651071429252625,-0.10416396707296371,0.3720000982284546,0.5324022769927979,-0.14532558619976044,0.42371243238449097,0.5203095078468323,-0.15344825387001038,0.4577558934688568,0.49949851632118225,-0.15536686778068542,0.3176872134208679,0.5203229188919067,-0.08076757192611694,0.36014166474342346,0.5523057579994202,-0.11445556581020355,0.3940829932689667,0.5454379320144653,-0.12718507647514343,0.41931548714637756,0.5303201079368591,-0.1335913985967636,Right,0.9862937331199646
1708,40,0,0.7642906308174133,0.35527274012565613,-7.040483041009793e-08,0.7132890820503235,0.3045169413089752,-0.015529193915426731,0.657192587852478,0.30502551794052124,-0.04227666184306145,0.6124763488769531,0.3513733744621277,-0.06351366639137268,0.5846916437149048,0.3939329981803894,-0.08698058128356934,0.6753579378128052,0.26158881187438965,-0.09115879237651825,0.6057194471359253,0.325069397687912,-0.12197902053594589,0.5680380463600159,0.3715125620365143,-0.1311255693435669,0.5471486449241638,0.4097965955734253,-0.13410267233848572,0.7084985971450806,0.3081953227519989,-0.09562136232852936,0.6341397166252136,0.38222137093544006,-0.12836414575576782,0.5949162840843201,0.4242471158504486,-0.12957188487052917,0.5754241347312927,0.45139577984809875,-0.1295691281557083,0.7309043407440186,0.36303436756134033,-0.0969606414437294,0.6563302874565125,0.4278166592121124,-0.12439920753240585,0.6155579090118408,0.45310676097869873,-0.11669158190488815,0.5964924097061157,0.46410155296325684,-0.10831174999475479,0.7425975799560547,0.4180445671081543,-0.09740161150693893,0.6761071085929871,0.45604512095451355,-0.11860837787389755,0.6398565769195557,0.46848130226135254,-0.11435463279485703,0.6218838691711426,0.4707537293434143,-0.10798618942499161,Left,0.9914776086807251
1708,40,1,0.28478842973709106,0.36751624941825867,-3.401152355309023e-07,0.3314369320869446,0.339089572429657,-0.053063347935676575,0.37844106554985046,0.35706812143325806,-0.08441748470067978,0.4135268032550812,0.3984779119491577,-0.10018981993198395,0.44140785932540894,0.4298742711544037,-0.11291662603616714,0.3079293966293335,0.4015660881996155,-0.13278934359550476,0.3670211434364319,0.44873517751693726,-0.17160825431346893,0.4108739197254181,0.45540687441825867,-0.18148064613342285,0.4461665153503418,0.4497062563896179,-0.18273800611495972,0.30030956864356995,0.45485034584999084,-0.11144112795591354,0.3809264302253723,0.496029794216156,-0.1490052044391632,0.43750205636024475,0.4928678870201111,-0.14978404343128204,0.47425544261932373,0.47655412554740906,-0.14831779897212982,0.30561527609825134,0.49228617548942566,-0.08893263339996338,0.378129780292511,0.5282357335090637,-0.12495740503072739,0.4273150861263275,0.5163880586624146,-0.12849333882331848,0.45931094884872437,0.49674105644226074,-0.12658466398715973,0.3181706368923187,0.5143053531646729,-0.06760755181312561,0.37133070826530457,0.5384314060211182,-0.0960991159081459,0.4075168967247009,0.5257739424705505,-0.10337036848068237,0.4322582185268402,0.508508563041687,-0.10513324290513992,Right,0.9933875799179077
1751,41,0,0.7638399004936218,0.35568949580192566,-8.059210898636593e-08,0.7136618494987488,0.30486398935317993,-0.014943265356123447,0.6576199531555176,0.3044527471065521,-0.04094819352030754,0.6124513149261475,0.3518916070461273,-0.061555761843919754,0.584181010723114,0.3942553400993347,-0.08444464951753616,0.6756739616394043,0.2628212571144104,-0.08886294811964035,0.6052920818328857,0.32561731338500977,-0.11922930926084518,0.5680503845214844,0.3721132278442383,-0.12853969633579254,0.5471504330635071,0.41031980514526367,-0.13157105445861816,0.708492636680603,0.3095584809780121,-0.09315457195043564,0.6339695453643799,0.3821338713169098,-0.12537916004657745,0.5947502255439758,0.4241659939289093,-0.12695613503456116,0.5751046538352966,0.45162874460220337,-0.1271546483039856,0.7304388880729675,0.36412757635116577,-0.09433648735284805,0.6563126444816589,0.4273788630962372,-0.12117889523506165,0.6158329248428345,0.45224809646606445,-0.11373669654130936,0.5966519117355347,0.46289879083633423,-0.10545382648706436,0.7417140603065491,0.4187345802783966,-0.09456626325845718,0.6746382117271423,0.45643171668052673,-0.11483284831047058,0.63871169090271,0.46807509660720825,-0.11026640981435776,0.6212186813354492,0.4693288505077362,-0.10371735692024231,Left,0.9905936121940613
1751,41,1,0.2879953384399414,0.3685801327228546,-3.2043007536231016e-07,0.33441975712776184,0.3401140868663788,-0.05063445493578911,0.3809182047843933,0.3597325384616852,-0.07990029454231262,0.4125918447971344,0.4025106132030487,-0.09408185631036758,0.43631747364997864,0.43334129452705383,-0.10534708201885223,0.3113277852535248,0.4014222323894501,-0.1274944245815277,0.36969393491744995,0.4459855854511261,-0.16402089595794678,0.41283389925956726,0.45435062050819397,-0.17301656305789948,0.447167307138443,0.4500352740287781,-0.17414569854736328,0.30215778946876526,0.45273682475090027,-0.10757870227098465,0.38048306107521057,0.49597471952438354,-0.14362941682338715,0.43528473377227783,0.4944797456264496,-0.1445557028055191,0.4710596799850464,0.47897064685821533,-0.14305397868156433,0.30557897686958313,0.4894903898239136,-0.08634912222623825,0.37716537714004517,0.5277025103569031,-0.12109827995300293,0.42682957649230957,0.5181434750556946,-0.12510544061660767,0.46018558740615845,0.500223696231842,-0.12356610596179962,0.31649109721183777,0.5109074711799622,-0.06614324450492859,0.37063437700271606,0.5373186469078064,-0.09353011101484299,0.4086863398551941,0.5254591107368469,-0.10048127919435501,0.43532440066337585,0.5082460641860962,-0.10222984850406647,Right,0.9946426153182983
1793,42,0,0.7617447972297668,0.3535316288471222,-5.1645844934000706e-08,0.7126655578613281,0.30053573846817017,-0.013524666428565979,0.6580919027328491,0.2985067665576935,-0.03883086144924164,0.6142456531524658,0.34525617957115173,-0.05913027375936508,0.5878268480300903,0.3895772099494934,-0.08193153142929077,0.6728330254554749,0.26158446073532104,-0.08667503297328949,0.6016678214073181,0.3296896517276764,-0.1156877875328064,0.5628806352615356,0.3758736252784729,-0.12356262654066086,0.5411027073860168,0.41229596734046936,-0.1257341355085373,0.7051015496253967,0.3087354898452759,-0.09160730987787247,0.6280841827392578,0.3839782178401947,-0.12278637290000916,0.5886264443397522,0.42433276772499084,-0.12284734845161438,0.569473922252655,0.4501012861728668,-0.12151084840297699,0.7275477647781372,0.3630601167678833,-0.0932689681649208,0.6508933305740356,0.42896726727485657,-0.11941133439540863,0.610694944858551,0.45350271463394165,-0.10981758683919907,0.5929121375083923,0.4632885158061981,-0.09954831749200821,0.7396894693374634,0.4172285795211792,-0.09398645907640457,0.6719359159469604,0.45628660917282104,-0.11391559988260269,0.6359590291976929,0.46869194507598877,-0.10796450823545456,0.618636429309845,0.4700676202774048,-0.09990828484296799,Left,0.992064356803894
1793,42,1,0.28341493010520935,0.3664756119251251,-3.088823063990276e-07,0.32524290680885315,0.33083537220954895,-0.044556036591529846,0.3737276792526245,0.3430221676826477,-0.07247350364923477,0.4088306427001953,0.3858455419540405,-0.08680114150047302,0.4383222460746765,0.4183953106403351,-0.09854767471551895,0.31759053468704224,0.3849373459815979,-0.11809031665325165,0.37566685676574707,0.43228280544281006,-0.15341563522815704,0.41868188977241516,0.44454118609428406,-0.16290833055973053,0.45289134979248047,0.4462658166885376,-0.16454488039016724,0.30726757645606995,0.4384848475456238,-0.10113076120615005,0.3873627483844757,0.4876980185508728,-0.13442638516426086,0.4414339065551758,0.48865076899528503,-0.13379424810409546,0.47628092765808105,0.47485998272895813,-0.13099372386932373,0.30921000242233276,0.47660332918167114,-0.08265868574380875,0.38386812806129456,0.517698347568512,-0.11341208219528198,0.4324221611022949,0.510637640953064,-0.1137099415063858,0.4649716019630432,0.49614211916923523,-0.10992176085710526,0.3190319538116455,0.4990898370742798,-0.06506457924842834,0.3767052888870239,0.5241755843162537,-0.0878959596157074,0.41350308060646057,0.5146764516830444,-0.09138867259025574,0.4384729266166687,0.5011621713638306,-0.09089397639036179,Right,0.9966287016868591
1836,43,0,0.7604371905326843,0.35239294171333313,-5.21187537572132e-08,0.7118555903434753,0.2984575629234314,-0.013431714847683907,0.6578081250190735,0.2961052358150482,-0.03789527341723442,0.6149529814720154,0.3415095806121826,-0.05750221759080887,0.5902841091156006,0.3852280378341675,-0.0799255296587944,0.6721112132072449,0.2611750662326813,-0.08522005379199982,0.6019234657287598,0.3278523087501526,-0.11372826248407364,0.5642116665840149,0.37387606501579285,-0.12226046621799469,0.5424482226371765,0.40969187021255493,-0.1250167191028595,0.7046797871589661,0.30779269337654114,-0.08998651057481766,0.6286959648132324,0.38379141688346863,-0.12001542001962662,0.5871966481208801,0.42536064982414246,-0.12098562717437744,0.5659929513931274,0.45229607820510864,-0.12082822620868683,0.726961612701416,0.3620879650115967,-0.09153018891811371,0.6508050560951233,0.4275282025337219,-0.11642231792211533,0.609665036201477,0.4530051648616791,-0.10799113661050797,0.5913368463516235,0.4637225866317749,-0.09896869957447052,0.7384607791900635,0.41706758737564087,-0.09220341593027115,0.6715185046195984,0.45585739612579346,-0.11137692630290985,0.6353492736816406,0.46821129322052,-0.10606463998556137,0.618131160736084,0.46909624338150024,-0.0987347960472107,Left,0.993283212184906
1836,43,1,0.28185826539993286,0.35814693570137024,-2.20355872215805e-07,0.325152724981308,0.3268204927444458,-0.03890854865312576,0.3759573996067047,0.344845175743103,-0.06322953850030899,0.4132917821407318,0.3850024342536926,-0.07523545622825623,0.44198065996170044,0.4169727861881256,-0.08487874269485474,0.3176494538784027,0.37931835651397705,-0.10947240144014359,0.3738783001899719,0.42870646715164185,-0.14153656363487244,0.41577523946762085,0.4439246654510498,-0.14971716701984406,0.44982054829597473,0.44403743743896484,-0.150636225938797,0.3059391677379608,0.43003833293914795,-0.09491081535816193,0.3852183222770691,0.4808414876461029,-0.12574031949043274,0.4384663999080658,0.48477309942245483,-0.1263131946325302,0.47393250465393066,0.47157397866249084,-0.12430416792631149,0.3052981197834015,0.4679047167301178,-0.07840299606323242,0.38015028834342957,0.5124881863594055,-0.10547750443220139,0.4282492399215698,0.5073407292366028,-0.10670503228902817,0.46135902404785156,0.48897457122802734,-0.10372225195169449,0.313625693321228,0.48920246958732605,-0.06261078268289566,0.3698899447917938,0.519375205039978,-0.08279894292354584,0.4062705338001251,0.5131829977035522,-0.08688180148601532,0.431733638048172,0.49855512380599976,-0.08716851472854614,Right,0.9906610250473022
1882,44,0,0.7616171836853027,0.3525082767009735,-6.538358832131053e-08,0.7141120433807373,0.30120643973350525,-0.010813126340508461,0.6587547659873962,0.29576268792152405,-0.033670682460069656,0.6122773885726929,0.33505719900131226,-0.052544500678777695,0.5841717720031738,0.3739919066429138,-0.07493125647306442,0.6730664372444153,0.2567814588546753,-0.07923834025859833,0.6047627329826355,0.3207055330276489,-0.10617844015359879,0.5671955943107605,0.36322957277297974,-0.11647111177444458,0.5439538955688477,0.3938370645046234,-0.12189050763845444,0.7053237557411194,0.30433303117752075,-0.08612716197967529,0.6257988810539246,0.37727826833724976,-0.11408612877130508,0.5814436674118042,0.4145215153694153,-0.11895877122879028,0.556265652179718,0.438381552696228,-0.12358516454696655,0.7272138595581055,0.3584607243537903,-0.08968941122293472,0.648125410079956,0.4224838614463806,-0.11359766125679016,0.6047548055648804,0.4473329186439514,-0.11025107651948929,0.5816417932510376,0.4579422175884247,-0.10686423629522324,0.7383024096488953,0.41298019886016846,-0.0920264720916748,0.671615719795227,0.4502452313899994,-0.11231586337089539,0.6347259283065796,0.46168631315231323,-0.11114633083343506,0.6127820014953613,0.4618259072303772,-0.10834101587533951,Left,0.9961361289024353
1882,44,1,0.2845819294452667,0.35775065422058105,-2.1572051878138154e-07,0.3302714228630066,0.32793182134628296,-0.037972260266542435,0.38068604469299316,0.34603261947631836,-0.06225019320845604,0.4162001609802246,0.38455304503440857,-0.0746336355805397,0.4438056945800781,0.41474616527557373,-0.08494483679533005,0.32221513986587524,0.37457889318466187,-0.10925662517547607,0.37964117527008057,0.42270445823669434,-0.14240120351314545,0.4213846027851105,0.43647387623786926,-0.15121006965637207,0.45485201478004456,0.4344084560871124,-0.15231244266033173,0.30950722098350525,0.4250556230545044,-0.09606501460075378,0.3886260390281677,0.4730830192565918,-0.12775744497776031,0.4416440427303314,0.47737422585487366,-0.1288934051990509,0.477012574672699,0.46486714482307434,-0.1273079514503479,0.30776482820510864,0.4640009105205536,-0.08108919858932495,0.3840287923812866,0.5044161081314087,-0.10916907340288162,0.43199634552001953,0.4995439648628235,-0.11085409671068192,0.46472570300102234,0.48152297735214233,-0.10827217996120453,0.31506505608558655,0.4871523082256317,-0.0668114498257637,0.37303468585014343,0.5147600173950195,-0.08802028000354767,0.40889737010002136,0.5064724683761597,-0.09220559895038605,0.4335196018218994,0.48987045884132385,-0.09263170510530472,Right,0.9931446313858032
1922,45,0,0.7421784400939941,0.3485921025276184,-3.581706708999377e-09,0.6981182098388672,0.29991471767425537,-0.01047862134873867,0.6443673968315125,0.29485565423965454,-0.032403480261564255,0.5996153950691223,0.33208179473876953,-0.049963127821683884,0.5721322298049927,0.3706453740596771,-0.07127030938863754,0.6572102308273315,0.25487881898880005,-0.07931464910507202,0.5868238806724548,0.3079414963722229,-0.1049584224820137,0.5481811761856079,0.3464677631855011,-0.1146501824259758,0.5228652954101562,0.37577715516090393,-0.11976940929889679,0.6856116652488708,0.3019575774669647,-0.08536504209041595,0.6047609448432922,0.37094512581825256,-0.11039513349533081,0.5619086027145386,0.40772610902786255,-0.11342385411262512,0.5376862287521362,0.432249516248703,-0.1172437071800232,0.7050583362579346,0.35683169960975647,-0.08803417533636093,0.6289814114570618,0.41535335779190063,-0.10912920534610748,0.5870862603187561,0.43763813376426697,-0.1059354841709137,0.5643643140792847,0.4494600296020508,-0.10335378348827362,0.7150208950042725,0.4117013216018677,-0.08940606564283371,0.6513257622718811,0.44784751534461975,-0.10748070478439331,0.6178056001663208,0.4570295512676239,-0.10602962970733643,0.5975987911224365,0.45737001299858093,-0.1035182997584343,Left,0.997370183467865
1922,45,1,0.29784220457077026,0.3545251488685608,-1.5078155968240026e-07,0.3396756052970886,0.3160327076911926,-0.04565737769007683,0.3930932879447937,0.33108752965927124,-0.07496538758277893,0.43027999997138977,0.37290826439857483,-0.08973334729671478,0.4611700177192688,0.4046086370944977,-0.10262929648160934,0.3349558115005493,0.35969674587249756,-0.12694774568080902,0.3983851969242096,0.4102820158004761,-0.16413475573062897,0.4423081874847412,0.4254641532897949,-0.17550185322761536,0.47653692960739136,0.42600056529045105,-0.17895318567752838,0.3221008777618408,0.4110822379589081,-0.1105659157037735,0.40539029240608215,0.45934978127479553,-0.14563128352165222,0.45852935314178467,0.46442484855651855,-0.14733967185020447,0.4942382872104645,0.45296186208724976,-0.14723196625709534,0.3221873342990875,0.4511888921260834,-0.09259382635354996,0.4028218984603882,0.49203941226005554,-0.12393060326576233,0.45119935274124146,0.48821350932121277,-0.12705177068710327,0.4845768213272095,0.47237667441368103,-0.12652987241744995,0.3305371105670929,0.4768136441707611,-0.07557329535484314,0.39366310834884644,0.49805954098701477,-0.10114333033561707,0.4293164908885956,0.4894815683364868,-0.10888582468032837,0.45438840985298157,0.4766215682029724,-0.11255207657814026,Right,0.9899038076400757
1966,46,0,0.7328088879585266,0.3530104160308838,-3.0968472231052147e-08,0.6857273578643799,0.30353179574012756,-0.013457439839839935,0.6348955631256104,0.29272395372390747,-0.037778183817863464,0.5903561115264893,0.3242449462413788,-0.05753311887383461,0.5665910840034485,0.3610789477825165,-0.08103442192077637,0.6566705703735352,0.25286421179771423,-0.08392979949712753,0.5898445248603821,0.30550652742385864,-0.11177944391965866,0.5493372678756714,0.34396544098854065,-0.12307857722043991,0.5214020609855652,0.37377098202705383,-0.12938259541988373,0.6878961324691772,0.3008115291595459,-0.08972615748643875,0.6082407832145691,0.3692627251148224,-0.1184864342212677,0.5613871812820435,0.40864288806915283,-0.12373079359531403,0.5347817540168762,0.4361286759376526,-0.12873536348342896,0.7072836756706238,0.35715869069099426,-0.09218025207519531,0.6297751665115356,0.41611194610595703,-0.11662379652261734,0.5868059396743774,0.43763870000839233,-0.11402326077222824,0.5646214485168457,0.44705718755722046,-0.11109609156847,0.7147523164749146,0.4140395522117615,-0.09361319988965988,0.6493080258369446,0.44768479466438293,-0.11407328397035599,0.6145651936531067,0.4559282064437866,-0.11294832825660706,0.5951424241065979,0.45388251543045044,-0.1102161854505539,Left,0.9981353282928467
1966,46,1,0.29498451948165894,0.3576011061668396,-1.1535176014376702e-07,0.3366670608520508,0.31599587202072144,-0.04206359013915062,0.3907955586910248,0.32872462272644043,-0.0694030374288559,0.4295935332775116,0.36797627806663513,-0.08348746597766876,0.46012169122695923,0.400010883808136,-0.09572429955005646,0.3349711000919342,0.3571798503398895,-0.1190708726644516,0.3920360207557678,0.40516114234924316,-0.15553030371665955,0.4325263202190399,0.4234156012535095,-0.1679459810256958,0.4645965099334717,0.4271613657474518,-0.17201976478099823,0.3219342827796936,0.40682077407836914,-0.10415789484977722,0.3987201750278473,0.45627468824386597,-0.13662245869636536,0.45176953077316284,0.4651094079017639,-0.13795624673366547,0.487554132938385,0.45660996437072754,-0.1376921683549881,0.3214360773563385,0.44655248522758484,-0.08772838115692139,0.3961063027381897,0.48987066745758057,-0.116226926445961,0.44449061155319214,0.4892241954803467,-0.11845328658819199,0.477857381105423,0.47422268986701965,-0.11705692112445831,0.32928764820098877,0.47160643339157104,-0.07222714275121689,0.3894680142402649,0.4992741644382477,-0.09424588084220886,0.42621663212776184,0.49515071511268616,-0.09985785186290741,0.45183804631233215,0.48208409547805786,-0.10198542475700378,Right,0.9877645373344421
2009,47,0,0.7325469851493835,0.35468757152557373,-7.306346105906414e-08,0.6842419505119324,0.30225980281829834,-0.014440332539379597,0.636315643787384,0.29280146956443787,-0.037536364048719406,0.5910921692848206,0.3255369961261749,-0.05720346421003342,0.5635953545570374,0.36048242449760437,-0.08079537749290466,0.6644310355186462,0.2630983293056488,-0.07414676249027252,0.5978763699531555,0.3063904345035553,-0.10458085685968399,0.5546439290046692,0.34063172340393066,-0.12068022787570953,0.5247726440429688,0.36847034096717834,-0.12974116206169128,0.6941899657249451,0.3142615258693695,-0.07971933484077454,0.6128405332565308,0.37960898876190186,-0.10835497826337814,0.5626564025878906,0.4096158742904663,-0.1163400262594223,0.5321609377861023,0.42894524335861206,-0.1235322579741478,0.7123867273330688,0.3689717948436737,-0.08319148421287537,0.6325567364692688,0.42509743571281433,-0.10804811865091324,0.5885828733444214,0.43912234902381897,-0.10638459771871567,0.5658689141273499,0.4449444115161896,-0.1036897599697113,0.7192807793617249,0.4195328950881958,-0.08622368425130844,0.6539102792739868,0.45012742280960083,-0.10674096643924713,0.6187975406646729,0.4529449939727783,-0.10559908300638199,0.5998513698577881,0.4506922960281372,-0.10255872458219528,Left,0.996476411819458
2009,47,1,0.29272300004959106,0.358660489320755,-1.057762375467064e-07,0.32938456535339355,0.3149518370628357,-0.04015307500958443,0.3806307017803192,0.32371020317077637,-0.06288272142410278,0.41990402340888977,0.36315006017684937,-0.07272448390722275,0.4458579123020172,0.3950486183166504,-0.07971017807722092,0.3272802531719208,0.37524986267089844,-0.10262273252010345,0.37518608570098877,0.40804412961006165,-0.1278287023305893,0.4118616282939911,0.416592001914978,-0.13106687366962433,0.4409526586532593,0.4144202768802643,-0.13066653907299042,0.3218134343624115,0.4247191250324249,-0.0887373834848404,0.4034992456436157,0.46520450711250305,-0.11587779968976974,0.455363392829895,0.4625234007835388,-0.11535175144672394,0.4888843894004822,0.4499248266220093,-0.11309033632278442,0.32373157143592834,0.45877331495285034,-0.07290680706501007,0.40113121271133423,0.4972952902317047,-0.09824039041996002,0.44785845279693604,0.4864997863769531,-0.09779594093561172,0.47830599546432495,0.4660327732563019,-0.09393464773893356,0.3312513828277588,0.47323325276374817,-0.05810164287686348,0.38971003890037537,0.5021257996559143,-0.0787397027015686,0.42722830176353455,0.49356311559677124,-0.08227097243070602,0.4525647759437561,0.47678887844085693,-0.08204862475395203,Right,0.9933904409408569
2051,48,0,0.741253674030304,0.36454257369041443,3.819461369403143e-08,0.6994324922561646,0.30249613523483276,-0.020453089848160744,0.6492324471473694,0.29190438985824585,-0.04682234674692154,0.6010124087333679,0.32829299569129944,-0.0672217309474945,0.5709129571914673,0.36387237906455994,-0.09161340445280075,0.6822069883346558,0.27627062797546387,-0.09038421511650085,0.6119000315666199,0.3149731755256653,-0.12134286016225815,0.5648726224899292,0.3422556221485138,-0.13713087141513824,0.5286464691162109,0.35948067903518677,-0.14621534943580627,0.7092530131340027,0.3325962722301483,-0.09099207073450089,0.6250548362731934,0.3885652422904968,-0.12198390066623688,0.5659130811691284,0.4079325199127197,-0.1316055953502655,0.527558445930481,0.418693482875824,-0.13980351388454437,0.7219135761260986,0.38708820939064026,-0.08814193308353424,0.6385611295700073,0.4340207278728485,-0.11176430433988571,0.5894678831100464,0.438511461019516,-0.11095253378152847,0.5627926588058472,0.43629980087280273,-0.10888548940420151,0.7217777371406555,0.4345143139362335,-0.08508135378360748,0.6541140675544739,0.457573264837265,-0.10260763764381409,0.614104688167572,0.45512908697128296,-0.10114347189664841,0.5929230451583862,0.4488704204559326,-0.09833063930273056,Left,0.9986687898635864
2051,48,1,0.2895246148109436,0.36007726192474365,-2.1499387514722912e-07,0.3283834755420685,0.3180021047592163,-0.04282493144273758,0.38014695048332214,0.3265576958656311,-0.06586503237485886,0.41827791929244995,0.3636121153831482,-0.07645794004201889,0.4482925832271576,0.3898043632507324,-0.08429127186536789,0.3245069980621338,0.3858507573604584,-0.09878060221672058,0.3645152747631073,0.4095843434333801,-0.12324514240026474,0.39787551760673523,0.4181874990463257,-0.12735013663768768,0.42778676748275757,0.42017993330955505,-0.12874536216259003,0.3219580352306366,0.4342394173145294,-0.08438736200332642,0.3974970877170563,0.46446293592453003,-0.11294878274202347,0.44906818866729736,0.45810097455978394,-0.11518321931362152,0.4835764765739441,0.442980021238327,-0.11570870876312256,0.328555166721344,0.4659821391105652,-0.06878580152988434,0.40219786763191223,0.49852925539016724,-0.09842469543218613,0.44615599513053894,0.4831209182739258,-0.1028401106595993,0.4750186800956726,0.46039310097694397,-0.10225823521614075,0.34030136466026306,0.4804699420928955,-0.05424204841256142,0.3976415991783142,0.5020663738250732,-0.07858608663082123,0.43226873874664307,0.4893198013305664,-0.08594942837953568,0.45509809255599976,0.4698692858219147,-0.08885494619607925,Right,0.9880568981170654
2094,49,0,0.755400538444519,0.38483187556266785,1.9899928815902967e-08,0.7113345265388489,0.31591230630874634,-0.022531338036060333,0.6433553695678711,0.300863653421402,-0.04001312702894211,0.587782084941864,0.3097679615020752,-0.05118954926729202,0.5539137125015259,0.2953281104564667,-0.06426046788692474,0.6971522569656372,0.31378501653671265,-0.06933832913637161,0.6252809762954712,0.3619847893714905,-0.09486370533704758,0.5747982263565063,0.3807121217250824,-0.10766783356666565,0.5347747802734375,0.3907654583454132,-0.11608181148767471,0.7109636664390564,0.3672645092010498,-0.06818373501300812,0.6196227669715881,0.40992769598960876,-0.09223546087741852,0.5601080656051636,0.4172491133213043,-0.10275881737470627,0.519757091999054,0.4208287000656128,-0.11269839853048325,0.7137521505355835,0.41266757249832153,-0.06544119119644165,0.625114381313324,0.4436888098716736,-0.0859798938035965,0.5725648403167725,0.44265317916870117,-0.09147383272647858,0.5377030372619629,0.43672671914100647,-0.09514383971691132,0.7088882923126221,0.44916948676109314,-0.0628470778465271,0.6390497088432312,0.4656054377555847,-0.07972662895917892,0.5988783240318298,0.4585513174533844,-0.08392328768968582,0.5728736519813538,0.44829320907592773,-0.08654467761516571,Left,0.9991577863693237
2094,49,1,0.2852640151977539,0.35622069239616394,-1.5995310320704448e-07,0.3215474784374237,0.31669309735298157,-0.05432720482349396,0.3693479299545288,0.32306405901908875,-0.08534567058086395,0.4066908657550812,0.35482069849967957,-0.10176572948694229,0.44177621603012085,0.3809471130371094,-0.11628411710262299,0.3171507716178894,0.3801724314689636,-0.11873248219490051,0.3559938371181488,0.3997517228126526,-0.14987243711948395,0.38170310854911804,0.40447914600372314,-0.15945754945278168,0.404430091381073,0.40433594584465027,-0.16504593193531036,0.3164465129375458,0.4292032718658447,-0.1010047048330307,0.38739079236984253,0.4595608413219452,-0.136179581284523,0.4383895993232727,0.456015020608902,-0.14697550237178802,0.47397828102111816,0.4429076015949249,-0.15534497797489166,0.32462427020072937,0.46078404784202576,-0.08206310123205185,0.3957703113555908,0.49629920721054077,-0.11712584644556046,0.4398740530014038,0.4842222332954407,-0.1291794329881668,0.4683849811553955,0.4623774290084839,-0.13542059063911438,0.3365778923034668,0.47462472319602966,-0.06457019597291946,0.39266443252563477,0.49824535846710205,-0.09505154192447662,0.42544761300086975,0.4883752763271332,-0.10848984122276306,0.4466129541397095,0.4708913564682007,-0.1168035939335823,Right,0.9808929562568665
2142,50,0,0.7690578699111938,0.3959474563598633,1.9114789040486357e-07,0.7289137244224548,0.319701611995697,-0.02744929865002632,0.6591371893882751,0.3045852780342102,-0.04603083059191704,0.6017542481422424,0.3187354803085327,-0.05501007288694382,0.5638468861579895,0.30200889706611633,-0.06429971754550934,0.7014443278312683,0.3482767939567566,-0.09013526886701584,0.6296312808990479,0.3837988078594208,-0.11991758644580841,0.5792919397354126,0.395157128572464,-0.13300326466560364,0.5356123447418213,0.4028891623020172,-0.14086633920669556,0.7062411904335022,0.405515193939209,-0.08374762535095215,0.6161118149757385,0.42887330055236816,-0.10942890495061874,0.5590471029281616,0.42667266726493835,-0.11481558531522751,0.5171492695808411,0.4218233823776245,-0.11950549483299255,0.7029947638511658,0.44597235321998596,-0.07494335621595383,0.6182478070259094,0.4615640938282013,-0.09325261414051056,0.5693042874336243,0.4483794867992401,-0.09390132129192352,0.5353391170501709,0.4322105050086975,-0.0938304141163826,0.6957204937934875,0.47297653555870056,-0.06696174293756485,0.6272966265678406,0.48175477981567383,-0.08095552772283554,0.589562177658081,0.46818238496780396,-0.08332516998052597,0.5632933378219604,0.45209038257598877,-0.08455273509025574,Left,0.9937358498573303
2142,50,1,0.2842367887496948,0.3554410934448242,-1.6079478371011646e-07,0.3153505325317383,0.3167702853679657,-0.05615336447954178,0.36156752705574036,0.3211311399936676,-0.08896008878946304,0.4005851745605469,0.3504413962364197,-0.10676643252372742,0.4368061125278473,0.37745141983032227,-0.12282507121562958,0.3141009211540222,0.37655988335609436,-0.12009643763303757,0.35252025723457336,0.39359068870544434,-0.15160581469535828,0.3747188150882721,0.3945271074771881,-0.1623435765504837,0.39263513684272766,0.39386439323425293,-0.16899603605270386,0.311938613653183,0.4250186085700989,-0.10139074176549911,0.38136065006256104,0.45395806431770325,-0.13634346425533295,0.4322730004787445,0.45152199268341064,-0.14933456480503082,0.4696153402328491,0.4429725110530853,-0.16006262600421906,0.31993454694747925,0.4566071927547455,-0.08142933994531631,0.3898269832134247,0.4927016496658325,-0.11622673273086548,0.43568605184555054,0.48332998156547546,-0.13053905963897705,0.46753907203674316,0.4645017087459564,-0.13919751346111298,0.3329533338546753,0.4706973433494568,-0.06286899745464325,0.3881955146789551,0.49237650632858276,-0.09328210353851318,0.4218701720237732,0.48306727409362793,-0.10797733068466187,0.44626712799072266,0.46788763999938965,-0.11777308583259583,Right,0.9841896295547485
2186,51,0,0.7697849869728088,0.39627954363822937,5.334336492524017e-07,0.7335047721862793,0.3161200284957886,-0.03723610192537308,0.6639094948768616,0.3136062026023865,-0.05738409236073494,0.6074209213256836,0.34270548820495605,-0.06507206708192825,0.5671997666358948,0.3322254419326782,-0.07250110059976578,0.708309531211853,0.37051862478256226,-0.10580597817897797,0.63377445936203,0.40724116563796997,-0.13416264951229095,0.583707332611084,0.4144894778728485,-0.14075520634651184,0.5419102907180786,0.4177738428115845,-0.14303447306156158,0.7088519334793091,0.4320735037326813,-0.09155336022377014,0.6186415553092957,0.4562614858150482,-0.11735152453184128,0.5630779266357422,0.4508902132511139,-0.11821116507053375,0.523420512676239,0.44192808866500854,-0.11803800612688065,0.7027761340141296,0.46997764706611633,-0.07471859455108643,0.6200733184814453,0.48366546630859375,-0.09324564784765244,0.5725023150444031,0.46416282653808594,-0.09438560903072357,0.537965714931488,0.44385138154029846,-0.09441716223955154,0.6930793523788452,0.49020683765411377,-0.05927097052335739,0.6306065320968628,0.4945206940174103,-0.07487025111913681,0.5940789580345154,0.4768860638141632,-0.08054354041814804,0.5646727085113525,0.4582839012145996,-0.08392591029405594,Left,0.9832272529602051
2186,51,1,0.27979356050491333,0.35608312487602234,-1.6246693235189014e-07,0.310058057308197,0.3136957585811615,-0.05355943739414215,0.35327571630477905,0.3125621974468231,-0.0874297022819519,0.3893027901649475,0.34164562821388245,-0.10674724727869034,0.4196208417415619,0.37483319640159607,-0.12429184466600418,0.3120056986808777,0.3665275275707245,-0.11980345845222473,0.3488851487636566,0.38392382860183716,-0.1522153615951538,0.3718089759349823,0.3875938653945923,-0.16295237839221954,0.39183467626571655,0.38941043615341187,-0.16930074989795685,0.3088347613811493,0.4172985255718231,-0.10299999266862869,0.37803763151168823,0.4463430345058441,-0.13902895152568817,0.4268290400505066,0.44547030329704285,-0.1509159505367279,0.464347243309021,0.43806833028793335,-0.15989992022514343,0.31560781598091125,0.4516666531562805,-0.08473284542560577,0.385564923286438,0.48689305782318115,-0.12013609707355499,0.43152761459350586,0.4802873730659485,-0.13328459858894348,0.46694129705429077,0.46394410729408264,-0.14052428305149078,0.32755717635154724,0.467973917722702,-0.06750959157943726,0.38227415084838867,0.48918306827545166,-0.09690497815608978,0.4156530201435089,0.4813705086708069,-0.1098005548119545,0.44171297550201416,0.46785563230514526,-0.11791221797466278,Right,0.9877546429634094
2233,52,0,0.7689900398254395,0.38832828402519226,7.141672995203407e-07,0.7235784530639648,0.3207898736000061,-0.03944806009531021,0.659809947013855,0.3345421254634857,-0.060741622000932693,0.607531726360321,0.370132714509964,-0.06945337355136871,0.5648417472839355,0.37133845686912537,-0.07727276533842087,0.7023317813873291,0.3906122148036957,-0.10373523086309433,0.6323181986808777,0.43262672424316406,-0.13243146240711212,0.5810950398445129,0.4348938465118408,-0.13881248235702515,0.5417050719261169,0.4313165843486786,-0.13933086395263672,0.7088938355445862,0.4496942162513733,-0.08763892948627472,0.622357964515686,0.4819030463695526,-0.11474242061376572,0.5664050579071045,0.4694156348705292,-0.11523308604955673,0.5315502285957336,0.450638085603714,-0.1131013035774231,0.7075721025466919,0.48401743173599243,-0.06953058391809464,0.6282369494438171,0.510089635848999,-0.08967698365449905,0.5812804698944092,0.48639360070228577,-0.09167412668466568,0.5513166189193726,0.45987170934677124,-0.09096752107143402,0.7014021873474121,0.5001744031906128,-0.0530012883245945,0.640805721282959,0.509098470211029,-0.06895245611667633,0.6058834195137024,0.4883086085319519,-0.07451073080301285,0.5806149244308472,0.4660413861274719,-0.07665746659040451,Left,0.9836707711219788
2233,52,1,0.2748467028141022,0.35331735014915466,-1.3348201832741324e-07,0.2998946011066437,0.3130563497543335,-0.05159175768494606,0.3364863693714142,0.3160330057144165,-0.08229657262563705,0.36955463886260986,0.3468348979949951,-0.09893722087144852,0.3985464572906494,0.37380820512771606,-0.11362060904502869,0.30619391798973083,0.374362587928772,-0.11145925521850586,0.34764355421066284,0.3857238292694092,-0.13845868408679962,0.3721594214439392,0.3788849711418152,-0.14626622200012207,0.3932369351387024,0.37226083874702454,-0.15118533372879028,0.3094518482685089,0.42024385929107666,-0.09489986300468445,0.37925562262535095,0.4474230408668518,-0.1267896294593811,0.42945483326911926,0.44327083230018616,-0.1383509486913681,0.4677564799785614,0.4324764609336853,-0.14728707075119019,0.32068026065826416,0.4496276080608368,-0.0766788199543953,0.39031651616096497,0.4832793176174164,-0.10905195027589798,0.4351838529109955,0.4750004708766937,-0.12218507379293442,0.4679177403450012,0.45667970180511475,-0.1297442764043808,0.33551326394081116,0.4603334069252014,-0.05950680747628212,0.3883126378059387,0.48071616888046265,-0.08852563798427582,0.420782208442688,0.4740700125694275,-0.10132000595331192,0.44536545872688293,0.4632173776626587,-0.10919880867004395,Right,0.9905099272727966
2276,53,0,0.7621893286705017,0.4040334224700928,8.074900392784912e-07,0.7187947630882263,0.342093825340271,-0.050746068358421326,0.6614943146705627,0.35280489921569824,-0.0763319805264473,0.6059176921844482,0.37979039549827576,-0.086980439722538,0.562426745891571,0.37895387411117554,-0.09436919540166855,0.697858989238739,0.43749603629112244,-0.10865159332752228,0.6144119501113892,0.45914897322654724,-0.13480018079280853,0.5686438679695129,0.44255736470222473,-0.13903672993183136,0.537269651889801,0.42170336842536926,-0.1387171596288681,0.6975234746932983,0.4923187494277954,-0.08539200574159622,0.5989967584609985,0.48127448558807373,-0.11221310496330261,0.5581715703010559,0.43756604194641113,-0.11138934642076492,0.5395960211753845,0.39612987637519836,-0.1076897382736206,0.6891488432884216,0.5191047787666321,-0.06078299880027771,0.6035099625587463,0.491049200296402,-0.07883083820343018,0.5709380507469177,0.44747471809387207,-0.07715408504009247,0.5558624267578125,0.40910953283309937,-0.07483316212892532,0.6797230243682861,0.5264927744865417,-0.03940346837043762,0.6203693151473999,0.493540495634079,-0.05587848648428917,0.5953994393348694,0.4579806327819824,-0.061493512243032455,0.5802969336509705,0.42851346731185913,-0.0630449503660202,Left,0.9962440729141235
2276,53,1,0.26761549711227417,0.35269254446029663,-1.2585780950757908e-07,0.29904884099960327,0.31482452154159546,-0.041359785944223404,0.33938074111938477,0.31881454586982727,-0.06658674776554108,0.3760230243206024,0.34736940264701843,-0.07984573394060135,0.4067380428314209,0.36708250641822815,-0.09128117561340332,0.3116263449192047,0.36454713344573975,-0.09948114305734634,0.36047741770744324,0.3757867217063904,-0.1228002980351448,0.3875080347061157,0.3691934049129486,-0.1270371526479721,0.40905922651290894,0.3631914258003235,-0.12917864322662354,0.312022864818573,0.4108930826187134,-0.08751875162124634,0.3841853141784668,0.4392653703689575,-0.11709354817867279,0.43562909960746765,0.4379139840602875,-0.12627719342708588,0.47351762652397156,0.42684999108314514,-0.13308273255825043,0.3210141658782959,0.4411577582359314,-0.0734839141368866,0.39522212743759155,0.47301891446113586,-0.1030057817697525,0.44064417481422424,0.46793773770332336,-0.11398456990718842,0.47333431243896484,0.4519290626049042,-0.11991198360919952,0.33365991711616516,0.45313435792922974,-0.05990433692932129,0.389845073223114,0.47211673855781555,-0.08695802837610245,0.4210609793663025,0.4682846665382385,-0.0983501523733139,0.4442257583141327,0.46026384830474854,-0.10508330166339874,Right,0.9825206995010376
2317,54,0,0.7652051448822021,0.4033779203891754,6.265677257033531e-07,0.7186703085899353,0.34908780455589294,-0.04535272344946861,0.6626396179199219,0.3561352491378784,-0.06711325794458389,0.6085805892944336,0.37915855646133423,-0.07630567252635956,0.5656673908233643,0.375995934009552,-0.0824756771326065,0.68667072057724,0.4456184506416321,-0.08286219835281372,0.6058105826377869,0.46215248107910156,-0.10337069630622864,0.5655291676521301,0.4337656497955322,-0.10743406414985657,0.5381142497062683,0.4051485061645508,-0.10764744877815247,0.6902878880500793,0.4927371144294739,-0.06148642674088478,0.597099244594574,0.47975364327430725,-0.08182703703641891,0.5630769729614258,0.43075093626976013,-0.08266980946063995,0.5470516681671143,0.3902494013309479,-0.08061344176530838,0.6869596838951111,0.5153613686561584,-0.039684195071458817,0.606154203414917,0.48470598459243774,-0.05374526232481003,0.5783955454826355,0.4399225413799286,-0.05382607877254486,0.5641477704048157,0.4039756655693054,-0.05256012827157974,0.6827071905136108,0.5207589864730835,-0.020991196855902672,0.626285195350647,0.48798173666000366,-0.03391829505562782,0.602479100227356,0.4545794129371643,-0.03922899812459946,0.5876359343528748,0.4282338619232178,-0.04063117131590843,Left,0.9974569082260132
2317,54,1,0.26776695251464844,0.34626972675323486,4.514117435405751e-08,0.30297714471817017,0.3173607587814331,-0.03502221405506134,0.34192684292793274,0.3232175409793854,-0.05873846635222435,0.3769453763961792,0.34994611144065857,-0.07321636378765106,0.40838661789894104,0.36347025632858276,-0.08685373514890671,0.323171466588974,0.38456112146377563,-0.08660177886486053,0.38616278767585754,0.4272814095020294,-0.11425500363111496,0.43182745575904846,0.4326142966747284,-0.12479779124259949,0.46585899591445923,0.4264330565929413,-0.1296737641096115,0.319280743598938,0.41858401894569397,-0.07787682861089706,0.390610009431839,0.45160651206970215,-0.10829321295022964,0.44264933466911316,0.4483124017715454,-0.11806595325469971,0.478489488363266,0.4331623315811157,-0.123219333589077,0.32174330949783325,0.4355891942977905,-0.06822894513607025,0.3924408257007599,0.46550697088241577,-0.0948331356048584,0.4398634433746338,0.4603247046470642,-0.10489427298307419,0.47233086824417114,0.44238799810409546,-0.10957299172878265,0.32900550961494446,0.43621161580085754,-0.059404924511909485,0.38159263134002686,0.45460790395736694,-0.08406303077936172,0.41591647267341614,0.453016996383667,-0.09548043459653854,0.4412655234336853,0.44275322556495667,-0.10110165178775787,Right,0.9327935576438904
2360,55,0,0.7703895568847656,0.4016805589199066,6.437899173761252e-07,0.7247408032417297,0.3496221899986267,-0.04973510652780533,0.6669590473175049,0.3542655110359192,-0.07128069549798965,0.6112565398216248,0.37481123208999634,-0.07900737226009369,0.5674477219581604,0.37008488178253174,-0.08334080129861832,0.6860065460205078,0.4525297284126282,-0.0826326534152031,0.6042071580886841,0.45966023206710815,-0.10199759155511856,0.5639539957046509,0.42691105604171753,-0.10595361143350601,0.5365277528762817,0.39620813727378845,-0.10625343769788742,0.6870257258415222,0.4964897334575653,-0.05762261152267456,0.5990514755249023,0.470784991979599,-0.07606005668640137,0.566240668296814,0.41908949613571167,-0.07694453001022339,0.5496693253517151,0.37943729758262634,-0.07554829865694046,0.6829293966293335,0.5157507061958313,-0.03269107639789581,0.6087631583213806,0.47543996572494507,-0.04610421508550644,0.5860944390296936,0.42789995670318604,-0.04690464213490486,0.5760313868522644,0.39030927419662476,-0.046125806868076324,0.6788038611412048,0.5183966755867004,-0.011282017454504967,0.6281882524490356,0.476446270942688,-0.025162765756249428,0.60950767993927,0.43962186574935913,-0.03174945339560509,0.5995181798934937,0.41039586067199707,-0.03353339061141014,Left,0.9977980256080627
2360,55,1,0.2716662287712097,0.35058242082595825,1.571067542727178e-08,0.30234360694885254,0.3140714466571808,-0.03757350146770477,0.3416871428489685,0.31186655163764954,-0.06271576881408691,0.37758588790893555,0.33779099583625793,-0.07752005010843277,0.40959632396698,0.3566874861717224,-0.09134335070848465,0.3163584768772125,0.3650101125240326,-0.09667964279651642,0.38078007102012634,0.4049578309059143,-0.12422049790620804,0.42889952659606934,0.41163989901542664,-0.1322324424982071,0.4661681056022644,0.4055670201778412,-0.13581432402133942,0.31643688678741455,0.40967968106269836,-0.08652012050151825,0.3888076841831207,0.4395350515842438,-0.11788544803857803,0.4420177638530731,0.4376227557659149,-0.1266596019268036,0.48041802644729614,0.4234994947910309,-0.1319231539964676,0.3227364420890808,0.43638888001441956,-0.07482252269983292,0.394880086183548,0.46385258436203003,-0.10351753979921341,0.44199490547180176,0.45811140537261963,-0.11357487738132477,0.47565847635269165,0.4378884732723236,-0.11862647533416748,0.33350858092308044,0.445385217666626,-0.06369014084339142,0.38673797249794006,0.4622577130794525,-0.09006282687187195,0.4196358025074005,0.4578072428703308,-0.10164541006088257,0.4439549148082733,0.44412022829055786,-0.10781051963567734,Right,0.9585111141204834
2403,56,0,0.7732468843460083,0.3998187482357025,6.709923923153838e-07,0.7303140759468079,0.34865114092826843,-0.0532878078520298,0.6707814335823059,0.35302841663360596,-0.07550998032093048,0.6128288507461548,0.3683694005012512,-0.08326288312673569,0.5670883655548096,0.35928934812545776,-0.08749765157699585,0.6844953298568726,0.4570053517818451,-0.08153178542852402,0.603516161441803,0.45491868257522583,-0.10208112001419067,0.564091682434082,0.4179392158985138,-0.10841301828622818,0.5375797152519226,0.3835727572441101,-0.11038058251142502,0.6848022937774658,0.4974612295627594,-0.05506973713636398,0.5982073545455933,0.46510687470436096,-0.07514874637126923,0.5670228004455566,0.4106677174568176,-0.0778711810708046,0.5503668189048767,0.3696366846561432,-0.07734927535057068,0.6811500191688538,0.5145891904830933,-0.02929529920220375,0.608741283416748,0.4678648114204407,-0.04508766531944275,0.589547872543335,0.41941550374031067,-0.04654867947101593,0.5805041790008545,0.38306498527526855,-0.045400671660900116,0.6766592860221863,0.5150045156478882,-0.007351034786552191,0.6260074377059937,0.468497633934021,-0.02253076061606407,0.6132282614707947,0.4308179020881653,-0.028478363528847694,0.6078234910964966,0.40317443013191223,-0.02930397167801857,Left,0.9972031712532043
2403,56,1,0.2699403464794159,0.3502318561077118,-2.5002842019006266e-09,0.3057873845100403,0.30388230085372925,-0.0330720990896225,0.3534187078475952,0.29705536365509033,-0.05943409726023674,0.39174893498420715,0.3207419812679291,-0.07402387261390686,0.41339486837387085,0.35060998797416687,-0.08810290694236755,0.31242355704307556,0.32277658581733704,-0.11252103000879288,0.35147973895072937,0.33867305517196655,-0.14094342291355133,0.38314980268478394,0.34570544958114624,-0.1475573033094406,0.4130067825317383,0.35157743096351624,-0.15053096413612366,0.30614274740219116,0.375669002532959,-0.10412038862705231,0.3777339458465576,0.41148611903190613,-0.13500645756721497,0.43238094449043274,0.4201655387878418,-0.1400330513715744,0.4738122224807739,0.41784918308258057,-0.1438588947057724,0.31200098991394043,0.41671913862228394,-0.092106394469738,0.3857497572898865,0.45093977451324463,-0.12060415744781494,0.43983906507492065,0.4562224745750427,-0.12968717515468597,0.48157012462615967,0.44611722230911255,-0.13417720794677734,0.32388246059417725,0.4373611509799957,-0.07938462495803833,0.3827959895133972,0.457309752702713,-0.10209288448095322,0.4209737181663513,0.45582377910614014,-0.1107293888926506,0.45046496391296387,0.445466011762619,-0.11616475880146027,Right,0.9406070709228516
2448,57,0,0.7724747061729431,0.3974001109600067,6.76810486766044e-07,0.7279620170593262,0.34526100754737854,-0.05333324149250984,0.6682157516479492,0.34875234961509705,-0.07506174594163895,0.611089825630188,0.3631221652030945,-0.0822976678609848,0.5667709708213806,0.3550826907157898,-0.08592173457145691,0.6861870884895325,0.45351505279541016,-0.08110937476158142,0.6043137311935425,0.453490674495697,-0.09992418438196182,0.5637061595916748,0.4197462499141693,-0.10392128676176071,0.5364809036254883,0.3877289891242981,-0.10386264324188232,0.6864058971405029,0.4948795437812805,-0.053403448313474655,0.5975283980369568,0.46348080039024353,-0.07223140448331833,0.5699596405029297,0.4071430265903473,-0.07293472439050674,0.5598807334899902,0.3656788468360901,-0.07025204598903656,0.6827141046524048,0.5130877494812012,-0.026165539398789406,0.6098480224609375,0.4658915102481842,-0.041299983859062195,0.6027750968933105,0.41623181104660034,-0.04066617414355278,0.6071355938911438,0.3815740644931793,-0.036788325756788254,0.6780000925064087,0.5146196484565735,-0.0025716270320117474,0.6265678405761719,0.469408243894577,-0.016639064997434616,0.6193816661834717,0.43193474411964417,-0.02128821238875389,0.6215755343437195,0.4057137966156006,-0.020466158166527748,Left,0.9962857961654663
2448,57,1,0.2748332917690277,0.35642027854919434,2.1396132865447726e-07,0.30899497866630554,0.308485746383667,-0.030030667781829834,0.35439738631248474,0.3056780695915222,-0.051966793835163116,0.3902527093887329,0.32803285121917725,-0.06333566457033157,0.41043007373809814,0.3522073030471802,-0.07484038174152374,0.30426448583602905,0.32121822237968445,-0.0983080044388771,0.34205448627471924,0.33644506335258484,-0.12461606413125992,0.37759724259376526,0.341927170753479,-0.1329357922077179,0.41108620166778564,0.34819507598876953,-0.1374264359474182,0.2992449402809143,0.37443476915359497,-0.0906243547797203,0.3681735694408417,0.4067983627319336,-0.11768603324890137,0.42565497756004333,0.41552281379699707,-0.12434616684913635,0.4705203175544739,0.4181828498840332,-0.12956438958644867,0.3077140748500824,0.414638489484787,-0.08011150360107422,0.37775176763534546,0.4392745792865753,-0.10720721632242203,0.43738722801208496,0.4464644193649292,-0.1214367002248764,0.4818929433822632,0.4425378441810608,-0.12900428473949432,0.32405149936676025,0.43729445338249207,-0.06864781677722931,0.3814620077610016,0.45134034752845764,-0.09060511738061905,0.41999030113220215,0.4480454623699188,-0.10168334096670151,0.44787997007369995,0.4375968277454376,-0.10891010612249374,Right,0.9690046906471252
2492,58,0,0.7685189843177795,0.3942376375198364,7.012657192717597e-07,0.7241033315658569,0.33859848976135254,-0.05085138976573944,0.6645049452781677,0.3412631154060364,-0.0727558583021164,0.6067607402801514,0.35897737741470337,-0.08044400811195374,0.5610277652740479,0.3586454689502716,-0.08430813252925873,0.6893362998962402,0.4457566738128662,-0.08343194425106049,0.6045616865158081,0.45106568932533264,-0.10206145793199539,0.5614683032035828,0.4225237965583801,-0.105593740940094,0.5318056344985962,0.3950284421443939,-0.10561889410018921,0.6894744038581848,0.4903160333633423,-0.05800439044833183,0.5964794754981995,0.4681553542613983,-0.076527439057827,0.5624171495437622,0.4165147840976715,-0.07734336704015732,0.5467798709869385,0.3756168782711029,-0.07560010254383087,0.6840196847915649,0.509453535079956,-0.032541804015636444,0.6022999882698059,0.47162917256355286,-0.04653380066156387,0.5791710615158081,0.42293059825897217,-0.04670378193259239,0.5704265236854553,0.3849841356277466,-0.045160867273807526,0.6776314973831177,0.5109539031982422,-0.01045519020408392,0.6203358769416809,0.4712139964103699,-0.024568188935518265,0.5999661087989807,0.4341055750846863,-0.030464263632893562,0.5894725918769836,0.40548110008239746,-0.031643982976675034,Left,0.996697723865509
2492,58,1,0.2831513285636902,0.34805727005004883,2.9726456318712735e-07,0.31866273283958435,0.30300816893577576,-0.03431693837046623,0.36249661445617676,0.30258071422576904,-0.06069101765751839,0.39740246534347534,0.3237650990486145,-0.07551039755344391,0.4164576530456543,0.3463507890701294,-0.09027035534381866,0.31041082739830017,0.31758156418800354,-0.11276590079069138,0.34317702054977417,0.33298978209495544,-0.14662538468837738,0.3776744306087494,0.3408152759075165,-0.15943105518817902,0.4103635847568512,0.34557974338531494,-0.1667325496673584,0.3029170632362366,0.36860552430152893,-0.10511782020330429,0.36793145537376404,0.40241578221321106,-0.141218900680542,0.42633527517318726,0.4133135974407196,-0.15178702771663666,0.47224652767181396,0.4160071015357971,-0.15937495231628418,0.308441162109375,0.4080836772918701,-0.09455705434083939,0.37233594059944153,0.4394935071468353,-0.12795482575893402,0.4309918284416199,0.44766557216644287,-0.1434364765882492,0.47528690099716187,0.44395217299461365,-0.15139658749103546,0.32119083404541016,0.4320656359195709,-0.08335332572460175,0.3743251860141754,0.4481509029865265,-0.11062520742416382,0.41595014929771423,0.44667544960975647,-0.12483928352594376,0.4475410282611847,0.43699800968170166,-0.1340591460466385,Right,0.9659271836280823
2536,59,0,0.7669159770011902,0.39124995470046997,6.969013952584646e-07,0.7194037437438965,0.3286532163619995,-0.04448951780796051,0.6543970108032227,0.33426111936569214,-0.06681523472070694,0.5972370505332947,0.3588138520717621,-0.0761236622929573,0.5527268052101135,0.3571677505970001,-0.08331868052482605,0.6978572607040405,0.4064420163631439,-0.09763269126415253,0.6195194125175476,0.43359750509262085,-0.12456678599119186,0.569020688533783,0.42805957794189453,-0.13183219730854034,0.5293154716491699,0.418271005153656,-0.1340627372264862,0.6980735659599304,0.4619963765144348,-0.07836464047431946,0.6035652160644531,0.461912602186203,-0.10318498313426971,0.5594114065170288,0.43074527382850647,-0.10313031077384949,0.5340691804885864,0.4006408452987671,-0.10100297629833221,0.6912679672241211,0.4915912449359894,-0.05791395530104637,0.6071982979774475,0.47068318724632263,-0.07671617716550827,0.5782591104507446,0.43219926953315735,-0.07443518191576004,0.5649013519287109,0.3990483283996582,-0.0710987076163292,0.6830525398254395,0.5022284984588623,-0.04029646888375282,0.6215009093284607,0.4757728576660156,-0.057258300483226776,0.5959330797195435,0.44480371475219727,-0.06182073429226875,0.5803276300430298,0.41972291469573975,-0.06268402189016342,Left,0.9947929978370667
2536,59,1,0.27351075410842896,0.34827879071235657,2.2491084905595926e-07,0.304977685213089,0.3011751174926758,-0.04534703120589256,0.3471883237361908,0.29831817746162415,-0.07965455204248428,0.3840796649456024,0.32147982716560364,-0.09957597404718399,0.41389593482017517,0.34105366468429565,-0.11951812356710434,0.3035144805908203,0.3200201392173767,-0.1351722776889801,0.3362513482570648,0.33122527599334717,-0.17693494260311127,0.36682814359664917,0.34169456362724304,-0.19495806097984314,0.394817054271698,0.35071730613708496,-0.20558083057403564,0.29622212052345276,0.37282273173332214,-0.1237778589129448,0.3563620448112488,0.4027218818664551,-0.16699661314487457,0.4103274643421173,0.41420677304267883,-0.18316687643527985,0.4522034823894501,0.4192715883255005,-0.19538162648677826,0.3023098111152649,0.41377362608909607,-0.10948152095079422,0.3641486167907715,0.43961775302886963,-0.14784027636051178,0.4226660430431366,0.4484911859035492,-0.1681799441576004,0.46618813276290894,0.4460933208465576,-0.18091152608394623,0.315202921628952,0.4389733672142029,-0.09499644488096237,0.3660522699356079,0.4525708556175232,-0.12666459381580353,0.40895432233810425,0.45164188742637634,-0.1452919840812683,0.4432438015937805,0.444561243057251,-0.15854354202747345,Right,0.9814304113388062
2579,60,0,0.760916531085968,0.3831416964530945,6.315963219094556e-07,0.7137073874473572,0.31872543692588806,-0.03404706344008446,0.6426554918289185,0.33158180117607117,-0.05104558542370796,0.5859249830245972,0.3570822477340698,-0.05690036341547966,0.5426462292671204,0.35408538579940796,-0.06091878563165665,0.6927576065063477,0.38189417123794556,-0.09301141649484634,0.6141759753227234,0.4136115610599518,-0.11606351286172867,0.5653634071350098,0.4193311333656311,-0.11854377388954163,0.5275285840034485,0.4193490147590637,-0.11791504174470901,0.6969239711761475,0.4406440854072571,-0.07849998027086258,0.6012952923774719,0.44692912697792053,-0.09962161630392075,0.5597455501556396,0.41807106137275696,-0.0940094143152237,0.5386422276496887,0.3891003131866455,-0.08855614066123962,0.6947035193443298,0.4765186607837677,-0.06183677539229393,0.6063980460166931,0.46450310945510864,-0.07563105970621109,0.5831261277198792,0.4288293123245239,-0.06649456918239594,0.5779538750648499,0.3991277515888214,-0.059638503938913345,0.6880670189857483,0.4949222207069397,-0.0474415123462677,0.6219803690910339,0.47489088773727417,-0.05882363021373749,0.6009106040000916,0.44708749651908875,-0.058262765407562256,0.5924026370048523,0.42625993490219116,-0.05709788575768471,Left,0.985514760017395
2579,60,1,0.2762722969055176,0.3533482551574707,1.8887763530983648e-07,0.30193573236465454,0.304282546043396,-0.04672929644584656,0.342262327671051,0.2952102720737457,-0.07911571860313416,0.37843817472457886,0.31578075885772705,-0.09766657650470734,0.4073779284954071,0.33775097131729126,-0.11550929397344589,0.2972671389579773,0.3269478976726532,-0.12438823282718658,0.32853296399116516,0.33668118715286255,-0.1622469276189804,0.35980892181396484,0.3454612195491791,-0.17893074452877045,0.38795584440231323,0.3539208173751831,-0.18826916813850403,0.29479968547821045,0.3787531554698944,-0.11097628623247147,0.35822317004203796,0.4024936556816101,-0.14619575440883636,0.41453951597213745,0.41063377261161804,-0.1564778983592987,0.45650118589401245,0.4139721393585205,-0.16451561450958252,0.3029249906539917,0.4182407259941101,-0.09577671438455582,0.3674173355102539,0.4383331835269928,-0.12761548161506653,0.4248708486557007,0.4425782561302185,-0.14029955863952637,0.46626001596450806,0.4372543394565582,-0.14732903242111206,0.3163074254989624,0.4404922127723694,-0.08136989921331406,0.3714013397693634,0.4568973779678345,-0.10766436904668808,0.4133297801017761,0.45684826374053955,-0.11965484917163849,0.44424232840538025,0.4498066008090973,-0.12748658657073975,Right,0.9905712008476257
2624,61,0,0.7571468949317932,0.3811822235584259,6.807739509895328e-07,0.7129888534545898,0.3140331506729126,-0.034470345824956894,0.6427096724510193,0.31511327624320984,-0.05590328946709633,0.5873600244522095,0.3508354425430298,-0.06711789965629578,0.5426303148269653,0.3644062578678131,-0.07663322240114212,0.699921190738678,0.3359127640724182,-0.10067141056060791,0.6210066080093384,0.37285012006759644,-0.13156962394714355,0.5685104131698608,0.3869739770889282,-0.13819058239459991,0.5273066759109497,0.39519378542900085,-0.13967575132846832,0.7045861482620239,0.4012632369995117,-0.09070190042257309,0.6117795705795288,0.4196036159992218,-0.1201581135392189,0.558076798915863,0.4126548171043396,-0.11920680850744247,0.5238953828811646,0.3981407880783081,-0.11682505160570145,0.7014688849449158,0.44842684268951416,-0.0789375901222229,0.6075044870376587,0.4517478942871094,-0.10079548507928848,0.5681867003440857,0.4296872019767761,-0.09608574956655502,0.5468358397483826,0.4079477787017822,-0.09152773022651672,0.692075788974762,0.4821666479110718,-0.06916799396276474,0.6238634586334229,0.4722325801849365,-0.08622587472200394,0.5946879386901855,0.4534637928009033,-0.08826030045747757,0.5770270824432373,0.43813714385032654,-0.08853887766599655,Left,0.9680349826812744
2624,61,1,0.27790340781211853,0.3530343770980835,1.474673609891397e-07,0.29702281951904297,0.30322399735450745,-0.056213170289993286,0.3306080102920532,0.29425108432769775,-0.09496460109949112,0.3614768385887146,0.3185264766216278,-0.11744207888841629,0.3909876346588135,0.3435116410255432,-0.13877977430820465,0.2956506609916687,0.33853843808174133,-0.1413942575454712,0.3249983787536621,0.3493357300758362,-0.18038325011730194,0.35527119040489197,0.3539101481437683,-0.19486507773399353,0.3832426071166992,0.3566429316997528,-0.20281586050987244,0.2974535822868347,0.3859773874282837,-0.1240496039390564,0.3631742000579834,0.41079407930374146,-0.16389942169189453,0.4146054983139038,0.41387680172920227,-0.17453187704086304,0.45287060737609863,0.4103938341140747,-0.18216805160045624,0.3088376522064209,0.42072153091430664,-0.10464123636484146,0.3765934109687805,0.43844354152679443,-0.1410277634859085,0.4297778308391571,0.43557658791542053,-0.1535189151763916,0.46899086236953735,0.42390015721321106,-0.1601027399301529,0.3243906497955322,0.4374907612800598,-0.08636850863695145,0.37976711988449097,0.4514068067073822,-0.11536671966314316,0.41886523365974426,0.44881027936935425,-0.12773902714252472,0.4481728971004486,0.44031092524528503,-0.135670468211174,Right,0.9694890975952148
2667,62,0,0.7471574544906616,0.3725823760032654,5.187999363442941e-07,0.7029004096984863,0.31546640396118164,-0.022979913279414177,0.6488085985183716,0.3077422082424164,-0.047188546508550644,0.6054822206497192,0.3372013568878174,-0.06286514550447464,0.5736802816390991,0.36996644735336304,-0.0791759341955185,0.6791971325874329,0.3036322593688965,-0.1057760939002037,0.6036595106124878,0.3444654941558838,-0.13991586863994598,0.5585835576057434,0.37093400955200195,-0.15012648701667786,0.5229882001876831,0.39236271381378174,-0.15238432586193085,0.6969229578971863,0.3605349659919739,-0.10265681147575378,0.6107845902442932,0.3986913561820984,-0.1365613043308258,0.5588666796684265,0.4191587269306183,-0.1385435163974762,0.5213567614555359,0.43172207474708557,-0.13686726987361908,0.7021464705467224,0.4153532385826111,-0.09575609862804413,0.6182736754417419,0.4457000494003296,-0.1183103397488594,0.577149510383606,0.4464016556739807,-0.1126093789935112,0.5510588884353638,0.44222018122673035,-0.10537344962358475,0.7000443935394287,0.4600587785243988,-0.08908434212207794,0.630987823009491,0.47387051582336426,-0.10106854885816574,0.5986943244934082,0.4634082317352295,-0.0958498865365982,0.578933596611023,0.45181408524513245,-0.08975549042224884,Left,0.9980394244194031
2667,62,1,0.2684442400932312,0.3467937409877777,2.739699844767074e-08,0.2903660535812378,0.2969590127468109,-0.057260215282440186,0.3242921233177185,0.2936352491378784,-0.0945485383272171,0.35374194383621216,0.32510024309158325,-0.11477698385715485,0.378689169883728,0.3557879328727722,-0.13326749205589294,0.28676915168762207,0.3427501916885376,-0.14108972251415253,0.3184393346309662,0.35366177558898926,-0.1782970428466797,0.3481033146381378,0.36119344830513,-0.1896112710237503,0.37617942690849304,0.3642764687538147,-0.19573374092578888,0.2935331165790558,0.3926202058792114,-0.12264979630708694,0.36019301414489746,0.41890132427215576,-0.1629784256219864,0.4107759892940521,0.4184601604938507,-0.1725473254919052,0.44811171293258667,0.4107142984867096,-0.17940786480903625,0.3078252375125885,0.42717546224594116,-0.10204192250967026,0.37339818477630615,0.4500281810760498,-0.13933442533016205,0.42078131437301636,0.4448128938674927,-0.15211953222751617,0.4554177522659302,0.43011367321014404,-0.15916647017002106,0.3245052397251129,0.44144997000694275,-0.08265555649995804,0.3724786341190338,0.45613646507263184,-0.11339257657527924,0.40606409311294556,0.4515224099159241,-0.1275411993265152,0.4320653975009918,0.4406452775001526,-0.13679876923561096,Right,0.9731871485710144
2711,63,0,0.7284450531005859,0.3707605004310608,1.1306896396945376e-07,0.6865794658660889,0.3188118636608124,-0.01696663536131382,0.6317377090454102,0.2903258800506592,-0.03693840652704239,0.5840696096420288,0.31346315145492554,-0.05211609974503517,0.5503806471824646,0.3377166986465454,-0.06978236138820648,0.6503595113754272,0.25255000591278076,-0.07683982700109482,0.586276650428772,0.29718074202537537,-0.10718877613544464,0.5471232533454895,0.33518803119659424,-0.12142535299062729,0.5198246836662292,0.3642878830432892,-0.1291305124759674,0.6739860773086548,0.29386988282203674,-0.08089303225278854,0.5998418927192688,0.3438434898853302,-0.11250517517328262,0.5511009097099304,0.386935293674469,-0.123308926820755,0.5234624743461609,0.4180063307285309,-0.1309840977191925,0.6871049404144287,0.3435633182525635,-0.08321969211101532,0.617941677570343,0.39217111468315125,-0.11155250668525696,0.5707199573516846,0.42397838830947876,-0.11973346769809723,0.5443488359451294,0.4460238814353943,-0.12344173341989517,0.6904004216194153,0.3979993462562561,-0.08471620082855225,0.6323092579841614,0.4292081296443939,-0.10983589291572571,0.5948866605758667,0.4451892077922821,-0.11888784170150757,0.5691816210746765,0.45505180954933167,-0.12343500554561615,Left,0.9933357834815979
2711,63,1,0.27134203910827637,0.35244205594062805,4.65246223768645e-08,0.2868441939353943,0.3039591312408447,-0.06589620560407639,0.3163904845714569,0.2993726432323456,-0.10628318786621094,0.34379318356513977,0.3258951008319855,-0.12936390936374664,0.374691903591156,0.3582369387149811,-0.150451198220253,0.28993940353393555,0.3538210391998291,-0.14290106296539307,0.320478230714798,0.36763131618499756,-0.17885245382785797,0.3493746519088745,0.37581977248191833,-0.18965232372283936,0.375284343957901,0.378720223903656,-0.19612343609333038,0.29613590240478516,0.4030361771583557,-0.12119181454181671,0.36090877652168274,0.42868638038635254,-0.16224099695682526,0.4102157652378082,0.425432413816452,-0.17709892988204956,0.44736653566360474,0.4161393940448761,-0.1887267529964447,0.3101876378059387,0.43564653396606445,-0.09806181490421295,0.3724837899208069,0.46213096380233765,-0.13689610362052917,0.4180183410644531,0.4536706209182739,-0.15643924474716187,0.4490337371826172,0.4348216652870178,-0.168931245803833,0.32712170481681824,0.448545902967453,-0.07673463225364685,0.37392741441726685,0.46651262044906616,-0.10954365879297256,0.4061712324619293,0.46026113629341125,-0.12897302210330963,0.4285554587841034,0.44521987438201904,-0.14288944005966187,Right,0.9875041246414185
2753,64,0,0.7073727250099182,0.3743495047092438,-2.622028034693358e-07,0.6495257616043091,0.3297235071659088,-0.015319772996008396,0.6011922359466553,0.30739128589630127,-0.03597548231482506,0.5550232529640198,0.325190007686615,-0.053156446665525436,0.5207182168960571,0.3473342955112457,-0.07217322289943695,0.6434902548789978,0.23315919935703278,-0.06613447517156601,0.5836834907531738,0.2802809774875641,-0.08920402079820633,0.5450376272201538,0.3221590518951416,-0.09865360707044601,0.5194475650787354,0.35965386033058167,-0.10468504577875137,0.6725437045097351,0.2711857855319977,-0.07073494791984558,0.5974004864692688,0.3348195552825928,-0.09623557329177856,0.5546449422836304,0.38113680481910706,-0.10457960516214371,0.5286356210708618,0.4177994132041931,-0.11313878744840622,0.6898029446601868,0.32412198185920715,-0.07313534617424011,0.6105414032936096,0.386126309633255,-0.09711474925279617,0.5681958198547363,0.41579586267471313,-0.09866108745336533,0.5453976988792419,0.4388388395309448,-0.10017815232276917,0.6941072940826416,0.38243958353996277,-0.0750255212187767,0.6265058517456055,0.4198545813560486,-0.09852903336286545,0.5873166918754578,0.4374758303165436,-0.10263863950967789,0.5638999938964844,0.4493103325366974,-0.10436169803142548,Left,0.9777030348777771
2753,64,1,0.2798672616481781,0.35149306058883667,-2.017065803272544e-08,0.2947627604007721,0.3088017702102661,-0.06181195005774498,0.32176458835601807,0.30465269088745117,-0.10033326596021652,0.3505551218986511,0.3253130614757538,-0.12311510741710663,0.38425976037979126,0.355121374130249,-0.14422787725925446,0.2960791289806366,0.36335015296936035,-0.13562056422233582,0.32865169644355774,0.3689102530479431,-0.17076778411865234,0.3457601070404053,0.3742203116416931,-0.182028129696846,0.35787975788116455,0.3758649230003357,-0.1892698109149933,0.3014668822288513,0.4113699793815613,-0.11749864369630814,0.3632104992866516,0.4312542974948883,-0.15860645473003387,0.41127920150756836,0.42563962936401367,-0.1768796592950821,0.44828087091445923,0.4133513271808624,-0.19137246906757355,0.314373642206192,0.44271284341812134,-0.0979962944984436,0.375377893447876,0.46545150876045227,-0.1362379789352417,0.4215189516544342,0.4553754925727844,-0.15849687159061432,0.45439469814300537,0.43539655208587646,-0.17381282150745392,0.33012503385543823,0.453530877828598,-0.08014015853404999,0.3738934397697449,0.4640396535396576,-0.11451227217912674,0.4070947766304016,0.45599880814552307,-0.1363799273967743,0.43268364667892456,0.44317367672920227,-0.15226849913597107,Right,0.9801042079925537
2801,65,0,0.6828548908233643,0.37634214758872986,-3.369039234257798e-07,0.6350482106208801,0.3261423110961914,-0.019583551213145256,0.5968766808509827,0.30120229721069336,-0.04091726616024971,0.5569010972976685,0.31549397110939026,-0.05906765162944794,0.5279838442802429,0.33517634868621826,-0.07996581494808197,0.6456200480461121,0.23542940616607666,-0.06882459670305252,0.5819502472877502,0.27865421772003174,-0.09379085153341293,0.5440593361854553,0.3184385299682617,-0.10390084236860275,0.5181180238723755,0.35090985894203186,-0.11073958873748779,0.6718552708625793,0.274588942527771,-0.07427526265382767,0.5942338109016418,0.32616740465164185,-0.10420995950698853,0.5505613684654236,0.37446314096450806,-0.11580324172973633,0.5222563743591309,0.40944281220436096,-0.12566044926643372,0.6869532465934753,0.3260498344898224,-0.07804428786039352,0.6103160977363586,0.3803729712963104,-0.10803941637277603,0.5677688121795654,0.41801202297210693,-0.1135641410946846,0.5427644848823547,0.44481131434440613,-0.11670480668544769,0.6898448467254639,0.3801440894603729,-0.0816102996468544,0.6278296113014221,0.41757282614707947,-0.10847719758749008,0.5899406671524048,0.4358029365539551,-0.11371751874685287,0.565342903137207,0.44681674242019653,-0.11611839383840561,Left,0.991908073425293
2801,65,1,0.2884301245212555,0.34391888976097107,-1.5505267070281548e-09,0.28359562158584595,0.32205212116241455,-0.07353628426790237,0.29644444584846497,0.32963865995407104,-0.11897105723619461,0.32064175605773926,0.3474540710449219,-0.14782653748989105,0.3526684641838074,0.372938871383667,-0.17543256282806396,0.29695552587509155,0.38802874088287354,-0.14283567667007446,0.3411024212837219,0.40547287464141846,-0.18432442843914032,0.37345996499061584,0.4038691818714142,-0.20172923803329468,0.4034465551376343,0.3924878239631653,-0.21218770742416382,0.311007022857666,0.4229944348335266,-0.11964324116706848,0.3700832426548004,0.43918147683143616,-0.16795316338539124,0.41433998942375183,0.4267791211605072,-0.19328242540359497,0.45144790410995483,0.4097323715686798,-0.21136699616909027,0.32907941937446594,0.4426443874835968,-0.0961359441280365,0.38471758365631104,0.4634428918361664,-0.13887879252433777,0.4256340563297272,0.45302239060401917,-0.1644955724477768,0.45537006855010986,0.4307332932949066,-0.18146753311157227,0.3486519455909729,0.446578711271286,-0.07528183609247208,0.3891708254814148,0.46122851967811584,-0.11204630881547928,0.41661280393600464,0.45576637983322144,-0.13537278771400452,0.43697547912597656,0.44281479716300964,-0.1519409716129303,Right,0.9790558218955994
2844,66,0,0.6836681365966797,0.3619556128978729,-3.908449457412644e-07,0.6403404474258423,0.30829453468322754,-0.01572759449481964,0.6051614880561829,0.2892902195453644,-0.03297920897603035,0.5671473741531372,0.3090485632419586,-0.04893336817622185,0.5392918586730957,0.3344956934452057,-0.06849794834852219,0.6571311354637146,0.24156157672405243,-0.052099090069532394,0.5911726355552673,0.28133589029312134,-0.07764500379562378,0.5508978366851807,0.3133055865764618,-0.09165306389331818,0.5204430222511292,0.33975932002067566,-0.10044167935848236,0.6801127195358276,0.2878952622413635,-0.05982593819499016,0.605863094329834,0.32511964440345764,-0.08713313937187195,0.5537528395652771,0.36096832156181335,-0.10027472674846649,0.5151558518409729,0.38752132654190063,-0.11097082495689392,0.6894729733467102,0.34129032492637634,-0.06700700521469116,0.6161866784095764,0.38147231936454773,-0.09801512211561203,0.5650097131729126,0.41031673550605774,-0.10755382478237152,0.5302186608314514,0.43020525574684143,-0.11235243082046509,0.6850895285606384,0.39427652955055237,-0.0738355740904808,0.6253148913383484,0.4253971576690674,-0.10021749138832092,0.5861478447914124,0.4368363916873932,-0.10570554435253143,0.5566771626472473,0.44104182720184326,-0.10827220976352692,Left,0.9968870282173157
2844,66,1,0.2897769510746002,0.3449053168296814,-6.438898481064825e-08,0.2840602397918701,0.3228866755962372,-0.07067053020000458,0.29684367775917053,0.3294101059436798,-0.11411832273006439,0.32217076420783997,0.34671175479888916,-0.1415948122739792,0.3552047908306122,0.3664171099662781,-0.1682790219783783,0.3017229735851288,0.38126271963119507,-0.13772863149642944,0.34024056792259216,0.3878702223300934,-0.17494051158428192,0.35910987854003906,0.3791114389896393,-0.18997405469417572,0.3754902184009552,0.36800822615623474,-0.19996458292007446,0.3142804503440857,0.41973239183425903,-0.11498627066612244,0.3721875846385956,0.43076223134994507,-0.15924018621444702,0.4136587381362915,0.41569438576698303,-0.18358825147151947,0.4475138783454895,0.3992941379547119,-0.20238320529460907,0.33022353053092957,0.441080778837204,-0.09123873710632324,0.38324686884880066,0.46082574129104614,-0.13117770850658417,0.42410093545913696,0.4501552879810333,-0.15521319210529327,0.4542641043663025,0.42857474088668823,-0.17204900085926056,0.34761905670166016,0.4471304714679718,-0.06977402418851852,0.3865931034088135,0.46125081181526184,-0.10338913649320602,0.4135811924934387,0.4539640545845032,-0.12391985952854156,0.4342891275882721,0.4411943852901459,-0.13928896188735962,Right,0.9556496739387512
2889,67,0,0.6888569593429565,0.3662824034690857,-3.831921162600338e-07,0.6467145681381226,0.30497992038726807,-0.013404465280473232,0.6111202239990234,0.285140722990036,-0.02885686792433262,0.5708348155021667,0.30474042892456055,-0.04328637197613716,0.5415063500404358,0.33368030190467834,-0.06163591146469116,0.664977490901947,0.2518521547317505,-0.04838332533836365,0.595556378364563,0.28702613711357117,-0.07060886174440384,0.5530098080635071,0.31461551785469055,-0.08179492503404617,0.521330714225769,0.3385007679462433,-0.08871693909168243,0.683725893497467,0.30198121070861816,-0.05621863901615143,0.6062317490577698,0.33331528306007385,-0.08096116036176682,0.553672194480896,0.3619424104690552,-0.09406106173992157,0.5159550309181213,0.3830876052379608,-0.10509300231933594,0.6884050965309143,0.35476362705230713,-0.06300009787082672,0.6098889708518982,0.3885781466960907,-0.09267467260360718,0.5580498576164246,0.41158777475357056,-0.10361925512552261,0.5241533517837524,0.4268588423728943,-0.10941100120544434,0.6797189712524414,0.4040144681930542,-0.06898605823516846,0.615134060382843,0.42616456747055054,-0.09448022395372391,0.575755774974823,0.43355274200439453,-0.10024558752775192,0.5472984910011292,0.4345030188560486,-0.10316106677055359,Left,0.9962373971939087
2889,67,1,0.2861432433128357,0.34305793046951294,1.1841064129214374e-08,0.2785714864730835,0.3288227319717407,-0.07325669378042221,0.2913359999656677,0.3380952477455139,-0.11677815765142441,0.3177628815174103,0.35084280371665955,-0.14515934884548187,0.3551318943500519,0.36589905619621277,-0.173239067196846,0.3123726546764374,0.4007362425327301,-0.1265975683927536,0.3578599691390991,0.4180927872657776,-0.16451911628246307,0.39120936393737793,0.41615381836891174,-0.18385860323905945,0.4212152361869812,0.40651172399520874,-0.19645902514457703,0.3235747516155243,0.426840603351593,-0.10261079668998718,0.3808497190475464,0.4400877356529236,-0.1494619995355606,0.4204322099685669,0.422730952501297,-0.17874540388584137,0.453913152217865,0.40378537774086,-0.19917669892311096,0.3364321291446686,0.43872618675231934,-0.07888131588697433,0.388843297958374,0.45699381828308105,-0.11967790126800537,0.4268612861633301,0.4454493820667267,-0.14625488221645355,0.4541592597961426,0.42240652441978455,-0.1635020524263382,0.3505699038505554,0.43890315294265747,-0.05807003006339073,0.390522837638855,0.4535394310951233,-0.09123072028160095,0.41503167152404785,0.44972535967826843,-0.11275895684957504,0.4321786165237427,0.4389713406562805,-0.12830890715122223,Right,0.9416237473487854
2933,68,0,0.6854919195175171,0.3462340533733368,-3.0777090387346107e-07,0.6548888087272644,0.2903675138950348,-0.01893582008779049,0.6215083003044128,0.2752642035484314,-0.041203565895557404,0.5803543329238892,0.29946112632751465,-0.06008099019527435,0.5505942106246948,0.32964953780174255,-0.08382432162761688,0.6710067391395569,0.25530874729156494,-0.07569979876279831,0.6009029150009155,0.29378068447113037,-0.10486962646245956,0.5534120202064514,0.31620460748672485,-0.11864226311445236,0.5165403485298157,0.336620032787323,-0.127228781580925,0.6875225901603699,0.3089613616466522,-0.08256453275680542,0.6054911613464355,0.3398793339729309,-0.1154734417796135,0.5482311844825745,0.3672415316104889,-0.13089314103126526,0.5063177347183228,0.38580521941185,-0.1440138816833496,0.6902692317962646,0.3631836771965027,-0.08706081658601761,0.6064085364341736,0.3946748971939087,-0.12250909209251404,0.55489182472229,0.41378381848335266,-0.13322240114212036,0.5229705572128296,0.4264649450778961,-0.1392083466053009,0.6803989410400391,0.4122309982776642,-0.09054599702358246,0.6145302653312683,0.42818066477775574,-0.12193985283374786,0.5755265951156616,0.43081769347190857,-0.12921106815338135,0.5495590567588806,0.42974069714546204,-0.13353388011455536,Left,0.9966794848442078
2933,68,1,0.2854797840118408,0.34254175424575806,-5.51921743863204e-08,0.2955454885959625,0.32670560479164124,-0.05075874924659729,0.3120983839035034,0.33278003334999084,-0.08673615008592606,0.33366942405700684,0.34578248858451843,-0.1121554896235466,0.3633754551410675,0.3689540922641754,-0.13734100759029388,0.3065374493598938,0.4007500112056732,-0.10806836187839508,0.35705840587615967,0.42585816979408264,-0.1457819938659668,0.3981858789920807,0.4294828772544861,-0.1647501289844513,0.43127119541168213,0.4172738790512085,-0.1763221025466919,0.3103775680065155,0.42793384194374084,-0.09745825082063675,0.37146642804145813,0.4456605911254883,-0.13917826116085052,0.4188297390937805,0.4333421587944031,-0.16204380989074707,0.4567718505859375,0.41651102900505066,-0.17809617519378662,0.31734398007392883,0.4364476501941681,-0.08694551140069962,0.3773386478424072,0.4575377404689789,-0.12407245486974716,0.42145636677742004,0.44690272212028503,-0.14700070023536682,0.45319148898124695,0.42507314682006836,-0.16221405565738678,0.3256275951862335,0.42899882793426514,-0.07790379971265793,0.36781880259513855,0.439032644033432,-0.11119801551103592,0.3989030122756958,0.43525516986846924,-0.1320476084947586,0.42210906744003296,0.424550324678421,-0.1463356465101242,Right,0.9202484488487244
2978,69,0,0.690092921257019,0.34976691007614136,-2.976347843741678e-07,0.6633843779563904,0.2895698547363281,-0.02208321914076805,0.6276089549064636,0.2715233862400055,-0.046312201768159866,0.5806291103363037,0.2932437062263489,-0.0671839788556099,0.5459777116775513,0.3208065629005432,-0.09240765869617462,0.6811624765396118,0.267259806394577,-0.07468149065971375,0.6055668592453003,0.29452773928642273,-0.10362257063388824,0.5579537153244019,0.3124173879623413,-0.11804009974002838,0.522982120513916,0.3285749852657318,-0.12675729393959045,0.6935509443283081,0.32415419816970825,-0.07942388951778412,0.6051907539367676,0.3478081524372101,-0.11006024479866028,0.548166036605835,0.36089152097702026,-0.1249111145734787,0.507987916469574,0.3688656985759735,-0.1382567137479782,0.6911961436271667,0.37672603130340576,-0.08240088075399399,0.6027195453643799,0.39677050709724426,-0.11544670909643173,0.5508699417114258,0.4029909670352936,-0.12556162476539612,0.5185465812683105,0.40832599997520447,-0.13136239349842072,0.6769121289253235,0.41998857259750366,-0.08489891141653061,0.6079893708229065,0.4257826805114746,-0.11254560202360153,0.5695946216583252,0.4212629497051239,-0.11810698360204697,0.5437758564949036,0.41559410095214844,-0.12153274565935135,Left,0.9923401474952698
2978,69,1,0.29287904500961304,0.3477047383785248,5.1032511549919946e-08,0.2813936471939087,0.34669333696365356,-0.061683669686317444,0.2907198667526245,0.35887208580970764,-0.0982462540268898,0.31936097145080566,0.3661685287952423,-0.12144002318382263,0.356478214263916,0.37473064661026,-0.14547330141067505,0.31751129031181335,0.4248146116733551,-0.10601100325584412,0.3653895854949951,0.442993700504303,-0.1340619921684265,0.4002496600151062,0.43559134006500244,-0.15031589567661285,0.42911896109580994,0.42450252175331116,-0.1619989573955536,0.3289058804512024,0.43455561995506287,-0.0853332057595253,0.38489192724227905,0.4454776644706726,-0.1200186163187027,0.42375075817108154,0.4261798560619354,-0.14327147603034973,0.4537912607192993,0.40947529673576355,-0.16065213084220886,0.3412066102027893,0.42836058139801025,-0.06426745653152466,0.3914690911769867,0.44466879963874817,-0.09404425323009491,0.42523008584976196,0.43551671504974365,-0.11241340637207031,0.44614025950431824,0.4155300259590149,-0.1257038563489914,0.3524972200393677,0.41291362047195435,-0.0455971397459507,0.38847965002059937,0.4185275733470917,-0.07045353949069977,0.4017886817455292,0.41000133752822876,-0.08274317532777786,0.4058314859867096,0.3950757086277008,-0.09177511930465698,Right,0.913967490196228
3023,70,0,0.6936321258544922,0.37158796191215515,-3.431744914905721e-07,0.6700003743171692,0.3105272352695465,-0.015801819041371346,0.6363340020179749,0.2844870984554291,-0.035499971359968185,0.591938316822052,0.2976374328136444,-0.053126174956560135,0.5574822425842285,0.321040540933609,-0.07533648610115051,0.6804755926132202,0.26929789781570435,-0.0633235052227974,0.6054511070251465,0.2923853099346161,-0.08919280022382736,0.558422863483429,0.3104966878890991,-0.10159783065319061,0.523246705532074,0.3242872953414917,-0.1089157909154892,0.6918390989303589,0.32348883152008057,-0.07016412168741226,0.6076751351356506,0.3438127934932709,-0.09699313342571259,0.5506960153579712,0.35952848196029663,-0.10916072130203247,0.5104216933250427,0.36807137727737427,-0.11999320983886719,0.6895173788070679,0.3772849142551422,-0.07521510124206543,0.604536235332489,0.3948974013328552,-0.10478173941373825,0.5536108016967773,0.4029301404953003,-0.1132650300860405,0.5217469930648804,0.4074839651584625,-0.11796919256448746,0.6756365895271301,0.4234878420829773,-0.07940229773521423,0.6089438796043396,0.42842504382133484,-0.10487087815999985,0.571204423904419,0.4230976700782776,-0.10939043760299683,0.5462145209312439,0.41622668504714966,-0.11166812479496002,Left,0.997308611869812
3023,70,1,0.28979307413101196,0.3381977081298828,1.7435736765492038e-07,0.2801412343978882,0.3566957414150238,-0.050746504217386246,0.29573458433151245,0.37498974800109863,-0.08299186825752258,0.32671141624450684,0.37402528524398804,-0.10536761581897736,0.3657757341861725,0.3741304576396942,-0.1290675848722458,0.32894882559776306,0.44304463267326355,-0.08397267758846283,0.3784453570842743,0.45551344752311707,-0.11551360040903091,0.4133831262588501,0.4458150863647461,-0.1378696709871292,0.4416806399822235,0.42968055605888367,-0.15353934466838837,0.3351593613624573,0.4315822124481201,-0.07334432005882263,0.3878472149372101,0.44022756814956665,-0.10944271087646484,0.4241378605365753,0.4256211519241333,-0.13575203716754913,0.45305609703063965,0.413900226354599,-0.15461523830890656,0.3396311104297638,0.4033544957637787,-0.06348320841789246,0.38610008358955383,0.41528794169425964,-0.09769544005393982,0.41799530386924744,0.4107852280139923,-0.11694308370351791,0.4386960566043854,0.40283656120300293,-0.13023629784584045,0.3432934284210205,0.3678967356681824,-0.05555771663784981,0.3620312511920929,0.3619574010372162,-0.08635145425796509,0.3589039146900177,0.35595500469207764,-0.09823184460401535,0.3493430018424988,0.35145166516304016,-0.10593172907829285,Right,0.9145309925079346
3067,71,0,0.6958474516868591,0.37908995151519775,-2.4977813950499694e-07,0.6788724064826965,0.3174706697463989,-0.015864042565226555,0.6460496187210083,0.2858172655105591,-0.03754138946533203,0.6011034846305847,0.29695919156074524,-0.05557209998369217,0.568239688873291,0.32146310806274414,-0.07875916361808777,0.687310516834259,0.28532227873802185,-0.07721856981515884,0.612586259841919,0.29872745275497437,-0.10074540972709656,0.5635518431663513,0.31063541769981384,-0.11080161482095718,0.5254611968994141,0.32163605093955994,-0.11716943979263306,0.6944601535797119,0.339492529630661,-0.08236363530158997,0.6069347858428955,0.35800880193710327,-0.10656038671731949,0.5468323230743408,0.3670932948589325,-0.11667466908693314,0.5047919154167175,0.3717135488986969,-0.1277858465909958,0.6878954768180847,0.3920639753341675,-0.08406028896570206,0.6002442836761475,0.4063829779624939,-0.10739986598491669,0.5500066876411438,0.4026346206665039,-0.11323455721139908,0.5215939283370972,0.3994196653366089,-0.11864135414361954,0.6722275614738464,0.4362909197807312,-0.08475226908922195,0.6038365960121155,0.4340832829475403,-0.10497527569532394,0.5664039850234985,0.4213860034942627,-0.10727421194314957,0.5448232293128967,0.4128687083721161,-0.10964663326740265,Left,0.9961150288581848
3067,71,1,0.2906416654586792,0.3334686756134033,2.6715105150287854e-07,0.27700868248939514,0.3452988862991333,-0.068609818816185,0.2911428213119507,0.3622611463069916,-0.11139247566461563,0.31968188285827637,0.36511245369911194,-0.1400640308856964,0.35856935381889343,0.368549644947052,-0.16912442445755005,0.3216916620731354,0.43169641494750977,-0.11854146420955658,0.372038334608078,0.44967222213745117,-0.16091212630271912,0.4092625081539154,0.4416200518608093,-0.18821893632411957,0.44019073247909546,0.4235043227672577,-0.20621651411056519,0.3343268036842346,0.42403069138526917,-0.10023807734251022,0.38513243198394775,0.43454819917678833,-0.14992962777614594,0.42405447363853455,0.41958799958229065,-0.18199403584003448,0.45470279455184937,0.40411779284477234,-0.20386703312397003,0.3433016240596771,0.4022783637046814,-0.08241164684295654,0.3866841495037079,0.4096173942089081,-0.12462922930717468,0.4038011431694031,0.3946998119354248,-0.1428133100271225,0.4107273817062378,0.378362774848938,-0.1539563685655594,0.35110417008399963,0.3729786276817322,-0.06792658567428589,0.3722275197505951,0.3662605881690979,-0.10376077890396118,0.36509352922439575,0.35691267251968384,-0.11645852774381638,0.351784348487854,0.3507890999317169,-0.12380534410476685,Right,0.9233173131942749
3110,72,0,0.692786455154419,0.3793067932128906,-1.8011265012773947e-07,0.6778094172477722,0.31789901852607727,-0.02103791944682598,0.6430508494377136,0.2874424457550049,-0.043044839054346085,0.5969223976135254,0.30285993218421936,-0.060677289962768555,0.5619103908538818,0.32695719599723816,-0.08248768001794815,0.6889395713806152,0.2932772934436798,-0.07685757428407669,0.6138308644294739,0.30400168895721436,-0.10081955790519714,0.5648267269134521,0.3118174970149994,-0.11159497499465942,0.5275700092315674,0.3194481134414673,-0.11831977963447571,0.6928225159645081,0.3513193428516388,-0.07861140370368958,0.6069974303245544,0.3629665672779083,-0.1044476330280304,0.5487698912620544,0.3633280396461487,-0.11632154881954193,0.5074515342712402,0.3616492748260498,-0.12816306948661804,0.6849222183227539,0.40240246057510376,-0.07763208448886871,0.6012414693832397,0.40926727652549744,-0.10237568616867065,0.5522366762161255,0.3979075253009796,-0.10950741916894913,0.522236704826355,0.39074090123176575,-0.11498946696519852,0.6682759523391724,0.4415206015110016,-0.07625968754291534,0.6057935953140259,0.4348088502883911,-0.09794199466705322,0.5710163712501526,0.41726967692375183,-0.10245081782341003,0.5499593615531921,0.40486446022987366,-0.10599963366985321,Left,0.9922702312469482
3110,72,1,0.28404414653778076,0.3345949649810791,2.9036169735263684e-07,0.2719317078590393,0.3394973576068878,-0.07199031114578247,0.28649163246154785,0.35555434226989746,-0.11453963071107864,0.31338709592819214,0.361327588558197,-0.14276184141635895,0.34875455498695374,0.3684685230255127,-0.17066355049610138,0.31739896535873413,0.42720794677734375,-0.11765248328447342,0.3690398633480072,0.448215514421463,-0.16194547712802887,0.40575671195983887,0.44266587495803833,-0.1885616034269333,0.4373743534088135,0.42674317955970764,-0.2045600563287735,0.33310312032699585,0.41932809352874756,-0.09649791568517685,0.3833198845386505,0.4284327030181885,-0.1490449160337448,0.42242467403411865,0.416253924369812,-0.17921030521392822,0.45472288131713867,0.4042682349681854,-0.1973140388727188,0.3432124853134155,0.39915502071380615,-0.07669298350811005,0.38056623935699463,0.39022353291511536,-0.12406805157661438,0.38526472449302673,0.36794313788414,-0.14020352065563202,0.38313350081443787,0.3510790765285492,-0.1459849625825882,0.3504757583141327,0.3745669722557068,-0.06046929210424423,0.3701298236846924,0.36116325855255127,-0.09827088564634323,0.35831505060195923,0.3469259738922119,-0.10903315246105194,0.3431251645088196,0.3400569260120392,-0.11268825083971024,Right,0.9776034951210022
3151,73,0,0.6877885460853577,0.3685959577560425,-1.1317538906041591e-07,0.6764894723892212,0.3096616268157959,-0.02500331588089466,0.6425917148590088,0.2811814844608307,-0.050123248249292374,0.595207691192627,0.29758167266845703,-0.06963454931974411,0.558729887008667,0.3232778012752533,-0.09350086748600006,0.6916458010673523,0.30287423729896545,-0.0868024006485939,0.6176719665527344,0.307389497756958,-0.11246401071548462,0.5677090287208557,0.30820971727371216,-0.1250723898410797,0.5300618410110474,0.3114945590496063,-0.13324733078479767,0.6936289072036743,0.3628130257129669,-0.08681458979845047,0.6087635159492493,0.3638755977153778,-0.1144566759467125,0.5478848218917847,0.3551921546459198,-0.12786568701267242,0.5052610039710999,0.3484433591365814,-0.14164818823337555,0.6832377314567566,0.4101827144622803,-0.08365925401449203,0.5987370014190674,0.40757817029953003,-0.1086723729968071,0.5469879508018494,0.3894524574279785,-0.11613711714744568,0.5166837573051453,0.3792451322078705,-0.1227659285068512,0.6639603972434998,0.44317904114723206,-0.08040325343608856,0.6015380024909973,0.4320020079612732,-0.10138940811157227,0.5642410516738892,0.41057541966438293,-0.10574319213628769,0.5422266721725464,0.3979504108428955,-0.11022789776325226,Left,0.9895027875900269
3151,73,1,0.2916185259819031,0.3473070561885834,1.1603942340343565e-07,0.2827991545200348,0.3424258530139923,-0.056938428431749344,0.29102426767349243,0.34939923882484436,-0.0944577008485794,0.31339725852012634,0.3565850257873535,-0.12000863999128342,0.3450782299041748,0.36690735816955566,-0.14531861245632172,0.31143704056739807,0.41788268089294434,-0.1083642840385437,0.36161744594573975,0.43686729669570923,-0.14492839574813843,0.39800459146499634,0.4337388277053833,-0.16484500467777252,0.42887216806411743,0.41571322083473206,-0.17634046077728271,0.32461467385292053,0.4324907660484314,-0.09225746989250183,0.37891334295272827,0.4446317255496979,-0.13177329301834106,0.41947755217552185,0.43503910303115845,-0.15453048050403595,0.45401737093925476,0.4186613857746124,-0.17008954286575317,0.3389136493206024,0.4319145083427429,-0.0763649195432663,0.3901652693748474,0.4475959837436676,-0.10926489531993866,0.42863887548446655,0.44409051537513733,-0.12840570509433746,0.4577304422855377,0.42805057764053345,-0.1410571187734604,0.3542061746120453,0.4192608594894409,-0.06264998763799667,0.3912363350391388,0.4305764436721802,-0.08914715051651001,0.41799408197402954,0.432766854763031,-0.1038019210100174,0.4382721781730652,0.42823484539985657,-0.11377225071191788,Right,0.9781129360198975
3192,74,0,0.6849155426025391,0.3684138059616089,-2.6658383944777597e-07,0.6600293517112732,0.3104479908943176,-0.03480703383684158,0.6322974562644958,0.28362029790878296,-0.06452247500419617,0.591216504573822,0.29018697142601013,-0.08813273906707764,0.5567488670349121,0.3023178279399872,-0.11606070399284363,0.68642657995224,0.28621339797973633,-0.0939248725771904,0.6192448735237122,0.2925857603549957,-0.12575377523899078,0.5744409561157227,0.2959780693054199,-0.14296852052211761,0.5351433157920837,0.302019864320755,-0.1541128009557724,0.6925991773605347,0.34440335631370544,-0.09491407126188278,0.6089663505554199,0.3508990705013275,-0.13233260810375214,0.5533657670021057,0.3447301387786865,-0.15433648228645325,0.5118868350982666,0.33572936058044434,-0.17223790287971497,0.6847081780433655,0.39671099185943604,-0.09378226846456528,0.5955851078033447,0.397551566362381,-0.13369329273700714,0.5424927473068237,0.3867865800857544,-0.14957334101200104,0.5069097280502319,0.3801842927932739,-0.15870970487594604,0.6654311418533325,0.43580764532089233,-0.09296850115060806,0.5956763625144958,0.426699697971344,-0.12727029621601105,0.5564044713973999,0.41044479608535767,-0.13634420931339264,0.529710054397583,0.3966134488582611,-0.14182119071483612,Left,0.9938709139823914
3233,75,0,0.6823015809059143,0.35460591316223145,-2.0307591341861553e-07,0.668607771396637,0.30468323826789856,-0.039971817284822464,0.6340473890304565,0.28114113211631775,-0.07262331992387772,0.5832538604736328,0.29238420724868774,-0.0974208191037178,0.5412498712539673,0.31321120262145996,-0.12602731585502625,0.6806517839431763,0.32190221548080444,-0.10011287033557892,0.6164385080337524,0.31505823135375977,-0.13305352628231049,0.5701216459274292,0.3076438903808594,-0.15176402032375336,0.5292319655418396,0.3063794672489166,-0.1631939709186554,0.6805889010429382,0.37667688727378845,-0.0953473448753357,0.5985655188560486,0.3728726804256439,-0.13050587475299835,0.5463727712631226,0.36183783411979675,-0.14779967069625854,0.5089606046676636,0.3561895787715912,-0.16336718201637268,0.6711744666099548,0.4172412157058716,-0.08906187862157822,0.5937429666519165,0.4103964567184448,-0.12253677099943161,0.54662024974823,0.39303213357925415,-0.13263750076293945,0.5160033702850342,0.3851028382778168,-0.13949397206306458,0.6533184051513672,0.4432412087917328,-0.08418425917625427,0.5983561873435974,0.42870405316352844,-0.11122240871191025,0.5646972060203552,0.41231226921081543,-0.1165219321846962,0.5417456030845642,0.4024341404438019,-0.12096354365348816,Left,0.9553096890449524
3233,75,1,0.2649248242378235,0.3350747525691986,1.61907944828954e-08,0.26697954535484314,0.3510373830795288,-0.04158143699169159,0.28431129455566406,0.36864352226257324,-0.06978119164705276,0.3137470781803131,0.36939752101898193,-0.09066852182149887,0.3520895540714264,0.37494558095932007,-0.11317072063684464,0.3198508322238922,0.43701061606407166,-0.07417336851358414,0.3774539828300476,0.4506801962852478,-0.10220010578632355,0.4157482981681824,0.4449247121810913,-0.12236268818378448,0.4468425512313843,0.43558269739151,-0.1369531750679016,0.3183685541152954,0.4329718351364136,-0.06708869338035583,0.38254573941230774,0.44593003392219543,-0.09759011119604111,0.42519813776016235,0.4303971827030182,-0.12181874364614487,0.4592624306678772,0.4175643026828766,-0.1407744437456131,0.3150564730167389,0.410441130399704,-0.06044294312596321,0.36837199330329895,0.42656925320625305,-0.08931968361139297,0.41160640120506287,0.421143501996994,-0.11182151734828949,0.44153302907943726,0.407084584236145,-0.12829361855983734,0.3093052804470062,0.37830179929733276,-0.055106889456510544,0.3372030258178711,0.38122257590293884,-0.08123376965522766,0.3544280529022217,0.3810533881187439,-0.09702302515506744,0.36581364274024963,0.3741407096385956,-0.10875793546438217,Right,0.6855572462081909
3292,76,0,0.6896021962165833,0.33613869547843933,7.99389056282962e-07,0.684244692325592,0.30663225054740906,-0.05186497047543526,0.6499888300895691,0.29965460300445557,-0.08786951005458832,0.5948749780654907,0.3040196895599365,-0.11188370734453201,0.5430773496627808,0.3133722245693207,-0.13353495299816132,0.6823087930679321,0.36357879638671875,-0.10000387579202652,0.6087609529495239,0.3673650622367859,-0.13656136393547058,0.5551478862762451,0.3660382330417633,-0.15545503795146942,0.5128622651100159,0.36001309752464294,-0.16699539124965668,0.6681353449821472,0.4060184061527252,-0.08294619619846344,0.5862506628036499,0.40405401587486267,-0.1146165207028389,0.5339660048484802,0.3888651728630066,-0.121355801820755,0.498956561088562,0.37737008929252625,-0.12651480734348297,0.6500073671340942,0.42793014645576477,-0.06717751920223236,0.5761580467224121,0.419076144695282,-0.09591040015220642,0.5339371562004089,0.4019372761249542,-0.09891711175441742,0.5041479468345642,0.385906845331192,-0.09949909150600433,0.6276690363883972,0.43129053711891174,-0.054472729563713074,0.5721580386161804,0.4210478961467743,-0.0771249532699585,0.5405005216598511,0.4030759632587433,-0.08351561427116394,0.5159984230995178,0.3867344260215759,-0.08609746396541595,Left,0.9992749691009521
3292,76,1,0.28886914253234863,0.3473513424396515,9.9560786281927e-08,0.2735357880592346,0.3441833555698395,-0.06389693170785904,0.28103870153427124,0.35439005494117737,-0.10182392597198486,0.3057474195957184,0.36452385783195496,-0.12743091583251953,0.3417244553565979,0.37538936734199524,-0.15301348268985748,0.3061227798461914,0.42095404863357544,-0.10476218909025192,0.3625267744064331,0.43721702694892883,-0.14355912804603577,0.4033905267715454,0.43205782771110535,-0.168086975812912,0.4376007914543152,0.4186888337135315,-0.18319456279277802,0.32614877820014954,0.4343307614326477,-0.08514676243066788,0.3825239837169647,0.4484344720840454,-0.12570609152317047,0.42503440380096436,0.4359341561794281,-0.15247583389282227,0.4594619870185852,0.41961389780044556,-0.1707942932844162,0.3444637954235077,0.43312206864356995,-0.06691048294305801,0.39393866062164307,0.4490188658237457,-0.10017861425876617,0.4317981004714966,0.4429895579814911,-0.12223335355520248,0.45928654074668884,0.42674991488456726,-0.1366695761680603,0.3611564636230469,0.4210249185562134,-0.05188485607504845,0.39661067724227905,0.4297448396682739,-0.07851254194974899,0.4209026098251343,0.4291945993900299,-0.09474451839923859,0.43761134147644043,0.42258983850479126,-0.10587123781442642,Right,0.9847007393836975
3335,77,0,0.7036030888557434,0.3476589620113373,7.879287409195967e-07,0.6874175667762756,0.3070027530193329,-0.049874093383550644,0.6482699513435364,0.29404884576797485,-0.08584771305322647,0.5968517065048218,0.2996618449687958,-0.10997244715690613,0.5496565103530884,0.3074061870574951,-0.13286831974983215,0.6831710934638977,0.3487895727157593,-0.10961735993623734,0.6162969470024109,0.35613420605659485,-0.15084519982337952,0.5640444755554199,0.36187848448753357,-0.17091570794582367,0.5212821364402771,0.3629169464111328,-0.18176016211509705,0.6754795908927917,0.3966549336910248,-0.09352408349514008,0.5973254442214966,0.40140992403030396,-0.12747091054916382,0.5464376211166382,0.3939073979854584,-0.1341746747493744,0.5090071558952332,0.38594675064086914,-0.13902448117733002,0.6628773212432861,0.423927366733551,-0.07811964303255081,0.5930391550064087,0.42448875308036804,-0.10930217057466507,0.5485609769821167,0.41191601753234863,-0.11529846489429474,0.5151662826538086,0.397658109664917,-0.11789237707853317,0.6478441953659058,0.43544045090675354,-0.06503327935934067,0.596767246723175,0.43111130595207214,-0.08761321008205414,0.5654355883598328,0.4167736768722534,-0.0954078733921051,0.5400791764259338,0.4017521142959595,-0.100120909512043,Left,0.9987173676490784
3335,77,1,0.2859727442264557,0.3382797837257385,8.985794330840235e-09,0.2901826500892639,0.3448319435119629,-0.04357483983039856,0.3057701289653778,0.35934463143348694,-0.07724718749523163,0.3290858268737793,0.36608588695526123,-0.10246499627828598,0.36115291714668274,0.37866827845573425,-0.12898945808410645,0.3168589472770691,0.4270315170288086,-0.09627452492713928,0.36727315187454224,0.44505539536476135,-0.1347898691892624,0.4053801894187927,0.43978962302207947,-0.1590665727853775,0.4369070827960968,0.42450830340385437,-0.1750650256872177,0.3186149001121521,0.43250584602355957,-0.09178723394870758,0.37752246856689453,0.44897860288619995,-0.1332779973745346,0.41979917883872986,0.43407654762268066,-0.16071787476539612,0.45469939708709717,0.42047318816185,-0.18031193315982819,0.31926673650741577,0.4191448986530304,-0.08702019602060318,0.3737648129463196,0.4383355975151062,-0.12367703020572662,0.41580578684806824,0.43095967173576355,-0.14684687554836273,0.4471404254436493,0.41586577892303467,-0.16295097768306732,0.31943127512931824,0.39245209097862244,-0.08325029909610748,0.35260170698165894,0.39710718393325806,-0.115141361951828,0.37522584199905396,0.39436638355255127,-0.13221867382526398,0.3916565477848053,0.3862743377685547,-0.1441376656293869,Right,0.792849063873291
3377,78,0,0.6992092728614807,0.37679803371429443,6.800594860578713e-07,0.6853715181350708,0.32572096586227417,-0.04408782348036766,0.6428114175796509,0.30097633600234985,-0.08001021295785904,0.5970083475112915,0.3052980303764343,-0.1045287624001503,0.5577679872512817,0.3118012547492981,-0.12850622832775116,0.6829307079315186,0.3265484571456909,-0.12699654698371887,0.6268401741981506,0.31219515204429626,-0.1700132042169571,0.582745373249054,0.3101751506328583,-0.18898345530033112,0.5454678535461426,0.30821317434310913,-0.20024824142456055,0.6743301153182983,0.38613584637641907,-0.11713212728500366,0.6072425842285156,0.37683045864105225,-0.16027280688285828,0.5547240376472473,0.3669603765010834,-0.1719111204147339,0.5142278671264648,0.35732361674308777,-0.18040414154529572,0.6587362885475159,0.4276835322380066,-0.10543560981750488,0.5915735960006714,0.4190053939819336,-0.14357316493988037,0.5429080724716187,0.40347883105278015,-0.15549394488334656,0.5070082545280457,0.38616088032722473,-0.16276496648788452,0.6381833553314209,0.45376795530319214,-0.0949123278260231,0.5848346948623657,0.43826743960380554,-0.12285980582237244,0.557514488697052,0.4190942943096161,-0.13504645228385925,0.5350325703620911,0.40208888053894043,-0.14399127662181854,Left,0.9701887369155884
3377,78,1,0.2849544584751129,0.3469473719596863,7.341130014992814e-08,0.29299989342689514,0.37138891220092773,-0.034485772252082825,0.31963658332824707,0.3946859538555145,-0.0603540763258934,0.3565881550312042,0.39452093839645386,-0.07939722388982773,0.39352548122406006,0.39330339431762695,-0.1003732904791832,0.3300171494483948,0.45089906454086304,-0.07482679933309555,0.38120612502098083,0.45579466223716736,-0.10403838753700256,0.4174596071243286,0.4464317262172699,-0.12350763380527496,0.44604822993278503,0.4342474937438965,-0.13768592476844788,0.32804280519485474,0.4394514858722687,-0.07245466858148575,0.38480430841445923,0.4401838481426239,-0.10638388991355896,0.4255320131778717,0.42614713311195374,-0.12972873449325562,0.45597320795059204,0.4162852466106415,-0.1477552354335785,0.32599517703056335,0.4113410711288452,-0.06963394582271576,0.37763863801956177,0.41288936138153076,-0.10144246369600296,0.4070383608341217,0.4040287733078003,-0.11833163350820541,0.42270293831825256,0.39233845472335815,-0.1304178386926651,0.3262959122657776,0.37527215480804443,-0.06764291226863861,0.3536812663078308,0.37062329053878784,-0.09637881815433502,0.3591204583644867,0.36676985025405884,-0.1079140156507492,0.35629740357398987,0.36451664566993713,-0.11603051424026489,Left,0.6382113099098206
3418,79,0,0.6986973881721497,0.38157737255096436,7.834541975171305e-07,0.6669332385063171,0.32369688153266907,-0.04764533042907715,0.6328235864639282,0.3071233034133911,-0.0939752385020256,0.6027113199234009,0.3119508624076843,-0.12455838173627853,0.5717840790748596,0.3221589922904968,-0.15542326867580414,0.6744444966316223,0.31909725069999695,-0.17100398242473602,0.6239194273948669,0.31609320640563965,-0.2311720848083496,0.5815908908843994,0.31450557708740234,-0.26184365153312683,0.5429979562759399,0.31282079219818115,-0.2801639139652252,0.676286518573761,0.3708621859550476,-0.160008504986763,0.6127886772155762,0.37457555532455444,-0.22717992961406708,0.5587679743766785,0.3721935749053955,-0.2572402358055115,0.512820303440094,0.36879652738571167,-0.27828341722488403,0.6662687063217163,0.4155668020248413,-0.14265266060829163,0.6029156446456909,0.4184176027774811,-0.19214026629924774,0.5524488091468811,0.41180723905563354,-0.2109355628490448,0.5140451192855835,0.40021514892578125,-0.22274534404277802,0.6512035131454468,0.45046839118003845,-0.12495771795511246,0.6042252779006958,0.44476237893104553,-0.15587158501148224,0.5718947052955627,0.43403273820877075,-0.16951069235801697,0.5443519353866577,0.4214906692504883,-0.18037304282188416,Left,0.992560625076294
3418,79,1,0.2967325747013092,0.349530965089798,1.958353834652371e-07,0.28144097328186035,0.363359659910202,-0.0571649931371212,0.291675865650177,0.380745530128479,-0.09278988093137741,0.321874737739563,0.3836827874183655,-0.11654829978942871,0.3591863214969635,0.38725078105926514,-0.14101542532444,0.32032594084739685,0.44035056233406067,-0.10147058218717575,0.3669632077217102,0.4586145579814911,-0.13802053034305573,0.4021797180175781,0.4535970985889435,-0.1607869565486908,0.4328945279121399,0.44200631976127625,-0.17593950033187866,0.33691322803497314,0.43752768635749817,-0.08656346052885056,0.38373953104019165,0.44520390033721924,-0.13011418282985687,0.42128831148147583,0.4331858158111572,-0.15642181038856506,0.4532064199447632,0.42475056648254395,-0.1735951006412506,0.34801632165908813,0.4191857576370239,-0.07177828252315521,0.39072123169898987,0.41675999760627747,-0.10936260968446732,0.4057081639766693,0.40206679701805115,-0.12194520980119705,0.4120236039161682,0.38911545276641846,-0.1283435970544815,0.35605815052986145,0.3928523659706116,-0.05964960530400276,0.37982797622680664,0.3828187882900238,-0.09006881713867188,0.3749628961086273,0.37243399024009705,-0.0974142774939537,0.3637961447238922,0.3675996661186218,-0.10040810704231262,Right,0.9628721475601196
3461,80,0,0.7074173092842102,0.39345842599868774,5.505115723281051e-07,0.681348979473114,0.3365309536457062,-0.041120633482933044,0.6404321193695068,0.31517571210861206,-0.07740209996700287,0.604925811290741,0.32298246026039124,-0.10205749422311783,0.5787412524223328,0.335936576128006,-0.12813912332057953,0.6902147531509399,0.3324611485004425,-0.13247480988502502,0.6265139579772949,0.33447617292404175,-0.1801304668188095,0.580075204372406,0.3311637341976166,-0.20416779816150665,0.5409622192382812,0.32823988795280457,-0.21781441569328308,0.6942641735076904,0.3816528618335724,-0.12641148269176483,0.6199829578399658,0.38490644097328186,-0.1728227138519287,0.5614427328109741,0.38248327374458313,-0.19175566732883453,0.5186948776245117,0.37608596682548523,-0.2053144872188568,0.6851004958152771,0.42394745349884033,-0.11774729937314987,0.6122457385063171,0.4265800416469574,-0.1558430790901184,0.5583183169364929,0.4166189134120941,-0.1714167594909668,0.521779477596283,0.4034905731678009,-0.18056714534759521,0.6678236126899719,0.45761340856552124,-0.10953599214553833,0.613248348236084,0.45445916056632996,-0.13845933973789215,0.5767778754234314,0.4388280212879181,-0.15223228931427002,0.5513916611671448,0.4181188941001892,-0.1618470847606659,Left,0.9917891025543213
3502,81,0,0.7067327499389648,0.40365955233573914,4.453107180779625e-07,0.6801413297653198,0.3414473831653595,-0.042821843177080154,0.6389203667640686,0.31979843974113464,-0.07981061935424805,0.6010414958000183,0.3333118259906769,-0.10539811849594116,0.5771211981773376,0.3467486500740051,-0.13313421607017517,0.6861658096313477,0.32855910062789917,-0.13098874688148499,0.623397946357727,0.341195672750473,-0.1752418577671051,0.5781103372573853,0.34116947650909424,-0.19717873632907867,0.5414568781852722,0.339708536863327,-0.2101457267999649,0.6921100616455078,0.38368383049964905,-0.1245012879371643,0.6151652932167053,0.3989740312099457,-0.16898050904273987,0.5580848455429077,0.3963754177093506,-0.1870187371969223,0.5199874043464661,0.3891748785972595,-0.20094823837280273,0.686110258102417,0.4305422902107239,-0.11557235568761826,0.6116881966590881,0.4436705410480499,-0.15278959274291992,0.5561816692352295,0.4340813159942627,-0.16822974383831024,0.5207251906394958,0.4214741587638855,-0.1780434399843216,0.6718881726264954,0.4674852788448334,-0.10736290365457535,0.6169978380203247,0.46676772832870483,-0.1360374093055725,0.5804737210273743,0.4531936049461365,-0.1492127776145935,0.5579047203063965,0.43883633613586426,-0.15905722975730896,Left,0.9994187951087952
3502,81,1,0.2937931716442108,0.35275107622146606,-1.9189401712083054e-07,0.28224480152130127,0.3546503484249115,-0.04487558454275131,0.2849302887916565,0.36861559748649597,-0.07280460000038147,0.3135112524032593,0.38160836696624756,-0.09233519434928894,0.350629985332489,0.39202144742012024,-0.11287714540958405,0.31114357709884644,0.42112958431243896,-0.07938174158334732,0.35547319054603577,0.42927446961402893,-0.1052141860127449,0.3906753361225128,0.4220450222492218,-0.12035025656223297,0.42169666290283203,0.4166874885559082,-0.1310451477766037,0.3253101408481598,0.4439477324485779,-0.06723479926586151,0.38487017154693604,0.4443499743938446,-0.0975940153002739,0.4295431971549988,0.42860153317451477,-0.11859791725873947,0.46687328815460205,0.4165191650390625,-0.13485166430473328,0.33861416578292847,0.4526827037334442,-0.05493002384901047,0.3890140652656555,0.4613719582557678,-0.08251901715993881,0.4242855906486511,0.45287713408470154,-0.09963569790124893,0.4499969482421875,0.43645429611206055,-0.11152137070894241,0.3500949442386627,0.45039376616477966,-0.04436095058917999,0.38542670011520386,0.459244966506958,-0.06592943519353867,0.4057353138923645,0.4565306305885315,-0.07742594927549362,0.42018863558769226,0.44925135374069214,-0.08607812225818634,Right,0.8760197162628174
3559,82,0,0.682740330696106,0.3916376233100891,2.5411890192117426e-07,0.6617258787155151,0.3353789448738098,-0.038167987018823624,0.6271315813064575,0.31723442673683167,-0.07153873145580292,0.587020993232727,0.33681416511535645,-0.0956784337759018,0.562183141708374,0.35446760058403015,-0.12273923307657242,0.6936514377593994,0.333924800157547,-0.11548523604869843,0.6281113028526306,0.3461015820503235,-0.15370303392410278,0.578956127166748,0.3460957407951355,-0.17387868463993073,0.5404826998710632,0.34588098526000977,-0.18695372343063354,0.7005933523178101,0.39293405413627625,-0.1115487590432167,0.61963951587677,0.40530329942703247,-0.15159131586551666,0.5588189363479614,0.39987844228744507,-0.16883307695388794,0.5173945426940918,0.39347201585769653,-0.1837015300989151,0.691419243812561,0.4395761489868164,-0.10535376518964767,0.6135681867599487,0.4482507109642029,-0.13951662182807922,0.5529695749282837,0.43714165687561035,-0.15223294496536255,0.5128586888313293,0.4281613230705261,-0.16089265048503876,0.672491729259491,0.47302672266960144,-0.09998025000095367,0.6125298142433167,0.4753217101097107,-0.12702195346355438,0.5690335035324097,0.4612940847873688,-0.13788267970085144,0.540634036064148,0.451199471950531,-0.14653198421001434,Left,0.9982393383979797
3600,83,0,0.6943702697753906,0.39220109581947327,-3.5136778819833125e-07,0.6703363656997681,0.3394891619682312,-0.031289488077163696,0.6343456506729126,0.3145748972892761,-0.06712553650140762,0.5945042371749878,0.3268067240715027,-0.09922163188457489,0.5631777048110962,0.34665247797966003,-0.13319501280784607,0.6909508109092712,0.33997294306755066,-0.08820448070764542,0.6317897439002991,0.34600308537483215,-0.1324012726545334,0.5856895446777344,0.3493334949016571,-0.16056400537490845,0.5459378361701965,0.34711629152297974,-0.17533032596111298,0.6913384795188904,0.3955075740814209,-0.0914573147892952,0.6237835884094238,0.40427759289741516,-0.13375438749790192,0.5684125423431396,0.39576297998428345,-0.14756429195404053,0.5271182060241699,0.38711419701576233,-0.15364810824394226,0.6821833252906799,0.44296199083328247,-0.09405624866485596,0.612991988658905,0.45077112317085266,-0.1331232339143753,0.562174379825592,0.4358285069465637,-0.13221687078475952,0.5270410180091858,0.4197513163089752,-0.1255243420600891,0.6658740639686584,0.4775342345237732,-0.09835734963417053,0.6106950640678406,0.4798324406147003,-0.12615875899791718,0.5697088241577148,0.46610361337661743,-0.12056317925453186,0.541987419128418,0.4527878165245056,-0.1119115874171257,Left,0.9971567988395691
3600,83,1,0.2950320243835449,0.3484274744987488,-2.2075414563005324e-07,0.28598788380622864,0.34855711460113525,-0.04598432779312134,0.29213380813598633,0.3667192757129669,-0.07377833127975464,0.3213963508605957,0.38646113872528076,-0.09240447729825974,0.35757970809936523,0.4015076160430908,-0.11170274019241333,0.315414696931839,0.4284549057483673,-0.08053136616945267,0.3682378828525543,0.43849605321884155,-0.10972343385219574,0.40927186608314514,0.43219637870788574,-0.12594467401504517,0.44442057609558105,0.4257141947746277,-0.1360098272562027,0.32973918318748474,0.45078325271606445,-0.0672941729426384,0.39268478751182556,0.4478257894515991,-0.10037849098443985,0.4390331506729126,0.42995476722717285,-0.11814683675765991,0.4760230481624603,0.41435375809669495,-0.12961481511592865,0.3430994749069214,0.4585438370704651,-0.054263319820165634,0.3950008749961853,0.45590782165527344,-0.08460872620344162,0.4132128953933716,0.43445098400115967,-0.0943906232714653,0.4239734709262848,0.4129287898540497,-0.09846457839012146,0.35489603877067566,0.4552157521247864,-0.043417565524578094,0.3912607431411743,0.4493101239204407,-0.06799085438251495,0.40056511759757996,0.4300559163093567,-0.07442471385002136,0.4036007821559906,0.41403335332870483,-0.07644644379615784,Right,0.7735902070999146
3657,84,0,0.7119188904762268,0.39854568243026733,7.076394012983656e-07,0.6885150671005249,0.33799436688423157,-0.04004084691405296,0.6416938900947571,0.31596094369888306,-0.0722585916519165,0.6007728576660156,0.3223786950111389,-0.09259007126092911,0.5695582032203674,0.3390553295612335,-0.11330948024988174,0.6944053769111633,0.34450405836105347,-0.13349932432174683,0.6272873282432556,0.34850454330444336,-0.17787045240402222,0.5804606080055237,0.3460000157356262,-0.19370269775390625,0.5422929525375366,0.3436136543750763,-0.20052513480186462,0.6944640278816223,0.4030334949493408,-0.12477729469537735,0.617490828037262,0.4023537337779999,-0.17101652920246124,0.5610738396644592,0.3949660360813141,-0.18361949920654297,0.5203856825828552,0.38671690225601196,-0.19080783426761627,0.6829411387443542,0.4482450783252716,-0.11279420554637909,0.6063703894615173,0.44703248143196106,-0.14851856231689453,0.5541605949401855,0.4368385076522827,-0.15938226878643036,0.516038179397583,0.4262741506099701,-0.1649019420146942,0.6649674773216248,0.480187326669693,-0.10135132074356079,0.6048665642738342,0.4739462733268738,-0.12626118957996368,0.5668849945068359,0.46187734603881836,-0.13700734078884125,0.5358015894889832,0.45024922490119934,-0.14427916705608368,Left,0.9783756136894226
3657,84,1,0.3143925666809082,0.36210352182388306,1.327553604824061e-07,0.29551011323928833,0.35634782910346985,-0.06682360917329788,0.293752521276474,0.3722127079963684,-0.10931231826543808,0.3205302059650421,0.38669294118881226,-0.1360144168138504,0.35553988814353943,0.4015936255455017,-0.1622937172651291,0.3160302937030792,0.42568907141685486,-0.13174639642238617,0.3580743074417114,0.4424581527709961,-0.1743600070476532,0.39692845940589905,0.4451797604560852,-0.19665011763572693,0.43034645915031433,0.4403541386127472,-0.21077528595924377,0.3368440568447113,0.4483318030834198,-0.1084708720445633,0.3865967392921448,0.44743311405181885,-0.1606641262769699,0.43048813939094543,0.43793582916259766,-0.18449604511260986,0.4664550721645355,0.4298785924911499,-0.19957700371742249,0.35372865200042725,0.4527292251586914,-0.08360789716243744,0.3956211805343628,0.4389491379261017,-0.12147592753171921,0.3913344442844391,0.40812864899635315,-0.12063878029584885,0.38081175088882446,0.38340064883232117,-0.1170102208852768,0.3698449730873108,0.4446033537387848,-0.06278015673160553,0.3999481797218323,0.42896878719329834,-0.0907994732260704,0.39495062828063965,0.4049835801124573,-0.09201641380786896,0.384050190448761,0.38913315534591675,-0.08983594924211502,Right,0.9214104413986206
3698,85,0,0.7163499593734741,0.39948078989982605,6.579949172191846e-07,0.6942344307899475,0.3392026722431183,-0.039445288479328156,0.6473135948181152,0.31425851583480835,-0.07121852785348892,0.6061360836029053,0.3172353506088257,-0.09152693301439285,0.5763588547706604,0.3332563042640686,-0.11299499124288559,0.6944332122802734,0.34750673174858093,-0.1296069324016571,0.6298545002937317,0.3503683805465698,-0.17169858515262604,0.5835021734237671,0.3475567698478699,-0.18742333352565765,0.5452654957771301,0.3457755446434021,-0.19446887075901031,0.6963513493537903,0.4042108952999115,-0.12136253714561462,0.6193476319313049,0.40039336681365967,-0.16351212561130524,0.5629169344902039,0.3927466869354248,-0.1754935383796692,0.5222041010856628,0.38536694645881653,-0.1829300969839096,0.6863042712211609,0.44942575693130493,-0.1099870577454567,0.608411431312561,0.4465178847312927,-0.14362305402755737,0.5554670095443726,0.4384356141090393,-0.15499013662338257,0.516474187374115,0.43008556962013245,-0.1612558811903,0.669979453086853,0.48292356729507446,-0.09907973557710648,0.6072572469711304,0.47675877809524536,-0.12363613396883011,0.5689376592636108,0.4656957983970642,-0.13439907133579254,0.5394265055656433,0.45327508449554443,-0.14176657795906067,Left,0.9739090800285339
3740,86,0,0.720714807510376,0.4005473852157593,7.115373819033266e-07,0.6964577436447144,0.33839863538742065,-0.04797156900167465,0.652587354183197,0.31541141867637634,-0.08784186840057373,0.613037109375,0.3166202902793884,-0.11356764286756516,0.5810238718986511,0.3276485800743103,-0.14024364948272705,0.6955035924911499,0.3490369915962219,-0.15348485112190247,0.6349801421165466,0.35353007912635803,-0.2045574188232422,0.5884503126144409,0.35219720005989075,-0.2262001484632492,0.5488218665122986,0.350876122713089,-0.23739168047904968,0.6965453624725342,0.40702423453330994,-0.14256933331489563,0.6227139234542847,0.4086619019508362,-0.19637151062488556,0.5655138492584229,0.4023467004299164,-0.21552348136901855,0.5228310823440552,0.3953343629837036,-0.22797229886054993,0.6848968267440796,0.45253199338912964,-0.1277250200510025,0.6119046211242676,0.4535764455795288,-0.17029139399528503,0.5584215521812439,0.44362324476242065,-0.18644031882286072,0.5181921124458313,0.43175163865089417,-0.1957092583179474,0.6675412058830261,0.48487624526023865,-0.11342310160398483,0.6091862916946411,0.4790565073490143,-0.14314444363117218,0.5722602605819702,0.46765053272247314,-0.15710052847862244,0.5423779487609863,0.45386770367622375,-0.16703327000141144,Left,0.9604073166847229
3740,86,1,0.29237428307533264,0.35256922245025635,-3.0243998594414734e-07,0.29587578773498535,0.351675420999527,-0.032373204827308655,0.30946600437164307,0.3634325861930847,-0.05524884909391403,0.3351266384124756,0.37860578298568726,-0.07084888964891434,0.3662245273590088,0.3946473002433777,-0.08581916987895966,0.30423468351364136,0.41017213463783264,-0.07352521270513535,0.3475514054298401,0.41597655415534973,-0.09554293751716614,0.37211188673973083,0.40369555354118347,-0.10249993205070496,0.39249008893966675,0.393474817276001,-0.1069307029247284,0.30989107489585876,0.4364567995071411,-0.06720193475484848,0.3765947222709656,0.440300315618515,-0.09308285266160965,0.4183002710342407,0.42793071269989014,-0.10549440234899521,0.45308294892311096,0.41776683926582336,-0.11565837264060974,0.32141250371932983,0.4508713185787201,-0.06023018807172775,0.38382014632225037,0.46418851613998413,-0.08819576352834702,0.4275776743888855,0.4534895718097687,-0.1022816151380539,0.4645881950855255,0.4376910626888275,-0.11131144315004349,0.3337319791316986,0.4545280635356903,-0.05347574129700661,0.3752604126930237,0.46587762236595154,-0.07859750837087631,0.40377628803253174,0.4600694179534912,-0.09078610688447952,0.43052196502685547,0.4520973265171051,-0.09882664680480957,Right,0.9415006041526794
3795,87,0,0.7248180508613586,0.4005955457687378,6.796498155381414e-07,0.7024339437484741,0.3404169976711273,-0.04301602765917778,0.6565005779266357,0.3155458867549896,-0.07725732028484344,0.6145398616790771,0.3155416250228882,-0.0988553836941719,0.5826867818832397,0.3277062773704529,-0.12112866342067719,0.7001588940620422,0.3518618941307068,-0.13832581043243408,0.6365377306938171,0.35698840022087097,-0.18405088782310486,0.5900737047195435,0.3535339832305908,-0.20184989273548126,0.551775336265564,0.3500445485115051,-0.21003353595733643,0.701515257358551,0.4117031693458557,-0.1285022497177124,0.6252273321151733,0.4124354422092438,-0.1762978881597519,0.5682101845741272,0.40341120958328247,-0.19090643525123596,0.5261788368225098,0.3935298025608063,-0.199639230966568,0.6907789707183838,0.4578852653503418,-0.11543716490268707,0.6162230372428894,0.45510339736938477,-0.15346455574035645,0.5620908737182617,0.44221657514572144,-0.16748027503490448,0.521673858165741,0.4290007948875427,-0.174848735332489,0.6739992499351501,0.48998281359672546,-0.10293083637952805,0.6125560402870178,0.48062723875045776,-0.12978148460388184,0.575236439704895,0.4675596058368683,-0.14240778982639313,0.5461425185203552,0.45452889800071716,-0.15095649659633636,Left,0.9757890105247498
3795,87,1,0.3048665225505829,0.36854082345962524,1.1240660313660555e-07,0.29508164525032043,0.3508695662021637,-0.07283785939216614,0.30976226925849915,0.35968828201293945,-0.11509755253791809,0.33629724383354187,0.37508800625801086,-0.13977180421352386,0.3688250780105591,0.395548939704895,-0.16540947556495667,0.30537059903144836,0.4162473678588867,-0.14005723595619202,0.34730228781700134,0.430280476808548,-0.17885072529315948,0.3805081248283386,0.4311777949333191,-0.19798170030117035,0.4116598069667816,0.43139952421188354,-0.21088118851184845,0.3238280415534973,0.4402466118335724,-0.11641983687877655,0.38436076045036316,0.4419167935848236,-0.16097663342952728,0.42678385972976685,0.42799389362335205,-0.18460974097251892,0.4578055143356323,0.4166364371776581,-0.20233237743377686,0.34255409240722656,0.4456438720226288,-0.09194435924291611,0.39753881096839905,0.44491639733314514,-0.13489268720149994,0.4313049614429474,0.4331149160861969,-0.15557825565338135,0.45254263281822205,0.41677266359329224,-0.16877804696559906,0.36041516065597534,0.43855834007263184,-0.06983913481235504,0.39099204540252686,0.43269968032836914,-0.10709962248802185,0.39611193537712097,0.4147229492664337,-0.12260951101779938,0.3947170674800873,0.3929802477359772,-0.13240641355514526,Right,0.9587591290473938
3836,88,0,0.7245123982429504,0.39670875668525696,6.316302005870966e-07,0.7023172974586487,0.3403834402561188,-0.03485754877328873,0.6544399857521057,0.31503826379776,-0.06265246868133545,0.6116925477981567,0.3172621428966522,-0.0800076350569725,0.5807710886001587,0.3334973156452179,-0.09744061529636383,0.705548107624054,0.3483704924583435,-0.12184307724237442,0.6397302150726318,0.35867074131965637,-0.1611575037240982,0.593870997428894,0.3564506769180298,-0.17349575459957123,0.5574522614479065,0.3533289432525635,-0.17752589285373688,0.7091303467750549,0.40817874670028687,-0.11459270864725113,0.6302008628845215,0.4150344729423523,-0.15489822626113892,0.5739510655403137,0.40554457902908325,-0.16189444065093994,0.5353252291679382,0.39368847012519836,-0.16459067165851593,0.6997993588447571,0.4537515938282013,-0.10441838204860687,0.6206567883491516,0.4590788781642914,-0.13579875230789185,0.5690499544143677,0.44600898027420044,-0.14301659166812897,0.5329090356826782,0.4326462149620056,-0.14551445841789246,0.6831756234169006,0.48521098494529724,-0.09480538964271545,0.6189774870872498,0.483090877532959,-0.11634931713342667,0.5816047191619873,0.4684664011001587,-0.12401693314313889,0.553652286529541,0.45408907532691956,-0.12860701978206635,Left,0.9808780550956726
3836,88,1,0.3118644058704376,0.37238413095474243,1.61767019335457e-07,0.3044581413269043,0.3534468412399292,-0.07987057417631149,0.32283395528793335,0.36572402715682983,-0.1251227855682373,0.3525848388671875,0.3851148784160614,-0.14971372485160828,0.3877241611480713,0.4029541313648224,-0.1747206449508667,0.30915242433547974,0.41401681303977966,-0.15734033286571503,0.35258814692497253,0.43179386854171753,-0.19954657554626465,0.3918345272541046,0.43580931425094604,-0.21878424286842346,0.4258478283882141,0.4356953501701355,-0.2308826446533203,0.3281971216201782,0.44040021300315857,-0.12792451679706573,0.3884165585041046,0.4495493173599243,-0.17172782123088837,0.43451595306396484,0.4420555531978607,-0.1915787309408188,0.4660211205482483,0.43283089995384216,-0.20764271914958954,0.34957465529441833,0.45068562030792236,-0.09768872708082199,0.40388527512550354,0.45344677567481995,-0.13826212286949158,0.43646928668022156,0.44017493724823,-0.15614119172096252,0.4534349739551544,0.4214314818382263,-0.1683868169784546,0.3700767755508423,0.4474564790725708,-0.07056436687707901,0.401918888092041,0.4432692527770996,-0.10631097108125687,0.411406546831131,0.4289271831512451,-0.12296725809574127,0.41215038299560547,0.4109499156475067,-0.13441456854343414,Right,0.9570013880729675
3879,89,0,0.7271171808242798,0.394849956035614,6.693108502986433e-07,0.7024919986724854,0.3392925560474396,-0.03367746248841286,0.6546221375465393,0.3170437812805176,-0.060949184000492096,0.6120026707649231,0.3216106593608856,-0.07805705070495605,0.5808885097503662,0.33745238184928894,-0.09502755105495453,0.7090672850608826,0.3455623686313629,-0.11925533413887024,0.6408044099807739,0.3555648922920227,-0.1577959507703781,0.5942344665527344,0.3538241982460022,-0.16950027644634247,0.5582172274589539,0.3518815040588379,-0.17309413850307465,0.713811457157135,0.40531912446022034,-0.11227547377347946,0.6322834491729736,0.4150642156600952,-0.15179236233234406,0.5753985047340393,0.4057581126689911,-0.15791423618793488,0.5374481678009033,0.39401209354400635,-0.15985293686389923,0.7053900957107544,0.4509137272834778,-0.10236366838216782,0.6240125894546509,0.46056991815567017,-0.1328096240758896,0.5724579691886902,0.448743999004364,-0.1389351785182953,0.5369464159011841,0.4369049668312073,-0.14079394936561584,0.6891233921051025,0.4822690188884735,-0.09296926110982895,0.6253643035888672,0.4834892451763153,-0.11337436735630035,0.5888291001319885,0.46926629543304443,-0.11968609690666199,0.5618064999580383,0.4555395245552063,-0.12330137938261032,Left,0.9845463037490845
3879,89,1,0.3069251775741577,0.36967459321022034,2.296909329402297e-08,0.31676268577575684,0.34153831005096436,-0.07570041716098785,0.3405253291130066,0.352796733379364,-0.11898958683013916,0.3678138554096222,0.38048285245895386,-0.141544371843338,0.39603540301322937,0.40574339032173157,-0.16274480521678925,0.30842992663383484,0.3905472159385681,-0.15707270801067352,0.3476899266242981,0.40589529275894165,-0.19917941093444824,0.3831251859664917,0.4110884964466095,-0.21447229385375977,0.4161914587020874,0.4136087894439697,-0.22327138483524323,0.31699395179748535,0.4300478994846344,-0.1293044537305832,0.38171401619911194,0.4492284953594208,-0.17342877388000488,0.43070757389068604,0.4443586468696594,-0.18821746110916138,0.4654915928840637,0.4350689649581909,-0.20001590251922607,0.332579642534256,0.4549610912799835,-0.10068505257368088,0.3926452398300171,0.4685753583908081,-0.14339901506900787,0.42926713824272156,0.4516632854938507,-0.1582878828048706,0.4507741332054138,0.43045774102211,-0.1668042093515396,0.3492071330547333,0.4652671813964844,-0.07472684979438782,0.39083951711654663,0.4713742434978485,-0.11133670061826706,0.4114377200603485,0.457539826631546,-0.12776395678520203,0.4240166246891022,0.43914806842803955,-0.13828979432582855,Right,0.9821704030036926
3922,90,0,0.7254147529602051,0.39241689443588257,6.636507237089972e-07,0.7029025554656982,0.336180716753006,-0.03901642560958862,0.6568742394447327,0.31447145342826843,-0.06962388753890991,0.6127106547355652,0.3191787004470825,-0.08921623229980469,0.577336847782135,0.3281053304672241,-0.10881417989730835,0.7134977579116821,0.33333420753479004,-0.127946674823761,0.6472319960594177,0.34405970573425293,-0.17040400207042694,0.6003268361091614,0.34622523188591003,-0.18455442786216736,0.5624693036079407,0.34875035285949707,-0.19031663239002228,0.716999888420105,0.3934372365474701,-0.11964277923107147,0.6402312517166138,0.4029945731163025,-0.16345533728599548,0.5836238265037537,0.399616003036499,-0.17241261899471283,0.5435274243354797,0.39338162541389465,-0.17689573764801025,0.7078738212585449,0.4409054219722748,-0.10878745466470718,0.6330870985984802,0.4497247338294983,-0.14304834604263306,0.579856276512146,0.4427488148212433,-0.15152837336063385,0.5413831472396851,0.43462419509887695,-0.15522487461566925,0.6917030811309814,0.47605660557746887,-0.09882624447345734,0.6325739026069641,0.47823837399482727,-0.12273604422807693,0.5945385694503784,0.46788495779037476,-0.13212212920188904,0.5643538236618042,0.4573507606983185,-0.13829629123210907,Left,0.9893307685852051
3922,90,1,0.3088718056678772,0.37148189544677734,1.147504979925884e-09,0.3294478952884674,0.33112916350364685,-0.07394775748252869,0.3608182668685913,0.3309251666069031,-0.12137948721647263,0.38815805315971375,0.35085272789001465,-0.1490049958229065,0.4153774082660675,0.370896577835083,-0.17592306435108185,0.31396231055259705,0.37316030263900757,-0.1693524718284607,0.35022392868995667,0.3930291533470154,-0.21609151363372803,0.38307178020477295,0.4027324318885803,-0.2336609959602356,0.41397982835769653,0.41006219387054443,-0.24377000331878662,0.3169896602630615,0.4204421937465668,-0.14449205994606018,0.3803061544895172,0.44352686405181885,-0.19288022816181183,0.4292617440223694,0.4386439323425293,-0.20719200372695923,0.46287766098976135,0.42850571870803833,-0.2188938856124878,0.32993826270103455,0.45372167229652405,-0.11824124306440353,0.3884471654891968,0.4756407141685486,-0.16397279500961304,0.43280482292175293,0.4626292288303375,-0.18021124601364136,0.4608275890350342,0.4440026879310608,-0.19018159806728363,0.34489262104034424,0.4718393087387085,-0.09409406036138535,0.38671040534973145,0.4864434003829956,-0.13131310045719147,0.41515904664993286,0.4745602607727051,-0.14840634167194366,0.43464070558547974,0.4569909870624542,-0.16022810339927673,Right,0.9869402050971985
3964,91,0,0.7274984121322632,0.39812198281288147,5.468538120112498e-07,0.7030918598175049,0.3415316045284271,-0.037370599806308746,0.6642462611198425,0.3180288076400757,-0.0695653185248375,0.6269703507423401,0.3231644034385681,-0.09135012328624725,0.5962087512016296,0.32634639739990234,-0.1141485944390297,0.7120053172111511,0.32709890604019165,-0.12568894028663635,0.6472979187965393,0.33470767736434937,-0.16894890367984772,0.5995393395423889,0.33988767862319946,-0.1867597997188568,0.5603291392326355,0.3449467420578003,-0.1956716924905777,0.7172569632530212,0.38444390892982483,-0.11953912675380707,0.6450506448745728,0.3895033895969391,-0.16443340480327606,0.5866491794586182,0.3909439146518707,-0.17812322080135345,0.5440568923950195,0.38931986689567566,-0.18692801892757416,0.7101117372512817,0.43321493268013,-0.11084496974945068,0.6411546468734741,0.43907561898231506,-0.1462472528219223,0.5853358507156372,0.43468329310417175,-0.15736520290374756,0.5450887084007263,0.4258766174316406,-0.16274888813495636,0.6950293183326721,0.4724290370941162,-0.10267194360494614,0.6375518441200256,0.47359001636505127,-0.12847457826137543,0.5962449312210083,0.4651397168636322,-0.13964292407035828,0.5648548603057861,0.4525826871395111,-0.14692914485931396,Left,0.9987082481384277
3964,91,1,0.30448833107948303,0.37073153257369995,-1.2605912047547463e-07,0.3272460699081421,0.32907530665397644,-0.06513090431690216,0.3617219626903534,0.3215181827545166,-0.10828447341918945,0.3938446044921875,0.33631742000579834,-0.13577412068843842,0.42263922095298767,0.3548194468021393,-0.16241224110126495,0.3111479580402374,0.3749355971813202,-0.14341139793395996,0.35382822155952454,0.3958599865436554,-0.18900561332702637,0.39060506224632263,0.40140500664711,-0.20882989466190338,0.4236762523651123,0.4037865400314331,-0.22002051770687103,0.31634342670440674,0.42280539870262146,-0.12292367964982986,0.38143765926361084,0.44267088174819946,-0.16757681965827942,0.43048977851867676,0.4361902177333832,-0.181735098361969,0.46542835235595703,0.4266608655452728,-0.19272513687610626,0.33070334792137146,0.45582231879234314,-0.1023174598813057,0.3881182074546814,0.4766004681587219,-0.14504386484622955,0.43345391750335693,0.4644249379634857,-0.1612103134393692,0.46526038646698,0.4472913146018982,-0.1708659529685974,0.34781450033187866,0.47403502464294434,-0.08376758545637131,0.39054322242736816,0.4878312349319458,-0.1189727932214737,0.4195719063282013,0.4756985902786255,-0.13564053177833557,0.44118016958236694,0.45971018075942993,-0.14662781357765198,Right,0.9928489923477173
4007,92,0,0.7091490626335144,0.38355958461761475,2.120371647151842e-07,0.6856322884559631,0.33076825737953186,-0.034578487277030945,0.6563825607299805,0.31124016642570496,-0.06804534047842026,0.6190773844718933,0.3298746347427368,-0.09297718852758408,0.5936791896820068,0.34560078382492065,-0.12104377150535583,0.7129173874855042,0.3202037811279297,-0.11409972608089447,0.6480748653411865,0.3306737542152405,-0.15205438435077667,0.5989460349082947,0.3353383541107178,-0.17292995750904083,0.5624727606773376,0.3394639194011688,-0.1863025724887848,0.7234353423118591,0.3801336884498596,-0.11167299747467041,0.647642970085144,0.3933677077293396,-0.15261441469192505,0.5877510905265808,0.3901267647743225,-0.17149369418621063,0.5465755462646484,0.38657346367836,-0.18761926889419556,0.7175869345664978,0.4275360107421875,-0.10638922452926636,0.6446453928947449,0.4414956271648407,-0.13995856046676636,0.5873247385025024,0.43188944458961487,-0.15253400802612305,0.5499265193939209,0.4247530698776245,-0.16160495579242706,0.7010399103164673,0.46407729387283325,-0.10163707286119461,0.6404016017913818,0.47288328409194946,-0.12686000764369965,0.5985180139541626,0.46035251021385193,-0.13670074939727783,0.5722357630729675,0.44874879717826843,-0.14505310356616974,Left,0.9984942674636841
4007,92,1,0.310748428106308,0.36953142285346985,-1.4724442110036762e-07,0.33282437920570374,0.326840341091156,-0.0653001219034195,0.3666267991065979,0.3172326385974884,-0.10818547755479813,0.3969118297100067,0.3331431448459625,-0.13566111028194427,0.4227088689804077,0.3577875792980194,-0.16221323609352112,0.31126585602760315,0.3749244213104248,-0.14050263166427612,0.35457903146743774,0.3946073055267334,-0.18665826320648193,0.3929952085018158,0.39727911353111267,-0.20786286890506744,0.42713624238967896,0.39605069160461426,-0.21977658569812775,0.3168524503707886,0.4229063391685486,-0.12024619430303574,0.3817230463027954,0.4427667558193207,-0.16332034766674042,0.4301518201828003,0.4356873035430908,-0.17732587456703186,0.4653650224208832,0.4245910048484802,-0.18828806281089783,0.33197110891342163,0.45545729994773865,-0.1003117486834526,0.3908398449420929,0.47632089257240295,-0.14214667677879333,0.43578940629959106,0.4633743464946747,-0.15777456760406494,0.46808621287345886,0.4450365900993347,-0.16706715524196625,0.35053977370262146,0.47285014390945435,-0.08255831897258759,0.3956436812877655,0.48554766178131104,-0.11751656234264374,0.42480170726776123,0.4720262587070465,-0.13345365226268768,0.4460594058036804,0.45417964458465576,-0.14376097917556763,Right,0.9927331805229187
4049,93,0,0.7202082872390747,0.38365933299064636,-3.128551213649189e-07,0.6951627135276794,0.33516979217529297,-0.028426095843315125,0.6545102000236511,0.3120361566543579,-0.06207289174199104,0.6090349555015564,0.3277733325958252,-0.0932769924402237,0.5746352076530457,0.34638306498527527,-0.12744511663913727,0.71088045835495,0.3081657588481903,-0.08217378705739975,0.651050865650177,0.31690096855163574,-0.1252652406692505,0.6100505590438843,0.32814690470695496,-0.15414340794086456,0.5732155442237854,0.3358074426651001,-0.1697784960269928,0.7164966464042664,0.3668263554573059,-0.08788586407899857,0.6498291492462158,0.38364267349243164,-0.12789107859134674,0.5952123999595642,0.3894990384578705,-0.14256606996059418,0.5532830357551575,0.38796359300613403,-0.15065018832683563,0.7109963297843933,0.4216059744358063,-0.09321866184473038,0.6461864709854126,0.43771496415138245,-0.12970183789730072,0.5948196649551392,0.4344484210014343,-0.13104869425296783,0.5564334988594055,0.4251338243484497,-0.12730661034584045,0.6966574192047119,0.4640067219734192,-0.10026495158672333,0.6433336138725281,0.47431671619415283,-0.12566576898097992,0.6031807661056519,0.46573197841644287,-0.1214345395565033,0.5740481019020081,0.4524479806423187,-0.11516022682189941,Left,0.9996196627616882
4049,93,1,0.30823206901550293,0.3664560317993164,-1.4655007873898285e-07,0.33448976278305054,0.32482290267944336,-0.06640633940696716,0.3722245395183563,0.3143147826194763,-0.11247068643569946,0.40421316027641296,0.3269262909889221,-0.14292679727077484,0.43388593196868896,0.35029441118240356,-0.1722436547279358,0.31496936082839966,0.3694039583206177,-0.14691366255283356,0.3548906445503235,0.3937686085700989,-0.1972571164369583,0.39313605427742004,0.39963188767433167,-0.22013644874095917,0.4269694685935974,0.39893457293510437,-0.23247404396533966,0.31901776790618896,0.41860973834991455,-0.12694337964057922,0.3823990523815155,0.4423166811466217,-0.17500433325767517,0.43223971128463745,0.4364742338657379,-0.19096384942531586,0.4670235514640808,0.42533668875694275,-0.20316645503044128,0.33298659324645996,0.4532071650028229,-0.10721618682146072,0.38842085003852844,0.4775536060333252,-0.15334133803844452,0.43460237979888916,0.46387147903442383,-0.17043143510818481,0.46679002046585083,0.4454626441001892,-0.18037527799606323,0.3493174910545349,0.47295188903808594,-0.0894353985786438,0.3951127529144287,0.4860839247703552,-0.12822023034095764,0.4255754351615906,0.4715617597103119,-0.14580553770065308,0.4487997591495514,0.4544045329093933,-0.15694372355937958,Right,0.9926372766494751
4092,94,0,0.7174032330513,0.3787609338760376,2.945538035703521e-08,0.6988762617111206,0.3224306106567383,-0.03506076708436012,0.6719695329666138,0.2973993420600891,-0.0692061185836792,0.6339409947395325,0.3137316405773163,-0.09550599008798599,0.6057335138320923,0.3447880744934082,-0.12589465081691742,0.7175030708312988,0.3197198510169983,-0.1161794438958168,0.6524615287780762,0.3307494521141052,-0.15275348722934723,0.6073465347290039,0.3321393132209778,-0.17174316942691803,0.5706097483634949,0.336233526468277,-0.18497733771800995,0.7261916995048523,0.37508079409599304,-0.11584338545799255,0.6476083397865295,0.39040565490722656,-0.1547529101371765,0.5927507877349854,0.38800814747810364,-0.17350348830223083,0.5511120557785034,0.38685837388038635,-0.19198010861873627,0.7222729921340942,0.4215065836906433,-0.11257874965667725,0.6469081044197083,0.43871957063674927,-0.1469963788986206,0.5949926376342773,0.4282912611961365,-0.16161490976810455,0.5602273941040039,0.4220046103000641,-0.1742801070213318,0.7089383006095886,0.4582369327545166,-0.10974451154470444,0.6535102725028992,0.46871212124824524,-0.13726632297039032,0.6186896562576294,0.4565966725349426,-0.14865882694721222,0.5938830971717834,0.4475516080856323,-0.15997055172920227,Left,0.9660564064979553
4092,94,1,0.3114815354347229,0.36909687519073486,-1.9357545966158796e-07,0.33434826135635376,0.32804590463638306,-0.0573103241622448,0.3694756329059601,0.31285813450813293,-0.09635721147060394,0.4026508629322052,0.3272837698459625,-0.12179271876811981,0.43035030364990234,0.3533218502998352,-0.14543771743774414,0.3147619366645813,0.3716762065887451,-0.1257259100675583,0.3585796356201172,0.39336004853248596,-0.1695210486650467,0.3978801369667053,0.39448416233062744,-0.18941457569599152,0.4314367175102234,0.39066994190216064,-0.19996267557144165,0.3198274075984955,0.42095398902893066,-0.1085304319858551,0.3804440200328827,0.441774845123291,-0.1474160999059677,0.428628146648407,0.437158465385437,-0.1579436957836151,0.46288180351257324,0.4249960780143738,-0.16655541956424713,0.3341679871082306,0.4533447325229645,-0.09179940074682236,0.3888866603374481,0.4739189147949219,-0.12977856397628784,0.43356063961982727,0.4633515775203705,-0.14052659273147583,0.4663705825805664,0.44769802689552307,-0.1466267704963684,0.35176390409469604,0.4705885946750641,-0.07694824039936066,0.3968639671802521,0.4829539358615875,-0.10856036096811295,0.4269194006919861,0.46959516406059265,-0.11994809657335281,0.45004555583000183,0.45262759923934937,-0.12669070065021515,Right,0.9954596161842346
4136,95,0,0.7223038077354431,0.37867432832717896,-3.62146721499812e-07,0.7006450891494751,0.33255335688591003,-0.029519496485590935,0.665803074836731,0.3100464344024658,-0.05980953201651573,0.6239326596260071,0.3216376006603241,-0.08769842982292175,0.5882907509803772,0.33315691351890564,-0.11878206580877304,0.7154941558837891,0.3076317012310028,-0.07567387819290161,0.6529240608215332,0.3188663423061371,-0.11739466339349747,0.6126542091369629,0.3318248987197876,-0.1454247534275055,0.5778339505195618,0.336948424577713,-0.16036906838417053,0.7216516733169556,0.36546987295150757,-0.08056800812482834,0.6520506739616394,0.37969398498535156,-0.11996506154537201,0.5989238023757935,0.3877774477005005,-0.13613110780715942,0.5599604249000549,0.3841276466846466,-0.14527344703674316,0.7172468900680542,0.41900503635406494,-0.08578715473413467,0.6500290036201477,0.433881014585495,-0.12206137180328369,0.6009911894798279,0.43335700035095215,-0.12677989900112152,0.5658587217330933,0.4262128174304962,-0.1252799779176712,0.7040483951568604,0.46027910709381104,-0.0928662046790123,0.6507609486579895,0.4718553125858307,-0.11695928871631622,0.6124745607376099,0.4651203751564026,-0.11472401767969131,0.5845108032226562,0.45346373319625854,-0.11048644781112671,Left,0.9961347579956055
4136,95,1,0.3111270070075989,0.3679727613925934,-1.8876403373724315e-07,0.33529630303382874,0.3279566764831543,-0.05834894999861717,0.37148064374923706,0.3155387341976166,-0.09864974021911621,0.40456148982048035,0.33045679330825806,-0.12491658329963684,0.4326334297657013,0.35563427209854126,-0.14945107698440552,0.31601646542549133,0.36780864000320435,-0.12971588969230652,0.36069074273109436,0.3909643292427063,-0.17493729293346405,0.3994617462158203,0.3942874073982239,-0.1950596272945404,0.43233954906463623,0.391902357339859,-0.20545010268688202,0.3194449841976166,0.4167669713497162,-0.11186323314905167,0.38029050827026367,0.4369572103023529,-0.1526610553264618,0.4263758361339569,0.4326225817203522,-0.16323338449001312,0.45849332213401794,0.4209210276603699,-0.17160668969154358,0.33283501863479614,0.4497106373310089,-0.0944165363907814,0.3885614275932312,0.4701049327850342,-0.1340634822845459,0.4337213933467865,0.460592657327652,-0.14526088535785675,0.46694862842559814,0.44622930884361267,-0.15144971013069153,0.3494623899459839,0.4687198996543884,-0.07870041579008102,0.3957093060016632,0.4816121757030487,-0.11132553219795227,0.4263606667518616,0.4693271517753601,-0.12325015664100647,0.45037606358528137,0.45373842120170593,-0.13032962381839752,Right,0.9961900115013123
4180,96,0,0.716449499130249,0.3738143742084503,-3.785844171488861e-08,0.7009575963020325,0.3237287998199463,-0.03435942158102989,0.670470118522644,0.301561564207077,-0.0656617134809494,0.628701388835907,0.3163289427757263,-0.0892457664012909,0.5948106646537781,0.34171926975250244,-0.11678487807512283,0.7240475416183472,0.32682716846466064,-0.1061398833990097,0.6580269932746887,0.33690059185028076,-0.13695167005062103,0.6115445494651794,0.3384447395801544,-0.15136244893074036,0.5738798975944519,0.3440207540988922,-0.16106797754764557,0.7277339100837708,0.38323795795440674,-0.10347377508878708,0.6464078426361084,0.3939824402332306,-0.13702702522277832,0.5925344824790955,0.39257651567459106,-0.15095755457878113,0.5525907278060913,0.3910486102104187,-0.16559763252735138,0.718779981136322,0.4284400939941406,-0.09816956520080566,0.6411380171775818,0.44040220975875854,-0.1272391974925995,0.5931758880615234,0.42748910188674927,-0.13603302836418152,0.5620215535163879,0.42025959491729736,-0.14442647993564606,0.7019415497779846,0.4615325927734375,-0.09357493370771408,0.6445971131324768,0.46466219425201416,-0.11630924791097641,0.6116440296173096,0.44855228066444397,-0.12289587408304214,0.5893046259880066,0.4366019070148468,-0.1303749829530716,Left,0.9517472982406616
4180,96,1,0.31195634603500366,0.36769899725914,-1.7144515140898875e-07,0.3366244435310364,0.326558381319046,-0.061136551201343536,0.371690571308136,0.315377414226532,-0.10323955118656158,0.40281423926353455,0.3301945924758911,-0.13038086891174316,0.4301823079586029,0.3539898693561554,-0.15594209730625153,0.3164594769477844,0.3659731447696686,-0.1389358639717102,0.3616526126861572,0.389487624168396,-0.18611523509025574,0.4013475477695465,0.3925141394138336,-0.20660185813903809,0.4347396194934845,0.38824987411499023,-0.2170267552137375,0.3191664218902588,0.4155430197715759,-0.1198418140411377,0.3773713707923889,0.43729519844055176,-0.16348205506801605,0.4243316650390625,0.4331815242767334,-0.17527608573436737,0.45711085200309753,0.42003196477890015,-0.18442195653915405,0.33220717310905457,0.44967833161354065,-0.10086715221405029,0.38630029559135437,0.4705827236175537,-0.14263224601745605,0.4324301779270172,0.4605228304862976,-0.15605853497982025,0.46536320447921753,0.44392237067222595,-0.16377992928028107,0.3486916124820709,0.4699555039405823,-0.08363639563322067,0.39386481046676636,0.482574999332428,-0.118014395236969,0.42526841163635254,0.4696764051914215,-0.13232876360416412,0.4496902525424957,0.45220133662223816,-0.14134177565574646,Right,0.9940878748893738
4223,97,0,0.7099789977073669,0.3848699927330017,-1.990457221268116e-08,0.6944360136985779,0.33107492327690125,-0.036660414189100266,0.6684425473213196,0.29615509510040283,-0.0735454261302948,0.6261462569236755,0.31118595600128174,-0.10550950467586517,0.5970852375030518,0.34429895877838135,-0.13821938633918762,0.7232558727264404,0.33245640993118286,-0.08778293430805206,0.6637049317359924,0.34788334369659424,-0.12772198021411896,0.6183481216430664,0.357393741607666,-0.1520930677652359,0.5823639631271362,0.36135634779930115,-0.16602106392383575,0.7267632484436035,0.39286309480667114,-0.08540436625480652,0.6592770218849182,0.4095933139324188,-0.12207325547933578,0.6065953969955444,0.4055109918117523,-0.13473966717720032,0.5678426027297974,0.396041601896286,-0.14212998747825623,0.7171424031257629,0.44079655408859253,-0.08283605426549911,0.6491954326629639,0.4492632746696472,-0.11669664829969406,0.6008365750312805,0.43939927220344543,-0.11698836833238602,0.5683047771453857,0.42433226108551025,-0.11354537308216095,0.7002935409545898,0.47625482082366943,-0.08262690901756287,0.6450902223587036,0.47602275013923645,-0.10610885918140411,0.6097465753555298,0.4585078954696655,-0.10309603065252304,0.5864221453666687,0.44124704599380493,-0.0983244776725769,Left,0.9995863437652588
4223,97,1,0.3091526925563812,0.36567777395248413,-1.5386048346499592e-07,0.33469587564468384,0.3262469470500946,-0.06085371971130371,0.3698253035545349,0.31659892201423645,-0.10292316228151321,0.4004511833190918,0.3334271311759949,-0.12972185015678406,0.42720332741737366,0.35836049914360046,-0.1543668806552887,0.3149050772190094,0.36386579275131226,-0.14025217294692993,0.35964319109916687,0.3886910378932953,-0.1868186593055725,0.399249792098999,0.3922703266143799,-0.20510521531105042,0.43197548389434814,0.38930121064186096,-0.21374788880348206,0.3161278963088989,0.4142340123653412,-0.12100116908550262,0.3746300935745239,0.4389716386795044,-0.1653052419424057,0.42375990748405457,0.4364277422428131,-0.17455637454986572,0.45762842893600464,0.42355072498321533,-0.181011363863945,0.3277606666088104,0.4482724666595459,-0.1017572432756424,0.3823907673358917,0.471339613199234,-0.14400339126586914,0.42964816093444824,0.4627586305141449,-0.15428292751312256,0.4630057215690613,0.44772008061408997,-0.15898412466049194,0.34316954016685486,0.46783381700515747,-0.08422815799713135,0.38806864619255066,0.4830412268638611,-0.11845846474170685,0.4201775789260864,0.4711543321609497,-0.130661740899086,0.4447183907032013,0.45465683937072754,-0.1374930590391159,Right,0.9960673451423645
4267,98,0,0.7233994007110596,0.38387614488601685,-1.5539436049039068e-07,0.7066041827201843,0.3337586224079132,-0.03653285279870033,0.6769224405288696,0.3014802932739258,-0.07364552468061447,0.6332021951675415,0.31963905692100525,-0.10647409409284592,0.6059706211090088,0.35686469078063965,-0.14000371098518372,0.7383812069892883,0.3502124547958374,-0.08495920151472092,0.6835879683494568,0.3615967035293579,-0.12507209181785583,0.6417831182479858,0.3646259903907776,-0.15205174684524536,0.6088447570800781,0.3615294098854065,-0.1672215610742569,0.7391998767852783,0.4074988067150116,-0.08239374309778214,0.6725704669952393,0.41727301478385925,-0.11755692958831787,0.6218254566192627,0.4083487391471863,-0.13063673675060272,0.5841372609138489,0.3982527554035187,-0.13808852434158325,0.7284522652626038,0.44975048303604126,-0.0799335241317749,0.6592084169387817,0.4564604163169861,-0.11053326725959778,0.6136106848716736,0.44363853335380554,-0.11015833914279938,0.5813086628913879,0.4289042055606842,-0.10595481842756271,0.7108388543128967,0.47737160325050354,-0.08013354241847992,0.6588736772537231,0.4770699739456177,-0.10080541670322418,0.6254736185073853,0.4627925753593445,-0.09713385999202728,0.6021126508712769,0.44833770394325256,-0.09163467586040497,Left,0.995207667350769
4267,98,1,0.29172369837760925,0.35855159163475037,-2.1608283873320033e-07,0.31565186381340027,0.3257085680961609,-0.05104054510593414,0.35152316093444824,0.31383293867111206,-0.08790595084428787,0.3860878646373749,0.3249683380126953,-0.11238180100917816,0.41327139735221863,0.3430057168006897,-0.13533906638622284,0.30505335330963135,0.3676742613315582,-0.11903824657201767,0.3471738398075104,0.38818538188934326,-0.15968795120716095,0.38203200697898865,0.3931811451911926,-0.1772686094045639,0.41360771656036377,0.39247435331344604,-0.1865088939666748,0.3067055344581604,0.4155964255332947,-0.10403420776128769,0.3621804714202881,0.43826887011528015,-0.1408851593732834,0.407998263835907,0.43721264600753784,-0.14887361228466034,0.4415884017944336,0.42710745334625244,-0.15544745326042175,0.31703466176986694,0.4481273889541626,-0.08910549432039261,0.36769020557403564,0.47189921140670776,-0.12456485629081726,0.4099258780479431,0.46631473302841187,-0.1343003511428833,0.441167414188385,0.45328670740127563,-0.13985146582126617,0.33039337396621704,0.4663756191730499,-0.07567095756530762,0.3718133866786957,0.4813890755176544,-0.10407179594039917,0.402481347322464,0.4729019105434418,-0.11449571698904037,0.4267215132713318,0.4598269760608673,-0.12100204825401306,Right,0.9974973797798157
4311,99,0,0.7350393533706665,0.37900546193122864,7.660976564238808e-08,0.7284528017044067,0.3325873017311096,-0.035844530910253525,0.7141668200492859,0.30791157484054565,-0.06831290572881699,0.677334189414978,0.3160591721534729,-0.09483014792203903,0.6459957361221313,0.3430591821670532,-0.12094013392925262,0.7654451727867126,0.3529447019100189,-0.08303258568048477,0.7120152115821838,0.3603827953338623,-0.1188955307006836,0.6650298237800598,0.36229613423347473,-0.13692936301231384,0.6293239593505859,0.3624526560306549,-0.14660345017910004,0.7675319910049438,0.4094272255897522,-0.0785302221775055,0.702300488948822,0.4190286695957184,-0.1110224723815918,0.6477128863334656,0.40890735387802124,-0.11898569762706757,0.6095719933509827,0.39733439683914185,-0.12255970388650894,0.7573308348655701,0.4509952962398529,-0.0741167664527893,0.690388560295105,0.45382416248321533,-0.1075722798705101,0.6379057765007019,0.4387429654598236,-0.10797963291406631,0.6034454703330994,0.4230046570301056,-0.10335452854633331,0.7390279769897461,0.47966277599334717,-0.07180479913949966,0.6829223036766052,0.47297969460487366,-0.098650261759758,0.6455457210540771,0.4548241198062897,-0.09968264400959015,0.6210663318634033,0.4389974772930145,-0.09610678255558014,Left,0.9951608180999756
4311,99,1,0.2778785228729248,0.356525719165802,-2.0330550398739433e-07,0.29772821068763733,0.31872233748435974,-0.05808023363351822,0.32992425560951233,0.3124634027481079,-0.09715204685926437,0.3604139983654022,0.33287376165390015,-0.1215154379606247,0.3839320242404938,0.36261704564094543,-0.14435657858848572,0.27037906646728516,0.3646206259727478,-0.13350287079811096,0.30422917008399963,0.38882914185523987,-0.17539244890213013,0.3382405638694763,0.3951989412307739,-0.19264774024486542,0.3700960874557495,0.3957120478153229,-0.2027166485786438,0.27636873722076416,0.4117659628391266,-0.1166784018278122,0.3255523443222046,0.4424736201763153,-0.15893258154392242,0.37105593085289,0.44047656655311584,-0.1706790179014206,0.40528514981269836,0.4294184744358063,-0.17948018014431,0.2906513810157776,0.44619524478912354,-0.09939496219158173,0.33731698989868164,0.4714300334453583,-0.13966070115566254,0.38128799200057983,0.4646643102169037,-0.15215590596199036,0.415042906999588,0.45079532265663147,-0.15909281373023987,0.30764123797416687,0.46720510721206665,-0.08378910273313522,0.34813058376312256,0.4795251488685608,-0.11699924618005753,0.3799484968185425,0.4701879918575287,-0.1303657591342926,0.4056931138038635,0.45649105310440063,-0.13867951929569244,Right,0.9836076498031616
4356,100,0,0.7535698413848877,0.3719165623188019,8.47941024062493e-08,0.7365766763687134,0.32725590467453003,-0.05173520743846893,0.7207090854644775,0.29794299602508545,-0.09239765256643295,0.6865895390510559,0.31299328804016113,-0.12350205332040787,0.665071964263916,0.3529132902622223,-0.15335579216480255,0.7928969264030457,0.3431357145309448,-0.10862501710653305,0.7491894960403442,0.35394009947776794,-0.15052098035812378,0.7033084630966187,0.3597261607646942,-0.17068473994731903,0.6649639010429382,0.35763034224510193,-0.18190757930278778,0.7970013618469238,0.4018734395503998,-0.10016506165266037,0.7375713586807251,0.4183426797389984,-0.14206483960151672,0.6797161102294922,0.40960556268692017,-0.1564338654279709,0.640297532081604,0.39775702357292175,-0.1648642122745514,0.7852354049682617,0.44569161534309387,-0.09204226732254028,0.7222180962562561,0.4564072787761688,-0.13507191836833954,0.6679261922836304,0.44564059376716614,-0.14162631332874298,0.6322371959686279,0.42874035239219666,-0.14186175167560577,0.7634060978889465,0.47514256834983826,-0.08642807602882385,0.7094247937202454,0.4776436686515808,-0.124508336186409,0.6681864857673645,0.46006202697753906,-0.1317693144083023,0.6415128707885742,0.442735493183136,-0.1327463537454605,Left,0.9990374445915222
4356,100,1,0.26460495591163635,0.3721872866153717,-1.770315662952271e-07,0.2591628134250641,0.328355610370636,-0.06926316022872925,0.2749963700771332,0.32423675060272217,-0.11377240717411041,0.3058227002620697,0.3422279953956604,-0.14348076283931732,0.32465657591819763,0.3720715343952179,-0.17265702784061432,0.22843298316001892,0.38619568943977356,-0.137301966547966,0.24717631936073303,0.39955657720565796,-0.18381425738334656,0.27703410387039185,0.3989083468914032,-0.20637984573841095,0.3073213994503021,0.3974767327308655,-0.22073175013065338,0.2461404651403427,0.4329737722873688,-0.11918006092309952,0.28003817796707153,0.4538182020187378,-0.16534005105495453,0.3229621946811676,0.44241780042648315,-0.1835532784461975,0.35526612401008606,0.4281884431838989,-0.19745531678199768,0.2698974907398224,0.46228477358818054,-0.10261329263448715,0.3039054870605469,0.484554260969162,-0.14769068360328674,0.34309902787208557,0.4679361879825592,-0.16585256159305573,0.37187907099723816,0.44579505920410156,-0.17739327251911163,0.29469242691993713,0.4735778570175171,-0.08861345797777176,0.32654276490211487,0.4848976731300354,-0.1286466270685196,0.35567566752433777,0.4679161012172699,-0.14671114087104797,0.3779287338256836,0.4498369097709656,-0.15843091905117035,Right,0.9857058525085449
4399,101,0,0.7727510333061218,0.3775521218776703,-2.765026607676191e-08,0.7551766037940979,0.33056044578552246,-0.045034050941467285,0.7332509756088257,0.29656982421875,-0.08506413549184799,0.6945205926895142,0.31077274680137634,-0.11778374016284943,0.6722823977470398,0.3523213267326355,-0.15016883611679077,0.7984044551849365,0.33500179648399353,-0.10326097905635834,0.7512357831001282,0.34933552145957947,-0.14367380738258362,0.7073392868041992,0.3597608804702759,-0.16441842913627625,0.673259973526001,0.35966306924819946,-0.17603351175785065,0.8042545914649963,0.39647114276885986,-0.09816962480545044,0.7430552244186401,0.41340649127960205,-0.13731667399406433,0.6880378127098083,0.40756481885910034,-0.15025025606155396,0.6508898138999939,0.395415723323822,-0.15791407227516174,0.7946380376815796,0.4443068206310272,-0.09268982708454132,0.7305883765220642,0.45450738072395325,-0.1314435601234436,0.6773909330368042,0.4463394582271576,-0.1344568133354187,0.6415248513221741,0.4306289851665497,-0.1326487809419632,0.7752955555915833,0.4780614674091339,-0.08965753018856049,0.7212095260620117,0.47926193475723267,-0.1216258555650711,0.6807465553283691,0.4650651514530182,-0.1238514631986618,0.6538562774658203,0.44996508955955505,-0.12187076359987259,Left,0.9990243911743164
4399,101,1,0.2528124749660492,0.389775812625885,-2.24623249778233e-07,0.25253042578697205,0.34520867466926575,-0.07068081945180893,0.26237040758132935,0.34264370799064636,-0.113190658390522,0.28645044565200806,0.3667524456977844,-0.13932166993618011,0.30346226692199707,0.40305295586586,-0.16498105227947235,0.21590301394462585,0.3870473802089691,-0.14267969131469727,0.24333596229553223,0.398346871137619,-0.1895284503698349,0.27852991223335266,0.40072789788246155,-0.21111413836479187,0.3134584128856659,0.39867928624153137,-0.22308990359306335,0.2256910502910614,0.44114214181900024,-0.12206429988145828,0.2834756374359131,0.4517758786678314,-0.16941691935062408,0.3355066180229187,0.44617384672164917,-0.18845400214195251,0.3750247359275818,0.43411490321159363,-0.20183369517326355,0.24579982459545135,0.47360602021217346,-0.10204271972179413,0.3043241500854492,0.4821072518825531,-0.14691273868083954,0.3461628258228302,0.46548935770988464,-0.16193625330924988,0.37599119544029236,0.44533926248550415,-0.1702783852815628,0.2697242200374603,0.4853135645389557,-0.0847850888967514,0.32029011845588684,0.4831927418708801,-0.12226884812116623,0.35002198815345764,0.4605228006839752,-0.13551080226898193,0.36931347846984863,0.4391617774963379,-0.1429837942123413,Right,0.9955006837844849
4443,102,0,0.781470000743866,0.3761598765850067,-3.4246365743229035e-08,0.759346604347229,0.3310384154319763,-0.043153975158929825,0.7336326241493225,0.3029157817363739,-0.08279559016227722,0.698033332824707,0.3221164345741272,-0.11601603031158447,0.6787586212158203,0.3631746172904968,-0.14948192238807678,0.8009809255599976,0.3404572904109955,-0.09746529906988144,0.7516052722930908,0.357638955116272,-0.139800563454628,0.7111293077468872,0.3694584369659424,-0.1652107983827591,0.6798384785652161,0.3734154999256134,-0.17975984513759613,0.8083494305610657,0.3967722952365875,-0.09298752248287201,0.744428813457489,0.4156758785247803,-0.13137520849704742,0.6946517825126648,0.4153200089931488,-0.14574454724788666,0.6578018665313721,0.40798744559288025,-0.15453559160232544,0.8016366362571716,0.4410915970802307,-0.08861901611089706,0.7324079275131226,0.4519398808479309,-0.12548674643039703,0.6840298771858215,0.4463650584220886,-0.1279221624135971,0.6492739319801331,0.4332018792629242,-0.12581206858158112,0.7856472730636597,0.47299855947494507,-0.08692622929811478,0.7318480014801025,0.48059314489364624,-0.11536630988121033,0.6929526329040527,0.46816930174827576,-0.11519988626241684,0.6649287343025208,0.45298266410827637,-0.11172505468130112,Left,0.9975670576095581
4443,102,1,0.27735915780067444,0.3815735876560211,-4.0554849078944244e-07,0.2746574282646179,0.3419954776763916,-0.06568067520856857,0.2753233313560486,0.3418887257575989,-0.10167897492647171,0.29088181257247925,0.3710555136203766,-0.1230846494436264,0.307443767786026,0.4101296663284302,-0.14341077208518982,0.21491439640522003,0.38238489627838135,-0.12266822159290314,0.24237044155597687,0.4029991030693054,-0.16314370930194855,0.28339701890945435,0.4104005992412567,-0.18050862848758698,0.3208014667034149,0.4149002134799957,-0.18936105072498322,0.2191825807094574,0.43341317772865295,-0.10311217606067657,0.27994829416275024,0.4595046043395996,-0.14482279121875763,0.3355346918106079,0.4570722281932831,-0.1600418984889984,0.3764807879924774,0.4494709372520447,-0.1691230982542038,0.23646549880504608,0.4672400951385498,-0.0849602222442627,0.2963358759880066,0.4867134988307953,-0.1256866455078125,0.33950576186180115,0.47360318899154663,-0.13794013857841492,0.3705345392227173,0.45863914489746094,-0.14265456795692444,0.25943684577941895,0.4844377636909485,-0.06984803825616837,0.30633753538131714,0.4944870173931122,-0.10272440314292908,0.33820199966430664,0.47954094409942627,-0.11281708627939224,0.36170580983161926,0.4635605812072754,-0.11693096905946732,Right,0.9979866743087769
4487,103,0,0.7775500416755676,0.3834625482559204,1.371410629502634e-08,0.7605542540550232,0.3389604687690735,-0.038771212100982666,0.7377805113792419,0.3178275227546692,-0.07411973178386688,0.6984401345252991,0.34925612807273865,-0.10381774604320526,0.6725494861602783,0.39787331223487854,-0.13350917398929596,0.8017842769622803,0.3515743017196655,-0.08645381778478622,0.7548702955245972,0.3727116584777832,-0.12583234906196594,0.7149893045425415,0.38812243938446045,-0.14963729679584503,0.6812293529510498,0.39927494525909424,-0.16338005661964417,0.8069382309913635,0.4113525152206421,-0.0829552561044693,0.7425084710121155,0.4328509569168091,-0.11684946715831757,0.6955756545066833,0.4399498999118805,-0.12982499599456787,0.6589758992195129,0.4404934048652649,-0.137931689620018,0.7979912757873535,0.45669490098953247,-0.0797944962978363,0.7279060482978821,0.4703943133354187,-0.11319418996572495,0.6814473867416382,0.46847474575042725,-0.11588061600923538,0.6483275890350342,0.45973771810531616,-0.1141686961054802,0.7801198363304138,0.49038824439048767,-0.07932426035404205,0.7225794196128845,0.4912695586681366,-0.10576623678207397,0.6862891912460327,0.476997435092926,-0.10593176633119583,0.6601882576942444,0.4626696705818176,-0.10250835120677948,Left,0.997929573059082
4487,103,1,0.27137336134910583,0.39142295718193054,-2.693443548196228e-07,0.2699655592441559,0.36274459958076477,-0.05240503326058388,0.27170002460479736,0.35702136158943176,-0.08400550484657288,0.2995160222053528,0.3678760528564453,-0.10362780094146729,0.33137625455856323,0.3856619894504547,-0.12436363101005554,0.22637644410133362,0.3940187096595764,-0.11216017603874207,0.2621699273586273,0.4115751087665558,-0.15140926837921143,0.29884180426597595,0.4262816309928894,-0.17022466659545898,0.3336055278778076,0.43794068694114685,-0.17993050813674927,0.23236341774463654,0.4375932812690735,-0.09908533096313477,0.2873714864253998,0.47290152311325073,-0.1389237940311432,0.3337036073207855,0.4770602285861969,-0.1517469435930252,0.372159481048584,0.47400203347206116,-0.1581839770078659,0.25132477283477783,0.4664424657821655,-0.0860975831747055,0.3072158098220825,0.49017518758773804,-0.1245122030377388,0.34535571932792664,0.4750116765499115,-0.13146819174289703,0.3726281225681305,0.46129289269447327,-0.13158605992794037,0.27579790353775024,0.48098182678222656,-0.07565532624721527,0.32132160663604736,0.4934313893318176,-0.10855206102132797,0.3504612445831299,0.47815975546836853,-0.11486050486564636,0.36997711658477783,0.4633820652961731,-0.11547303944826126,Right,0.9969437122344971
4530,104,0,0.7633672952651978,0.3833394944667816,2.741274158779561e-07,0.7432076334953308,0.3488374948501587,-0.05378424748778343,0.7192696332931519,0.3434639871120453,-0.09536809474229813,0.676589846611023,0.39106208086013794,-0.12599411606788635,0.6449756622314453,0.44541096687316895,-0.1553630381822586,0.7900434732437134,0.3607211410999298,-0.11082500964403152,0.7288011312484741,0.41087794303894043,-0.15346361696720123,0.6858933568000793,0.4385210871696472,-0.17705762386322021,0.6509995460510254,0.45369333028793335,-0.1910707950592041,0.8017090559005737,0.4189634621143341,-0.09904417395591736,0.739858865737915,0.4717094600200653,-0.13445961475372314,0.6908608675003052,0.4934290647506714,-0.14470361173152924,0.6543223261833191,0.5005996227264404,-0.15207220613956451,0.7959629893302917,0.46458759903907776,-0.08797815442085266,0.731816828250885,0.50730961561203,-0.12135207653045654,0.6868042945861816,0.5165613889694214,-0.1228402629494667,0.6572771668434143,0.5125381350517273,-0.12144190073013306,0.7795750498771667,0.49690568447113037,-0.08053883165121078,0.7312802076339722,0.5212571024894714,-0.10738013684749603,0.6980268359184265,0.5181055068969727,-0.10893223434686661,0.6762423515319824,0.5103306174278259,-0.10708485543727875,Left,0.9987178444862366
4530,104,1,0.2957071363925934,0.37017688155174255,-3.4847306551455404e-07,0.3172663748264313,0.3513765335083008,-0.05440359190106392,0.3368780314922333,0.3675876557826996,-0.08564039319753647,0.360512375831604,0.4038242995738983,-0.10379133373498917,0.3720787763595581,0.4381312131881714,-0.1205284371972084,0.2576597332954407,0.38726043701171875,-0.10351035743951797,0.2938866913318634,0.44546574354171753,-0.13542234897613525,0.3295939564704895,0.4738215506076813,-0.14820146560668945,0.360846608877182,0.4891026020050049,-0.15417955815792084,0.2459648996591568,0.42799681425094604,-0.08494628220796585,0.29589223861694336,0.48215293884277344,-0.11104466766119003,0.337677925825119,0.5008230805397034,-0.11712446063756943,0.3685947060585022,0.5061898827552795,-0.1220688596367836,0.24980740249156952,0.4604712128639221,-0.06730450689792633,0.29894712567329407,0.5092161297798157,-0.09134922176599503,0.33522745966911316,0.5158941745758057,-0.09546016156673431,0.36037513613700867,0.5141327381134033,-0.09814812242984772,0.26243454217910767,0.4800991415977478,-0.052751488983631134,0.30319544672966003,0.5094067454338074,-0.07505867630243301,0.33084505796432495,0.5089976787567139,-0.0798085406422615,0.3511199653148651,0.5020065903663635,-0.08115894347429276,Right,0.9940196871757507
4574,105,0,0.7594892978668213,0.38614219427108765,3.8147820191625215e-07,0.7394313216209412,0.3566524386405945,-0.058078084141016006,0.7161815166473389,0.3581608235836029,-0.10124409943819046,0.6761314868927002,0.41386890411376953,-0.13157086074352264,0.6478872299194336,0.47219666838645935,-0.16016456484794617,0.7872853875160217,0.3629717528820038,-0.11903940141201019,0.7227579951286316,0.4246827960014343,-0.16186411678791046,0.6770989298820496,0.4596724510192871,-0.18383899331092834,0.6404258608818054,0.4798548221588135,-0.19716882705688477,0.8012478351593018,0.42107683420181274,-0.10523253679275513,0.736996054649353,0.4862574636936188,-0.14276057481765747,0.6829646229743958,0.5140835046768188,-0.15176403522491455,0.6427990198135376,0.5261292457580566,-0.15791797637939453,0.796286940574646,0.4670935869216919,-0.09205567836761475,0.7271623611450195,0.5214985013008118,-0.12651894986629486,0.6798015832901001,0.534197211265564,-0.1268031895160675,0.6489088535308838,0.5329102277755737,-0.12459734827280045,0.7790786623954773,0.5011522769927979,-0.08276474475860596,0.7236571311950684,0.5315794944763184,-0.1097722202539444,0.6881725788116455,0.5318171381950378,-0.11104864627122879,0.6656533479690552,0.5279441475868225,-0.10903599858283997,Left,0.9985871911048889
4574,105,1,0.30821773409843445,0.3856806755065918,-3.205790051197255e-07,0.33541303873062134,0.366275429725647,-0.0545286200940609,0.35808300971984863,0.3785315752029419,-0.0884695053100586,0.38736122846603394,0.4143211841583252,-0.10965552181005478,0.40783801674842834,0.4520179331302643,-0.13082610070705414,0.27125173807144165,0.4001747965812683,-0.10698900371789932,0.3061755299568176,0.4640406668186188,-0.1391301155090332,0.3442726731300354,0.49702954292297363,-0.1553443819284439,0.37842923402786255,0.5171758532524109,-0.16423335671424866,0.2567065358161926,0.4410378932952881,-0.08845189213752747,0.3137514591217041,0.4899769723415375,-0.1170181855559349,0.3569627106189728,0.4958900213241577,-0.1263461709022522,0.38678762316703796,0.49049854278564453,-0.13269618153572083,0.25844550132751465,0.4764974117279053,-0.06976978480815887,0.3141000270843506,0.5173631310462952,-0.09355583786964417,0.34385067224502563,0.5055289268493652,-0.09807247668504715,0.36169928312301636,0.49016106128692627,-0.10085060447454453,0.2685817778110504,0.501388669013977,-0.054200299084186554,0.3130030632019043,0.5269870758056641,-0.07510516047477722,0.33905693888664246,0.514734148979187,-0.07779033482074738,0.3556539714336395,0.4976917803287506,-0.07735352963209152,Right,0.9907416105270386
4617,106,0,0.7503538727760315,0.3904484212398529,3.6847166029474465e-07,0.7250783443450928,0.3618943393230438,-0.05775119736790657,0.7015724778175354,0.3688865602016449,-0.09810733050107956,0.66391921043396,0.4333183169364929,-0.1261833906173706,0.6350618004798889,0.4964132308959961,-0.15207284688949585,0.7763360738754272,0.36789044737815857,-0.10896401852369308,0.7193891406059265,0.4362313151359558,-0.14860577881336212,0.6765251755714417,0.47726380825042725,-0.16798734664916992,0.6394520998001099,0.5013972520828247,-0.179387167096138,0.7977336049079895,0.4252893626689911,-0.09440626949071884,0.7412728667259216,0.49578389525413513,-0.12961524724960327,0.6887396574020386,0.5300778746604919,-0.13802595436573029,0.6482600569725037,0.5464804172515869,-0.14316505193710327,0.7979704141616821,0.47227609157562256,-0.08105573058128357,0.7335680723190308,0.5340194702148438,-0.1148642897605896,0.6846023201942444,0.5524348020553589,-0.1160934641957283,0.6518690586090088,0.5548363327980042,-0.11364158987998962,0.7843046188354492,0.5080881714820862,-0.0716000646352768,0.7308937311172485,0.5454937219619751,-0.09837951511144638,0.6938872337341309,0.5508759021759033,-0.10036618262529373,0.6697847247123718,0.5498457551002502,-0.09830674529075623,Left,0.9985878467559814
4617,106,1,0.3216528296470642,0.3689556419849396,-3.075093673032825e-07,0.3495885133743286,0.35336944460868835,-0.061631057411432266,0.36991578340530396,0.3764381408691406,-0.0972263514995575,0.40220844745635986,0.43587541580200195,-0.1188749149441719,0.42049500346183777,0.4919160008430481,-0.13972784578800201,0.27558180689811707,0.41268518567085266,-0.10535149276256561,0.30904141068458557,0.48190224170684814,-0.14047491550445557,0.3484373688697815,0.5123857259750366,-0.15785899758338928,0.38385242223739624,0.5297911167144775,-0.1672208309173584,0.266899436712265,0.4609021544456482,-0.08456940203905106,0.3149709701538086,0.5384065508842468,-0.11546305567026138,0.36366844177246094,0.5560926795005798,-0.12803985178470612,0.39949458837509155,0.5604624152183533,-0.1367754191160202,0.2745961546897888,0.49780622124671936,-0.06517752259969711,0.3214201331138611,0.5646558403968811,-0.09476338326931,0.36332982778549194,0.5689614415168762,-0.10416456311941147,0.394100546836853,0.5642688870429993,-0.10892356187105179,0.29115793108940125,0.5201958417892456,-0.04901282489299774,0.3242338001728058,0.5597704648971558,-0.07675076276063919,0.3550647497177124,0.5599702596664429,-0.08553732931613922,0.3794999420642853,0.5536783337593079,-0.08868200331926346,Right,0.9882721304893494
4661,107,0,0.7564178705215454,0.39496761560440063,4.5364149059423653e-07,0.725972592830658,0.3762962520122528,-0.056432679295539856,0.7017243504524231,0.39437803626060486,-0.09988332539796829,0.6649469137191772,0.4643462598323822,-0.13092230260372162,0.6419401168823242,0.5347785949707031,-0.16035084426403046,0.7738257646560669,0.3756146728992462,-0.12050413340330124,0.7210107445716858,0.4481180012226105,-0.16409467160701752,0.6807185411453247,0.4972611367702484,-0.1849202662706375,0.6478883624076843,0.5294785499572754,-0.197559654712677,0.7999568581581116,0.42477476596832275,-0.1081417053937912,0.7464399337768555,0.5015645623207092,-0.14817549288272858,0.691150963306427,0.5473051071166992,-0.15595854818820953,0.6508101224899292,0.5752745866775513,-0.1606152057647705,0.8036922216415405,0.46996670961380005,-0.09626628458499908,0.7398386597633362,0.5417953729629517,-0.13289225101470947,0.6893545389175415,0.5695258975028992,-0.1317223161458969,0.6561298370361328,0.5795444250106812,-0.12805208563804626,0.7910401225090027,0.5108886361122131,-0.08797774463891983,0.7367697358131409,0.5559290647506714,-0.11588886380195618,0.6981670260429382,0.5662940740585327,-0.11663122475147247,0.6733918190002441,0.5712018013000488,-0.11409401148557663,Left,0.9987040758132935
4661,107,1,0.31465205550193787,0.37674015760421753,-1.8349028607644868e-07,0.3496313989162445,0.3662775456905365,-0.07554556429386139,0.38240960240364075,0.3989602327346802,-0.12099897861480713,0.41139209270477295,0.459066778421402,-0.1486559808254242,0.4282490611076355,0.5173802971839905,-0.1740696132183075,0.28772956132888794,0.4176000952720642,-0.14027447998523712,0.3126492202281952,0.4947628676891327,-0.1875941902399063,0.3505095839500427,0.5298124551773071,-0.20835307240486145,0.38607901334762573,0.5502084493637085,-0.2179003804922104,0.27423611283302307,0.4655044674873352,-0.11364486068487167,0.30722641944885254,0.5566641688346863,-0.1584421843290329,0.3587556481361389,0.5832522511482239,-0.17110683023929596,0.39918071031570435,0.5883368253707886,-0.17735756933689117,0.2784012258052826,0.5041773319244385,-0.08852172642946243,0.31160110235214233,0.5817731022834778,-0.13238826394081116,0.36046189069747925,0.5973999500274658,-0.14527355134487152,0.3957519829273224,0.5976396799087524,-0.14956308901309967,0.29059168696403503,0.5289971232414246,-0.06628485023975372,0.31636595726013184,0.5800132751464844,-0.10385191440582275,0.35299596190452576,0.5917661786079407,-0.11638780683279037,0.381892591714859,0.5923153758049011,-0.12126929312944412,Right,0.9902350306510925
4703,108,0,0.7564106583595276,0.4027344584465027,4.689207173669274e-07,0.7232496738433838,0.37969037890434265,-0.061076704412698746,0.6988917589187622,0.3966445028781891,-0.10448162257671356,0.6677159667015076,0.46557000279426575,-0.13424013555049896,0.649355411529541,0.5314610600471497,-0.16160741448402405,0.7725868821144104,0.3853509724140167,-0.11896631866693497,0.7213082909584045,0.4657237231731415,-0.15810230374336243,0.6824203729629517,0.5158353447914124,-0.1753474622964859,0.6499021053314209,0.5466635227203369,-0.18610142171382904,0.8002374768257141,0.4330020546913147,-0.10309773683547974,0.747951328754425,0.5112967491149902,-0.14187633991241455,0.69241863489151,0.5574042797088623,-0.15000276267528534,0.6505445241928101,0.5837388038635254,-0.15459580719470978,0.8066601157188416,0.47609400749206543,-0.0881199836730957,0.746084988117218,0.5478100776672363,-0.12428749352693558,0.6964494585990906,0.57728111743927,-0.12535050511360168,0.6620310544967651,0.5887250304222107,-0.12299109995365143,0.798149824142456,0.5138224959373474,-0.0770021602511406,0.7477635741233826,0.5605250597000122,-0.10616849362850189,0.709526538848877,0.5744450092315674,-0.10977055877447128,0.6838805079460144,0.5813403129577637,-0.10896192491054535,Left,0.9989084601402283
4703,108,1,0.31113600730895996,0.36912113428115845,-2.7163855520484503e-07,0.35348963737487793,0.36490947008132935,-0.07276123017072678,0.3890342712402344,0.4058490991592407,-0.11436068266630173,0.41466838121414185,0.46907174587249756,-0.138346329331398,0.4332617223262787,0.5266781449317932,-0.15831632912158966,0.29147762060165405,0.41635411977767944,-0.13813140988349915,0.3138595521450043,0.5050308704376221,-0.17976412177085876,0.3532167077064514,0.539848804473877,-0.19373086094856262,0.3891461491584778,0.5559130311012268,-0.19918368756771088,0.2734842598438263,0.4614163339138031,-0.11122477799654007,0.30322879552841187,0.5580317378044128,-0.15295061469078064,0.3535837233066559,0.5850750207901001,-0.16147585213184357,0.3913164734840393,0.587226390838623,-0.16580542922019958,0.27328065037727356,0.4990755021572113,-0.08550921827554703,0.3017388582229614,0.5794533491134644,-0.12486861646175385,0.35015836358070374,0.6007159352302551,-0.13659757375717163,0.3870071768760681,0.6013684868812561,-0.14199459552764893,0.2820782959461212,0.5256137251853943,-0.06281709671020508,0.30432406067848206,0.5832670331001282,-0.09774795919656754,0.34041568636894226,0.5992802381515503,-0.11225118488073349,0.37006181478500366,0.6007133722305298,-0.12010981887578964,Right,0.9940528273582458
4747,109,0,0.7543132305145264,0.40843629837036133,4.984264023732976e-07,0.7286146879196167,0.38337457180023193,-0.0590021125972271,0.708850085735321,0.4010580778121948,-0.10281525552272797,0.6742829084396362,0.4695095121860504,-0.13363419473171234,0.6531117558479309,0.5369158983230591,-0.16321080923080444,0.7775324583053589,0.3949001729488373,-0.12278712540864944,0.7272425889968872,0.4794338047504425,-0.16811296343803406,0.6866382956504822,0.5265321731567383,-0.1916966438293457,0.6528295874595642,0.555421769618988,-0.20639008283615112,0.7966934442520142,0.44169318675994873,-0.10978151112794876,0.7482618689537048,0.5276718139648438,-0.1506796032190323,0.6971023678779602,0.5713035464286804,-0.16187989711761475,0.6607068181037903,0.5990297794342041,-0.16951943933963776,0.7948920130729675,0.48199698328971863,-0.09744049608707428,0.7364886403083801,0.5608137249946594,-0.1350971907377243,0.6900172233581543,0.5831799507141113,-0.13599808514118195,0.6603837013244629,0.589941680431366,-0.13409607112407684,0.7781347036361694,0.5176080465316772,-0.0887167677283287,0.7299113273620605,0.5665478706359863,-0.12057899683713913,0.6941881775856018,0.5758339762687683,-0.1237703412771225,0.672095775604248,0.5798123478889465,-0.12258040904998779,Left,0.9946794509887695
4747,109,1,0.30721330642700195,0.3641262948513031,-2.876155917874712e-07,0.3539901375770569,0.36738061904907227,-0.0685090720653534,0.38960257172584534,0.4162535071372986,-0.10600294172763824,0.4139341711997986,0.48044195771217346,-0.12628819048404694,0.435036838054657,0.5350156426429749,-0.1424579918384552,0.2928769886493683,0.42221617698669434,-0.13185754418373108,0.3180205225944519,0.5147444605827332,-0.16974058747291565,0.35619261860847473,0.5509606003761292,-0.1819160431623459,0.3899848759174347,0.5684725046157837,-0.18610967695713043,0.27204209566116333,0.46401533484458923,-0.10465209186077118,0.3049668073654175,0.5644067525863647,-0.14156697690486908,0.35274019837379456,0.5899826288223267,-0.14647363126277924,0.38807621598243713,0.5878435373306274,-0.14841578900814056,0.26992353796958923,0.4988710880279541,-0.0782979428768158,0.3000256419181824,0.5825582146644592,-0.1127677857875824,0.3454439043998718,0.6014764308929443,-0.12060383707284927,0.3789045214653015,0.5983147621154785,-0.1235177293419838,0.27767816185951233,0.5241965055465698,-0.054903268814086914,0.30047741532325745,0.5849435925483704,-0.08494135737419128,0.33450114727020264,0.6004785895347595,-0.09629044681787491,0.36118870973587036,0.5998570919036865,-0.10222350060939789,Right,0.9933663010597229
4792,110,0,0.7549168467521667,0.41345930099487305,4.93776838084159e-07,0.7290765047073364,0.39401307702064514,-0.057366132736206055,0.7083533406257629,0.41731318831443787,-0.09720677137374878,0.6737721562385559,0.4859984517097473,-0.12388968467712402,0.6479111313819885,0.5519272685050964,-0.1482812464237213,0.7765558958053589,0.4140307903289795,-0.11433080583810806,0.7233671545982361,0.499276340007782,-0.15377646684646606,0.6792320013046265,0.547966718673706,-0.1713956892490387,0.6429783701896667,0.5763499736785889,-0.18192486464977264,0.7952957153320312,0.46070268750190735,-0.09944605082273483,0.735683798789978,0.5431756377220154,-0.136931374669075,0.6781183481216431,0.5822563171386719,-0.14296862483024597,0.6398812532424927,0.6044880151748657,-0.1462392956018448,0.793879508972168,0.49996018409729004,-0.0855197161436081,0.726081907749176,0.5752963423728943,-0.11843202263116837,0.6799781322479248,0.594171404838562,-0.11480844765901566,0.6520174741744995,0.5966715216636658,-0.10975664854049683,0.7783614993095398,0.5357024073600769,-0.07555759698152542,0.7231560349464417,0.5857446193695068,-0.10123413801193237,0.6895092129707336,0.5903125405311584,-0.10109780728816986,0.670803427696228,0.5887082815170288,-0.09783966094255447,Left,0.9951207041740417
4792,110,1,0.3080349862575531,0.37188440561294556,-2.8018581588185043e-07,0.35538747906684875,0.3734266757965088,-0.06724036484956741,0.38952815532684326,0.42151689529418945,-0.10387152433395386,0.41259658336639404,0.48642006516456604,-0.12352192401885986,0.43773409724235535,0.5368688106536865,-0.13919982314109802,0.29303720593452454,0.42582935094833374,-0.13193589448928833,0.32084575295448303,0.5180506706237793,-0.1678854376077652,0.35933050513267517,0.5551344752311707,-0.1781942993402481,0.3910841941833496,0.573169469833374,-0.1816018968820572,0.27191588282585144,0.46872028708457947,-0.10507608950138092,0.3075188398361206,0.5658758878707886,-0.14183372259140015,0.3563404381275177,0.5925613641738892,-0.14689621329307556,0.39114052057266235,0.5916892886161804,-0.14913907647132874,0.2690126895904541,0.5040064454078674,-0.0785936564207077,0.2999180555343628,0.5862749814987183,-0.1133609488606453,0.3455972969532013,0.6068525314331055,-0.12195310741662979,0.37867358326911926,0.6043875813484192,-0.125309556722641,0.2762002646923065,0.5304981470108032,-0.054806966334581375,0.2989714443683624,0.5919324159622192,-0.08490058034658432,0.3320291340351105,0.6090006828308105,-0.09681978076696396,0.35773199796676636,0.6099841594696045,-0.10329186916351318,Right,0.9945948719978333
4834,111,0,0.7545796632766724,0.4094769358634949,7.232224561448675e-07,0.7142000198364258,0.40230539441108704,-0.06539122015237808,0.6880277991294861,0.4408356845378876,-0.10856212675571442,0.6587650179862976,0.5124797224998474,-0.13665366172790527,0.6391987800598145,0.5761957168579102,-0.1621694713830948,0.7682034969329834,0.4411669373512268,-0.12392707169055939,0.7099679112434387,0.5272688865661621,-0.16498300433158875,0.6634403467178345,0.5701766610145569,-0.18502043187618256,0.6272976398468018,0.5948906540870667,-0.1973416656255722,0.7919580936431885,0.4839647114276886,-0.1044374331831932,0.739843487739563,0.5818686485290527,-0.144756019115448,0.6831712126731873,0.62415611743927,-0.15487493574619293,0.6435596942901611,0.6457169651985168,-0.16087158024311066,0.7951222658157349,0.5213183760643005,-0.0860414057970047,0.73526930809021,0.6120685338973999,-0.12137116491794586,0.6843117475509644,0.6356421113014221,-0.12314300984144211,0.6515429019927979,0.6403841972351074,-0.1216907650232315,0.7833027839660645,0.5537564754486084,-0.07156176120042801,0.7318227887153625,0.6148934364318848,-0.09975448250770569,0.6943026781082153,0.6238011121749878,-0.10453373193740845,0.6698294281959534,0.6259156465530396,-0.1048932820558548,Left,0.9976583123207092
4834,111,1,0.3076426684856415,0.37131625413894653,-3.163658846006001e-07,0.3555964529514313,0.37380915880203247,-0.06293462961912155,0.3896757960319519,0.4240952730178833,-0.096005380153656,0.4129551649093628,0.4924541413784027,-0.11306939274072647,0.43758049607276917,0.5445900559425354,-0.12633827328681946,0.29430460929870605,0.4240785837173462,-0.11800229549407959,0.32708612084388733,0.5166012644767761,-0.14861436188220978,0.3634582459926605,0.555310845375061,-0.15769261121749878,0.39299747347831726,0.5783228874206543,-0.16148711740970612,0.2715888023376465,0.4691213369369507,-0.09227168560028076,0.3115890324115753,0.5611398220062256,-0.12220866233110428,0.35635238885879517,0.5923475623130798,-0.12606751918792725,0.39157283306121826,0.5994876027107239,-0.1288304626941681,0.26773467659950256,0.504099428653717,-0.06698572635650635,0.30436429381370544,0.579736590385437,-0.09568352997303009,0.34733277559280396,0.6030902862548828,-0.10188165307044983,0.38090577721595764,0.6078668832778931,-0.10501735657453537,0.2748867869377136,0.5305491089820862,-0.04458513855934143,0.30443447828292847,0.5843105316162109,-0.07078578323125839,0.33721232414245605,0.6005207300186157,-0.08071158826351166,0.36321043968200684,0.6051816940307617,-0.08624307066202164,Right,0.99485182762146
4879,112,0,0.7655206918716431,0.40806856751441956,8.057423883656156e-07,0.7136163115501404,0.39747071266174316,-0.06978777050971985,0.6721277236938477,0.4379946291446686,-0.11159094423055649,0.6474147439002991,0.5139504671096802,-0.1340545415878296,0.6331235766410828,0.574404776096344,-0.15309543907642365,0.7615610361099243,0.4477315843105316,-0.14042946696281433,0.7059517502784729,0.5433169007301331,-0.1728745698928833,0.6629503965377808,0.5888482332229614,-0.180162250995636,0.6281511783599854,0.6143956780433655,-0.1833430379629135,0.7931216359138489,0.49533867835998535,-0.11334171146154404,0.7398424744606018,0.6053175330162048,-0.14953872561454773,0.6790055632591248,0.6307802796363831,-0.1515941172838211,0.6353623270988464,0.6306076049804688,-0.15074819326400757,0.8018420338630676,0.53560471534729,-0.0851583406329155,0.7392249703407288,0.6263764500617981,-0.11472289264202118,0.6844714283943176,0.6408292055130005,-0.11441411823034286,0.6498441696166992,0.6339137554168701,-0.11272121220827103,0.7976794838905334,0.5623542666435242,-0.060441456735134125,0.7440703511238098,0.618855893611908,-0.08571887761354446,0.7010772228240967,0.6293435096740723,-0.0925954282283783,0.6718551516532898,0.6317076683044434,-0.09513235092163086,Left,0.9996058940887451
4879,112,1,0.313220351934433,0.3826015591621399,-2.415164033209294e-07,0.3612580895423889,0.3798740804195404,-0.06733258813619614,0.394112229347229,0.43054723739624023,-0.10350391268730164,0.4149419665336609,0.4996783435344696,-0.12325888872146606,0.44067519903182983,0.5517241358757019,-0.13960665464401245,0.29837167263031006,0.4247950315475464,-0.12604857981204987,0.32309776544570923,0.5188699960708618,-0.16360218822956085,0.3599174916744232,0.5633689761161804,-0.17810365557670593,0.3897877633571625,0.591748833656311,-0.18454748392105103,0.2735491991043091,0.4684673547744751,-0.09961921721696854,0.300917387008667,0.5639804005622864,-0.13592900335788727,0.3491385579109192,0.5987065434455872,-0.14214585721492767,0.3849234879016876,0.6067635416984558,-0.1450437754392624,0.2672189474105835,0.5047958493232727,-0.07407034188508987,0.29229795932769775,0.5842089056968689,-0.10961771011352539,0.33850380778312683,0.6046998500823975,-0.11718030273914337,0.3712701201438904,0.6052929759025574,-0.11875060945749283,0.2715451121330261,0.5338232517242432,-0.051373764872550964,0.28970953822135925,0.594911515712738,-0.08027186989784241,0.3238476514816284,0.6102068424224854,-0.08921696245670319,0.3501659035682678,0.6105902791023254,-0.09304163604974747,Right,0.995212733745575
4921,113,0,0.7654198408126831,0.41020387411117554,7.905235861471738e-07,0.7110570073127747,0.40487343072891235,-0.06893408298492432,0.6663381457328796,0.4504683017730713,-0.1099219024181366,0.6457576155662537,0.528404951095581,-0.13100671768188477,0.6376522779464722,0.592355489730835,-0.14741121232509613,0.7604361176490784,0.4543212652206421,-0.14766846597194672,0.7031150460243225,0.5571951270103455,-0.17979170382022858,0.6580577492713928,0.6020910739898682,-0.18215635418891907,0.6232592463493347,0.6240959763526917,-0.18076273798942566,0.7949881553649902,0.5009214878082275,-0.12080276012420654,0.7374433875083923,0.621780276298523,-0.15701158344745636,0.6787504553794861,0.6425623297691345,-0.1568976640701294,0.6391475200653076,0.6335178017616272,-0.1541513055562973,0.8067913055419922,0.5431670546531677,-0.09199942648410797,0.7505761981010437,0.6419157981872559,-0.11867111921310425,0.6989463567733765,0.6559491753578186,-0.11724250018596649,0.6677173376083374,0.6466395258903503,-0.11542586237192154,0.8070996999740601,0.5740079879760742,-0.06672442704439163,0.7653759717941284,0.6401582956314087,-0.08859263360500336,0.7270404696464539,0.6519172191619873,-0.0941176563501358,0.7003697156906128,0.649738609790802,-0.09639870375394821,Left,0.9989871382713318
4921,113,1,0.3096315562725067,0.37486302852630615,-2.693348051252542e-07,0.3580556809902191,0.37653490900993347,-0.06621791422367096,0.3910087049007416,0.4311346709728241,-0.10259754955768585,0.41172850131988525,0.5021012425422668,-0.12252271175384521,0.4335915148258209,0.5542312860488892,-0.13907340168952942,0.29826971888542175,0.4267342686653137,-0.12692669034004211,0.32391631603240967,0.5308685898780823,-0.1659056395292282,0.36309775710105896,0.5784728527069092,-0.18165786564350128,0.3923824429512024,0.6059325337409973,-0.18849144876003265,0.27059662342071533,0.4702771008014679,-0.10073617845773697,0.28964895009994507,0.5741059184074402,-0.13807876408100128,0.3384118378162384,0.6100037097930908,-0.14347803592681885,0.37318387627601624,0.6153560876846313,-0.14493943750858307,0.2641903758049011,0.5070712566375732,-0.07519957423210144,0.28132879734039307,0.5955411791801453,-0.11151551455259323,0.3280298113822937,0.620012640953064,-0.11892352253198624,0.35954713821411133,0.6196190118789673,-0.11993924528360367,0.26874175667762756,0.535539984703064,-0.052143268287181854,0.2836831510066986,0.6007363796234131,-0.08054422587156296,0.31891924142837524,0.6185191869735718,-0.08835473656654358,0.34461385011672974,0.6175975799560547,-0.09127949923276901,Right,0.9955065846443176
4965,114,0,0.7707298994064331,0.4120033383369446,6.382097126333974e-07,0.709649384021759,0.41204115748405457,-0.05699294060468674,0.6645559072494507,0.46399199962615967,-0.09199335426092148,0.6457340121269226,0.5426925420761108,-0.11125309765338898,0.6371181011199951,0.6086532473564148,-0.12722930312156677,0.7504830956459045,0.46493712067604065,-0.12884368002414703,0.6971326470375061,0.5747734308242798,-0.1599976271390915,0.6542912125587463,0.6221687197685242,-0.1632922887802124,0.6221374869346619,0.645455539226532,-0.16160337626934052,0.7889481782913208,0.5074483156204224,-0.10719854384660721,0.736562192440033,0.6309345960617065,-0.13793964684009552,0.6813656687736511,0.6579750776290894,-0.13504913449287415,0.6469342708587646,0.6522127985954285,-0.13071227073669434,0.8056578040122986,0.5450640916824341,-0.08400382846593857,0.7640610337257385,0.6551548838615417,-0.10879015177488327,0.7148738503456116,0.6791133880615234,-0.10666254907846451,0.6845934987068176,0.6745906472206116,-0.10337382555007935,0.8098663091659546,0.5748909711837769,-0.06347761303186417,0.782071590423584,0.6576221585273743,-0.08514740318059921,0.7460154891014099,0.6786906123161316,-0.08965402096509933,0.7193848490715027,0.6790400147438049,-0.09021855145692825,Left,0.9960770606994629
4965,114,1,0.31833624839782715,0.39005884528160095,-1.8071185081680596e-07,0.3675909638404846,0.391315758228302,-0.06921982020139694,0.39691829681396484,0.4458805322647095,-0.10801838338375092,0.4096885919570923,0.5188817977905273,-0.13023054599761963,0.4301198124885559,0.5714610815048218,-0.1488627940416336,0.3006305694580078,0.43261897563934326,-0.13449525833129883,0.31974515318870544,0.537648618221283,-0.17662931978702545,0.35612404346466064,0.5973010063171387,-0.1941462755203247,0.3827902674674988,0.6344904899597168,-0.2024827003479004,0.2683449983596802,0.4765215218067169,-0.10931283980607986,0.2700135111808777,0.5826843976974487,-0.15054413676261902,0.32015711069107056,0.6287867426872253,-0.15640421211719513,0.35881471633911133,0.6370510458946228,-0.1573992669582367,0.2570277750492096,0.5133472681045532,-0.0850258618593216,0.2592102289199829,0.6048250794410706,-0.12267949432134628,0.30755454301834106,0.6380132436752319,-0.12986142933368683,0.3418600559234619,0.6402856707572937,-0.13043415546417236,0.2576006054878235,0.5420036911964417,-0.06384678184986115,0.2605522572994232,0.6068474054336548,-0.09169910848140717,0.2970086932182312,0.6343004703521729,-0.10037979483604431,0.32659241557121277,0.6385826468467712,-0.1042102724313736,Right,0.9951722025871277
5007,115,0,0.7668059468269348,0.4112046957015991,6.637554292865389e-07,0.7051054835319519,0.4112966060638428,-0.05779165029525757,0.6622517704963684,0.4684690535068512,-0.09344746172428131,0.6453570127487183,0.5520802736282349,-0.11329883337020874,0.6359249353408813,0.6219703555107117,-0.1302260011434555,0.7472259998321533,0.4699670672416687,-0.13365638256072998,0.6954886317253113,0.5802469253540039,-0.16685467958450317,0.6541460752487183,0.6274838447570801,-0.17013415694236755,0.6247876286506653,0.6478366255760193,-0.16799187660217285,0.7863438725471497,0.5098026394844055,-0.11273649334907532,0.7379482984542847,0.6323524713516235,-0.1478470414876938,0.684251606464386,0.661829948425293,-0.14711546897888184,0.648027777671814,0.6560549139976501,-0.14354625344276428,0.8031762838363647,0.5454922914505005,-0.09017743170261383,0.7670383453369141,0.6555135846138,-0.11823941022157669,0.7176122069358826,0.6792443990707397,-0.11833769083023071,0.6839439868927002,0.6751992106437683,-0.11629746109247208,0.806138277053833,0.5755698680877686,-0.0702885240316391,0.785117506980896,0.6589432954788208,-0.0954466462135315,0.7500346302986145,0.6785939931869507,-0.10210378468036652,0.7207841873168945,0.6770052313804626,-0.10380904376506805,Left,0.9970495700836182
5007,115,1,0.3199237287044525,0.39532554149627686,-1.0917511872321484e-07,0.36700695753097534,0.39847421646118164,-0.08034108579158783,0.3961828947067261,0.45047181844711304,-0.1267661452293396,0.4124612808227539,0.5239549279212952,-0.15241189301013947,0.431676983833313,0.581631600856781,-0.17351339757442474,0.3036726117134094,0.43814367055892944,-0.1622215062379837,0.3243195712566376,0.5464407801628113,-0.20823033154010773,0.35789257287979126,0.607479989528656,-0.22406896948814392,0.38134440779685974,0.6458134055137634,-0.23034581542015076,0.2675311863422394,0.47996005415916443,-0.13151776790618896,0.2536450922489166,0.5877227187156677,-0.18051132559776306,0.3006412982940674,0.6373150944709778,-0.18554650247097015,0.33754539489746094,0.6472192406654358,-0.1842523217201233,0.2540290653705597,0.5188931822776794,-0.10063791275024414,0.23900818824768066,0.6054773330688477,-0.1449931263923645,0.2825230062007904,0.6417184472084045,-0.1536310315132141,0.3129141628742218,0.6448225975036621,-0.15362679958343506,0.25246402621269226,0.5476295351982117,-0.07277986407279968,0.24536781013011932,0.6059949398040771,-0.10213471949100494,0.27746468782424927,0.6327050924301147,-0.11017628014087677,0.3041357100009918,0.6339393854141235,-0.11332008242607117,Right,0.9959518313407898
5049,116,0,0.7644283175468445,0.409927636384964,6.905370923959708e-07,0.702987015247345,0.4109702706336975,-0.059504617005586624,0.6616946458816528,0.4671480357646942,-0.09663689136505127,0.6470738053321838,0.5506061315536499,-0.11739414930343628,0.6390385031700134,0.6217800974845886,-0.1351458728313446,0.7448389530181885,0.4697924852371216,-0.13738913834095,0.695486307144165,0.5798280239105225,-0.17169742286205292,0.6554845571517944,0.6299038529396057,-0.17546187341213226,0.6266735792160034,0.6526994705200195,-0.17350339889526367,0.7848009467124939,0.5092962384223938,-0.11563519388437271,0.7413015365600586,0.6327921748161316,-0.1525045931339264,0.6877682209014893,0.6652615666389465,-0.15253247320652008,0.6500597596168518,0.660187304019928,-0.14895816147327423,0.8022440671920776,0.544166088104248,-0.0921151414513588,0.7735018730163574,0.6541936993598938,-0.1214570626616478,0.7239277958869934,0.6819697022438049,-0.1223195418715477,0.6882797479629517,0.6801533102989197,-0.12045605480670929,0.8054039478302002,0.5727893710136414,-0.07121482491493225,0.7884984612464905,0.6547033190727234,-0.0970081016421318,0.7532408833503723,0.6766716837882996,-0.10410378873348236,0.7227891087532043,0.6770728826522827,-0.10596311092376709,Left,0.9973332285881042
5049,116,1,0.32108524441719055,0.39337798953056335,-1.300509779866843e-07,0.36882567405700684,0.3970414698123932,-0.06958918273448944,0.3978901207447052,0.4543679356575012,-0.10831684619188309,0.4095463752746582,0.5312212705612183,-0.13059960305690765,0.4264324903488159,0.5892283916473389,-0.14890554547309875,0.30735310912132263,0.4441910982131958,-0.1294705718755722,0.3284570574760437,0.5448644161224365,-0.17277222871780396,0.35692092776298523,0.6085001826286316,-0.19173084199428558,0.37523016333580017,0.649630069732666,-0.20065130293369293,0.2693030536174774,0.48900407552719116,-0.10610726475715637,0.24287885427474976,0.5837135910987854,-0.15254291892051697,0.2831147611141205,0.6299176216125488,-0.15992115437984467,0.31842976808547974,0.6355981826782227,-0.15760846436023712,0.25245195627212524,0.5269242525100708,-0.0834500789642334,0.23771566152572632,0.6093785166740417,-0.1251852810382843,0.28275370597839355,0.6399878263473511,-0.13036252558231354,0.3124084770679474,0.6386265754699707,-0.1255721151828766,0.24857008457183838,0.5535119771957397,-0.06401734799146652,0.24312669038772583,0.6110853552818298,-0.09096156060695648,0.2776279151439667,0.6360467076301575,-0.09389650821685791,0.30408936738967896,0.6347905993461609,-0.09093661606311798,Right,0.9937537312507629
5092,117,0,0.7627794742584229,0.4130066931247711,7.070704555189877e-07,0.7006441354751587,0.41249197721481323,-0.06281319260597229,0.6591185927391052,0.47211748361587524,-0.10047987103462219,0.6459985971450806,0.5585482716560364,-0.12093660235404968,0.6396013498306274,0.632652223110199,-0.13874773681163788,0.7431474328041077,0.46715646982192993,-0.14091110229492188,0.6971763372421265,0.5735990405082703,-0.17638076841831207,0.6575894951820374,0.6296067833900452,-0.182454451918602,0.6280244588851929,0.6609027981758118,-0.18270324170589447,0.7832388281822205,0.5084118843078613,-0.11766353994607925,0.7473857998847961,0.6307033896446228,-0.15640942752361298,0.6947914958000183,0.6655895709991455,-0.15881462395191193,0.6561525464057922,0.663197934627533,-0.15709298849105835,0.7998985052108765,0.5463007092475891,-0.09276098012924194,0.7787597179412842,0.654964804649353,-0.12424521148204803,0.729235053062439,0.6856328845024109,-0.12798680365085602,0.6919559240341187,0.6870869994163513,-0.12807545065879822,0.8021255731582642,0.5780806541442871,-0.07058878242969513,0.7884224653244019,0.6576263904571533,-0.0982397198677063,0.7523041367530823,0.6800991892814636,-0.10744812339544296,0.7196099162101746,0.6817298531532288,-0.11106714606285095,Left,0.9983339309692383
5092,117,1,0.31916990876197815,0.3817518949508667,-1.627760326528005e-07,0.36614546179771423,0.3922538459300995,-0.06634295731782913,0.39615878462791443,0.4554952383041382,-0.10153641551733017,0.40945541858673096,0.5339385271072388,-0.12005525082349777,0.42767569422721863,0.5915664434432983,-0.13429348170757294,0.3083629310131073,0.4463600218296051,-0.12817949056625366,0.3309197425842285,0.5563467741012573,-0.16541510820388794,0.3569377064704895,0.6188909411430359,-0.17902331054210663,0.3733850419521332,0.6617732048034668,-0.1848653107881546,0.268162339925766,0.4862750768661499,-0.1033707931637764,0.24708935618400574,0.5917184948921204,-0.1401854157447815,0.284584105014801,0.6363444328308105,-0.14216208457946777,0.3181260824203491,0.64084792137146,-0.13867688179016113,0.24952098727226257,0.5200639367103577,-0.07883697003126144,0.2364778071641922,0.6133483648300171,-0.11431082338094711,0.2801164984703064,0.6412891149520874,-0.11863228678703308,0.31047242879867554,0.6375316977500916,-0.11541797965765,0.24384520947933197,0.5427349805831909,-0.05719678848981857,0.23726370930671692,0.6043388843536377,-0.08140400052070618,0.271888792514801,0.6297528147697449,-0.08534940332174301,0.30108344554901123,0.6282559633255005,-0.08459987491369247,Right,0.9917165040969849
5134,118,0,0.7583640217781067,0.4141649007797241,7.060127131808258e-07,0.6958942413330078,0.41554081439971924,-0.061566662043333054,0.6564332246780396,0.47751161456108093,-0.09906943142414093,0.6450985670089722,0.5650047659873962,-0.11969386786222458,0.6395407915115356,0.6385642886161804,-0.13778841495513916,0.7354068756103516,0.4701087474822998,-0.1412363350391388,0.6946942806243896,0.5758013129234314,-0.17748843133449554,0.6571003198623657,0.6345741152763367,-0.18360404670238495,0.6289547085762024,0.6681667566299438,-0.1834571361541748,0.7779967784881592,0.509671688079834,-0.11886673420667648,0.7494482398033142,0.6332913637161255,-0.15942439436912537,0.6963148713111877,0.6702314615249634,-0.16241461038589478,0.6561414003372192,0.6666489839553833,-0.16002723574638367,0.7974593043327332,0.546366810798645,-0.09454134106636047,0.7864768505096436,0.65641188621521,-0.1273738592863083,0.7373807430267334,0.6899226307868958,-0.13144882023334503,0.6989543437957764,0.6914808750152588,-0.13087357580661774,0.8017099499702454,0.5767805576324463,-0.07274645566940308,0.7931503057479858,0.6571929454803467,-0.10077788680791855,0.7568144202232361,0.6815540194511414,-0.10963648557662964,0.7232217192649841,0.6830117702484131,-0.1125204786658287,Left,0.9972134828567505
5134,118,1,0.31733638048171997,0.37889426946640015,-2.0615513562916021e-07,0.36498159170150757,0.3927764296531677,-0.05698598921298981,0.3946664333343506,0.4573558568954468,-0.08934645354747772,0.40790313482284546,0.5383301377296448,-0.10843060165643692,0.43029361963272095,0.5958293080329895,-0.12384647130966187,0.3088317811489105,0.44611719250679016,-0.11091659218072891,0.3287491202354431,0.552738606929779,-0.14729808270931244,0.3546689748764038,0.616791307926178,-0.1621427685022354,0.36912310123443604,0.6638445258140564,-0.1696474254131317,0.26586398482322693,0.4846639037132263,-0.09200083464384079,0.24759840965270996,0.5958129167556763,-0.1279326230287552,0.29031822085380554,0.6358972191810608,-0.1301751285791397,0.3233942985534668,0.6345164775848389,-0.12688133120536804,0.24476481974124908,0.5158028602600098,-0.0736856460571289,0.23306462168693542,0.614070475101471,-0.1072247326374054,0.27985692024230957,0.6435058116912842,-0.11039058119058609,0.31137698888778687,0.6385040283203125,-0.10666218400001526,0.2378600835800171,0.5373424887657166,-0.057995107024908066,0.22818972170352936,0.6026386022567749,-0.07888337969779968,0.26098117232322693,0.6346942186355591,-0.08208737522363663,0.28883224725723267,0.6383225917816162,-0.08167336881160736,Right,0.9885204434394836
5179,119,0,0.7593415379524231,0.41109728813171387,6.810657851019641e-07,0.6958072781562805,0.41428208351135254,-0.05662226304411888,0.656994104385376,0.4780716300010681,-0.09122458845376968,0.6460368037223816,0.5657166838645935,-0.11027107387781143,0.6396021842956543,0.6378931999206543,-0.12689965963363647,0.7331116199493408,0.470695436000824,-0.13183508813381195,0.6922869086265564,0.5776222944259644,-0.16593442857265472,0.6564449667930603,0.6371874213218689,-0.1711624413728714,0.6294177770614624,0.6712233424186707,-0.17031404376029968,0.7766630053520203,0.5082950592041016,-0.11119095981121063,0.7485065460205078,0.6309247016906738,-0.14926806092262268,0.6985878944396973,0.6691490411758423,-0.1510235071182251,0.6603760719299316,0.6650906801223755,-0.14752016961574554,0.7974079847335815,0.5422376990318298,-0.08865275233983994,0.7864874601364136,0.6529690623283386,-0.11944583058357239,0.7393004894256592,0.6881444454193115,-0.12216168642044067,0.7017863988876343,0.6897316575050354,-0.12031056731939316,0.803053617477417,0.570979118347168,-0.0684218630194664,0.796143114566803,0.6529051065444946,-0.09515196830034256,0.7616000175476074,0.6799588203430176,-0.1032654419541359,0.728550910949707,0.6827971339225769,-0.10515739768743515,Left,0.9961223006248474
5179,119,1,0.31821808218955994,0.38324737548828125,-2.13815440019971e-07,0.3672402799129486,0.395816445350647,-0.06161326542496681,0.3955066204071045,0.4595078229904175,-0.09626523405313492,0.40575554966926575,0.5396961569786072,-0.11599722504615784,0.42952898144721985,0.596072256565094,-0.13178645074367523,0.30885031819343567,0.4449995160102844,-0.1209491640329361,0.32666343450546265,0.5460792183876038,-0.16193097829818726,0.35171088576316833,0.6115647554397583,-0.17956483364105225,0.365291565656662,0.6611678600311279,-0.18848244845867157,0.2663785219192505,0.48358720541000366,-0.10028746724128723,0.24799469113349915,0.5954701900482178,-0.13984176516532898,0.2936495244503021,0.6350284218788147,-0.1421501487493515,0.3274277150630951,0.6322479248046875,-0.1382928341627121,0.24543678760528564,0.5163186192512512,-0.08042024821043015,0.2333725243806839,0.6145891547203064,-0.11766307055950165,0.2813299894332886,0.6446637511253357,-0.12102311104536057,0.3120282292366028,0.6389034390449524,-0.11648336052894592,0.23855936527252197,0.5403384566307068,-0.06331680715084076,0.2305109202861786,0.6071344614028931,-0.08556336164474487,0.26457303762435913,0.6393202543258667,-0.08847404271364212,0.29217174649238586,0.6412661671638489,-0.08751803636550903,Right,0.9884982109069824
5222,120,0,0.7618114352226257,0.4123496413230896,7.024427191026916e-07,0.6964192390441895,0.41718441247940063,-0.056171245872974396,0.6573147773742676,0.48166826367378235,-0.09054210782051086,0.6466589570045471,0.5684677362442017,-0.10944706946611404,0.6404477953910828,0.6398884057998657,-0.12602902948856354,0.7324832081794739,0.47365739941596985,-0.13352489471435547,0.6944104433059692,0.5781232714653015,-0.168245330452919,0.6588948965072632,0.6389250755310059,-0.17366619408130646,0.631820023059845,0.6742574572563171,-0.17271862924098969,0.7755271792411804,0.5084983706474304,-0.11311548203229904,0.7504485845565796,0.6279571652412415,-0.1528542935848236,0.7008053660392761,0.6697865128517151,-0.15536059439182281,0.6621935367584229,0.6671182513237,-0.15184548497200012,0.7966537475585938,0.5406609773635864,-0.0906422883272171,0.7884323000907898,0.649196207523346,-0.12218555063009262,0.7417217493057251,0.6857646703720093,-0.12511128187179565,0.7039890289306641,0.6877618432044983,-0.12285537272691727,0.8027083277702332,0.5679146647453308,-0.07048586010932922,0.7991628646850586,0.6487066745758057,-0.09738080948591232,0.7658914923667908,0.6781297326087952,-0.10579220950603485,0.7325680255889893,0.6821882724761963,-0.10759670287370682,Left,0.9962391257286072
5222,120,1,0.31621047854423523,0.3849950432777405,-2.1737417910117074e-07,0.3672357499599457,0.3964182734489441,-0.06398436427116394,0.3959827423095703,0.45970118045806885,-0.10089521110057831,0.4052771031856537,0.540050208568573,-0.12260894477367401,0.42955437302589417,0.5968433022499084,-0.14057154953479767,0.3096478283405304,0.4424605667591095,-0.12539042532444,0.324766606092453,0.5403320789337158,-0.1677227020263672,0.34817206859588623,0.6076989769935608,-0.1863444596529007,0.36082103848457336,0.6590303778648376,-0.19633984565734863,0.2669437527656555,0.482401579618454,-0.10411866754293442,0.24876990914344788,0.589976966381073,-0.14563563466072083,0.2943599224090576,0.6347181797027588,-0.14918291568756104,0.32855942845344543,0.6371405124664307,-0.14672306180000305,0.2452346682548523,0.5161094069480896,-0.08361449092626572,0.23248055577278137,0.610253632068634,-0.12239107489585876,0.2804643511772156,0.6451504826545715,-0.1266760379076004,0.31225064396858215,0.6426645517349243,-0.12327107042074203,0.2377399057149887,0.5412648320198059,-0.0660075843334198,0.22937873005867004,0.6074783205986023,-0.09031697362661362,0.26504430174827576,0.641689658164978,-0.09448806196451187,0.2942293584346771,0.6448970437049866,-0.09461793303489685,Right,0.9894589781761169
5263,121,0,0.7636507749557495,0.41774076223373413,8.334820904565277e-07,0.7006644010543823,0.41640472412109375,-0.05785951763391495,0.6626192927360535,0.4721170961856842,-0.09496890008449554,0.6522333025932312,0.5516267418861389,-0.1165769100189209,0.6408649682998657,0.6189484596252441,-0.13626638054847717,0.7405093312263489,0.46721601486206055,-0.13713935017585754,0.709850549697876,0.5663295984268188,-0.1763795018196106,0.6775444149971008,0.6314432621002197,-0.1869412362575531,0.6504623293876648,0.6750980019569397,-0.18957634270191193,0.7823865413665771,0.5048106908798218,-0.11620964854955673,0.7561022639274597,0.6172958016395569,-0.15820972621440887,0.7056463956832886,0.6709761619567871,-0.1632903814315796,0.6652158498764038,0.6860244274139404,-0.16265662014484406,0.8019722700119019,0.5401155352592468,-0.09364534169435501,0.7917084097862244,0.6416416168212891,-0.12730741500854492,0.7443168759346008,0.6802402138710022,-0.13313892483711243,0.7045851945877075,0.6877998113632202,-0.1333523839712143,0.8073445558547974,0.5683373808860779,-0.0734410211443901,0.7989171147346497,0.6447564363479614,-0.1009167730808258,0.764083743095398,0.6732600331306458,-0.11101440340280533,0.7298398613929749,0.6800872087478638,-0.11470182985067368,Left,0.9977082014083862
5263,121,1,0.31326186656951904,0.3925553262233734,-1.1165176516669817e-07,0.3639650344848633,0.3997902274131775,-0.06366076320409775,0.3942689597606659,0.4577130973339081,-0.1015457734465599,0.40507110953330994,0.5356995463371277,-0.12485392391681671,0.42919203639030457,0.591947078704834,-0.14469942450523376,0.30948886275291443,0.4381459355354309,-0.12578324973583221,0.31807804107666016,0.5373212695121765,-0.16845673322677612,0.33554404973983765,0.6112732887268066,-0.18744529783725739,0.3455219268798828,0.6688226461410522,-0.19843566417694092,0.26515233516693115,0.4807641804218292,-0.10583917051553726,0.24385781586170197,0.5845086574554443,-0.14714770019054413,0.2865234315395355,0.6369556784629822,-0.1516171246767044,0.31963908672332764,0.6474332809448242,-0.1506953239440918,0.24271903932094574,0.5170626640319824,-0.08661722391843796,0.2361588478088379,0.6119398474693298,-0.12452606856822968,0.2846132516860962,0.6477461457252502,-0.1274401694536209,0.3167625367641449,0.6463741064071655,-0.12391453236341476,0.23565417528152466,0.5445692539215088,-0.07059118151664734,0.23264381289482117,0.6103523373603821,-0.09506294876337051,0.26754388213157654,0.6455835700035095,-0.09880009293556213,0.2954157590866089,0.6503462195396423,-0.09895902127027512,Right,0.9953666925430298
5305,122,0,0.7728254795074463,0.4062514305114746,7.782643365317199e-07,0.713946521282196,0.4080929756164551,-0.05940098315477371,0.6733900308609009,0.46344634890556335,-0.09838787466287613,0.658074676990509,0.5420469641685486,-0.12221795320510864,0.6412424445152283,0.6080656051635742,-0.14414145052433014,0.7466441988945007,0.4567752182483673,-0.13805946707725525,0.7174329161643982,0.5599950551986694,-0.17800436913967133,0.6882025599479675,0.6253584027290344,-0.1892610341310501,0.6651411056518555,0.6672751903533936,-0.19254150986671448,0.7881402969360352,0.49206364154815674,-0.11780522018671036,0.762729823589325,0.606520414352417,-0.1605851948261261,0.7158960103988647,0.6643447875976562,-0.16662199795246124,0.6779778003692627,0.6847923398017883,-0.16689026355743408,0.8080669045448303,0.5241779685020447,-0.09632529318332672,0.79693204164505,0.6286931037902832,-0.13073214888572693,0.7515804767608643,0.675014853477478,-0.13805407285690308,0.7123936414718628,0.6903480291366577,-0.13945366442203522,0.8145312666893005,0.5490315556526184,-0.077490895986557,0.807814359664917,0.6301255226135254,-0.10600409656763077,0.77602219581604,0.665587306022644,-0.11771704256534576,0.7432671189308167,0.6799156665802002,-0.12269163131713867,Left,0.9909185171127319
5305,122,1,0.30778464674949646,0.38732290267944336,-1.1398289956332519e-07,0.3567126989364624,0.39592140913009644,-0.06185442954301834,0.3847734034061432,0.45325949788093567,-0.09730571508407593,0.39798998832702637,0.527246356010437,-0.11910586804151535,0.4236965477466583,0.5767560005187988,-0.13782165944576263,0.30259332060813904,0.4348522126674652,-0.11687394231557846,0.3056766092777252,0.5339028835296631,-0.1557702124118805,0.3199155330657959,0.606677234172821,-0.17417918145656586,0.3266412019729614,0.6641108393669128,-0.18579991161823273,0.26055580377578735,0.4729704260826111,-0.09801773726940155,0.23161475360393524,0.5671811699867249,-0.13896135985851288,0.2723352909088135,0.625076949596405,-0.14775727689266205,0.30717217922210693,0.6452450156211853,-0.14995211362838745,0.2380671203136444,0.5068662762641907,-0.0797937884926796,0.2191985547542572,0.592507541179657,-0.11617307364940643,0.26455941796302795,0.6362236738204956,-0.12321637570858002,0.29943379759788513,0.6467268466949463,-0.12305963784456253,0.22990818321704865,0.5324508547782898,-0.0647607147693634,0.2161790132522583,0.5943405032157898,-0.0887647494673729,0.24625107645988464,0.6309742331504822,-0.09488511085510254,0.27342990040779114,0.643582820892334,-0.0970432460308075,Right,0.9926116466522217
5348,123,0,0.7806259989738464,0.40822339057922363,8.181041266652755e-07,0.7229778170585632,0.4059566259384155,-0.05999713018536568,0.6808092594146729,0.4542013108730316,-0.10111339390277863,0.6616011261940002,0.5265300273895264,-0.12671245634555817,0.6420620083808899,0.5871186852455139,-0.1510002464056015,0.7545357942581177,0.44824233651161194,-0.14532986283302307,0.7282050251960754,0.5413108468055725,-0.18923434615135193,0.6998602747917175,0.6075754165649414,-0.2040143758058548,0.6768572926521301,0.6531479954719543,-0.20961764454841614,0.7957412004470825,0.48278436064720154,-0.1259506493806839,0.7723948955535889,0.5960848331451416,-0.1720500886440277,0.728029727935791,0.658974289894104,-0.18030129373073578,0.6901228427886963,0.6871371269226074,-0.18222206830978394,0.8146328330039978,0.5169581174850464,-0.10505456477403641,0.8014585375785828,0.6190043091773987,-0.14186257123947144,0.7551668286323547,0.6724307537078857,-0.15171198546886444,0.7141246199607849,0.6971336007118225,-0.15494252741336823,0.8198795914649963,0.543968677520752,-0.08662217855453491,0.8101273775100708,0.6233679056167603,-0.11597521603107452,0.7780754566192627,0.6625361442565918,-0.1287803053855896,0.7450226545333862,0.68309485912323,-0.13502009212970734,Left,0.9950839877128601
5348,123,1,0.2987198233604431,0.37240070104599,-9.926335309273782e-08,0.3476211130619049,0.3869444727897644,-0.06094801053404808,0.378292053937912,0.4451035261154175,-0.0972449779510498,0.3906606435775757,0.5168079733848572,-0.11941304802894592,0.4171541929244995,0.5664048194885254,-0.13862034678459167,0.2955680191516876,0.42248210310935974,-0.11900943517684937,0.29581862688064575,0.518170952796936,-0.1576368808746338,0.3059174418449402,0.5885765552520752,-0.17506283521652222,0.311875581741333,0.6461384296417236,-0.18538565933704376,0.2504068613052368,0.45613759756088257,-0.09934990853071213,0.2288486361503601,0.5532927513122559,-0.13474734127521515,0.259066104888916,0.6172404289245605,-0.13971275091171265,0.28819966316223145,0.6475321054458618,-0.14101062715053558,0.2250746488571167,0.4877747595310211,-0.08023364096879959,0.216973215341568,0.5765023827552795,-0.11237470805644989,0.2552337050437927,0.6214534640312195,-0.11532127112150192,0.28693097829818726,0.6370348334312439,-0.1135864108800888,0.21474793553352356,0.5142631530761719,-0.06443227082490921,0.21281331777572632,0.5780541300773621,-0.08597458899021149,0.24152803421020508,0.6143555641174316,-0.0893610268831253,0.2680245637893677,0.6305475234985352,-0.08991485089063644,Right,0.9924280643463135
5392,124,0,0.7860883474349976,0.40408751368522644,8.409627412220289e-07,0.7301762104034424,0.4016140401363373,-0.06056606397032738,0.6887564659118652,0.44760847091674805,-0.10392802208662033,0.6673237085342407,0.5183515548706055,-0.13163839280605316,0.6401286125183105,0.57303386926651,-0.15835602581501007,0.7566407322883606,0.4390161633491516,-0.15101243555545807,0.7317243814468384,0.52901291847229,-0.1990729123353958,0.7046022415161133,0.5965336561203003,-0.217417374253273,0.6822941303253174,0.644778311252594,-0.2256096750497818,0.7997883558273315,0.47273367643356323,-0.13231642544269562,0.7798938155174255,0.5810694098472595,-0.18176692724227905,0.7413834929466248,0.6486452221870422,-0.19186219573020935,0.7061545848846436,0.6864664554595947,-0.1954655796289444,0.8210846781730652,0.5085115432739258,-0.11202163249254227,0.811424195766449,0.6082706451416016,-0.15125253796577454,0.7733889818191528,0.6693586707115173,-0.1627918779850006,0.7363671660423279,0.7048067450523376,-0.16737157106399536,0.8277595043182373,0.5376691818237305,-0.09416238218545914,0.8177697658538818,0.6163918972015381,-0.1246018335223198,0.7900921106338501,0.6616497039794922,-0.1386660635471344,0.7594169974327087,0.6924607753753662,-0.14621073007583618,Left,0.995741069316864
5392,124,1,0.28619512915611267,0.3652440309524536,-6.82182061950698e-08,0.3342806100845337,0.3793502449989319,-0.05645657703280449,0.36625248193740845,0.4338427186012268,-0.09224752336740494,0.3818988800048828,0.4993947148323059,-0.11571964621543884,0.4123969078063965,0.5428647994995117,-0.13690818846225739,0.2863985002040863,0.41690632700920105,-0.11232258379459381,0.2880067229270935,0.5037558078765869,-0.14905481040477753,0.2965899109840393,0.5709540843963623,-0.16612441837787628,0.3006715476512909,0.6269446015357971,-0.1765546053647995,0.2407243549823761,0.4426872134208679,-0.09601887315511703,0.21956013143062592,0.5391001105308533,-0.12841667234897614,0.24296925961971283,0.6072940230369568,-0.13380342721939087,0.2675800919532776,0.6442416310310364,-0.13649562001228333,0.21305382251739502,0.46898871660232544,-0.08019708096981049,0.20163609087467194,0.5588158369064331,-0.10973963886499405,0.23441244661808014,0.6096240878105164,-0.11363904923200607,0.26452338695526123,0.6326191425323486,-0.11340976506471634,0.2005588710308075,0.49254077672958374,-0.06754880398511887,0.19456550478935242,0.5619165897369385,-0.08784529566764832,0.21864643692970276,0.6033084392547607,-0.09175986796617508,0.2433590143918991,0.6247689723968506,-0.09322952479124069,Right,0.9916037321090698
5436,125,0,0.8028056621551514,0.40078914165496826,7.829233368283894e-07,0.7473834156990051,0.4038359522819519,-0.05600101128220558,0.7039850950241089,0.44557619094848633,-0.09958705306053162,0.6708765625953674,0.5018296241760254,-0.12948179244995117,0.6345188617706299,0.539679765701294,-0.15939705073833466,0.7606277465820312,0.433779239654541,-0.15118785202503204,0.7393510341644287,0.5170146226882935,-0.20179615914821625,0.7203382849693298,0.579906165599823,-0.2227996587753296,0.7064949870109558,0.6322489976882935,-0.23409400880336761,0.8082113862037659,0.46245867013931274,-0.13740161061286926,0.7967779040336609,0.5568593740463257,-0.1910238415002823,0.7724137306213379,0.6311004161834717,-0.2067752331495285,0.7503651976585388,0.6858649253845215,-0.215630441904068,0.8367054462432861,0.4934452176094055,-0.12149994820356369,0.8408634066581726,0.5848495960235596,-0.1646154224872589,0.8218305706977844,0.6563161015510559,-0.1824577897787094,0.8013202548027039,0.7092742919921875,-0.19217051565647125,0.8503204584121704,0.5215950012207031,-0.10748349875211716,0.8555757999420166,0.5937780141830444,-0.1400393694639206,0.842566967010498,0.6436782479286194,-0.1580015867948532,0.8243002891540527,0.6866334080696106,-0.16985666751861572,Left,0.9774946570396423
5436,125,1,0.2720407545566559,0.36217403411865234,-2.7912070876823236e-08,0.3176179826259613,0.39072227478027344,-0.041722092777490616,0.3478844165802002,0.4364398419857025,-0.07206164300441742,0.37420281767845154,0.4860042929649353,-0.09391922503709793,0.412044882774353,0.5086994171142578,-0.1153896376490593,0.2816113531589508,0.4269985556602478,-0.09214463084936142,0.27534016966819763,0.4834012985229492,-0.12537041306495667,0.27735716104507446,0.541124165058136,-0.14380435645580292,0.2790215313434601,0.5962640047073364,-0.1565008908510208,0.23572812974452972,0.43393710255622864,-0.08389353007078171,0.21048255264759064,0.4883628487586975,-0.11437489092350006,0.2148151397705078,0.5569813847541809,-0.12549279630184174,0.2264159917831421,0.6099408864974976,-0.13513873517513275,0.20457547903060913,0.44941332936286926,-0.07563961297273636,0.17418375611305237,0.5031313300132751,-0.10474541038274765,0.1753358244895935,0.5698790550231934,-0.11742580682039261,0.18547296524047852,0.6229290962219238,-0.12494571506977081,0.18887712061405182,0.46709999442100525,-0.0692167803645134,0.15899930894374847,0.5108520984649658,-0.0914105474948883,0.15362828969955444,0.5572207570075989,-0.10165540874004364,0.15889547765254974,0.6005425453186035,-0.10901365429162979,Right,0.9818859696388245
5479,126,0,0.8104212880134583,0.39422231912612915,5.605864430435759e-07,0.7544118165969849,0.39834707975387573,-0.04976120591163635,0.7072557806968689,0.4493347406387329,-0.08439034968614578,0.6671638488769531,0.5026265978813171,-0.10711100697517395,0.6234243512153625,0.5264540910720825,-0.13022269308567047,0.7601110935211182,0.44238895177841187,-0.12834230065345764,0.7403685450553894,0.5131612420082092,-0.17121076583862305,0.7274564504623413,0.5716692805290222,-0.1903541535139084,0.7154493927955627,0.6265996694564819,-0.202053502202034,0.8077588081359863,0.4684939980506897,-0.11531119048595428,0.8015512228012085,0.5510821342468262,-0.15909826755523682,0.7915432453155518,0.6213536262512207,-0.17398637533187866,0.7813546657562256,0.6834771633148193,-0.1842460036277771,0.8388057947158813,0.4942809045314789,-0.10047584772109985,0.8436890840530396,0.5731645226478577,-0.1364133507013321,0.8394497036933899,0.6411864161491394,-0.15289060771465302,0.8326321244239807,0.6999757885932922,-0.16290488839149475,0.8557863831520081,0.5155727863311768,-0.08769986033439636,0.8665181994438171,0.5802021622657776,-0.11586707085371017,0.8662878274917603,0.6278054118156433,-0.13245514035224915,0.8596054315567017,0.6745480895042419,-0.14411993324756622,Left,0.9747918248176575
5479,126,1,0.2623673975467682,0.36540380120277405,1.9642278914488998e-07,0.3071750998497009,0.3930068016052246,-0.03841719403862953,0.3393208086490631,0.43670108914375305,-0.06850256770849228,0.37284886837005615,0.4791701138019562,-0.09089095890522003,0.412048876285553,0.4960803985595703,-0.11367985606193542,0.2776488959789276,0.43607819080352783,-0.09253601729869843,0.26909777522087097,0.49062252044677734,-0.12467904388904572,0.269657164812088,0.5424062609672546,-0.14249438047409058,0.26846399903297424,0.5953653454780579,-0.1548243761062622,0.23353290557861328,0.44061195850372314,-0.08567579835653305,0.20382317900657654,0.4967094659805298,-0.1168302372097969,0.20016835629940033,0.5630417466163635,-0.12996385991573334,0.19995421171188354,0.6209111213684082,-0.14100028574466705,0.2034306824207306,0.4512360990047455,-0.07784459739923477,0.16258591413497925,0.4992772936820984,-0.10573219507932663,0.14993378520011902,0.5591440796852112,-0.11914625018835068,0.14481818675994873,0.6111452579498291,-0.12752896547317505,0.18830308318138123,0.4630008041858673,-0.07147141546010971,0.14587152004241943,0.4977261424064636,-0.0932261198759079,0.12885810434818268,0.5380144715309143,-0.10385424643754959,0.12078803777694702,0.5792242288589478,-0.11136864870786667,Right,0.9746192693710327
