timestamp_ms,frame,hand,x0,y0,z0,x1,y1,z1,x2,y2,z2,x3,y3,z3,x4,y4,z4,x5,y5,z5,x6,y6,z6,x7,y7,z7,x8,y8,z8,x9,y9,z9,x10,y10,z10,x11,y11,z11,x12,y12,z12,x13,y13,z13,x14,y14,z14,x15,y15,z15,x16,y16,z16,x17,y17,z17,x18,y18,z18,x19,y19,z19,x20,y20,z20,handedness,handedness_score
74,2,0,0.6842631101608276,0.43214407563209534,1.3403767695763236e-07,0.6443477869033813,0.4447365701198578,-0.03058522380888462,0.6105054616928101,0.47697094082832336,-0.054077908396720886,0.5853740572929382,0.5138576626777649,-0.07037382572889328,0.5562214255332947,0.5323658585548401,-0.0873037800192833,0.64863520860672,0.4567148983478546,-0.08535918593406677,0.636333703994751,0.49440258741378784,-0.11928603053092957,0.6286991238594055,0.5268498063087463,-0.13858948647975922,0.6200494766235352,0.5584438443183899,-0.15173959732055664,0.6838326454162598,0.4718702733516693,-0.08035796880722046,0.6763294339179993,0.5188350081443787,-0.11548369377851486,0.6651923060417175,0.5602769255638123,-0.1311662793159485,0.6527594923973083,0.5952781438827515,-0.144399955868721,0.7074370384216309,0.4915461242198944,-0.07459904253482819,0.7009230256080627,0.5369176268577576,-0.10457456856966019,0.6871775984764099,0.5731923580169678,-0.11605595797300339,0.6710290908813477,0.6021759510040283,-0.12454848736524582,0.7238038778305054,0.51227205991745,-0.06992454081773758,0.7251785397529602,0.548818051815033,-0.0930563434958458,0.7157305479049683,0.5719370245933533,-0.10480983555316925,0.7011362910270691,0.5912718772888184,-0.11432994157075882,Left,0.995947003364563
74,2,1,0.2795119285583496,0.4573795199394226,-1.3662439357631229e-07,0.3164372146129608,0.4748513698577881,-0.017458952963352203,0.34776270389556885,0.5014146566390991,-0.033604077994823456,0.37497735023498535,0.5317043662071228,-0.047275178134441376,0.40190982818603516,0.5493344068527222,-0.06183093041181564,0.3063701391220093,0.5031712055206299,-0.04750223085284233,0.33381035923957825,0.5523713827133179,-0.0664016380906105,0.3523680567741394,0.5857793688774109,-0.07628980278968811,0.3666965663433075,0.6176475882530212,-0.08288125693798065,0.2751639485359192,0.5190655589103699,-0.04679843783378601,0.2987222373485565,0.5705715417861938,-0.06463992595672607,0.31839489936828613,0.6074154376983643,-0.07241380959749222,0.3327975869178772,0.6381005048751831,-0.07929442077875137,0.2509784698486328,0.5321683883666992,-0.04556671902537346,0.2640787363052368,0.5829275846481323,-0.0626315101981163,0.27930572628974915,0.6161454916000366,-0.0686742439866066,0.2940887212753296,0.6419346332550049,-0.07226809114217758,0.23560300469398499,0.5426681637763977,-0.0449732206761837,0.23270957171916962,0.5809584856033325,-0.05770355835556984,0.2377074658870697,0.6050832271575928,-0.06189067289233208,0.24741990864276886,0.6257777810096741,-0.06463315337896347,Right,0.9843717217445374
175,3,0,0.6830611228942871,0.4235505163669586,2.966591239328409e-07,0.646518349647522,0.43464699387550354,-0.030694812536239624,0.6125003099441528,0.4706503748893738,-0.05270787701010704,0.5850649476051331,0.5096973776817322,-0.06747357547283173,0.5567908883094788,0.5299488306045532,-0.08271898329257965,0.6501851677894592,0.4560866057872772,-0.08139053732156754,0.6365015506744385,0.4976705312728882,-0.10938896238803864,0.6279356479644775,0.5304678082466125,-0.12296895682811737,0.6191719174385071,0.5638524293899536,-0.13218539953231812,0.6822106242179871,0.4711528420448303,-0.07470320910215378,0.6756688356399536,0.519707977771759,-0.10306550562381744,0.6664415001869202,0.5607726573944092,-0.11368130147457123,0.6556103229522705,0.5972431302070618,-0.1227845847606659,0.7058329582214355,0.4881034791469574,-0.06708402186632156,0.7016110420227051,0.5348710417747498,-0.09180007874965668,0.6889929175376892,0.5722272396087646,-0.10246419906616211,0.6741188168525696,0.6019749641418457,-0.11012744158506393,0.722601592540741,0.5026258230209351,-0.06079486384987831,0.7277994751930237,0.541789174079895,-0.08160126954317093,0.7204991579055786,0.5657633543014526,-0.09341287612915039,0.705815315246582,0.5857948660850525,-0.10241130739450455,Left,0.9746219515800476
175,3,1,0.27822059392929077,0.4544181525707245,-6.998376989031385e-08,0.31600502133369446,0.47549527883529663,-0.016624798998236656,0.34739598631858826,0.5030891299247742,-0.031057126820087433,0.3754481375217438,0.5324366092681885,-0.04314739629626274,0.4033609926700592,0.5496212244033813,-0.05578247085213661,0.30793729424476624,0.5028310418128967,-0.042793743312358856,0.33378446102142334,0.5503726601600647,-0.06182758882641792,0.3508415222167969,0.5839065313339233,-0.07166118174791336,0.3653950095176697,0.6166972517967224,-0.07823771983385086,0.27696657180786133,0.5179632902145386,-0.04248751699924469,0.2986045181751251,0.5692430138587952,-0.06257471442222595,0.3172023296356201,0.6056579351425171,-0.07132089138031006,0.332740843296051,0.638613224029541,-0.0780506506562233,0.2522818446159363,0.5308142304420471,-0.04191103205084801,0.26313143968582153,0.5794708132743835,-0.06158444285392761,0.2774033844470978,0.6132405400276184,-0.06798538565635681,0.29261744022369385,0.6428001523017883,-0.07100804895162582,0.23567932844161987,0.5404548645019531,-0.04187612235546112,0.23092827200889587,0.5774109959602356,-0.05618249997496605,0.23585820198059082,0.6019473671913147,-0.061022672802209854,0.24567021429538727,0.6252787709236145,-0.06402528285980225,Right,0.9805117249488831
248,4,0,0.6820628643035889,0.4262579083442688,2.992884731156664e-07,0.6463170647621155,0.43778663873672485,-0.029595287516713142,0.6124168634414673,0.473501980304718,-0.05076080933213234,0.5841261148452759,0.5112422108650208,-0.06507361680269241,0.5553766489028931,0.5295227766036987,-0.07975974678993225,0.6502740979194641,0.4553872346878052,-0.07860688120126724,0.6364933848381042,0.49704596400260925,-0.1050877645611763,0.628202497959137,0.531166672706604,-0.11741093546152115,0.6198802590370178,0.5652880072593689,-0.1258261352777481,0.6817579865455627,0.4692857265472412,-0.07237928360700607,0.6761378049850464,0.5191762447357178,-0.09928872436285019,0.6676955223083496,0.5611180067062378,-0.1086452305316925,0.6570608615875244,0.5985037684440613,-0.11691291630268097,0.7051181197166443,0.4856110215187073,-0.0652804970741272,0.7016781568527222,0.532526433467865,-0.08917828649282455,0.6895256042480469,0.5702646374702454,-0.09941846877336502,0.6745017766952515,0.6006488800048828,-0.10673491656780243,0.7217035889625549,0.49950262904167175,-0.05952572450041771,0.7280773520469666,0.5385894775390625,-0.07970240712165833,0.7215802073478699,0.5629748106002808,-0.09131768345832825,0.7072330713272095,0.5838464498519897,-0.10024774074554443,Left,0.9734147191047668
248,4,1,0.27903062105178833,0.45588815212249756,-3.4555103667344156e-08,0.31563302874565125,0.47669902443885803,-0.017565365880727768,0.3471435308456421,0.5032344460487366,-0.03207522630691528,0.3764795660972595,0.533123254776001,-0.04430999606847763,0.40370041131973267,0.5524014830589294,-0.05709223821759224,0.30841636657714844,0.5041344165802002,-0.041248079389333725,0.3340405225753784,0.5515305399894714,-0.060843952000141144,0.35090121626853943,0.5852788090705872,-0.07143259048461914,0.3654620945453644,0.6173991560935974,-0.07850664854049683,0.2773570418357849,0.5203041434288025,-0.04071028530597687,0.2987963557243347,0.5696350932121277,-0.06109055131673813,0.316843718290329,0.6060203313827515,-0.07041461020708084,0.3327815532684326,0.6390873789787292,-0.07758547365665436,0.25271135568618774,0.5334031581878662,-0.04031110554933548,0.26353710889816284,0.5804874897003174,-0.06062522530555725,0.2773113548755646,0.6134041547775269,-0.06726180016994476,0.292610764503479,0.6433101296424866,-0.07039824873209,0.23623055219650269,0.5424169301986694,-0.040568187832832336,0.23168990015983582,0.5789420008659363,-0.05536780133843422,0.2361718714237213,0.6038867235183716,-0.060506705194711685,0.24584566056728363,0.6277814507484436,-0.06378509849309921,Right,0.9762780070304871
324,5,0,0.6826490759849548,0.4263082444667816,2.990374809996865e-07,0.646541178226471,0.4380376935005188,-0.028886254876852036,0.6126323342323303,0.4727642238140106,-0.04982137680053711,0.5848687291145325,0.5104362964630127,-0.0641520768404007,0.5565650463104248,0.5289334058761597,-0.07885032892227173,0.6503403186798096,0.4549340009689331,-0.0767754465341568,0.6363340020179749,0.496541827917099,-0.10277960449457169,0.6279555559158325,0.5306262373924255,-0.11500441282987595,0.6197301745414734,0.5650908946990967,-0.12342486530542374,0.6817834377288818,0.4690326750278473,-0.07089012861251831,0.676078736782074,0.5189348459243774,-0.09713973104953766,0.6676337718963623,0.5608950257301331,-0.1062600389122963,0.6570347547531128,0.598781168460846,-0.11440509557723999,0.7052640914916992,0.48537999391555786,-0.06414575129747391,0.7017293572425842,0.5328146815299988,-0.08742734044790268,0.6894753575325012,0.5703280568122864,-0.09723569452762604,0.6744887232780457,0.6005445718765259,-0.10430780053138733,0.7219836711883545,0.499367892742157,-0.05874820798635483,0.7280712127685547,0.5384451746940613,-0.07838401943445206,0.7213335037231445,0.562873363494873,-0.0895729660987854,0.7069040536880493,0.5837698578834534,-0.09819969534873962,Left,0.9763287901878357
324,5,1,0.2777041792869568,0.4569264054298401,-3.9996642442474695e-08,0.3150702714920044,0.47623327374458313,-0.0177621990442276,0.34722739458084106,0.5023180246353149,-0.032593756914138794,0.3766903281211853,0.5320916771888733,-0.04519825056195259,0.4044215977191925,0.5514148473739624,-0.05838000401854515,0.3081364929676056,0.5047162771224976,-0.04171597957611084,0.33379292488098145,0.5510009527206421,-0.06133447214961052,0.35076308250427246,0.5848957896232605,-0.07194668799638748,0.365073025226593,0.6175357699394226,-0.07914172857999802,0.277281790971756,0.520561933517456,-0.04127875342965126,0.29872414469718933,0.5697319507598877,-0.06181599572300911,0.31689372658729553,0.606066107749939,-0.07126370817422867,0.33239778876304626,0.6393563747406006,-0.07854963839054108,0.2526715099811554,0.5331785082817078,-0.04096493124961853,0.2633616626262665,0.5801056027412415,-0.06152549386024475,0.27729594707489014,0.6130216717720032,-0.06846833974123001,0.29243484139442444,0.6430776715278625,-0.07180017232894897,0.23596101999282837,0.5416164994239807,-0.041291896253824234,0.23128953576087952,0.5784853100776672,-0.056278251111507416,0.23589448630809784,0.6033531427383423,-0.06161065772175789,0.24564263224601746,0.6272361874580383,-0.06505407392978668,Right,0.9728338718414307
395,6,0,0.6828635931015015,0.42583590745925903,2.9433229542519257e-07,0.6466251015663147,0.4377606213092804,-0.028908265754580498,0.6121860146522522,0.47356149554252625,-0.04953763261437416,0.5841262936592102,0.511061429977417,-0.06354814767837524,0.5556442737579346,0.5294719934463501,-0.07795024663209915,0.6505322456359863,0.4564819931983948,-0.07663392275571823,0.636599600315094,0.49741002917289734,-0.10272254049777985,0.6282545328140259,0.5313358902931213,-0.11504591256380081,0.6199272871017456,0.5652133822441101,-0.12351950258016586,0.6820229887962341,0.4698946475982666,-0.07071805745363235,0.6763841509819031,0.519018828868866,-0.0973338633775711,0.6677153706550598,0.5605515837669373,-0.10699988156557083,0.6569297909736633,0.5979407429695129,-0.11555660516023636,0.7054829597473145,0.486002653837204,-0.06398522853851318,0.7022243738174438,0.5323203206062317,-0.08789564669132233,0.6901325583457947,0.5698973536491394,-0.09862185269594193,0.6752130389213562,0.6003339290618896,-0.10628048330545425,0.7224339246749878,0.4998813569545746,-0.05852114409208298,0.727949857711792,0.5386513471603394,-0.07876948267221451,0.721161425113678,0.5628491044044495,-0.09067391604185104,0.7069282531738281,0.5840402245521545,-0.09985649585723877,Left,0.9745645523071289
395,6,1,0.27890610694885254,0.45619654655456543,-2.7488059828328915e-08,0.3156830072402954,0.47721534967422485,-0.01735512912273407,0.3474721312522888,0.5040750503540039,-0.03176490589976311,0.3768179416656494,0.5337240099906921,-0.04389806464314461,0.40404805541038513,0.5525428056716919,-0.056516457349061966,0.30797043442726135,0.5042417049407959,-0.04148338362574577,0.33335816860198975,0.5520463585853577,-0.06111874058842659,0.35017940402030945,0.5859628319740295,-0.07163632661104202,0.36452898383140564,0.618115246295929,-0.07867370545864105,0.27722400426864624,0.5199977159500122,-0.0410233773291111,0.29843470454216003,0.5702764391899109,-0.061280544847249985,0.31629717350006104,0.6066147685050964,-0.07029765844345093,0.3319799602031708,0.6393140554428101,-0.07730434089899063,0.2529619634151459,0.5329630970954895,-0.04069434106349945,0.2635667622089386,0.5814189910888672,-0.06081525981426239,0.27715060114860535,0.6139324307441711,-0.06715688854455948,0.29243889451026917,0.642830491065979,-0.07014355808496475,0.2368335723876953,0.5416488647460938,-0.04102324694395065,0.23148417472839355,0.5785878300666809,-0.05570128932595253,0.2359912097454071,0.6034256219863892,-0.06080520153045654,0.24625922739505768,0.6267902851104736,-0.06412310153245926,Right,0.9769437909126282
469,7,0,0.6821964979171753,0.4252700209617615,3.055500314985693e-07,0.6462124586105347,0.43803533911705017,-0.029202356934547424,0.6122706532478333,0.4737767279148102,-0.050370845943689346,0.5842627882957458,0.5112339854240417,-0.06479290127754211,0.5557831525802612,0.5297806859016418,-0.07958663254976273,0.6505781412124634,0.4553453326225281,-0.07849068939685822,0.6366155743598938,0.4971104562282562,-0.10526008903980255,0.6279671788215637,0.5313829183578491,-0.11786624789237976,0.6194393634796143,0.5656535029411316,-0.12645560503005981,0.6820709109306335,0.46889835596084595,-0.07249584794044495,0.6760117411613464,0.5189908742904663,-0.09972181916236877,0.6670352220535278,0.5610038042068481,-0.10937469452619553,0.6560266613960266,0.5986855626106262,-0.11788681149482727,0.7055467367172241,0.48533859848976135,-0.06561636924743652,0.701924204826355,0.5322591662406921,-0.08984702825546265,0.6895827054977417,0.57012939453125,-0.1003783643245697,0.6744732856750488,0.6007139086723328,-0.10789322853088379,0.7224559187889099,0.4996940493583679,-0.06002068892121315,0.7278117537498474,0.538743793964386,-0.0804227963089943,0.7208375930786133,0.5630359649658203,-0.09224824607372284,0.7064304947853088,0.5841190218925476,-0.10135123878717422,Left,0.9734649658203125
469,7,1,0.2784554660320282,0.4549936354160309,-4.0545856450080464e-08,0.3155757784843445,0.4756345748901367,-0.017434049397706985,0.34748050570487976,0.5024712681770325,-0.032148703932762146,0.37691187858581543,0.5329603552818298,-0.044672805815935135,0.4046456813812256,0.5525951385498047,-0.05772261694073677,0.30808496475219727,0.5043810606002808,-0.041303426027297974,0.3339990973472595,0.5511928796768188,-0.060875292867422104,0.35075539350509644,0.5851149559020996,-0.07143881916999817,0.3648262321949005,0.6177494525909424,-0.07862923294305801,0.2771449387073517,0.5204998850822449,-0.04089999943971634,0.2990630865097046,0.5701602101325989,-0.06141094118356705,0.31728920340538025,0.6064878702163696,-0.07073700428009033,0.3328118920326233,0.6394916772842407,-0.0779663547873497,0.25269824266433716,0.5332421660423279,-0.040612880140542984,0.2634914517402649,0.5811720490455627,-0.06114887818694115,0.27753323316574097,0.6138068437576294,-0.067912258207798,0.2929423153400421,0.6431098580360413,-0.07113581150770187,0.2363758534193039,0.5417754650115967,-0.040962111204862595,0.23127324879169464,0.5782144069671631,-0.056053467094898224,0.23597827553749084,0.603134274482727,-0.06154509633779526,0.24606654047966003,0.6270135045051575,-0.06509602069854736,Right,0.975464403629303
540,8,0,0.6825053691864014,0.42609328031539917,3.038000784272299e-07,0.6465951204299927,0.4379090368747711,-0.028888260945677757,0.612686038017273,0.4725811779499054,-0.04979914426803589,0.584945797920227,0.5099433064460754,-0.06411542743444443,0.5573693513870239,0.5290314555168152,-0.07874614745378494,0.6507042050361633,0.45515838265419006,-0.0768909752368927,0.636101245880127,0.49711787700653076,-0.10305404663085938,0.6273754239082336,0.5311781764030457,-0.11527200788259506,0.6190232038497925,0.5655513405799866,-0.12358139455318451,0.6818153262138367,0.46941137313842773,-0.0710417851805687,0.6754565238952637,0.5194947719573975,-0.09755667299032211,0.6667596697807312,0.5615090727806091,-0.10669904947280884,0.6559499502182007,0.5993698835372925,-0.11473868787288666,0.7050727605819702,0.4858904182910919,-0.06433986127376556,0.7012400031089783,0.5329970121383667,-0.08772868663072586,0.6889068484306335,0.5706654787063599,-0.09746438264846802,0.6738072037696838,0.6012502908706665,-0.104421466588974,0.7216898798942566,0.49995166063308716,-0.05900723487138748,0.727819561958313,0.5386829376220703,-0.0786755159497261,0.7211040258407593,0.5630804300308228,-0.08979000896215439,0.7066017389297485,0.5841432213783264,-0.09829749912023544,Left,0.9693975448608398
540,8,1,0.2782650291919708,0.4569571316242218,-3.8531894119842036e-08,0.3151121437549591,0.47703564167022705,-0.017622504383325577,0.3473908007144928,0.5031569600105286,-0.03216584399342537,0.37691253423690796,0.5331401228904724,-0.04448305442929268,0.4039543867111206,0.5533567070960999,-0.05723930895328522,0.30763524770736694,0.5046426653862,-0.04117831587791443,0.3336811065673828,0.5517633557319641,-0.060677140951156616,0.35055217146873474,0.5858669877052307,-0.07114580273628235,0.3647648096084595,0.6182928681373596,-0.07818140834569931,0.27693432569503784,0.5211451649665833,-0.04060179367661476,0.2991727888584137,0.5708175301551819,-0.06072545051574707,0.3172083795070648,0.6074337363243103,-0.06975103169679642,0.3327081501483917,0.6402809023857117,-0.07677245885133743,0.2526070177555084,0.5344579219818115,-0.04021814465522766,0.26373231410980225,0.5815920829772949,-0.06028257682919502,0.2774423360824585,0.6138612627983093,-0.06665918231010437,0.29249295592308044,0.642696738243103,-0.06965339928865433,0.23628589510917664,0.5433571934700012,-0.0405464805662632,0.2314508557319641,0.57936030626297,-0.05529206618666649,0.23614810407161713,0.6038855910301208,-0.060488104820251465,0.24622799456119537,0.6271553039550781,-0.06380806863307953,Right,0.9757329821586609
612,9,0,0.6825517416000366,0.4267379343509674,3.1149372148320253e-07,0.6465145349502563,0.43853995203971863,-0.03002079389989376,0.6128409504890442,0.4736693501472473,-0.051800016313791275,0.5844686627388,0.5106863975524902,-0.06668496876955032,0.556488037109375,0.5299586057662964,-0.08197744190692902,0.6507044434547424,0.4557928144931793,-0.08022294193506241,0.63605797290802,0.49751517176628113,-0.10774887353181839,0.6274619102478027,0.5320499539375305,-0.12087630480527878,0.6190534234046936,0.5663674473762512,-0.12982288002967834,0.6817622184753418,0.46938449144363403,-0.07407579571008682,0.675071120262146,0.5193302035331726,-0.10239086300134659,0.6661672592163086,0.5614576935768127,-0.11285775154829025,0.6551509499549866,0.599327802658081,-0.12191861867904663,0.7050321698188782,0.4859360456466675,-0.06699089705944061,0.7011711597442627,0.5324278473854065,-0.09187711775302887,0.688996434211731,0.5704558491706848,-0.10274090617895126,0.6739839315414429,0.6013320684432983,-0.11051923781633377,0.7218866944313049,0.5004844069480896,-0.06124712899327278,0.7275727987289429,0.5387911796569824,-0.08209725469350815,0.7209690809249878,0.5629388093948364,-0.09410736709833145,0.7068385481834412,0.584030032157898,-0.10338464379310608,Left,0.9644404649734497
612,9,1,0.27835386991500854,0.45700085163116455,-3.4880905275258556e-08,0.31528931856155396,0.476897656917572,-0.01767231523990631,0.3474171459674835,0.5028407573699951,-0.03255937248468399,0.37692707777023315,0.5329790115356445,-0.045228540897369385,0.4047493040561676,0.552588939666748,-0.05834481865167618,0.30810779333114624,0.5044646263122559,-0.041508473455905914,0.3339817523956299,0.5520508289337158,-0.060913894325494766,0.35069310665130615,0.5860038995742798,-0.07118435204029083,0.3645683825016022,0.6182964444160461,-0.0781124010682106,0.27737823128700256,0.5205651521682739,-0.040964506566524506,0.29940730333328247,0.5710289478302002,-0.06129702553153038,0.3174101710319519,0.6074140667915344,-0.07030989974737167,0.3326375186443329,0.6400819420814514,-0.07726026326417923,0.25304746627807617,0.5333994626998901,-0.04057754576206207,0.2641705572605133,0.5817907452583313,-0.06090889871120453,0.2779420018196106,0.6141362190246582,-0.06742386519908905,0.2929631173610687,0.6429408192634583,-0.07045336812734604,0.23664836585521698,0.5421448349952698,-0.04086191952228546,0.23168671131134033,0.5788130760192871,-0.05572065711021423,0.23626329004764557,0.6036708354949951,-0.06105372682213783,0.24625444412231445,0.6271833777427673,-0.06449408084154129,Right,0.9747099280357361
685,10,0,0.6825270056724548,0.42627233266830444,3.053185650969681e-07,0.6464399695396423,0.43836164474487305,-0.03009648062288761,0.6128438711166382,0.4736241400241852,-0.051911648362874985,0.584511935710907,0.5107422471046448,-0.06683865934610367,0.5560678839683533,0.5298091173171997,-0.08219343423843384,0.6505250334739685,0.45592066645622253,-0.08009401708841324,0.6366111040115356,0.49649932980537415,-0.10771013796329498,0.6281672120094299,0.5301780104637146,-0.12102282047271729,0.6197664737701416,0.5643360018730164,-0.13011294603347778,0.6818384528160095,0.46953314542770386,-0.07397237420082092,0.6754295229911804,0.5191318392753601,-0.10224487632513046,0.6665705442428589,0.561180055141449,-0.11287987232208252,0.6555576920509338,0.5992152094841003,-0.12208439409732819,0.7052009105682373,0.48586305975914,-0.06693652272224426,0.7011529803276062,0.5322765111923218,-0.09193231165409088,0.6887441277503967,0.5703932642936707,-0.10298005491495132,0.6736017465591431,0.6013807058334351,-0.11085665225982666,0.7220439910888672,0.49994558095932007,-0.061229169368743896,0.7276160717010498,0.5386440753936768,-0.08216866105794907,0.7210347056388855,0.5629606246948242,-0.09425801038742065,0.7069002985954285,0.5841657519340515,-0.10359323024749756,Left,0.9641856551170349
685,10,1,0.27870139479637146,0.4590390920639038,-2.994458014882184e-08,0.3153885006904602,0.4781384766101837,-0.017600566148757935,0.3473447263240814,0.5030691027641296,-0.03268337994813919,0.37690412998199463,0.5324526429176331,-0.04546702653169632,0.40421268343925476,0.5523599982261658,-0.05873185396194458,0.3076654076576233,0.5043118000030518,-0.04274433106184006,0.33394575119018555,0.5524131655693054,-0.062335070222616196,0.35061153769493103,0.5862647294998169,-0.07255492359399796,0.3645445704460144,0.6181848049163818,-0.07934501022100449,0.27693110704421997,0.5204026103019714,-0.042205560952425,0.29902467131614685,0.5712193846702576,-0.0624823234975338,0.31689125299453735,0.6075283288955688,-0.07128819078207016,0.3322814404964447,0.6401734352111816,-0.07812297344207764,0.2526387870311737,0.5332903265953064,-0.04170906916260719,0.2639864385128021,0.5817800760269165,-0.06183988228440285,0.27759090065956116,0.6137902736663818,-0.06791865080595016,0.2926325798034668,0.6423291563987732,-0.07071894407272339,0.23643463850021362,0.5421538949012756,-0.04185495153069496,0.23200425505638123,0.5787498950958252,-0.05651333928108215,0.2366163432598114,0.6035929918289185,-0.061462804675102234,0.24658025801181793,0.6271374821662903,-0.06463932245969772,Right,0.979139506816864
757,11,0,0.6822846531867981,0.42589014768600464,3.055003219287755e-07,0.6463369727134705,0.4379858672618866,-0.030859971418976784,0.6130330562591553,0.4734850227832794,-0.05331563577055931,0.5849412679672241,0.510746419429779,-0.0686880499124527,0.5561332106590271,0.5298160314559937,-0.0844733938574791,0.6503423452377319,0.4556080102920532,-0.08185137808322906,0.6368467807769775,0.4953048825263977,-0.11039382964372635,0.6286026835441589,0.5289021730422974,-0.12432887405157089,0.6204004287719727,0.5631639957427979,-0.13382309675216675,0.6816838979721069,0.4692918062210083,-0.07556901127099991,0.6753340363502502,0.5186886191368103,-0.10470490157604218,0.6665387749671936,0.5608683228492737,-0.11577704548835754,0.6555595993995667,0.5991470217704773,-0.12530897557735443,0.705141544342041,0.48583170771598816,-0.06839113682508469,0.7012827396392822,0.5322091579437256,-0.09411902725696564,0.6890434622764587,0.5703893899917603,-0.10552386939525604,0.6739513278007507,0.6014496088027954,-0.1136329397559166,0.7221075892448425,0.49998152256011963,-0.06257655471563339,0.7277167439460754,0.5385649800300598,-0.084026038646698,0.7209858298301697,0.5628520250320435,-0.09646163880825043,0.7067309021949768,0.5842366218566895,-0.10607967525720596,Left,0.9584416151046753
757,11,1,0.2780459523200989,0.4586116075515747,-4.0909036158609524e-08,0.31492772698402405,0.47718656063079834,-0.01798132061958313,0.34694886207580566,0.5029595494270325,-0.033463459461927414,0.3765909969806671,0.5330148935317993,-0.046548932790756226,0.4047729969024658,0.551790177822113,-0.060103874653577805,0.3073952794075012,0.5034460425376892,-0.04395998641848564,0.33424612879753113,0.5515121221542358,-0.06379042565822601,0.3512642979621887,0.5856470465660095,-0.07404370605945587,0.3652345538139343,0.6180203557014465,-0.08089536428451538,0.27675914764404297,0.5191506743431091,-0.04336685687303543,0.2987551987171173,0.5701658725738525,-0.06412819772958755,0.31705760955810547,0.6066251397132874,-0.0729173943400383,0.3324013352394104,0.6392726898193359,-0.07968152314424515,0.25238463282585144,0.5320387482643127,-0.04278307408094406,0.2637045085430145,0.5810950994491577,-0.06329644471406937,0.2776479423046112,0.6137620806694031,-0.06947290897369385,0.2927672564983368,0.6427175998687744,-0.07229650765657425,0.23572465777397156,0.5413206219673157,-0.042855024337768555,0.23160138726234436,0.5784297585487366,-0.05781794339418411,0.2365962564945221,0.6035372018814087,-0.06291025131940842,0.24682457745075226,0.6274443864822388,-0.0661754310131073,Right,0.9780830144882202
829,12,0,0.6838295459747314,0.42541685700416565,2.829141863003315e-07,0.6475553512573242,0.43530526757240295,-0.02919815666973591,0.6128547191619873,0.47074419260025024,-0.05032036080956459,0.5838842988014221,0.5075628161430359,-0.06470872461795807,0.5550565719604492,0.526005744934082,-0.0794198140501976,0.651141881942749,0.45415982604026794,-0.07672544568777084,0.6409210562705994,0.4925370216369629,-0.10286229103803635,0.6343145966529846,0.5251340270042419,-0.11534331738948822,0.627128005027771,0.558950662612915,-0.12393513321876526,0.6825315356254578,0.46882688999176025,-0.07091163098812103,0.6758153438568115,0.5189228057861328,-0.09695780277252197,0.6669407486915588,0.5608170032501221,-0.10642866790294647,0.6558940410614014,0.5986088514328003,-0.1149139553308487,0.7059736847877502,0.4857349395751953,-0.06420443952083588,0.7015525102615356,0.5335831642150879,-0.08714739978313446,0.68978351354599,0.5709924697875977,-0.09687503427267075,0.675308883190155,0.6015943884849548,-0.1039876863360405,0.7225494980812073,0.5001561641693115,-0.05887701362371445,0.7275097370147705,0.5393067598342896,-0.07813205569982529,0.7207509279251099,0.5635697841644287,-0.08890306204557419,0.7070050239562988,0.5849260687828064,-0.09732642769813538,Left,0.9533683061599731
829,12,1,0.28015443682670593,0.4592646360397339,-3.0103116444024636e-08,0.31743329763412476,0.477945476770401,-0.01776154153048992,0.34929221868515015,0.5033731460571289,-0.03251408413052559,0.37871211767196655,0.5328300595283508,-0.045035965740680695,0.40732884407043457,0.5502157211303711,-0.05812004581093788,0.3093867897987366,0.5051450729370117,-0.041539810597896576,0.33430716395378113,0.5514390468597412,-0.060660507529973984,0.35104331374168396,0.5851232409477234,-0.07096769660711288,0.3653751611709595,0.6176714897155762,-0.0780462995171547,0.2785624563694,0.5214563608169556,-0.04092872142791748,0.2993602454662323,0.5699939727783203,-0.06080897897481918,0.31727394461631775,0.6060054302215576,-0.06989159435033798,0.3325653672218323,0.6391846537590027,-0.07703151553869247,0.2540542781352997,0.5341899991035461,-0.040383171290159225,0.2639484107494354,0.5808148384094238,-0.060203518718481064,0.2773384749889374,0.6127259731292725,-0.06644939631223679,0.2919757664203644,0.641504168510437,-0.06940172612667084,0.23733152449131012,0.5427969694137573,-0.04055153205990791,0.23207227885723114,0.5789294242858887,-0.05485432967543602,0.23641222715377808,0.6034579277038574,-0.05967678129673004,0.2458885759115219,0.6266103982925415,-0.06283140927553177,Right,0.9654654264450073
902,13,0,0.6844193339347839,0.42327994108200073,2.723892578160303e-07,0.6476575136184692,0.43095284700393677,-0.026076460257172585,0.6115500330924988,0.4622904062271118,-0.04517925903201103,0.5817345380783081,0.49198177456855774,-0.058366235345602036,0.5530105233192444,0.5026177763938904,-0.07211358100175858,0.6520799994468689,0.45043250918388367,-0.06954129040241241,0.6432014107704163,0.4887317419052124,-0.09263525158166885,0.6365692615509033,0.5202861428260803,-0.10376835614442825,0.6293168067932129,0.5529076457023621,-0.11155583709478378,0.6823329329490662,0.46657466888427734,-0.06487956643104553,0.6740862131118774,0.5184651613235474,-0.08682278543710709,0.6641579270362854,0.5599073171615601,-0.09500113129615784,0.6524445414543152,0.5966885089874268,-0.10280397534370422,0.7049049139022827,0.48414579033851624,-0.05926832556724548,0.6988117098808289,0.5343180298805237,-0.07850638777017593,0.6861714124679565,0.5711556673049927,-0.08774494379758835,0.6711855530738831,0.600412130355835,-0.0949164479970932,0.7209402322769165,0.4989910423755646,-0.05495329573750496,0.7243689894676208,0.5393323302268982,-0.07123023271560669,0.7166280746459961,0.5631477236747742,-0.08057851344347,0.7022855877876282,0.5826089978218079,-0.08822999149560928,Left,0.9683698415756226
902,13,1,0.28059184551239014,0.45854905247688293,-3.146947591403659e-08,0.31944072246551514,0.47848808765411377,-0.016270335763692856,0.3521035611629486,0.5045648813247681,-0.029901321977376938,0.3818414807319641,0.5325208306312561,-0.0417289100587368,0.41115105152130127,0.5470787882804871,-0.054313868284225464,0.31250590085983276,0.507651686668396,-0.037906620651483536,0.336155503988266,0.5523849725723267,-0.055879637598991394,0.3521791994571686,0.5856218338012695,-0.06610892713069916,0.3663342297077179,0.6179925799369812,-0.07330060750246048,0.28180554509162903,0.5234951972961426,-0.03799138590693474,0.30215558409690857,0.5708770155906677,-0.056504521518945694,0.3194224238395691,0.6070170998573303,-0.065742127597332,0.3347280025482178,0.6408833861351013,-0.0732211023569107,0.25679290294647217,0.5352930426597595,-0.03811512142419815,0.2657822370529175,0.5806559324264526,-0.056845106184482574,0.27833086252212524,0.612749457359314,-0.06322424858808517,0.29279080033302307,0.6419150233268738,-0.06647993624210358,0.2391837239265442,0.542668342590332,-0.038903430104255676,0.2335646152496338,0.5785797834396362,-0.05235855653882027,0.23735615611076355,0.6029149293899536,-0.056698378175497055,0.24638865888118744,0.6258800029754639,-0.05962737277150154,Right,0.9560296535491943
974,14,0,0.684341549873352,0.42317521572113037,2.924286945926724e-07,0.6484803557395935,0.4305383861064911,-0.023844297975301743,0.612444281578064,0.45803704857826233,-0.041364334523677826,0.5854489803314209,0.4839937686920166,-0.05346379801630974,0.5583698749542236,0.48505404591560364,-0.06592690199613571,0.6512336134910583,0.45000526309013367,-0.06463053822517395,0.6348339915275574,0.4875965416431427,-0.08632885664701462,0.6249163150787354,0.5183757543563843,-0.09655939787626266,0.6155983805656433,0.5493518114089966,-0.10347931832075119,0.6809940338134766,0.46962159872055054,-0.06028629466891289,0.6717077493667603,0.5202467441558838,-0.08153096586465836,0.6610091328620911,0.5603788495063782,-0.08880401402711868,0.6486659049987793,0.5964804887771606,-0.09537049382925034,0.7029926776885986,0.48902198672294617,-0.05490058287978172,0.696664035320282,0.5371721386909485,-0.0735163763165474,0.6827874779701233,0.5720663666725159,-0.08221609145402908,0.6666396260261536,0.5994946360588074,-0.08849038183689117,0.7183090448379517,0.5039580464363098,-0.05066930875182152,0.7221384048461914,0.5433610677719116,-0.0656614825129509,0.7133014798164368,0.5651533603668213,-0.07395312935113907,0.6973766684532166,0.581872284412384,-0.08052204549312592,Left,0.9775540828704834
974,14,1,0.28232553601264954,0.45810258388519287,-8.55581294700869e-09,0.322203665971756,0.47633183002471924,-0.015622321516275406,0.35635116696357727,0.5017727017402649,-0.02835167944431305,0.3861875534057617,0.5265190005302429,-0.03957044705748558,0.414297491312027,0.5386667251586914,-0.05150974541902542,0.31862449645996094,0.51189124584198,-0.035339128226041794,0.3415538966655731,0.5549713969230652,-0.05266758054494858,0.3570955991744995,0.5873610377311707,-0.06262104213237762,0.3708961606025696,0.6187984943389893,-0.06967715173959732,0.2883022427558899,0.526380717754364,-0.03634561225771904,0.30613893270492554,0.5714462399482727,-0.05364383012056351,0.3216676712036133,0.6069937348365784,-0.06279511004686356,0.3358291685581207,0.6407288312911987,-0.07035091519355774,0.26236623525619507,0.5368655323982239,-0.03761821612715721,0.2699967324733734,0.5799595713615417,-0.055532775819301605,0.28067880868911743,0.6116350889205933,-0.0622977651655674,0.29326722025871277,0.6416440606117249,-0.06608346104621887,0.24248014390468597,0.5420882105827332,-0.0396273098886013,0.2367071509361267,0.5789006948471069,-0.052755992859601974,0.23955830931663513,0.6036099195480347,-0.05729425325989723,0.24687471985816956,0.6272130012512207,-0.060533925890922546,Right,0.9303717613220215
1047,15,0,0.6828947067260742,0.4222996234893799,3.138756596854364e-07,0.6434822082519531,0.431145578622818,-0.02070559933781624,0.6044136881828308,0.4628187119960785,-0.03558126837015152,0.5760205984115601,0.49662041664123535,-0.045494914054870605,0.5490726828575134,0.5090259313583374,-0.055599845945835114,0.6420122385025024,0.4489113986492157,-0.05832238867878914,0.6210275888442993,0.4849187433719635,-0.07963912934064865,0.6063372492790222,0.5139013528823853,-0.08975150436162949,0.5928055644035339,0.5418157577514648,-0.09580041468143463,0.672141432762146,0.47023844718933105,-0.054327141493558884,0.6567140817642212,0.5217267274856567,-0.07490197569131851,0.6429404616355896,0.5615967512130737,-0.08025524020195007,0.630060076713562,0.5953482985496521,-0.08466926962137222,0.6945652365684509,0.4908795952796936,-0.04944516718387604,0.6833865642547607,0.5406231880187988,-0.06676438450813293,0.6684242486953735,0.5750178098678589,-0.07101365178823471,0.653082549571991,0.601975679397583,-0.07344719767570496,0.7105486392974854,0.506582498550415,-0.045594073832035065,0.7044293284416199,0.5494183897972107,-0.057651128619909286,0.6934163570404053,0.5726834535598755,-0.0611933171749115,0.6786737442016602,0.5885283946990967,-0.06381882727146149,Left,0.9893298149108887
1047,15,1,0.29052770137786865,0.4511570334434509,6.281531739205093e-08,0.3293357193470001,0.4723307192325592,-0.01706085540354252,0.36235830187797546,0.5029469728469849,-0.03009447455406189,0.39233842492103577,0.5311177968978882,-0.04105332866311073,0.42233189940452576,0.5440102219581604,-0.05247803404927254,0.32853129506111145,0.5107407569885254,-0.039561860263347626,0.3537460267543793,0.5541102290153503,-0.05809550732374191,0.37186336517333984,0.5862080454826355,-0.06786934286355972,0.3879930078983307,0.6166008114814758,-0.07451816648244858,0.2977614104747772,0.5246220231056213,-0.039767298847436905,0.312132328748703,0.5719596147537231,-0.05876179412007332,0.326099693775177,0.608832836151123,-0.06821922212839127,0.33863988518714905,0.642479419708252,-0.0757068321108818,0.2723817527294159,0.5341691970825195,-0.040140774101018906,0.27598610520362854,0.5783291459083557,-0.05946815013885498,0.2865695357322693,0.612037718296051,-0.06730389595031738,0.2991827726364136,0.6429844498634338,-0.07175599038600922,0.2532271146774292,0.5380847454071045,-0.04119306802749634,0.2445269525051117,0.5756654739379883,-0.05556482449173927,0.24672113358974457,0.6017169952392578,-0.061606887727975845,0.2531932592391968,0.6265484094619751,-0.06594710797071457,Right,0.9347885251045227
1119,16,0,0.6738001108169556,0.4194655418395996,3.475661003449204e-07,0.6316619515419006,0.4344652593135834,-0.019366959109902382,0.5925111770629883,0.4724428355693817,-0.03324267640709877,0.5651600956916809,0.5134221315383911,-0.04292910918593407,0.5379611849784851,0.5343113541603088,-0.053205572068691254,0.6248316168785095,0.45473402738571167,-0.055818669497966766,0.599783718585968,0.4896518588066101,-0.07831445336341858,0.5843439102172852,0.5183060169219971,-0.08938831835985184,0.5693139433860779,0.5452390909194946,-0.09622355550527573,0.6564554572105408,0.47381654381752014,-0.053032249212265015,0.6383084654808044,0.519956111907959,-0.07559659332036972,0.6224037408828735,0.5609001517295837,-0.0832243487238884,0.6077309250831604,0.594476580619812,-0.08931688219308853,0.6802533268928528,0.4935707449913025,-0.049578238278627396,0.6642327308654785,0.5392436385154724,-0.06896575540304184,0.6464239954948425,0.5745459198951721,-0.0736871287226677,0.6294012069702148,0.6024799942970276,-0.07647882401943207,0.6985612511634827,0.5106139183044434,-0.046947378665208817,0.6865746974945068,0.5495816469192505,-0.06168796494603157,0.674056887626648,0.571168065071106,-0.06624367833137512,0.6601061224937439,0.5870174169540405,-0.06930845230817795,Left,0.9904623031616211
1119,16,1,0.29425692558288574,0.43753913044929504,7.554964298606137e-08,0.3349074423313141,0.4631384313106537,-0.015026400797069073,0.3693609833717346,0.4972960352897644,-0.026400692760944366,0.39957934617996216,0.5306676626205444,-0.03596730902791023,0.43013983964920044,0.5462728142738342,-0.0455867238342762,0.33710741996765137,0.5005171895027161,-0.035051871091127396,0.3655577003955841,0.5487100481987,-0.053465843200683594,0.3848333954811096,0.5841184854507446,-0.06318078190088272,0.40058019757270813,0.6155961155891418,-0.06944994628429413,0.30587658286094666,0.5170295238494873,-0.03559283912181854,0.32224586606025696,0.56915283203125,-0.054413776844739914,0.33720216155052185,0.6096415519714355,-0.06334367394447327,0.34948551654815674,0.6434105634689331,-0.07009085267782211,0.2805589735507965,0.5291143655776978,-0.036474235355854034,0.2858455777168274,0.5769632458686829,-0.055152323096990585,0.2980060279369354,0.6117965579032898,-0.06222166493535042,0.31164002418518066,0.6411576271057129,-0.06566056609153748,0.26190221309661865,0.5362679362297058,-0.03794652596116066,0.2572752833366394,0.5767698287963867,-0.05145765841007233,0.2623339891433716,0.6043397188186646,-0.05699104443192482,0.27122360467910767,0.629004716873169,-0.06059478968381882,Right,0.9673850536346436
1191,17,0,0.6645179986953735,0.41742855310440063,3.464699318556086e-07,0.6239364147186279,0.43398863077163696,-0.02166644111275673,0.5868720412254333,0.476883202791214,-0.03645535930991173,0.5615332126617432,0.5191664695739746,-0.04608428478240967,0.5370031595230103,0.5426050424575806,-0.05662849172949791,0.6162744760513306,0.452119380235672,-0.06444131582975388,0.5903120636940002,0.48837223649024963,-0.08896252512931824,0.5753573179244995,0.5196962356567383,-0.10030657052993774,0.5613360404968262,0.5484344363212585,-0.10706984996795654,0.6469979286193848,0.4689830541610718,-0.060883309692144394,0.6290066242218018,0.5184153318405151,-0.08675626665353775,0.6130966544151306,0.5627568960189819,-0.09594790637493134,0.5990942716598511,0.59747713804245,-0.10265665501356125,0.6705808639526367,0.48778483271598816,-0.0563492551445961,0.6554122567176819,0.5374787449836731,-0.07840849459171295,0.6372975707054138,0.5750575065612793,-0.08517329394817352,0.6201425194740295,0.6037580370903015,-0.08882962912321091,0.6889269351959229,0.5055903196334839,-0.05243923142552376,0.6785330772399902,0.5485005974769592,-0.06945335865020752,0.665424108505249,0.5718353390693665,-0.07613791525363922,0.6509823203086853,0.5877652764320374,-0.0804092213511467,Left,0.9972106218338013
1191,17,1,0.3004007041454315,0.4293379783630371,9.8541768522864e-08,0.34242749214172363,0.4556742012500763,-0.01528057362884283,0.3775394558906555,0.49362924695014954,-0.026750527322292328,0.4069119989871979,0.5296014547348022,-0.03562518581748009,0.4368046224117279,0.5487099885940552,-0.04430244863033295,0.3521712124347687,0.4828261733055115,-0.040270887315273285,0.3805486559867859,0.5319655537605286,-0.06024628505110741,0.40031981468200684,0.5707650184631348,-0.06996680796146393,0.4165184795856476,0.6033725142478943,-0.07575766742229462,0.3196820318698883,0.49854162335395813,-0.04080577939748764,0.339124470949173,0.5573709607124329,-0.060554660856723785,0.3557593524456024,0.6021512150764465,-0.06829985976219177,0.3693195581436157,0.638154149055481,-0.07399562001228333,0.2922959625720978,0.5129987001419067,-0.041517600417137146,0.3036971986293793,0.5698981285095215,-0.06036028265953064,0.31768837571144104,0.6092801690101624,-0.06643915921449661,0.3324943780899048,0.640039324760437,-0.06907720863819122,0.27102044224739075,0.5239787101745605,-0.0427415557205677,0.27444058656692505,0.5719294548034668,-0.05668308585882187,0.282717227935791,0.6023325324058533,-0.06209271773695946,0.2939895689487457,0.6276695132255554,-0.06541682034730911,Right,0.9890556931495667
1265,18,0,0.6612915396690369,0.4073365032672882,3.29287331624073e-07,0.618449330329895,0.4238983988761902,-0.013704545795917511,0.5877802968025208,0.46425873041152954,-0.02445293590426445,0.5721165537834167,0.5078151226043701,-0.03110726736485958,0.5640106201171875,0.5444338321685791,-0.03870087489485741,0.60240638256073,0.44683128595352173,-0.0561731718480587,0.5768337845802307,0.4973304569721222,-0.07595189660787582,0.5628859996795654,0.5370299816131592,-0.08354533463716507,0.5515968203544617,0.5713279247283936,-0.08698445558547974,0.6345602869987488,0.45751050114631653,-0.05540869012475014,0.6149992346763611,0.5190034508705139,-0.07546964287757874,0.5992944836616516,0.5672180652618408,-0.08095870912075043,0.5860295295715332,0.6045216917991638,-0.08420465141534805,0.6613831520080566,0.4726131856441498,-0.05287053436040878,0.644262969493866,0.5315303802490234,-0.06795796006917953,0.6261399388313293,0.571625828742981,-0.07152910530567169,0.609240710735321,0.6002811193466187,-0.07274245470762253,0.6821305155754089,0.48763155937194824,-0.05041120946407318,0.6684829592704773,0.5383107662200928,-0.06125583127140999,0.6532723903656006,0.5664099454879761,-0.06424224376678467,0.6388338208198547,0.5843745470046997,-0.0653727725148201,Left,0.9991088509559631
1265,18,1,0.30178260803222656,0.4130186438560486,1.7355230852444947e-07,0.346366822719574,0.43578264117240906,-0.014924014918506145,0.3838689923286438,0.47869956493377686,-0.025067754089832306,0.4104761779308319,0.524674117565155,-0.032239869236946106,0.4350014626979828,0.5571989417076111,-0.038884732872247696,0.36451056599617004,0.46112990379333496,-0.044054049998521805,0.3997161388397217,0.5152848362922668,-0.06409354507923126,0.4211328625679016,0.5557697415351868,-0.07199648767709732,0.43749791383743286,0.5892943143844604,-0.07581407576799393,0.33391693234443665,0.47634953260421753,-0.04500170052051544,0.3597005009651184,0.5400802493095398,-0.06580369919538498,0.37811657786369324,0.5888742208480835,-0.07278382778167725,0.3924848139286041,0.6278333067893982,-0.07694047689437866,0.30604568123817444,0.492034912109375,-0.04589008912444115,0.3256860077381134,0.5567547082901001,-0.06559528410434723,0.3424851894378662,0.6002629995346069,-0.07188662886619568,0.3586943447589874,0.6338398456573486,-0.073943592607975,0.28354260325431824,0.5060240626335144,-0.04702717810869217,0.29587316513061523,0.5605090260505676,-0.06238580122590065,0.3087054491043091,0.5949207544326782,-0.06805091351270676,0.32285580039024353,0.6222524642944336,-0.07072266191244125,Right,0.9937087893486023
1336,19,0,0.6524273753166199,0.37599319219589233,2.191716816923872e-07,0.6110812425613403,0.39447054266929626,-0.011192349717020988,0.5860110521316528,0.4406994581222534,-0.02307196334004402,0.5790578126907349,0.48926448822021484,-0.0313895083963871,0.574147641658783,0.5251003503799438,-0.041421566158533096,0.5858956575393677,0.42680925130844116,-0.05470581352710724,0.5697629451751709,0.5015424489974976,-0.0742601752281189,0.5632666349411011,0.5496461391448975,-0.0820251926779747,0.559197723865509,0.5885473489761353,-0.08573058992624283,0.6189472675323486,0.43412986397743225,-0.05682537704706192,0.6061716079711914,0.5072073936462402,-0.07710018008947372,0.5956454277038574,0.5572364926338196,-0.08423406630754471,0.5860577821731567,0.5929948091506958,-0.08873765915632248,0.6481853723526001,0.443912148475647,-0.05714399740099907,0.6375177502632141,0.5098850131034851,-0.07308419048786163,0.6231043338775635,0.5559279918670654,-0.0801020935177803,0.6092668771743774,0.587519645690918,-0.08413233608007431,0.6706655025482178,0.45425844192504883,-0.05699313059449196,0.6569744944572449,0.5069795250892639,-0.06942952424287796,0.6430416703224182,0.5348394513130188,-0.07445932179689407,0.6295961737632751,0.5537511110305786,-0.07722760736942291,Left,0.9973729848861694
1336,19,1,0.31380677223205566,0.3904935419559479,3.7478474723684485e-07,0.3585028648376465,0.4099142849445343,-0.008920123800635338,0.3874216079711914,0.4576176702976227,-0.018907081335783005,0.39894914627075195,0.5075873136520386,-0.026404129341244698,0.4033437669277191,0.5438227653503418,-0.03399491682648659,0.39175549149513245,0.44826972484588623,-0.04379241168498993,0.42172154784202576,0.5133742690086365,-0.06338546425104141,0.4392198920249939,0.5577870607376099,-0.07297021150588989,0.4523240923881531,0.5945476293563843,-0.07822788506746292,0.3617575466632843,0.45664846897125244,-0.04785609617829323,0.38471707701683044,0.5271271467208862,-0.06830386817455292,0.4006448984146118,0.5768816471099854,-0.07674919068813324,0.4127250909805298,0.6164207458496094,-0.08184067159891129,0.3305996358394623,0.4678170680999756,-0.05073045194149017,0.3494948148727417,0.5359842777252197,-0.06762377172708511,0.3664262294769287,0.5828612446784973,-0.07426878809928894,0.3815481662750244,0.6179739236831665,-0.07735659927129745,0.30333244800567627,0.48003125190734863,-0.05335691571235657,0.3182576298713684,0.5386450886726379,-0.06631898880004883,0.33323100209236145,0.5743122100830078,-0.07083823531866074,0.3477354049682617,0.6043000221252441,-0.07276350259780884,Right,0.9957879781723022
1407,20,0,0.6464643478393555,0.3634307384490967,1.69424069440538e-07,0.6017594933509827,0.3858064115047455,-0.01181700173765421,0.5801545977592468,0.4383903443813324,-0.026083389297127724,0.5769362449645996,0.49305564165115356,-0.03592272475361824,0.5772241353988647,0.5319043397903442,-0.047158122062683105,0.5789826512336731,0.42481663823127747,-0.05922651290893555,0.5715740919113159,0.505622386932373,-0.07834052294492722,0.5698061585426331,0.5536641478538513,-0.08522754162549973,0.5688945651054382,0.5904380083084106,-0.08801129460334778,0.6133928894996643,0.42632851004600525,-0.05966142192482948,0.6105586290359497,0.5120216608047485,-0.08033661544322968,0.601758599281311,0.5608217120170593,-0.08525007218122482,0.5941596627235413,0.5916594862937927,-0.08786425739526749,0.6427923440933228,0.43306687474250793,-0.057749200612306595,0.6380288600921631,0.5131053924560547,-0.07267794013023376,0.6247124075889587,0.5601114630699158,-0.0754278302192688,0.6128309965133667,0.5890834331512451,-0.07608447223901749,0.6642230749130249,0.44207435846328735,-0.05535726994276047,0.6536193490028381,0.5073968768119812,-0.06572247296571732,0.6401195526123047,0.5404396057128906,-0.06782425194978714,0.6278080344200134,0.5611653923988342,-0.06818730384111404,Left,0.998933732509613
1407,20,1,0.32292312383651733,0.38127997517585754,4.893379923487373e-07,0.3678244650363922,0.39965692162513733,-0.006476410198956728,0.4000231623649597,0.4474804997444153,-0.01681002974510193,0.41133904457092285,0.4995049834251404,-0.025701045989990234,0.41568365693092346,0.5380213260650635,-0.034638240933418274,0.4100644290447235,0.43406304717063904,-0.041223861277103424,0.4355023503303528,0.5072229504585266,-0.06103629991412163,0.4478551149368286,0.5564739108085632,-0.07072941213846207,0.455689936876297,0.597038745880127,-0.07560496032238007,0.3797588646411896,0.44153499603271484,-0.046904969960451126,0.40195828676223755,0.5170648097991943,-0.06680675595998764,0.41443929076194763,0.5703127384185791,-0.07419152557849884,0.42267781496047974,0.611034095287323,-0.07844209671020508,0.3480532765388489,0.4534534811973572,-0.05142977088689804,0.3659501075744629,0.5255908966064453,-0.06703954190015793,0.3795064091682434,0.5738115906715393,-0.07156441360712051,0.3919063210487366,0.6074997186660767,-0.07321503013372421,0.31960222125053406,0.46712225675582886,-0.055837132036685944,0.33474811911582947,0.5301753878593445,-0.06686791032552719,0.34841814637184143,0.5664486885070801,-0.06944923847913742,0.36190974712371826,0.5941583514213562,-0.07006823271512985,Right,0.9946036338806152
1480,21,0,0.6509419083595276,0.3589034080505371,1.647937182269743e-07,0.6005570292472839,0.3811695873737335,-0.01448799017816782,0.5807283520698547,0.43895694613456726,-0.02746262587606907,0.5807687640190125,0.49654659628868103,-0.03505799174308777,0.5846281051635742,0.5372753143310547,-0.043174631893634796,0.5851995944976807,0.42877960205078125,-0.05700087174773216,0.5881194472312927,0.5103147029876709,-0.07439008355140686,0.5863761305809021,0.559650719165802,-0.0801948830485344,0.5836502313613892,0.5976142287254333,-0.08223972469568253,0.6203519701957703,0.43237388134002686,-0.053952574729919434,0.6257931590080261,0.5203416347503662,-0.07374239712953568,0.6152267456054688,0.5669615864753723,-0.07650440186262131,0.6053827404975891,0.591500997543335,-0.07657352089881897,0.6482757329940796,0.4404337704181671,-0.04876304417848587,0.6485694050788879,0.5237305164337158,-0.06255674362182617,0.6329803466796875,0.566217303276062,-0.06249601021409035,0.618668794631958,0.5861172080039978,-0.05984197556972504,0.6662648320198059,0.4488575756549835,-0.04356604814529419,0.6588385701179504,0.5188615918159485,-0.05160214379429817,0.6452795267105103,0.5519192218780518,-0.051373668015003204,0.6322669386863708,0.5675781965255737,-0.049221672117710114,Left,0.9993612766265869
1480,21,1,0.33215057849884033,0.37786900997161865,5.42788711754838e-07,0.3753528594970703,0.39759865403175354,-0.0059898970648646355,0.4081263840198517,0.4442612826824188,-0.018428007140755653,0.4199984073638916,0.49681225419044495,-0.02990138903260231,0.42549270391464233,0.5351921916007996,-0.041305314749479294,0.42403653264045715,0.424925297498703,-0.04345215484499931,0.4477238059043884,0.5048841238021851,-0.0638672262430191,0.4580526351928711,0.5547156929969788,-0.0729745402932167,0.4636865556240082,0.5940968990325928,-0.07717917859554291,0.39413774013519287,0.4266773462295532,-0.05049299821257591,0.4173625111579895,0.5093907713890076,-0.07195915281772614,0.42867422103881836,0.5638207793235779,-0.07748200744390488,0.4352412223815918,0.6032262444496155,-0.0798315554857254,0.36267971992492676,0.4365081787109375,-0.05637667328119278,0.3824270963668823,0.5175002217292786,-0.0727250874042511,0.39488691091537476,0.5679591298103333,-0.07445255666971207,0.405876100063324,0.6019418239593506,-0.07381007075309753,0.3335973024368286,0.45162320137023926,-0.06225289776921272,0.3509500026702881,0.5212910175323486,-0.07283259928226471,0.364179790019989,0.559853196144104,-0.07336097955703735,0.37672725319862366,0.5874283313751221,-0.07232445478439331,Right,0.9943804740905762
1552,22,0,0.6540225148200989,0.3661729395389557,1.7901469107073353e-07,0.6036615371704102,0.3899220824241638,-0.012075597420334816,0.5784127116203308,0.44591692090034485,-0.02167949452996254,0.5728973746299744,0.4984678030014038,-0.025934752076864243,0.5651909112930298,0.5388275980949402,-0.03019915148615837,0.5928329229354858,0.4369409680366516,-0.05497075244784355,0.5988970398902893,0.5147684812545776,-0.07388684898614883,0.5976740717887878,0.5639311075210571,-0.08047684282064438,0.5946834683418274,0.6010223031044006,-0.08209589123725891,0.6283090114593506,0.44040945172309875,-0.052104055881500244,0.6349608898162842,0.5245844125747681,-0.07001607120037079,0.6244881749153137,0.5656680464744568,-0.06879204511642456,0.615218460559845,0.5809574127197266,-0.06511333584785461,0.6555184721946716,0.44756609201431274,-0.047375813126564026,0.6575345993041992,0.528910756111145,-0.05934763327240944,0.6430208086967468,0.5661828517913818,-0.0538673996925354,0.6290539503097534,0.5778207182884216,-0.04643069952726364,0.673265814781189,0.4545762836933136,-0.04287164658308029,0.6689720153808594,0.5254817605018616,-0.05065296217799187,0.6561383605003357,0.5559300184249878,-0.0474504679441452,0.6429168581962585,0.5658450126647949,-0.04161199927330017,Left,0.9996944665908813
1552,22,1,0.3375231623649597,0.37716934084892273,5.411262691268348e-07,0.3821674883365631,0.395550012588501,-0.004266452509909868,0.4177388846874237,0.44103679060935974,-0.016641585156321526,0.433284729719162,0.4945717751979828,-0.02834043838083744,0.44254183769226074,0.5349437594413757,-0.04010862484574318,0.43228012323379517,0.4218614995479584,-0.04339352250099182,0.4574519991874695,0.5027322173118591,-0.06427155435085297,0.4649529457092285,0.5546007752418518,-0.07381463050842285,0.4670737087726593,0.594327986240387,-0.07830826193094254,0.4025137722492218,0.42139387130737305,-0.05126738175749779,0.42755812406539917,0.5056662559509277,-0.07294028252363205,0.43601128458976746,0.5587601661682129,-0.07736924290657043,0.4389883577823639,0.5949180126190186,-0.07888840138912201,0.3704271912574768,0.4304312765598297,-0.05787121132016182,0.393861323595047,0.512509286403656,-0.07362179458141327,0.4047996401786804,0.5636453032493591,-0.07296700775623322,0.41343188285827637,0.5963089466094971,-0.07099087536334991,0.3408861756324768,0.4455777704715729,-0.06443033367395401,0.3601627051830292,0.5134081244468689,-0.0739859864115715,0.37215977907180786,0.5517765879631042,-0.07270433008670807,0.3825642466545105,0.5787957310676575,-0.07053172588348389,Right,0.9948545694351196
1625,23,0,0.659537136554718,0.37427663803100586,2.4205985482694814e-07,0.608922004699707,0.3982890248298645,-0.012712549418210983,0.5813342332839966,0.4520450532436371,-0.021811561658978462,0.5755912065505981,0.5031581521034241,-0.02604203298687935,0.5669165849685669,0.5418525338172913,-0.030452681705355644,0.5996114015579224,0.4462439715862274,-0.049566879868507385,0.6028343439102173,0.517667293548584,-0.06557385623455048,0.5998374223709106,0.5629324316978455,-0.07027488946914673,0.5951241254806519,0.5967950820922852,-0.07101897150278091,0.6346451640129089,0.45380571484565735,-0.04641028493642807,0.6382135152816772,0.5311071276664734,-0.06186555325984955,0.6261328458786011,0.5675554871559143,-0.06008750572800636,0.615201473236084,0.5793694853782654,-0.05620192363858223,0.6618655323982239,0.46052876114845276,-0.04176940768957138,0.661920428276062,0.5350087881088257,-0.05268377065658569,0.6460791230201721,0.568449079990387,-0.048170097172260284,0.6311393976211548,0.5781448483467102,-0.04194636642932892,0.6798362731933594,0.46573328971862793,-0.03742676600813866,0.6747012138366699,0.5302225351333618,-0.045436546206474304,0.6609296202659607,0.5574132800102234,-0.043301839381456375,0.6471045613288879,0.5668230652809143,-0.03860039263963699,Left,0.9994898438453674
1625,23,1,0.3366315960884094,0.37383925914764404,5.287150202093471e-07,0.38458091020584106,0.38721373677253723,-0.002613976364955306,0.4191731810569763,0.4302186667919159,-0.01584743522107601,0.433039128780365,0.48402780294418335,-0.02837751805782318,0.4384283721446991,0.5249706506729126,-0.04117266461253166,0.4353843927383423,0.4138299822807312,-0.04649534821510315,0.4592554569244385,0.49872735142707825,-0.06735055148601532,0.4672388732433319,0.5497007966041565,-0.07696633785963058,0.4708147644996643,0.5884811878204346,-0.081747867166996,0.4042648673057556,0.41474539041519165,-0.054644979536533356,0.429449200630188,0.5027591586112976,-0.07563302665948868,0.4392057955265045,0.5538756847381592,-0.07971847057342529,0.4441065192222595,0.5884207487106323,-0.08159338682889938,0.3725035786628723,0.42641159892082214,-0.060917846858501434,0.3979601263999939,0.5115581154823303,-0.0755629688501358,0.4110404849052429,0.5605323910713196,-0.07453517615795135,0.4207737445831299,0.5911025404930115,-0.07275182753801346,0.34512224793434143,0.4444483816623688,-0.06693638861179352,0.36536726355552673,0.5147078037261963,-0.07528284937143326,0.3794715404510498,0.5511879920959473,-0.07372932136058807,0.39243367314338684,0.5762731432914734,-0.07162404805421829,Right,0.9959936141967773
1698,24,0,0.6630162596702576,0.379756361246109,2.4890354666240455e-07,0.613120973110199,0.4038315415382385,-0.014203441329300404,0.5832836627960205,0.45821139216423035,-0.024406660348176956,0.5740684270858765,0.5099295973777771,-0.029350612312555313,0.5615354776382446,0.5479804873466492,-0.034485992044210434,0.6057229042053223,0.4469606280326843,-0.052838366478681564,0.6113665103912354,0.5137124061584473,-0.07042250037193298,0.6068760752677917,0.5597853064537048,-0.07676155120134354,0.6008918285369873,0.5944592356681824,-0.07887324690818787,0.6394974589347839,0.4565052092075348,-0.04906575381755829,0.6443091630935669,0.5311954617500305,-0.06518735736608505,0.6307063698768616,0.5668878555297852,-0.06411170959472656,0.6187166571617126,0.5776384472846985,-0.0613119974732399,0.665416419506073,0.4650486707687378,-0.04381309077143669,0.6672691702842712,0.5384129285812378,-0.05550910532474518,0.6505295634269714,0.5705899000167847,-0.051663387566804886,0.6348468065261841,0.5784443616867065,-0.04636469483375549,0.6825186610221863,0.4719451367855072,-0.03891810029745102,0.6789449453353882,0.534599244594574,-0.04766779765486717,0.6646003127098083,0.5602955222129822,-0.04615766182541847,0.6505427956581116,0.5684011578559875,-0.04236392304301262,Left,0.9994987845420837
1698,24,1,0.34050261974334717,0.3762499988079071,5.326607492861513e-07,0.3900367319583893,0.38760462403297424,-0.002174760913476348,0.42611727118492126,0.4302734136581421,-0.01489253994077444,0.44133979082107544,0.4845208525657654,-0.02694818563759327,0.4468541443347931,0.5254493355751038,-0.03910379111766815,0.4384002685546875,0.4110037386417389,-0.04368770122528076,0.46209916472435,0.49916258454322815,-0.062350861728191376,0.4686211049556732,0.5496338605880737,-0.0699387937784195,0.4709029793739319,0.5870336890220642,-0.07317313551902771,0.4053184986114502,0.41562697291374207,-0.05140633508563042,0.43172305822372437,0.5061638951301575,-0.06898598372936249,0.4407338500022888,0.5564184188842773,-0.06985276192426682,0.4445154666900635,0.5884268283843994,-0.06973274797201157,0.37372976541519165,0.4282339811325073,-0.05735735967755318,0.40176376700401306,0.5136681199073792,-0.06901617348194122,0.41509032249450684,0.5598541498184204,-0.06490620225667953,0.4247090816497803,0.5865795016288757,-0.06133008375763893,0.3470595180988312,0.4465949833393097,-0.06316966563463211,0.37058526277542114,0.5162127017974854,-0.06889814883470535,0.38460487127304077,0.5505042672157288,-0.06473033875226974,0.39686164259910583,0.5708847045898438,-0.060846079140901566,Right,0.9972578287124634
1771,25,0,0.6656050682067871,0.37811487913131714,2.1445987385959597e-07,0.6152226328849792,0.40114426612854004,-0.014574745669960976,0.5836036801338196,0.45453742146492004,-0.02382124774158001,0.5756729245185852,0.5058246850967407,-0.027707237750291824,0.5644634366035461,0.5440542697906494,-0.03142092749476433,0.610430121421814,0.4471535086631775,-0.04931986704468727,0.6187005043029785,0.5152494311332703,-0.06591483950614929,0.6125937104225159,0.5567636489868164,-0.07108325511217117,0.6037240624427795,0.5857449769973755,-0.07185640186071396,0.6429230570793152,0.45605018734931946,-0.04456900805234909,0.6477727293968201,0.5327461957931519,-0.059238288551568985,0.634917140007019,0.5685678720474243,-0.05753006413578987,0.6227229237556458,0.5792666673660278,-0.054143764078617096,0.6661563515663147,0.4652562141418457,-0.03864765912294388,0.6684191823005676,0.5387771725654602,-0.04998065531253815,0.6529549360275269,0.5704110264778137,-0.04602455347776413,0.6371235251426697,0.5775126218795776,-0.04027066379785538,0.6812883019447327,0.4735383093357086,-0.033188868314027786,0.6787116527557373,0.5361462831497192,-0.04206091910600662,0.6656630039215088,0.5597094297409058,-0.04065966606140137,0.651617169380188,0.5662624835968018,-0.036580946296453476,Left,0.9996445178985596
1771,25,1,0.34678614139556885,0.3709911108016968,5.195864218876523e-07,0.3966178297996521,0.3820751905441284,-0.0029723208863288164,0.43231165409088135,0.42804357409477234,-0.015121512115001678,0.44666600227355957,0.48434481024742126,-0.025951968505978584,0.4505682587623596,0.5259581804275513,-0.03694116696715355,0.4390140175819397,0.4113634526729584,-0.042112864553928375,0.4605337083339691,0.4975157678127289,-0.05889467895030975,0.4661767780780792,0.5484052300453186,-0.06542252004146576,0.4675891101360321,0.5850337743759155,-0.06760823726654053,0.4054758846759796,0.4175925850868225,-0.04817357659339905,0.4274279475212097,0.5116247534751892,-0.06199832633137703,0.4385896325111389,0.558884859085083,-0.060766614973545074,0.445158451795578,0.5862990617752075,-0.059752169996500015,0.37426427006721497,0.4295099377632141,-0.05257578194141388,0.39737096428871155,0.5172791481018066,-0.06048434600234032,0.41318416595458984,0.5585751533508301,-0.05450406298041344,0.42474913597106934,0.5798267126083374,-0.050356004387140274,0.3485862910747528,0.4453457295894623,-0.05701896920800209,0.3697642683982849,0.5141301155090332,-0.05949569493532181,0.38411644101142883,0.546096920967102,-0.05316780507564545,0.3964891731739044,0.5629245042800903,-0.048119187355041504,Right,0.9974370002746582
1845,26,0,0.664560079574585,0.3849506378173828,2.47554680754547e-07,0.6170964241027832,0.4079919457435608,-0.013608654960989952,0.5858691334724426,0.455878883600235,-0.024205362424254417,0.5749732255935669,0.504589855670929,-0.030176248401403427,0.5615612268447876,0.5396501421928406,-0.035798702389001846,0.6128378510475159,0.4398999810218811,-0.046229273080825806,0.6207354664802551,0.4965490698814392,-0.06412079185247421,0.6138787865638733,0.5338830351829529,-0.06998632103204727,0.607530951499939,0.5542738437652588,-0.07029984146356583,0.6443129777908325,0.4512096345424652,-0.043303173035383224,0.6418660879135132,0.5326631665229797,-0.06014745682477951,0.625542402267456,0.5655673146247864,-0.05960557982325554,0.6128825545310974,0.5664993524551392,-0.05612195283174515,0.6663339734077454,0.46382802724838257,-0.03939295560121536,0.6615269780158997,0.5413759350776672,-0.05310148745775223,0.6433277130126953,0.5698221921920776,-0.05055791512131691,0.6277036666870117,0.5696308612823486,-0.0450192466378212,0.6813759207725525,0.4746767282485962,-0.0356682725250721,0.674096941947937,0.5383779406547546,-0.04521825537085533,0.657981812953949,0.5575904846191406,-0.04358422011137009,0.6434959769248962,0.5565271973609924,-0.039251264184713364,Left,0.9978234171867371
1845,26,1,0.35066771507263184,0.3602173626422882,3.847347329610784e-07,0.4020804464817047,0.3716643154621124,-0.004073729272931814,0.43306422233581543,0.42689573764801025,-0.011577657423913479,0.4409085214138031,0.48718589544296265,-0.01691155880689621,0.44184938073158264,0.5276010036468506,-0.02191965840756893,0.4309699237346649,0.43297362327575684,-0.03206662833690643,0.4415683150291443,0.5218855738639832,-0.04050382226705551,0.44932830333709717,0.5629044771194458,-0.04082145914435387,0.45548856258392334,0.5878185033798218,-0.03837480768561363,0.39712998270988464,0.44722843170166016,-0.033505525439977646,0.41067394614219666,0.5449223518371582,-0.03760731592774391,0.42584848403930664,0.5732016563415527,-0.02996513433754444,0.4373013973236084,0.5810894966125488,-0.023617008700966835,0.368530809879303,0.45955297350883484,-0.03339062258601189,0.38514649868011475,0.5495587587356567,-0.03364945203065872,0.40486785769462585,0.5722975134849548,-0.021717388182878494,0.4188569188117981,0.5747668743133545,-0.012493525631725788,0.3472729027271271,0.4678139388561249,-0.03361917659640312,0.3650234639644623,0.5357317924499512,-0.03028632514178753,0.3812313377857208,0.555696427822113,-0.019227417185902596,0.3939169645309448,0.5595846176147461,-0.009649818763136864,Right,0.9986098408699036
1919,27,0,0.662040650844574,0.39231258630752563,2.805013821216562e-07,0.6175512671470642,0.4120403826236725,-0.013185824267566204,0.5875868201255798,0.4602690637111664,-0.024903589859604836,0.5750256776809692,0.5088765621185303,-0.03163924068212509,0.5666571855545044,0.5452637076377869,-0.03776239976286888,0.6181222200393677,0.4369514286518097,-0.05500209331512451,0.6207491159439087,0.49894067645072937,-0.07584672421216965,0.6091309189796448,0.5314791798591614,-0.08176758140325546,0.6023103594779968,0.5429288744926453,-0.08047807216644287,0.6479493379592896,0.4501307010650635,-0.05190828815102577,0.6373875141143799,0.5350499153137207,-0.07139568775892258,0.6172435283660889,0.5651383399963379,-0.06992534548044205,0.606617271900177,0.56087327003479,-0.06490334123373032,0.6685767769813538,0.4666213393211365,-0.04733187332749367,0.6551073789596558,0.5468205213546753,-0.06214836612343788,0.6342958211898804,0.56818026304245,-0.05848462134599686,0.6216769814491272,0.5610131025314331,-0.05171753466129303,0.6812952160835266,0.4815610647201538,-0.042674753814935684,0.6683799028396606,0.5456058382987976,-0.0519125834107399,0.6500369906425476,0.5609608292579651,-0.04951838031411171,0.636850118637085,0.5552468299865723,-0.044529590755701065,Left,0.9965752959251404
1919,27,1,0.35715770721435547,0.3673635423183441,2.5852537532955466e-07,0.4093109965324402,0.3824295103549957,-0.005615775007754564,0.43651434779167175,0.44518858194351196,-0.012304913252592087,0.44381287693977356,0.5061444640159607,-0.014956704340875149,0.44770774245262146,0.5504364967346191,-0.01479294616729021,0.42148545384407043,0.45732051134109497,-0.04047927260398865,0.42910337448120117,0.5529779195785522,-0.050660211592912674,0.4443526566028595,0.5804593563079834,-0.04468340054154396,0.45346951484680176,0.5765548944473267,-0.03382812812924385,0.38846835494041443,0.469402939081192,-0.038564879447221756,0.4015143811702728,0.570469081401825,-0.04606623202562332,0.42328059673309326,0.5936357975006104,-0.03237461298704147,0.4352668225765228,0.5860395431518555,-0.017308028414845467,0.36260271072387695,0.47806718945503235,-0.03476609289646149,0.37641486525535583,0.5705019235610962,-0.036923713982105255,0.4004969894886017,0.5881271958351135,-0.01825682818889618,0.4143785536289215,0.5800462961196899,-0.0008655868005007505,0.34618231654167175,0.481828898191452,-0.031007936224341393,0.36100587248802185,0.5504953861236572,-0.028086379170417786,0.38096195459365845,0.5681365132331848,-0.013821638189256191,0.39344272017478943,0.567318320274353,0.0007996288477443159,Right,0.9976399540901184
1993,28,0,0.6621452569961548,0.3994100093841553,3.149174858663173e-07,0.6206195950508118,0.4158247709274292,-0.014739247038960457,0.5906578898429871,0.4612148404121399,-0.026978300884366035,0.578104555606842,0.5068019032478333,-0.033591631799936295,0.5657098293304443,0.5387752652168274,-0.038897112011909485,0.6203566789627075,0.43980345129966736,-0.06001764163374901,0.6188146471977234,0.4983653724193573,-0.07945830374956131,0.6061552166938782,0.524796724319458,-0.08067283779382706,0.5994079113006592,0.5271034240722656,-0.07567275315523148,0.649868905544281,0.4539397358894348,-0.055416837334632874,0.6395878791809082,0.5326337218284607,-0.07509340345859528,0.6191568970680237,0.5630410313606262,-0.07112591713666916,0.6090536713600159,0.5576837062835693,-0.06394045799970627,0.6704903244972229,0.4702964723110199,-0.049184199422597885,0.6566809415817261,0.5448933839797974,-0.06449992954730988,0.6354824900627136,0.5655423998832703,-0.05965780094265938,0.6233001947402954,0.5580738186836243,-0.051694463938474655,0.6839501261711121,0.4850972592830658,-0.04282789304852486,0.6682860255241394,0.5425615310668945,-0.053556475788354874,0.6493107080459595,0.5577796697616577,-0.05228341370820999,0.6366240382194519,0.5531039237976074,-0.04755410552024841,Left,0.998961865901947
1993,28,1,0.35251662135124207,0.37112438678741455,7.567831517008017e-08,0.4074491560459137,0.3860477805137634,-0.004298205953091383,0.43294188380241394,0.45065829157829285,-0.009813748300075531,0.4405955374240875,0.5120462775230408,-0.012133786454796791,0.4478481411933899,0.5570998191833496,-0.011599816381931305,0.41997572779655457,0.4656760096549988,-0.03981497511267662,0.42922738194465637,0.5618378520011902,-0.05227614566683769,0.44427624344825745,0.5825667977333069,-0.04757571592926979,0.45277437567710876,0.5710923075675964,-0.03738947957754135,0.38650912046432495,0.4770527184009552,-0.03988214209675789,0.3998825252056122,0.5774137377738953,-0.05053196847438812,0.4215550720691681,0.5942036509513855,-0.03812902048230171,0.4336952269077301,0.5806497931480408,-0.023794423788785934,0.3602105677127838,0.48366692662239075,-0.03837212547659874,0.37457385659217834,0.5771451592445374,-0.04314836487174034,0.3980957269668579,0.5883533358573914,-0.025386329740285873,0.4115842580795288,0.5763177275657654,-0.008740713819861412,0.34270232915878296,0.4852108359336853,-0.03687014430761337,0.3581715226173401,0.556599497795105,-0.03589433431625366,0.3784441351890564,0.5702817440032959,-0.022560739889740944,0.39109957218170166,0.5642338395118713,-0.008963614702224731,Right,0.9976202249526978
2066,29,0,0.6644348502159119,0.4036240875720978,3.3181166259055317e-07,0.6237697601318359,0.41507548093795776,-0.017038173973560333,0.5922759771347046,0.4586345851421356,-0.030921440571546555,0.5787470936775208,0.5028719902038574,-0.03887289762496948,0.5638683438301086,0.5331176519393921,-0.045830804854631424,0.620842456817627,0.4301672577857971,-0.0636165589094162,0.6163869500160217,0.490804523229599,-0.08502749353647232,0.605208694934845,0.5211630463600159,-0.08834684640169144,0.6006891131401062,0.529218852519989,-0.08509106934070587,0.6517484188079834,0.4454660713672638,-0.05841626599431038,0.6393291354179382,0.5230259299278259,-0.08001820743083954,0.6179692149162292,0.5534769296646118,-0.07741260528564453,0.6067120432853699,0.5503945350646973,-0.07145807892084122,0.673206627368927,0.46465346217155457,-0.05182642489671707,0.6559488773345947,0.538032054901123,-0.06806163489818573,0.633225679397583,0.5596621036529541,-0.06434210389852524,0.6198727488517761,0.5557369589805603,-0.0576399527490139,0.6870679259300232,0.48394280672073364,-0.045327071100473404,0.6685547232627869,0.5383901000022888,-0.056602805852890015,0.648440420627594,0.5539825558662415,-0.05639823153614998,0.6349804997444153,0.5528290271759033,-0.0529768131673336,Left,0.9991475939750671
2066,29,1,0.3529411852359772,0.37100183963775635,4.185535473766322e-08,0.40998104214668274,0.3853159546852112,0.0023189899511635303,0.43455973267555237,0.44559627771377563,0.00014679209562018514,0.43895402550697327,0.5013327598571777,-0.0005005612620152533,0.4388412833213806,0.5425011515617371,0.001181728788651526,0.4247885048389435,0.471518337726593,-0.029345737770199776,0.434227854013443,0.566816508769989,-0.03685818240046501,0.44798028469085693,0.5812873840332031,-0.03009898215532303,0.4527273178100586,0.5637792348861694,-0.019474774599075317,0.3917657434940338,0.48529699444770813,-0.03159778192639351,0.406400591135025,0.5825586318969727,-0.03677530959248543,0.42473793029785156,0.5891081690788269,-0.02277153916656971,0.43156537413597107,0.5678799152374268,-0.008641994558274746,0.36469799280166626,0.4909844398498535,-0.03191641345620155,0.37913188338279724,0.5791701078414917,-0.031602803617715836,0.398812472820282,0.5806983113288879,-0.013149896636605263,0.40622907876968384,0.561061441898346,0.0022490927949547768,0.3456353545188904,0.48982471227645874,-0.03185933455824852,0.3613520562648773,0.5561860203742981,-0.02644006721675396,0.3787214457988739,0.5631483793258667,-0.01158145535737276,0.38590458035469055,0.551501452922821,0.001824518432840705,Right,0.9977917671203613
2139,30,0,0.6685470938682556,0.40394800901412964,3.029278445865202e-07,0.629383385181427,0.4099389314651489,-0.01693098060786724,0.5954406261444092,0.4463406205177307,-0.029269151389598846,0.5820128917694092,0.4848482608795166,-0.035603299736976624,0.5685110688209534,0.5101181864738464,-0.04087845981121063,0.6289894580841064,0.42405378818511963,-0.06082839146256447,0.6181896924972534,0.47693079710006714,-0.08037487417459488,0.6065816283226013,0.5062033534049988,-0.08382176607847214,0.6020903587341309,0.5172182321548462,-0.08164927363395691,0.6582889556884766,0.4447861611843109,-0.055248189717531204,0.6383931040763855,0.5151100754737854,-0.07560069859027863,0.6151743531227112,0.5409561395645142,-0.07376041263341904,0.6033801436424255,0.5359786748886108,-0.06892959028482437,0.6769093871116638,0.4672023057937622,-0.04826551303267479,0.6519534587860107,0.5328691005706787,-0.0637814849615097,0.6284412741661072,0.5484400987625122,-0.061233099550008774,0.6161884665489197,0.5406215190887451,-0.055810343474149704,0.6877408623695374,0.48783284425735474,-0.04150061681866646,0.6637803912162781,0.536473274230957,-0.05268196016550064,0.642351508140564,0.5451574325561523,-0.05336657911539078,0.62903892993927,0.5382387638092041,-0.05100984126329422,Left,0.9984970092773438
2139,30,1,0.36069726943969727,0.36237192153930664,7.472488050552784e-08,0.418012797832489,0.38047271966934204,-0.00022891808475833386,0.4419604241847992,0.44532474875450134,-0.0028176745399832726,0.4423329830169678,0.5027048587799072,-0.0036034502554684877,0.43749380111694336,0.5446478724479675,-0.0016379590379074216,0.43181389570236206,0.4702145457267761,-0.02621220238506794,0.4343070387840271,0.5666534900665283,-0.035838786512613297,0.44744619727134705,0.5809568762779236,-0.032760437577962875,0.4535644054412842,0.5631118416786194,-0.02452835440635681,0.3971531093120575,0.48094290494918823,-0.02733229659497738,0.40405896306037903,0.5831719040870667,-0.03483150899410248,0.42271527647972107,0.5918210744857788,-0.02389470860362053,0.431345671415329,0.5717833638191223,-0.011564508080482483,0.36965060234069824,0.4846956431865692,-0.02723289094865322,0.377655565738678,0.5783087015151978,-0.029480360448360443,0.39815574884414673,0.5828262567520142,-0.013690393418073654,0.40775367617607117,0.5642056465148926,0.0007507162517867982,0.35196802020072937,0.4825238287448883,-0.026968156918883324,0.36325567960739136,0.554903507232666,-0.022434743121266365,0.3805656433105469,0.5644291043281555,-0.008536610752344131,0.3889580965042114,0.5534170269966125,0.004301735665649176,Right,0.997626543045044
2212,31,0,0.6669474244117737,0.40610724687576294,3.389864957625832e-07,0.6302047967910767,0.4092465341091156,-0.015393812209367752,0.6013215184211731,0.438931941986084,-0.027064623311161995,0.5901329517364502,0.47131702303886414,-0.0332392156124115,0.5780110955238342,0.4944533705711365,-0.03774309158325195,0.6418659687042236,0.4284122586250305,-0.05665626376867294,0.6295958757400513,0.48426204919815063,-0.07428699731826782,0.613688051700592,0.5037874579429626,-0.07449959218502045,0.6063703894615173,0.5034194588661194,-0.06944357603788376,0.6671340465545654,0.4487382471561432,-0.05094217136502266,0.6455056071281433,0.5162787437438965,-0.07052227109670639,0.6194373965263367,0.535967230796814,-0.06761074811220169,0.6067164540290833,0.5283048748970032,-0.061362046748399734,0.6811078190803528,0.4698982238769531,-0.043747469782829285,0.6568458676338196,0.5315204858779907,-0.058195143938064575,0.631648600101471,0.544474184513092,-0.05499217286705971,0.6186819672584534,0.5373717546463013,-0.04887284338474274,0.6880386471748352,0.48927929997444153,-0.036660272628068924,0.6656644940376282,0.5346324443817139,-0.04652949050068855,0.644117534160614,0.5424900054931641,-0.046454206109046936,0.631458580493927,0.5362911820411682,-0.04332439601421356,Left,0.9994060397148132
2212,31,1,0.3644826412200928,0.35096877813339233,1.3719539992962382e-07,0.4229099452495575,0.37091168761253357,-0.000807362433988601,0.44593048095703125,0.43600231409072876,-0.003526091342791915,0.4434136748313904,0.49609825015068054,-0.004712298512458801,0.43523553013801575,0.5387824177742004,-0.004163597710430622,0.43903619050979614,0.4582078456878662,-0.023403961211442947,0.4375458359718323,0.5545580983161926,-0.03229609131813049,0.4437427818775177,0.5834588408470154,-0.0311917494982481,0.4467056393623352,0.5852665901184082,-0.02566857449710369,0.4039105474948883,0.46859681606292725,-0.024611232802271843,0.40314823389053345,0.5711533427238464,-0.030760865658521652,0.4198010265827179,0.5845418572425842,-0.022264130413532257,0.43061190843582153,0.570503830909729,-0.01252073049545288,0.3754231631755829,0.47194623947143555,-0.024599852040410042,0.38071152567863464,0.5614057779312134,-0.025592967867851257,0.3995308578014374,0.5658547282218933,-0.01212423387914896,0.4094899594783783,0.5513134598731995,-0.00020025593403261155,0.35616540908813477,0.4707818329334259,-0.02455972693860531,0.3670501708984375,0.535791277885437,-0.01894700527191162,0.38307493925094604,0.5441312789916992,-0.006289207376539707,0.3916287422180176,0.5372194051742554,0.004827533848583698,Right,0.9960554242134094
2284,32,0,0.6723452806472778,0.40307995676994324,2.532751750550233e-07,0.638142466545105,0.39949434995651245,-0.029705120250582695,0.6120003461837769,0.4209291934967041,-0.04759116843342781,0.6020816564559937,0.45216211676597595,-0.056577377021312714,0.6006722450256348,0.47951003909111023,-0.062252264469861984,0.6596952080726624,0.4333665370941162,-0.07323423773050308,0.6387138962745667,0.4789850413799286,-0.08880289644002914,0.6181061267852783,0.48842787742614746,-0.08575896918773651,0.6126106977462769,0.4836117923259735,-0.08003604412078857,0.6772590279579163,0.45672497153282166,-0.06109298765659332,0.6460863351821899,0.5112730860710144,-0.0770510658621788,0.6200060248374939,0.5125682950019836,-0.07301611453294754,0.6129065752029419,0.4985926151275635,-0.06832872331142426,0.6832707524299622,0.4770372211933136,-0.04766431823372841,0.655411958694458,0.5270135998725891,-0.05962100252509117,0.6297084093093872,0.524890661239624,-0.05608907341957092,0.6217716336250305,0.5110529661178589,-0.05260226130485535,0.6846964955329895,0.4905269145965576,-0.03548869863152504,0.6615960597991943,0.5284453630447388,-0.04698546603322029,0.640535831451416,0.5282399654388428,-0.048461928963661194,0.6312386989593506,0.5182429552078247,-0.0477975457906723,Left,0.9949537515640259
2284,32,1,0.3685189485549927,0.3534230589866638,1.4452449192958738e-07,0.4249645471572876,0.37070849537849426,0.0014518311945721507,0.4492497444152832,0.4336845278739929,-0.0019511838909238577,0.4503175914287567,0.4919974207878113,-0.003567428095266223,0.44472941756248474,0.5348076224327087,-0.003650873666629195,0.43954938650131226,0.45532676577568054,-0.03185812383890152,0.4550822973251343,0.5504347085952759,-0.04056729003787041,0.46205928921699524,0.5824484825134277,-0.036159008741378784,0.4616639018058777,0.584696888923645,-0.02805405855178833,0.4061325490474701,0.4654732942581177,-0.034153204411268234,0.4164696931838989,0.5699777603149414,-0.041995007544755936,0.43210873007774353,0.5854045152664185,-0.031135527417063713,0.44071778655052185,0.5714687705039978,-0.019326331093907356,0.37821054458618164,0.46931904554367065,-0.03415380418300629,0.3915559649467468,0.5617228150367737,-0.036405228078365326,0.4111020863056183,0.565915584564209,-0.020212633535265923,0.4206573963165283,0.549473762512207,-0.0060663423500955105,0.35945045948028564,0.46799129247665405,-0.033620696514844894,0.3768264651298523,0.5369908213615417,-0.029173443093895912,0.3941909968852997,0.5442899465560913,-0.014741660095751286,0.40295737981796265,0.5346184968948364,-0.001877694739960134,Right,0.9982770681381226
2359,33,0,0.6692726016044617,0.3984126150608063,2.320628738061714e-07,0.6464776396751404,0.3807945251464844,-0.04009277746081352,0.6273893713951111,0.3909173309803009,-0.06370297074317932,0.6154499053955078,0.4189145565032959,-0.0775812566280365,0.6131444573402405,0.4464658498764038,-0.08845867216587067,0.6751411557197571,0.425315260887146,-0.07458586990833282,0.6492622494697571,0.4621080756187439,-0.09861493110656738,0.6277382969856262,0.46841201186180115,-0.10749594867229462,0.6189854741096497,0.47032779455184937,-0.11160670220851898,0.6795268654823303,0.46089163422584534,-0.06113014370203018,0.6430841088294983,0.5018529295921326,-0.08354660123586655,0.6183488368988037,0.48799559473991394,-0.08499043434858322,0.6133612990379333,0.472034215927124,-0.0840071514248848,0.6745045185089111,0.48604223132133484,-0.048600275069475174,0.6404054164886475,0.5161131024360657,-0.06864271312952042,0.619435727596283,0.4993140697479248,-0.06651203334331512,0.616248369216919,0.4837208390235901,-0.06292637437582016,0.6662468910217285,0.5004728436470032,-0.03845888376235962,0.6373831033706665,0.5166329741477966,-0.05466097220778465,0.6221708655357361,0.49977102875709534,-0.05595124512910843,0.6191803216934204,0.4840072989463806,-0.054888006299734116,Left,0.9934526681900024
2359,33,1,0.3690023124217987,0.3524990677833557,9.076579488009884e-08,0.4256276488304138,0.37176746129989624,0.0034962757490575314,0.4502798914909363,0.43544620275497437,0.0006480158772319555,0.45349210500717163,0.4934553802013397,-0.0008902763365767896,0.45101645588874817,0.5372074842453003,-0.00011430726590333506,0.44358760118484497,0.4633830785751343,-0.028816333040595055,0.4554392397403717,0.5608741641044617,-0.035860832780599594,0.4623320400714874,0.58329838514328,-0.028416406363248825,0.462415486574173,0.5727315545082092,-0.017362168058753014,0.4086444079875946,0.4726426601409912,-0.03198329359292984,0.4185692071914673,0.5740453004837036,-0.0365198589861393,0.43224605917930603,0.588097095489502,-0.022283067926764488,0.4398612976074219,0.5741089582443237,-0.008149335160851479,0.378450483083725,0.4745648503303528,-0.03297530859708786,0.3908171057701111,0.5641061663627625,-0.03234652802348137,0.4080347716808319,0.5718564391136169,-0.013336719945073128,0.4172059893608093,0.5570013523101807,0.0023062939289957285,0.3568272590637207,0.4702862501144409,-0.03345847874879837,0.37183278799057007,0.5382170081138611,-0.02691545896232128,0.3874084949493408,0.547575831413269,-0.01062741968780756,0.39571285247802734,0.5392221808433533,0.0036197840236127377,Right,0.9986411929130554
2432,34,0,0.6543815732002258,0.3716226816177368,1.7313151090547763e-07,0.6360459327697754,0.3726496696472168,-0.03468165174126625,0.627964437007904,0.3915233016014099,-0.05573555454611778,0.6195192933082581,0.4172361493110657,-0.07022592425346375,0.6135854721069336,0.43668851256370544,-0.08123362064361572,0.6745886206626892,0.42995113134384155,-0.05352526158094406,0.6472663283348083,0.4655216932296753,-0.07583370059728622,0.6227343678474426,0.4609968066215515,-0.08475779742002487,0.6150122880935669,0.44953328371047974,-0.08841850608587265,0.676318883895874,0.4512241780757904,-0.04305264726281166,0.6435626149177551,0.49094459414482117,-0.06626859307289124,0.6171152591705322,0.4742107093334198,-0.07067473232746124,0.6122128963470459,0.4564416706562042,-0.07072020322084427,0.6709432601928711,0.4667801856994629,-0.034348614513874054,0.6391201019287109,0.5021358132362366,-0.05517960339784622,0.6169313788414001,0.48282942175865173,-0.053978241980075836,0.6144772171974182,0.4638420343399048,-0.04972892254590988,0.6630712151527405,0.4757106602191925,-0.028054174035787582,0.6334180235862732,0.49651050567626953,-0.04441050812602043,0.6163676977157593,0.4824807643890381,-0.04620473459362984,0.6129601001739502,0.46901363134384155,-0.0446385033428669,Left,0.9341549873352051
2432,34,1,0.3689303696155548,0.34931355714797974,6.930769558266547e-08,0.4270350933074951,0.37180715799331665,0.006447047460824251,0.45082512497901917,0.43753573298454285,0.005461151711642742,0.45352694392204285,0.49501121044158936,0.005176999140530825,0.4511316418647766,0.5370680689811707,0.00688854418694973,0.4458269774913788,0.46289029717445374,-0.02591773308813572,0.4587379992008209,0.5612327456474304,-0.030948244035243988,0.4628925025463104,0.5843812227249146,-0.02267967164516449,0.46098068356513977,0.5759245753288269,-0.01181414071470499,0.41132885217666626,0.4728289544582367,-0.030159585177898407,0.42430970072746277,0.5746357440948486,-0.03286823630332947,0.4352431893348694,0.588245153427124,-0.0190624687820673,0.4391116499900818,0.5761318206787109,-0.006299413740634918,0.38043925166130066,0.4748266041278839,-0.03182709589600563,0.3949792683124542,0.5657849311828613,-0.029109351336956024,0.4096347689628601,0.5715773105621338,-0.010746384039521217,0.41573160886764526,0.5562016367912292,0.0031707389280200005,0.3578195571899414,0.46961086988449097,-0.03289313241839409,0.37101122736930847,0.5368274450302124,-0.02425331622362137,0.38478681445121765,0.5441686511039734,-0.008225427940487862,0.3910561800003052,0.5341163277626038,0.004630809184163809,Right,0.9981303811073303
2504,35,0,0.6612732410430908,0.36089324951171875,1.5352706839166785e-07,0.6402170062065125,0.36033546924591064,-0.028363103047013283,0.6291085481643677,0.375923216342926,-0.044806987047195435,0.6213287711143494,0.3996362090110779,-0.056014303117990494,0.6203626394271851,0.4130987823009491,-0.06523147225379944,0.6690124869346619,0.4212413430213928,-0.03987890109419823,0.641729474067688,0.454211950302124,-0.05618761107325554,0.6178786158561707,0.4549878239631653,-0.06492851674556732,0.6060323119163513,0.4479501247406006,-0.06932546943426132,0.6743990778923035,0.4411373734474182,-0.030517693608999252,0.6444312334060669,0.4769226312637329,-0.04570777341723442,0.6179149150848389,0.4737716317176819,-0.050225649029016495,0.6045008301734924,0.46132269501686096,-0.05152211710810661,0.6728255748748779,0.4514084756374359,-0.022651147097349167,0.6448734998703003,0.48520925641059875,-0.03701167181134224,0.6210951209068298,0.4817694425582886,-0.03918971121311188,0.6086346507072449,0.4703853130340576,-0.038327474147081375,0.6668262481689453,0.4546167850494385,-0.01662086509168148,0.6412209272384644,0.4758528470993042,-0.02804282121360302,0.6230381727218628,0.4727362394332886,-0.03102358989417553,0.6125938296318054,0.4640991687774658,-0.03108273446559906,Left,0.9615780115127563
2504,35,1,0.37119603157043457,0.3463450074195862,9.168852699303898e-08,0.4298553168773651,0.36788690090179443,0.010223858058452606,0.45384469628334045,0.43200743198394775,0.010505212470889091,0.45487040281295776,0.48782944679260254,0.010757883079349995,0.4488375186920166,0.528459906578064,0.0125412717461586,0.4509504437446594,0.46273311972618103,-0.0231026578694582,0.4630871117115021,0.5602085590362549,-0.026929683983325958,0.4635646939277649,0.5855544209480286,-0.01746251992881298,0.4598250091075897,0.5768842697143555,-0.0054491786286234856,0.4175964891910553,0.4737178087234497,-0.028370602056384087,0.4301837086677551,0.5726879835128784,-0.02890019491314888,0.43662840127944946,0.5910144448280334,-0.013678365387022495,0.4393904209136963,0.5820170044898987,-7.297912088688463e-05,0.3864611089229584,0.47535479068756104,-0.030743170529603958,0.3999071419239044,0.5654803514480591,-0.026633204892277718,0.409690797328949,0.5751960873603821,-0.007406861055642366,0.4147683382034302,0.5612919330596924,0.007149677257984877,0.36281096935272217,0.4683493375778198,-0.03207983449101448,0.37410768866539,0.5339032411575317,-0.021797167137265205,0.38291916251182556,0.5410575270652771,-0.004124607890844345,0.38704633712768555,0.5292086601257324,0.010113630443811417,Right,0.9982328414916992
2577,36,0,0.6668050289154053,0.3480209708213806,1.3319342428985692e-07,0.6457671523094177,0.33984383940696716,-0.028184035792946815,0.630808413028717,0.35117071866989136,-0.04607385769486427,0.6196271777153015,0.37327927350997925,-0.059031110256910324,0.6130819916725159,0.3926127254962921,-0.07041146606206894,0.6572099924087524,0.40172672271728516,-0.04576483741402626,0.6290007829666138,0.43613532185554504,-0.06465286761522293,0.6063131093978882,0.43554672598838806,-0.0742766410112381,0.5958458185195923,0.4266216456890106,-0.0788501426577568,0.6616562008857727,0.4235953390598297,-0.037123244255781174,0.6302691698074341,0.4589144289493561,-0.05424385890364647,0.6049841642379761,0.4538748860359192,-0.05957377329468727,0.5934825539588928,0.44005587697029114,-0.06172741577029228,0.6593407988548279,0.4361715614795685,-0.029708709567785263,0.630095899105072,0.4673018157482147,-0.0449037104845047,0.6071913838386536,0.4604484736919403,-0.047218505293130875,0.5964180827140808,0.4467012584209442,-0.04685824364423752,0.6545273065567017,0.44168421626091003,-0.02413388341665268,0.6281879544258118,0.4601214528083801,-0.035997550934553146,0.6095453500747681,0.4543862044811249,-0.039326660335063934,0.5994511246681213,0.4426976144313812,-0.039868343621492386,Left,0.957222044467926
2577,36,1,0.3785272538661957,0.3430141806602478,1.2539443616788049e-07,0.4356727600097656,0.3715367913246155,0.009699320420622826,0.45645880699157715,0.4351362884044647,0.009775804355740547,0.4561905264854431,0.48855090141296387,0.010072164237499237,0.45026442408561707,0.5273902416229248,0.011807327158749104,0.4570784866809845,0.46174395084381104,-0.023779205977916718,0.4617724120616913,0.5561630725860596,-0.025384878739714622,0.46244826912879944,0.5834326148033142,-0.014806414023041725,0.4608917534351349,0.5833617448806763,-0.003345164004713297,0.42334577441215515,0.47186774015426636,-0.029130762442946434,0.43063220381736755,0.5707536935806274,-0.029120847582817078,0.4377654194831848,0.5906344652175903,-0.014253206551074982,0.44094911217689514,0.5843946933746338,-0.001363271032460034,0.3917640149593353,0.4743260443210602,-0.03124593198299408,0.4017752707004547,0.5646801590919495,-0.026049267500638962,0.4121106266975403,0.5773777365684509,-0.007395158987492323,0.41780713200569153,0.5673014521598816,0.006249986123293638,0.36727428436279297,0.46796080470085144,-0.03247099369764328,0.37591809034347534,0.5341454148292542,-0.02122550643980503,0.385143905878067,0.5437608957290649,-0.003921285271644592,0.38988128304481506,0.535560131072998,0.009671362116932869,Right,0.9976625442504883
2649,37,0,0.6708981394767761,0.34138885140419006,1.487225205210052e-07,0.6525065898895264,0.3211740255355835,-0.026913296431303024,0.6321908831596375,0.3180222511291504,-0.04460247606039047,0.6166198253631592,0.331024706363678,-0.056687306612730026,0.6134462356567383,0.3521434962749481,-0.06714805960655212,0.6472675204277039,0.36864349246025085,-0.05448541045188904,0.6153577566146851,0.39939823746681213,-0.07152459770441055,0.5945488214492798,0.3968506157398224,-0.07671687006950378,0.5849437713623047,0.38843417167663574,-0.07784850150346756,0.6496903300285339,0.3946619927883148,-0.045496467500925064,0.6135415434837341,0.42718082666397095,-0.060623716562986374,0.5914071202278137,0.4205591678619385,-0.06210353597998619,0.582717776298523,0.4078669250011444,-0.062159523367881775,0.6466752290725708,0.41102123260498047,-0.0367446206510067,0.6137987375259399,0.44038134813308716,-0.049171291291713715,0.5939997434616089,0.43279221653938293,-0.049625661224126816,0.5849665999412537,0.42149850726127625,-0.049006689339876175,0.6420379877090454,0.41933897137641907,-0.029511170461773872,0.614836573600769,0.43993258476257324,-0.0391203835606575,0.597827672958374,0.43473589420318604,-0.04113190993666649,0.5890470743179321,0.42409780621528625,-0.04141605272889137,Left,0.9911295175552368
2649,37,1,0.3826178312301636,0.3439921736717224,1.6275639325158409e-07,0.4383840262889862,0.37363845109939575,0.007538759149610996,0.45886924862861633,0.4368462562561035,0.0056345281191170216,0.4588305950164795,0.49106311798095703,0.0043524568900465965,0.4539414942264557,0.5301685929298401,0.004716983065009117,0.4589880108833313,0.4616626501083374,-0.02857792004942894,0.462209016084671,0.5544477105140686,-0.03228915482759476,0.46203315258026123,0.5855039954185486,-0.022026143968105316,0.45973536372184753,0.5871174335479736,-0.010222815908491611,0.4253644645214081,0.4703662395477295,-0.03364178165793419,0.4299156367778778,0.5689442157745361,-0.03545069321990013,0.4360852837562561,0.5929028987884521,-0.020147645846009254,0.4384402334690094,0.5876471400260925,-0.006202708464115858,0.39384427666664124,0.4721417725086212,-0.03559808060526848,0.4012891948223114,0.5630754232406616,-0.03271277993917465,0.4111228585243225,0.5813360214233398,-0.013988722115755081,0.416941374540329,0.5736188888549805,0.000624527339823544,0.36902767419815063,0.46595585346221924,-0.036720722913742065,0.3751438856124878,0.5326299071311951,-0.02838776633143425,0.3841055929660797,0.5473967790603638,-0.012044500559568405,0.3900532126426697,0.5429586172103882,0.0018514195689931512,Right,0.9981516599655151
2721,38,0,0.38563087582588196,0.3418569564819336,1.61877693471979e-07,0.4399186670780182,0.37266960740089417,0.006976719945669174,0.45929205417633057,0.4356840252876282,0.004929136019200087,0.457931250333786,0.4892820119857788,0.0035955568309873343,0.45109039545059204,0.5277679562568665,0.003917340189218521,0.4613156020641327,0.4608198404312134,-0.027305349707603455,0.46314582228660583,0.552870512008667,-0.03131362423300743,0.46130815148353577,0.5807363986968994,-0.0224839448928833,0.4589969515800476,0.5788254141807556,-0.011759026907384396,0.42678362131118774,0.4685654640197754,-0.031904157251119614,0.43112194538116455,0.56382155418396,-0.03341865912079811,0.43601590394973755,0.5905305743217468,-0.02051362209022045,0.43858790397644043,0.5896335244178772,-0.009017538279294968,0.39482223987579346,0.46932756900787354,-0.03350551798939705,0.4009924530982971,0.5567552447319031,-0.030177321285009384,0.41032862663269043,0.5785813331604004,-0.014160504564642906,0.41772544384002686,0.5753740072250366,-0.00208780774846673,0.36959752440452576,0.46232497692108154,-0.03424280881881714,0.3743346929550171,0.527464747428894,-0.025433998554944992,0.3841550052165985,0.5458645224571228,-0.010410918854176998,0.3927743136882782,0.5458273887634277,0.0019298638217151165,Right,0.9986370205879211
2794,39,0,0.38845059275627136,0.34092479944229126,1.925988186712857e-07,0.44215571880340576,0.3712007999420166,0.0041464329697191715,0.4617973566055298,0.4360940754413605,-0.00032159584225155413,0.45986127853393555,0.49341610074043274,-0.0032062213867902756,0.45337122678756714,0.5355213284492493,-0.004486722405999899,0.4613245725631714,0.45126447081565857,-0.03595476225018501,0.46303030848503113,0.5504153966903687,-0.04169878736138344,0.46032148599624634,0.5826915502548218,-0.032419778406620026,0.4569709897041321,0.5847104787826538,-0.02096007578074932,0.4260830879211426,0.45573148131370544,-0.03948971629142761,0.42905575037002563,0.5594208240509033,-0.04320994392037392,0.4355224370956421,0.5869693160057068,-0.029037056490778923,0.44051235914230347,0.58626788854599,-0.016237592324614525,0.3944450914859772,0.4572455585002899,-0.03980888053774834,0.4004307687282562,0.5515546202659607,-0.037481166422367096,0.4122176170349121,0.5722559690475464,-0.018926521763205528,0.4209677577018738,0.5692081451416016,-0.004907349124550819,0.37074145674705505,0.4543512463569641,-0.039490263909101486,0.3800663948059082,0.5250577330589294,-0.031523045152425766,0.39241039752960205,0.5432589054107666,-0.0154439527541399,0.40186718106269836,0.5442628264427185,-0.0022157246712595224,Right,0.9981759190559387
2871,40,0,0.3896065652370453,0.3366777002811432,2.037399724486022e-07,0.44353094696998596,0.36667105555534363,0.0015815462684258819,0.46492499113082886,0.43258172273635864,-0.0036425129510462284,0.46400025486946106,0.49140655994415283,-0.0069498466327786446,0.45924296975135803,0.534194827079773,-0.008825593627989292,0.4652893841266632,0.4437907934188843,-0.03573945164680481,0.47378990054130554,0.5349277853965759,-0.04295600578188896,0.4707382321357727,0.5723159313201904,-0.03686589375138283,0.4672470688819885,0.5818666219711304,-0.028345242142677307,0.4288284182548523,0.44868704676628113,-0.03927849978208542,0.429131418466568,0.5498273968696594,-0.04404611140489578,0.43310078978538513,0.5786641836166382,-0.032274581491947174,0.4387122690677643,0.5793883204460144,-0.021552108228206635,0.3964264988899231,0.45044881105422974,-0.04005570709705353,0.4006686210632324,0.5430603623390198,-0.03974645212292671,0.4122583866119385,0.564692497253418,-0.02306520566344261,0.42284923791885376,0.5619792938232422,-0.01043170876801014,0.3727498948574066,0.4485704004764557,-0.04041595384478569,0.38218340277671814,0.5168346762657166,-0.03482561931014061,0.39407116174697876,0.5310646295547485,-0.019614137709140778,0.4038691818714142,0.528355062007904,-0.0070253219455480576,Right,0.998292088508606
2950,41,0,0.3988350033760071,0.33811140060424805,2.639661431658169e-07,0.4504930078983307,0.370981901884079,0.003336438210681081,0.46998971700668335,0.43700912594795227,-0.0022028896491974592,0.4679681062698364,0.49440163373947144,-0.005839194171130657,0.461193323135376,0.5351779460906982,-0.007871744222939014,0.47014328837394714,0.44622865319252014,-0.04098166897892952,0.4772132337093353,0.5410358905792236,-0.04804593697190285,0.4719862937927246,0.5805225372314453,-0.03899478167295456,0.4646553695201874,0.5904710292816162,-0.02769055962562561,0.4349153935909271,0.4495641589164734,-0.04449589177966118,0.43605148792266846,0.5508521795272827,-0.0489179864525795,0.43904560804367065,0.5794937610626221,-0.03280056640505791,0.44168660044670105,0.5797079205513,-0.018258657306432724,0.40274375677108765,0.4502366781234741,-0.044680945575237274,0.40601739287376404,0.5431336164474487,-0.04348563402891159,0.41650688648223877,0.5645137429237366,-0.02274087257683277,0.4252532124519348,0.5598692893981934,-0.006572647951543331,0.3781299889087677,0.4471132755279541,-0.04428841918706894,0.3837231397628784,0.5176949501037598,-0.0377749465405941,0.39447489380836487,0.534575879573822,-0.020727286115288734,0.4031772315502167,0.5327387452125549,-0.00592014892026782,Right,0.9991779327392578
3050,42,0,0.40066853165626526,0.3359898626804352,2.1317421783351165e-07,0.4507999122142792,0.3695857524871826,0.00465829623863101,0.4699571430683136,0.436510294675827,-6.343537097563967e-05,0.47047537565231323,0.49453046917915344,-0.0032332967966794968,0.4677773416042328,0.5371885299682617,-0.004472287371754646,0.47212958335876465,0.4470902681350708,-0.037331145256757736,0.47630470991134644,0.5425849556922913,-0.043584346771240234,0.47147300839424133,0.5780302882194519,-0.03417704999446869,0.46564337611198425,0.5841786861419678,-0.022658661007881165,0.43763118982315063,0.44932883977890015,-0.04155769571661949,0.43788254261016846,0.5512253642082214,-0.04557393863797188,0.441470742225647,0.5785840749740601,-0.03005063161253929,0.4445628523826599,0.578747570514679,-0.01604502834379673,0.4054526686668396,0.4487451910972595,-0.04253575950860977,0.4075659215450287,0.5419110655784607,-0.04090533405542374,0.41771218180656433,0.562086820602417,-0.020649615675210953,0.4260074496269226,0.557666540145874,-0.004990275017917156,0.38048598170280457,0.4441762864589691,-0.04289305955171585,0.38497185707092285,0.5166081190109253,-0.03602108731865883,0.3958680033683777,0.5343794226646423,-0.019452016800642014,0.40526795387268066,0.5336924195289612,-0.005260196980088949,Right,0.9990861415863037
3050,42,1,0.6033505797386169,0.19771263003349304,-2.519865915928676e-07,0.5931519269943237,0.15940545499324799,0.0034624699037522078,0.5679994225502014,0.11838109791278839,0.0003490234084893018,0.5410940051078796,0.0997164398431778,-0.003825483610853553,0.5214247703552246,0.09457666426897049,-0.009072924964129925,0.579116702079773,0.09515932202339172,-0.017852939665317535,0.5462908744812012,0.055616594851017,-0.030574290081858635,0.517793595790863,0.06062716618180275,-0.03681974112987518,0.5067554712295532,0.07412583380937576,-0.03998279571533203,0.5787535905838013,0.11362423002719879,-0.026021340861916542,0.5426298379898071,0.07394792139530182,-0.03489578515291214,0.5150819420814514,0.07342197746038437,-0.03594635799527168,0.5050487518310547,0.08239538222551346,-0.037426628172397614,0.5732616782188416,0.140772745013237,-0.03367413952946663,0.5367319583892822,0.10358067601919174,-0.04363764822483063,0.5117163062095642,0.09980393946170807,-0.04355407506227493,0.5033774375915527,0.10461897403001785,-0.04326702281832695,0.56332927942276,0.17169703543186188,-0.04028540477156639,0.5335489511489868,0.14079681038856506,-0.0522797629237175,0.5151607394218445,0.13190779089927673,-0.053892262279987335,0.5078802704811096,0.13325032591819763,-0.05368168279528618,Left,0.9944667816162109
3150,43,0,0.4024512469768524,0.3373315632343292,1.4661222280665243e-07,0.45309069752693176,0.3740420341491699,0.005492230877280235,0.47086405754089355,0.444029837846756,0.0018838760443031788,0.46857792139053345,0.5029987692832947,-0.0006448696949519217,0.46319836378097534,0.5453537702560425,-0.001264239544980228,0.47102952003479004,0.45674607157707214,-0.029810819774866104,0.4627700448036194,0.5549278855323792,-0.036097683012485504,0.46246594190597534,0.5813689231872559,-0.029238631948828697,0.46366801857948303,0.5767725110054016,-0.019690627232193947,0.4367603063583374,0.45825836062431335,-0.03433912247419357,0.4314464032649994,0.5599371790885925,-0.037499748170375824,0.4380941092967987,0.5811605453491211,-0.02472064644098282,0.4448004961013794,0.5756733417510986,-0.013319279067218304,0.40526074171066284,0.4571344554424286,-0.036150012165308,0.4054471254348755,0.5482661724090576,-0.03291637822985649,0.4162823557853699,0.5675891041755676,-0.016077827662229538,0.42578861117362976,0.5636588931083679,-0.003963502589613199,0.3811386823654175,0.45170360803604126,-0.037381090223789215,0.3875403106212616,0.5196434259414673,-0.02818344347178936,0.3984696567058563,0.5361199378967285,-0.012972108088433743,0.4076426923274994,0.5367189049720764,-0.0012252056039869785,Right,0.9986534118652344
3150,43,1,0.595344603061676,0.1798594892024994,-1.639109825646301e-07,0.5819553136825562,0.14002501964569092,0.007302731741219759,0.5605167746543884,0.10509271919727325,0.00698861526325345,0.5377715826034546,0.09034128487110138,0.005799155216664076,0.52092444896698,0.08359944820404053,0.004811938852071762,0.5698966383934021,0.07882431149482727,-0.01606709696352482,0.5424055457115173,0.03483790159225464,-0.026607317849993706,0.5129061937332153,0.042730435729026794,-0.027991684153676033,0.5043560862541199,0.05861535668373108,-0.02736840397119522,0.569246768951416,0.09101486206054688,-0.02451912872493267,0.5389085412025452,0.04116087406873703,-0.03437110036611557,0.508377194404602,0.048630326986312866,-0.03220444917678833,0.500464141368866,0.06511977314949036,-0.030048543587327003,0.5635339021682739,0.11273530125617981,-0.03210079297423363,0.533827543258667,0.06691715121269226,-0.042323414236307144,0.5061718225479126,0.07062822580337524,-0.04260069504380226,0.49927395582199097,0.08272475004196167,-0.04219086468219757,0.5533453226089478,0.14038242399692535,-0.03812101110816002,0.525957465171814,0.11369023472070694,-0.053011685609817505,0.5045461654663086,0.11040963232517242,-0.0590137280523777,0.4981069266796112,0.11670665442943573,-0.06144380941987038,Left,0.9870331287384033
3223,44,0,0.39878928661346436,0.341060072183609,1.0217583223948168e-07,0.45049822330474854,0.37437814474105835,0.004447587300091982,0.4687002897262573,0.4458085000514984,0.0003204243548680097,0.4673157036304474,0.5078970789909363,-0.0030985865741968155,0.46641260385513306,0.5535524487495422,-0.00432730233296752,0.470217764377594,0.4593799412250519,-0.026968978345394135,0.4585900604724884,0.5606632828712463,-0.034559283405542374,0.46068137884140015,0.58526611328125,-0.02930123545229435,0.4637258052825928,0.5799647569656372,-0.020896827802062035,0.4366472661495209,0.4615086615085602,-0.03160015866160393,0.43023189902305603,0.5677987337112427,-0.03592519462108612,0.4387696385383606,0.5790075063705444,-0.02397548407316208,0.4456767141819,0.568737804889679,-0.013272657990455627,0.4058701992034912,0.4613029658794403,-0.03405870869755745,0.4045981764793396,0.5596950054168701,-0.03157864511013031,0.41670653223991394,0.5646170973777771,-0.014061187393963337,0.42492809891700745,0.5518386363983154,-0.0016667150193825364,0.3818404972553253,0.4576490521430969,-0.03621973842382431,0.38777095079421997,0.5313360095024109,-0.02670898288488388,0.3989538848400116,0.5400573015213013,-0.01135669182986021,0.4062455892562866,0.5343153476715088,-0.00012197133764857426,Right,0.9984246492385864
3223,44,1,0.5797818303108215,0.1647493541240692,-5.821016202389728e-08,0.5726733207702637,0.12042814493179321,0.004769612103700638,0.5583610534667969,0.07864823192358017,0.0020628550555557013,0.5408254265785217,0.05334831029176712,-0.0004976647906005383,0.5248525142669678,0.038160450756549835,-0.003153112716972828,0.5620527863502502,0.061552587896585464,-0.028984559699892998,0.5345813035964966,0.010424822568893433,-0.04283630847930908,0.5068556666374207,0.010052181780338287,-0.043851833790540695,0.4984685182571411,0.022858165204524994,-0.04133076220750809,0.5588101744651794,0.08216282725334167,-0.03632182255387306,0.5270946621894836,0.0301053449511528,-0.05125027149915695,0.49857762455940247,0.0292324498295784,-0.048405639827251434,0.491847425699234,0.042164240032434464,-0.044076405465602875,0.5511921048164368,0.10946351289749146,-0.042126767337322235,0.5194128751754761,0.06593264639377594,-0.055192142724990845,0.49709731340408325,0.06600505113601685,-0.05126756802201271,0.49477124214172363,0.0774448812007904,-0.04599171131849289,0.5406075716018677,0.1399250328540802,-0.04653647914528847,0.5103822350502014,0.10443452000617981,-0.0604446642100811,0.4948187470436096,0.09500331431627274,-0.061668287962675095,0.49389147758483887,0.09740754216909409,-0.05942642316222191,Left,0.992087721824646
3296,45,0,0.396916002035141,0.33928459882736206,8.864242317940807e-08,0.44998306035995483,0.373476505279541,0.009177304804325104,0.46882668137550354,0.44227614998817444,0.008469827473163605,0.4673314392566681,0.49953657388687134,0.008223642595112324,0.46196088194847107,0.5424506664276123,0.009781667962670326,0.46968746185302734,0.4635215401649475,-0.022899702191352844,0.4614012539386749,0.561633288860321,-0.026191599667072296,0.4629468023777008,0.5854718685150146,-0.017657389864325523,0.46522510051727295,0.581218957901001,-0.007322264835238457,0.4347330629825592,0.46811866760253906,-0.02790302410721779,0.43103235960006714,0.5696669220924377,-0.028719335794448853,0.4380340278148651,0.5826035737991333,-0.014698229730129242,0.443121075630188,0.5725859999656677,-0.0024245993699878454,0.40322214365005493,0.4680280089378357,-0.029961999505758286,0.40381869673728943,0.560458242893219,-0.024720804765820503,0.4146760404109955,0.5715019106864929,-0.006204122677445412,0.4220782220363617,0.562197208404541,0.0071314177475869656,0.3794116973876953,0.4623786509037018,-0.03113950416445732,0.38682040572166443,0.5336939692497253,-0.020050324499607086,0.3978561460971832,0.5499064922332764,-0.003891177009791136,0.4056701064109802,0.551056444644928,0.008539746515452862,Right,0.9985354542732239
3296,45,1,0.5734285116195679,0.1544915735721588,-6.91821711029661e-08,0.5652455687522888,0.11038186401128769,0.012794536538422108,0.5477012395858765,0.07075522094964981,0.012368550524115562,0.5282524824142456,0.04976688325405121,0.008635967038571835,0.5117686986923218,0.038186170160770416,0.0035157271195203066,0.5585252642631531,0.04927258938550949,-0.00819913949817419,0.5365760326385498,-0.0011669471859931946,-0.019155921414494514,0.5146939754486084,-0.010038450360298157,-0.02434684894979,0.5036801695823669,-0.005473047494888306,-0.0261086355894804,0.5545548796653748,0.061481840908527374,-0.020632732659578323,0.5276108384132385,0.00896887481212616,-0.029604937881231308,0.5038684606552124,0.00533033162355423,-0.03173815459012985,0.4929860532283783,0.014905616641044617,-0.03293067216873169,0.5458065271377563,0.08264327049255371,-0.03164154663681984,0.5151751637458801,0.03664584457874298,-0.039452098309993744,0.49723222851753235,0.04274342954158783,-0.03901161998510361,0.49226251244544983,0.056569330394268036,-0.0383453443646431,0.5326120853424072,0.10944978892803192,-0.04091700538992882,0.5062555074691772,0.0776367038488388,-0.048794060945510864,0.4929049015045166,0.07557805627584457,-0.04886718839406967,0.48799875378608704,0.08163835853338242,-0.0479905866086483,Left,0.994364857673645
3369,46,0,0.39572393894195557,0.3409014344215393,6.346532188672427e-08,0.4502730965614319,0.3743267357349396,0.008609699085354805,0.4693765640258789,0.4416924715042114,0.0069645908661186695,0.4677063226699829,0.49678656458854675,0.0055901166051626205,0.4606565535068512,0.5382590293884277,0.006208055652678013,0.46759888529777527,0.4668560028076172,-0.02581223100423813,0.464981347322464,0.5651400685310364,-0.030935514718294144,0.4665486812591553,0.5860723257064819,-0.022385869175195694,0.466283917427063,0.5732535719871521,-0.01124654058367014,0.433205783367157,0.47136810421943665,-0.031106561422348022,0.4309862554073334,0.5728832483291626,-0.032800666987895966,0.4384874105453491,0.5803403258323669,-0.01757608912885189,0.4437364637851715,0.5637810230255127,-0.004329904913902283,0.40187782049179077,0.4698338508605957,-0.03356591612100601,0.40347516536712646,0.5612939596176147,-0.029258690774440765,0.41473039984703064,0.5642082691192627,-0.008742951788008213,0.4214234948158264,0.5469553470611572,0.006061401683837175,0.3788227438926697,0.46171197295188904,-0.03526521101593971,0.38734641671180725,0.5307387709617615,-0.025305647403001785,0.39839938282966614,0.5397351980209351,-0.007992717437446117,0.4045555293560028,0.5328196883201599,0.005598509218543768,Right,0.9984407424926758
3369,46,1,0.5681156516075134,0.14020732045173645,7.380403843626482e-09,0.5598413348197937,0.09777402132749557,0.007596917450428009,0.5420596599578857,0.05959063768386841,0.0037468706723302603,0.519356906414032,0.04264450445771217,-0.0021492557134479284,0.49853241443634033,0.03540297597646713,-0.009465452283620834,0.5565822124481201,0.03076479583978653,-0.013542878441512585,0.5361083149909973,-0.01560422033071518,-0.02587111108005047,0.5161190032958984,-0.027722179889678955,-0.03270962834358215,0.5041776895523071,-0.027708224952220917,-0.03574235737323761,0.5515953302383423,0.04579848051071167,-0.023820754140615463,0.5273837447166443,-0.005237482488155365,-0.033062051981687546,0.5054410696029663,-0.013343892991542816,-0.03580743074417114,0.4939076006412506,-0.00935247540473938,-0.037483807653188705,0.5415652990341187,0.06923286616802216,-0.03283343464136124,0.5113887786865234,0.020623378455638885,-0.04157736152410507,0.49456465244293213,0.020451951771974564,-0.04007676616311073,0.4894039034843445,0.029756594449281693,-0.0381489098072052,0.5264372229576111,0.09815312922000885,-0.04048078507184982,0.4997837543487549,0.06247570365667343,-0.04819893836975098,0.48868581652641296,0.05329849570989609,-0.046272508800029755,0.48581457138061523,0.05251655727624893,-0.043597642332315445,Left,0.9880896210670471
3441,47,0,0.397911012172699,0.3383442461490631,7.811015478864647e-08,0.45045435428619385,0.3731234073638916,0.008023406378924847,0.46799954771995544,0.4402852952480316,0.0046785916201770306,0.4661903381347656,0.4969499409198761,0.0010963346576318145,0.4592715799808502,0.5388472080230713,-0.0008486845763400197,0.4691307246685028,0.4582098126411438,-0.028796052560210228,0.4861484467983246,0.5529701113700867,-0.039264097809791565,0.47457319498062134,0.580366313457489,-0.035246241837739944,0.46072301268577576,0.569122314453125,-0.02616105042397976,0.43429991602897644,0.46481379866600037,-0.035235557705163956,0.44005313515663147,0.5643689036369324,-0.03923129662871361,0.4380582869052887,0.5771685838699341,-0.0266726016998291,0.4376209080219269,0.5623348355293274,-0.015176345594227314,0.4024491310119629,0.4636833667755127,-0.03905780240893364,0.4073868989944458,0.5551052689552307,-0.03689346835017204,0.4145226776599884,0.5578293800354004,-0.01694502681493759,0.4195100665092468,0.5402706265449524,-0.002263166941702366,0.37890782952308655,0.4576464593410492,-0.042192935943603516,0.39053842425346375,0.5216670036315918,-0.033789705485105515,0.3993988037109375,0.5229558348655701,-0.0156291164457798,0.40396422147750854,0.5081949830055237,-0.001016563386656344,Right,0.9985038042068481
3441,47,1,0.5669281482696533,0.13102197647094727,-5.1681151802540626e-08,0.5608256459236145,0.08618967235088348,0.005889512598514557,0.5430985689163208,0.04388872906565666,0.0034096369054168463,0.517677366733551,0.025283420458436012,-0.0008963884320110083,0.4948303699493408,0.019272059202194214,-0.006243090610951185,0.5558175444602966,0.01895907148718834,-0.008674774318933487,0.5331721305847168,-0.026153255254030228,-0.01728699915111065,0.5159760117530823,-0.029706981033086777,-0.021374017000198364,0.5081265568733215,-0.022947344928979874,-0.023028474301099777,0.5482608675956726,0.03221544623374939,-0.016720397397875786,0.519894003868103,-0.014111068099737167,-0.022683914750814438,0.502837061882019,-0.011245455592870712,-0.023849915713071823,0.4971332848072052,-0.0009516291320323944,-0.02473633736371994,0.536119818687439,0.05402424931526184,-0.023895088583230972,0.504416286945343,0.002619229257106781,-0.03127511590719223,0.4911966025829315,0.007283329963684082,-0.029698051512241364,0.48868241906166077,0.020236656069755554,-0.02797195129096508,0.5194861888885498,0.08162746578454971,-0.02972527965903282,0.49274882674217224,0.042046770453453064,-0.03742695227265358,0.4856250584125519,0.03823021054267883,-0.03554155305027962,0.48589178919792175,0.043464209884405136,-0.03285380080342293,Left,0.9787963628768921
3513,48,0,0.4003359079360962,0.33715811371803284,1.2701050877694797e-07,0.4511013627052307,0.36975276470184326,0.006846494972705841,0.46893441677093506,0.43304604291915894,0.001956719206646085,0.46642762422561646,0.4851177930831909,-0.0027113929390907288,0.4601033926010132,0.5245513916015625,-0.005679425783455372,0.4714104235172272,0.4504093527793884,-0.03749571740627289,0.489337682723999,0.5473892092704773,-0.050428953021764755,0.4801758825778961,0.578387439250946,-0.04602697864174843,0.46752649545669556,0.5703508257865906,-0.03588096424937248,0.4385727643966675,0.45477041602134705,-0.043797094374895096,0.4519117474555969,0.5555813312530518,-0.053114570677280426,0.44960206747055054,0.5812975764274597,-0.04133269563317299,0.4443731904029846,0.5735242366790771,-0.02889755740761757,0.4071221351623535,0.4545226991176605,-0.047054942697286606,0.4136539697647095,0.5509344339370728,-0.049080777913331985,0.42078697681427,0.5644303560256958,-0.02925758995115757,0.42578575015068054,0.5511213541030884,-0.012875000946223736,0.38249853253364563,0.4509846270084381,-0.049584027379751205,0.39225029945373535,0.5218493342399597,-0.04515969753265381,0.4020383656024933,0.5329482555389404,-0.02837359718978405,0.40892043709754944,0.5233994126319885,-0.013205903582274914,Right,0.9973533153533936
3513,48,1,0.5646870732307434,0.12887027859687805,-9.814457513357411e-08,0.5609500408172607,0.08148615807294846,0.01443800050765276,0.5476218461990356,0.041476067155599594,0.01510736346244812,0.5272422432899475,0.018677277490496635,0.01299646683037281,0.5065610408782959,0.011586133390665054,0.008720040321350098,0.5552381873130798,0.02174382284283638,-0.00697381142526865,0.5303905010223389,-0.02623457834124565,-0.014572550542652607,0.5101838707923889,-0.03777581825852394,-0.01728110946714878,0.49825772643089294,-0.03798549994826317,-0.01818675920367241,0.5479019284248352,0.03460417687892914,-0.01840122975409031,0.5162688493728638,-0.015420768409967422,-0.023633336648344994,0.49572956562042236,-0.021856088191270828,-0.02311030589044094,0.4844253957271576,-0.01843377947807312,-0.023444537073373795,0.5355080366134644,0.05552884191274643,-0.0280955508351326,0.5033566355705261,0.0012152045965194702,-0.03375619277358055,0.4842790365219116,-0.004044525325298309,-0.03197918459773064,0.474013090133667,0.0010778047144412994,-0.03129487857222557,0.5190922617912292,0.08143869042396545,-0.035672467201948166,0.4947740137577057,0.04217168316245079,-0.04372985661029816,0.48184826970100403,0.02973959967494011,-0.044269293546676636,0.4731937348842621,0.02576921507716179,-0.04405740275979042,Left,0.9951543807983398
3586,49,0,0.398073673248291,0.3395574986934662,1.5977839495917578e-07,0.44833827018737793,0.3708447217941284,0.005850312765687704,0.46829360723495483,0.43296557664871216,0.0003481893800199032,0.4667884111404419,0.4857898950576782,-0.00452280230820179,0.4606059491634369,0.5252742171287537,-0.007976864464581013,0.4738072156906128,0.44615864753723145,-0.03811519965529442,0.49173858761787415,0.5378308296203613,-0.05004951357841492,0.4838498830795288,0.5722443461418152,-0.04601578414440155,0.4720604419708252,0.5730510950088501,-0.037149734795093536,0.44134432077407837,0.4509338140487671,-0.04395199194550514,0.45595017075538635,0.5487569570541382,-0.05224783718585968,0.45373502373695374,0.5779510736465454,-0.04138496145606041,0.4479985237121582,0.5763377547264099,-0.03023681975901127,0.4095021188259125,0.45247504115104675,-0.046678733080625534,0.4171275198459625,0.5458135008811951,-0.048673730343580246,0.4238583743572235,0.5649600028991699,-0.03172016888856888,0.42854079604148865,0.5571643710136414,-0.01776069775223732,0.3839210271835327,0.45060479640960693,-0.048613041639328,0.39309173822402954,0.5178345441818237,-0.044269803911447525,0.40281161665916443,0.5337104201316833,-0.029443003237247467,0.410139799118042,0.5308130383491516,-0.01617063768208027,Right,0.9980551600456238
3586,49,1,0.5593966245651245,0.1255382001399994,-8.659687011913775e-08,0.557526707649231,0.07964567840099335,0.01837502047419548,0.5454541444778442,0.04120026156306267,0.02204795554280281,0.528605580329895,0.017162028700113297,0.022092163562774658,0.5119697451591492,0.006941772997379303,0.01937391236424446,0.5494717359542847,0.019767053425312042,0.00027416986995376647,0.5275026559829712,-0.024145502597093582,-0.004769723862409592,0.5098034739494324,-0.04016387090086937,-0.0071217818185687065,0.497496634721756,-0.045318569988012314,-0.007925530895590782,0.5410909056663513,0.029919464141130447,-0.012181291356682777,0.5134655237197876,-0.015730280429124832,-0.014733926393091679,0.49389320611953735,-0.029646698385477066,-0.014601419679820538,0.480657696723938,-0.03143542632460594,-0.01522322092205286,0.5284199118614197,0.048006922006607056,-0.022673293948173523,0.5007663369178772,-0.00020911917090415955,-0.025559021160006523,0.48302650451660156,-0.01363345980644226,-0.023716462776064873,0.4714283347129822,-0.01560475304722786,-0.023171881213784218,0.5120993256568909,0.07224928587675095,-0.03085777908563614,0.4890727400779724,0.0336318239569664,-0.03568529710173607,0.4785512387752533,0.01962272822856903,-0.03395936265587807,0.47096529603004456,0.013258513063192368,-0.032203301787376404,Left,0.9913328886032104
3658,50,0,0.38931331038475037,0.35497164726257324,1.874544324209637e-07,0.44021570682525635,0.37824881076812744,0.004234580788761377,0.4661799967288971,0.43558815121650696,-0.0022279152180999517,0.4712964594364166,0.489918977022171,-0.008156421594321728,0.47043758630752563,0.5309024453163147,-0.012699669227004051,0.4726004898548126,0.4438684582710266,-0.036979690194129944,0.49223288893699646,0.534835934638977,-0.05016719922423363,0.4865967929363251,0.5718855261802673,-0.048282161355018616,0.47550487518310547,0.5762271881103516,-0.04092109948396683,0.441775918006897,0.45234230160713196,-0.042345087975263596,0.45843076705932617,0.5503387451171875,-0.0506862998008728,0.4573513865470886,0.5785631537437439,-0.04033150151371956,0.4516369104385376,0.575136125087738,-0.02949257381260395,0.4106855094432831,0.45789197087287903,-0.04501599073410034,0.4224573075771332,0.5518966913223267,-0.04683346301317215,0.428587406873703,0.5694062113761902,-0.029680073261260986,0.4310833811759949,0.5585948824882507,-0.015593522228300571,0.3853376507759094,0.45982030034065247,-0.04722987115383148,0.39666128158569336,0.527658998966217,-0.044184762984514236,0.4067235291004181,0.5465894341468811,-0.030509864911437035,0.41343954205513,0.5460038185119629,-0.017734842374920845,Right,0.9979067444801331
3658,50,1,0.5550845861434937,0.1210484504699707,-1.4712256302118476e-07,0.5353491902351379,0.09905146062374115,0.005511010531336069,0.5174927115440369,0.066243477165699,0.006155825685709715,0.49930185079574585,0.0390833355486393,0.005989877972751856,0.4848434329032898,0.022186920046806335,0.005540015175938606,0.5275962352752686,0.03742951154708862,-0.0045232512056827545,0.49846792221069336,-0.006851419806480408,-0.00838211178779602,0.48227372765541077,-0.00942271575331688,-0.009251226671040058,0.47680824995040894,-0.0009469054639339447,-0.008232343941926956,0.5301631689071655,0.03067786619067192,-0.008216542191803455,0.49814265966415405,-0.012813925743103027,-0.009095536544919014,0.48138660192489624,-0.013357404619455338,-0.008306249044835567,0.4757167100906372,-0.003341611474752426,-0.007811117451637983,0.5286421775817871,0.030584126710891724,-0.010952052660286427,0.4983881115913391,-0.014210928231477737,-0.01158286351710558,0.48369768261909485,-0.012062959372997284,-0.009312313050031662,0.4793113172054291,-0.0008533783257007599,-0.008012915961444378,0.523706316947937,0.036493655294179916,-0.01260370947420597,0.4988383650779724,0.002600163221359253,-0.013718364760279655,0.4879244565963745,0.0013677477836608887,-0.010443825274705887,0.4839974343776703,0.0084739550948143,-0.007330920547246933,Left,0.6651498079299927
3730,51,0,0.37619274854660034,0.3709877133369446,1.695451175010021e-07,0.4279444217681885,0.39267075061798096,0.0040467893704771996,0.4588955342769623,0.44775035977363586,-0.0003587941755540669,0.4707801938056946,0.5001494288444519,-0.004567507188767195,0.4756719768047333,0.5411086678504944,-0.007376373745501041,0.4655205309391022,0.45296400785446167,-0.025840649381279945,0.4817308783531189,0.536878228187561,-0.036362893879413605,0.47983217239379883,0.5689575672149658,-0.036005742847919464,0.47321009635925293,0.5737159252166748,-0.03085530921816826,0.43571361899375916,0.4623201787471771,-0.030560685321688652,0.44800180196762085,0.5534521341323853,-0.034751202911138535,0.4519382417201996,0.5823702216148376,-0.026667876169085503,0.45207449793815613,0.5834644436836243,-0.019159847870469093,0.40596410632133484,0.4699171483516693,-0.03344487026333809,0.41619497537612915,0.556652843952179,-0.032715026289224625,0.4256541430950165,0.5782660245895386,-0.020039932802319527,0.4312031865119934,0.5737602710723877,-0.010482237674295902,0.38194525241851807,0.4736328125,-0.03598408028483391,0.3933981657028198,0.5362398028373718,-0.03195060044527054,0.40472227334976196,0.5561439990997314,-0.021319638937711716,0.41343677043914795,0.5590983033180237,-0.01194712147116661,Right,0.9965688586235046
3730,51,1,0.5521429777145386,0.10992652177810669,2.4477447624349224e-08,0.5559107065200806,0.06286554038524628,0.010205655358731747,0.5478543639183044,0.01923750899732113,0.011863026767969131,0.5346814393997192,-0.007744278758764267,0.01123733539134264,0.5201602578163147,-0.020497038960456848,0.008852578699588776,0.5462675094604492,0.00010030344128608704,-0.003269775304943323,0.5248057842254639,-0.04137008637189865,-0.008521978743374348,0.5121989846229553,-0.05274898558855057,-0.010846808552742004,0.5065584182739258,-0.05422234535217285,-0.011182359419763088,0.5333237648010254,0.011577202007174492,-0.011077350936830044,0.5058346390724182,-0.029580160975456238,-0.012935693375766277,0.4941980242729187,-0.03743583709001541,-0.01215357519686222,0.49018341302871704,-0.03884446620941162,-0.01180561538785696,0.5179034471511841,0.030663685873150826,-0.01750652678310871,0.48882532119750977,-0.013711843639612198,-0.020894793793559074,0.47953689098358154,-0.0162188857793808,-0.017075585201382637,0.477782666683197,-0.013213071972131729,-0.014127163216471672,0.5013535618782043,0.055851757526397705,-0.022435802966356277,0.47674474120140076,0.0185248926281929,-0.026046639308333397,0.4725014567375183,0.01451852172613144,-0.020789381116628647,0.4734926223754883,0.017455505207180977,-0.015727700665593147,Left,0.995806097984314
3802,52,0,0.36401328444480896,0.3810563087463379,1.6258960044979176e-07,0.41797512769699097,0.39102208614349365,0.0017540741246193647,0.4515385329723358,0.44054678082466125,-0.002348204143345356,0.4663829505443573,0.49186187982559204,-0.005249269772320986,0.4726535677909851,0.5313841104507446,-0.006988423876464367,0.45520004630088806,0.44531485438346863,-0.02635062113404274,0.47670817375183105,0.5254115462303162,-0.035967256873846054,0.4773833155632019,0.5569899678230286,-0.036052949726581573,0.47240734100341797,0.5653954148292542,-0.031748753041028976,0.4243190288543701,0.46187081933021545,-0.02929774858057499,0.44282975792884827,0.5486149191856384,-0.03292730078101158,0.45006710290908813,0.576897144317627,-0.026022372767329216,0.45224761962890625,0.5806560516357422,-0.019965849816799164,0.3960582911968231,0.47532930970191956,-0.030496129766106606,0.4139081835746765,0.5574566125869751,-0.030584124848246574,0.42668089270591736,0.5780134797096252,-0.020101500675082207,0.43409091234207153,0.5755513906478882,-0.012156067416071892,0.3752208352088928,0.48374441266059875,-0.031257592141628265,0.3949452340602875,0.5428935885429382,-0.028047261759638786,0.40882861614227295,0.5597702860832214,-0.01823562942445278,0.4192318022251129,0.5621192455291748,-0.009712164290249348,Right,0.9957191944122314
3802,52,1,0.5581663250923157,0.11642125248908997,-4.245495510701858e-09,0.5620302557945251,0.06903037428855896,0.008860932663083076,0.5541605353355408,0.026431217789649963,0.009475876577198505,0.5416809916496277,0.0002717636525630951,0.007731579709798098,0.5295062065124512,-0.01356004923582077,0.0045583294704556465,0.54701828956604,0.00997970625758171,-0.002711512381210923,0.5268062353134155,-0.030555550009012222,-0.008594154380261898,0.5158536434173584,-0.04337552934885025,-0.011914419941604137,0.5113329887390137,-0.0461018905043602,-0.013136378489434719,0.5323913097381592,0.022095508873462677,-0.010307780466973782,0.5063044428825378,-0.019578300416469574,-0.013533413410186768,0.4956417381763458,-0.028559032827615738,-0.013962691649794579,0.4918321371078491,-0.02985329180955887,-0.014321791008114815,0.5166512131690979,0.040478210896253586,-0.016893545165657997,0.49004989862442017,-0.003724433481693268,-0.020282449200749397,0.4805997908115387,-0.012284647673368454,-0.01768949069082737,0.4782782196998596,-0.013391796499490738,-0.015844156965613365,0.5008326172828674,0.06371928751468658,-0.02224748022854328,0.47907036542892456,0.028396226465702057,-0.02530893124639988,0.473003625869751,0.018115075305104256,-0.021543029695749283,0.471437007188797,0.014636451378464699,-0.017959371209144592,Left,0.9849290251731873
3873,53,0,0.3585827946662903,0.39057832956314087,1.7444932609578245e-07,0.4101886451244354,0.3955202102661133,-0.0005009716842323542,0.44483619928359985,0.4401700496673584,-0.0050539239309728146,0.46266674995422363,0.4873316287994385,-0.007745992857962847,0.47187888622283936,0.5242447853088379,-0.008984941989183426,0.4425453841686249,0.4415645897388458,-0.027413293719291687,0.4678671956062317,0.5174934267997742,-0.037075966596603394,0.47554194927215576,0.5472583174705505,-0.036934297531843185,0.47451359033584595,0.5548216104507446,-0.03224703669548035,0.41313689947128296,0.4607399106025696,-0.028747495263814926,0.43828144669532776,0.546763002872467,-0.03452496603131294,0.4513792097568512,0.5722262263298035,-0.028107747435569763,0.45605868101119995,0.5728424787521362,-0.021285120397806168,0.3881196975708008,0.47765612602233887,-0.02842298522591591,0.41280320286750793,0.5591515302658081,-0.03028075210750103,0.43082693219184875,0.5764025449752808,-0.02011348120868206,0.4402231276035309,0.5714166164398193,-0.011205347254872322,0.3708450198173523,0.4891819357872009,-0.02766856551170349,0.3952507972717285,0.5475010871887207,-0.025042004883289337,0.4126572906970978,0.5623677968978882,-0.01536145806312561,0.4240889549255371,0.5625083446502686,-0.00644497387111187,Right,0.9928430318832397
3873,53,1,0.5572558045387268,0.1119462251663208,7.165763804550807e-08,0.5655985474586487,0.06599408388137817,0.006552837323397398,0.560996949672699,0.019995976239442825,0.0071222721599042416,0.5492005348205566,-0.00942554697394371,0.005936529953032732,0.5375998020172119,-0.025905553251504898,0.0034798921551555395,0.5506813526153564,0.006592094898223877,-0.002815632149577141,0.5348646640777588,-0.03162521496415138,-0.008483358658850193,0.5256027579307556,-0.050233129411935806,-0.011889323592185974,0.5211049318313599,-0.05925555154681206,-0.013466766104102135,0.533178985118866,0.017432454973459244,-0.00938806589692831,0.5134811997413635,-0.021919533610343933,-0.012415125966072083,0.5063775181770325,-0.03827833756804466,-0.013044819235801697,0.5033556222915649,-0.04710877314209938,-0.01359856128692627,0.5154508948326111,0.035382553935050964,-0.01522882655262947,0.49391213059425354,-0.005383875221014023,-0.01844826526939869,0.48807352781295776,-0.019023429602384567,-0.0161148551851511,0.486603319644928,-0.026718560606241226,-0.01468541007488966,0.4988166391849518,0.0587196946144104,-0.020117806270718575,0.4798993766307831,0.029439816251397133,-0.023645436391234398,0.4748372435569763,0.01695159077644348,-0.020604653283953667,0.4732600748538971,0.009088108316063881,-0.01760036312043667,Left,0.9258398413658142
3947,54,0,0.3501743972301483,0.3983224630355835,1.859916523017091e-07,0.4015336036682129,0.39485129714012146,-0.002944763284176588,0.43592116236686707,0.4308016002178192,-0.007316311355680227,0.45357438921928406,0.47445952892303467,-0.009701436385512352,0.46121132373809814,0.5086801648139954,-0.010556734167039394,0.4283372163772583,0.4373338222503662,-0.02352898195385933,0.4565379321575165,0.4997688829898834,-0.03290681913495064,0.4695821702480316,0.528744637966156,-0.033850304782390594,0.4722669720649719,0.5388817191123962,-0.030486242845654488,0.4007193148136139,0.4622308313846588,-0.024210507050156593,0.4291936457157135,0.5427148342132568,-0.032639164477586746,0.4490140378475189,0.5649486184120178,-0.029507583007216454,0.45823779702186584,0.5619778037071228,-0.024082953110337257,0.3794485926628113,0.48187780380249023,-0.02364955097436905,0.4070269763469696,0.5566964149475098,-0.0292573980987072,0.4298310875892639,0.5708199739456177,-0.02285092882812023,0.44168728590011597,0.5634406805038452,-0.015118016861379147,0.3661525249481201,0.49331265687942505,-0.022671811282634735,0.39283230900764465,0.5495678186416626,-0.022974768653512,0.4131426513195038,0.5625494718551636,-0.015242322348058224,0.425894170999527,0.5590447187423706,-0.00705022132024169,Right,0.9916300177574158
3947,54,1,0.5603659749031067,0.1121898889541626,8.912194715549049e-08,0.5683183073997498,0.06554880738258362,0.005702264606952667,0.5630190372467041,0.0215750765055418,0.005814692936837673,0.5524186491966248,-0.007152125239372253,0.004653846845030785,0.5451337695121765,-0.02541610226035118,0.002206263830885291,0.5510477423667908,0.012797096744179726,-0.005071514286100864,0.5348276495933533,-0.02400052174925804,-0.009696822613477707,0.5252794027328491,-0.04424378648400307,-0.012171560898423195,0.5194893479347229,-0.056260865181684494,-0.013448825106024742,0.532444179058075,0.026246679946780205,-0.010937503539025784,0.5144503712654114,-0.012695085257291794,-0.013855271972715855,0.5056650638580322,-0.03096066042780876,-0.01460352260619402,0.5004831552505493,-0.04147602990269661,-0.015380810014903545,0.5145553350448608,0.04448699206113815,-0.015887606889009476,0.4960836172103882,0.006031692028045654,-0.01816801354289055,0.4877888858318329,-0.011029072105884552,-0.01697196066379547,0.48342660069465637,-0.021153736859560013,-0.016701066866517067,0.4983055591583252,0.06670847535133362,-0.019984986633062363,0.4805543124675751,0.03693563863635063,-0.022654062137007713,0.4738181531429291,0.020128726959228516,-0.020901164039969444,0.47064584493637085,0.008181193843483925,-0.019240064546465874,Left,0.9911759495735168
4019,55,0,0.3397154211997986,0.4077117443084717,1.2990960840397747e-07,0.3865516185760498,0.3908998966217041,-0.006066823843866587,0.4248073101043701,0.4132533073425293,-0.011980333365499973,0.44743794202804565,0.45163992047309875,-0.01544539537280798,0.4592585563659668,0.4836176633834839,-0.017939493060112,0.41228365898132324,0.41940218210220337,-0.02869361639022827,0.44217783212661743,0.46669870615005493,-0.04017209634184837,0.46086031198501587,0.4946158826351166,-0.04402485117316246,0.4704103469848633,0.5100550651550293,-0.0439038947224617,0.3901464641094208,0.45383045077323914,-0.02894529700279236,0.42564940452575684,0.5219208002090454,-0.03821268305182457,0.45191556215286255,0.5349233150482178,-0.037163376808166504,0.4654273986816406,0.5287586450576782,-0.0346071720123291,0.3748931884765625,0.4810080826282501,-0.028178757056593895,0.4099480211734772,0.5448567271232605,-0.034820593893527985,0.435904324054718,0.5487291812896729,-0.030850311741232872,0.44725000858306885,0.5362557768821716,-0.025884505361318588,0.36661088466644287,0.49722525477409363,-0.027331624180078506,0.39934247732162476,0.545297384262085,-0.029336048290133476,0.4213111102581024,0.5493433475494385,-0.024128945544362068,0.4325251579284668,0.5387555360794067,-0.018876200541853905,Right,0.9886394143104553
4019,55,1,0.5607080459594727,0.11317944526672363,1.0161807750819207e-07,0.5678138136863708,0.06543092429637909,0.0034527669195085764,0.5607645511627197,0.02146531268954277,0.0016774586401879787,0.5466805100440979,-0.004263836890459061,-0.0005209132214076817,0.5361291170120239,-0.019778158515691757,-0.0038040289655327797,0.550629734992981,0.017153039574623108,-0.012512311339378357,0.5330862998962402,-0.01930490881204605,-0.019402412697672844,0.5266112685203552,-0.035899996757507324,-0.021889328956604004,0.524914026260376,-0.04258526861667633,-0.022219136357307434,0.5309449434280396,0.03367840126156807,-0.017119726166129112,0.5104482769966125,-0.005811478942632675,-0.02247735857963562,0.5070003867149353,-0.022260382771492004,-0.022492140531539917,0.5080389380455017,-0.02697492390871048,-0.02179378643631935,0.5129169225692749,0.05323761701583862,-0.02067084051668644,0.49050238728523254,0.012120228260755539,-0.02414012886583805,0.48847755789756775,-0.0038824714720249176,-0.02181747555732727,0.4910506010055542,-0.009574417024850845,-0.019822686910629272,0.4981970191001892,0.07430417835712433,-0.023433445021510124,0.47844353318214417,0.04225669428706169,-0.026199230924248695,0.4754028916358948,0.02486271969974041,-0.023913070559501648,0.4768429398536682,0.015500526875257492,-0.021294651553034782,Left,0.9943375587463379
4091,56,0,0.33376795053482056,0.40812355279922485,6.523094953081454e-08,0.36845824122428894,0.3713524639606476,-0.014595442451536655,0.41087281703948975,0.37894803285598755,-0.02393239364027977,0.44043007493019104,0.415008544921875,-0.02827918343245983,0.4559965133666992,0.44567394256591797,-0.030648911371827126,0.39546966552734375,0.40753501653671265,-0.045086804777383804,0.43754786252975464,0.4551263153553009,-0.05731755495071411,0.4566909968852997,0.4616801142692566,-0.05810225009918213,0.4612849950790405,0.4575658142566681,-0.05546240508556366,0.3839583098888397,0.4458426535129547,-0.03963315486907959,0.4299245774745941,0.493603378534317,-0.048341840505599976,0.453011691570282,0.49437570571899414,-0.044633347541093826,0.46097490191459656,0.48344147205352783,-0.040918394923210144,0.3779084384441376,0.47300100326538086,-0.033042311668395996,0.4241217374801636,0.5116426348686218,-0.039782460778951645,0.44475096464157104,0.5053987503051758,-0.0349540039896965,0.4506051242351532,0.48839300870895386,-0.030076947063207626,0.37703409790992737,0.4882788062095642,-0.02667400985956192,0.41764310002326965,0.5149946808815002,-0.03159445896744728,0.43548014760017395,0.5110388398170471,-0.02863396517932415,0.439730703830719,0.4959978759288788,-0.024767473340034485,Right,0.9858227968215942
4091,56,1,0.5617572069168091,0.11482444405555725,1.6045188999669335e-07,0.5685340166091919,0.06442822515964508,0.0027913684025406837,0.5593496561050415,0.021828921511769295,-0.0011708727106451988,0.5439708232879639,-0.002125062048435211,-0.004889448639005423,0.5294319987297058,-0.013299547135829926,-0.009976783767342567,0.55365389585495,0.022552410140633583,-0.020819682627916336,0.5363613963127136,-0.01912965625524521,-0.029187845066189766,0.5270395278930664,-0.038689881563186646,-0.03145832195878029,0.5228330492973328,-0.04806014895439148,-0.03138284012675285,0.5339794754981995,0.04179344326257706,-0.02554890513420105,0.512124240398407,-0.0029944218695163727,-0.03226299583911896,0.5063871145248413,-0.02430262416601181,-0.03159084543585777,0.5062373876571655,-0.03374350070953369,-0.03033410757780075,0.5158967971801758,0.0628509521484375,-0.028629368171095848,0.4920946955680847,0.01755385287106037,-0.03278656676411629,0.48889678716659546,-0.004586417227983475,-0.030217228457331657,0.49220702052116394,-0.015212025493383408,-0.028113994747400284,0.5017439723014832,0.08341023325920105,-0.030797146260738373,0.4793919026851654,0.04925170913338661,-0.033651646226644516,0.47673943638801575,0.0279331486672163,-0.030870581045746803,0.48044461011886597,0.01568685472011566,-0.02794153057038784,Left,0.9984620809555054
4164,57,0,0.32129034399986267,0.40154677629470825,-3.873411102972568e-08,0.34809377789497375,0.3566901683807373,-0.017822641879320145,0.3931899964809418,0.3544989824295044,-0.02889673411846161,0.43000203371047974,0.38185396790504456,-0.03330529108643532,0.44954609870910645,0.40848398208618164,-0.035854458808898926,0.36970749497413635,0.379515677690506,-0.05901915580034256,0.4272925853729248,0.40881597995758057,-0.07375388592481613,0.4464237093925476,0.41911259293556213,-0.07413482666015625,0.4469083845615387,0.4195540249347687,-0.07101627439260483,0.3681015074253082,0.4243708848953247,-0.051658812910318375,0.4264024794101715,0.44823959469795227,-0.06133127212524414,0.44101569056510925,0.44691964983940125,-0.05627338960766792,0.43738675117492676,0.43791982531547546,-0.05211172252893448,0.3698059618473053,0.45672082901000977,-0.04265733063220978,0.4250561594963074,0.46847760677337646,-0.0496269166469574,0.4350680112838745,0.4607643783092499,-0.04393239691853523,0.4288075566291809,0.44812509417533875,-0.039279744029045105,0.3752979040145874,0.47402530908584595,-0.03400364890694618,0.4187701642513275,0.477921724319458,-0.041431985795497894,0.4266250431537628,0.4697709083557129,-0.040163226425647736,0.42079752683639526,0.45872458815574646,-0.037638019770383835,Right,0.9968534111976624
4164,57,1,0.5615310072898865,0.11556779593229294,1.583463955512343e-07,0.5686392784118652,0.06673553586006165,0.0013858788879588246,0.5598516464233398,0.024271080270409584,-0.0024373040068894625,0.5460327863693237,-0.0035609640181064606,-0.005940064787864685,0.5354679226875305,-0.021781690418720245,-0.010756580159068108,0.5533698201179504,0.027056841179728508,-0.020165538415312767,0.5347864627838135,-0.012997575104236603,-0.02918558567762375,0.5255107879638672,-0.0334249883890152,-0.03250348940491676,0.5215222835540771,-0.04441574215888977,-0.03339042142033577,0.534427285194397,0.04611605405807495,-0.024452943354845047,0.5126544833183289,0.002616945654153824,-0.031876347959041595,0.5051612257957458,-0.02003221958875656,-0.03317420184612274,0.5035315155982971,-0.032127052545547485,-0.03373851627111435,0.5171048641204834,0.06666818261146545,-0.027420302852988243,0.4945260286331177,0.023547714576125145,-0.03258572518825531,0.4877132177352905,-9.857118129730225e-05,-0.0326399989426136,0.48740148544311523,-0.01410791277885437,-0.03280816972255707,0.5031284689903259,0.08708127588033676,-0.029545694589614868,0.4821266829967499,0.05567461997270584,-0.033746641129255295,0.4772631824016571,0.0349089689552784,-0.033183902502059937,0.47787216305732727,0.02070755325257778,-0.03225322067737579,Left,0.9966904520988464
4237,58,0,0.3117066025733948,0.3850844204425812,-2.2844915292807855e-08,0.32699841260910034,0.3417075574398041,-0.01804616115987301,0.3572460114955902,0.31211110949516296,-0.03382577747106552,0.3857102692127228,0.3159962594509125,-0.044018883258104324,0.40199798345565796,0.3338923752307892,-0.052975498139858246,0.333993136882782,0.3375226855278015,-0.05624386668205261,0.37721988558769226,0.3552754819393158,-0.07233135402202606,0.4029739797115326,0.3590506613254547,-0.07803401350975037,0.4164867699146271,0.3598193824291229,-0.0797608345746994,0.3267490863800049,0.37877869606018066,-0.051415614783763885,0.38306689262390137,0.3918764293193817,-0.06193786859512329,0.4086233973503113,0.38607367873191833,-0.05872059240937233,0.4165533781051636,0.37909945845603943,-0.05662835016846657,0.32628971338272095,0.41024771332740784,-0.04547898471355438,0.3811376094818115,0.41481250524520874,-0.05429871380329132,0.40381380915641785,0.4031727612018585,-0.04935730993747711,0.4090878367424011,0.3895781636238098,-0.04491894319653511,0.3306361138820648,0.43149641156196594,-0.04002930596470833,0.37444260716438293,0.4296519458293915,-0.04781724512577057,0.39311495423316956,0.4171123802661896,-0.046054501086473465,0.39926934242248535,0.4040578305721283,-0.0435127317905426,Right,0.9945459365844727
4237,58,1,0.563032329082489,0.11473402380943298,1.668095279683257e-07,0.5705307722091675,0.06854125112295151,0.0001699050044408068,0.5606024861335754,0.02596977725625038,-0.0037282027769833803,0.5466791391372681,-0.003161434084177017,-0.007150340359658003,0.5381705164909363,-0.02335222065448761,-0.011475938372313976,0.5543957948684692,0.03192815184593201,-0.020578620955348015,0.5377788543701172,-0.008063450455665588,-0.029869908466935158,0.5296992063522339,-0.030259713530540466,-0.03263169527053833,0.5271291136741638,-0.0411350354552269,-0.03248569369316101,0.5352547764778137,0.04897389933466911,-0.023623982444405556,0.5148658156394958,0.005246378481388092,-0.030459605157375336,0.5097840428352356,-0.017676904797554016,-0.029744701460003853,0.5113281011581421,-0.025359012186527252,-0.028247378766536713,0.5183786749839783,0.06809768080711365,-0.02548883855342865,0.49602919816970825,0.0244615338742733,-0.030062908306717873,0.49304524064064026,0.0027304738759994507,-0.027265548706054688,0.497542142868042,-0.00463075190782547,-0.0246310755610466,0.5049630999565125,0.08732336759567261,-0.02679949253797531,0.48230984807014465,0.056546419858932495,-0.030750742182135582,0.47940871119499207,0.03499507158994675,-0.029067575931549072,0.4838583767414093,0.023803217336535454,-0.02648870460689068,Left,0.9980659484863281
4308,59,0,0.5640442371368408,0.11491921544075012,1.9807734474852623e-07,0.5721686482429504,0.06826278567314148,0.00012346598668955266,0.5618869662284851,0.026482947170734406,-0.0034422408789396286,0.5475976467132568,-0.0016824007034301758,-0.006604100111871958,0.5383920669555664,-0.021831560879945755,-0.01079082302749157,0.5542621612548828,0.03313925117254257,-0.0191646721214056,0.5376154780387878,-0.007365602999925613,-0.02743452601134777,0.5289232730865479,-0.03160873427987099,-0.030206002295017242,0.5251097083091736,-0.045300643891096115,-0.030594099313020706,0.5356886982917786,0.04937589541077614,-0.02225816436111927,0.517536997795105,0.004798322916030884,-0.028127096593379974,0.5103498101234436,-0.019876297563314438,-0.02829795517027378,0.508488118648529,-0.03205575421452522,-0.028020096942782402,0.5190223455429077,0.06820224970579147,-0.024116944521665573,0.4984248876571655,0.023442931473255157,-0.027750637382268906,0.4947831630706787,0.0012578964233398438,-0.025679897516965866,0.49713513255119324,-0.0086992047727108,-0.024237224832177162,0.505622386932373,0.0879044383764267,-0.02545098587870598,0.4842383861541748,0.05811592936515808,-0.02860606648027897,0.48097097873687744,0.037297118455171585,-0.026964135468006134,0.484071284532547,0.025354914367198944,-0.024960001930594444,Left,0.9961631298065186
4380,60,0,0.5616169571876526,0.11818280816078186,2.491058808118396e-07,0.5728058218955994,0.07344560325145721,-0.0034253140911459923,0.5640233159065247,0.03325812891125679,-0.009038876742124557,0.5479502081871033,0.006325997412204742,-0.012928019277751446,0.5351111888885498,-0.012239661067724228,-0.01773853227496147,0.5562928318977356,0.04240390285849571,-0.029430227354168892,0.5433246493339539,-0.004637625068426132,-0.03997890651226044,0.5359664559364319,-0.03157195821404457,-0.0427364744246006,0.5327492356300354,-0.04727653041481972,-0.04250886291265488,0.5350318551063538,0.05828945338726044,-0.030460987240076065,0.5160004496574402,0.006437826901674271,-0.038914576172828674,0.5110887885093689,-0.020410943776369095,-0.0380394421517849,0.5109261870384216,-0.032744426280260086,-0.036387667059898376,0.5167912244796753,0.07472281903028488,-0.029975486919283867,0.49571287631988525,0.023764757439494133,-0.035368598997592926,0.4953419864177704,-0.0006714314222335815,-0.03256049007177353,0.4998549222946167,-0.010278124362230301,-0.02999461069703102,0.5035250782966614,0.09025146067142487,-0.029052315279841423,0.4838655889034271,0.05232170596718788,-0.032641831785440445,0.48551666736602783,0.03143998980522156,-0.029777193441987038,0.4920808672904968,0.023269042372703552,-0.026582615450024605,Left,0.9979856610298157
4458,61,0,0.5629640221595764,0.11972270905971527,3.154005980832153e-07,0.5737795233726501,0.0754735916852951,-0.005392196588218212,0.5642822980880737,0.03449782729148865,-0.014887463301420212,0.5485135912895203,0.006325472146272659,-0.021448135375976562,0.5348859429359436,-0.01298818364739418,-0.028783075511455536,0.5595827698707581,0.0503447949886322,-0.04462135583162308,0.5426017045974731,-0.004339389503002167,-0.05918891355395317,0.5362503528594971,-0.03435125574469566,-0.061938680708408356,0.5357792973518372,-0.050105731934309006,-0.06035454943776131,0.5383707284927368,0.07136170566082001,-0.04489899054169655,0.5150775909423828,0.008600618690252304,-0.05787399783730507,0.5107941031455994,-0.022400159388780594,-0.05494255945086479,0.5129071474075317,-0.03487127646803856,-0.050620436668395996,0.5195648074150085,0.08743102848529816,-0.04304002225399017,0.4957800805568695,0.024899963289499283,-0.05072176083922386,0.495362788438797,-0.0032673999667167664,-0.0449494831264019,0.500146746635437,-0.013871360570192337,-0.039373867213726044,0.5062798857688904,0.09901297837495804,-0.04070213809609413,0.48632997274398804,0.051754992455244064,-0.04470512643456459,0.4887712597846985,0.0288472231477499,-0.03975202515721321,0.49523425102233887,0.020133815705776215,-0.03443960100412369,Left,0.9988783597946167
4537,62,0,0.5645134449005127,0.12262661755084991,2.8239895755177713e-07,0.5748756527900696,0.07888451218605042,-0.005831874907016754,0.5664100646972656,0.036911189556121826,-0.014139363542199135,0.5505867004394531,0.007533017545938492,-0.019730936735868454,0.536186933517456,-0.011516433209180832,-0.025916436687111855,0.5590307116508484,0.05353686213493347,-0.0391753613948822,0.5389392375946045,0.00014095008373260498,-0.051537685096263885,0.5298322439193726,-0.02798459306359291,-0.053792696446180344,0.5262632369995117,-0.043902333825826645,-0.052559204399585724,0.5388476848602295,0.07457525283098221,-0.03907858207821846,0.5141301155090332,0.014648687094449997,-0.04988081380724907,0.5073316693305969,-0.015371005982160568,-0.04828384146094322,0.5067978501319885,-0.031043779104948044,-0.04566685110330582,0.5208806991577148,0.09023328125476837,-0.03712284564971924,0.4976405203342438,0.031086502596735954,-0.04337775707244873,0.4949341118335724,0.002312101423740387,-0.03972960636019707,0.49733808636665344,-0.01235896721482277,-0.036454904824495316,0.5076925158500671,0.10141783952713013,-0.034827183932065964,0.4882825016975403,0.05725332722067833,-0.03798651695251465,0.48810145258903503,0.03355441987514496,-0.03454364463686943,0.49192285537719727,0.021372128278017044,-0.031056495383381844,Left,0.9992116093635559
4637,63,0,0.5632514953613281,0.11966055631637573,2.7600052021625743e-07,0.5737676620483398,0.07766842842102051,-0.005730044096708298,0.5656988620758057,0.03444259613752365,-0.013074933551251888,0.5502535104751587,0.004097457975149155,-0.01772390305995941,0.5377026796340942,-0.01746499165892601,-0.022898651659488678,0.5598376989364624,0.051476527005434036,-0.03716084361076355,0.5387893915176392,0.00012091919779777527,-0.048605743795633316,0.5281327366828918,-0.026076722890138626,-0.05019138753414154,0.5229870676994324,-0.04088163748383522,-0.04861940070986748,0.5390114188194275,0.07237102091312408,-0.0367460660636425,0.5127113461494446,0.014999326318502426,-0.046814821660518646,0.5049339532852173,-0.013310801237821579,-0.04464540630578995,0.5033993124961853,-0.028685513883829117,-0.041695404797792435,0.5207679271697998,0.08840271830558777,-0.034622009843587875,0.4956558346748352,0.03169390186667442,-0.04116079956293106,0.49296486377716064,0.004595749080181122,-0.037366416305303574,0.4955351650714874,-0.00923452153801918,-0.033826764672994614,0.5070705413818359,0.09988696873188019,-0.03208722919225693,0.4884328246116638,0.056017179042100906,-0.03605681285262108,0.48967739939689636,0.03458555042743683,-0.03260912373661995,0.4947431981563568,0.024860501289367676,-0.028942842036485672,Left,0.9990345239639282
4737,64,0,0.5616520643234253,0.11439961194992065,1.1859604853725614e-07,0.5720478892326355,0.07370743155479431,-0.005193574354052544,0.5659666657447815,0.02735988050699234,-0.01120894867926836,0.5508005023002625,-0.0051613450050354,-0.015249188989400864,0.5404199361801147,-0.02562595158815384,-0.019255731254816055,0.5624027848243713,0.04669841751456261,-0.027681896463036537,0.5438207387924194,0.004680603742599487,-0.036534689366817474,0.537220299243927,-0.011193700134754181,-0.038366787135601044,0.533880889415741,-0.01969084143638611,-0.037974581122398376,0.540205717086792,0.06655441224575043,-0.02755511738359928,0.5144557356834412,0.012933794409036636,-0.03545127063989639,0.5173671841621399,0.006106488406658173,-0.033372603356838226,0.5232461094856262,0.013371951878070831,-0.03090597689151764,0.5206805467605591,0.08162591606378555,-0.026112385094165802,0.4959861934185028,0.027413103729486465,-0.03099643811583519,0.5017792582511902,0.023195717483758926,-0.024532951414585114,0.5098263621330261,0.03302633762359619,-0.01938941515982151,0.5051248669624329,0.09254059195518494,-0.0245954729616642,0.4883820414543152,0.047632697969675064,-0.027302348986268044,0.49296534061431885,0.038709819316864014,-0.022677050903439522,0.4986656904220581,0.04316156357526779,-0.01878359168767929,Left,0.9982674717903137
4815,65,0,0.5641345977783203,0.11723156273365021,1.4618650823194912e-07,0.576707124710083,0.07831985503435135,-0.005284539889544249,0.5708277225494385,0.03540356457233429,-0.011690733022987843,0.5532549023628235,0.006248217076063156,-0.0160481259226799,0.5378626585006714,-0.01122366264462471,-0.020794326439499855,0.5654184818267822,0.047434668987989426,-0.028718192130327225,0.5449976921081543,0.001768108457326889,-0.03938741236925125,0.5370667576789856,-0.01920023187994957,-0.04228454455733299,0.5338659286499023,-0.027493778616189957,-0.04196859523653984,0.544068455696106,0.06493625789880753,-0.028726117685437202,0.5165197253227234,0.011654168367385864,-0.03818543627858162,0.5160348415374756,-0.0019448958337306976,-0.03719225525856018,0.5215352177619934,0.0002596639096736908,-0.034987930208444595,0.5250764489173889,0.0790223777294159,-0.027603870257735252,0.49887174367904663,0.027275526896119118,-0.03360883146524429,0.5000170469284058,0.012975264340639114,-0.029459161683917046,0.506325364112854,0.013715989887714386,-0.025535106658935547,0.5099965333938599,0.08916478604078293,-0.026287397369742393,0.49173927307128906,0.0453827865421772,-0.030298219993710518,0.49298548698425293,0.02780344896018505,-0.027572672814130783,0.4970732629299164,0.022904960438609123,-0.024552296847105026,Left,0.9990819096565247
4915,66,0,0.5673682689666748,0.11926811933517456,1.995012013367159e-07,0.5777120590209961,0.07650157809257507,-0.0032169409096240997,0.5721301436424255,0.031240371987223625,-0.009534237906336784,0.5569408535957336,0.0022241994738578796,-0.014088241383433342,0.5426488518714905,-0.013842638581991196,-0.01920899748802185,0.5703924894332886,0.04566493257880211,-0.030802717432379723,0.5485126376152039,0.0035232119262218475,-0.04391855001449585,0.5378690958023071,-0.020140234380960464,-0.04797963798046112,0.534049928188324,-0.03123454377055168,-0.04762683063745499,0.5497347116470337,0.06634470820426941,-0.032551974058151245,0.5203230977058411,0.01553487777709961,-0.04414806142449379,0.5122330188751221,-0.010585498064756393,-0.043509334325790405,0.5133544206619263,-0.022077549248933792,-0.040972575545310974,0.5302301049232483,0.08220292627811432,-0.03306259587407112,0.5015617609024048,0.03181082755327225,-0.040992338210344315,0.4968295395374298,0.005602560937404633,-0.03769642487168312,0.5006135702133179,-0.006848488003015518,-0.033399950712919235,0.5141301155090332,0.09335452318191528,-0.0331125408411026,0.49366825819015503,0.04884802922606468,-0.037471894174814224,0.49061650037765503,0.024535948410630226,-0.03432946652173996,0.4929186701774597,0.010953754186630249,-0.030349355190992355,Left,0.9991952776908875
5070,68,0,0.38626372814178467,0.08026000112295151,2.635669886785763e-07,0.37736013531684875,0.04966789484024048,-0.013503012247383595,0.38053858280181885,0.014010494574904442,-0.025520825758576393,0.39495179057121277,-0.007699618116021156,-0.033510930836200714,0.41098207235336304,-0.017669931054115295,-0.04093733802437782,0.3734341263771057,0.0347558967769146,-0.04315217211842537,0.4048360288143158,0.004894958809018135,-0.055773865431547165,0.4232061207294464,-0.013941250741481781,-0.059831615537405014,0.43561622500419617,-0.027060415595769882,-0.0608677938580513,0.38473302125930786,0.058611124753952026,-0.040292903780937195,0.421506404876709,0.022072728723287582,-0.05115203559398651,0.4407151937484741,0.0015632342547178268,-0.05226204916834831,0.4538925886154175,-0.013368066400289536,-0.052896250039339066,0.39892512559890747,0.07400628179311752,-0.03608560189604759,0.43397706747055054,0.03733552247285843,-0.043583501130342484,0.44794321060180664,0.01424211822450161,-0.04149312898516655,0.4556179344654083,-0.002443695440888405,-0.039503492414951324,0.4131213426589966,0.08062361180782318,-0.03222360089421272,0.4364291727542877,0.04740461707115173,-0.03535211831331253,0.44512349367141724,0.028072841465473175,-0.03265667334198952,0.4489707350730896,0.013113719411194324,-0.03051961399614811,Right,0.9863032698631287
5148,69,0,0.38822850584983826,0.0924026221036911,3.74461450292074e-07,0.375575453042984,0.06266874074935913,-0.01413238700479269,0.37436583638191223,0.028002552688121796,-0.02846626564860344,0.3861105442047119,0.007261771708726883,-0.03945084661245346,0.40269917249679565,-0.0020068101584911346,-0.05092959105968475,0.3700595498085022,0.03937777504324913,-0.04498721659183502,0.3963785767555237,0.01253937091678381,-0.06122973561286926,0.4143158793449402,-0.0036722328513860703,-0.06957876682281494,0.4287472367286682,-0.015555597841739655,-0.07422227412462234,0.3817809522151947,0.061520714312791824,-0.04385781288146973,0.41387856006622314,0.02881624549627304,-0.05931665003299713,0.4345979690551758,0.008348474279046059,-0.06380322575569153,0.44973474740982056,-0.007292598485946655,-0.06707773357629776,0.3960515558719635,0.07778386026620865,-0.04184462130069733,0.426322877407074,0.04419592395424843,-0.05342749506235123,0.44156578183174133,0.020655902102589607,-0.0538470633327961,0.45182639360427856,0.004155434668064117,-0.05360456183552742,0.4097662568092346,0.08722472935914993,-0.04039055109024048,0.4295974373817444,0.05483285337686539,-0.046481892466545105,0.4399644434452057,0.03358801454305649,-0.04567158967256546,0.44739970564842224,0.018672797828912735,-0.04519600793719292,Right,0.961029052734375
5302,71,0,0.3779366910457611,0.09035463631153107,3.001294146542932e-07,0.3669365346431732,0.05986476317048073,-0.006792665924876928,0.36225831508636475,0.023115554824471474,-0.017465682700276375,0.3656604290008545,-0.0035918783396482468,-0.026604248210787773,0.37537330389022827,-0.019497878849506378,-0.035789716988801956,0.35475635528564453,0.022600382566452026,-0.03230201452970505,0.3750194311141968,-0.00700070895254612,-0.04652019962668419,0.38987788558006287,-0.025960512459278107,-0.05334172397851944,0.40110743045806885,-0.038687314838171005,-0.05662478134036064,0.3631996810436249,0.04048214852809906,-0.03501726686954498,0.3918828070163727,0.00560117419809103,-0.04859311133623123,0.41053274273872375,-0.010779956355690956,-0.051504142582416534,0.42417991161346436,-0.020585183054208755,-0.05237537994980812,0.37671342492103577,0.05704188719391823,-0.036801233887672424,0.4087757468223572,0.02384549006819725,-0.047193437814712524,0.42544907331466675,0.004638771526515484,-0.04579402133822441,0.43667495250701904,-0.008638933300971985,-0.043590668588876724,0.39119842648506165,0.07092639058828354,-0.038644131273031235,0.4161771535873413,0.04156086593866348,-0.044972147792577744,0.4298577904701233,0.021997036412358284,-0.04331516474485397,0.4397728443145752,0.005591156892478466,-0.04122631996870041,Right,0.9673058390617371
5381,72,0,0.37853872776031494,0.09436352550983429,4.4281500777287874e-07,0.37124162912368774,0.059138812124729156,-0.01233811117708683,0.37078776955604553,0.02603243663907051,-0.028731176629662514,0.3804852068424225,0.0034778639674186707,-0.042964670807123184,0.3953131139278412,-0.01039811596274376,-0.057557329535484314,0.34635812044143677,0.020087730139493942,-0.04618404805660248,0.37404483556747437,-0.00815669447183609,-0.06982375681400299,0.3944404721260071,-0.026864059269428253,-0.08424622565507889,0.4106025695800781,-0.03878199681639671,-0.09261931478977203,0.35381048917770386,0.04213862493634224,-0.04952908679842949,0.38471701741218567,0.008034875616431236,-0.0726025253534317,0.4086275100708008,-0.012815915048122406,-0.08062721788883209,0.4271308481693268,-0.028533935546875,-0.08511783927679062,0.36964812874794006,0.06143897399306297,-0.052404824644327164,0.4013606309890747,0.02607533149421215,-0.07137405127286911,0.42070335149765015,0.004147084429860115,-0.07299718260765076,0.4345838725566864,-0.012779902666807175,-0.07236514240503311,0.3886276185512543,0.07634610682725906,-0.05585622042417526,0.41406765580177307,0.04318603128194809,-0.06769583374261856,0.42633095383644104,0.022402187809348106,-0.06781338155269623,0.4350542426109314,0.0052636172622442245,-0.06684234738349915,Right,0.9982032179832458
5458,73,0,0.3746844530105591,0.10044747591018677,3.7839888022972445e-07,0.36733970046043396,0.06469502300024033,-0.010850491933524609,0.3684418499469757,0.028253763914108276,-0.025025876238942146,0.3821137249469757,0.0037186741828918457,-0.03765924274921417,0.3979731500148773,-0.01012219674885273,-0.050662655383348465,0.34617215394973755,0.024818874895572662,-0.03889862820506096,0.3768327832221985,-0.007848532870411873,-0.06006632372736931,0.39809197187423706,-0.025801992043852806,-0.0732458084821701,0.41341015696525574,-0.03780036419630051,-0.08121271431446075,0.3552953004837036,0.04511171951889992,-0.04266032949090004,0.388435035943985,0.007736539468169212,-0.0633942186832428,0.41216012835502625,-0.011350100859999657,-0.07048538327217102,0.4295564293861389,-0.02594045363366604,-0.07450944930315018,0.3710266947746277,0.06294852495193481,-0.04636755585670471,0.4031064212322235,0.024801082909107208,-0.0639076754450798,0.42217546701431274,0.0027772169560194016,-0.06591904163360596,0.43653008341789246,-0.014403773471713066,-0.06543820351362228,0.3904212713241577,0.07636711746454239,-0.050638630986213684,0.4155515134334564,0.041692353785037994,-0.06144615262746811,0.4276979863643646,0.02082723379135132,-0.0617203563451767,0.4369053840637207,0.0035984087735414505,-0.060929808765649796,Right,0.9958764910697937
5537,74,0,0.37828466296195984,0.0995270162820816,4.183150394965196e-07,0.3693130314350128,0.06352744996547699,-0.012798591516911983,0.36862319707870483,0.027059797197580338,-0.02923935279250145,0.3802356719970703,0.0019443463534116745,-0.04357388988137245,0.39612099528312683,-0.012037985026836395,-0.057911258190870285,0.34262844920158386,0.021238047629594803,-0.045488037168979645,0.37307116389274597,-0.010590143501758575,-0.06833777576684952,0.3953383266925812,-0.02673487737774849,-0.0813755914568901,0.4119224548339844,-0.03647543489933014,-0.08888373523950577,0.35213127732276917,0.043465495109558105,-0.04879925400018692,0.3854578733444214,0.007170012220740318,-0.07104083150625229,0.4100710153579712,-0.011071018874645233,-0.07769537717103958,0.4283651113510132,-0.024320632219314575,-0.0813409686088562,0.3691833019256592,0.0629640743136406,-0.051897481083869934,0.40174639225006104,0.025704653933644295,-0.07018733024597168,0.42144668102264404,0.004812663421034813,-0.0713447779417038,0.435715913772583,-0.0109325610101223,-0.07040082663297653,0.39000147581100464,0.07759682834148407,-0.055681005120277405,0.41558584570884705,0.042600564658641815,-0.06646990776062012,0.4277608394622803,0.022115344181656837,-0.06629619002342224,0.4361189901828766,0.005421563982963562,-0.06526719033718109,Right,0.9977881908416748
5615,75,0,0.3765259087085724,0.103815957903862,4.0137234691428603e-07,0.3664668798446655,0.06641347706317902,-0.011683128774166107,0.36742061376571655,0.02758762799203396,-0.02810206636786461,0.38205909729003906,0.0010107941925525665,-0.04267966374754906,0.3987891674041748,-0.014019384980201721,-0.05763830617070198,0.3437199592590332,0.021859869360923767,-0.04685714468359947,0.3768349289894104,-0.012684237211942673,-0.07079943269491196,0.4015079140663147,-0.029791947454214096,-0.08463840186595917,0.41898125410079956,-0.04003540053963661,-0.09276846796274185,0.3534945845603943,0.04538235440850258,-0.051276084035634995,0.3906891644001007,0.00660611130297184,-0.07522203773260117,0.416897177696228,-0.013527221977710724,-0.08247647434473038,0.4350203573703766,-0.028515242040157318,-0.086585633456707,0.37040868401527405,0.06589919328689575,-0.05534599721431732,0.4060923755168915,0.026590663939714432,-0.07449992001056671,0.42600399255752563,0.002569872885942459,-0.07569172233343124,0.4396757483482361,-0.01525815948843956,-0.07479353994131088,0.3911164402961731,0.08151453733444214,-0.06003743037581444,0.41740384697914124,0.04510406777262688,-0.07076354324817657,0.42901039123535156,0.02300289459526539,-0.07010383903980255,0.43724325299263,0.005099529400467873,-0.06892146170139313,Right,0.9989023804664612
5615,75,1,0.5533797740936279,0.11178649961948395,1.8607140361837082e-07,0.5685012340545654,0.07232911139726639,-0.013283967040479183,0.5591340065002441,0.027446312829852104,-0.026425449177622795,0.5404220223426819,1.5605241060256958e-05,-0.03479175642132759,0.5243329405784607,-0.015210475772619247,-0.043730445206165314,0.5543147325515747,0.0581512525677681,-0.05632803589105606,0.5324621200561523,0.01545983087271452,-0.07510008662939072,0.5222956538200378,-0.006867002695798874,-0.08102644979953766,0.5190324187278748,-0.01782499998807907,-0.08210696280002594,0.5322849750518799,0.08125907182693481,-0.05427489057183266,0.5040982365608215,0.02777397818863392,-0.07093056291341782,0.4966947138309479,-0.000888824462890625,-0.07026725262403488,0.49858590960502625,-0.014606285840272903,-0.06838691979646683,0.5142927169799805,0.09697793424129486,-0.05063268914818764,0.4883522093296051,0.04661963880062103,-0.06207714602351189,0.4857003688812256,0.02295803092420101,-0.057841017842292786,0.49092453718185425,0.012043916620314121,-0.053282156586647034,0.5016441345214844,0.10669860243797302,-0.04711887612938881,0.4793349504470825,0.06636621803045273,-0.05343012139201164,0.4790060222148895,0.04433157294988632,-0.05036231875419617,0.48512372374534607,0.03264083340764046,-0.04707329347729683,Left,0.9997346997261047
5715,76,0,0.37984901666641235,0.10899420082569122,3.076155792314239e-07,0.3701787292957306,0.07352589070796967,-0.009695368818938732,0.3700457215309143,0.0340786837041378,-0.023655416443943977,0.3823641836643219,0.00584082305431366,-0.03623538464307785,0.3989066183567047,-0.010015249252319336,-0.0486324168741703,0.3468717634677887,0.023173406720161438,-0.039443593472242355,0.3823714554309845,-0.009611174464225769,-0.06122679263353348,0.4073275029659271,-0.020039234310388565,-0.07325932383537292,0.4237455427646637,-0.024472180753946304,-0.07985328882932663,0.35514530539512634,0.04566897079348564,-0.04401650279760361,0.39087975025177,0.008163413032889366,-0.06505993753671646,0.4165361225605011,-0.004288792610168457,-0.0706251934170723,0.4348927438259125,-0.012283187359571457,-0.0732058584690094,0.3708886504173279,0.06626208126544952,-0.048459671437740326,0.40575549006462097,0.02940388023853302,-0.0650445967912674,0.42539218068122864,0.013412771746516228,-0.06486309319734573,0.43882104754447937,0.0023707374930381775,-0.06292387843132019,0.39081871509552,0.08215978741645813,-0.053524959832429886,0.41723814606666565,0.04768873751163483,-0.06225544586777687,0.42931318283081055,0.02950086072087288,-0.06072831526398659,0.43760910630226135,0.014866802841424942,-0.05878719314932823,Right,0.9983335733413696
5715,76,1,0.5590794086456299,0.12658017873764038,2.94622680030443e-07,0.573084831237793,0.08879609405994415,-0.014833929017186165,0.564306378364563,0.04487116262316704,-0.025011718273162842,0.545033872127533,0.017794352024793625,-0.03004101663827896,0.5276723504066467,0.003447841852903366,-0.0353081040084362,0.5536412000656128,0.07440844178199768,-0.04810661822557449,0.5381826758384705,0.027795661240816116,-0.06243375316262245,0.5276700854301453,-0.0002403073012828827,-0.06617932766675949,0.5204863548278809,-0.019437342882156372,-0.06653158366680145,0.5312824249267578,0.0928388312458992,-0.04334926977753639,0.5082409381866455,0.03828208148479462,-0.05566946417093277,0.5001897811889648,0.007261339575052261,-0.05530500039458275,0.497489869594574,-0.012885048985481262,-0.05393756553530693,0.5127358436584473,0.10504798591136932,-0.03727918863296509,0.4895920157432556,0.05326330289244652,-0.046154338866472244,0.48548027873039246,0.023438584059476852,-0.045347366482019424,0.48614954948425293,0.005430888384580612,-0.043901290744543076,0.5005630850791931,0.1112966388463974,-0.031486596912145615,0.48128944635391235,0.06989646703004837,-0.03777454048395157,0.47994446754455566,0.046155985444784164,-0.03750019893050194,0.48230820894241333,0.0319085568189621,-0.03639116883277893,Left,0.9941275119781494
5788,77,0,0.37950119376182556,0.11143983155488968,3.731398408035602e-07,0.3734529912471771,0.07181354612112045,-0.012727377936244011,0.37465134263038635,0.0334208682179451,-0.028802335262298584,0.3874158561229706,0.008699694648385048,-0.04295925423502922,0.40407997369766235,-0.0039365701377391815,-0.05726105347275734,0.34960150718688965,0.024659350514411926,-0.043827980756759644,0.3864172101020813,-0.0063105858862400055,-0.06746282428503036,0.41206109523773193,-0.02096187323331833,-0.08207400143146515,0.43120819330215454,-0.03064124286174774,-0.09079752117395401,0.35788628458976746,0.04750240594148636,-0.04725068435072899,0.3970319628715515,0.014618853107094765,-0.07027736306190491,0.42424634099006653,-0.0032079778611660004,-0.07807434350252151,0.4446314573287964,-0.016928333789110184,-0.08251575380563736,0.3732236325740814,0.06817448884248734,-0.05066603794693947,0.4101687967777252,0.03334182873368263,-0.06934084743261337,0.43226855993270874,0.010959051549434662,-0.07122938334941864,0.44915321469306946,-0.0061052218079566956,-0.07062409818172455,0.39262834191322327,0.08399778604507446,-0.05491446703672409,0.4196109473705292,0.05133218690752983,-0.06585666537284851,0.4325057864189148,0.03167735040187836,-0.06595128774642944,0.4422675669193268,0.015262778848409653,-0.06502466648817062,Right,0.9977356195449829
5788,77,1,0.5617681741714478,0.12668471038341522,3.5356438843336946e-07,0.5729753375053406,0.08283144235610962,-0.013656186871230602,0.5642027258872986,0.039318084716796875,-0.02506077103316784,0.5445056557655334,0.014279220253229141,-0.03162376582622528,0.525571882724762,0.005019575357437134,-0.03846800699830055,0.5539404153823853,0.07447410374879837,-0.05137380212545395,0.5376169085502625,0.02562779188156128,-0.06784319877624512,0.5265730023384094,-0.003891885280609131,-0.07208672910928726,0.5201954245567322,-0.023030638694763184,-0.07215044647455215,0.5324038863182068,0.09537471830844879,-0.04774414375424385,0.5062942504882812,0.03676362708210945,-0.06296534091234207,0.4969657063484192,0.0021400079131126404,-0.0628783255815506,0.4952453672885895,-0.018641509115695953,-0.06109687685966492,0.5139739513397217,0.1087714210152626,-0.04256362468004227,0.4882839322090149,0.053433164954185486,-0.053414832800626755,0.4846563935279846,0.021180301904678345,-0.05287909507751465,0.4873586893081665,0.00267048180103302,-0.05110456421971321,0.5015228986740112,0.11462149024009705,-0.03748301789164543,0.4808846116065979,0.07112986594438553,-0.04471982643008232,0.4802786111831665,0.04618131369352341,-0.044534072279930115,0.4847181737422943,0.032173044979572296,-0.0431721992790699,Left,0.9943928122520447
5860,78,0,0.37962284684181213,0.11505259573459625,4.121743018004054e-07,0.37413251399993896,0.07614803314208984,-0.013839108869433403,0.3776668608188629,0.035729628056287766,-0.030635181814432144,0.39316326379776,0.010632196441292763,-0.04513981565833092,0.4117254912853241,-0.0015093609690666199,-0.05976610630750656,0.35331180691719055,0.024324731901288033,-0.04579263553023338,0.39204972982406616,-0.006345108151435852,-0.06885634362697601,0.41645246744155884,-0.022180035710334778,-0.08310393244028091,0.43419674038887024,-0.03380374237895012,-0.09169426560401917,0.36170557141304016,0.047226108610630035,-0.04846377670764923,0.4024066627025604,0.014680866152048111,-0.07071392983198166,0.4289723336696625,-0.005192544311285019,-0.07858913391828537,0.44890883564949036,-0.021424856036901474,-0.08343219757080078,0.37714681029319763,0.06844177842140198,-0.05101554095745087,0.4163648784160614,0.033760759979486465,-0.06906187534332275,0.4382040202617645,0.010539405047893524,-0.07136417925357819,0.45511913299560547,-0.00756661593914032,-0.07126961648464203,0.39677101373672485,0.08478808403015137,-0.05443907529115677,0.4263297915458679,0.05059319734573364,-0.06469254940748215,0.43990999460220337,0.02875162661075592,-0.06507598608732224,0.4503278136253357,0.01018177904188633,-0.0646221935749054,Right,0.996753990650177
5860,78,1,0.5616957545280457,0.1294025182723999,3.0412476803576283e-07,0.5731483697891235,0.08541511744260788,-0.011394903063774109,0.5648565888404846,0.04141559824347496,-0.020531529560685158,0.5454371571540833,0.015931453555822372,-0.025640644133090973,0.5271074771881104,0.004217073321342468,-0.03047209046781063,0.5551289916038513,0.07268955558538437,-0.04391178488731384,0.5318332314491272,0.021838881075382233,-0.057472795248031616,0.5197134613990784,-0.0064826905727386475,-0.05941425636410713,0.5139321088790894,-0.02331787347793579,-0.05789821222424507,0.5336011052131653,0.09287987649440765,-0.04083435982465744,0.5056959986686707,0.03410261496901512,-0.05293268710374832,0.4989071190357208,0.0038343071937561035,-0.05054908245801926,0.5000766515731812,-0.010880962014198303,-0.047211628407239914,0.5150570273399353,0.10675810277462006,-0.03646161034703255,0.48928016424179077,0.0492207407951355,-0.044280532747507095,0.48763084411621094,0.020672105252742767,-0.040916379541158676,0.49203112721443176,0.007611703127622604,-0.03752018138766289,0.5015765428543091,0.11401641368865967,-0.032399505376815796,0.4789712727069855,0.07163118571043015,-0.03801608458161354,0.4791131019592285,0.0481606051325798,-0.0363883450627327,0.4851994812488556,0.03699150308966637,-0.033881302922964096,Left,0.99470454454422
5932,79,0,0.3826364278793335,0.10969923436641693,4.368290831280319e-07,0.378021776676178,0.06951224058866501,-0.015253746882081032,0.38112393021583557,0.030058884993195534,-0.03359144181013107,0.3960486650466919,0.006584618240594864,-0.04921461641788483,0.41367217898368835,-0.0026747994124889374,-0.06470540910959244,0.35439491271972656,0.02159198559820652,-0.04894932359457016,0.3959663212299347,-0.007279429584741592,-0.0729018822312355,0.4222504496574402,-0.01947718858718872,-0.08713153004646301,0.4414368271827698,-0.02778279408812523,-0.09540174901485443,0.3624457120895386,0.046254001557826996,-0.05123499408364296,0.4056837260723114,0.012348892167210579,-0.07404925674200058,0.4329639673233032,-0.004102855920791626,-0.08134376257658005,0.45391854643821716,-0.016369253396987915,-0.08553279936313629,0.3778209686279297,0.0682421401143074,-0.053326476365327835,0.4189492166042328,0.03355434164404869,-0.07130743563175201,0.44067803025245667,0.013550110161304474,-0.07235036045312881,0.45746979117393494,-0.002283487468957901,-0.07139705866575241,0.39730364084243774,0.08425381034612656,-0.056394223123788834,0.42744359374046326,0.05234992504119873,-0.06589612364768982,0.4401385188102722,0.03265973553061485,-0.06487788259983063,0.4497050344944,0.015278320759534836,-0.06351632624864578,Right,0.9955319166183472
5932,79,1,0.5591616034507751,0.12939804792404175,3.031998687674786e-07,0.5722355842590332,0.08645101636648178,-0.010614488273859024,0.5622303485870361,0.04292972385883331,-0.01903064176440239,0.5422631502151489,0.017306175082921982,-0.023726481944322586,0.5243532061576843,0.0029513314366340637,-0.02792472206056118,0.5530442595481873,0.07439200580120087,-0.04301442950963974,0.5243504643440247,0.021786443889141083,-0.05710181966423988,0.5141722559928894,-0.007462047040462494,-0.05913902819156647,0.5119584202766418,-0.0230405256152153,-0.057041801512241364,0.5312720537185669,0.09350913763046265,-0.03994768485426903,0.502303421497345,0.03291982784867287,-0.052220627665519714,0.4973818361759186,0.00209740549325943,-0.049446139484643936,0.5005902051925659,-0.011062659323215485,-0.04545719549059868,0.5128512382507324,0.10556653141975403,-0.03566701337695122,0.48795023560523987,0.04561982303857803,-0.04296329617500305,0.4885900020599365,0.0181921124458313,-0.03834771364927292,0.4947538673877716,0.008068282157182693,-0.033806998282670975,0.4996306598186493,0.1110459566116333,-0.03176276013255119,0.47834616899490356,0.0660538375377655,-0.03634212911128998,0.4797482490539551,0.04175109416246414,-0.03379601240158081,0.48669061064720154,0.03132054954767227,-0.03048696368932724,Left,0.9950205087661743
6007,80,0,0.3846118450164795,0.11200316995382309,3.634385450368427e-07,0.3809327185153961,0.0722089409828186,-0.013048307038843632,0.3849860727787018,0.033800601959228516,-0.02941368892788887,0.3988651931285858,0.011664992198348045,-0.04383699595928192,0.4154355525970459,0.0019845888018608093,-0.05823281407356262,0.36259400844573975,0.02766120433807373,-0.04378163814544678,0.3991599380970001,0.0004988759756088257,-0.06667137891054153,0.423533171415329,-0.01316121220588684,-0.08055619895458221,0.4417021572589874,-0.022502552717924118,-0.08862394839525223,0.3700271546840668,0.050218984484672546,-0.04639642685651779,0.409971684217453,0.021352721378207207,-0.06915473192930222,0.4370124638080597,0.005367934703826904,-0.07675843685865402,0.4567898213863373,-0.0066425129771232605,-0.08090286701917648,0.3837887942790985,0.07009314000606537,-0.04890115186572075,0.4223296046257019,0.03882318362593651,-0.06736837327480316,0.444333016872406,0.0188664011657238,-0.06945260614156723,0.46049734950065613,0.004257403314113617,-0.0686979591846466,0.4015630781650543,0.08513893187046051,-0.05215296894311905,0.430868923664093,0.052891336381435394,-0.06216224282979965,0.4440535306930542,0.03397804871201515,-0.062168627977371216,0.45384344458580017,0.018720880150794983,-0.06122215464711189,Right,0.9975179433822632
6007,80,1,0.5596630573272705,0.13736779987812042,3.2874277167138644e-07,0.5714640021324158,0.09386926144361496,-0.010944914072751999,0.55931556224823,0.05166580528020859,-0.019565366208553314,0.5377401113510132,0.024913378059864044,-0.024128155782818794,0.520770788192749,0.006403494626283646,-0.02800852060317993,0.5532599687576294,0.07717382907867432,-0.04474569112062454,0.5246232151985168,0.023168202489614487,-0.0588415265083313,0.5133242607116699,-0.007820621132850647,-0.06007914990186691,0.5098342299461365,-0.026759184896945953,-0.057631004601716995,0.5309194326400757,0.09516362100839615,-0.04140198603272438,0.502101719379425,0.03390544280409813,-0.05522100627422333,0.4954553246498108,0.00047662854194641113,-0.05287690833210945,0.4972270131111145,-0.017575539648532867,-0.048856060951948166,0.5125089287757874,0.10569843649864197,-0.036707282066345215,0.48838144540786743,0.046870067715644836,-0.04517528414726257,0.48778802156448364,0.016436893492937088,-0.04186875745654106,0.4925881326198578,0.0006665438413619995,-0.03806724771857262,0.49988093972206116,0.1098349541425705,-0.032256029546260834,0.4818611145019531,0.06455740332603455,-0.03723169490695,0.48277541995048523,0.0392390638589859,-0.035665445029735565,0.48795610666275024,0.025486011058092117,-0.033164966851472855,Left,0.9969173669815063
6079,81,0,0.38597819209098816,0.110005684196949,3.6549354831549863e-07,0.3816245198249817,0.07263654470443726,-0.014652565121650696,0.38543879985809326,0.03323981165885925,-0.03037879429757595,0.3989151418209076,0.01079491525888443,-0.043298788368701935,0.4149591326713562,0.0014844946563243866,-0.05621436610817909,0.3663902282714844,0.02914249151945114,-0.04413141310214996,0.40588757395744324,0.004712633788585663,-0.06363331526517868,0.42855846881866455,-0.007029693573713303,-0.07499585300683975,0.44528433680534363,-0.015986651182174683,-0.08168724924325943,0.3745929002761841,0.052822865545749664,-0.04484931379556656,0.4169538915157318,0.026546714827418327,-0.06316040456295013,0.4417746365070343,0.010291561484336853,-0.06887775659561157,0.46106746792793274,-0.0026741549372673035,-0.07272985577583313,0.388498991727829,0.0738244354724884,-0.045397136360406876,0.4281748831272125,0.04375678673386574,-0.060146890580654144,0.44794830679893494,0.023366698995232582,-0.061698924750089645,0.4632863700389862,0.008042331784963608,-0.061622120440006256,0.4057013690471649,0.08917142450809479,-0.04681321978569031,0.4339584708213806,0.05856213718652725,-0.05458508059382439,0.4452498257160187,0.038856714963912964,-0.05429050698876381,0.453736275434494,0.022697560489177704,-0.05381311476230621,Right,0.9943858981132507
6079,81,1,0.561976969242096,0.13550728559494019,3.4571829132801213e-07,0.5720695853233337,0.09187473356723785,-0.010011800564825535,0.5591329336166382,0.05159799009561539,-0.019142650067806244,0.5385105013847351,0.026110153645277023,-0.02445933036506176,0.5218786001205444,0.008852489292621613,-0.02925211749970913,0.5548650026321411,0.07748764008283615,-0.0468834713101387,0.5253798365592957,0.023641206324100494,-0.06311515718698502,0.5130181312561035,-0.0085674449801445,-0.06579821556806564,0.5092711448669434,-0.027603089809417725,-0.06366729736328125,0.5324699282646179,0.0958603024482727,-0.044261299073696136,0.5032474398612976,0.03399223834276199,-0.05946948751807213,0.49500465393066406,-0.0006942674517631531,-0.05676031857728958,0.495839923620224,-0.018022924661636353,-0.051843222230672836,0.5135297179222107,0.10673767328262329,-0.040225617587566376,0.48912912607192993,0.0477893128991127,-0.04938088729977608,0.48727649450302124,0.016279377043247223,-0.04476224258542061,0.49164018034935,0.0009093210101127625,-0.03934944421052933,0.500134289264679,0.11131958663463593,-0.036381132900714874,0.4819534420967102,0.064865343272686,-0.041428059339523315,0.482703298330307,0.038394514471292496,-0.03875616937875748,0.48810383677482605,0.02479461207985878,-0.034868501126766205,Left,0.9948817491531372
6152,82,0,0.3867799639701843,0.10252461582422256,4.3093922386105987e-07,0.38337457180023193,0.06536750495433807,-0.01797296665608883,0.3880836069583893,0.02913650870323181,-0.036439962685108185,0.4041905105113983,0.01006830483675003,-0.051181185990571976,0.4218304753303528,0.003864593803882599,-0.06577088683843613,0.36550620198249817,0.024414632469415665,-0.05240420997142792,0.4083327054977417,0.004622355103492737,-0.07390420883893967,0.43159499764442444,-0.00486619770526886,-0.08628841489553452,0.4476998746395111,-0.011290054768323898,-0.09359073638916016,0.373113751411438,0.050013307482004166,-0.051991794258356094,0.4175947308540344,0.029064631089568138,-0.072728231549263,0.44430625438690186,0.01298987865447998,-0.07924327999353409,0.4647727608680725,0.0005409009754657745,-0.08364361524581909,0.3872002959251404,0.0727754756808281,-0.05117681622505188,0.4287177324295044,0.046458370983600616,-0.06750356405973434,0.44947099685668945,0.025810781866312027,-0.06902726739645004,0.46519356966018677,0.010587919503450394,-0.06895268708467484,0.40440598130226135,0.08968918770551682,-0.051391977816820145,0.4350440502166748,0.06164153665304184,-0.05982218682765961,0.4465155303478241,0.04208429157733917,-0.059255342930555344,0.45503416657447815,0.026385629549622536,-0.05867069959640503,Right,0.9960482716560364
6152,82,1,0.56048983335495,0.13405990600585938,3.525926217662345e-07,0.5707270503044128,0.08916731923818588,-0.010745657607913017,0.5575292706489563,0.04948458448052406,-0.020225442945957184,0.5353865623474121,0.02609357237815857,-0.025747282430529594,0.51651930809021,0.011292591691017151,-0.03061635233461857,0.5548540353775024,0.07673941552639008,-0.04627249389886856,0.5250526070594788,0.021242260932922363,-0.06152667850255966,0.5117958784103394,-0.009943120181560516,-0.0638110339641571,0.5063533782958984,-0.028433948755264282,-0.06186351180076599,0.5327333807945251,0.09618408977985382,-0.04337986931204796,0.5022020936012268,0.03305749222636223,-0.0573468953371048,0.492570698261261,-0.000537283718585968,-0.05497565492987633,0.4908922016620636,-0.018683068454265594,-0.05108380317687988,0.513298749923706,0.10700628161430359,-0.03909706696867943,0.4878442883491516,0.0459379106760025,-0.04751205071806908,0.4854133725166321,0.015945162624120712,-0.043185535818338394,0.4876159727573395,0.0002485886216163635,-0.03882437199354172,0.49910494685173035,0.11036435514688492,-0.035056840628385544,0.4823112487792969,0.06240859255194664,-0.0392947755753994,0.48387354612350464,0.0387936532497406,-0.03617746755480766,0.4879411458969116,0.02727464586496353,-0.03274550661444664,Left,0.9922672510147095
6225,83,0,0.38547948002815247,0.09411891549825668,4.144874878875271e-07,0.3780072033405304,0.06299654394388199,-0.018854089081287384,0.37902164459228516,0.02916882559657097,-0.035553477704524994,0.3859769403934479,0.007818099111318588,-0.04831414297223091,0.393007755279541,-0.005542278289794922,-0.06158065423369408,0.37009111046791077,0.031092137098312378,-0.050605081021785736,0.40885862708091736,0.008552741259336472,-0.07091537117958069,0.4304865002632141,-0.005419708788394928,-0.08279598504304886,0.44663846492767334,-0.01677718013525009,-0.0899539589881897,0.3796343505382538,0.05464424565434456,-0.049038633704185486,0.4206167459487915,0.030835900455713272,-0.06921441853046417,0.44426771998405457,0.012830434367060661,-0.07651088386774063,0.4620557129383087,-0.0028471536934375763,-0.08175209909677505,0.3935156464576721,0.07527755200862885,-0.046996597200632095,0.43123531341552734,0.04949282109737396,-0.0641196221113205,0.44911786913871765,0.02968747541308403,-0.06624562293291092,0.46281081438064575,0.014387480914592743,-0.06656904518604279,0.40822550654411316,0.08963761478662491,-0.04583672061562538,0.43546611070632935,0.06396569311618805,-0.05613303184509277,0.447672963142395,0.04538428410887718,-0.05606235936284065,0.4576565623283386,0.03135884925723076,-0.055625952780246735,Right,0.9965395331382751
6225,83,1,0.5599231719970703,0.1403788924217224,3.051088981465e-07,0.5709344148635864,0.09609231352806091,-0.008959515020251274,0.5583013296127319,0.05471289902925491,-0.016519498080015182,0.5362029671669006,0.028491612523794174,-0.02072160504758358,0.5188567042350769,0.009319975972175598,-0.024457883089780807,0.5567226409912109,0.07437118887901306,-0.03910442814230919,0.5282206535339355,0.020004089921712875,-0.05172417312860489,0.5138673782348633,-0.008570082485675812,-0.05335698649287224,0.5055110454559326,-0.026042848825454712,-0.05178239569067955,0.534256100654602,0.092878058552742,-0.036859504878520966,0.5051979422569275,0.03234206512570381,-0.04856991395354271,0.49495944380760193,0.001421995460987091,-0.04695180058479309,0.49181413650512695,-0.016555942595005035,-0.044073376804590225,0.5142171382904053,0.10440601408481598,-0.03329404816031456,0.48996520042419434,0.04647863656282425,-0.040058597922325134,0.48588067293167114,0.017970647662878036,-0.03698504716157913,0.4860980808734894,0.001370653510093689,-0.033991631120443344,0.49888139963150024,0.10914789885282516,-0.029838377609848976,0.48308074474334717,0.0634121298789978,-0.03334442898631096,0.4831160306930542,0.0397871769964695,-0.030981501564383507,0.48540619015693665,0.026170987635850906,-0.028357988223433495,Left,0.9913854002952576
6297,84,0,0.38970836997032166,0.09780482947826385,3.595626765218185e-07,0.38054171204566956,0.06766136735677719,-0.016790298745036125,0.3759269714355469,0.03283437713980675,-0.031667787581682205,0.37376636266708374,0.010076398029923439,-0.042564138770103455,0.37003839015960693,-0.007557813078165054,-0.05381493270397186,0.37638869881629944,0.0355205200612545,-0.04713647812604904,0.40878045558929443,0.010618511587381363,-0.0652080774307251,0.4285234808921814,-0.0021022334694862366,-0.07578567415475845,0.443575918674469,-0.012967485934495926,-0.08197233080863953,0.3873501718044281,0.057708024978637695,-0.045199692249298096,0.42111238837242126,0.03125869110226631,-0.06255268305540085,0.4431930184364319,0.014167893677949905,-0.06893781572580338,0.4598279893398285,-0.0002396702766418457,-0.07366127520799637,0.4014833867549896,0.07726086676120758,-0.04237094894051552,0.43296217918395996,0.04724641889333725,-0.055943191051483154,0.4488164782524109,0.027169685810804367,-0.05647941306233406,0.46004578471183777,0.013633770868182182,-0.05628474801778793,0.41529062390327454,0.09049953520298004,-0.040240515023469925,0.4368663430213928,0.059894293546676636,-0.04805736988782883,0.4469774663448334,0.041197460144758224,-0.046554289758205414,0.4546448290348053,0.028782453387975693,-0.045341938734054565,Right,0.9797089099884033
6297,84,1,0.5592808723449707,0.14034149050712585,2.849102713753382e-07,0.5708416700363159,0.09516464173793793,-0.006711658556014299,0.5592743754386902,0.05371902137994766,-0.013561264611780643,0.5388220548629761,0.02698090672492981,-0.01744747720658779,0.5221043229103088,0.007030509412288666,-0.021072590723633766,0.5561513900756836,0.07006455212831497,-0.03626348450779915,0.5298894643783569,0.013693884015083313,-0.04900036007165909,0.516321063041687,-0.012362539768218994,-0.05102001130580902,0.5096582770347595,-0.02302946150302887,-0.049013007432222366,0.5337072014808655,0.08968774229288101,-0.034830935299396515,0.507117509841919,0.027703095227479935,-0.04563950374722481,0.4965365529060364,-0.0019282922148704529,-0.04359500855207443,0.4930628836154938,-0.016460858285427094,-0.04036026820540428,0.5138530135154724,0.10284043103456497,-0.03221524506807327,0.4904423654079437,0.043587662279605865,-0.038198746740818024,0.4857044517993927,0.015327628701925278,-0.03506307303905487,0.4860224425792694,0.0003384128212928772,-0.031948238611221313,0.49874401092529297,0.10938024520874023,-0.02943667396903038,0.4835065007209778,0.06243698298931122,-0.032199691981077194,0.48332029581069946,0.03838599845767021,-0.02959701232612133,0.4854818880558014,0.024603918194770813,-0.026720670983195305,Left,0.9970252513885498
6369,85,0,0.39408257603645325,0.09116384387016296,3.9614047864233726e-07,0.3854586184024811,0.0619363859295845,-0.012827213853597641,0.3861975073814392,0.030247587710618973,-0.025595923885703087,0.39640435576438904,0.009491696953773499,-0.03553565964102745,0.40936708450317383,-0.0026906318962574005,-0.04578095301985741,0.37808629870414734,0.02652388997375965,-0.038258716464042664,0.41034191846847534,0.006497066468000412,-0.05570942535996437,0.43144482374191284,-0.007449429482221603,-0.0661904364824295,0.4484615921974182,-0.01705683022737503,-0.07217878848314285,0.3848549425601959,0.04434065893292427,-0.037914883345365524,0.4201388955116272,0.02050422504544258,-0.05427958071231842,0.4435274302959442,0.004673682153224945,-0.06000785529613495,0.4618503749370575,-0.006993237882852554,-0.06379339843988419,0.39585596323013306,0.06056804209947586,-0.03713306412100792,0.42843812704086304,0.0353211984038353,-0.050081100314855576,0.4472021162509918,0.018856432288885117,-0.050548166036605835,0.4617534279823303,0.0071006156504154205,-0.04987260326743126,0.40845009684562683,0.07355661690235138,-0.03700719028711319,0.43197181820869446,0.048706091940402985,-0.04498714581131935,0.44485199451446533,0.032768599689006805,-0.044453464448451996,0.45516732335090637,0.021358145400881767,-0.043408192694187164,Right,0.9771564602851868
6369,85,1,0.5600466728210449,0.14251911640167236,2.5841177375696134e-07,0.5710172653198242,0.09821046143770218,-0.004222618415951729,0.5589513778686523,0.05669452250003815,-0.00931971799582243,0.5383580923080444,0.030118394643068314,-0.012271213345229626,0.5216981172561646,0.010366059839725494,-0.015086300671100616,0.5538938641548157,0.06762275099754333,-0.02999836578965187,0.5271816849708557,0.013780586421489716,-0.04279249534010887,0.5157919526100159,-0.012560747563838959,-0.045579493045806885,0.5126973986625671,-0.022153079509735107,-0.04367920383810997,0.5318326354026794,0.08481210470199585,-0.029663672670722008,0.5061817169189453,0.026294823735952377,-0.03969305381178856,0.49807190895080566,-0.00240529328584671,-0.03751048818230629,0.49774953722953796,-0.013939999043941498,-0.03366740792989731,0.513145923614502,0.09860261529684067,-0.028367191553115845,0.4893113672733307,0.04331230744719505,-0.03354356437921524,0.4854382872581482,0.01666899397969246,-0.02908586710691452,0.4875687062740326,0.004299625754356384,-0.02461806684732437,0.49912840127944946,0.10815754532814026,-0.026869315654039383,0.4830734133720398,0.06548447906970978,-0.02892281860113144,0.4822552502155304,0.04192420840263367,-0.025165745988488197,0.4846916198730469,0.028963826596736908,-0.02096908539533615,Left,0.9977360963821411
6443,86,0,0.56024169921875,0.14610379934310913,2.426717173875659e-07,0.5692058801651001,0.10113872587680817,-0.005182842258363962,0.5542339086532593,0.0594513863325119,-0.010824477300047874,0.5318852663040161,0.033942706882953644,-0.014117146842181683,0.5141441822052002,0.014755647629499435,-0.017237098887562752,0.5496187806129456,0.07214314490556717,-0.03240848705172539,0.5224586129188538,0.017071768641471863,-0.04382443428039551,0.5102030634880066,-0.007192544639110565,-0.04541270062327385,0.5045964121818542,-0.017072327435016632,-0.04330328851938248,0.5291831493377686,0.09143910557031631,-0.03156496584415436,0.49975502490997314,0.031927723437547684,-0.0419229194521904,0.49246668815612793,0.007306188344955444,-0.03964608535170555,0.4920574426651001,-0.0005601271986961365,-0.03571254014968872,0.5119417905807495,0.10540590435266495,-0.029345063492655754,0.4846280515193939,0.04983164370059967,-0.0341949462890625,0.48448240756988525,0.027982715517282486,-0.028613287955522537,0.48900189995765686,0.020053941756486893,-0.023414025083184242,0.49921032786369324,0.1137431263923645,-0.02707243710756302,0.48166802525520325,0.069219209253788,-0.028453756123781204,0.48369622230529785,0.04868600144982338,-0.023602191358804703,0.4881715774536133,0.04019574075937271,-0.018762880936264992,Left,0.9980302453041077
6516,87,0,0.5605011582374573,0.14929619431495667,3.1437059533345746e-07,0.5700637698173523,0.10391905903816223,-0.0069426423870027065,0.5561434626579285,0.06132690608501434,-0.0144953653216362,0.5337556600570679,0.033920373767614365,-0.01901894249022007,0.5153185725212097,0.014605477452278137,-0.02309476211667061,0.551892101764679,0.07614060491323471,-0.039111603051424026,0.5212196707725525,0.018099810928106308,-0.052629925310611725,0.5091778039932251,-0.010770328342914581,-0.05397989973425865,0.5055269002914429,-0.025214843451976776,-0.05110672116279602,0.529970645904541,0.09556490182876587,-0.03782936558127403,0.4989272356033325,0.03056320920586586,-0.05035029351711273,0.4902046322822571,-0.0012136176228523254,-0.047448985278606415,0.48995864391326904,-0.016672566533088684,-0.042551733553409576,0.5111145973205566,0.10857100784778595,-0.035119231790304184,0.4840782880783081,0.0459604486823082,-0.0420575812458992,0.4812208116054535,0.016202308237552643,-0.03713572025299072,0.48396915197372437,0.0009090527892112732,-0.031934551894664764,0.49749189615249634,0.11493684351444244,-0.03228313848376274,0.4809163212776184,0.06579504162073135,-0.03542925789952278,0.48135384917259216,0.03901344910264015,-0.03172016516327858,0.48467111587524414,0.023616109043359756,-0.02732018567621708,Left,0.9960610270500183
6593,88,0,0.5615737438201904,0.15304547548294067,2.795676721234486e-07,0.5711883902549744,0.10429129004478455,-0.005127043463289738,0.5575143098831177,0.06110753118991852,-0.011604531668126583,0.5347574353218079,0.03644252195954323,-0.01577821560204029,0.5152727365493774,0.020147625356912613,-0.0199696384370327,0.5543025135993958,0.07508276402950287,-0.03569856286048889,0.5268950462341309,0.017886333167552948,-0.04859625920653343,0.5139627456665039,-0.009965993463993073,-0.05070800706744194,0.5081206560134888,-0.02526026964187622,-0.048897285014390945,0.5326225757598877,0.09459707140922546,-0.03564511984586716,0.5015422105789185,0.03300943225622177,-0.047845251858234406,0.4917651414871216,0.00287812203168869,-0.04647282510995865,0.48980608582496643,-0.011985190212726593,-0.04306211322546005,0.513602077960968,0.10868798941373825,-0.03400973603129387,0.4859730899333954,0.04942002147436142,-0.04061895236372948,0.4827505648136139,0.02115008607506752,-0.036783065646886826,0.48498988151550293,0.006501205265522003,-0.03253510221838951,0.4997618794441223,0.11631634831428528,-0.03213941305875778,0.48150351643562317,0.0682237446308136,-0.03461156040430069,0.48178648948669434,0.041928716003894806,-0.030879506841301918,0.48546382784843445,0.027799993753433228,-0.026753587648272514,Left,0.9960224032402039
6672,89,0,0.5620394945144653,0.1521519422531128,2.9973077175782237e-07,0.5727208256721497,0.10579968243837357,-0.006255016196519136,0.5603697299957275,0.06136837229132652,-0.01450854167342186,0.5376281142234802,0.03284866735339165,-0.01986871473491192,0.5174456834793091,0.014577984809875488,-0.025579195469617844,0.5586021542549133,0.07432933896780014,-0.04219576716423035,0.5306776762008667,0.014207981526851654,-0.05662859231233597,0.5172335505485535,-0.015210263431072235,-0.059257872402668,0.5109301209449768,-0.03078600764274597,-0.05756496638059616,0.536715567111969,0.09462487697601318,-0.04191230610013008,0.5058943629264832,0.030155766755342484,-0.05507652088999748,0.49452802538871765,-0.0014528483152389526,-0.05336117744445801,0.4916941523551941,-0.017028018832206726,-0.04975970461964607,0.5168501138687134,0.10921569913625717,-0.039833419024944305,0.4884338676929474,0.04947987198829651,-0.04686891660094261,0.48371440172195435,0.019473765045404434,-0.042512133717536926,0.4857335686683655,0.00364646315574646,-0.03799346834421158,0.5015616416931152,0.11793965101242065,-0.037489622831344604,0.48178568482398987,0.0704379454255104,-0.040446192026138306,0.4809437692165375,0.0434783510863781,-0.03666321560740471,0.4843140244483948,0.0281025730073452,-0.03246275335550308,Left,0.9986327886581421
6672,89,1,0.39768195152282715,0.08937901258468628,4.609466657257144e-07,0.3991048336029053,0.051555924117565155,-0.015717007219791412,0.4023307263851166,0.014932319521903992,-0.031749140471220016,0.4139842391014099,-0.006341653876006603,-0.04555492103099823,0.42881301045417786,-0.014516320079565048,-0.0588219128549099,0.3693508803844452,-0.002953588031232357,-0.04094426706433296,0.411506712436676,-0.01947140134871006,-0.0642244964838028,0.43914735317230225,-0.0227680467069149,-0.07875574380159378,0.4597543776035309,-0.022551435977220535,-0.087199866771698,0.37014472484588623,0.017747048288583755,-0.042179256677627563,0.41427281498908997,-0.0015963157638907433,-0.06553965061903,0.44551223516464233,-0.008346792310476303,-0.07397320121526718,0.4703271985054016,-0.011724516749382019,-0.0784229263663292,0.3793477416038513,0.039812397211790085,-0.04399169981479645,0.42284101247787476,0.0189661905169487,-0.06330481916666031,0.4504256844520569,0.007629286963492632,-0.06594504415988922,0.47259044647216797,-0.0012401565909385681,-0.06563803553581238,0.39377838373184204,0.060045305639505386,-0.046937353909015656,0.4301559627056122,0.04225088283419609,-0.05904298648238182,0.450111448764801,0.029908163473010063,-0.06059972569346428,0.46601325273513794,0.018679406493902206,-0.060536403208971024,Right,0.9925945997238159
6772,90,0,0.5620561838150024,0.15128979086875916,2.537387615575426e-07,0.5726847648620605,0.10355138778686523,-0.004967855289578438,0.5603004097938538,0.058960363268852234,-0.012597361579537392,0.5385094881057739,0.031197048723697662,-0.01794007048010826,0.5191712975502014,0.01286565512418747,-0.023557445034384727,0.5619712471961975,0.07026417553424835,-0.03712834045290947,0.5348736643791199,0.012587063014507294,-0.051245711743831635,0.5201507806777954,-0.012846648693084717,-0.054664913564920425,0.5119808912277222,-0.024675913155078888,-0.053697410970926285,0.5398977994918823,0.09161510318517685,-0.038118623197078705,0.5116029977798462,0.02784072980284691,-0.050691548734903336,0.4982960522174835,-0.0007406696677207947,-0.04995860904455185,0.49220529198646545,-0.014890521764755249,-0.04745711386203766,0.5192063450813293,0.1077163815498352,-0.03766365349292755,0.49360954761505127,0.04654556140303612,-0.044682420790195465,0.4875699579715729,0.019540682435035706,-0.041030362248420715,0.4871266484260559,0.005431264638900757,-0.037299927324056625,0.5026535987854004,0.11824707686901093,-0.03696443885564804,0.48530420660972595,0.06899752467870712,-0.039967622607946396,0.4842250347137451,0.04400764778256416,-0.03637945279479027,0.4860351085662842,0.029202908277511597,-0.03266948461532593,Left,0.9944958090782166
6772,90,1,0.39851200580596924,0.09900272637605667,2.445921154503594e-07,0.41319790482521057,0.05892509967088699,-0.009065301157534122,0.4162616729736328,0.022314585745334625,-0.0200229212641716,0.4180963635444641,0.001326095312833786,-0.030430039390921593,0.4242134094238281,-0.00751265324652195,-0.04003521800041199,0.3711451292037964,-0.0005942322313785553,-0.02434321492910385,0.408040851354599,-0.021051811054348946,-0.0434701107442379,0.4340525269508362,-0.024167438969016075,-0.055615898221731186,0.4522338807582855,-0.02422821708023548,-0.06283780187368393,0.3714962303638458,0.017978817224502563,-0.028274046257138252,0.41450783610343933,-0.004116090014576912,-0.04784146323800087,0.4432654082775116,-0.008802471682429314,-0.05515873804688454,0.46442654728889465,-0.013417450711131096,-0.05822641775012016,0.3814499080181122,0.039335668087005615,-0.03299554064869881,0.42394769191741943,0.01662253588438034,-0.05195777118206024,0.44995132088661194,0.0065528228878974915,-0.05538799241185188,0.4692281484603882,-0.002217719331383705,-0.05471240356564522,0.39741769433021545,0.05963563919067383,-0.038140781223773956,0.43518397212028503,0.03771901875734329,-0.05168471112847328,0.45459768176078796,0.025160865858197212,-0.0538446418941021,0.468844473361969,0.01340907346457243,-0.05312969535589218,Right,0.9986170530319214
6844,91,0,0.5626005530357361,0.14932015538215637,2.3769510448801157e-07,0.5718401670455933,0.10328930616378784,-0.004122547805309296,0.559665322303772,0.05933897942304611,-0.012606444768607616,0.5395300984382629,0.03092491626739502,-0.01880749873816967,0.5203520059585571,0.013078317046165466,-0.025640543550252914,0.5644537806510925,0.06806644797325134,-0.0387396514415741,0.5383665561676025,0.011460527777671814,-0.05293796584010124,0.5209630131721497,-0.012024559080600739,-0.05681489780545235,0.5098201632499695,-0.02175198495388031,-0.056303396821022034,0.5428223609924316,0.09054743498563766,-0.0406465120613575,0.5133568048477173,0.02747311443090439,-0.053682729601860046,0.49677127599716187,-5.998462438583374e-05,-0.05348096787929535,0.4875343441963196,-0.01262722909450531,-0.051412202417850494,0.5219740867614746,0.10802962630987167,-0.0407453253865242,0.4940946698188782,0.0471520721912384,-0.04850592464208603,0.48620063066482544,0.02137484773993492,-0.044920697808265686,0.4842025935649872,0.008829325437545776,-0.04124433919787407,0.5050293207168579,0.12058491259813309,-0.04033706337213516,0.486489862203598,0.07203855365514755,-0.04392211139202118,0.48690265417099,0.05165838077664375,-0.03935389593243599,0.4903344213962555,0.04120466113090515,-0.03483417257666588,Left,0.9971503615379333
6844,91,1,0.39753401279449463,0.10284627974033356,2.6281946929884725e-07,0.41927096247673035,0.06197335571050644,-0.008489822037518024,0.4215977191925049,0.022438379004597664,-0.01765039935708046,0.4214770197868347,-0.0015355665236711502,-0.02649352326989174,0.4267110824584961,-0.014715621247887611,-0.03478165343403816,0.37355488538742065,-0.005397835746407509,-0.022090230137109756,0.41212689876556396,-0.02381955273449421,-0.041545379906892776,0.4420977830886841,-0.02782486565411091,-0.05464877933263779,0.46423980593681335,-0.028502898290753365,-0.06265445798635483,0.37089234590530396,0.01255784835666418,-0.026543227955698967,0.414499431848526,-0.010634751990437508,-0.04740405082702637,0.4470570981502533,-0.014512458816170692,-0.05609973147511482,0.4704335927963257,-0.017504485324025154,-0.05986820533871651,0.3795015513896942,0.03480011224746704,-0.03175852447748184,0.4232989549636841,0.010760055854916573,-0.05245387554168701,0.4530456066131592,0.001305125653743744,-0.05677833780646324,0.47393232583999634,-0.006344174966216087,-0.05635010823607445,0.39438876509666443,0.05732991546392441,-0.037290748208761215,0.4340677857398987,0.033759910613298416,-0.05250740796327591,0.45600396394729614,0.02100759744644165,-0.05508987605571747,0.4719686210155487,0.00990336574614048,-0.05434116721153259,Right,0.9992475509643555
6918,92,0,0.5630967020988464,0.1505534052848816,2.010011854736149e-07,0.5735582113265991,0.10618557035923004,-0.0032310059759765863,0.5622617602348328,0.06129501387476921,-0.011262225918471813,0.5416426062583923,0.03405539318919182,-0.01726628467440605,0.5216233134269714,0.019274044781923294,-0.024388708174228668,0.5665105581283569,0.06944320350885391,-0.037114955484867096,0.5431099534034729,0.01302357017993927,-0.0499420203268528,0.5252786874771118,-0.008643366396427155,-0.05307609215378761,0.5125569701194763,-0.017714180052280426,-0.05240285396575928,0.5460420250892639,0.09236440807580948,-0.03947395831346512,0.5173343420028687,0.03060886636376381,-0.05164172872900963,0.5012660026550293,0.004473723471164703,-0.0516577884554863,0.49148988723754883,-0.007471174001693726,-0.04988641291856766,0.5252152681350708,0.11013340950012207,-0.03981980308890343,0.4953245520591736,0.04981265962123871,-0.047520335763692856,0.4871906638145447,0.024524997919797897,-0.044114094227552414,0.4845706820487976,0.012136593461036682,-0.04046592861413956,0.507809579372406,0.12275074422359467,-0.039448752999305725,0.48775574564933777,0.07306810468435287,-0.043402086943387985,0.4890247881412506,0.05333363264799118,-0.03869366645812988,0.4933939576148987,0.04451021924614906,-0.03396286815404892,Left,0.9985634684562683
6918,92,1,0.39995643496513367,0.10509306192398071,2.5741826448211214e-07,0.4228084087371826,0.060482051223516464,-0.00814328994601965,0.4231589734554291,0.023083513602614403,-0.016632942482829094,0.4206934869289398,-0.00033561326563358307,-0.02488711103796959,0.4234350621700287,-0.016137201339006424,-0.03202328458428383,0.37338051199913025,-0.003827940672636032,-0.018906572833657265,0.4125612676143646,-0.020314007997512817,-0.03798563405871391,0.441820353269577,-0.022445444017648697,-0.05121573805809021,0.4649137556552887,-0.023358169943094254,-0.05937425047159195,0.3699350655078888,0.01292189210653305,-0.02319062314927578,0.4139711558818817,-0.008824802935123444,-0.044257715344429016,0.44524168968200684,-0.011143125593662262,-0.05315212160348892,0.469315767288208,-0.014532238245010376,-0.05681445822119713,0.377699077129364,0.03292784467339516,-0.02849302999675274,0.42170286178588867,0.01197982206940651,-0.04875487461686134,0.45132821798324585,0.003255419433116913,-0.05319533497095108,0.4734254479408264,-0.005697190761566162,-0.0527670755982399,0.3924979567527771,0.05227622389793396,-0.034310124814510345,0.4318088889122009,0.03145897015929222,-0.0485733263194561,0.4530945420265198,0.021154385060071945,-0.0511021763086319,0.46920645236968994,0.010509662330150604,-0.05041440948843956,Right,0.998009443283081
6988,93,0,0.5684699416160583,0.14813338220119476,1.6859257812029682e-07,0.5737197399139404,0.10366946458816528,-0.002804630668833852,0.5576825141906738,0.06231238692998886,-0.012313777580857277,0.5293788909912109,0.046843573451042175,-0.0204361192882061,0.5055961608886719,0.04436415433883667,-0.030011191964149475,0.5723116993904114,0.06204499304294586,-0.03562973067164421,0.548310399055481,0.011344291269779205,-0.05010896176099777,0.5259143114089966,-0.005517728626728058,-0.055691078305244446,0.5093206167221069,-0.012292325496673584,-0.05757386237382889,0.5559523105621338,0.08609984070062637,-0.0400976724922657,0.5260575413703918,0.031198155134916306,-0.05279430374503136,0.503675103187561,0.007943905889987946,-0.0545739084482193,0.489758163690567,-0.003308631479740143,-0.05517387390136719,0.5365872383117676,0.10849790275096893,-0.04287165775895119,0.5007715225219727,0.05837327986955643,-0.05134742707014084,0.4915885627269745,0.03968304023146629,-0.047759778797626495,0.4913538098335266,0.03156476467847824,-0.0443866141140461,0.5178660750389099,0.12682394683361053,-0.045123014599084854,0.49502718448638916,0.08397477865219116,-0.05065397173166275,0.49160242080688477,0.06317783892154694,-0.047315068542957306,0.49361440539360046,0.05069262161850929,-0.04398784786462784,Left,0.9991748929023743
6988,93,1,0.40350234508514404,0.09931887686252594,2.2930299792278674e-07,0.42362791299819946,0.05234665051102638,-0.0072948201559484005,0.4235100746154785,0.014967482537031174,-0.015656134113669395,0.42080771923065186,-0.008000124245882034,-0.02422022819519043,0.42308881878852844,-0.02255341410636902,-0.03167856112122536,0.3725908696651459,-0.012032780796289444,-0.0165871512144804,0.4107550382614136,-0.027447715401649475,-0.036434322595596313,0.43971896171569824,-0.02640829235315323,-0.05008254945278168,0.46190401911735535,-0.025588255375623703,-0.05817461758852005,0.3678881824016571,0.005745917558670044,-0.02176394686102867,0.41250917315483093,-0.014397948980331421,-0.0444050095975399,0.4449302554130554,-0.013454161584377289,-0.05385706201195717,0.4693426191806793,-0.013966608792543411,-0.0570344403386116,0.3748549222946167,0.027313604950904846,-0.02809014543890953,0.42035117745399475,0.00848383828997612,-0.05001193657517433,0.45150449872016907,0.002520352602005005,-0.054841917008161545,0.47438502311706543,-0.004424195736646652,-0.05387100577354431,0.3891996741294861,0.048714302480220795,-0.03479437530040741,0.42882704734802246,0.02956470660865307,-0.04998510330915451,0.45083382725715637,0.021220259368419647,-0.05251065269112587,0.46772706508636475,0.012041011825203896,-0.05132606253027916,Right,0.9981561303138733
7058,94,0,0.5696497559547424,0.14219987392425537,8.140487040009248e-08,0.5751460790634155,0.10144035518169403,-0.004229973070323467,0.558824360370636,0.05753134936094284,-0.015742862597107887,0.5270320773124695,0.0391019806265831,-0.02503511682152748,0.5011500120162964,0.031365763396024704,-0.0358150452375412,0.5810602307319641,0.056872956454753876,-0.0426766611635685,0.5556570291519165,0.004707701504230499,-0.058757979422807693,0.5318120121955872,-0.011219888925552368,-0.06455074995756149,0.5151069760322571,-0.016235806047916412,-0.06661082059144974,0.5692722797393799,0.08227428048849106,-0.04742486774921417,0.5400903820991516,0.022708415985107422,-0.06324294209480286,0.5110226273536682,0.005300827324390411,-0.06540174782276154,0.49164992570877075,0.0012559816241264343,-0.06578422337770462,0.5512078404426575,0.10629003494977951,-0.05022261291742325,0.5165501832962036,0.053268030285835266,-0.06168297678232193,0.49891161918640137,0.035841796547174454,-0.05836639925837517,0.4911237359046936,0.029750201851129532,-0.05489746481180191,0.5299394130706787,0.12743917107582092,-0.05215314403176308,0.5053510069847107,0.08158814907073975,-0.05991138517856598,0.4984497129917145,0.06068941205739975,-0.05670398101210594,0.4971809387207031,0.048316001892089844,-0.05346059799194336,Left,0.9958953261375427
7058,94,1,0.40159592032432556,0.0988665372133255,1.9451643140655506e-07,0.4219907224178314,0.0532485693693161,-0.007745152805000544,0.4263535737991333,0.014839725568890572,-0.016980959102511406,0.42747119069099426,-0.008579673245549202,-0.026646440848708153,0.4326772093772888,-0.026844017207622528,-0.03549415245652199,0.3754843473434448,-0.01573815569281578,-0.017749246209859848,0.4087408483028412,-0.03127063810825348,-0.038393307477235794,0.43892404437065125,-0.03256988152861595,-0.053518861532211304,0.46250593662261963,-0.03246527910232544,-0.06284818798303604,0.3681396245956421,0.001102237030863762,-0.023029804229736328,0.4097537696361542,-0.01626625284552574,-0.04498651996254921,0.4427903890609741,-0.01703130453824997,-0.055271215736866,0.4665881395339966,-0.017230801284313202,-0.05993678420782089,0.3720693588256836,0.023399706929922104,-0.029438981786370277,0.41701042652130127,0.007853144779801369,-0.05010228604078293,0.4470151364803314,0.0023562125861644745,-0.05419154837727547,0.4679816961288452,-0.0023103710263967514,-0.05369394272565842,0.38353511691093445,0.046826817095279694,-0.03645315393805504,0.42379459738731384,0.03131309896707535,-0.05068952217698097,0.4450114071369171,0.025460295379161835,-0.052423179149627686,0.46039676666259766,0.02043958567082882,-0.05113975331187248,Right,0.9984615445137024
7127,95,0,0.5730140805244446,0.1414000391960144,-4.600846637003997e-08,0.5781621932983398,0.09915760159492493,-0.0055846222676336765,0.565911591053009,0.05604548752307892,-0.019945865496993065,0.535760760307312,0.032592348754405975,-0.03210805356502533,0.5102384686470032,0.0212770476937294,-0.04581691697239876,0.5859891176223755,0.047070786356925964,-0.04875822365283966,0.5563643574714661,-0.002803899347782135,-0.0685591846704483,0.5260865092277527,-0.011231914162635803,-0.07597488164901733,0.5053077936172485,-0.006332598626613617,-0.07891669124364853,0.5772250294685364,0.07247953116893768,-0.054611071944236755,0.5451121926307678,0.014487836509943008,-0.07428497821092606,0.5129087567329407,0.0032428354024887085,-0.07759504020214081,0.4925641119480133,0.006260082125663757,-0.07890685647726059,0.5591787099838257,0.09817720949649811,-0.058742038905620575,0.5243398547172546,0.04459958150982857,-0.07470741868019104,0.500281572341919,0.02779892459511757,-0.07338778674602509,0.48760512471199036,0.024176467210054398,-0.07115902751684189,0.5366812348365784,0.12075023353099823,-0.06183147057890892,0.5111517906188965,0.07289598882198334,-0.07396535575389862,0.49923890829086304,0.04914066195487976,-0.07345668971538544,0.4934218227863312,0.03533202409744263,-0.07197950780391693,Left,0.9674350023269653
7127,95,1,0.40075668692588806,0.10060925036668777,1.9787387373071397e-07,0.42018839716911316,0.05430286377668381,-0.005296747665852308,0.4224918782711029,0.016256216913461685,-0.012831147760152817,0.4211856424808502,-0.007906880229711533,-0.02134908176958561,0.4255690574645996,-0.02537679299712181,-0.029137587174773216,0.3741605281829834,-0.012768782675266266,-0.014600859954953194,0.40404367446899414,-0.03014279529452324,-0.03401920571923256,0.43234923481941223,-0.03138171508908272,-0.04756217822432518,0.45472338795661926,-0.030381441116333008,-0.05582866072654724,0.36642980575561523,0.0021954961121082306,-0.020412152633070946,0.4058316946029663,-0.016449011862277985,-0.04134700819849968,0.43792036175727844,-0.015127826482057571,-0.05038972198963165,0.4609149396419525,-0.012408483773469925,-0.05397238954901695,0.3703187108039856,0.023128241300582886,-0.02729923091828823,0.4140607416629791,0.008857707493007183,-0.048215512186288834,0.44424277544021606,0.006694190204143524,-0.05237368866801262,0.4652880132198334,0.0046806009486317635,-0.05151387304067612,0.38144451379776,0.04580392688512802,-0.03445013612508774,0.42279064655303955,0.0336022786796093,-0.04954259842634201,0.44516557455062866,0.02916507050395012,-0.05211581662297249,0.46122321486473083,0.025240600109100342,-0.05110442265868187,Right,0.9975100159645081
7196,96,0,0.5744152665138245,0.144232377409935,-1.1224065588066878e-07,0.5777376890182495,0.09968537092208862,-0.003462572582066059,0.5665313601493835,0.05487613007426262,-0.01755424216389656,0.5396332740783691,0.02821948565542698,-0.03001595474779606,0.5155470967292786,0.01471751183271408,-0.04387848079204559,0.5871953964233398,0.046987518668174744,-0.04833201691508293,0.5554746389389038,-0.005010288208723068,-0.06968555599451065,0.5238812565803528,-0.012335088104009628,-0.07775524258613586,0.5033725500106812,-0.006009455770254135,-0.08068536221981049,0.5801867842674255,0.07338187098503113,-0.055427711457014084,0.5465498566627502,0.013256944715976715,-0.0778229683637619,0.512395441532135,0.003160852938890457,-0.08132409304380417,0.4920026659965515,0.006848026067018509,-0.08205080777406693,0.5631064772605896,0.09857812523841858,-0.06070350110530853,0.5265949964523315,0.045215245336294174,-0.07856900244951248,0.49993062019348145,0.03193587064743042,-0.07688159495592117,0.4866204559803009,0.030920229852199554,-0.07358553260564804,0.5417625308036804,0.12002545595169067,-0.06478817760944366,0.5128100514411926,0.07188749313354492,-0.07651163637638092,0.497785359621048,0.05190180614590645,-0.07494211941957474,0.48973628878593445,0.04164350405335426,-0.0725032240152359,Left,0.9867783188819885
7196,96,1,0.4027111232280731,0.0998842865228653,2.1812222428252426e-07,0.42181989550590515,0.054331835359334946,-0.006973687559366226,0.425381064414978,0.01689988374710083,-0.015180986374616623,0.4244106113910675,-0.006916360929608345,-0.024036699905991554,0.4275725781917572,-0.026610171422362328,-0.03199116513133049,0.3737601935863495,-0.011564111337065697,-0.015790598466992378,0.4016936421394348,-0.03145836293697357,-0.03590833395719528,0.42885103821754456,-0.03387753665447235,-0.04936480149626732,0.450006902217865,-0.033847518265247345,-0.05717727914452553,0.36558812856674194,0.0034225769340991974,-0.021005352959036827,0.4030678868293762,-0.018671361729502678,-0.04272713139653206,0.434858500957489,-0.017045678570866585,-0.051961373537778854,0.4570547938346863,-0.014415984973311424,-0.05517684295773506,0.3692651093006134,0.024301735684275627,-0.027420638129115105,0.41352590918540955,0.008907991461455822,-0.049918293952941895,0.44449225068092346,0.008717278018593788,-0.054049596190452576,0.4655354619026184,0.008028042502701283,-0.052349429577589035,0.3803737461566925,0.046676699072122574,-0.034093886613845825,0.42111873626708984,0.03349900245666504,-0.049991361796855927,0.44328048825263977,0.030899275094270706,-0.0521080419421196,0.4587712585926056,0.028456009924411774,-0.05026842653751373,Right,0.9977334141731262
7263,97,0,0.5747969150543213,0.14612576365470886,-1.347393805417596e-07,0.5718637704849243,0.10151338577270508,-0.003783329389989376,0.5615502595901489,0.05995902791619301,-0.017900973558425903,0.537645161151886,0.03587142750620842,-0.031262435019016266,0.5148468017578125,0.022351376712322235,-0.04637246951460838,0.5885191559791565,0.04316273704171181,-0.04237336292862892,0.5575463175773621,-0.004819910973310471,-0.06386727094650269,0.5270896553993225,-0.008326634764671326,-0.07496322691440582,0.5075246095657349,-0.0017038621008396149,-0.08073429763317108,0.5851572751998901,0.07022638618946075,-0.04998314380645752,0.5518906116485596,0.01589786633849144,-0.07197485119104385,0.5170524716377258,0.008385587483644485,-0.07888280600309372,0.4953300952911377,0.010825518518686295,-0.08284705877304077,0.5703669786453247,0.09737013280391693,-0.05618654564023018,0.533685028553009,0.04828912019729614,-0.07465241104364395,0.5044529438018799,0.036958880722522736,-0.07576334476470947,0.48845821619033813,0.03510606288909912,-0.07494843751192093,0.5494427680969238,0.12030653655529022,-0.06130858138203621,0.5204336643218994,0.07725556194782257,-0.07401006668806076,0.5039588809013367,0.061595551669597626,-0.073625847697258,0.4946731626987457,0.053614865988492966,-0.07231206446886063,Left,0.9933419227600098
7263,97,1,0.4012414515018463,0.10066860914230347,2.1179323539399775e-07,0.4229755103588104,0.05318615585565567,-0.007744214031845331,0.42765963077545166,0.015209119766950607,-0.016790568828582764,0.42763516306877136,-0.00830208882689476,-0.026499450206756592,0.4312068223953247,-0.028037194162607193,-0.035592254251241684,0.37396565079689026,-0.01605258882045746,-0.017802869901061058,0.40067562460899353,-0.03595619276165962,-0.03926406428217888,0.4271867275238037,-0.039995227009058,-0.053862009197473526,0.44872429966926575,-0.041189465671777725,-0.06248391792178154,0.3649965822696686,-0.0005338471382856369,-0.0233295988291502,0.4022985100746155,-0.021694380789995193,-0.047033149749040604,0.4352778494358063,-0.019588395953178406,-0.057476706802845,0.45943307876586914,-0.016276173293590546,-0.061218392103910446,0.3686387836933136,0.021446989849209785,-0.030055847018957138,0.41447770595550537,0.007364439778029919,-0.055097367614507675,0.4471176266670227,0.008150061592459679,-0.060471322387456894,0.4698132872581482,0.008464380167424679,-0.05908404290676117,0.3802397847175598,0.04559120535850525,-0.03697580471634865,0.4226703643798828,0.03260904550552368,-0.055581774562597275,0.44680100679397583,0.029524022713303566,-0.05893942713737488,0.46431073546409607,0.026496849954128265,-0.057492244988679886,Right,0.9983861446380615
7329,98,0,0.5768527984619141,0.1513020247220993,-1.7914575778377184e-07,0.5716549754142761,0.10546599328517914,-0.002964537590742111,0.5630505681037903,0.06296472251415253,-0.01597769744694233,0.5420193076133728,0.03664766997098923,-0.028583385050296783,0.5204240083694458,0.022565338760614395,-0.04297896474599838,0.5901117920875549,0.045822300016880035,-0.04031968116760254,0.559907853603363,-0.00036994367837905884,-0.062275227159261703,0.5286651849746704,-0.002237178385257721,-0.07335104793310165,0.5091519951820374,0.006231591105461121,-0.0789865255355835,0.5871120095252991,0.07250353693962097,-0.04855481907725334,0.5520450472831726,0.015919670462608337,-0.0709836408495903,0.5169514417648315,0.01184108853340149,-0.0773744285106659,0.49701836705207825,0.01844552531838417,-0.08070510625839233,0.5726772546768188,0.10034015774726868,-0.05560264736413956,0.5362759828567505,0.049378879368305206,-0.07514151930809021,0.5066670179367065,0.040251657366752625,-0.07608367502689362,0.49144649505615234,0.04207787662744522,-0.07460089027881622,0.5518696308135986,0.12403300404548645,-0.061554163694381714,0.5244900584220886,0.07835723459720612,-0.07529138028621674,0.5070972442626953,0.06296490132808685,-0.0753127858042717,0.4968342185020447,0.057208351790905,-0.07394277304410934,Left,0.9952457547187805
7329,98,1,0.40151336789131165,0.10229651629924774,2.1770260616449377e-07,0.4217759966850281,0.052465349435806274,-0.005664771888405085,0.4248526394367218,0.014435107819736004,-0.013812999241054058,0.4226340651512146,-0.008931692689657211,-0.02295815385878086,0.42563512921333313,-0.028878875076770782,-0.03169888257980347,0.3726453185081482,-0.013625778257846832,-0.016665669158101082,0.39575740694999695,-0.036258626729249954,-0.0365634486079216,0.42007142305374146,-0.04384786635637283,-0.0499984435737133,0.4409053921699524,-0.04758063331246376,-0.05786390230059624,0.3653189539909363,0.003000243566930294,-0.022942135110497475,0.398543119430542,-0.022793427109718323,-0.04485528543591499,0.4290204346179962,-0.02241448685526848,-0.05437016114592552,0.45177632570266724,-0.018869858235120773,-0.057580284774303436,0.3697238564491272,0.025881201028823853,-0.03003551810979843,0.41364961862564087,0.010508972220122814,-0.05312803015112877,0.44511735439300537,0.011651642620563507,-0.05733015015721321,0.4666018486022949,0.013231451623141766,-0.05520030856132507,0.38175633549690247,0.050313401967287064,-0.03722492232918739,0.4207099974155426,0.03615209460258484,-0.0525817796587944,0.44205421209335327,0.03342524915933609,-0.053953129798173904,0.4566335082054138,0.03181590139865875,-0.05157794430851936,Right,0.9983116388320923
7395,99,0,0.5791025757789612,0.15255600214004517,-1.6892524001832498e-07,0.5731359720230103,0.10591739416122437,-0.0030573278199881315,0.5633744597434998,0.06341588497161865,-0.017265958711504936,0.5412359237670898,0.03798804432153702,-0.03075064904987812,0.5191166400909424,0.024275094270706177,-0.04592398181557655,0.5912008881568909,0.04738558828830719,-0.04571060836315155,0.5593377947807312,0.0007683038711547852,-0.06863128393888474,0.5270978808403015,-0.0017020180821418762,-0.07900013029575348,0.5068345665931702,0.0065866149961948395,-0.08400069922208786,0.587377667427063,0.07512150704860687,-0.05433017015457153,0.5529466271400452,0.016471441835165024,-0.07853566855192184,0.5176220536231995,0.012255750596523285,-0.08388250321149826,0.4980631470680237,0.019929680973291397,-0.08607374876737595,0.5727525353431702,0.10343965142965317,-0.06150716543197632,0.536247193813324,0.05123598501086235,-0.08206278830766678,0.506759762763977,0.040834616869688034,-0.08214940875768661,0.4923241436481476,0.04206545650959015,-0.07991976290941238,0.5525560975074768,0.12762252986431122,-0.06752341985702515,0.5243993997573853,0.07992678880691528,-0.08191296458244324,0.506050705909729,0.06280259042978287,-0.08188385516405106,0.4952285885810852,0.055702704936265945,-0.08044116199016571,Left,0.9920814037322998
7395,99,1,0.39662066102027893,0.11197946965694427,1.324794993706746e-07,0.41921350359916687,0.059764694422483444,-0.007114806678146124,0.42305123805999756,0.020537272095680237,-0.01688893511891365,0.42263877391815186,-0.0028280578553676605,-0.027425354346632957,0.4284821152687073,-0.021644089370965958,-0.037070371210575104,0.3682493269443512,-0.010127311572432518,-0.018286453559994698,0.4063321352005005,-0.03094572201371193,-0.040817610919475555,0.43919670581817627,-0.027138791978359222,-0.05609628185629845,0.4626849293708801,-0.022260483354330063,-0.06459002196788788,0.36357536911964417,0.007019779644906521,-0.02452845685184002,0.4103940725326538,-0.016282863914966583,-0.0487397275865078,0.44481974840164185,-0.00956319086253643,-0.05882665514945984,0.46903663873672485,-0.002381095662713051,-0.06197405979037285,0.36991605162620544,0.029865745455026627,-0.03192787617444992,0.41957929730415344,0.012201013043522835,-0.05531783029437065,0.4513716697692871,0.013831235468387604,-0.059565719217061996,0.47298115491867065,0.015414329245686531,-0.05752098560333252,0.3835601210594177,0.05358545109629631,-0.0396549366414547,0.42458686232566833,0.03696705400943756,-0.054456498473882675,0.44597870111465454,0.032316938042640686,-0.055605705827474594,0.46130266785621643,0.028422079980373383,-0.05316796526312828,Right,0.995377242565155
7459,100,0,0.5784167647361755,0.15365178883075714,-1.8881013374993927e-07,0.5736846327781677,0.10796327888965607,-0.004261726979166269,0.5636088252067566,0.06707924604415894,-0.018648479133844376,0.5417645573616028,0.0420914925634861,-0.031868912279605865,0.5210727453231812,0.02772624045610428,-0.04639134183526039,0.5922870635986328,0.05156015232205391,-0.04778578132390976,0.5619317293167114,0.00026114657521247864,-0.07047274708747864,0.5296555161476135,-0.0021391212940216064,-0.0800970047712326,0.5079965591430664,0.005800254642963409,-0.08460267633199692,0.5883020162582397,0.07782664149999619,-0.05539357662200928,0.5550253391265869,0.02023937553167343,-0.07958271354436874,0.5192055702209473,0.018182817846536636,-0.08444354683160782,0.4990587532520294,0.02612072229385376,-0.08637743443250656,0.5735399723052979,0.1044459193944931,-0.061743512749671936,0.5383837819099426,0.052613742649555206,-0.08191616833209991,0.5095750689506531,0.04233454912900925,-0.08271213620901108,0.4954257607460022,0.04283147305250168,-0.08146542310714722,0.5534542202949524,0.12691976130008698,-0.06703868508338928,0.5257925987243652,0.08062902837991714,-0.08250932395458221,0.5065246820449829,0.06152990087866783,-0.0845082551240921,0.494849294424057,0.05173816159367561,-0.08468710631132126,Left,0.9798105359077454
7459,100,1,0.40186649560928345,0.11173979938030243,2.4076393856375944e-07,0.4247470200061798,0.05808226019144058,-0.009375013411045074,0.4264761209487915,0.015778936445713043,-0.01874437741935253,0.4239636957645416,-0.010412197560071945,-0.028262678533792496,0.42813196778297424,-0.032066311687231064,-0.036683548241853714,0.3692341148853302,-0.013089939951896667,-0.019537076354026794,0.4030388593673706,-0.031577080488204956,-0.04148383066058159,0.4336336851119995,-0.033714909106492996,-0.055901795625686646,0.45700377225875854,-0.03397888317704201,-0.06420472264289856,0.36284059286117554,0.005672752857208252,-0.024304185062646866,0.40780648589134216,-0.012402098625898361,-0.04922306910157204,0.44382429122924805,-0.00957329198718071,-0.05981339141726494,0.4687387943267822,-0.007786501199007034,-0.06355427205562592,0.3691374361515045,0.030290838330984116,-0.030323782935738564,0.4186474680900574,0.016991406679153442,-0.055607255548238754,0.452735036611557,0.01627744548022747,-0.06059056147933006,0.4760233759880066,0.014494423754513264,-0.05886687710881233,0.3828611373901367,0.055687904357910156,-0.036771006882190704,0.42547982931137085,0.04112008586525917,-0.054156556725502014,0.44844552874565125,0.03667618706822395,-0.056624285876750946,0.4647502303123474,0.031606487929821014,-0.054730892181396484,Right,0.9977983236312866
7522,101,0,0.5820420384407043,0.1531733274459839,-1.6524228385605966e-07,0.5790887475013733,0.10665718466043472,-0.0056563690304756165,0.5666646361351013,0.06583734601736069,-0.021901221945881844,0.5411124229431152,0.04319541156291962,-0.03635507449507713,0.5177248120307922,0.032424196600914,-0.0521346852183342,0.5941274166107178,0.05254751071333885,-0.05421851575374603,0.5610449910163879,0.000669386237859726,-0.07680041342973709,0.5277276039123535,-0.002225864678621292,-0.08498711884021759,0.5071274638175964,0.00525253638625145,-0.08866053819656372,0.5895668268203735,0.08228493481874466,-0.061531152576208115,0.5554502606391907,0.025093931704759598,-0.08675426244735718,0.5183289051055908,0.020323030650615692,-0.09096266329288483,0.4979819059371948,0.026306841522455215,-0.09256785362958908,0.5741885900497437,0.11049918085336685,-0.06712900847196579,0.5384055972099304,0.05885074660181999,-0.0874691978096962,0.5095532536506653,0.04572788625955582,-0.08688048273324966,0.4958844780921936,0.04479387775063515,-0.08480814099311829,0.5540383458137512,0.1338144689798355,-0.0717029869556427,0.5264670848846436,0.0863296389579773,-0.08659160882234573,0.5092430114746094,0.06669925153255463,-0.08701219409704208,0.4992518424987793,0.057119790464639664,-0.08618934452533722,Left,0.983291745185852
7522,101,1,0.40168944001197815,0.1174480989575386,1.9132829720547306e-07,0.42836683988571167,0.06275034695863724,-0.007747564930468798,0.4326978027820587,0.020244313403964043,-0.01713588833808899,0.43365412950515747,-0.006201455369591713,-0.027382951229810715,0.43992090225219727,-0.02805802971124649,-0.0364815853536129,0.37128201127052307,-0.012262854725122452,-0.01660800538957119,0.4081043601036072,-0.03431474417448044,-0.039115361869335175,0.4397662878036499,-0.034536249935626984,-0.05421207845211029,0.4618763327598572,-0.031756989657878876,-0.06258475035429001,0.3653048872947693,0.0062996819615364075,-0.02271769940853119,0.4111989140510559,-0.01665259525179863,-0.047784071415662766,0.44681304693222046,-0.012954071164131165,-0.05896158143877983,0.4707256853580475,-0.008454475551843643,-0.06273311376571655,0.3715842664241791,0.03051885776221752,-0.03012922592461109,0.4214552342891693,0.01375394593924284,-0.05543592944741249,0.45585447549819946,0.01469525694847107,-0.06101137772202492,0.47842997312545776,0.016272716224193573,-0.05928373709321022,0.3854084014892578,0.05585579574108124,-0.037834033370018005,0.4293912649154663,0.03936345875263214,-0.05507518723607063,0.45456159114837646,0.035505861043930054,-0.057700470089912415,0.47221943736076355,0.03247079998254776,-0.055591411888599396,Right,0.9983881711959839
7584,102,0,0.5811417102813721,0.1530178189277649,-1.4752922083971498e-07,0.5728334188461304,0.1090535819530487,-0.010648149065673351,0.5596473217010498,0.069795161485672,-0.027305182069540024,0.537445604801178,0.04431787133216858,-0.04119042307138443,0.5178754925727844,0.02978360280394554,-0.055852070450782776,0.5931265354156494,0.05409952253103256,-0.05297408625483513,0.5625653862953186,0.0012845546007156372,-0.07733920961618423,0.5287396907806396,-0.00647919625043869,-0.08881117403507233,0.5051057934761047,-0.0038981735706329346,-0.09432117640972137,0.590419590473175,0.0800524652004242,-0.056931592524051666,0.5573262572288513,0.028724893927574158,-0.0821058377623558,0.5200289487838745,0.021970540285110474,-0.08774666488170624,0.4981868267059326,0.024439126253128052,-0.09048009663820267,0.5758832693099976,0.10555814206600189,-0.0600714385509491,0.5402479767799377,0.05908070132136345,-0.08075825124979019,0.5115863084793091,0.046769484877586365,-0.08162666112184525,0.4966764450073242,0.04480753466486931,-0.08046504110097885,0.5557525157928467,0.1274891495704651,-0.06273758411407471,0.5272845029830933,0.08670516312122345,-0.07822953909635544,0.5095192193984985,0.06893028318881989,-0.07983074337244034,0.4982597827911377,0.05820663645863533,-0.07962192595005035,Left,0.9231148958206177
7584,102,1,0.40242037177085876,0.12138251215219498,2.1061633503904886e-07,0.4275130331516266,0.06558857858181,-0.007517572492361069,0.42980995774269104,0.021242111921310425,-0.016069279983639717,0.4295910894870758,-0.007367294281721115,-0.025388021022081375,0.43608272075653076,-0.030552033334970474,-0.03357430174946785,0.37142273783683777,-0.009649232029914856,-0.016169214621186256,0.40949058532714844,-0.03256150335073471,-0.03810521960258484,0.44091492891311646,-0.03259255364537239,-0.05263744294643402,0.46297523379325867,-0.03056911751627922,-0.06070496514439583,0.3652273714542389,0.009404299780726433,-0.021715838462114334,0.412377268075943,-0.013715572655200958,-0.046006593853235245,0.44750091433525085,-0.010230008512735367,-0.05631297826766968,0.4714397192001343,-0.006439913064241409,-0.05967629700899124,0.37096625566482544,0.034079600125551224,-0.028617313131690025,0.42089423537254333,0.01697983220219612,-0.05302850157022476,0.4545604884624481,0.01693231612443924,-0.05841397866606712,0.47725844383239746,0.017146773636341095,-0.05683379992842674,0.3839961290359497,0.0591927096247673,-0.035853803157806396,0.42728203535079956,0.04324736446142197,-0.05221039056777954,0.45194244384765625,0.039355676621198654,-0.054991740733385086,0.46963268518447876,0.035698603838682175,-0.053271837532520294,Right,0.997927188873291
7645,103,0,0.5742053985595703,0.15002597868442535,-2.560147436270199e-07,0.5576719045639038,0.10322842001914978,-0.0042418260127305984,0.5505198240280151,0.06044793874025345,-0.014520714059472084,0.5407328605651855,0.03294108808040619,-0.024246821179986,0.5294234752655029,0.015475310385227203,-0.03501758724451065,0.5935295820236206,0.03765618056058884,-0.03297541290521622,0.562587320804596,-0.0010965801775455475,-0.05317078158259392,0.531025767326355,-0.0011533461511135101,-0.06450781226158142,0.5111252069473267,0.006764575839042664,-0.07022024691104889,0.5953837037086487,0.06323306262493134,-0.039351701736450195,0.55885249376297,0.019348446279764175,-0.058183249086141586,0.5235207080841064,0.01945415884256363,-0.0628901943564415,0.5033283233642578,0.029024571180343628,-0.06526120752096176,0.5851457715034485,0.09093217551708221,-0.04545840993523598,0.5455326437950134,0.05248856544494629,-0.0623442642390728,0.5149456262588501,0.04615654796361923,-0.06303507089614868,0.4989124536514282,0.04958058148622513,-0.06180732324719429,0.5676407217979431,0.11638100445270538,-0.05098474398255348,0.5342051386833191,0.08248129487037659,-0.0634823590517044,0.512636125087738,0.06959312409162521,-0.06391027569770813,0.499512642621994,0.06376650929450989,-0.06278665363788605,Left,0.9820027351379395
7645,103,1,0.39544516801834106,0.12594729661941528,1.7180353495405143e-07,0.41441214084625244,0.07256229221820831,-0.004390012007206678,0.41871950030326843,0.028911326080560684,-0.01416695211082697,0.4241005778312683,-0.00022376887500286102,-0.024923261255025864,0.43602266907691956,-0.020411361008882523,-0.03566625341773033,0.37026238441467285,0.0010339058935642242,-0.023381678387522697,0.4131748080253601,-0.0239826962351799,-0.04391518235206604,0.4449366331100464,-0.0242474228143692,-0.05734147131443024,0.4679163992404938,-0.021849215030670166,-0.06518661230802536,0.37007051706314087,0.022819597274065018,-0.03061436302959919,0.4183826148509979,-0.001519426703453064,-0.051390986889600754,0.4507259130477905,-0.0029950030148029327,-0.0595913827419281,0.4738003611564636,-0.00039426423609256744,-0.06364083290100098,0.37889277935028076,0.049561530351638794,-0.038181986659765244,0.42457881569862366,0.027547210454940796,-0.057706400752067566,0.45441824197769165,0.02273602783679962,-0.061060886830091476,0.4756391644477844,0.023281730711460114,-0.060363952070474625,0.39309000968933105,0.07433000206947327,-0.04584125056862831,0.4274674654006958,0.05327063798904419,-0.05827242136001587,0.4463866651058197,0.0449155829846859,-0.0594731904566288,0.46089860796928406,0.04031699523329735,-0.058365046977996826,Right,0.9977326393127441
7705,104,0,0.5766153931617737,0.1602177768945694,-2.7197978624826646e-07,0.5443161725997925,0.11025276780128479,-0.006582657806575298,0.5412550568580627,0.06713712960481644,-0.015865853056311607,0.5411032438278198,0.038757164031267166,-0.02476600371301174,0.5369069576263428,0.016967102885246277,-0.034781314432621,0.5950453877449036,0.04170072823762894,-0.031472694128751755,0.5641226172447205,0.0039026886224746704,-0.052252147346735,0.5334937572479248,0.005429282784461975,-0.06389149278402328,0.5139078497886658,0.014549117535352707,-0.06976728141307831,0.5972496867179871,0.06495020538568497,-0.03715473785996437,0.5624524354934692,0.01676672324538231,-0.05835731700062752,0.5283557772636414,0.020583465695381165,-0.0653216689825058,0.50910484790802,0.033569592982530594,-0.06844157725572586,0.5880090594291687,0.0912775918841362,-0.042963381856679916,0.5487259030342102,0.05075988173484802,-0.06292549520730972,0.517372190952301,0.05146929621696472,-0.06627760827541351,0.5010327696800232,0.06017814949154854,-0.06589385867118835,0.5699738264083862,0.11582121253013611,-0.04841078072786331,0.540324330329895,0.08065585047006607,-0.06250093132257462,0.5208641290664673,0.07314111292362213,-0.06495259702205658,0.510075032711029,0.07300029695034027,-0.06502136588096619,Left,0.9965964555740356
7705,104,1,0.3911501467227936,0.1263502538204193,2.9255269851091725e-07,0.39761778712272644,0.0753883570432663,-0.008906341157853603,0.401951402425766,0.0328274741768837,-0.02203555777668953,0.41385355591773987,0.00730816088616848,-0.03479313105344772,0.43152526021003723,-0.007879622280597687,-0.047252073884010315,0.3631255030632019,0.01047087088227272,-0.03374723345041275,0.4058277904987335,-0.006240908056497574,-0.05617179721593857,0.4362534284591675,-0.008162949234247208,-0.06994026154279709,0.45807573199272156,-0.00900595635175705,-0.07814458012580872,0.3653193414211273,0.03866756334900856,-0.03949720039963722,0.41236644983291626,0.019669922068715096,-0.06255842000246048,0.4456068277359009,0.014067711308598518,-0.07019301503896713,0.4706946015357971,0.010322647169232368,-0.07405482977628708,0.37576889991760254,0.0676955133676529,-0.04559069499373436,0.4210885465145111,0.04883986711502075,-0.06598375737667084,0.4500696063041687,0.03818750008940697,-0.06842721253633499,0.47127285599708557,0.02927289344370365,-0.06731695681810379,0.39146342873573303,0.09230922162532806,-0.05230122432112694,0.4272315502166748,0.07113756239414215,-0.06513772159814835,0.446230411529541,0.056623272597789764,-0.06618647277355194,0.46081745624542236,0.042666397988796234,-0.06519056856632233,Right,0.9975506663322449
7764,105,0,0.5785906314849854,0.159675732254982,-2.4179624347198114e-07,0.5501294732093811,0.10551391541957855,-0.006576222367584705,0.5452656745910645,0.05908742919564247,-0.01799677312374115,0.5397109389305115,0.028618715703487396,-0.028789684176445007,0.5306358337402344,0.005481913685798645,-0.040935907512903214,0.5970648527145386,0.04056934267282486,-0.038074880838394165,0.5631429553031921,0.0019000396132469177,-0.06049296632409096,0.5320725440979004,-0.003228813409805298,-0.07202159613370895,0.5125370621681213,-0.001603536307811737,-0.07792842388153076,0.597996175289154,0.06933993846178055,-0.04468441754579544,0.5633763670921326,0.02323775365948677,-0.06891539692878723,0.5294304490089417,0.025655202567577362,-0.07519117742776871,0.5113092064857483,0.03640936315059662,-0.07763313502073288,0.5879548788070679,0.10031017661094666,-0.051051829010248184,0.5516846776008606,0.059402767568826675,-0.07339250296354294,0.520156741142273,0.05620487779378891,-0.07572615146636963,0.5039290189743042,0.061469417065382004,-0.07439567148685455,0.570909321308136,0.12779685854911804,-0.056838009506464005,0.5433322191238403,0.09064137935638428,-0.07334340363740921,0.5228376984596252,0.07730872929096222,-0.07614848017692566,0.5106861591339111,0.071787029504776,-0.07624802738428116,Left,0.9952099323272705
7764,105,1,0.3928747773170471,0.12707293033599854,3.1083001772458374e-07,0.4066547453403473,0.0781678631901741,-0.010434933006763458,0.4116562306880951,0.03897527605295181,-0.0241619311273098,0.4201028048992157,0.017539989203214645,-0.0373237207531929,0.43513423204421997,0.0024135708808898926,-0.0501648411154747,0.3660547733306885,0.010983437299728394,-0.03124419040977955,0.40478503704071045,-0.005228642374277115,-0.0531965047121048,0.4328821003437042,-0.009453289210796356,-0.06745412945747375,0.45279714465141296,-0.011566083878278732,-0.07635887712240219,0.36645594239234924,0.03827553242444992,-0.036716584116220474,0.41258537769317627,0.019008751958608627,-0.06128222495317459,0.4488057792186737,0.015316898003220558,-0.07102516293525696,0.4754248857498169,0.012759555131196976,-0.07538258284330368,0.3761745095252991,0.06808021664619446,-0.042642753571271896,0.42347782850265503,0.05112120881676674,-0.06488537043333054,0.4554603695869446,0.04064584895968437,-0.06843014061450958,0.4779605269432068,0.03229520469903946,-0.06719070672988892,0.39200839400291443,0.09467393904924393,-0.049163270741701126,0.4294240176677704,0.07410457730293274,-0.06288688629865646,0.45004400610923767,0.05919996649026871,-0.06380809098482132,0.46479272842407227,0.04553278908133507,-0.06237461790442467,Right,0.9992549419403076
7822,106,0,0.5815610885620117,0.15958037972450256,-2.4935590658969886e-07,0.5552014708518982,0.1060631275177002,-0.005579488351941109,0.5497748851776123,0.060898974537849426,-0.016987791284918785,0.543920636177063,0.03152924031019211,-0.02795621007680893,0.5342716574668884,0.010115139186382294,-0.040429357439279556,0.5978890061378479,0.04047267884016037,-0.037761520594358444,0.5643327832221985,0.0019439756870269775,-0.06042775884270668,0.5326551198959351,-0.0023179352283477783,-0.07236050069332123,0.5125463008880615,0.000296957790851593,-0.07851562649011612,0.5984176397323608,0.06880765408277512,-0.04497717693448067,0.5635350346565247,0.021876811981201172,-0.06908636540174484,0.5293099880218506,0.024548742920160294,-0.07563455402851105,0.511014461517334,0.03523539751768112,-0.07843979448080063,0.5883519053459167,0.0990193635225296,-0.051829420030117035,0.5524418950080872,0.05788321793079376,-0.07374667376279831,0.5206449627876282,0.0559522919356823,-0.07580292969942093,0.5045953989028931,0.06222017854452133,-0.07450755685567856,0.5712013244628906,0.1258907914161682,-0.05806584656238556,0.5433654189109802,0.08873150497674942,-0.07401839643716812,0.5221958756446838,0.07700280845165253,-0.07632134854793549,0.5095691084861755,0.0729186087846756,-0.07621941715478897,Left,0.9948204755783081
7822,106,1,0.39125770330429077,0.12982958555221558,3.0851705901113746e-07,0.40266841650009155,0.08187663555145264,-0.009166480042040348,0.40735939145088196,0.04227862134575844,-0.022049076855182648,0.41631975769996643,0.020951388403773308,-0.034402996301651,0.43224310874938965,0.00792768970131874,-0.04653467237949371,0.3659721612930298,0.012511182576417923,-0.029500287026166916,0.4032193720340729,-0.0050528645515441895,-0.04903661459684372,0.42873483896255493,-0.010732930153608322,-0.06152195855975151,0.44611239433288574,-0.014486502856016159,-0.0695471316576004,0.36767229437828064,0.0385458804666996,-0.034909676760435104,0.41476932168006897,0.019019069150090218,-0.05683651939034462,0.45015740394592285,0.01549401506781578,-0.06487825512886047,0.47589993476867676,0.01330442726612091,-0.06843908131122589,0.37825217843055725,0.06772750616073608,-0.04057876765727997,0.42766618728637695,0.050000689923763275,-0.060380030423402786,0.45829856395721436,0.0399649478495121,-0.06263124942779541,0.479503870010376,0.03192083537578583,-0.06094915419816971,0.3950243890285492,0.09411412477493286,-0.046820465475320816,0.43411126732826233,0.07275598496198654,-0.058465518057346344,0.45388466119766235,0.05834363028407097,-0.05822772532701492,0.4674941599369049,0.045090969651937485,-0.05626670643687248,Right,0.9991626143455505
7879,107,0,0.582674503326416,0.15657928586006165,-2.2669135546493635e-07,0.5572311878204346,0.10215726494789124,-0.005276530981063843,0.5493183135986328,0.05873316898941994,-0.01818116568028927,0.5376644134521484,0.03319093585014343,-0.030825288966298103,0.5239072442054749,0.01433103159070015,-0.04493512213230133,0.5983734130859375,0.03749411553144455,-0.040197450667619705,0.5635596513748169,-0.0028877928853034973,-0.0636788010597229,0.5317133665084839,-0.007705084979534149,-0.07529845833778381,0.5115599632263184,-0.005101315677165985,-0.08092310279607773,0.5993056297302246,0.06689591705799103,-0.04819684475660324,0.5620747208595276,0.021006878465414047,-0.07338336855173111,0.5273063778877258,0.02464914321899414,-0.0792246088385582,0.5096871852874756,0.03720889985561371,-0.08108988404273987,0.5891751646995544,0.09788545221090317,-0.055672645568847656,0.5482235550880432,0.05751371756196022,-0.07779169082641602,0.5183901786804199,0.05791076645255089,-0.07781632989645004,0.5053682327270508,0.06689312309026718,-0.07477006316184998,0.5719553828239441,0.1256759613752365,-0.06255287677049637,0.540657639503479,0.08713200688362122,-0.07809402793645859,0.5225183963775635,0.0772913470864296,-0.07827270030975342,0.514180600643158,0.07667616009712219,-0.07631949335336685,Left,0.9919214844703674
7879,107,1,0.3941577672958374,0.1298261284828186,3.417393656945933e-07,0.4044378101825714,0.08151635527610779,-0.012399371713399887,0.41011637449264526,0.03907293081283569,-0.026260221377015114,0.4226498007774353,0.014539211988449097,-0.03897717222571373,0.44173291325569153,0.0012399516999721527,-0.050955213606357574,0.36569151282310486,0.011254973709583282,-0.032135479152202606,0.4115147292613983,-0.005726870149374008,-0.05429834499955177,0.44358640909194946,-0.006811261177062988,-0.06838329881429672,0.46597549319267273,-0.006995677947998047,-0.07674368470907211,0.3670532703399658,0.038881514221429825,-0.03608628362417221,0.4182088077068329,0.019645847380161285,-0.05904112756252289,0.45370402932167053,0.0157332643866539,-0.06737388670444489,0.47956332564353943,0.012814145535230637,-0.07128307223320007,0.3774145841598511,0.06873726099729538,-0.040836166590452194,0.4292132258415222,0.04988420754671097,-0.06092829257249832,0.4597555100917816,0.03962410241365433,-0.06354844570159912,0.4812058210372925,0.03176633268594742,-0.06218026950955391,0.3938765227794647,0.09510204941034317,-0.0465502105653286,0.43508535623550415,0.0721825435757637,-0.05800929293036461,0.45479196310043335,0.05727178603410721,-0.05823550745844841,0.4686739146709442,0.044054001569747925,-0.056609153747558594,Right,0.9976053833961487
7937,108,0,0.581089973449707,0.15932700037956238,-2.2714046110650088e-07,0.5531518459320068,0.10648883879184723,-0.007078808732330799,0.5455714464187622,0.062294356524944305,-0.020356252789497375,0.5348960161209106,0.03642619028687477,-0.03311481326818466,0.5223171710968018,0.016606807708740234,-0.04713614657521248,0.5991683602333069,0.03955662250518799,-0.039961278438568115,0.5641466975212097,0.0004638880491256714,-0.0634501576423645,0.5322004556655884,-0.0037122592329978943,-0.07551755011081696,0.5127535462379456,-0.000897679477930069,-0.0817873552441597,0.6003375053405762,0.06899446994066238,-0.04744156822562218,0.5646328330039978,0.02119186520576477,-0.07334775477647781,0.5302308201789856,0.02588147297501564,-0.08045070618391037,0.5134034752845764,0.03812870383262634,-0.08324361592531204,0.5903741717338562,0.09968224167823792,-0.05459845811128616,0.5521695613861084,0.05964645370841026,-0.07756209373474121,0.5208602547645569,0.059551503509283066,-0.07935171574354172,0.5064910650253296,0.06698902696371078,-0.07757601141929626,0.5729559063911438,0.1268329918384552,-0.06130942329764366,0.5442833304405212,0.0901118665933609,-0.07703769952058792,0.5251733660697937,0.0805257111787796,-0.0783979520201683,0.5155321955680847,0.07929985970258713,-0.07763408869504929,Left,0.9938943386077881
7937,108,1,0.39595404267311096,0.13511961698532104,2.957107767542766e-07,0.4127141535282135,0.0857786014676094,-0.011905340477824211,0.4171982407569885,0.04405594244599342,-0.024600286036729813,0.42398855090141296,0.01923132874071598,-0.036302968859672546,0.43724963068962097,0.0024755820631980896,-0.04717706888914108,0.36761829257011414,0.012416377663612366,-0.02839014120399952,0.4093458652496338,-0.002565000206232071,-0.04953717067837715,0.4391777515411377,-0.0040055327117443085,-0.06297232955694199,0.4596523642539978,-0.004399236291646957,-0.07098136842250824,0.367129385471344,0.038931239396333694,-0.03234918788075447,0.41667625308036804,0.02048087678849697,-0.055515363812446594,0.4526892304420471,0.017805930227041245,-0.06421082466840744,0.4786304235458374,0.015678908675909042,-0.06774867326021194,0.37629151344299316,0.0686785876750946,-0.03721534460783005,0.42782261967658997,0.05130748078227043,-0.05878755450248718,0.45942410826683044,0.04284510388970375,-0.062062669545412064,0.48145923018455505,0.035754166543483734,-0.06045868992805481,0.3921317756175995,0.09561968594789505,-0.04285953566431999,0.4337333142757416,0.07578296959400177,-0.05660450458526611,0.4545779228210449,0.06270554661750793,-0.057823747396469116,0.4692569673061371,0.04985734820365906,-0.0561947338283062,Right,0.9982027411460876
7992,109,0,0.5774619579315186,0.16528837382793427,-2.4472191739732807e-07,0.5423844456672668,0.11660794913768768,-0.004907146096229553,0.534746527671814,0.07606454193592072,-0.01419566199183464,0.5271688103675842,0.050005558878183365,-0.024143673479557037,0.5194514989852905,0.027970902621746063,-0.03455603867769241,0.5976160764694214,0.04397504776716232,-0.02185674011707306,0.5700785517692566,0.004395104944705963,-0.04016931354999542,0.5432772040367126,0.003853481262922287,-0.05153203383088112,0.5254696607589722,0.011670559644699097,-0.057455942034721375,0.601901650428772,0.06294826418161392,-0.02810913510620594,0.5701665282249451,0.015624754130840302,-0.04657325521111488,0.5392665863037109,0.02147052064538002,-0.05416947603225708,0.5225284099578857,0.035382289439439774,-0.05772163346409798,0.595103919506073,0.08594837784767151,-0.034603301435709,0.555843710899353,0.046533405780792236,-0.05265991762280464,0.5257463455200195,0.05389505624771118,-0.05515468865633011,0.5112989544868469,0.06675641983747482,-0.05414162203669548,0.5788163542747498,0.10861779749393463,-0.0408439114689827,0.5474128723144531,0.0754186138510704,-0.053476475179195404,0.5274984240531921,0.07384944707155228,-0.054291732609272,0.5173606872558594,0.0794052854180336,-0.05290606990456581,Left,0.9968765377998352
7992,109,1,0.4012261927127838,0.13496410846710205,2.72734865802704e-07,0.41404926776885986,0.08589158952236176,-0.009410369209945202,0.41706228256225586,0.041672639548778534,-0.020545944571495056,0.42476537823677063,0.014654491096735,-0.03133261948823929,0.43983176350593567,-0.003172263503074646,-0.04172702878713608,0.3704604208469391,0.013370640575885773,-0.026568453758955002,0.4123761057853699,-0.005850858986377716,-0.047060318291187286,0.44298654794692993,-0.009576026350259781,-0.05974018946290016,0.4644465446472168,-0.011172100901603699,-0.06715019792318344,0.36946576833724976,0.0404307059943676,-0.03131096810102463,0.41909706592559814,0.02171964757144451,-0.05319618806242943,0.45518162846565247,0.018219295889139175,-0.0606432668864727,0.48072874546051025,0.015546750277280807,-0.0638093426823616,0.3782314956188202,0.07101192325353622,-0.03683881089091301,0.4283766746520996,0.05195659026503563,-0.05740370228886604,0.4603235721588135,0.042545024305582047,-0.060107842087745667,0.4826521873474121,0.03558224439620972,-0.05856981500983238,0.3935820460319519,0.09872592240571976,-0.04297788813710213,0.4327894449234009,0.0753125473856926,-0.05623983219265938,0.4543347954750061,0.05975470691919327,-0.05752122029662132,0.47043076157569885,0.045940425246953964,-0.05621323734521866,Right,0.9979512691497803
8047,110,0,0.5782026648521423,0.16403916478157043,-2.3369948110030236e-07,0.5438501238822937,0.1126333549618721,-0.005052095279097557,0.5359679460525513,0.07464127242565155,-0.015138139948248863,0.526426374912262,0.05092666298151016,-0.025873666629195213,0.5157493948936462,0.03200743347406387,-0.03731422871351242,0.6002873778343201,0.04336653649806976,-0.023730827495455742,0.5702783465385437,0.0050450898706912994,-0.04189537093043327,0.5430997014045715,0.004849553108215332,-0.052794039249420166,0.5260647535324097,0.013171520084142685,-0.05852028355002403,0.6027398705482483,0.0644998699426651,-0.03016008250415325,0.5697949528694153,0.016253948211669922,-0.04873048886656761,0.5388117432594299,0.021104037761688232,-0.05550830811262131,0.5223066806793213,0.03421024978160858,-0.0585843063890934,0.5940834283828735,0.08880691230297089,-0.03678258880972862,0.5544484853744507,0.050137266516685486,-0.05465761199593544,0.5249747037887573,0.05427571386098862,-0.056612949818372726,0.5107870697975159,0.06444840133190155,-0.055311765521764755,0.5767951607704163,0.11159536242485046,-0.04317159950733185,0.5463557839393616,0.07819075882434845,-0.05487396568059921,0.5268599987030029,0.07420559227466583,-0.055039845407009125,0.5165196657180786,0.07716502994298935,-0.05346670001745224,Left,0.9959651231765747
8047,110,1,0.3959912657737732,0.14126138389110565,2.8661230544457794e-07,0.4013499915599823,0.0929386168718338,-0.010168226435780525,0.40517422556877136,0.04689282923936844,-0.02316867560148239,0.4187137186527252,0.01837955415248871,-0.03550061210989952,0.4378475844860077,0.0016330704092979431,-0.047488294541835785,0.36878490447998047,0.021439651027321815,-0.0324137806892395,0.41302254796028137,-0.0015247464179992676,-0.05440353974699974,0.4444003403186798,-0.007134389132261276,-0.06752900779247284,0.46585002541542053,-0.009918805211782455,-0.07510966062545776,0.3721476197242737,0.04859622195363045,-0.037629660218954086,0.4191740155220032,0.024617822840809822,-0.0604298934340477,0.4542568624019623,0.017187628895044327,-0.06780701130628586,0.4796578288078308,0.012686964124441147,-0.07110850512981415,0.3841157853603363,0.07779642194509506,-0.04346110671758652,0.43074294924736023,0.052507005631923676,-0.06385638564825058,0.46104860305786133,0.039968375116586685,-0.06637872755527496,0.4823657274246216,0.03140014037489891,-0.06500966101884842,0.4020262062549591,0.10316329449415207,-0.04994415119290352,0.43930119276046753,0.07478417456150055,-0.062232762575149536,0.4593174159526825,0.057755935937166214,-0.06303370743989944,0.4741223454475403,0.043422821909189224,-0.06180316582322121,Right,0.9982162117958069
8103,111,0,0.5844275951385498,0.1636827290058136,-2.539217121011461e-07,0.5486525893211365,0.1102595180273056,-0.006247098091989756,0.5403307676315308,0.0703895315527916,-0.01814221404492855,0.5302307605743408,0.04720181226730347,-0.030086509883403778,0.5185916423797607,0.02888668328523636,-0.043342966586351395,0.6011677384376526,0.04227989912033081,-0.034271176904439926,0.5674221515655518,0.0032810792326927185,-0.055803585797548294,0.5365407466888428,0.0054304152727127075,-0.0672348216176033,0.5195899605751038,0.011998120695352554,-0.07301333546638489,0.6026312112808228,0.06974883377552032,-0.040936462581157684,0.567185640335083,0.024021629244089127,-0.0642935037612915,0.5325068235397339,0.029106467962265015,-0.0708736926317215,0.515387237071991,0.04069037362933159,-0.07325573265552521,0.5923341512680054,0.09921583533287048,-0.04748070240020752,0.5520544052124023,0.06118135526776314,-0.06879398226737976,0.5206294655799866,0.06100132316350937,-0.07090533524751663,0.5061806440353394,0.06747634708881378,-0.0692170038819313,0.5739704370498657,0.1256074607372284,-0.053516387939453125,0.542961597442627,0.08999614417552948,-0.0669616088271141,0.523770272731781,0.07959561794996262,-0.0677376538515091,0.5144742727279663,0.07674100995063782,-0.06659962981939316,Left,0.9962050318717957
8103,111,1,0.4043757915496826,0.1417141556739807,3.644913419975637e-07,0.4126494228839874,0.0931827500462532,-0.013048197142779827,0.4146241247653961,0.04876163601875305,-0.027478745207190514,0.42295020818710327,0.020558103919029236,-0.040475450456142426,0.4378972053527832,0.004569508135318756,-0.05295868590474129,0.3710145056247711,0.024338457733392715,-0.03541560098528862,0.41892802715301514,0.002389613538980484,-0.05855511873960495,0.44994714856147766,-0.002341996878385544,-0.07327008992433548,0.4723203182220459,-0.005537699908018112,-0.0821177139878273,0.37248867750167847,0.051584336906671524,-0.03918413072824478,0.4236500859260559,0.02628716267645359,-0.06290284544229507,0.4576398432254791,0.019297804683446884,-0.07112375646829605,0.4831894338130951,0.015058904886245728,-0.07520334422588348,0.38332679867744446,0.08068810403347015,-0.043752871453762054,0.4341772794723511,0.056213438510894775,-0.06457874923944473,0.4636145830154419,0.04345669597387314,-0.06743695586919785,0.4845910668373108,0.0342622771859169,-0.06648607552051544,0.4001867473125458,0.1056755930185318,-0.04925666004419327,0.4401053190231323,0.07810067385435104,-0.06165323406457901,0.45871198177337646,0.060544051229953766,-0.06265629082918167,0.4715009033679962,0.04565593600273132,-0.0618213452398777,Right,0.9969995617866516
8156,112,0,0.5799406170845032,0.16208237409591675,-2.687157518721506e-07,0.5471633076667786,0.10986639559268951,-0.006795337423682213,0.5409714579582214,0.06856322288513184,-0.01807926967740059,0.5353282690048218,0.04239895939826965,-0.02921150252223015,0.527370035648346,0.024204857647418976,-0.041184164583683014,0.603071391582489,0.04248463734984398,-0.03200974687933922,0.5696769952774048,0.004800986498594284,-0.05366136133670807,0.5388151407241821,0.00632292777299881,-0.06568697839975357,0.5202034115791321,0.01423252746462822,-0.07177440077066422,0.6051343679428101,0.06780248135328293,-0.038244862109422684,0.5696831345558167,0.021636538207530975,-0.060423023998737335,0.5366506576538086,0.027314912527799606,-0.06705882400274277,0.5196818709373474,0.03930515795946121,-0.06978397071361542,0.5957200527191162,0.09542786329984665,-0.04463234916329384,0.5573731064796448,0.058476224541664124,-0.06503016501665115,0.526802122592926,0.05984678491950035,-0.06702624261379242,0.5120459794998169,0.06651007384061813,-0.06562689691781998,0.5781739950180054,0.12069414556026459,-0.050746213644742966,0.5474286079406738,0.08786628395318985,-0.06471358984708786,0.5263593196868896,0.07961604744195938,-0.06608079373836517,0.5146600008010864,0.07682117074728012,-0.06529971957206726,Left,0.9922081232070923
8156,112,1,0.4009542167186737,0.1439560502767563,2.7606841968008666e-07,0.4080859124660492,0.09750603139400482,-0.011126281693577766,0.41310206055641174,0.047669366002082825,-0.02452167123556137,0.4273512065410614,0.014682982116937637,-0.03712895140051842,0.4462614059448242,-0.005332984030246735,-0.04987373948097229,0.37293341755867004,0.021989475935697556,-0.0353054478764534,0.4206121265888214,-0.005161486566066742,-0.06007646769285202,0.45578908920288086,-0.007694773375988007,-0.07488647848367691,0.4801940321922302,-0.007957860827445984,-0.08274073153734207,0.3742043972015381,0.05083528533577919,-0.040377821773290634,0.4232989251613617,0.021748453378677368,-0.06602844595909119,0.4610377550125122,0.01611815020442009,-0.07441394031047821,0.488154798746109,0.01339908316731453,-0.07754377275705338,0.38559195399284363,0.08174854516983032,-0.046196673065423965,0.43262967467308044,0.0513145811855793,-0.0696236863732338,0.46656087040901184,0.037374213337898254,-0.07351794093847275,0.4911857545375824,0.030291959643363953,-0.07205884158611298,0.40355053544044495,0.10909183323383331,-0.052374523133039474,0.4384384751319885,0.07454411685466766,-0.06686670333147049,0.45971018075942993,0.0538545697927475,-0.06870180368423462,0.47597089409828186,0.0382741279900074,-0.06772523373365402,Right,0.998395562171936
8210,113,0,0.5777355432510376,0.16335700452327728,-2.6440227429702645e-07,0.5438161492347717,0.1095585972070694,-0.006722206249833107,0.5392280220985413,0.06788233667612076,-0.015990739688277245,0.5372756719589233,0.04000970348715782,-0.02537771686911583,0.5318142771720886,0.017820678651332855,-0.035454969853162766,0.5990617871284485,0.04083758592605591,-0.02732870914041996,0.5680705904960632,0.0027737729251384735,-0.04824486002326012,0.5397585034370422,0.0026147887110710144,-0.060219455510377884,0.5223073959350586,0.0074685439467430115,-0.06607338041067123,0.6031877994537354,0.06423192471265793,-0.032785870134830475,0.5687721967697144,0.021135464310646057,-0.0552210658788681,0.535456657409668,0.02857689931988716,-0.061985958367586136,0.5172698497772217,0.04192361235618591,-0.06383057683706284,0.5957345962524414,0.09060944616794586,-0.03878093510866165,0.5552277565002441,0.05761563777923584,-0.0598394051194191,0.524483323097229,0.06268665194511414,-0.06227511912584305,0.5091937184333801,0.07209520041942596,-0.06015506014227867,0.5792437791824341,0.11519050598144531,-0.04460419714450836,0.548824667930603,0.0860716849565506,-0.058501992374658585,0.5286080241203308,0.08027591556310654,-0.0601344108581543,0.5177240967750549,0.08021444827318192,-0.05893079936504364,Left,0.994475781917572
8210,113,1,0.40484851598739624,0.1608445644378662,3.8080216313574056e-07,0.40997421741485596,0.10927446186542511,-0.010711336508393288,0.4149452745914459,0.06154879555106163,-0.02517273835837841,0.42976415157318115,0.029899388551712036,-0.038909848779439926,0.4496651589870453,0.010063793510198593,-0.053105905652046204,0.3723148703575134,0.04968103766441345,-0.0387982502579689,0.41980114579200745,0.0200347863137722,-0.06381635367870331,0.4515713155269623,0.007365122437477112,-0.08005296438932419,0.4750102460384369,0.0007734857499599457,-0.08998926728963852,0.37560391426086426,0.07866887003183365,-0.04453255981206894,0.42403528094291687,0.04226260259747505,-0.06971429288387299,0.4578394889831543,0.02499605342745781,-0.07973591983318329,0.4842810332775116,0.0158921480178833,-0.08569539338350296,0.3874695301055908,0.10819090902805328,-0.05056999623775482,0.4328251779079437,0.07026220858097076,-0.07354599982500076,0.46419820189476013,0.050055209547281265,-0.07788074016571045,0.48748040199279785,0.037934936583042145,-0.07819262146949768,0.4043460190296173,0.1332181990146637,-0.05712097883224487,0.4378388822078705,0.0981486439704895,-0.07244937866926193,0.45753195881843567,0.07517963647842407,-0.07508748024702072,0.4728300869464874,0.057373739778995514,-0.07558790594339371,Right,0.9924525022506714
8262,114,0,0.5778641700744629,0.16476906836032867,-2.538612022817688e-07,0.5426313877105713,0.11063890904188156,-0.00643880246207118,0.5379332304000854,0.06862278282642365,-0.015787631273269653,0.5363094210624695,0.04136134684085846,-0.025411970913410187,0.5318005681037903,0.01812867820262909,-0.035824164748191833,0.5977842807769775,0.040251486003398895,-0.027853693813085556,0.5669389963150024,0.0016417428851127625,-0.048624929040670395,0.539537787437439,0.0022813305258750916,-0.06006239354610443,0.5236718058586121,0.007784854620695114,-0.06563016772270203,0.6017388701438904,0.06405491381883621,-0.03374103084206581,0.566855788230896,0.019795149564743042,-0.05678103491663933,0.5342496633529663,0.028653539717197418,-0.06365019828081131,0.5175754427909851,0.04335033893585205,-0.06538644433021545,0.5945978164672852,0.0908539667725563,-0.040052205324172974,0.5531610250473022,0.05581691861152649,-0.06188897043466568,0.5224966406822205,0.06326546519994736,-0.06396768242120743,0.5083315372467041,0.07484480738639832,-0.06137189641594887,0.5784554481506348,0.11608776450157166,-0.046090561896562576,0.547383189201355,0.0844053328037262,-0.06060757860541344,0.5284201502799988,0.08118629455566406,-0.06181599944829941,0.519726037979126,0.08434486389160156,-0.06011149659752846,Left,0.9964486360549927
8262,114,1,0.40005970001220703,0.1598551869392395,4.342761030784459e-07,0.4016556441783905,0.11182501912117004,-0.016345851123332977,0.40693923830986023,0.06621938198804855,-0.03537918999791145,0.4264563322067261,0.036367420107126236,-0.05238014832139015,0.44910866022109985,0.017420966178178787,-0.0698038637638092,0.3698800802230835,0.05623704940080643,-0.051225848495960236,0.4168717563152313,0.02346155419945717,-0.0784766897559166,0.4515558183193207,0.01212599128484726,-0.09484992176294327,0.4770427942276001,0.0054611936211586,-0.10453656315803528,0.3765438199043274,0.08889029920101166,-0.054775629192590714,0.4239736795425415,0.05192217975854874,-0.08214522898197174,0.45977580547332764,0.03298792615532875,-0.0911664217710495,0.4861524999141693,0.020244408398866653,-0.09662570059299469,0.39200544357299805,0.11805377900600433,-0.05868223309516907,0.4365212321281433,0.07796531915664673,-0.08162408322095871,0.46636244654655457,0.052717871963977814,-0.08463749289512634,0.4883151650428772,0.03656934201717377,-0.08450216799974442,0.4125416874885559,0.13974261283874512,-0.06360224634408951,0.44484156370162964,0.0991276428103447,-0.0776984691619873,0.46384820342063904,0.07008140534162521,-0.07949143648147583,0.47880539298057556,0.04730995371937752,-0.07984378933906555,Right,0.9972595572471619
8314,115,0,0.580549955368042,0.16862636804580688,-2.7157611270922644e-07,0.544258713722229,0.11308382451534271,-0.005996009800583124,0.5384873747825623,0.07275861501693726,-0.016420839354395866,0.5336619019508362,0.04797577112913132,-0.02726050838828087,0.5267822742462158,0.027366116642951965,-0.03917637839913368,0.6021625995635986,0.04746098071336746,-0.03035353682935238,0.5691449046134949,0.008954871445894241,-0.05106494948267937,0.5384293794631958,0.015038233250379562,-0.06237906590104103,0.5219258666038513,0.027487274259328842,-0.0680638775229454,0.6030012965202332,0.07089705020189285,-0.03666452690958977,0.567466139793396,0.021423112601041794,-0.059113360941410065,0.5341510772705078,0.02892240136861801,-0.06647302955389023,0.5179020166397095,0.044090788811445236,-0.06955692917108536,0.5931467413902283,0.09678949415683746,-0.04304225370287895,0.5533156394958496,0.05637833848595619,-0.06410279124975204,0.521937370300293,0.06121906265616417,-0.06715195626020432,0.5075854063034058,0.07226718217134476,-0.06617604196071625,0.57525235414505,0.12061986327171326,-0.049004364758729935,0.5462750196456909,0.08458079397678375,-0.062950998544693,0.5271438360214233,0.07964412122964859,-0.06462989002466202,0.5178776383399963,0.08219247311353683,-0.06407810747623444,Left,0.9960322380065918
8314,115,1,0.399198055267334,0.15720956027507782,4.1703486886035535e-07,0.3990205228328705,0.11049187183380127,-0.014110985212028027,0.4052826464176178,0.06442676484584808,-0.03161557763814926,0.4266657531261444,0.034203995019197464,-0.04714929312467575,0.44957661628723145,0.014840461313724518,-0.06292486190795898,0.37014010548591614,0.056831978261470795,-0.047172777354717255,0.4150279760360718,0.022348623722791672,-0.07115168869495392,0.4480306804180145,0.01076265424489975,-0.08572182059288025,0.47311803698539734,0.005027838051319122,-0.09461826086044312,0.376476526260376,0.08722245693206787,-0.05089787021279335,0.42554348707199097,0.052254851907491684,-0.07429874688386917,0.4606252908706665,0.035550303757190704,-0.08153069764375687,0.4856324791908264,0.024781260639429092,-0.08632855862379074,0.39119595289230347,0.11540598422288895,-0.05475403741002083,0.437417209148407,0.0786043331027031,-0.07330705225467682,0.46540772914886475,0.0557110458612442,-0.07433786988258362,0.4854493737220764,0.04120926186442375,-0.07375282049179077,0.41139307618141174,0.1365552693605423,-0.05963979661464691,0.4439430236816406,0.10072049498558044,-0.06991644948720932,0.4606669247150421,0.07691974192857742,-0.0694260224699974,0.47288602590560913,0.059269629418849945,-0.06866408884525299,Right,0.9975917935371399
8363,116,0,0.5783370733261108,0.16680166125297546,-2.5946008008759236e-07,0.5454602241516113,0.11234065145254135,-0.007479706313461065,0.5427189469337463,0.07016504555940628,-0.0181526318192482,0.5428406000137329,0.04380916804075241,-0.028647376224398613,0.5393624901771545,0.024643592536449432,-0.03994191810488701,0.6020093560218811,0.04611244797706604,-0.032370712608098984,0.5709115862846375,0.007915250957012177,-0.054328929632902145,0.5391431450843811,0.013835057616233826,-0.06589256227016449,0.519972026348114,0.02497149258852005,-0.07149369269609451,0.6034649610519409,0.07055700570344925,-0.03830644115805626,0.56980961561203,0.021871965378522873,-0.06162799149751663,0.5364801287651062,0.02911495417356491,-0.06832049787044525,0.5194370150566101,0.04338463395833969,-0.07050640881061554,0.5939304828643799,0.09755098819732666,-0.0444883368909359,0.5534951090812683,0.05823429673910141,-0.06591646373271942,0.5229545831680298,0.06248509883880615,-0.067818783223629,0.508883535861969,0.07220721989870071,-0.06582658737897873,0.5763503313064575,0.12257719039916992,-0.05044711381196976,0.5451993346214294,0.08737501502037048,-0.06473417580127716,0.5265554785728455,0.0827367752790451,-0.0657956525683403,0.5184893608093262,0.0845172107219696,-0.06450160592794418,Left,0.9956426024436951
8363,116,1,0.4020829498767853,0.1539747714996338,4.1951435036935436e-07,0.4013300836086273,0.10804066061973572,-0.013911125250160694,0.4063814580440521,0.06289535760879517,-0.031346358358860016,0.42575782537460327,0.03284909203648567,-0.04695598781108856,0.44779303669929504,0.013413473963737488,-0.06294983625411987,0.37190577387809753,0.05509379506111145,-0.047270581126213074,0.41488075256347656,0.020666327327489853,-0.07166681438684464,0.44726717472076416,0.008417025208473206,-0.08665996789932251,0.47243255376815796,0.0020387470722198486,-0.09580588340759277,0.3777814507484436,0.08559226989746094,-0.05129193887114525,0.4245087504386902,0.04996371269226074,-0.07523968815803528,0.4587244391441345,0.03316917270421982,-0.08280451595783234,0.48341479897499084,0.023124445229768753,-0.08764267712831497,0.3923225700855255,0.11379165202379227,-0.055446021258831024,0.43624964356422424,0.07629337161779404,-0.07473702728748322,0.4641406536102295,0.053723592311143875,-0.07613466680049896,0.48415446281433105,0.04043157398700714,-0.07558029145002365,0.4120141863822937,0.13503840565681458,-0.06054997816681862,0.44383782148361206,0.09827283769845963,-0.07189574092626572,0.46128565073013306,0.07380646467208862,-0.07199108600616455,0.47402989864349365,0.05615231394767761,-0.07141613215208054,Right,0.9982349276542664
8412,117,0,0.5841137170791626,0.1645018458366394,-1.9516441795985884e-07,0.570326030254364,0.10799844563007355,-0.003958113491535187,0.5618904232978821,0.06432320177555084,-0.015634842216968536,0.5448088049888611,0.039696868509054184,-0.027531513944268227,0.5275778770446777,0.025402579456567764,-0.04115939885377884,0.603911817073822,0.04805000126361847,-0.0317448191344738,0.569040060043335,0.008727803826332092,-0.052250221371650696,0.5401278138160706,-0.0004463568329811096,-0.06382705271244049,0.5226195454597473,-0.002515852451324463,-0.07004276663064957,0.6010635495185852,0.07906028628349304,-0.03946299850940704,0.5653014183044434,0.033875640481710434,-0.06014334782958031,0.5332474112510681,0.03136694058775902,-0.06577671319246292,0.514626681804657,0.03855322673916817,-0.06856334209442139,0.5874457359313965,0.10987181216478348,-0.04687770456075668,0.549591064453125,0.06785169243812561,-0.06529489904642105,0.520936131477356,0.06064414232969284,-0.06524547934532166,0.5057944059371948,0.06401631236076355,-0.06293794512748718,0.5680098533630371,0.13574618101119995,-0.05378943309187889,0.5420623421669006,0.09531982988119125,-0.06626833230257034,0.5254729390144348,0.07970619201660156,-0.0657247006893158,0.5153393745422363,0.07391562312841415,-0.06383546441793442,Left,0.9940339922904968
8412,117,1,0.40499046444892883,0.15333405137062073,4.516840590440552e-07,0.40357711911201477,0.11045219004154205,-0.015705639496445656,0.4073425829410553,0.06600692868232727,-0.03398741036653519,0.4249727427959442,0.03602029010653496,-0.04990697652101517,0.4451519548892975,0.017124976962804794,-0.06610734760761261,0.3731934130191803,0.05194247141480446,-0.04964980110526085,0.4191277325153351,0.017141196876764297,-0.0747985765337944,0.45117416977882385,0.0035276785492897034,-0.0899973139166832,0.47569629549980164,-0.0034230053424835205,-0.0990997850894928,0.37888211011886597,0.08110777288675308,-0.05280567705631256,0.4274086654186249,0.04525172710418701,-0.07791135460138321,0.46207985281944275,0.027523547410964966,-0.08594717085361481,0.48731729388237,0.016127921640872955,-0.09068655222654343,0.39375272393226624,0.10850255191326141,-0.05603343993425369,0.440321147441864,0.07139026373624802,-0.076480932533741,0.4672059118747711,0.04946501553058624,-0.07815026491880417,0.48632028698921204,0.0351308174431324,-0.07733610272407532,0.4135435223579407,0.12955032289028168,-0.060252804309129715,0.4486837387084961,0.09284389019012451,-0.07199808210134506,0.46595561504364014,0.06955404579639435,-0.0717465803027153,0.47830066084861755,0.05222196504473686,-0.07058355957269669,Right,0.9980822205543518
8461,118,0,0.586255669593811,0.1633334755897522,-1.716567510356981e-07,0.5665318965911865,0.10501337051391602,-0.010265672579407692,0.5585495829582214,0.05977994203567505,-0.027904517948627472,0.544338583946228,0.037436481565237045,-0.04342902824282646,0.5285221338272095,0.028791997581720352,-0.060407090932130814,0.6075448989868164,0.05043662339448929,-0.054684657603502274,0.5671613812446594,0.011899959295988083,-0.07994607836008072,0.5343416333198547,0.0042673200368881226,-0.0912630558013916,0.511438250541687,0.0048722922801971436,-0.09704729169607162,0.6070857048034668,0.0852578654885292,-0.061330828815698624,0.5679864287376404,0.03855209797620773,-0.08759348839521408,0.5320485830307007,0.03745490685105324,-0.09088660776615143,0.5120807886123657,0.04486699402332306,-0.09197300672531128,0.5934520959854126,0.11833319067955017,-0.06726682186126709,0.5534943342208862,0.07278276234865189,-0.09045585989952087,0.5227921009063721,0.06433788686990738,-0.08745867758989334,0.5078257918357849,0.0664484053850174,-0.08323730528354645,0.5724812150001526,0.14566010236740112,-0.07286732643842697,0.5422240495681763,0.1025615856051445,-0.09009450674057007,0.522042453289032,0.08501563221216202,-0.08906402438879013,0.5106729865074158,0.07627164572477341,-0.08676613122224808,Left,0.9845563173294067
8461,118,1,0.41074836254119873,0.15578439831733704,4.0427164549328154e-07,0.41520702838897705,0.1112249493598938,-0.013604489155113697,0.4177814722061157,0.06821417063474655,-0.028810858726501465,0.42959022521972656,0.03937789425253868,-0.042221758514642715,0.447023868560791,0.021324150264263153,-0.05534839257597923,0.3763408958911896,0.048034489154815674,-0.03912365064024925,0.42374569177627563,0.0159761942923069,-0.062285006046295166,0.45569002628326416,0.00406309962272644,-0.07648120820522308,0.4801168441772461,-0.000943303108215332,-0.08476557582616806,0.3800027072429657,0.07519622147083282,-0.04253741726279259,0.42782896757125854,0.041205473244190216,-0.06681510806083679,0.46316295862197876,0.02896677702665329,-0.07480055093765259,0.4889170825481415,0.022068042308092117,-0.07848072052001953,0.3931743800640106,0.10235100239515305,-0.04634466394782066,0.44007354974746704,0.06965313106775284,-0.06700838357210159,0.4686684012413025,0.052353523671627045,-0.06910517066717148,0.48842906951904297,0.04138248413801193,-0.06761705130338669,0.4115220010280609,0.12457766383886337,-0.05102638900279999,0.4479876756668091,0.09106119722127914,-0.06309208273887634,0.4663715958595276,0.0707959309220314,-0.06314753741025925,0.47882091999053955,0.05522487685084343,-0.06158382445573807,Right,0.9978525638580322
8510,119,0,0.5901147127151489,0.1622321903705597,-1.519493650903314e-07,0.5780004262924194,0.10515221953392029,-0.006998228374868631,0.5682017803192139,0.06139282509684563,-0.023085614666342735,0.5494667291641235,0.041874274611473083,-0.03744430094957352,0.52969890832901,0.03584471717476845,-0.05345829576253891,0.6073639988899231,0.0591437965631485,-0.05082095041871071,0.5700008869171143,0.01649538055062294,-0.07386750727891922,0.5387479066848755,0.005791015923023224,-0.0834769532084465,0.5175244808197021,0.005467310547828674,-0.08818192780017853,0.6044750809669495,0.09312443435192108,-0.05814000219106674,0.5699706077575684,0.04430779069662094,-0.08146210014820099,0.5372167825698853,0.04012931510806084,-0.08301780372858047,0.519269585609436,0.0457196943461895,-0.0831405371427536,0.589151918888092,0.12442927062511444,-0.06444434076547623,0.5521425604820251,0.07753479480743408,-0.08552471548318863,0.5240125060081482,0.06533190608024597,-0.08179420232772827,0.5102740526199341,0.06522829085588455,-0.0772063359618187,0.567329466342926,0.14969882369041443,-0.07007377594709396,0.5402573347091675,0.10341504216194153,-0.08580315113067627,0.5223808884620667,0.08303464204072952,-0.08395878970623016,0.5115670561790466,0.07305300235748291,-0.08115172386169434,Left,0.994369387626648
8510,119,1,0.41627365350723267,0.15775680541992188,3.8274450275821437e-07,0.4288654923439026,0.1074967086315155,-0.013208841904997826,0.4311092495918274,0.06425802409648895,-0.026691315695643425,0.4388886094093323,0.035015497356653214,-0.03876224905252457,0.45270705223083496,0.01518174260854721,-0.050516750663518906,0.37754595279693604,0.043788325041532516,-0.0324619822204113,0.4258101284503937,0.015062779188156128,-0.05469672009348869,0.4581655263900757,0.003938689827919006,-0.0696677565574646,0.48354095220565796,-0.0013746246695518494,-0.07865836471319199,0.37823569774627686,0.07116637378931046,-0.03580133616924286,0.4270763695240021,0.04140305146574974,-0.0590304434299469,0.4634911119937897,0.029861830174922943,-0.06794664263725281,0.49002397060394287,0.02304401621222496,-0.07228517532348633,0.38986822962760925,0.10038088262081146,-0.039838921278715134,0.4370669424533844,0.07126834988594055,-0.06130146235227585,0.4681221842765808,0.05620754882693291,-0.06447967886924744,0.48957544565200806,0.04710429161787033,-0.06321902573108673,0.4071122109889984,0.12530949711799622,-0.04469593986868858,0.4438663125038147,0.09559749066829681,-0.058038946241140366,0.46292176842689514,0.07876795530319214,-0.05863671004772186,0.47602295875549316,0.0663890540599823,-0.05688437074422836,Right,0.9981001019477844
8556,120,0,0.601012110710144,0.16871076822280884,-1.6957800141881307e-07,0.5893695950508118,0.119565449655056,-0.014584486372768879,0.5735425353050232,0.07788092643022537,-0.03341067209839821,0.5524248480796814,0.05382674187421799,-0.04768315330147743,0.5323076844215393,0.04252655804157257,-0.06289549171924591,0.6116206645965576,0.0805816724896431,-0.06423124670982361,0.5707086324691772,0.03405711054801941,-0.0864996686577797,0.5380599498748779,0.024011850357055664,-0.09395068138837814,0.5155415534973145,0.02425801381468773,-0.0971192866563797,0.609480619430542,0.1099812388420105,-0.06558538228273392,0.5685153603553772,0.06020898371934891,-0.0863092839717865,0.5350847244262695,0.051848940551280975,-0.08487021923065186,0.51519775390625,0.054679691791534424,-0.08380508422851562,0.5943459868431091,0.13605862855911255,-0.06568899750709534,0.5552664399147034,0.08794793486595154,-0.08464056253433228,0.5295690894126892,0.07205897569656372,-0.07877491414546967,0.5157614350318909,0.06963047385215759,-0.07356558740139008,0.5725501775741577,0.15701526403427124,-0.06552159041166306,0.5418412685394287,0.11410582065582275,-0.08213144540786743,0.525534987449646,0.09404001384973526,-0.08039813488721848,0.5154272317886353,0.08337261527776718,-0.07750722765922546,Left,0.9467395544052124
8556,120,1,0.4195866584777832,0.16506284475326538,2.721035912145453e-07,0.438508540391922,0.1128898486495018,-0.010674601420760155,0.442261666059494,0.06998495757579803,-0.021960102021694183,0.4469359815120697,0.04238404706120491,-0.03250797092914581,0.45826175808906555,0.02469581738114357,-0.04248419776558876,0.38184240460395813,0.043600134551525116,-0.02480381913483143,0.42657244205474854,0.016724999994039536,-0.045032162219285965,0.45787763595581055,0.008125081658363342,-0.05827100947499275,0.4826195538043976,0.005580522119998932,-0.06604024767875671,0.3807738423347473,0.06990569084882736,-0.029117126017808914,0.4252225458621979,0.038030460476875305,-0.05169394984841347,0.4595102071762085,0.032422684133052826,-0.06059979647397995,0.4848088026046753,0.03162456676363945,-0.0639616847038269,0.39054128527641296,0.09935833513736725,-0.034172672778367996,0.43588152527809143,0.07083524763584137,-0.055517636239528656,0.46676552295684814,0.05983228236436844,-0.059465423226356506,0.48827633261680603,0.05413148179650307,-0.058048129081726074,0.40667688846588135,0.1252947747707367,-0.03979596868157387,0.4440976083278656,0.0962846428155899,-0.05345853045582771,0.4649485647678375,0.08074671775102615,-0.05492749065160751,0.4797016382217407,0.06877037137746811,-0.05337328091263771,Right,0.9978200793266296
8603,121,0,0.6002976894378662,0.15725058317184448,-8.169911325239809e-08,0.5932035446166992,0.10752912610769272,-0.010932227596640587,0.5743517279624939,0.0685281977057457,-0.028841417282819748,0.5437039732933044,0.05373018607497215,-0.043831512331962585,0.5193009972572327,0.052876271307468414,-0.06061282381415367,0.6118232011795044,0.07495235651731491,-0.05184668302536011,0.5736814737319946,0.035002999007701874,-0.07349898666143417,0.5408811569213867,0.0233786478638649,-0.08491146564483643,0.5174541473388672,0.021656103432178497,-0.09123273193836212,0.6070165038108826,0.10939425975084305,-0.05603073537349701,0.5724056959152222,0.06466209888458252,-0.07702502608299255,0.5383253693580627,0.05340221896767616,-0.08114196360111237,0.5165876746177673,0.05295432731509209,-0.08398429304361343,0.5907350182533264,0.13896825909614563,-0.0590180866420269,0.5544000267982483,0.09529896825551987,-0.0775308683514595,0.5296866297721863,0.07723802328109741,-0.07540123909711838,0.5168783068656921,0.0722755566239357,-0.07251957803964615,0.5686635971069336,0.16216495633125305,-0.06152046471834183,0.5391653180122375,0.1169491857290268,-0.07570521533489227,0.5243594646453857,0.09255620837211609,-0.07381302863359451,0.5161280035972595,0.07948634028434753,-0.07134982198476791,Left,0.9824268221855164
8603,121,1,0.4161466360092163,0.16964681446552277,2.8991075851081405e-07,0.4280003011226654,0.11799460649490356,-0.008421245962381363,0.43123579025268555,0.07174553722143173,-0.019542081281542778,0.4396096467971802,0.04320409148931503,-0.030568376183509827,0.4551388621330261,0.025769703090190887,-0.04159301519393921,0.3799607455730438,0.048425085842609406,-0.026540515944361687,0.42423924803733826,0.019805453717708588,-0.046680010855197906,0.45660823583602905,0.010806560516357422,-0.059379324316978455,0.4814110994338989,0.008123010396957397,-0.06680551916360855,0.38157323002815247,0.07553012669086456,-0.03209089860320091,0.4273715317249298,0.042605772614479065,-0.054069411009550095,0.46210888028144836,0.03291363641619682,-0.062453676015138626,0.488375723361969,0.02980240434408188,-0.06611505150794983,0.3930181562900543,0.10509074479341507,-0.03807416930794716,0.43881145119667053,0.07357414066791534,-0.05908338725566864,0.47043532133102417,0.060831788927316666,-0.06301657855510712,0.49320587515830994,0.05460275709629059,-0.062011443078517914,0.4102553427219391,0.13072030246257782,-0.04438115283846855,0.4463029205799103,0.09978087246417999,-0.058144181966781616,0.46752023696899414,0.08266007900238037,-0.05983104184269905,0.48344314098358154,0.06955218315124512,-0.0587054081261158,Right,0.9976862668991089
8648,122,0,0.598228394985199,0.1586788296699524,-7.664278456331886e-08,0.5939160585403442,0.10583194345235825,-0.013570408336818218,0.5757930278778076,0.06729377806186676,-0.03294481337070465,0.5463076233863831,0.05463214963674545,-0.04867719113826752,0.5232293009757996,0.0554230660200119,-0.06595519930124283,0.6111646890640259,0.07591380923986435,-0.05954129621386528,0.5707858204841614,0.03702539578080177,-0.08337689191102982,0.5371681451797485,0.025894995778799057,-0.09456099569797516,0.5140477418899536,0.02720264345407486,-0.10009751468896866,0.6056836843490601,0.1119857132434845,-0.062440477311611176,0.5682184100151062,0.0689978301525116,-0.08507546782493591,0.5343591570854187,0.05764571577310562,-0.08745300024747849,0.5144144892692566,0.05979197844862938,-0.08883997052907944,0.5895475149154663,0.14285993576049805,-0.06431171298027039,0.5525387525558472,0.0988791212439537,-0.08410900086164474,0.5275496244430542,0.07920825481414795,-0.08049289882183075,0.5161031484603882,0.07667013257741928,-0.07624723762273788,0.5682762861251831,0.1667023003101349,-0.0659945085644722,0.5391883254051208,0.1206509917974472,-0.08205297589302063,0.5238835215568542,0.09417460113763809,-0.08069074898958206,0.5161610245704651,0.08300285786390305,-0.07809492945671082,Left,0.9743331670761108
8648,122,1,0.4152241051197052,0.16856056451797485,3.16907033948155e-07,0.425601989030838,0.1156352087855339,-0.009886047802865505,0.43159404397010803,0.06483495235443115,-0.023575561121106148,0.4432554244995117,0.028199877589941025,-0.036689866334199905,0.4603795111179352,0.003191910684108734,-0.050024308264255524,0.3806836009025574,0.05056491494178772,-0.03593920171260834,0.4258790910243988,0.0253245010972023,-0.05976887047290802,0.45725762844085693,0.01608569175004959,-0.07524175941944122,0.4821392297744751,0.012265324592590332,-0.08477252721786499,0.38276374340057373,0.07921206206083298,-0.04233814775943756,0.42909950017929077,0.04909573122859001,-0.0673544630408287,0.4624116122722626,0.036564361304044724,-0.07707241177558899,0.48817548155784607,0.031035058200359344,-0.0825812965631485,0.3949649930000305,0.10920876264572144,-0.04896598309278488,0.43748483061790466,0.07752208411693573,-0.0714922547340393,0.4678497016429901,0.06198818236589432,-0.07477840781211853,0.49029436707496643,0.05377843976020813,-0.074436254799366,0.4121110439300537,0.13520777225494385,-0.056078944355249405,0.4444587230682373,0.10523858666419983,-0.0711112692952156,0.4640132486820221,0.08839376270771027,-0.07256796956062317,0.47938597202301025,0.07585114240646362,-0.07196743041276932,Right,0.9981299638748169
8693,123,0,0.5968317985534668,0.162642702460289,-1.0832916785830093e-07,0.5871242880821228,0.11057717353105545,-0.00901722814887762,0.5743067264556885,0.06991662085056305,-0.025343354791402817,0.5535327792167664,0.04970058053731918,-0.03981411084532738,0.533646821975708,0.04530305042862892,-0.05623089149594307,0.608357310295105,0.0657128244638443,-0.047200076282024384,0.5718715786933899,0.031027033925056458,-0.07001930475234985,0.5408957600593567,0.02393539994955063,-0.08329691737890244,0.5176389217376709,0.02433519810438156,-0.09113594144582748,0.6080008149147034,0.09921523183584213,-0.05318537726998329,0.5705524682998657,0.06202848255634308,-0.07324758172035217,0.5375126600265503,0.05469321832060814,-0.07771170139312744,0.5165485143661499,0.05750586837530136,-0.08173546940088272,0.5961254239082336,0.13275711238384247,-0.05863291770219803,0.5587955117225647,0.09679004549980164,-0.0764642208814621,0.5324956178665161,0.08419428020715714,-0.0751139372587204,0.5180092453956604,0.08306246995925903,-0.07386362552642822,0.5773102641105652,0.16120189428329468,-0.06381355226039886,0.5475043058395386,0.1265224814414978,-0.07847506552934647,0.5290141105651855,0.10724178701639175,-0.07810205221176147,0.5172988176345825,0.09602165967226028,-0.07719725370407104,Left,0.9939998984336853
8693,123,1,0.4170306921005249,0.17069190740585327,3.599145372845669e-07,0.4294377863407135,0.11750558018684387,-0.008729004301130772,0.43512430787086487,0.07246068865060806,-0.021229688078165054,0.4453085660934448,0.04298027604818344,-0.033650126308202744,0.46044331789016724,0.02179708704352379,-0.046637117862701416,0.38154155015945435,0.059799924492836,-0.031225647777318954,0.42264991998672485,0.03474654257297516,-0.054682407528162,0.45219886302948,0.021907158195972443,-0.07140009105205536,0.4764995872974396,0.015044264495372772,-0.08218175172805786,0.3800157308578491,0.08669181913137436,-0.03806745260953903,0.4252651333808899,0.05790119618177414,-0.06340637803077698,0.4602786898612976,0.041385531425476074,-0.07567298412322998,0.48785892128944397,0.03250673785805702,-0.08297081291675568,0.3889388144016266,0.11566843837499619,-0.04522378370165825,0.42961034178733826,0.08421080559492111,-0.06925444304943085,0.46178972721099854,0.06563840061426163,-0.0756884291768074,0.4863404929637909,0.05406227335333824,-0.07747485488653183,0.403287410736084,0.14219656586647034,-0.05266166105866432,0.43609482049942017,0.11639346182346344,-0.07055053114891052,0.4569418132305145,0.09894473850727081,-0.07475310564041138,0.4731709659099579,0.08465321362018585,-0.07590870559215546,Right,0.9963198304176331
8739,124,0,0.5862463116645813,0.15919524431228638,-1.4038998585874651e-07,0.5753778219223022,0.10987557470798492,-0.00980452261865139,0.56731116771698,0.06975583732128143,-0.025767957791686058,0.5534366369247437,0.0500224344432354,-0.039741069078445435,0.5383630990982056,0.04908622056245804,-0.055085498839616776,0.6049213409423828,0.060181282460689545,-0.04810713604092598,0.5709577202796936,0.02285493165254593,-0.07164264470338821,0.5386767387390137,0.019885390996932983,-0.08286818861961365,0.5152065753936768,0.024829301983118057,-0.08863196521997452,0.6064354181289673,0.09130728244781494,-0.05451657623052597,0.572231113910675,0.04976778104901314,-0.07848279923200607,0.5379284620285034,0.04976385831832886,-0.08260931074619293,0.5181010365486145,0.05756193399429321,-0.08415387570858002,0.5955708026885986,0.12329386174678802,-0.06045578420162201,0.5579870343208313,0.08677161484956741,-0.08125308901071548,0.5297396183013916,0.07967575639486313,-0.07960754632949829,0.5153759717941284,0.08163196593523026,-0.07635748386383057,0.5779297351837158,0.15076005458831787,-0.06615481525659561,0.5474998950958252,0.11481158435344696,-0.08078475296497345,0.5285738706588745,0.10056077688932419,-0.07910024374723434,0.5177937150001526,0.09397910535335541,-0.0765189379453659,Left,0.9856186509132385
8739,124,1,0.41087663173675537,0.17122797667980194,3.509404393753357e-07,0.4201887845993042,0.11784566938877106,-0.013796448707580566,0.4272456467151642,0.07049795985221863,-0.028577784076333046,0.441788911819458,0.03749917075037956,-0.042009107768535614,0.4596613943576813,0.012282393872737885,-0.055474117398262024,0.3805190324783325,0.06397692859172821,-0.03669051080942154,0.42510032653808594,0.03786179795861244,-0.06086288020014763,0.4571242034435272,0.026522338390350342,-0.07662104070186615,0.4824657440185547,0.01891344040632248,-0.08612073212862015,0.38224151730537415,0.09798185527324677,-0.04088739678263664,0.4292440116405487,0.06674276292324066,-0.06657978892326355,0.4647323191165924,0.05003378912806511,-0.07639694213867188,0.492097407579422,0.03843141719698906,-0.08162233233451843,0.39351028203964233,0.12922655045986176,-0.04585086181759834,0.43868470191955566,0.09519979357719421,-0.06904656440019608,0.46859031915664673,0.07457353919744492,-0.07226518541574478,0.4903668761253357,0.06067600101232529,-0.07134585827589035,0.4099217355251312,0.15309812128543854,-0.0516674742102623,0.4434288442134857,0.12181863933801651,-0.06630932539701462,0.46105703711509705,0.1006881594657898,-0.06742484867572784,0.47356247901916504,0.08270302414894104,-0.0664842277765274,Right,0.9982874393463135
8782,125,0,0.5886903405189514,0.16458691656589508,-2.235565403907458e-07,0.5685357451438904,0.11535841971635818,-0.0071382359601557255,0.5615622401237488,0.07305370271205902,-0.019227707758545876,0.5528563857078552,0.047566067427396774,-0.030163496732711792,0.5393721461296082,0.03375404700636864,-0.042470287531614304,0.6056551933288574,0.05392846837639809,-0.03944205865263939,0.5709639191627502,0.017515014857053757,-0.0615362785756588,0.5397179126739502,0.01345951110124588,-0.07275352627038956,0.5158747434616089,0.01887846738100052,-0.07812481373548508,0.6078811287879944,0.08181697130203247,-0.0461147241294384,0.573318362236023,0.04116435721516609,-0.06843264400959015,0.5391038656234741,0.04379773512482643,-0.07259996980428696,0.5182737112045288,0.0560581274330616,-0.07367625087499619,0.5979823470115662,0.1117563471198082,-0.052574362605810165,0.560581386089325,0.07678540050983429,-0.07238614559173584,0.5314432382583618,0.075335793197155,-0.0715709775686264,0.5164989233016968,0.08317367732524872,-0.0685369148850441,0.5807310342788696,0.13940876722335815,-0.05871831998229027,0.5527141094207764,0.10490080714225769,-0.07279908657073975,0.5336600542068481,0.09515057504177094,-0.07163109630346298,0.523085355758667,0.09404977411031723,-0.06898443400859833,Left,0.997340202331543
8782,125,1,0.40652456879615784,0.16882464289665222,4.5779594870509754e-07,0.4119766354560852,0.11824771761894226,-0.013736656866967678,0.4194827377796173,0.07133395224809647,-0.030377516523003578,0.43802928924560547,0.03929007053375244,-0.04522620886564255,0.4586469233036041,0.01714152842760086,-0.060405183583498,0.3766499161720276,0.06252468377351761,-0.04429003223776817,0.4236745238304138,0.033310722559690475,-0.06955106556415558,0.45784640312194824,0.017739497125148773,-0.08597897738218307,0.4853639304637909,0.008640572428703308,-0.09620937705039978,0.3811910152435303,0.09547996520996094,-0.04893342778086662,0.4284054636955261,0.06010008975863457,-0.07500898092985153,0.4660159647464752,0.04029591754078865,-0.08457837253808975,0.4939012825489044,0.027797337621450424,-0.0902198776602745,0.3961818516254425,0.12586957216262817,-0.05370505899190903,0.439491331577301,0.08722304552793503,-0.07604425400495529,0.4700798988342285,0.06255821883678436,-0.07814010232686996,0.4917735755443573,0.04836852476000786,-0.07705137878656387,0.41587114334106445,0.14969031512737274,-0.05930459871888161,0.44717562198638916,0.11127405613660812,-0.0730009451508522,0.46518924832344055,0.08570035547018051,-0.07311046123504639,0.478277325630188,0.06737452745437622,-0.07188354432582855,Right,0.9989175200462341
8827,126,0,0.589571475982666,0.16653716564178467,-2.2742310079593153e-07,0.5641465783119202,0.1133161187171936,-0.00811663456261158,0.5580852627754211,0.06887771189212799,-0.02087835781276226,0.5509451627731323,0.04123985767364502,-0.032424863427877426,0.5390928387641907,0.02158769592642784,-0.045032694935798645,0.6051661372184753,0.04753049463033676,-0.042628683149814606,0.5708272457122803,0.011756852269172668,-0.06602724641561508,0.538421094417572,0.010298274457454681,-0.07707484811544418,0.515586793422699,0.01639852300286293,-0.08234630525112152,0.6068466901779175,0.07787394523620605,-0.04951867461204529,0.5729125142097473,0.03777594491839409,-0.07488732039928436,0.5372389554977417,0.042706117033958435,-0.0797022357583046,0.5175520777702332,0.056545376777648926,-0.08085238933563232,0.5971698760986328,0.10995007306337357,-0.056177690625190735,0.5599551796913147,0.07538767158985138,-0.07823508977890015,0.5293741226196289,0.07636085897684097,-0.07723137736320496,0.5152738094329834,0.08534996211528778,-0.07373058795928955,0.5804739594459534,0.1392863392829895,-0.06258867681026459,0.5519629716873169,0.10374198108911514,-0.07797718048095703,0.5331981182098389,0.09714187681674957,-0.07716933637857437,0.5245664715766907,0.09908445179462433,-0.07461129128932953,Left,0.9951953887939453
8827,126,1,0.4062310457229614,0.16508778929710388,4.6776494855294004e-07,0.4082842469215393,0.11563686281442642,-0.014543706551194191,0.4149278402328491,0.07078254222869873,-0.03270334005355835,0.4349154829978943,0.04216155782341957,-0.048795927315950394,0.4579409658908844,0.0230041965842247,-0.06527139246463776,0.37615397572517395,0.06351228058338165,-0.04864076152443886,0.42169517278671265,0.032462991774082184,-0.0734727755188942,0.45557403564453125,0.018102481961250305,-0.08892210572957993,0.48244863748550415,0.01068192720413208,-0.09838949143886566,0.38119181990623474,0.09707602858543396,-0.05255868658423424,0.43129217624664307,0.06170538812875748,-0.07724457234144211,0.46805888414382935,0.04316767677664757,-0.08522603660821915,0.4940114915370941,0.03136825188994408,-0.09029246121644974,0.3956499695777893,0.12728196382522583,-0.056517813354730606,0.44259387254714966,0.0893741026520729,-0.07667480409145355,0.47251251339912415,0.06499698013067245,-0.07811138033866882,0.4931691884994507,0.050000257790088654,-0.0772528126835823,0.41512081027030945,0.14990119636058807,-0.061434779316186905,0.4491391181945801,0.11210346966981888,-0.07267536222934723,0.4671180844306946,0.08680836111307144,-0.07213769108057022,0.47955572605133057,0.06837071478366852,-0.07105473428964615,Right,0.9987384080886841
8870,127,0,0.5875706672668457,0.168280690908432,-2.3322047582041705e-07,0.5585408806800842,0.11351192742586136,-0.008038194850087166,0.551866888999939,0.06929218024015427,-0.021564088761806488,0.5449777841567993,0.04378350079059601,-0.03423522412776947,0.5346740484237671,0.026100628077983856,-0.04811112955212593,0.6073126196861267,0.04938066750764847,-0.04099147021770477,0.5715632438659668,0.011899270117282867,-0.06529565900564194,0.538690447807312,0.00958317518234253,-0.07840239256620407,0.5164343118667603,0.01481819897890091,-0.08515174686908722,0.6075848937034607,0.07950922101736069,-0.04792951047420502,0.5726290941238403,0.03790787607431412,-0.0732874944806099,0.5375179648399353,0.04293884336948395,-0.07951390743255615,0.5188928246498108,0.05523589998483658,-0.08203045278787613,0.5966837406158447,0.11041485518217087,-0.05481206253170967,0.5599635243415833,0.0741996094584465,-0.07658280432224274,0.5298274755477905,0.0743350088596344,-0.07666289806365967,0.5157907009124756,0.08121757954359055,-0.07432068884372711,0.5786769390106201,0.1377774477005005,-0.06152883172035217,0.5494240522384644,0.10338662564754486,-0.07632853835821152,0.529671311378479,0.09545481950044632,-0.07621674984693527,0.5194400548934937,0.09433872997760773,-0.07460237294435501,Left,0.9942492246627808
8870,127,1,0.4057561755180359,0.16277146339416504,4.431106219726644e-07,0.4111122488975525,0.1136849895119667,-0.01814192906022072,0.42007508873939514,0.0646442174911499,-0.0375109538435936,0.44166386127471924,0.02965860813856125,-0.05401717871427536,0.4629175066947937,0.0015113875269889832,-0.07050751149654388,0.37645232677459717,0.06095036119222641,-0.051539331674575806,0.42552536725997925,0.03129502758383751,-0.07888518273830414,0.4602019488811493,0.019845061004161835,-0.09570712596178055,0.4863046705722809,0.015699297189712524,-0.10561047494411469,0.38039255142211914,0.09500309824943542,-0.054580092430114746,0.43080174922943115,0.06154376640915871,-0.08213405311107635,0.4684305787086487,0.04514048621058464,-0.091621533036232,0.4942868649959564,0.03605962544679642,-0.09718677401542664,0.39429739117622375,0.12592953443527222,-0.058038681745529175,0.4400310218334198,0.09093934297561646,-0.08150821179151535,0.46972498297691345,0.06994200497865677,-0.08360568434000015,0.4891927242279053,0.057314276695251465,-0.08253606408834457,0.4129796624183655,0.14913403987884521,-0.06254889070987701,0.4464789032936096,0.11572781205177307,-0.07632999867200851,0.46429896354675293,0.09360009431838989,-0.0759831964969635,0.4763346016407013,0.07799093425273895,-0.07459219545125961,Right,0.9989263415336609
8914,128,0,0.5924133658409119,0.16825157403945923,-2.0183894378078548e-07,0.5764775276184082,0.10920469462871552,-0.006622756365686655,0.567724347114563,0.06487248837947845,-0.0208054780960083,0.5512532591819763,0.04353057220578194,-0.03425227105617523,0.532933235168457,0.03721975162625313,-0.04939121752977371,0.6121511459350586,0.05449696257710457,-0.04230150580406189,0.5723583102226257,0.016177605837583542,-0.06583733856678009,0.5398379564285278,0.009591668844223022,-0.07814919948577881,0.5164340138435364,0.012339584529399872,-0.0842883288860321,0.6115351319313049,0.08668278157711029,-0.04995303601026535,0.5716513991355896,0.04077767953276634,-0.07185770571231842,0.5370625257492065,0.03883183375000954,-0.07493741065263748,0.516337513923645,0.04834160581231117,-0.07591505348682404,0.5982556343078613,0.11895723640918732,-0.05732088163495064,0.5587753653526306,0.07326755672693253,-0.07747985422611237,0.5292129516601562,0.06569892913103104,-0.07431024312973022,0.5138189196586609,0.07076521217823029,-0.06986317038536072,0.5772611498832703,0.14668646454811096,-0.06433112174272537,0.546590268611908,0.10514181852340698,-0.07961560040712357,0.525585949420929,0.08974950015544891,-0.07749578356742859,0.513005793094635,0.08472764492034912,-0.07404761761426926,Left,0.992732048034668
8914,128,1,0.40450724959373474,0.15937556326389313,4.461690537027607e-07,0.4077478051185608,0.11295206099748611,-0.016530398279428482,0.4164811372756958,0.06518685817718506,-0.034543782472610474,0.438748300075531,0.03230226784944534,-0.049922045320272446,0.4613252878189087,0.008628450334072113,-0.06578051298856735,0.37680384516716003,0.058767568320035934,-0.04913385957479477,0.42759793996810913,0.028070218861103058,-0.07476475834846497,0.46298617124557495,0.017305858433246613,-0.09071425348520279,0.4892273545265198,0.013780206441879272,-0.1001470610499382,0.3812570869922638,0.09162593632936478,-0.05217275395989418,0.43329355120658875,0.05735519528388977,-0.07730062305927277,0.4720277786254883,0.04212825372815132,-0.08605009317398071,0.4984135031700134,0.03280186280608177,-0.09143731743097305,0.3952421545982361,0.12280265241861343,-0.05538693442940712,0.44227007031440735,0.0873589739203453,-0.07709422707557678,0.47310152649879456,0.06705313175916672,-0.07910580933094025,0.49359285831451416,0.05512373149394989,-0.0782138854265213,0.41362833976745605,0.14686468243598938,-0.059450507164001465,0.4474419057369232,0.11320382356643677,-0.07193157821893692,0.46531882882118225,0.09207386523485184,-0.07114468514919281,0.47722601890563965,0.07750534266233444,-0.06962872296571732,Right,0.9990465044975281
8957,129,0,0.5975270867347717,0.16666260361671448,-1.6286377046981215e-07,0.5817798376083374,0.10530658066272736,-0.007860115729272366,0.5705016255378723,0.06106682866811752,-0.023995384573936462,0.5517991185188293,0.04239126294851303,-0.03858012333512306,0.5319172739982605,0.036990534514188766,-0.05525822192430496,0.6104003190994263,0.05652093142271042,-0.049591634422540665,0.5695080161094666,0.02027733623981476,-0.07361879199743271,0.5369460582733154,0.011966891586780548,-0.08549390733242035,0.5132282972335815,0.011573940515518188,-0.09150519222021103,0.6094111204147339,0.09371882677078247,-0.05632545053958893,0.5689936280250549,0.05181410163640976,-0.07815016806125641,0.5357813239097595,0.04618741199374199,-0.07991307228803635,0.5156027674674988,0.05050849914550781,-0.08055078238248825,0.595816433429718,0.12842823565006256,-0.062330860644578934,0.5543047189712524,0.08568397164344788,-0.08239221572875977,0.5281994342803955,0.07277775555849075,-0.07768327742815018,0.515142023563385,0.07259619981050491,-0.07241937518119812,0.5761565566062927,0.15725724399089813,-0.06786200404167175,0.544432520866394,0.1129908412694931,-0.08279578387737274,0.527404248714447,0.0916808620095253,-0.0794544517993927,0.5180708765983582,0.08159831911325455,-0.07526808232069016,Left,0.9911224842071533
8957,129,1,0.4061007797718048,0.15043464303016663,4.464462790565449e-07,0.40413418412208557,0.10051969438791275,-0.011349580250680447,0.40998375415802,0.05954619124531746,-0.027923980727791786,0.42939674854278564,0.03708404675126076,-0.043012458831071854,0.4517974257469177,0.024390220642089844,-0.059246648102998734,0.3804713487625122,0.053868480026721954,-0.04652998968958855,0.42269182205200195,0.027998924255371094,-0.07081098854541779,0.453998863697052,0.01513400673866272,-0.08623269200325012,0.47948282957077026,0.009107686579227448,-0.09576987475156784,0.38408124446868896,0.08516635745763779,-0.05179937928915024,0.4311336874961853,0.05590759590268135,-0.07654385268688202,0.4685630202293396,0.03953667730093002,-0.08531437814235687,0.49536699056625366,0.029301337897777557,-0.0906340703368187,0.39639681577682495,0.11472906172275543,-0.05658731609582901,0.4397824704647064,0.08323118835687637,-0.07776720821857452,0.47076934576034546,0.06253376603126526,-0.08058931678533554,0.4924934506416321,0.04970809817314148,-0.08038601279258728,0.4129045903682709,0.13938666880130768,-0.06177589297294617,0.44477057456970215,0.10992638766765594,-0.07494471222162247,0.4640597999095917,0.08944631367921829,-0.07528857886791229,0.47828003764152527,0.07459185272455215,-0.0744093582034111,Right,0.9981008768081665
8999,130,0,0.5997629761695862,0.1591188609600067,-9.99430298520565e-08,0.5879576802253723,0.10173331946134567,-0.008647424168884754,0.5737330317497253,0.06082005798816681,-0.026446113362908363,0.5517958402633667,0.048339493572711945,-0.04229102283716202,0.5306335091590881,0.051327429711818695,-0.060401882976293564,0.6094608306884766,0.06060783565044403,-0.05315427854657173,0.5670592188835144,0.02408580482006073,-0.07821226865053177,0.5330061316490173,0.015963107347488403,-0.09056983143091202,0.5083760619163513,0.015620052814483643,-0.09667514264583588,0.607603132724762,0.09947988390922546,-0.059457000344991684,0.5683637261390686,0.05562179908156395,-0.08228182792663574,0.5343173742294312,0.0515640527009964,-0.08313112705945969,0.5153453350067139,0.05637626349925995,-0.08269680291414261,0.5938080549240112,0.1340874284505844,-0.06487490981817245,0.5536009073257446,0.09094148129224777,-0.08502893149852753,0.5264240503311157,0.07913447171449661,-0.07844769954681396,0.5146609544754028,0.0787326991558075,-0.07144450396299362,0.5746128559112549,0.1615602672100067,-0.0698850154876709,0.5433090329170227,0.11815105378627777,-0.08324263989925385,0.5280041098594666,0.09843399375677109,-0.07761161774396896,0.5215739011764526,0.089263416826725,-0.07186242192983627,Left,0.992876410484314
9042,131,0,0.5991419553756714,0.1570308804512024,-8.885010771564339e-08,0.5876720547676086,0.10165266692638397,-0.01095516886562109,0.5700660943984985,0.05928701162338257,-0.029419967904686928,0.544395387172699,0.04339590296149254,-0.045059945434331894,0.521834671497345,0.041042111814022064,-0.06253097951412201,0.6071550846099854,0.05926749110221863,-0.05561899021267891,0.5648535490036011,0.0245107039809227,-0.08111000806093216,0.5308170914649963,0.016290374100208282,-0.09368442744016647,0.5062696933746338,0.014076463878154755,-0.09984114021062851,0.6046314239501953,0.09883610904216766,-0.06032232195138931,0.5647618770599365,0.05769248306751251,-0.08531797677278519,0.5289979577064514,0.0519486665725708,-0.08758047223091125,0.50812828540802,0.054765328764915466,-0.08755099773406982,0.590847909450531,0.1324537992477417,-0.06410637497901917,0.5513131022453308,0.09328081458806992,-0.08549223840236664,0.5233505964279175,0.07918775826692581,-0.08010299503803253,0.5106552839279175,0.0752350315451622,-0.07347309589385986,0.5721200108528137,0.15896299481391907,-0.06753426790237427,0.5393093824386597,0.11826308071613312,-0.08124076575040817,0.5238564610481262,0.09936957061290741,-0.07632369548082352,0.5178397297859192,0.09027943015098572,-0.07081039994955063,Left,0.9925957322120667
9042,131,1,0.3963996469974518,0.1312468945980072,4.3845128061548166e-07,0.41325798630714417,0.08757290244102478,-0.005509496200829744,0.43241965770721436,0.046023979783058167,-0.015622010454535484,0.45442190766334534,0.021017014980316162,-0.025606833398342133,0.47341683506965637,0.0034150071442127228,-0.035574860870838165,0.3913595676422119,0.022473013028502464,-0.030177634209394455,0.4324909448623657,0.003703329712152481,-0.05147717148065567,0.46309739351272583,0.003413967788219452,-0.06485467404127121,0.48755693435668945,0.008383873850107193,-0.07289635390043259,0.38458603620529175,0.043240200728178024,-0.037947122007608414,0.4287888705730438,0.018915992230176926,-0.06024815887212753,0.4623622000217438,0.0223696231842041,-0.06891318410634995,0.48677951097488403,0.03163541108369827,-0.07339604943990707,0.38537320494651794,0.07083088904619217,-0.045683927834033966,0.4272156059741974,0.047206927090883255,-0.0659196674823761,0.45764684677124023,0.04768180474638939,-0.06892265379428864,0.47896045446395874,0.0506964735686779,-0.06895207613706589,0.39036309719085693,0.10014377534389496,-0.05347650125622749,0.4237693250179291,0.09083877503871918,-0.06846563518047333,0.44609975814819336,0.0880374163389206,-0.07056974619626999,0.46268531680107117,0.08709590882062912,-0.07054375112056732,Right,0.9883105754852295
9099,132,0,0.5981511473655701,0.1537494659423828,-7.666403689654544e-08,0.5886381268501282,0.09975527971982956,-0.010848304256796837,0.5706427097320557,0.059473879635334015,-0.02922198735177517,0.5426551103591919,0.044207099825143814,-0.04449843615293503,0.5193005800247192,0.04127553850412369,-0.061385709792375565,0.6068810224533081,0.061979081481695175,-0.05659351870417595,0.5653608441352844,0.025717973709106445,-0.08051759749650955,0.5323169827461243,0.015767008066177368,-0.0917017012834549,0.508527398109436,0.013159364461898804,-0.09715457260608673,0.6038835644721985,0.10066025704145432,-0.06077965721487999,0.562088131904602,0.059046100825071335,-0.08417913317680359,0.5278617143630981,0.05188557878136635,-0.08610711991786957,0.5076465010643005,0.05427183955907822,-0.08656413108110428,0.5897013545036316,0.1331266462802887,-0.06382076442241669,0.5478302836418152,0.09423696249723434,-0.08375430107116699,0.5216779708862305,0.08047761768102646,-0.07860579341650009,0.50969398021698,0.07708198577165604,-0.07278884947299957,0.5707331299781799,0.15831628441810608,-0.06648601591587067,0.5375954508781433,0.11741381883621216,-0.07934056222438812,0.5234006643295288,0.09933730959892273,-0.07469484210014343,0.5178169012069702,0.09151128679513931,-0.06985669583082199,Left,0.9906624555587769
9099,132,1,0.41294658184051514,0.13680772483348846,3.9007827012937923e-07,0.43231189250946045,0.09464056044816971,-0.00939653068780899,0.44222795963287354,0.05483881011605263,-0.021458622068166733,0.45113134384155273,0.028156528249382973,-0.033008575439453125,0.4624904990196228,0.008208375424146652,-0.04444735124707222,0.3853374123573303,0.02200385183095932,-0.02953852154314518,0.4287838041782379,0.001754462718963623,-0.054252222180366516,0.46020758152008057,0.0018980950117111206,-0.06987688690423965,0.4856851100921631,0.008631113916635513,-0.07866399735212326,0.37539583444595337,0.04102902486920357,-0.03561191260814667,0.4228017330169678,0.018569737672805786,-0.062274038791656494,0.4600951373577118,0.022902263328433037,-0.07280021905899048,0.48667803406715393,0.03201553598046303,-0.07708421349525452,0.37591633200645447,0.06859242171049118,-0.042352985590696335,0.4192254841327667,0.046506159007549286,-0.06811604648828506,0.45398595929145813,0.0490296445786953,-0.07291010022163391,0.47759827971458435,0.05426053702831268,-0.07206103950738907,0.38275715708732605,0.09897477924823761,-0.049226343631744385,0.4189770221710205,0.08571138978004456,-0.06903345882892609,0.44427481293678284,0.08357230573892593,-0.07266486436128616,0.4622570872306824,0.08395780622959137,-0.07195649296045303,Right,0.9967432022094727
9143,133,0,0.5978776216506958,0.15047118067741394,-6.2166215286652e-08,0.5884127616882324,0.09552855789661407,-0.012458021752536297,0.5690796375274658,0.0550357848405838,-0.03240348398685455,0.5396557450294495,0.039411358535289764,-0.048742152750492096,0.5150383114814758,0.03407725691795349,-0.06655842810869217,0.6073094010353088,0.05835200101137161,-0.06066343933343887,0.5654809474945068,0.025676026940345764,-0.08542265743017197,0.5334303975105286,0.014148242771625519,-0.09678918123245239,0.5097928643226624,0.010205492377281189,-0.10268238931894302,0.6045969128608704,0.09608818590641022,-0.06469867378473282,0.5632665157318115,0.05637709051370621,-0.08933698385953903,0.529574453830719,0.04965481907129288,-0.09190943837165833,0.5093234777450562,0.052680037915706635,-0.09307672083377838,0.5906674861907959,0.1290326714515686,-0.06745506078004837,0.5482564568519592,0.09299682080745697,-0.08848390728235245,0.5213583111763,0.0783163532614708,-0.08399725705385208,0.5084230899810791,0.07413005828857422,-0.07900546491146088,0.5713130831718445,0.15562646090984344,-0.069859080016613,0.5379658341407776,0.11739078164100647,-0.08418401330709457,0.5228185057640076,0.09701935201883316,-0.08073630928993225,0.5161954164505005,0.08662306517362595,-0.07703308016061783,Left,0.9905153512954712
9143,133,1,0.3979560434818268,0.15205784142017365,1.485778966525686e-07,0.4251168668270111,0.1038646548986435,-0.0066856578923761845,0.4373096823692322,0.05936717987060547,-0.016092246398329735,0.448172926902771,0.029252955690026283,-0.025425754487514496,0.46204259991645813,0.006779633462429047,-0.034201480448246,0.3806855082511902,0.021585606038570404,-0.017998075112700462,0.42861926555633545,0.002345055341720581,-0.03847971931099892,0.4611571729183197,0.0046554990112781525,-0.05143870785832405,0.486204594373703,0.010246995836496353,-0.058603812009096146,0.37347912788391113,0.03990203142166138,-0.02434890903532505,0.4246552586555481,0.014524951577186584,-0.04695112258195877,0.4611392319202423,0.021370958536863327,-0.055814214050769806,0.4866136610507965,0.029661154374480247,-0.05855157598853111,0.37601494789123535,0.06685316562652588,-0.031499288976192474,0.4245058000087738,0.043841928243637085,-0.05411755293607712,0.458359956741333,0.047712553292512894,-0.05763876065611839,0.4806958734989166,0.053306881338357925,-0.055421896278858185,0.38560473918914795,0.09591278433799744,-0.03872773423790932,0.42597946524620056,0.08286114782094955,-0.054661158472299576,0.4494391679763794,0.0817677453160286,-0.05644897371530533,0.465320885181427,0.08099767565727234,-0.054349616169929504,Right,0.9993506669998169
9185,134,0,0.5929367542266846,0.14907725155353546,-8.921215055579523e-08,0.586233913898468,0.0937766581773758,-0.013112363405525684,0.5710862278938293,0.05198074132204056,-0.03147546947002411,0.5434550642967224,0.03666183724999428,-0.04694773256778717,0.5192234516143799,0.03449605777859688,-0.0641850084066391,0.6082298755645752,0.05124995857477188,-0.053074806928634644,0.5681571960449219,0.021797172725200653,-0.07747586816549301,0.5354973673820496,0.012692801654338837,-0.0910520926117897,0.5101837515830994,0.010564468801021576,-0.09904279559850693,0.607010006904602,0.08670982718467712,-0.057170044630765915,0.561771035194397,0.05362102389335632,-0.08014826476573944,0.5294555425643921,0.04963456094264984,-0.08492089807987213,0.5103846788406372,0.05393978953361511,-0.08851315826177597,0.5946154594421387,0.12036829441785812,-0.060876645147800446,0.5471088886260986,0.08874744921922684,-0.08124935626983643,0.5204657316207886,0.0758267492055893,-0.07941165566444397,0.5075079798698425,0.07242919504642487,-0.07700285315513611,0.5765584707260132,0.14798957109451294,-0.06452281773090363,0.5409685373306274,0.11421114951372147,-0.08003277331590652,0.5229454040527344,0.09478779137134552,-0.07922545075416565,0.5138182640075684,0.08337642252445221,-0.0777093842625618,Left,0.9957438111305237
9185,134,1,0.3954591155052185,0.15314176678657532,2.853004730241082e-07,0.4239565134048462,0.10331156849861145,-0.00664993841201067,0.433107852935791,0.06014951318502426,-0.015588846057653427,0.4423305094242096,0.02992444857954979,-0.024734679609537125,0.4548860192298889,0.008799418807029724,-0.03312975540757179,0.3786070942878723,0.01889563724398613,-0.019641460850834846,0.42531976103782654,0.0020030029118061066,-0.04100441560149193,0.458334743976593,0.000873710960149765,-0.054772887378931046,0.48425889015197754,0.0039004646241664886,-0.06276246160268784,0.3712419271469116,0.03813236951828003,-0.02618851512670517,0.42187827825546265,0.016332726925611496,-0.0508127361536026,0.4589516818523407,0.02220732718706131,-0.06084684282541275,0.4848158657550812,0.030115336179733276,-0.06425410509109497,0.3741242289543152,0.06553809344768524,-0.033467039465904236,0.42317911982536316,0.047873303294181824,-0.056874897330999374,0.4578791856765747,0.049881309270858765,-0.06136611849069595,0.48073169589042664,0.05307098478078842,-0.059727590531110764,0.3842388093471527,0.0940944105386734,-0.041009046137332916,0.42589709162712097,0.08225024491548538,-0.057165153324604034,0.450401246547699,0.07939720898866653,-0.05987603962421417,0.46781009435653687,0.07723875343799591,-0.058408137410879135,Right,0.9988510608673096
9227,135,0,0.6015890836715698,0.1501590609550476,-1.0918054726971604e-07,0.5886958837509155,0.09710249304771423,-0.011321156285703182,0.5718830227851868,0.055198293179273605,-0.028925936669111252,0.54688960313797,0.03786947950720787,-0.043467871844768524,0.5253340601921082,0.03530837222933769,-0.05962725356221199,0.6071361899375916,0.05024747550487518,-0.05501509830355644,0.5683699250221252,0.018189143389463425,-0.07838726043701172,0.5360561013221741,0.01116567850112915,-0.08831537514925003,0.5112942457199097,0.01021496206521988,-0.09350258111953735,0.6075786352157593,0.08540710806846619,-0.06041698902845383,0.5694705247879028,0.046322133392095566,-0.08638384193181992,0.5344527363777161,0.04414089396595955,-0.09034766256809235,0.5142232775688171,0.04891616106033325,-0.09179249405860901,0.5957367420196533,0.1189531460404396,-0.06473042070865631,0.5514246225357056,0.08384028822183609,-0.08732153475284576,0.5215662121772766,0.0735773965716362,-0.08550451695919037,0.5069623589515686,0.0733598992228508,-0.08195168524980545,0.5777285695075989,0.14720681309700012,-0.06854673475027084,0.5445148348808289,0.1096254363656044,-0.08437682688236237,0.5287423729896545,0.09171489626169205,-0.08314260840415955,0.5216245651245117,0.08234015107154846,-0.0809389054775238,Left,0.9966318607330322
9227,135,1,0.3963843286037445,0.14566504955291748,2.8617259317798016e-07,0.42104730010032654,0.09363711625337601,-0.007998974993824959,0.4301874041557312,0.050674960017204285,-0.018298836424946785,0.4393511116504669,0.021238815039396286,-0.028737667948007584,0.45350462198257446,0.0026236139237880707,-0.03899281471967697,0.378143310546875,0.013337913900613785,-0.023334678262472153,0.4263690114021301,-6.562471389770508e-05,-0.04489264264702797,0.4587673246860504,-0.0001432672142982483,-0.0594780333340168,0.4841294288635254,0.0035868510603904724,-0.06799666583538055,0.373018354177475,0.03829154372215271,-0.029233254492282867,0.42521294951438904,0.02185004949569702,-0.051865193992853165,0.459606796503067,0.02472655102610588,-0.06133735179901123,0.48446279764175415,0.030977517366409302,-0.06556650251150131,0.3773917555809021,0.06968524307012558,-0.0358717106282711,0.42816439270973206,0.05464695766568184,-0.05741424858570099,0.4596548080444336,0.05412418767809868,-0.061517275869846344,0.48158693313598633,0.056169673800468445,-0.06047994643449783,0.38826805353164673,0.09972859174013138,-0.042976751923561096,0.4287136197090149,0.08562739193439484,-0.05765138193964958,0.45010435581207275,0.08098676055669785,-0.05951376631855965,0.465689092874527,0.07785385847091675,-0.05806257575750351,Right,0.9983174800872803
9272,136,0,0.6009358763694763,0.14840227365493774,-8.035572562903326e-08,0.5864460468292236,0.1012255996465683,-0.01168630551546812,0.5697085857391357,0.06270932406187057,-0.031112074851989746,0.5464345812797546,0.04404575377702713,-0.04743434861302376,0.526526153087616,0.03738720342516899,-0.06515296548604965,0.6057434678077698,0.04717016965150833,-0.05850718915462494,0.5678340792655945,0.014563482254743576,-0.08523624390363693,0.5351539850234985,0.008348651230335236,-0.09752264618873596,0.5105074644088745,0.00965912640094757,-0.1034538522362709,0.6071168780326843,0.08236196637153625,-0.06400185823440552,0.5690140724182129,0.042934466153383255,-0.09290182590484619,0.5334747433662415,0.043231844902038574,-0.09755930304527283,0.5133507251739502,0.04955273121595383,-0.09862559288740158,0.5961537957191467,0.11695493757724762,-0.06842666864395142,0.5543555617332458,0.08197450637817383,-0.09376812726259232,0.5230299234390259,0.07450306415557861,-0.09175746142864227,0.5075742602348328,0.07462098449468613,-0.08699856698513031,0.5787137150764465,0.14649277925491333,-0.07219933718442917,0.5454932451248169,0.10894100368022919,-0.08893082290887833,0.5258499979972839,0.09455588459968567,-0.08642478287220001,0.515175998210907,0.08793634921312332,-0.08257482945919037,Left,0.9926199316978455
9272,136,1,0.3988085985183716,0.14482568204402924,2.662328313363105e-07,0.42277270555496216,0.09380589425563812,-0.008543645963072777,0.4337233603000641,0.04892595857381821,-0.01946355029940605,0.4465741813182831,0.017665162682533264,-0.030159935355186462,0.46421605348587036,-0.001819700002670288,-0.04048926383256912,0.3784538507461548,0.015528514981269836,-0.026360584422945976,0.4254375696182251,0.0027628093957901,-0.047392576932907104,0.45749393105506897,0.0026446953415870667,-0.060771942138671875,0.4824851453304291,0.005246028304100037,-0.0686984658241272,0.3735865652561188,0.041397519409656525,-0.03209152817726135,0.4256420433521271,0.02506665512919426,-0.05450521782040596,0.4592870771884918,0.027675935998558998,-0.06270875036716461,0.48374420404434204,0.0328693762421608,-0.06642976403236389,0.37868088483810425,0.07282009720802307,-0.03843815252184868,0.4288620352745056,0.057575151324272156,-0.05975988879799843,0.459832102060318,0.05616997927427292,-0.06281836330890656,0.48161399364471436,0.0578145757317543,-0.06141958385705948,0.38998863101005554,0.10248641669750214,-0.045278724282979965,0.42986738681793213,0.0875263512134552,-0.05956593155860901,0.45126602053642273,0.08203363418579102,-0.061025071889162064,0.46695807576179504,0.07851347327232361,-0.05965826287865639,Right,0.9984817504882812
9315,137,0,0.5949864387512207,0.15248385071754456,-1.1836210234150712e-07,0.5792925357818604,0.10301902890205383,-0.011331737041473389,0.5665026903152466,0.06155792251229286,-0.0289604589343071,0.5474066138267517,0.040579672902822495,-0.04387035220861435,0.5289788842201233,0.03322099521756172,-0.06011586636304855,0.6058222055435181,0.04864463955163956,-0.053327206522226334,0.5682585835456848,0.015171919018030167,-0.07893316447734833,0.5360534191131592,0.008521780371665955,-0.09159529209136963,0.5114533305168152,0.009668689221143723,-0.09802061319351196,0.6073032021522522,0.08214380592107773,-0.05871566757559776,0.5691229104995728,0.04397829622030258,-0.08483922481536865,0.5337252020835876,0.04435250535607338,-0.08928360790014267,0.5130849480628967,0.051208171993494034,-0.09094385802745819,0.5966814756393433,0.11589531600475311,-0.06343773752450943,0.5577786564826965,0.08065643161535263,-0.0865757018327713,0.5266057848930359,0.07392220199108124,-0.08461695164442062,0.5102291107177734,0.07500569522380829,-0.08071866631507874,0.5790289044380188,0.14495240151882172,-0.06779327243566513,0.5479038953781128,0.10880063474178314,-0.08387009799480438,0.528444766998291,0.09595953673124313,-0.0818895772099495,0.5173376798629761,0.09013970196247101,-0.07876428216695786,Left,0.9901729226112366
9315,137,1,0.3963983654975891,0.14904719591140747,2.732729456056404e-07,0.4202394187450409,0.09909532964229584,-0.010785937309265137,0.4306511878967285,0.05504342541098595,-0.02310480736196041,0.4418063461780548,0.025582067668437958,-0.03457500413060188,0.4564400017261505,0.007093712687492371,-0.04533609747886658,0.3784908354282379,0.01906770095229149,-0.03168260306119919,0.4260014593601227,0.002133626490831375,-0.053385429084300995,0.4584197402000427,0.0037433691322803497,-0.06529661267995834,0.4811457395553589,0.008951839059591293,-0.07168672978878021,0.37368887662887573,0.04669507220387459,-0.03642340004444122,0.42466700077056885,0.027209969237446785,-0.060453008860349655,0.45944708585739136,0.030736150220036507,-0.0679979920387268,0.48240700364112854,0.036975979804992676,-0.07071121782064438,0.37935858964920044,0.07947030663490295,-0.04172832518815994,0.42807480692863464,0.061453692615032196,-0.06427440792322159,0.45998653769493103,0.05932551622390747,-0.06712282449007034,0.48083630204200745,0.06043270602822304,-0.06516490876674652,0.39144274592399597,0.10977952927350998,-0.0474892184138298,0.4322690963745117,0.09061431139707565,-0.06224381923675537,0.45428478717803955,0.08042284846305847,-0.06391378492116928,0.4693140685558319,0.07267351448535919,-0.06259404867887497,Right,0.9981334805488586
9357,138,0,0.5983756184577942,0.15904933214187622,-1.585951423521692e-07,0.579609215259552,0.10659447312355042,-0.009857180528342724,0.5668303966522217,0.06431138515472412,-0.02637399174273014,0.5489586591720581,0.0427917018532753,-0.04074801877140999,0.5302461981773376,0.03365514799952507,-0.05656035989522934,0.607487678527832,0.04959133639931679,-0.05052008107304573,0.5681566596031189,0.016214799135923386,-0.07661035656929016,0.535430371761322,0.010208915919065475,-0.08935647457838058,0.5109274387359619,0.011471275240182877,-0.09578274935483932,0.6089909672737122,0.08214008063077927,-0.05716120824217796,0.5696974992752075,0.04250705987215042,-0.08454513549804688,0.5337818264961243,0.044503360986709595,-0.08907495439052582,0.5134131908416748,0.05271236598491669,-0.09026076644659042,0.5979509949684143,0.11570541560649872,-0.06332629919052124,0.5569325685501099,0.08003891259431839,-0.08756523579359055,0.5254198312759399,0.07449986785650253,-0.08567071706056595,0.5093609690666199,0.076584592461586,-0.08141207695007324,0.5796459913253784,0.1457616090774536,-0.06906557083129883,0.5480082035064697,0.10978567600250244,-0.08547981828451157,0.5285643339157104,0.09684592485427856,-0.08370691537857056,0.5179129242897034,0.09100311994552612,-0.08063674718141556,Left,0.9917703866958618
9357,138,1,0.39662936329841614,0.14985531568527222,2.651630381933501e-07,0.42339026927948,0.09856056421995163,-0.008542065508663654,0.4344993233680725,0.05487746745347977,-0.02063346654176712,0.4445812702178955,0.024989228695631027,-0.03241091966629028,0.4581589996814728,0.004290960729122162,-0.04396870359778404,0.37960588932037354,0.01973303034901619,-0.030549610033631325,0.4272170960903168,0.002082493156194687,-0.05493035539984703,0.4591785967350006,0.0041448697447776794,-0.06934437900781631,0.482895165681839,0.011097244918346405,-0.07701162248849869,0.37363553047180176,0.04708915576338768,-0.03727968782186508,0.4245567321777344,0.02556488662958145,-0.06355127692222595,0.4596560299396515,0.03047625534236431,-0.07296597957611084,0.4834764897823334,0.038727544248104095,-0.07647407054901123,0.37815403938293457,0.08051162958145142,-0.04454507306218147,0.42405515909194946,0.06074616312980652,-0.06871629506349564,0.45625847578048706,0.060702256858348846,-0.0722653940320015,0.47753411531448364,0.063145212829113,-0.07055208832025528,0.38860663771629333,0.11205317080020905,-0.05200466886162758,0.42287057638168335,0.09714952111244202,-0.06806615740060806,0.4415344297885895,0.09099540114402771,-0.06994245946407318,0.45427191257476807,0.08587974309921265,-0.06862878054380417,Right,0.9986932873725891
9398,139,0,0.5924376249313354,0.1586812138557434,-1.4828611938355607e-07,0.5752609968185425,0.10633417963981628,-0.00951447058469057,0.565270185470581,0.06451410055160522,-0.026347823441028595,0.5493593811988831,0.041664402931928635,-0.041054174304008484,0.5318374037742615,0.03275072202086449,-0.05709657073020935,0.6065977215766907,0.0481506809592247,-0.05031323432922363,0.56861412525177,0.015430212020874023,-0.07576499879360199,0.537123441696167,0.009482011198997498,-0.08823199570178986,0.5134587287902832,0.010586712509393692,-0.09469693899154663,0.6077996492385864,0.0811479240655899,-0.0573018416762352,0.5693014860153198,0.04111175239086151,-0.08399858325719833,0.5346758961677551,0.04257986322045326,-0.08930685371160507,0.5145701766014099,0.050347551703453064,-0.09153851121664047,0.5972710847854614,0.11501782387495041,-0.06367148458957672,0.556877613067627,0.07930692285299301,-0.08736564218997955,0.525812566280365,0.07427716255187988,-0.08659479767084122,0.5094352960586548,0.07655514776706696,-0.08354383707046509,0.5803524851799011,0.14483234286308289,-0.06957032531499863,0.5489546060562134,0.10835911333560944,-0.08557100594043732,0.5296882390975952,0.09753082692623138,-0.08431080728769302,0.5187067985534668,0.09397999197244644,-0.08198869973421097,Left,0.9906328916549683
9398,139,1,0.3982946574687958,0.15036055445671082,2.291399283649298e-07,0.42487624287605286,0.09915778785943985,-0.007689906749874353,0.43584126234054565,0.05524946004152298,-0.019058778882026672,0.4443724453449249,0.024818766862154007,-0.03018127754330635,0.4563171863555908,0.0018716156482696533,-0.04069757089018822,0.38254302740097046,0.02226262167096138,-0.027892855927348137,0.4296475946903229,-0.0027108564972877502,-0.05323820561170578,0.4623434543609619,0.003875095397233963,-0.06754769384860992,0.4845506548881531,0.017528962343931198,-0.07423732429742813,0.37566521763801575,0.0464647002518177,-0.034898217767477036,0.42598485946655273,0.015963274985551834,-0.06111299619078636,0.4605158865451813,0.027563296258449554,-0.06950075924396515,0.4810684025287628,0.04141818732023239,-0.07142115384340286,0.37826284766197205,0.07818295061588287,-0.042649347335100174,0.42527851462364197,0.054812002927064896,-0.06658311933279037,0.45648983120918274,0.06040635704994202,-0.06870254874229431,0.4739304184913635,0.06699071079492569,-0.06550788134336472,0.3866361379623413,0.11028134077787399,-0.0504770427942276,0.4224182069301605,0.09733648598194122,-0.06562592834234238,0.44095394015312195,0.09422711282968521,-0.0659879669547081,0.45101067423820496,0.09190989285707474,-0.06330954283475876,Right,0.9981610178947449
9441,140,0,0.5920180082321167,0.15984036028385162,-1.885874070239879e-07,0.5734983682632446,0.10750717669725418,-0.009208452887833118,0.5634109973907471,0.06325938552618027,-0.02397550642490387,0.5466881990432739,0.0378684438765049,-0.03687715530395508,0.5275231599807739,0.026425626128911972,-0.05108223482966423,0.6044238209724426,0.0464119128882885,-0.045474763959646225,0.5654374957084656,0.012472495436668396,-0.06907977163791656,0.5339797735214233,0.007740810513496399,-0.0803631842136383,0.5107054114341736,0.009352095425128937,-0.08622453361749649,0.6066858172416687,0.07740804553031921,-0.052032340317964554,0.5691909193992615,0.036731477826833725,-0.07770625501871109,0.5348652601242065,0.04012713208794594,-0.08293502032756805,0.5146752595901489,0.04930172115564346,-0.08493635058403015,0.5967031717300415,0.1094789206981659,-0.05821361020207405,0.555982232093811,0.07481338828802109,-0.0809447169303894,0.5252091884613037,0.07056334614753723,-0.08082642406225204,0.5085121393203735,0.07365617901086807,-0.07838460057973862,0.5794323682785034,0.13806194067001343,-0.06403257697820663,0.5474148988723755,0.10392524302005768,-0.08019344508647919,0.5277016162872314,0.09141603112220764,-0.08051303029060364,0.5158255696296692,0.08529479801654816,-0.07934816926717758,Left,0.991304874420166
9441,140,1,0.4011211395263672,0.15685558319091797,4.930076613618439e-08,0.4302407503128052,0.10952794551849365,-0.002803688170388341,0.4429139196872711,0.06356891244649887,-0.010963492095470428,0.4517170488834381,0.030191009864211082,-0.02028130367398262,0.46187227964401245,0.003965850919485092,-0.029015840962529182,0.3978644609451294,0.029425745829939842,-0.020060835406184196,0.4329494833946228,0.0010870061814785004,-0.0404525063931942,0.46004924178123474,0.013624422252178192,-0.050849057734012604,0.47186174988746643,0.0329536497592926,-0.05541764199733734,0.3897791802883148,0.047158513218164444,-0.028619010001420975,0.43310466408729553,0.01592453196644783,-0.048632796853780746,0.46227967739105225,0.03190877288579941,-0.05435187742114067,0.47367146611213684,0.05265871807932854,-0.0554983988404274,0.38894423842430115,0.07556430250406265,-0.03764953464269638,0.4293673038482666,0.052192021161317825,-0.0565071739256382,0.4565199315547943,0.06428761780261993,-0.05644717067480087,0.4678783714771271,0.07827857881784439,-0.05320727080106735,0.3933301270008087,0.10918743908405304,-0.046572595834732056,0.4262315332889557,0.10149127244949341,-0.06018120050430298,0.44464078545570374,0.10469779372215271,-0.05991335213184357,0.45296511054039,0.10925820469856262,-0.05720595270395279,Right,0.9988293051719666
9482,141,0,0.5920026898384094,0.1619448959827423,-1.8878439789205004e-07,0.5709458589553833,0.10923317819833755,-0.007668050471693277,0.5608150362968445,0.06719736009836197,-0.022336356341838837,0.5470925569534302,0.044860173016786575,-0.03593766689300537,0.531507670879364,0.03691822290420532,-0.05104134976863861,0.6043318510055542,0.04477601498365402,-0.04236414656043053,0.5660104155540466,0.011069122701883316,-0.06775221228599548,0.5341498255729675,0.006415382027626038,-0.08186072111129761,0.5106614828109741,0.008238837122917175,-0.08937627822160721,0.6064911484718323,0.07464894652366638,-0.05006838217377663,0.5692837834358215,0.03550240397453308,-0.07561809569597244,0.5351796746253967,0.04017570614814758,-0.0812726616859436,0.5154257416725159,0.051589109003543854,-0.083490751683712,0.5966363549232483,0.1070767417550087,-0.05769020691514015,0.5572435259819031,0.07346063107252121,-0.07985705882310867,0.5269927978515625,0.07084167003631592,-0.07941768318414688,0.5108797550201416,0.07532251626253128,-0.07667113095521927,0.5796117782592773,0.13682228326797485,-0.06507153809070587,0.548530638217926,0.10378336161375046,-0.0801941528916359,0.5285869240760803,0.09255534410476685,-0.07960985600948334,0.5167911648750305,0.08793801069259644,-0.07770024985074997,Left,0.9915852546691895
9482,141,1,0.4046337306499481,0.15434977412223816,8.308072807494682e-08,0.4340883195400238,0.10591404139995575,-0.0018595095025375485,0.4457951486110687,0.05764300003647804,-0.009028259664773941,0.45151594281196594,0.02165708690881729,-0.01766354776918888,0.45754849910736084,-0.00935981422662735,-0.026127906516194344,0.4043036997318268,0.025331001728773117,-0.022396652027964592,0.43287408351898193,-0.005369901657104492,-0.04382622614502907,0.454611599445343,0.0014440901577472687,-0.05466316640377045,0.4638325572013855,0.014281019568443298,-0.059944361448287964,0.394096702337265,0.04526336491107941,-0.03224095329642296,0.4353201389312744,0.018627680838108063,-0.05512009561061859,0.4594435393810272,0.03859157860279083,-0.06177956983447075,0.4665094017982483,0.05816059187054634,-0.06369169056415558,0.3911276161670685,0.07666756212711334,-0.042261604219675064,0.43017539381980896,0.05684676393866539,-0.06379081308841705,0.45207157731056213,0.07331227511167526,-0.06372932344675064,0.4595763087272644,0.08636361360549927,-0.06059330701828003,0.39319926500320435,0.11286979168653488,-0.052051108330488205,0.4226846992969513,0.10841000080108643,-0.06800656765699387,0.44123902916908264,0.11324495077133179,-0.0681547224521637,0.45170748233795166,0.11698910593986511,-0.06576716154813766,Right,0.9991838335990906
9524,142,0,0.5876558423042297,0.1607227325439453,-2.0816271728563152e-07,0.5636075139045715,0.1076013445854187,-0.009244229644536972,0.5560663342475891,0.0645056664943695,-0.023864520713686943,0.5458274483680725,0.03995917737483978,-0.03732035309076309,0.5327250957489014,0.02760528028011322,-0.05211781710386276,0.6039443016052246,0.041797857731580734,-0.04308687895536423,0.5656729936599731,0.009231094270944595,-0.06921059638261795,0.5337101817131042,0.004798494279384613,-0.08375284075737,0.5107449293136597,0.006525583565235138,-0.09148101508617401,0.6061710715293884,0.07197124511003494,-0.05026302486658096,0.5685330629348755,0.03377605974674225,-0.07701332122087479,0.5340877771377563,0.03998194634914398,-0.08363965898752213,0.5149655938148499,0.05240786820650101,-0.08636856824159622,0.5971980690956116,0.10449129343032837,-0.05760559067130089,0.5583159923553467,0.07190871983766556,-0.08152619749307632,0.5268548727035522,0.07147608697414398,-0.0824069082736969,0.5107885599136353,0.0775860995054245,-0.08013317734003067,0.5813519358634949,0.13426542282104492,-0.0648103579878807,0.550888180732727,0.10239952057600021,-0.08126755058765411,0.5295220017433167,0.09271790087223053,-0.08198010176420212,0.5172191858291626,0.08954063802957535,-0.08080124855041504,Left,0.9877503514289856
9524,142,1,0.4026390612125397,0.15908251702785492,2.3343948996057406e-08,0.4354420602321625,0.11137884110212326,-0.0026689348742365837,0.4475051164627075,0.06113920360803604,-0.009942792356014252,0.4544614553451538,0.024238307029008865,-0.019224155694246292,0.4626370668411255,-0.007029227912425995,-0.026807943359017372,0.4043305516242981,0.026155322790145874,-0.02113899402320385,0.43312782049179077,-0.004374906420707703,-0.04318344593048096,0.4579101800918579,0.011488866060972214,-0.05262574553489685,0.4645121097564697,0.029609043151140213,-0.0566566027700901,0.3915577232837677,0.04519660025835037,-0.03139525279402733,0.43272799253463745,0.015797000378370285,-0.05581386387348175,0.4570627510547638,0.0435357391834259,-0.060965634882450104,0.4576682448387146,0.06477712094783783,-0.06097843125462532,0.3892590403556824,0.07520707696676254,-0.04217865318059921,0.43007853627204895,0.054271019995212555,-0.06440233439207077,0.4491463899612427,0.08141524344682693,-0.06052427738904953,0.44516879320144653,0.09804581105709076,-0.05436639487743378,0.39328819513320923,0.10808942466974258,-0.05327417328953743,0.4343951940536499,0.10897233337163925,-0.06914503872394562,0.4451659917831421,0.12305058538913727,-0.0676560252904892,0.43924957513809204,0.12984170019626617,-0.0640360414981842,Right,0.9997988343238831
9566,143,0,0.5914731025695801,0.16497504711151123,-2.3441064911366993e-07,0.562173068523407,0.111138716340065,-0.00831858441233635,0.5545423626899719,0.06830412894487381,-0.021293306723237038,0.5470011234283447,0.04380946606397629,-0.03308173269033432,0.5361752510070801,0.028678007423877716,-0.04623662307858467,0.6066162586212158,0.04698627442121506,-0.03987538442015648,0.5681024789810181,0.01222912222146988,-0.06433121860027313,0.5364428162574768,0.005062267184257507,-0.07793030142784119,0.513151228427887,0.005858801305294037,-0.08499140292406082,0.6085513830184937,0.07600978016853333,-0.04664181172847748,0.5696761012077332,0.034590449184179306,-0.07197603583335876,0.5348852276802063,0.04128260910511017,-0.07837554812431335,0.5150797367095947,0.05503356456756592,-0.08074856549501419,0.5987944602966309,0.10697343200445175,-0.05350542068481445,0.5588458180427551,0.07328027486801147,-0.0762747973203659,0.527646541595459,0.0731402337551117,-0.0776710957288742,0.5111915469169617,0.07879601418972015,-0.07568612694740295,0.581576406955719,0.13546209037303925,-0.06011538952589035,0.5515918731689453,0.10328184813261032,-0.07555655390024185,0.5314515233039856,0.09436053037643433,-0.07627163082361221,0.5194214582443237,0.09146103262901306,-0.07507919520139694,Left,0.9968323111534119
9566,143,1,0.4047180414199829,0.15872043371200562,3.281397553678289e-08,0.43721577525138855,0.11078807711601257,-0.0049286349676549435,0.44770973920822144,0.06236666440963745,-0.013472139835357666,0.45224466919898987,0.026955652981996536,-0.02371094934642315,0.45569679141044617,-0.0035543888807296753,-0.0319741889834404,0.40567952394485474,0.023485243320465088,-0.022205404937267303,0.43049031496047974,-0.007046051323413849,-0.04491335153579712,0.45479100942611694,0.008400287479162216,-0.05443896725773811,0.4622650444507599,0.023687265813350677,-0.05846060439944267,0.39221784472465515,0.042847879230976105,-0.03146086260676384,0.43271684646606445,0.018789388239383698,-0.0578790158033371,0.4556276798248291,0.04945332556962967,-0.06279745697975159,0.45454221963882446,0.07000013440847397,-0.06189563870429993,0.3886771500110626,0.07345984876155853,-0.04154505208134651,0.4284902513027191,0.05716471001505852,-0.06565306335687637,0.44638997316360474,0.08512326329946518,-0.060988444834947586,0.4418640732765198,0.1005481481552124,-0.0533590093255043,0.39123979210853577,0.1070135086774826,-0.052093375474214554,0.43032339215278625,0.10968515276908875,-0.06913372129201889,0.44315385818481445,0.12207619845867157,-0.06734796613454819,0.439113050699234,0.12655562162399292,-0.06271824985742569,Right,0.9997842311859131
9608,144,0,0.5894133448600769,0.16674329340457916,-2.1931859350843297e-07,0.5643309950828552,0.112017422914505,-0.007817101664841175,0.5571182370185852,0.06978859752416611,-0.020693067461252213,0.5471223592758179,0.04526826739311218,-0.03269161283969879,0.5334086418151855,0.0336906835436821,-0.04611004889011383,0.6081911325454712,0.050345614552497864,-0.036995839327573776,0.5702825784683228,0.016221720725297928,-0.06002412736415863,0.5380528569221497,0.010398581624031067,-0.07337812334299088,0.5141378045082092,0.01179279014468193,-0.080516017973423,0.6095134019851685,0.08066049218177795,-0.04373202100396156,0.5725014209747314,0.039270441979169846,-0.06647032499313354,0.5384379029273987,0.039520513266325,-0.07270277291536331,0.5171882510185242,0.04816897213459015,-0.07585226744413376,0.5992450714111328,0.11249130964279175,-0.05058756843209267,0.5606563687324524,0.07717053592205048,-0.07124415040016174,0.529765784740448,0.07147516310214996,-0.07231363654136658,0.5118905305862427,0.07417380064725876,-0.07081270962953568,0.5818941593170166,0.14084655046463013,-0.05729188397526741,0.5526014566421509,0.10613974183797836,-0.07172092795372009,0.5320009589195251,0.09389693289995193,-0.0721624568104744,0.51865154504776,0.08862826973199844,-0.07111648470163345,Left,0.995707094669342
9608,144,1,0.40940573811531067,0.17193368077278137,-5.7903246641899386e-08,0.44430914521217346,0.1253831386566162,-0.003661603666841984,0.45753028988838196,0.07643947005271912,-0.010975033976137638,0.465838223695755,0.03976187855005264,-0.020279614254832268,0.47483283281326294,0.010811828076839447,-0.02769094705581665,0.41222310066223145,0.032235585153102875,-0.015676211565732956,0.4489329159259796,0.003868047147989273,-0.036923713982105255,0.4702508747577667,0.024021729826927185,-0.04716651886701584,0.4737916588783264,0.04566255211830139,-0.05188215896487236,0.3982189893722534,0.04794738069176674,-0.025087526068091393,0.44190797209739685,0.018621396273374557,-0.04857751354575157,0.4625653028488159,0.052161626517772675,-0.05421529337763786,0.4603632688522339,0.0773199051618576,-0.054093874990940094,0.39370864629745483,0.07536160945892334,-0.035533905029296875,0.4341111481189728,0.05533841997385025,-0.05775614082813263,0.4519341289997101,0.08722958713769913,-0.05527662858366966,0.4476225674152374,0.10642875730991364,-0.04952344670891762,0.3956073522567749,0.10732249915599823,-0.04629954695701599,0.43673792481422424,0.10924848914146423,-0.06218486651778221,0.4492794871330261,0.12710118293762207,-0.06132662296295166,0.44521740078926086,0.13645997643470764,-0.05779411643743515,Right,0.9994944930076599
9650,145,0,0.5933741927146912,0.16733776032924652,-2.2183621695148759e-07,0.5691840648651123,0.11156174540519714,-0.00799653772264719,0.5606852173805237,0.06818695366382599,-0.021518483757972717,0.5485287308692932,0.045098066329956055,-0.033876460045576096,0.5318427681922913,0.03531255945563316,-0.047809332609176636,0.6072108745574951,0.051161643117666245,-0.04115778207778931,0.5675075054168701,0.01662561297416687,-0.0649372935295105,0.5349084734916687,0.012431733310222626,-0.07757674902677536,0.5111697912216187,0.01430514082312584,-0.08406119048595428,0.608644425868988,0.08255966007709503,-0.04800596088171005,0.5710362792015076,0.04360561445355415,-0.07228279113769531,0.536855161190033,0.04407532513141632,-0.07769598811864853,0.5154350399971008,0.05192350596189499,-0.07995709776878357,0.5981040596961975,0.11488351225852966,-0.054757505655288696,0.5599857568740845,0.08124424517154694,-0.076544851064682,0.5300955772399902,0.07412803173065186,-0.07710946351289749,0.5126279592514038,0.0747639611363411,-0.07510771602392197,0.5801893472671509,0.14347407221794128,-0.0611937940120697,0.5504470467567444,0.10974154621362686,-0.07638014107942581,0.5313585996627808,0.09524142742156982,-0.07680781930685043,0.519437313079834,0.08632820844650269,-0.0756840929389,Left,0.994219958782196
9650,145,1,0.414045512676239,0.1698659360408783,-1.0874700961949202e-07,0.44911855459213257,0.1296214908361435,-0.004498366732150316,0.4635680317878723,0.07796867936849594,-0.010734575800597668,0.4699971079826355,0.039023928344249725,-0.018627073615789413,0.47370725870132446,0.009118888527154922,-0.02408428117632866,0.4245634377002716,0.029852446168661118,-0.015038279816508293,0.45395830273628235,-0.002266928553581238,-0.03656337037682533,0.4737620949745178,0.026807118207216263,-0.04534890130162239,0.4741627275943756,0.050674162805080414,-0.04838976636528969,0.40918439626693726,0.045845821499824524,-0.023499082773923874,0.449240505695343,0.01856468990445137,-0.04652834311127663,0.4692208170890808,0.05554039031267166,-0.051189981400966644,0.46468135714530945,0.07658077776432037,-0.05043111369013786,0.4013914465904236,0.07314538210630417,-0.03341938555240631,0.43970492482185364,0.05412596836686134,-0.05556590482592583,0.4566178321838379,0.08620191365480423,-0.05294525623321533,0.4513084888458252,0.10156973451375961,-0.047244586050510406,0.3998362421989441,0.10563859343528748,-0.04355064406991005,0.4392099678516388,0.10543550550937653,-0.05873370170593262,0.45277372002601624,0.12347014993429184,-0.057400163263082504,0.4494197964668274,0.13179636001586914,-0.05360480025410652,Right,0.9996288418769836
9694,146,0,0.5884437561035156,0.16635164618492126,-1.9935588113639824e-07,0.5614373683929443,0.11186434328556061,-0.009013990871608257,0.5535889863967896,0.07044798135757446,-0.02380603738129139,0.5430430173873901,0.049930937588214874,-0.03740544244647026,0.5285404920578003,0.04241860285401344,-0.05256181210279465,0.6056513786315918,0.05155353620648384,-0.04278802126646042,0.5676040053367615,0.01790332794189453,-0.06726732850074768,0.5348688960075378,0.013606153428554535,-0.08091909438371658,0.5114507079124451,0.015633810311555862,-0.08835364878177643,0.607727587223053,0.08273206651210785,-0.04962781444191933,0.5712239742279053,0.04437647759914398,-0.07445795089006424,0.53697669506073,0.046471282839775085,-0.08064519613981247,0.5165712833404541,0.05496257543563843,-0.08366509526968002,0.5973500609397888,0.11505067348480225,-0.056411877274513245,0.5597248077392578,0.08196898549795151,-0.0786295086145401,0.530354380607605,0.07677270472049713,-0.07956981658935547,0.5140716433525085,0.07870186865329742,-0.07792671769857407,0.5797984004020691,0.14371448755264282,-0.06299054622650146,0.549910843372345,0.11002479493618011,-0.07828867435455322,0.530271053314209,0.09644440561532974,-0.07868867367506027,0.5183417201042175,0.08914852142333984,-0.07771257311105728,Left,0.9897786974906921
9694,146,1,0.41780775785446167,0.17282526195049286,-9.705684078653576e-08,0.4542052447795868,0.13058222830295563,-0.003644737647846341,0.46625393629074097,0.07697536796331406,-0.009834010154008865,0.4702759385108948,0.0376560278236866,-0.01805840991437435,0.4728427827358246,0.004532210528850555,-0.023731505498290062,0.42530620098114014,0.028582602739334106,-0.016352081671357155,0.4573425352573395,-0.0060842037200927734,-0.03896329924464226,0.4770614504814148,0.024013079702854156,-0.04852202534675598,0.47725850343704224,0.0490410141646862,-0.05198623612523079,0.4091701805591583,0.04450056329369545,-0.025609448552131653,0.4521730840206146,0.018633395433425903,-0.050155866891145706,0.470196008682251,0.057606685906648636,-0.055489957332611084,0.4638347625732422,0.07864495366811752,-0.05518476665019989,0.40212082862854004,0.07232899218797684,-0.03611042723059654,0.444317489862442,0.054210320115089417,-0.058970410376787186,0.4591546058654785,0.08988957107067108,-0.05582024157047272,0.45207977294921875,0.10598291456699371,-0.0498022623360157,0.40198689699172974,0.10433799773454666,-0.046860139816999435,0.4451456665992737,0.1073656976222992,-0.06255388259887695,0.4561372399330139,0.12822923064231873,-0.06116630882024765,0.45043402910232544,0.1361345648765564,-0.057306863367557526,Right,0.9996358752250671
9733,147,0,0.5940910577774048,0.16994604468345642,-2.134565875167027e-07,0.573824405670166,0.11464280635118484,-0.006641456391662359,0.565453052520752,0.07191425561904907,-0.019780471920967102,0.5520983338356018,0.04945365712046623,-0.031765587627887726,0.5349194407463074,0.04080680385231972,-0.045407045632600784,0.6068962812423706,0.057192206382751465,-0.04046232998371124,0.5683844089508057,0.022076155990362167,-0.0632229596376419,0.5356975197792053,0.015306700021028519,-0.07500621676445007,0.5111653208732605,0.0155620276927948,-0.08087863028049469,0.6080880761146545,0.08794215321540833,-0.047235336154699326,0.5701536536216736,0.047607164829969406,-0.06961937993764877,0.5365263223648071,0.04737728089094162,-0.0734013095498085,0.5156769156455994,0.05557069927453995,-0.07473950833082199,0.5970015525817871,0.11907947808504105,-0.053745340555906296,0.5585696697235107,0.08427906036376953,-0.07373656332492828,0.529401421546936,0.0759044960141182,-0.07282227277755737,0.5125381946563721,0.07669463008642197,-0.0700155645608902,0.5788103342056274,0.14646390080451965,-0.05983687564730644,0.54991215467453,0.11153638362884521,-0.0736028403043747,0.5325238704681396,0.09644810855388641,-0.07284869998693466,0.5218890309333801,0.08788640052080154,-0.07096279412508011,Left,0.9956429600715637
9733,147,1,0.4138331413269043,0.1771446168422699,-1.2740210308948008e-07,0.45369666814804077,0.13148227334022522,-0.0032631433568894863,0.46688514947891235,0.07775494456291199,-0.010030764155089855,0.4726587235927582,0.039502471685409546,-0.01934816502034664,0.4772742986679077,0.007707145065069199,-0.025959696620702744,0.4253266751766205,0.03038879483938217,-0.015059472993016243,0.46071240305900574,-0.004150941967964172,-0.039539746940135956,0.4785337448120117,0.028236694633960724,-0.050302114337682724,0.4778062105178833,0.05347195267677307,-0.05452261492609978,0.4094866216182709,0.04688166826963425,-0.025275928899645805,0.45324552059173584,0.019175484776496887,-0.052514348179101944,0.4708985686302185,0.05958150699734688,-0.05831626430153847,0.46523037552833557,0.0812060534954071,-0.05769918113946915,0.4026791751384735,0.07444395124912262,-0.036992404609918594,0.44529035687446594,0.0556672029197216,-0.061281897127628326,0.4605892300605774,0.09365187585353851,-0.05756266415119171,0.45432958006858826,0.11064554750919342,-0.05067066103219986,0.40313518047332764,0.10551287978887558,-0.049107808619737625,0.44579368829727173,0.10960517823696136,-0.06463728845119476,0.45587441325187683,0.1305716335773468,-0.0629853680729866,0.4497402608394623,0.138014554977417,-0.05893603339791298,Right,0.9994471073150635
9777,148,0,0.5873743295669556,0.17134204506874084,-2.1853072951216745e-07,0.5634992122650146,0.11727269738912582,-0.00873763021081686,0.5559757947921753,0.07494847476482391,-0.022789394482970238,0.5454584360122681,0.05362967401742935,-0.035563874989748,0.5322263240814209,0.04612833634018898,-0.04993876442313194,0.6050226092338562,0.056775081902742386,-0.04263143986463547,0.5662013292312622,0.025851979851722717,-0.06607701629400253,0.5330281257629395,0.02332926169037819,-0.07852429896593094,0.5098327994346619,0.02681858092546463,-0.08508956432342529,0.6074995398521423,0.08826765418052673,-0.049079351127147675,0.5682979822158813,0.05056984722614288,-0.07253961265087128,0.5336239337921143,0.05305501073598862,-0.07764329016208649,0.5130653977394104,0.06273070722818375,-0.08014567941427231,0.5974897742271423,0.12069830298423767,-0.05543983727693558,0.557937741279602,0.08676137030124664,-0.07688409090042114,0.5270460844039917,0.08174692094326019,-0.07732759416103363,0.5095019340515137,0.08550666272640228,-0.07546917349100113,0.5797252655029297,0.14964169263839722,-0.06155666336417198,0.5482571721076965,0.11459389328956604,-0.07700633257627487,0.5265889763832092,0.10128840804100037,-0.07754744589328766,0.5125789642333984,0.09562576562166214,-0.07657617330551147,Left,0.9903689026832581
9777,148,1,0.4178421199321747,0.17722301185131073,-1.2973157481610542e-07,0.4557090401649475,0.13030773401260376,-0.0031128558330237865,0.4698890745639801,0.07967334985733032,-0.010536831803619862,0.47629618644714355,0.04100104421377182,-0.020935531705617905,0.4802865982055664,0.0071069300174713135,-0.029322432354092598,0.42903587222099304,0.032040685415267944,-0.014375387690961361,0.465119332075119,-0.0021072551608085632,-0.03824344649910927,0.4836371839046478,0.030458617955446243,-0.050125569105148315,0.4843403697013855,0.05552665516734123,-0.054985783994197845,0.4140198826789856,0.050732120871543884,-0.024037478491663933,0.4589356780052185,0.030438847839832306,-0.04793790355324745,0.47580939531326294,0.06914941966533661,-0.05309104174375534,0.4708896279335022,0.09087067097425461,-0.05291416868567467,0.40640372037887573,0.08004171401262283,-0.03525439277291298,0.4495236873626709,0.06580160558223724,-0.05660171061754227,0.46437978744506836,0.10203592479228973,-0.05237001180648804,0.4607159495353699,0.12027939409017563,-0.04559190943837166,0.40584596991539,0.11277825385332108,-0.04694604501128197,0.44406506419181824,0.11667458713054657,-0.05985749140381813,0.45544999837875366,0.13555419445037842,-0.05673946812748909,0.453274130821228,0.14459869265556335,-0.051776301115751266,Right,0.9991085529327393
9820,149,0,0.5884754657745361,0.17251744866371155,-2.1982745579407492e-07,0.5668436884880066,0.11791028082370758,-0.008318386971950531,0.5583846569061279,0.07677549123764038,-0.022463198751211166,0.5455544590950012,0.056152865290641785,-0.0353621207177639,0.5297232866287231,0.04865015670657158,-0.0498088002204895,0.6060970425605774,0.060408443212509155,-0.04273267090320587,0.566305935382843,0.027775850147008896,-0.0650569424033165,0.53288733959198,0.024573083966970444,-0.07629602402448654,0.5098759531974792,0.02767280489206314,-0.08221609145402908,0.6075921654701233,0.09199519455432892,-0.049389906227588654,0.5694642663002014,0.05420077592134476,-0.07308686524629593,0.5337628126144409,0.05739383026957512,-0.0781962051987648,0.5130647420883179,0.06770347058773041,-0.08050108700990677,0.5964184403419495,0.12322495132684708,-0.05569000914692879,0.5549399256706238,0.09138640016317368,-0.07653315365314484,0.5235639214515686,0.08770576119422913,-0.07707229256629944,0.5069599151611328,0.0917992815375328,-0.07559525221586227,0.5779792666435242,0.15023675560951233,-0.06169771030545235,0.547095537185669,0.11707603931427002,-0.07609864324331284,0.5266300439834595,0.10393717885017395,-0.0763244554400444,0.5143042206764221,0.09770595282316208,-0.0754951685667038,Left,0.9947732090950012
9820,149,1,0.42129701375961304,0.17588673532009125,-1.3803823151192773e-07,0.45716872811317444,0.12673112750053406,-0.0031607369892299175,0.46942830085754395,0.07649600505828857,-0.01010559219866991,0.47556057572364807,0.03615891933441162,-0.019879963248968124,0.47683268785476685,-0.00024625658988952637,-0.027740366756916046,0.4292728900909424,0.032961972057819366,-0.013127279467880726,0.4653870761394501,-0.0008828938007354736,-0.03564607352018356,0.48309633135795593,0.031244445592164993,-0.04683433100581169,0.48314523696899414,0.05584483593702316,-0.051359642297029495,0.41519618034362793,0.05212807655334473,-0.021706031635403633,0.4596652388572693,0.03494587168097496,-0.0426836796104908,0.47532275319099426,0.07181064039468765,-0.04672912508249283,0.4700234532356262,0.09175608307123184,-0.04677249863743782,0.40829429030418396,0.08191516995429993,-0.031934138387441635,0.4504050612449646,0.06880924105644226,-0.05071808397769928,0.4635355770587921,0.10209435224533081,-0.046108558773994446,0.45912981033325195,0.1184488981962204,-0.039953626692295074,0.40800249576568604,0.11497437953948975,-0.04266652837395668,0.44345253705978394,0.11826257407665253,-0.054046571254730225,0.4543672800064087,0.13453388214111328,-0.050926391035318375,0.45214229822158813,0.14189502596855164,-0.046415816992521286,Right,0.9990234971046448
9863,150,0,0.5920240879058838,0.17335039377212524,-1.9376234661194758e-07,0.5747662782669067,0.1176547110080719,-0.007170215714722872,0.5655514597892761,0.07713544368743896,-0.022358983755111694,0.5497728586196899,0.059404633939266205,-0.0364702008664608,0.5323312878608704,0.057072535157203674,-0.05248694121837616,0.6077911257743835,0.06276188045740128,-0.04540414735674858,0.5662835240364075,0.029488790780305862,-0.06786627322435379,0.5329895615577698,0.02581210806965828,-0.07850658893585205,0.5104770064353943,0.02913612872362137,-0.08404232561588287,0.6079043745994568,0.09480677545070648,-0.052825503051280975,0.5691068172454834,0.055316343903541565,-0.07647223770618439,0.5340881943702698,0.05772814899682999,-0.08057419955730438,0.5135909914970398,0.06806410849094391,-0.08227840065956116,0.5955488085746765,0.1263795793056488,-0.05951279029250145,0.5542891025543213,0.09089713543653488,-0.07988332211971283,0.5240739583969116,0.08734935522079468,-0.07891244441270828,0.5087106823921204,0.09231431037187576,-0.07647377997636795,0.5761064887046814,0.15362629294395447,-0.06576228141784668,0.544529378414154,0.11711195111274719,-0.07972265034914017,0.5240160226821899,0.10359855741262436,-0.07888101041316986,0.5118374228477478,0.09801989048719406,-0.07728447020053864,Left,0.9928789138793945
9863,150,1,0.4184015393257141,0.17721889913082123,-1.5165950628670544e-07,0.45556551218032837,0.1314941942691803,-0.004382270388305187,0.4705430865287781,0.08153112232685089,-0.012214474380016327,0.4793028235435486,0.041970230638980865,-0.022674214094877243,0.4810679256916046,0.006781943142414093,-0.03070407547056675,0.4309229254722595,0.03549709543585777,-0.014578123576939106,0.46572524309158325,1.5072524547576904e-05,-0.03835194185376167,0.4833986759185791,0.03432777523994446,-0.04958318546414375,0.4829298257827759,0.06113031506538391,-0.05390074849128723,0.41570794582366943,0.0539235919713974,-0.023412305861711502,0.4594026207923889,0.03409924358129501,-0.04680329188704491,0.47499337792396545,0.07318136096000671,-0.05140342935919762,0.46880751848220825,0.09345337003469467,-0.05108926445245743,0.40827375650405884,0.08317641168832779,-0.034049175679683685,0.4513044059276581,0.06941322237253189,-0.054410066455602646,0.46430546045303345,0.10463157296180725,-0.049862340092659,0.4584539830684662,0.12066521495580673,-0.04336264356970787,0.40800052881240845,0.1156923919916153,-0.04534636437892914,0.44647055864334106,0.11991282552480698,-0.057458311319351196,0.45630577206611633,0.13738363981246948,-0.054573360830545425,0.4517999589443207,0.1439828723669052,-0.05013476312160492,Right,0.9993572235107422
9908,151,0,0.5838329792022705,0.17180046439170837,-1.763752379702055e-07,0.5614611506462097,0.11711680889129639,-0.01005762442946434,0.5535067915916443,0.07667222619056702,-0.026477228850126266,0.5412060618400574,0.060001522302627563,-0.041324350982904434,0.5253831744194031,0.05797084420919418,-0.0578530915081501,0.604173481464386,0.05962563306093216,-0.047400642186403275,0.5652195811271667,0.02834458276629448,-0.07177712023258209,0.5323919653892517,0.02574525773525238,-0.08429607003927231,0.5097317695617676,0.02952631562948227,-0.09119277447462082,0.6059377789497375,0.09186793863773346,-0.05445853993296623,0.5691734552383423,0.05361400917172432,-0.08086784929037094,0.5342139005661011,0.05853401869535446,-0.08693777024745941,0.5144131779670715,0.06948487460613251,-0.08953819423913956,0.5947046279907227,0.12423118948936462,-0.06111528351902962,0.5545244216918945,0.08929242193698883,-0.08415238559246063,0.5245336890220642,0.08757411688566208,-0.08417718857526779,0.509671151638031,0.09294319152832031,-0.08184150606393814,0.5764883756637573,0.15270960330963135,-0.06756613403558731,0.5440546274185181,0.11697549372911453,-0.08350390940904617,0.5225675106048584,0.10553109645843506,-0.08322019875049591,0.5101507306098938,0.10148321837186813,-0.08170793205499649,Left,0.9916257262229919
9908,151,1,0.4200711250305176,0.17582052946090698,-1.0500075831032518e-07,0.4562188684940338,0.13292549550533295,-0.002953547751531005,0.46907129883766174,0.08344616740942001,-0.010511861182749271,0.47574251890182495,0.04461749643087387,-0.020985357463359833,0.4791012108325958,0.009499866515398026,-0.029522228986024857,0.431645005941391,0.03672853112220764,-0.013979163952171803,0.4639774262905121,-0.003138020634651184,-0.03776034340262413,0.48334628343582153,0.023828517645597458,-0.05041150003671646,0.485671728849411,0.04944301024079323,-0.05594777315855026,0.4165670871734619,0.05399762839078903,-0.023759327828884125,0.4607219099998474,0.029081426560878754,-0.0482509471476078,0.4747580587863922,0.06747499853372574,-0.054225996136665344,0.4669848680496216,0.09096192568540573,-0.05455723777413368,0.4091982841491699,0.08218281716108322,-0.035062771290540695,0.4522591829299927,0.06551214307546616,-0.055881042033433914,0.4626348614692688,0.101874440908432,-0.05193203315138817,0.4547661244869232,0.11909899115562439,-0.04576820135116577,0.40878382325172424,0.11429400742053986,-0.04689406976103783,0.4480277895927429,0.11799734830856323,-0.05988890305161476,0.45576512813568115,0.13683156669139862,-0.057272911071777344,0.449476420879364,0.14381054043769836,-0.053027961403131485,Right,0.9994166493415833
9949,152,0,0.5857822299003601,0.1724955141544342,-2.1385082504821185e-07,0.5680984854698181,0.11711592972278595,-0.008052236400544643,0.5612049102783203,0.07633067667484283,-0.022064559161663055,0.5484327673912048,0.05683877319097519,-0.03467231243848801,0.5315776467323303,0.051204971969127655,-0.0487978495657444,0.6063849329948425,0.062074072659015656,-0.0423809215426445,0.5677495002746582,0.028638392686843872,-0.0640115812420845,0.5341492891311646,0.025207769125699997,-0.07441937178373337,0.5104196667671204,0.02929070219397545,-0.07972752302885056,0.6075652837753296,0.09305085241794586,-0.04882361367344856,0.570247232913971,0.05496915429830551,-0.07170049846172333,0.5350484848022461,0.05729028210043907,-0.07625269889831543,0.5139561295509338,0.0676269605755806,-0.07816915214061737,0.5957294702529907,0.1237829253077507,-0.05481107532978058,0.5527939200401306,0.09238719195127487,-0.07457299530506134,0.5225575566291809,0.08879377692937851,-0.07478827983140945,0.5069447159767151,0.0928109735250473,-0.07325951009988785,0.5771676898002625,0.15050095319747925,-0.06044260412454605,0.5440571308135986,0.11793211847543716,-0.07345949858427048,0.5247072577476501,0.10603015869855881,-0.07309680432081223,0.5139824748039246,0.09992573410272598,-0.07210146635770798,Left,0.9965180158615112
9949,152,1,0.41655415296554565,0.17820708453655243,-1.4083404664688715e-07,0.45609956979751587,0.1334720253944397,-0.0008335037273354828,0.4694177210330963,0.0817292109131813,-0.007293368224054575,0.4769187569618225,0.041226938366889954,-0.01670653000473976,0.48294341564178467,0.006074342876672745,-0.024361751973628998,0.4301285147666931,0.03376137092709541,-0.013624588958919048,0.4674929678440094,-0.0020157992839813232,-0.03592810034751892,0.486595094203949,0.02893110364675522,-0.04715313762426376,0.4868248999118805,0.05468841642141342,-0.05211208388209343,0.41664135456085205,0.05133427679538727,-0.024297470226883888,0.4659525454044342,0.02508026361465454,-0.04638031870126724,0.47934016585350037,0.06368674337863922,-0.05123807489871979,0.4699942171573639,0.08670277893543243,-0.05152733996510506,0.41013479232788086,0.08020631223917007,-0.036114051938056946,0.45652979612350464,0.0632035881280899,-0.05519935488700867,0.46634960174560547,0.0973423421382904,-0.05104805901646614,0.45757874846458435,0.11355678737163544,-0.04549868032336235,0.4099912941455841,0.11332115530967712,-0.04816645756363869,0.45050984621047974,0.1126146912574768,-0.05990669131278992,0.4595611095428467,0.13156354427337646,-0.05647658184170723,0.4545787572860718,0.14001116156578064,-0.05212751775979996,Right,0.9992018342018127
9991,153,0,0.5909573435783386,0.17604680359363556,-2.2047623815524275e-07,0.567944347858429,0.12111233174800873,-0.00896610226482153,0.5592681169509888,0.07894306629896164,-0.023393820971250534,0.5468884110450745,0.056557029485702515,-0.03631342947483063,0.5308346152305603,0.04686598852276802,-0.050732895731925964,0.6082411408424377,0.060287728905677795,-0.04349859058856964,0.5667309165000916,0.028282824903726578,-0.06636983901262283,0.5334903001785278,0.02566041424870491,-0.07759705930948257,0.5104023814201355,0.02981497347354889,-0.0834009125828743,0.609196662902832,0.09187815338373184,-0.05009445175528526,0.5698215961456299,0.054758746176958084,-0.07433921098709106,0.5339642763137817,0.05925797298550606,-0.07915999740362167,0.5132415890693665,0.07051535695791245,-0.08104434609413147,0.5974999666213989,0.12361186742782593,-0.05643514171242714,0.5557894110679626,0.0925101563334465,-0.07780512422323227,0.5249463319778442,0.09010886400938034,-0.07762635499238968,0.5092501044273376,0.09485510736703873,-0.07540253549814224,0.5788499116897583,0.15174400806427002,-0.062496546655893326,0.5469033718109131,0.11937503516674042,-0.07715550065040588,0.5271633863449097,0.10822957009077072,-0.07680059224367142,0.5163869857788086,0.10291934013366699,-0.07528237998485565,Left,0.9960061311721802
9991,153,1,0.40934526920318604,0.17549142241477966,-1.9285201346974645e-07,0.45371711254119873,0.13794982433319092,-0.0010568321449682117,0.4711267948150635,0.08631342649459839,-0.007247068919241428,0.47947898507118225,0.04588822275400162,-0.01628902368247509,0.4847431480884552,0.009724661707878113,-0.02319624274969101,0.4367913603782654,0.029247533529996872,-0.01175573281943798,0.4720795154571533,-0.005295246839523315,-0.03420360013842583,0.4880848526954651,0.03100007027387619,-0.04582969471812248,0.4850826859474182,0.0609273798763752,-0.05100813880562782,0.4206925630569458,0.04163307324051857,-0.022354893386363983,0.4650682806968689,0.01608898490667343,-0.04465111345052719,0.48022884130477905,0.05945383012294769,-0.05086246877908707,0.472272664308548,0.08187764137983322,-0.05203123390674591,0.41187378764152527,0.06566636264324188,-0.034149423241615295,0.45532941818237305,0.04576258733868599,-0.053941670805215836,0.4667397737503052,0.08592872321605682,-0.050401873886585236,0.4579264223575592,0.10392523556947708,-0.04523950070142746,0.409928560256958,0.09595245122909546,-0.04614781215786934,0.4500952959060669,0.09940356016159058,-0.059524018317461014,0.45720624923706055,0.1235615611076355,-0.057215992361307144,0.44910991191864014,0.13308194279670715,-0.05343232303857803,Right,0.9994825720787048
10036,154,0,0.5962753891944885,0.17736783623695374,-2.0717014592719352e-07,0.5751018524169922,0.11837492883205414,-0.007394794374704361,0.5645596385002136,0.07619404047727585,-0.021265139803290367,0.54739910364151,0.05764331668615341,-0.033883944153785706,0.527372419834137,0.05521083623170853,-0.04809464141726494,0.6113106608390808,0.06210222840309143,-0.04122023284435272,0.5677388310432434,0.030982594937086105,-0.06251394748687744,0.5347061157226562,0.0272495336830616,-0.07260985672473907,0.512110710144043,0.030328501015901566,-0.07783569395542145,0.6120283007621765,0.09550486505031586,-0.04809185862541199,0.5693950653076172,0.05953871086239815,-0.06989763677120209,0.535071074962616,0.06322132050991058,-0.07356756180524826,0.5158539414405823,0.07244821637868881,-0.07531389594078064,0.5997121334075928,0.12839923799037933,-0.054556481540203094,0.5560309290885925,0.09446835517883301,-0.07463418692350388,0.5262227058410645,0.08964091539382935,-0.07377847284078598,0.5107592344284058,0.09169969707727432,-0.07130639255046844,0.5803544521331787,0.1569463014602661,-0.060546647757291794,0.546944797039032,0.12031963467597961,-0.07421062141656876,0.5269721746444702,0.10589678585529327,-0.07303263992071152,0.5149233937263489,0.09771553426980972,-0.07108598202466965,Left,0.9952033758163452
10036,154,1,0.4081737995147705,0.17384356260299683,-1.1070932259826805e-07,0.4508771002292633,0.13803496956825256,0.0003147897368762642,0.469251811504364,0.08736861497163773,-0.005445453803986311,0.47816890478134155,0.049766652286052704,-0.0145842544734478,0.48364895582199097,0.018995143473148346,-0.02159779705107212,0.4395173192024231,0.027775868773460388,-0.009116684086620808,0.47166040539741516,-0.005197837948799133,-0.03218398615717888,0.48934441804885864,0.030219629406929016,-0.045279499143362045,0.4882345497608185,0.06222297251224518,-0.05116233602166176,0.42280036211013794,0.038008712232112885,-0.02052214741706848,0.4640447795391083,0.007181126624345779,-0.04269900172948837,0.4817731976509094,0.04916795343160629,-0.04972715675830841,0.4775403141975403,0.07677894830703735,-0.051288675516843796,0.4124053418636322,0.05947365239262581,-0.033261753618717194,0.4541202187538147,0.03644156828522682,-0.05294937640428543,0.4669320285320282,0.07626748830080032,-0.049580298364162445,0.4598082900047302,0.0979447066783905,-0.044358380138874054,0.4080137014389038,0.08872217684984207,-0.04634411633014679,0.44941452145576477,0.09341905266046524,-0.05974005535244942,0.45759066939353943,0.11760760098695755,-0.05738946422934532,0.45004215836524963,0.12870162725448608,-0.05360647290945053,Right,0.9993721842765808
10079,155,0,0.6003167629241943,0.17197665572166443,-2.000747940655856e-07,0.5856576561927795,0.11318602412939072,-0.0077374461106956005,0.5731968283653259,0.0693720132112503,-0.021790936589241028,0.5517546534538269,0.05026703700423241,-0.034221407026052475,0.5301707983016968,0.047972630709409714,-0.048062458634376526,0.6125369668006897,0.06014419347047806,-0.04352099448442459,0.5701290965080261,0.02948834002017975,-0.06555886566638947,0.5358757376670837,0.026979755610227585,-0.07515456527471542,0.511969804763794,0.03070688247680664,-0.07985322922468185,0.6125810146331787,0.09464854001998901,-0.05014820396900177,0.570776641368866,0.05939224362373352,-0.07273320853710175,0.5353673696517944,0.06312677264213562,-0.07548512518405914,0.5160231590270996,0.07130911946296692,-0.07641410827636719,0.6004550457000732,0.12824295461177826,-0.056352753192186356,0.5570117235183716,0.09557242691516876,-0.07707616686820984,0.527161717414856,0.0905977413058281,-0.07544592022895813,0.5122395157814026,0.09164709597826004,-0.07223064452409744,0.5821347236633301,0.15658365190029144,-0.0620451383292675,0.5474081039428711,0.12145163118839264,-0.0761982649564743,0.5270919799804688,0.10753914713859558,-0.07479473203420639,0.5152543783187866,0.09911502152681351,-0.07251348346471786,Left,0.9891982674598694
10079,155,1,0.39885181188583374,0.17353568971157074,-1.4647363855146978e-07,0.443553626537323,0.14368188381195068,-0.000936434487812221,0.46771034598350525,0.09407693147659302,-0.005523417145013809,0.4783259630203247,0.05798601359128952,-0.013236243277788162,0.4814739525318146,0.027795739471912384,-0.018676986917853355,0.4467751979827881,0.02814921736717224,-0.003278601448982954,0.474579781293869,-0.005426563322544098,-0.023262567818164825,0.49058085680007935,0.03176513686776161,-0.035052500665187836,0.4880814552307129,0.06280581653118134,-0.040132686495780945,0.42876294255256653,0.03319272771477699,-0.012698193080723286,0.4638047516345978,0.0006185322999954224,-0.030913695693016052,0.48039576411247253,0.04476218670606613,-0.03676079586148262,0.4760308265686035,0.07302475720643997,-0.037611108273267746,0.41475701332092285,0.04931744933128357,-0.023959260433912277,0.451730340719223,0.02802836149930954,-0.04068189114332199,0.46526944637298584,0.06867345422506332,-0.03757721185684204,0.459088534116745,0.0913735032081604,-0.03251400589942932,0.4056295156478882,0.075060173869133,-0.035765983164310455,0.4437888562679291,0.07938449829816818,-0.04692503437399864,0.4542471766471863,0.10513009130954742,-0.04446109011769295,0.4483528733253479,0.11826185882091522,-0.04056882485747337,Right,0.998946487903595
10123,156,0,0.6040014028549194,0.158556267619133,-1.406917391477691e-07,0.6012018322944641,0.10212958604097366,-0.010631512850522995,0.5836254358291626,0.06515002250671387,-0.024387085810303688,0.5513707995414734,0.05520867556333542,-0.0369589738547802,0.5248075723648071,0.059359192848205566,-0.051559340208768845,0.6179888844490051,0.08875340968370438,-0.037163104861974716,0.5743682980537415,0.058280862867832184,-0.05800505727529526,0.5401758551597595,0.04880618676543236,-0.07197435945272446,0.5168240666389465,0.048386309295892715,-0.07956545054912567,0.6133620738983154,0.12758347392082214,-0.04016803577542305,0.5650321245193481,0.09332521259784698,-0.05441443249583244,0.5377647876739502,0.07328946888446808,-0.05778227746486664,0.5225393176078796,0.06875176727771759,-0.061413537710905075,0.6012543439865112,0.15931761264801025,-0.04348813369870186,0.5542060136795044,0.1232818067073822,-0.056782908737659454,0.5326873660087585,0.10013239085674286,-0.052893705666065216,0.5236210823059082,0.09276773035526276,-0.04910387098789215,0.5856729745864868,0.1822921633720398,-0.04729623347520828,0.5518378615379333,0.14792244136333466,-0.05850275605916977,0.5387848019599915,0.12393355369567871,-0.055425845086574554,0.5331628322601318,0.11278104782104492,-0.0517875999212265,Left,0.9942416548728943
10123,156,1,0.3961026966571808,0.18123385310173035,-1.2318668041189085e-07,0.4371204376220703,0.1531233787536621,-0.0025474131107330322,0.46512332558631897,0.10365518182516098,-0.007600105833262205,0.4798467457294464,0.0664147213101387,-0.01589120179414749,0.484035462141037,0.03242999315261841,-0.021422890946269035,0.4534170627593994,0.03862179070711136,0.001391518977470696,0.4829728603363037,0.005422607064247131,-0.01833437941968441,0.49664855003356934,0.039811331778764725,-0.0308604147285223,0.49064311385154724,0.07217768579721451,-0.035959456115961075,0.43409982323646545,0.03829871490597725,-0.007035252638161182,0.46843352913856506,0.0046165697276592255,-0.025186417624354362,0.48382768034935,0.048810455948114395,-0.03185641020536423,0.4772911071777344,0.0792657732963562,-0.03291996568441391,0.4166346490383148,0.047580935060977936,-0.017979411408305168,0.4525235891342163,0.021548300981521606,-0.035733580589294434,0.4648773670196533,0.06545261293649673,-0.033149395138025284,0.4566059410572052,0.09048686921596527,-0.02774541638791561,0.40212514996528625,0.06736160069704056,-0.02959553152322769,0.4406568109989166,0.06677749752998352,-0.04234219342470169,0.45005786418914795,0.0957280844449997,-0.03986091911792755,0.4413532018661499,0.11176125705242157,-0.03543192148208618,Right,0.9981896281242371
10166,157,0,0.6019906401634216,0.16819670796394348,-1.900454975611865e-07,0.5962777733802795,0.1132349893450737,-0.011287505738437176,0.5817988514900208,0.07706523686647415,-0.025774996727705002,0.5554106831550598,0.06534351408481598,-0.038026466965675354,0.5321303009986877,0.0657261312007904,-0.05207515507936478,0.6158043742179871,0.08921536803245544,-0.0449904166162014,0.5795468688011169,0.059519656002521515,-0.06538467109203339,0.5435871481895447,0.05620190128684044,-0.07520309090614319,0.5169048309326172,0.05838603153824806,-0.08044768869876862,0.6134837865829468,0.12667390704154968,-0.0486423522233963,0.5747416019439697,0.09698708355426788,-0.06792841851711273,0.5387782454490662,0.08919478207826614,-0.0724274292588234,0.5162559747695923,0.08653362095355988,-0.0762166827917099,0.6016539335250854,0.15933212637901306,-0.051959078758955,0.5593711137771606,0.12972679734230042,-0.06966323405504227,0.5322375893592834,0.11331745237112045,-0.07069965451955795,0.5172877311706543,0.10597267746925354,-0.07084706425666809,0.5866868495941162,0.18410158157348633,-0.05505573749542236,0.554093062877655,0.1540410816669464,-0.06876279413700104,0.5377250909805298,0.13411422073841095,-0.06934139132499695,0.5288760662078857,0.12094009667634964,-0.06933241337537766,Left,0.9929609894752502
10166,157,1,0.3940404951572418,0.18685775995254517,-1.2127455306654156e-07,0.4364900588989258,0.16143369674682617,-0.000366726191714406,0.4640270471572876,0.11640575528144836,-0.005182094871997833,0.4798643887042999,0.08394059538841248,-0.0136252511292696,0.486409991979599,0.0521787628531456,-0.01979689486324787,0.4526722729206085,0.04588053375482559,0.000638671510387212,0.48446106910705566,0.014409955590963364,-0.01754787378013134,0.4983766973018646,0.04858613759279251,-0.02893955074250698,0.4921613037586212,0.07886532694101334,-0.03359554708003998,0.43481335043907166,0.04507564380764961,-0.008404925465583801,0.4714585840702057,0.015280995517969131,-0.024745941162109375,0.48630475997924805,0.060206323862075806,-0.030569080263376236,0.478732705116272,0.08947056531906128,-0.0316966287791729,0.4181631803512573,0.054041843861341476,-0.01946881040930748,0.4547727406024933,0.030476238578557968,-0.03504835441708565,0.468697190284729,0.07302632182836533,-0.032931551337242126,0.4611339569091797,0.0980737954378128,-0.0287090502679348,0.40369686484336853,0.07341446727514267,-0.031014179810881615,0.4418405592441559,0.0735129714012146,-0.04254366084933281,0.4542069137096405,0.10295480489730835,-0.04038972407579422,0.4481465816497803,0.12147258222103119,-0.036612048745155334,Right,0.9969035387039185
10209,158,0,0.6050536632537842,0.16756369173526764,-1.9841230880501826e-07,0.5994877219200134,0.11335195600986481,-0.008990149945020676,0.5857748985290527,0.08060751855373383,-0.023097243160009384,0.5608692169189453,0.0706237331032753,-0.03519926965236664,0.538011372089386,0.07280932366847992,-0.049342092126607895,0.6176192164421082,0.0892556682229042,-0.04703201353549957,0.5757831931114197,0.06242088973522186,-0.0664575845003128,0.5408935546875,0.05862848088145256,-0.0744873508810997,0.5153170228004456,0.06004289910197258,-0.07842691242694855,0.6158750653266907,0.1265270859003067,-0.05153662711381912,0.5725461840629578,0.09786775708198547,-0.06988697499036789,0.5373146533966064,0.09088718146085739,-0.07210851460695267,0.5148820877075195,0.08986270427703857,-0.07431080937385559,0.6046378016471863,0.1590459644794464,-0.05511697381734848,0.5595431923866272,0.13154003024101257,-0.07182851433753967,0.5328971743583679,0.11820945888757706,-0.07006572186946869,0.5187654495239258,0.11408679187297821,-0.06833060085773468,0.589914858341217,0.1841338872909546,-0.058346375823020935,0.5552462339401245,0.1561160832643509,-0.07130371779203415,0.5378232598304749,0.1384865790605545,-0.07016238570213318,0.5283095240592957,0.12724798917770386,-0.0687488242983818,Left,0.9899682402610779
10209,158,1,0.39238035678863525,0.19001954793930054,-5.7096354311170217e-08,0.43399685621261597,0.16804929077625275,-0.0003573031281121075,0.46078547835350037,0.12466156482696533,-0.0053227804601192474,0.4764455556869507,0.0952344685792923,-0.014129660092294216,0.4823790192604065,0.06670311838388443,-0.02067369781434536,0.4537814259529114,0.05531910061836243,0.0005495119257830083,0.48395609855651855,0.021037615835666656,-0.01740863174200058,0.500685453414917,0.046265602111816406,-0.028321288526058197,0.4952310621738434,0.07326885312795639,-0.03255452215671539,0.4352014362812042,0.05313911288976669,-0.008640802465379238,0.47149330377578735,0.02057519555091858,-0.026696471497416496,0.48787665367126465,0.06296689808368683,-0.03287164494395256,0.48014116287231445,0.09251963347196579,-0.03348079323768616,0.41826149821281433,0.05971210449934006,-0.019787391647696495,0.4545251727104187,0.030963413417339325,-0.03695416823029518,0.4698348641395569,0.07413787394762039,-0.034845512360334396,0.46136125922203064,0.09988273680210114,-0.02998385764658451,0.40307629108428955,0.07528507709503174,-0.03145236521959305,0.4421428143978119,0.07499539107084274,-0.044687576591968536,0.4541468322277069,0.10390374809503555,-0.042964208871126175,0.4458390772342682,0.12175320088863373,-0.03902694955468178,Right,0.9962673187255859
10251,159,0,0.6056594848632812,0.15132203698158264,-1.136473599672172e-07,0.6012158989906311,0.1127743348479271,-0.014107177965342999,0.580834686756134,0.09176725894212723,-0.031714390963315964,0.5466082692146301,0.09192218631505966,-0.04743830859661102,0.5183859467506409,0.10208490490913391,-0.06550022959709167,0.614508330821991,0.11438613384962082,-0.04623574763536453,0.5704714059829712,0.09475431591272354,-0.06725050508975983,0.5400739908218384,0.08578086644411087,-0.08003757148981094,0.5209981203079224,0.08414649963378906,-0.08687898516654968,0.6127015948295593,0.14775429666042328,-0.0479765459895134,0.5636938214302063,0.12458640336990356,-0.06490759551525116,0.5359013676643372,0.10676456242799759,-0.06884518265724182,0.5207415819168091,0.1013651043176651,-0.07201913744211197,0.603270411491394,0.17311561107635498,-0.049263570457696915,0.5544916987419128,0.1480330526828766,-0.06241095811128616,0.536106288433075,0.12495794147253036,-0.056815456598997116,0.5310413837432861,0.11524470895528793,-0.052104245871305466,0.5905523300170898,0.18934571743011475,-0.05150490626692772,0.5541630387306213,0.16632682085037231,-0.062198325991630554,0.5422500967979431,0.14313951134681702,-0.05771716311573982,0.5396392345428467,0.13114376366138458,-0.05299397557973862,Left,0.9948968887329102
10251,159,1,0.3887324929237366,0.2054726630449295,-1.1704833013936877e-07,0.427889883518219,0.1863708347082138,-0.002397565869614482,0.4562058448791504,0.142593652009964,-0.0062060365453362465,0.47463494539260864,0.1081230416893959,-0.013525521382689476,0.485651433467865,0.07667487859725952,-0.019327377900481224,0.45528554916381836,0.08705455809831619,0.0023766248486936092,0.48072266578674316,0.04489227011799812,-0.014756227843463421,0.49406009912490845,0.06748094409704208,-0.026554295793175697,0.490287721157074,0.09522762894630432,-0.03143969550728798,0.4402492940425873,0.08110178261995316,-0.004839442204684019,0.47067925333976746,0.03803175687789917,-0.02059031091630459,0.48352983593940735,0.0766955316066742,-0.02781047113239765,0.47750619053840637,0.10689231753349304,-0.029702531173825264,0.4223422110080719,0.08029253035783768,-0.014331744983792305,0.4517291784286499,0.04341333732008934,-0.03051445074379444,0.46292680501937866,0.08526120334863663,-0.030060380697250366,0.4557980000972748,0.11510580033063889,-0.026286210864782333,0.4015249013900757,0.08638623356819153,-0.024301357567310333,0.4312792718410492,0.07183773070573807,-0.036984995007514954,0.4426530599594116,0.10080713033676147,-0.035286061465740204,0.4372796416282654,0.1239735409617424,-0.031464602798223495,Right,0.9912718534469604
10294,160,0,0.6131532192230225,0.1588146686553955,-3.1668008659835323e-07,0.6099234223365784,0.12400110810995102,-0.01500680297613144,0.5954043865203857,0.10344070196151733,-0.031152883544564247,0.5694437026977539,0.10132177919149399,-0.045774806290864944,0.5442559719085693,0.10733038187026978,-0.06280218064785004,0.6181818842887878,0.13173474371433258,-0.04135702922940254,0.5698629021644592,0.11262096464633942,-0.060918502509593964,0.5389840006828308,0.10312880575656891,-0.07414928078651428,0.5181940197944641,0.1012016162276268,-0.08127913624048233,0.6109449863433838,0.16310563683509827,-0.0427551306784153,0.5616340637207031,0.13438504934310913,-0.05750693753361702,0.5334563851356506,0.12241153419017792,-0.06245033070445061,0.5155823826789856,0.12032590061426163,-0.06628032773733139,0.6002495288848877,0.18664544820785522,-0.04388151690363884,0.5548425316810608,0.1588514894247055,-0.055308748036623,0.5333841443061829,0.14334429800510406,-0.05351787060499191,0.5227648615837097,0.13899561762809753,-0.05182082951068878,0.5889737010002136,0.2046457678079605,-0.046262018382549286,0.5523176193237305,0.1788811981678009,-0.05419164523482323,0.5399086475372314,0.1604246199131012,-0.05048295482993126,0.5352950692176819,0.1499769240617752,-0.04708333685994148,Left,0.9320768117904663
10294,160,1,0.38506612181663513,0.2186734974384308,-1.6860797202866706e-08,0.42360877990722656,0.20177748799324036,-0.003031712956726551,0.4528532028198242,0.16079387068748474,-0.006722921971231699,0.4734972417354584,0.12617218494415283,-0.013872182928025723,0.48864996433258057,0.09487935155630112,-0.020005427300930023,0.45279520750045776,0.10812026262283325,0.003792392322793603,0.47584068775177,0.06746111810207367,-0.012873981148004532,0.4930626451969147,0.07885657250881195,-0.024658840149641037,0.49625149369239807,0.10017763823270798,-0.029625965282320976,0.43777498602867126,0.10078824311494827,-0.0030480376444756985,0.46768105030059814,0.05828851833939552,-0.021147580817341805,0.4811239242553711,0.09347750246524811,-0.028980843722820282,0.47687795758247375,0.12532629072666168,-0.029790466651320457,0.4199463725090027,0.09847379475831985,-0.012211331166327,0.44995781779289246,0.06202758476138115,-0.031267281621694565,0.46088147163391113,0.10280986875295639,-0.0313560925424099,0.4551365375518799,0.13485676050186157,-0.02620079182088375,0.39906546473503113,0.10211705416440964,-0.02181372046470642,0.4289920926094055,0.0878853127360344,-0.03721025958657265,0.4404951333999634,0.11758607625961304,-0.036309827119112015,0.43686509132385254,0.14355042576789856,-0.031695906072854996,Right,0.9925500154495239
10339,161,0,0.6201723217964172,0.16696877777576447,4.651416531942232e-07,0.6094929575920105,0.13420304656028748,-0.016673816367983818,0.5845500826835632,0.11233457922935486,-0.032344598323106766,0.5558082461357117,0.10943672060966492,-0.043314192444086075,0.5366315841674805,0.1190381795167923,-0.05357877165079117,0.6183100342750549,0.1208643838763237,-0.060255613178014755,0.5657508373260498,0.11563137173652649,-0.07911229133605957,0.5318063497543335,0.1162608414888382,-0.08314266055822372,0.5093375444412231,0.11989963054656982,-0.08357082307338715,0.6201030611991882,0.1588563323020935,-0.05647288262844086,0.5676284432411194,0.15185381472110748,-0.07458178699016571,0.5367077589035034,0.1486768126487732,-0.0722556784749031,0.5189181566238403,0.14758585393428802,-0.06999920308589935,0.6141575574874878,0.18925219774246216,-0.051297612488269806,0.5585718154907227,0.1760205775499344,-0.06407047808170319,0.5367869138717651,0.16609016060829163,-0.05851489678025246,0.5283754467964172,0.16060040891170502,-0.05423949658870697,0.6027010679244995,0.211490660905838,-0.04688398540019989,0.561059296131134,0.1912369728088379,-0.05498810485005379,0.5474658012390137,0.17847353219985962,-0.053243137896060944,0.5420432090759277,0.17107567191123962,-0.05172143131494522,Left,0.9970162510871887
10339,161,1,0.3810517191886902,0.22277897596359253,3.8417717007632746e-08,0.4211021065711975,0.20723208785057068,-0.003492501098662615,0.4511650502681732,0.1691393256187439,-0.0071473256684839725,0.4719465672969818,0.138444721698761,-0.01410989835858345,0.48755067586898804,0.1110793948173523,-0.020292097702622414,0.45385634899139404,0.11641854792833328,0.00281091732904315,0.480873167514801,0.0838015079498291,-0.014864728786051273,0.49615782499313354,0.09698598086833954,-0.027914952486753464,0.4989871382713318,0.11877173185348511,-0.03367342799901962,0.43774858117103577,0.10709435492753983,-0.003805682994425297,0.4681314527988434,0.07101967930793762,-0.02333248034119606,0.48143985867500305,0.10445235669612885,-0.03277064859867096,0.47878676652908325,0.13754834234714508,-0.03445976600050926,0.41796213388442993,0.10392351448535919,-0.012630488723516464,0.44787153601646423,0.06935347616672516,-0.0324133075773716,0.4575653672218323,0.10958712548017502,-0.033651430159807205,0.45284706354141235,0.1433258056640625,-0.028976762667298317,0.3944797217845917,0.1073751375079155,-0.02188987284898758,0.4217977225780487,0.09510491043329239,-0.0383291132748127,0.43326735496520996,0.12471964955329895,-0.038546353578567505,0.4324559271335602,0.15156956017017365,-0.03422761335968971,Right,0.9947118163108826
10384,162,0,0.6173374056816101,0.17449508607387543,-2.3756923539508534e-08,0.6141481995582581,0.1229017823934555,-0.015425185672938824,0.5901581645011902,0.09788145124912262,-0.03311364725232124,0.5532442927360535,0.1076040118932724,-0.04692312702536583,0.5280927419662476,0.12722796201705933,-0.06289013475179672,0.6221290230751038,0.12822622060775757,-0.05283427983522415,0.5734433531761169,0.11598227173089981,-0.07289285212755203,0.5371101498603821,0.11486101150512695,-0.08535152673721313,0.5116657614707947,0.12158846855163574,-0.09186027199029922,0.6211697459220886,0.1699247807264328,-0.05187459662556648,0.5669954419136047,0.15467801690101624,-0.0680554211139679,0.5337395668029785,0.14335401356220245,-0.07363007962703705,0.5152928829193115,0.14427579939365387,-0.0790131688117981,0.6123127341270447,0.19911669194698334,-0.04958255961537361,0.56041020154953,0.1773451268672943,-0.06203697621822357,0.5348537564277649,0.1587832123041153,-0.06091244891285896,0.5252215266227722,0.15468958020210266,-0.059809330850839615,0.5984923839569092,0.21748077869415283,-0.04759545251727104,0.559817373752594,0.1910746991634369,-0.055858761072158813,0.5421577095985413,0.16984163224697113,-0.05323105305433273,0.5354669690132141,0.16201584041118622,-0.05123757943511009,Left,0.9911466836929321
10384,162,1,0.3810150921344757,0.22405259311199188,1.5591068347475812e-07,0.4225015938282013,0.20829170942306519,-0.00507963914424181,0.4527580142021179,0.17116010189056396,-0.009307712316513062,0.4694453775882721,0.13864539563655853,-0.01599438115954399,0.47862404584884644,0.11074203997850418,-0.022208992391824722,0.4512059986591339,0.11612199246883392,-7.165638089645654e-05,0.4772866666316986,0.08736124634742737,-0.017526904121041298,0.4961784780025482,0.09430044889450073,-0.03120417892932892,0.5064660906791687,0.11004085838794708,-0.03831326216459274,0.43333160877227783,0.10682643949985504,-0.006216210778802633,0.4651784896850586,0.07493078708648682,-0.0265002753585577,0.48061054944992065,0.10694807022809982,-0.037274137139320374,0.4820297360420227,0.13951066136360168,-0.04032205417752266,0.41250547766685486,0.10549795627593994,-0.014305793680250645,0.44366976618766785,0.07396704703569412,-0.034429676830768585,0.45459669828414917,0.1107572689652443,-0.037214331328868866,0.4525511562824249,0.14283539354801178,-0.034231070429086685,0.3886769413948059,0.1127985268831253,-0.02292664721608162,0.4156837463378906,0.10559678822755814,-0.039007626473903656,0.4275743365287781,0.1324997991323471,-0.040175676345825195,0.42844945192337036,0.15692119300365448,-0.037267036736011505,Right,0.9961074590682983
10431,163,0,0.6046305894851685,0.19730766117572784,-2.5201427433785284e-07,0.594205379486084,0.1478641927242279,-0.009594676084816456,0.5813666582107544,0.11828796565532684,-0.02375003695487976,0.561137855052948,0.11392834037542343,-0.03652731329202652,0.5394092798233032,0.12044118344783783,-0.051264990121126175,0.6159998178482056,0.11399070918560028,-0.04275639355182648,0.5734401941299438,0.1001230776309967,-0.06219908222556114,0.5407615303993225,0.10761836916208267,-0.07098240405321121,0.5156132578849792,0.1170356422662735,-0.0753927007317543,0.6200283169746399,0.14817215502262115,-0.04809676110744476,0.5717779397964478,0.13334593176841736,-0.06732983887195587,0.5385453104972839,0.14319618046283722,-0.07093694061040878,0.5182963609695435,0.15370647609233856,-0.07298339903354645,0.6148500442504883,0.18266606330871582,-0.052865855395793915,0.5666996240615845,0.17073921859264374,-0.06975425779819489,0.5398185849189758,0.17021341621875763,-0.06875044107437134,0.5256446003913879,0.17193175852298737,-0.06696906685829163,0.604485809803009,0.2120133340358734,-0.057557009160518646,0.5668545365333557,0.19678878784179688,-0.06951918452978134,0.5485689640045166,0.18747088313102722,-0.06742358952760696,0.5394805073738098,0.17972588539123535,-0.06506532430648804,Left,0.997623085975647
10431,163,1,0.385709285736084,0.2421092540025711,1.7285434239511233e-07,0.4218471944332123,0.2189204841852188,-0.002210860373452306,0.44639140367507935,0.17758558690547943,-0.008270833641290665,0.45851826667785645,0.14428867399692535,-0.0166487954556942,0.47089141607284546,0.11716179549694061,-0.024779150262475014,0.4354553520679474,0.11186953634023666,-0.00926334410905838,0.46080732345581055,0.07957281917333603,-0.02746558003127575,0.48484039306640625,0.07820867002010345,-0.040902961045503616,0.5033307075500488,0.08742637932300568,-0.04864013195037842,0.4180167615413666,0.11324286460876465,-0.017451133579015732,0.45814499258995056,0.11034935712814331,-0.0382283478975296,0.4763963222503662,0.14278288185596466,-0.04636283591389656,0.4806278347969055,0.1711711287498474,-0.04896733537316322,0.40089356899261475,0.12731951475143433,-0.026581445708870888,0.4360846281051636,0.12372924387454987,-0.04559033736586571,0.44900238513946533,0.15603622794151306,-0.0452033169567585,0.4503591060638428,0.1816338300704956,-0.04160221293568611,0.38485491275787354,0.15138697624206543,-0.036110565066337585,0.4135078489780426,0.15802150964736938,-0.049587905406951904,0.4274652600288391,0.17997537553310394,-0.048172447830438614,0.4322566092014313,0.19804291427135468,-0.04429635405540466,Right,0.9979626536369324
10480,164,0,0.6042165756225586,0.20095059275627136,-2.0509557430159475e-07,0.5932100415229797,0.15200665593147278,-0.01245626900345087,0.5816950798034668,0.12171375751495361,-0.026919735595583916,0.5660441517829895,0.11604511737823486,-0.03960050642490387,0.5477184057235718,0.12136804312467575,-0.05408753827214241,0.6122822165489197,0.10792301595211029,-0.04355056211352348,0.5677163004875183,0.10074512660503387,-0.06485118716955185,0.5391425490379333,0.10867321491241455,-0.07530637085437775,0.516326367855072,0.11848477274179459,-0.08035195618867874,0.6175713539123535,0.14210908114910126,-0.04784755781292915,0.5680744647979736,0.13258206844329834,-0.07084407657384872,0.5356624722480774,0.14395584166049957,-0.07789155095815659,0.5134790539741516,0.153339684009552,-0.08119915425777435,0.613858699798584,0.17911243438720703,-0.051662378013134,0.5647357702255249,0.16979923844337463,-0.0738503485918045,0.5359098315238953,0.1723204255104065,-0.0757085382938385,0.5183918476104736,0.1748703122138977,-0.07394436001777649,0.6034854650497437,0.2116190791130066,-0.05519865080714226,0.5659695267677307,0.19758468866348267,-0.07076054811477661,0.544398844242096,0.1884894222021103,-0.06954862922430038,0.5324538350105286,0.18143302202224731,-0.06649522483348846,Left,0.9987844824790955
10480,164,1,0.3837149143218994,0.24286988377571106,1.0658791183004723e-07,0.4226905107498169,0.20944803953170776,0.001682111993432045,0.4415079355239868,0.16641974449157715,-0.0036703268997371197,0.45076531171798706,0.13210488855838776,-0.01219243835657835,0.45762306451797485,0.10494276881217957,-0.020484482869505882,0.4161149859428406,0.10702135413885117,-0.011032268404960632,0.4414282441139221,0.06934639811515808,-0.031060218811035156,0.46516647934913635,0.07206942141056061,-0.04455249756574631,0.4820040762424469,0.08869190514087677,-0.05165902152657509,0.39873504638671875,0.11631312966346741,-0.021096590906381607,0.44057077169418335,0.10918141156435013,-0.04239065572619438,0.4611881673336029,0.14130011200904846,-0.04909349977970123,0.46736618876457214,0.16929879784584045,-0.050919488072395325,0.3855811059474945,0.13870297372341156,-0.03175369277596474,0.42667970061302185,0.1325373649597168,-0.050833843648433685,0.44304004311561584,0.16268151998519897,-0.04888783395290375,0.4484791159629822,0.18677012622356415,-0.04441343992948532,0.37608230113983154,0.16862188279628754,-0.04247770830988884,0.4075245261192322,0.1719605177640915,-0.05549696832895279,0.42428064346313477,0.18707884848117828,-0.05357721820473671,0.4335015118122101,0.19939826428890228,-0.04945492744445801,Right,0.9971249103546143
10523,165,0,0.6139677166938782,0.2080986499786377,-2.043917959326791e-07,0.5979436635971069,0.16301368176937103,-0.01295328326523304,0.5823144316673279,0.12948966026306152,-0.02829381823539734,0.5637386441230774,0.11897698789834976,-0.04119948670268059,0.5447961688041687,0.11963525414466858,-0.05581657961010933,0.6102177500724792,0.1056414395570755,-0.04966447129845619,0.5671243667602539,0.09178158640861511,-0.07017149776220322,0.5368916988372803,0.10091085731983185,-0.0781291127204895,0.51502525806427,0.1136932522058487,-0.08182958513498306,0.6175879836082458,0.13712634146213531,-0.05339975655078888,0.5698211193084717,0.12075991928577423,-0.07702891528606415,0.5363306999206543,0.13547435402870178,-0.08263839781284332,0.5152988433837891,0.1504996120929718,-0.08494433760643005,0.6145039200782776,0.17182813584804535,-0.05622030422091484,0.5606646537780762,0.1613984853029251,-0.0781245306134224,0.5308749079704285,0.16876515746116638,-0.07976645231246948,0.516033947467804,0.17666660249233246,-0.07847768068313599,0.6046053171157837,0.20330315828323364,-0.05861823633313179,0.5612047910690308,0.1885521411895752,-0.0743269994854927,0.5366236567497253,0.18229414522647858,-0.0744936540722847,0.5234299898147583,0.17855292558670044,-0.07299941778182983,Left,0.9991342425346375
10523,165,1,0.38201993703842163,0.24362769722938538,5.877040010204837e-08,0.41806021332740784,0.18997925519943237,-0.002924493979662657,0.4302155673503876,0.13672521710395813,-0.007927320897579193,0.43075335025787354,0.09360645711421967,-0.01500000711530447,0.4324915409088135,0.05686882883310318,-0.02146586775779724,0.3983862102031708,0.10398079454898834,-0.008738381788134575,0.4159691631793976,0.07410349696874619,-0.025009598582983017,0.4330142140388489,0.0696919783949852,-0.03560369834303856,0.4442303776741028,0.0748053789138794,-0.04171353578567505,0.3818296790122986,0.12057927250862122,-0.015272722579538822,0.42284175753593445,0.11805868148803711,-0.03297145664691925,0.44269296526908875,0.14441242814064026,-0.03789876401424408,0.4489620327949524,0.1673373281955719,-0.0394291877746582,0.37280991673469543,0.14874427020549774,-0.02299869805574417,0.4164074957370758,0.15500058233737946,-0.039233412593603134,0.4306163489818573,0.1753324717283249,-0.037169963121414185,0.4333232343196869,0.19012236595153809,-0.03350596874952316,0.369546502828598,0.18198108673095703,-0.031315580010414124,0.40611007809638977,0.19276340305805206,-0.04102921858429909,0.41890835762023926,0.20317867398262024,-0.039237312972545624,0.42172011733055115,0.20995467901229858,-0.03636161983013153,Right,0.9971331357955933
10566,166,0,0.6101318597793579,0.2138841450214386,-2.0262312716567976e-07,0.5924423933029175,0.16825057566165924,-0.012693350203335285,0.5782354474067688,0.13397809863090515,-0.028882337734103203,0.5596041679382324,0.12101852893829346,-0.04243011027574539,0.541772186756134,0.1240336149930954,-0.05757259577512741,0.6132082939147949,0.11232335865497589,-0.05075995996594429,0.5686043500900269,0.09855431318283081,-0.07288084924221039,0.5362622141838074,0.1085195392370224,-0.08282871544361115,0.5128303170204163,0.12106918543577194,-0.08791717886924744,0.6194592118263245,0.142267644405365,-0.054543402045965195,0.5746529698371887,0.12765803933143616,-0.07769861072301865,0.5406767725944519,0.14065946638584137,-0.08301329612731934,0.5204317569732666,0.15402132272720337,-0.08640828728675842,0.6149312853813171,0.17583446204662323,-0.057679131627082825,0.5685783624649048,0.16376474499702454,-0.07888256758451462,0.5385493636131287,0.16929103434085846,-0.08018455654382706,0.5233600735664368,0.17768894135951996,-0.07966629415750504,0.6034903526306152,0.20639631152153015,-0.06054072082042694,0.5657327771186829,0.19057697057724,-0.07615522295236588,0.5428670048713684,0.1860715001821518,-0.07701253145933151,0.5300998687744141,0.1840575486421585,-0.07663685828447342,Left,0.9907915592193604
10566,166,1,0.37695229053497314,0.24288688600063324,-1.8282003111380618e-07,0.41010722517967224,0.18510113656520844,-0.00536516634747386,0.4260135591030121,0.13187170028686523,-0.00886953342705965,0.4306342601776123,0.08970703184604645,-0.013515856117010117,0.43436476588249207,0.054816946387290955,-0.017113925889134407,0.4017438292503357,0.1132059097290039,-0.004527753219008446,0.4282890558242798,0.12044417858123779,-0.017624471336603165,0.4393642544746399,0.13829685747623444,-0.028443975374102592,0.4408663511276245,0.1516573429107666,-0.035211607813835144,0.38808223605155945,0.1392364203929901,-0.007771662902086973,0.4258843958377838,0.163368821144104,-0.01697918213903904,0.4322717487812042,0.1751868575811386,-0.023388681933283806,0.4295761287212372,0.18160711228847504,-0.02930123545229435,0.3794337213039398,0.16856758296489716,-0.01259096059948206,0.4204502999782562,0.19781920313835144,-0.0209285207092762,0.42340975999832153,0.20307835936546326,-0.023144640028476715,0.4186141788959503,0.20066392421722412,-0.025381773710250854,0.37550339102745056,0.19872254133224487,-0.018384763970971107,0.41282692551612854,0.22410008311271667,-0.023386921733617783,0.41367530822753906,0.22887250781059265,-0.023750372231006622,0.4063487648963928,0.22675272822380066,-0.02410033904016018,Right,0.9916245341300964
10608,167,0,0.6080633401870728,0.21411386132240295,-1.8646917965270404e-07,0.5859740972518921,0.1711554229259491,-0.01402172353118658,0.5709084272384644,0.14016276597976685,-0.03091972880065441,0.5544085502624512,0.1305236518383026,-0.04537210986018181,0.5378708839416504,0.13216467201709747,-0.06086030229926109,0.6113672852516174,0.11027682572603226,-0.04852825775742531,0.566947877407074,0.0996478945016861,-0.07198559492826462,0.5358254909515381,0.10965020954608917,-0.08242672681808472,0.5132330060005188,0.12194664776325226,-0.0874616727232933,0.6204404830932617,0.14074498414993286,-0.052817825227975845,0.5767907500267029,0.12481315433979034,-0.07834252715110779,0.5445481538772583,0.14084288477897644,-0.08371194452047348,0.5249912738800049,0.15551255643367767,-0.08552121371030807,0.6171121001243591,0.1747855246067047,-0.05700470879673958,0.5676345229148865,0.16430041193962097,-0.08025039732456207,0.5394622087478638,0.17370764911174774,-0.08045978844165802,0.5256358981132507,0.18156757950782776,-0.07785793393850327,0.6062620282173157,0.20720833539962769,-0.06111498177051544,0.5651733875274658,0.19228069484233856,-0.07733005285263062,0.5416963696479797,0.18843746185302734,-0.07691144943237305,0.5291932821273804,0.18490512669086456,-0.07481877505779266,Left,0.9983651638031006
10608,167,1,0.3636605739593506,0.22548237442970276,-1.2460468212793785e-07,0.39583340287208557,0.1759404093027115,-0.0033150818198919296,0.4227980375289917,0.13446113467216492,-0.009507658891379833,0.4424137771129608,0.10855480283498764,-0.015846213325858116,0.4610956907272339,0.08895419538021088,-0.02169070765376091,0.40051379799842834,0.13368888199329376,-0.019996363669633865,0.441628098487854,0.15028788149356842,-0.031274642795324326,0.45010101795196533,0.16171997785568237,-0.03959764540195465,0.44654643535614014,0.16738514602184296,-0.04556840658187866,0.3867756128311157,0.16491861641407013,-0.025391623377799988,0.441278338432312,0.19041743874549866,-0.03155184164643288,0.4444468915462494,0.19126859307289124,-0.03334960713982582,0.43664705753326416,0.18856897950172424,-0.038264721632003784,0.3795618414878845,0.19667072594165802,-0.03047080710530281,0.4328971803188324,0.2210257202386856,-0.03411630541086197,0.4350575804710388,0.21631307899951935,-0.029805632308125496,0.42812255024909973,0.20751236379146576,-0.02996581234037876,0.37760406732559204,0.22604894638061523,-0.03651043400168419,0.4215843379497528,0.2431418001651764,-0.038463737815618515,0.42316490411758423,0.23628002405166626,-0.03408188000321388,0.4146476984024048,0.2283351719379425,-0.0324939601123333,Right,0.9859974384307861
10653,168,0,0.6031055450439453,0.21131771802902222,-1.883650213585497e-07,0.5835244059562683,0.169577956199646,-0.013586869463324547,0.5702956318855286,0.1378718912601471,-0.028760723769664764,0.5551127195358276,0.1269192099571228,-0.04170546680688858,0.5388148427009583,0.12780670821666718,-0.05579735338687897,0.6101489067077637,0.10822618007659912,-0.043581273406744,0.5674567222595215,0.09983044862747192,-0.06522368639707565,0.5371785759925842,0.10834865272045135,-0.07610408216714859,0.51494961977005,0.11994360387325287,-0.08177509903907776,0.6203096508979797,0.13787755370140076,-0.04754147306084633,0.5787663459777832,0.12270054966211319,-0.07100885361433029,0.5472884178161621,0.1382189840078354,-0.07660458981990814,0.5272327661514282,0.15458831191062927,-0.0785951167345047,0.618063747882843,0.17165891826152802,-0.05154655873775482,0.5688581466674805,0.16419628262519836,-0.07300254702568054,0.5393987894058228,0.17426925897598267,-0.07373066246509552,0.5245872735977173,0.18346764147281647,-0.07169198244810104,0.6075498461723328,0.20427371561527252,-0.055586595088243484,0.5658931732177734,0.19190539419651031,-0.07068457454442978,0.5406453013420105,0.18864698708057404,-0.07032449543476105,0.5272788405418396,0.1858270764350891,-0.06846648454666138,Left,0.9986290335655212
10653,168,1,0.36370301246643066,0.20885537564754486,6.715727352002432e-08,0.3918784558773041,0.1640794426202774,-0.004554057959467173,0.4230533242225647,0.13385240733623505,-0.015208964236080647,0.44930657744407654,0.11620458960533142,-0.025577014312148094,0.47184449434280396,0.09742767363786697,-0.035458192229270935,0.3971584737300873,0.13912521302700043,-0.030162975192070007,0.4383808672428131,0.15540707111358643,-0.04560905694961548,0.452720582485199,0.16486330330371857,-0.05481747165322304,0.4554474949836731,0.17224249243736267,-0.059987872838974,0.3866122364997864,0.17529922723770142,-0.036277782171964645,0.4457973539829254,0.19312390685081482,-0.0466381199657917,0.4512545168399811,0.19247400760650635,-0.04446422681212425,0.4430926740169525,0.19125604629516602,-0.04503951594233513,0.38164693117141724,0.20853856205940247,-0.04196690022945404,0.4379422962665558,0.22433418035507202,-0.04755442962050438,0.4403146207332611,0.21707022190093994,-0.03633371740579605,0.4317096173763275,0.21067948639392853,-0.030570615082979202,0.38037651777267456,0.23889392614364624,-0.048751212656497955,0.4272979199886322,0.2503650188446045,-0.049455344676971436,0.4285638928413391,0.23963357508182526,-0.03979205712676048,0.4178846478462219,0.23022128641605377,-0.03402051702141762,Right,0.9743940830230713
10697,169,0,0.5944495797157288,0.21300560235977173,-1.9675987061873457e-07,0.5747750401496887,0.17075295746326447,-0.016348550096154213,0.5644068717956543,0.1389550268650055,-0.032606594264507294,0.5529184937477112,0.12941661477088928,-0.04650028422474861,0.5384624600410461,0.13071271777153015,-0.061356574296951294,0.6062456369400024,0.10760334134101868,-0.04656139761209488,0.5659880638122559,0.0950261801481247,-0.06938609480857849,0.5366888642311096,0.10606326907873154,-0.08071192353963852,0.5151618719100952,0.12070117890834808,-0.0863935649394989,0.617647647857666,0.13469566404819489,-0.04914926365017891,0.5749469995498657,0.12026918679475784,-0.07521764189004898,0.5433170795440674,0.1369878649711609,-0.082863450050354,0.5222207903862,0.15484879910945892,-0.0854697898030281,0.617612361907959,0.16678892076015472,-0.051822394132614136,0.5686221718788147,0.16458973288536072,-0.07419957220554352,0.5390537977218628,0.17695070803165436,-0.07583492994308472,0.5224397778511047,0.18857932090759277,-0.07390434294939041,0.6089304089546204,0.19787144660949707,-0.05493682622909546,0.5694801807403564,0.1914488971233368,-0.06985896080732346,0.5448897480964661,0.19006416201591492,-0.06980571150779724,0.5313964486122131,0.18948586285114288,-0.06778276711702347,Left,0.9986289143562317
10697,169,1,0.3660537302494049,0.20845870673656464,7.913880040177901e-08,0.3877509534358978,0.16361214220523834,-0.006932148709893227,0.4189939796924591,0.13519656658172607,-0.019527189433574677,0.44653570652008057,0.1227734312415123,-0.030089393258094788,0.46816739439964294,0.11141863465309143,-0.039099980145692825,0.38912972807884216,0.14420995116233826,-0.044322673231363297,0.44074296951293945,0.15661317110061646,-0.06230662763118744,0.45098763704299927,0.16298392415046692,-0.06824449449777603,0.4439943730831146,0.16460876166820526,-0.06874456256628036,0.3819448947906494,0.1823827028274536,-0.046985238790512085,0.445071816444397,0.1903318613767624,-0.059333112090826035,0.45001086592674255,0.18874984979629517,-0.05307432636618614,0.4380953907966614,0.18405024707317352,-0.04910114035010338,0.3822976052761078,0.21542513370513916,-0.048635441809892654,0.44059768319129944,0.22078660130500793,-0.05423785001039505,0.4431745409965515,0.21368804574012756,-0.04058283567428589,0.4318399727344513,0.20589669048786163,-0.03218531981110573,0.385892391204834,0.24361246824264526,-0.05107828974723816,0.43283551931381226,0.2447560876607895,-0.0501239039003849,0.43437519669532776,0.2357141375541687,-0.039101459085941315,0.42355167865753174,0.2263866811990738,-0.03210132196545601,Right,0.9826489090919495
10740,170,0,0.5973783731460571,0.22504845261573792,-2.3282777306121716e-07,0.5691639184951782,0.18356305360794067,-0.014969201758503914,0.5578862428665161,0.14884568750858307,-0.028415173292160034,0.5469114780426025,0.1342269629240036,-0.03989364206790924,0.5314142107963562,0.13017599284648895,-0.05225645378232002,0.6051462292671204,0.10724085569381714,-0.0356585755944252,0.5623301267623901,0.09794803708791733,-0.05531938746571541,0.5339815616607666,0.1085030734539032,-0.06660691648721695,0.5131850838661194,0.12216225266456604,-0.07235544919967651,0.6159329414367676,0.13387103378772736,-0.038075100630521774,0.5728604793548584,0.1195921078324318,-0.0593181736767292,0.5419214963912964,0.13597941398620605,-0.06623219698667526,0.520653486251831,0.15408602356910706,-0.06826222687959671,0.614730954170227,0.16584067046642303,-0.04100167378783226,0.5653381943702698,0.1621057391166687,-0.06034054234623909,0.5365060567855835,0.17470279335975647,-0.06260986626148224,0.5203572511672974,0.1864284873008728,-0.06098645552992821,0.6049449443817139,0.19848951697349548,-0.044437143951654434,0.5639370679855347,0.19136369228363037,-0.05764949694275856,0.5403665900230408,0.19107507169246674,-0.05742128938436508,0.5273537635803223,0.19145341217517853,-0.0548921637237072,Left,0.9995748400688171
10740,170,1,0.3653581440448761,0.2103804051876068,8.42249505694781e-08,0.3820401430130005,0.1591893583536148,-0.005841048434376717,0.4152420461177826,0.12773792445659637,-0.016099831089377403,0.4463767409324646,0.11727764457464218,-0.024337008595466614,0.4685080945491791,0.11568546295166016,-0.03163888305425644,0.3869767487049103,0.14493677020072937,-0.037699174135923386,0.4248042106628418,0.14915919303894043,-0.05321027338504791,0.4380187690258026,0.14439964294433594,-0.060523681342601776,0.4401581883430481,0.13988444209098816,-0.06379789113998413,0.38582944869995117,0.18151871860027313,-0.04110885038971901,0.44077441096305847,0.1755727380514145,-0.053620386868715286,0.4436665177345276,0.1674233227968216,-0.0510602667927742,0.4320540130138397,0.16186979413032532,-0.0496659129858017,0.39154380559921265,0.21313977241516113,-0.043258484452962875,0.4454794228076935,0.20279738306999207,-0.049577295780181885,0.4425692558288574,0.1936473697423935,-0.03917820751667023,0.42834317684173584,0.1880970448255539,-0.032750677317380905,0.3988261818885803,0.24065253138542175,-0.04602450877428055,0.4425567388534546,0.2287093997001648,-0.04516264796257019,0.4363994598388672,0.22013793885707855,-0.03550964221358299,0.42073971033096313,0.21523451805114746,-0.029780354350805283,Right,0.9760830402374268
10785,171,0,0.6019795536994934,0.22742027044296265,-2.6078663495354704e-07,0.5645236968994141,0.1848524659872055,-0.010993215255439281,0.549764096736908,0.1511119157075882,-0.022834867238998413,0.536872148513794,0.13939236104488373,-0.033664729446172714,0.5205986499786377,0.14001618325710297,-0.04580741375684738,0.5998742580413818,0.10665454715490341,-0.031431544572114944,0.5550507307052612,0.09549865126609802,-0.05070123448967934,0.5245686173439026,0.10835807770490646,-0.06220698356628418,0.5036188364028931,0.12395352125167847,-0.06802723556756973,0.6123530864715576,0.1317177414894104,-0.03518078848719597,0.5678201913833618,0.11862170696258545,-0.05514252930879593,0.5348281860351562,0.13889028131961823,-0.061493463814258575,0.5145368576049805,0.16005858778953552,-0.06350041180849075,0.6119743585586548,0.16231341660022736,-0.03940020501613617,0.5591561198234558,0.16303907334804535,-0.057171061635017395,0.5282325148582458,0.1757236123085022,-0.060485608875751495,0.5118478536605835,0.1875109076499939,-0.06013045832514763,0.6025570034980774,0.19396564364433289,-0.04388375207781792,0.5592637658119202,0.19065803289413452,-0.054961126297712326,0.5344423651695251,0.19118377566337585,-0.05527709424495697,0.5200541615486145,0.19128724932670593,-0.05395245924592018,Left,0.9978708624839783
10785,171,1,0.36331430077552795,0.20337435603141785,3.717663688007633e-08,0.3819471001625061,0.15645849704742432,-0.006233461666852236,0.41553449630737305,0.126059427857399,-0.017849011346697807,0.4472476840019226,0.1170850396156311,-0.02815353311598301,0.4712156057357788,0.1179451048374176,-0.03657994046807289,0.3910442590713501,0.13083992898464203,-0.03672036528587341,0.4355017840862274,0.13038939237594604,-0.05472828447818756,0.44108423590660095,0.1326044797897339,-0.06220036372542381,0.4357181191444397,0.13241049647331238,-0.06452583521604538,0.38848450779914856,0.16654808819293976,-0.041132908314466476,0.4512614905834198,0.16789261996746063,-0.05862496793270111,0.4447084367275238,0.16881120204925537,-0.055955637246370316,0.42471450567245483,0.16778916120529175,-0.0521005317568779,0.3916763663291931,0.1996210217475891,-0.04498814046382904,0.4503138065338135,0.19788959622383118,-0.05380639061331749,0.44217559695243835,0.19630254805088043,-0.04189208149909973,0.42437195777893066,0.19394998252391815,-0.03303992375731468,0.39647579193115234,0.22973842918872833,-0.04968230798840523,0.44411376118659973,0.22506599128246307,-0.04939359799027443,0.4356198310852051,0.22081264853477478,-0.03894172981381416,0.41798102855682373,0.21735841035842896,-0.032006848603487015,Right,0.9935670495033264
10830,172,0,0.601375937461853,0.22955980896949768,-2.4346095983673877e-07,0.559382438659668,0.18737544119358063,-0.011304906569421291,0.544306218624115,0.1522950381040573,-0.023879611864686012,0.5325090885162354,0.13641449809074402,-0.03514542058110237,0.5172169804573059,0.13513532280921936,-0.047648172825574875,0.5979192852973938,0.10735144466161728,-0.03441890329122543,0.5531898140907288,0.0956425815820694,-0.054673753678798676,0.5218342542648315,0.10621027648448944,-0.06660376489162445,0.5002598166465759,0.11972492933273315,-0.07296610623598099,0.6094045042991638,0.13257956504821777,-0.03855251148343086,0.5657863020896912,0.11738970875740051,-0.06063263863325119,0.5325078368186951,0.135529562830925,-0.06775528192520142,0.5126883387565613,0.15485408902168274,-0.0705985352396965,0.608088493347168,0.16377303004264832,-0.04306599125266075,0.5583664774894714,0.1619095504283905,-0.06299322098493576,0.5267966389656067,0.17306119203567505,-0.06653761863708496,0.5101737976074219,0.1839640736579895,-0.06637479364871979,0.598146915435791,0.19592809677124023,-0.04775363206863403,0.5565837621688843,0.19032950699329376,-0.0602680966258049,0.5317775011062622,0.18991868197917938,-0.06153654307126999,0.5167137980461121,0.18983331322669983,-0.06121539697051048,Left,0.9958526492118835
10830,172,1,0.36191749572753906,0.19705812633037567,5.889199172770532e-08,0.3853961229324341,0.15677475929260254,-0.006484084762632847,0.4229133725166321,0.13270363211631775,-0.017583923414349556,0.4564566910266876,0.1273263841867447,-0.027461592108011246,0.4808115065097809,0.12464293837547302,-0.03555219992995262,0.3992235064506531,0.12275032699108124,-0.03504103049635887,0.4434364438056946,0.12837976217269897,-0.052543755620718,0.450317919254303,0.13545283675193787,-0.06074852496385574,0.4448302090167999,0.1385679990053177,-0.06406570971012115,0.3924107551574707,0.15789629518985748,-0.03946525603532791,0.45407116413116455,0.17103993892669678,-0.05505716800689697,0.4489539563655853,0.17409642040729523,-0.05324558913707733,0.4306432604789734,0.17059870064258575,-0.051354337483644485,0.3908608555793762,0.1925443708896637,-0.04352544620633125,0.4489463269710541,0.2017577588558197,-0.05195361003279686,0.44190454483032227,0.20058560371398926,-0.0413694754242897,0.4249577224254608,0.19477172195911407,-0.03428618237376213,0.3914664387702942,0.2248278260231018,-0.04844394698739052,0.44029897451400757,0.2290308028459549,-0.04937192425131798,0.4357595145702362,0.22353172302246094,-0.04020087420940399,0.4211524724960327,0.21616482734680176,-0.034303415566682816,Right,0.9980312585830688
10872,173,0,0.6018300652503967,0.23346161842346191,-2.4715734525670996e-07,0.5555881261825562,0.1964419037103653,-0.011598673649132252,0.5367979407310486,0.16277389228343964,-0.025128554552793503,0.5199691653251648,0.14499564468860626,-0.03743957355618477,0.5001089572906494,0.13806839287281036,-0.05075107142329216,0.5945708155632019,0.1085120216012001,-0.0337214395403862,0.5507268309593201,0.0968121886253357,-0.05508309602737427,0.5192321538925171,0.10791219770908356,-0.06815562397241592,0.49815666675567627,0.1216193437576294,-0.0753086730837822,0.6064478158950806,0.1324191391468048,-0.038028325885534286,0.5637766122817993,0.11554645001888275,-0.06146674230694771,0.531161367893219,0.13744254410266876,-0.0692080557346344,0.5137245655059814,0.15861491858959198,-0.0721905305981636,0.6061127185821533,0.16341613233089447,-0.042868297547101974,0.557917594909668,0.1606460064649582,-0.06354811787605286,0.525972843170166,0.17478665709495544,-0.06681632995605469,0.5098364353179932,0.18685026466846466,-0.06632766127586365,0.59697425365448,0.19596581161022186,-0.047939445823431015,0.5588890314102173,0.18918180465698242,-0.06048370897769928,0.5357767939567566,0.19004930555820465,-0.061703894287347794,0.5227271318435669,0.19036489725112915,-0.06132327392697334,Left,0.9971205592155457
10872,173,1,0.3642597198486328,0.19150112569332123,5.306480943545466e-08,0.3919277787208557,0.1548244208097458,-0.006662577390670776,0.4303373396396637,0.13384145498275757,-0.017325028777122498,0.4630776345729828,0.130232036113739,-0.02721821516752243,0.48662495613098145,0.12759310007095337,-0.03541236370801926,0.4052545726299286,0.11703788489103317,-0.03248828276991844,0.44947385787963867,0.12832944095134735,-0.050735313445329666,0.4535399079322815,0.13877040147781372,-0.0603005550801754,0.446257621049881,0.14236247539520264,-0.06480810046195984,0.3945600688457489,0.14855970442295074,-0.037319984287023544,0.4543384909629822,0.1736283302307129,-0.05311276391148567,0.4474482834339142,0.17651712894439697,-0.052138492465019226,0.42929360270500183,0.17004461586475372,-0.051445282995700836,0.3892768919467926,0.18241342902183533,-0.04224273934960365,0.4461651146411896,0.20411628484725952,-0.05099993944168091,0.43759164214134216,0.2013741433620453,-0.04109574109315872,0.420495867729187,0.19239181280136108,-0.03500812128186226,0.38669511675834656,0.21463504433631897,-0.048191070556640625,0.43457525968551636,0.22880259156227112,-0.049675825983285904,0.42797285318374634,0.2229638397693634,-0.041078366339206696,0.41169625520706177,0.2137461155653,-0.03589176386594772,Right,0.995483934879303
10913,174,0,0.6013122200965881,0.23502323031425476,-2.522443764974014e-07,0.5565586090087891,0.1972760707139969,-0.00930244941264391,0.5390995144844055,0.1647276133298874,-0.021758226677775383,0.5264859795570374,0.14891104400157928,-0.03360213339328766,0.5121115446090698,0.1453891545534134,-0.04651518911123276,0.5949912071228027,0.10736897587776184,-0.029487324878573418,0.5519486665725708,0.09605391323566437,-0.04964620992541313,0.5207820534706116,0.10643266141414642,-0.0625419020652771,0.4992466866970062,0.12052562832832336,-0.06962819397449493,0.605426549911499,0.13081496953964233,-0.03453518822789192,0.5617595911026001,0.11501692235469818,-0.05560236796736717,0.53073650598526,0.13721106946468353,-0.06284406036138535,0.5145799517631531,0.15819275379180908,-0.06587611138820648,0.6042909622192383,0.16134582459926605,-0.040051113814115524,0.555748462677002,0.1570393592119217,-0.05861262232065201,0.5256205201148987,0.17231303453445435,-0.061067402362823486,0.5109265446662903,0.18467894196510315,-0.06035078316926956,0.5949743986129761,0.19398365914821625,-0.045796699821949005,0.5552732348442078,0.18679676949977875,-0.05722489207983017,0.5339982509613037,0.18861223757266998,-0.05789012834429741,0.5229158997535706,0.18860208988189697,-0.057076167315244675,Left,0.996971845626831
10913,174,1,0.36561140418052673,0.19218623638153076,1.8591109096632863e-07,0.39654844999313354,0.15841618180274963,-0.0043367356993258,0.42925775051116943,0.13578879833221436,-0.014535115100443363,0.45618584752082825,0.12710215151309967,-0.024291468784213066,0.4777314066886902,0.11911135911941528,-0.03291583061218262,0.4036441445350647,0.11140894889831543,-0.03094593621790409,0.432883083820343,0.11071373522281647,-0.04667837917804718,0.4503495991230011,0.12649886310100555,-0.0552874356508255,0.4575854241847992,0.14179784059524536,-0.05967241898179054,0.3899484872817993,0.13877420127391815,-0.03689112141728401,0.4441438913345337,0.16665779054164886,-0.050684135407209396,0.45177778601646423,0.17657873034477234,-0.050307489931583405,0.4450325071811676,0.174918994307518,-0.050318460911512375,0.38205912709236145,0.17155592143535614,-0.04227977991104126,0.43571937084198,0.19979891180992126,-0.05149455368518829,0.4380852282047272,0.20152543485164642,-0.04262099415063858,0.4271990656852722,0.1936723291873932,-0.03682072088122368,0.3779938519001007,0.2040165513753891,-0.04829634726047516,0.4232425093650818,0.22415757179260254,-0.05168158933520317,0.42419326305389404,0.22044789791107178,-0.04336904361844063,0.4134005606174469,0.21019969880580902,-0.037503909319639206,Right,0.9961840510368347
10957,175,0,0.6006709337234497,0.23189204931259155,-2.440839637074532e-07,0.5577081441879272,0.19283121824264526,-0.009005862288177013,0.5422578454017639,0.15989021956920624,-0.021056007593870163,0.5309211611747742,0.14565114676952362,-0.032360345125198364,0.5168926119804382,0.1443169265985489,-0.04488268494606018,0.5973653793334961,0.10773880779743195,-0.030146220698952675,0.554544985294342,0.09347733855247498,-0.050158847123384476,0.5225808024406433,0.10411158949136734,-0.06242877244949341,0.501449704170227,0.11766758561134338,-0.06911677867174149,0.6066374182701111,0.13146400451660156,-0.035203441977500916,0.5627567768096924,0.10901013761758804,-0.056321706622838974,0.5305151343345642,0.13227662444114685,-0.0627313032746315,0.514212429523468,0.15446484088897705,-0.06496591120958328,0.603760302066803,0.1616755872964859,-0.04067616909742355,0.5559771060943604,0.15427570044994354,-0.05903356894850731,0.5250983834266663,0.1691470593214035,-0.06138177588582039,0.5097850561141968,0.18068818747997284,-0.0605955608189106,0.5927450656890869,0.19324330985546112,-0.0463021919131279,0.55329829454422,0.18570196628570557,-0.05726466327905655,0.5311620235443115,0.18759946525096893,-0.0578593872487545,0.5187246799468994,0.18709594011306763,-0.05723787099123001,Left,0.9950701594352722
10957,175,1,0.3719242513179779,0.19019240140914917,1.9925832361877838e-07,0.40170007944107056,0.1575426608324051,-0.003698877990245819,0.42963531613349915,0.13527008891105652,-0.013682106509804726,0.451828271150589,0.1266726702451706,-0.023471415042877197,0.47113102674484253,0.11472031474113464,-0.032428182661533356,0.39929214119911194,0.10793423652648926,-0.029304563999176025,0.42591968178749084,0.10839056968688965,-0.04431772232055664,0.44273069500923157,0.1227862685918808,-0.0517275407910347,0.4498762786388397,0.1360650658607483,-0.055226389318704605,0.38680142164230347,0.13380645215511322,-0.03561541810631752,0.43335428833961487,0.1582885980606079,-0.04667692631483078,0.44549667835235596,0.1704368144273758,-0.04391462355852127,0.4447318911552429,0.17298534512519836,-0.042628634721040726,0.3784734010696411,0.16589051485061646,-0.04171057045459747,0.4257484972476959,0.19172608852386475,-0.05085219442844391,0.4359869062900543,0.1965007185935974,-0.040987975895404816,0.43297165632247925,0.19452905654907227,-0.034375935792922974,0.3738628327846527,0.19850057363510132,-0.048381075263023376,0.4133193790912628,0.21715420484542847,-0.053643882274627686,0.42020559310913086,0.21698138117790222,-0.04542431980371475,0.4151283800601959,0.21136213839054108,-0.039023492485284805,Right,0.9980047941207886
11000,176,0,0.5984152555465698,0.22790946066379547,-2.565549550581636e-07,0.5567229986190796,0.1906098574399948,-0.00978127121925354,0.5395006537437439,0.1550220400094986,-0.02195965312421322,0.5259110927581787,0.13528968393802643,-0.03312584385275841,0.509617269039154,0.12937255203723907,-0.04530448094010353,0.595650315284729,0.10212607681751251,-0.031213803216814995,0.5547101497650146,0.0857403352856636,-0.051813073456287384,0.5224996209144592,0.09582731127738953,-0.06451481580734253,0.5005874037742615,0.10945787280797958,-0.07121390849351883,0.6064974665641785,0.12630519270896912,-0.03598377853631973,0.5637207627296448,0.10213063657283783,-0.0576147735118866,0.5298598408699036,0.12248808145523071,-0.0637492910027504,0.5117263197898865,0.14521273970603943,-0.06557440012693405,0.604752242565155,0.156999409198761,-0.04132741317152977,0.5575399398803711,0.14582586288452148,-0.06019821763038635,0.526552140712738,0.1590304970741272,-0.061892811208963394,0.5114372968673706,0.17217740416526794,-0.06035351753234863,0.5947753190994263,0.18914252519607544,-0.046870261430740356,0.5562487244606018,0.17552250623703003,-0.05869077518582344,0.5325469970703125,0.17504549026489258,-0.05903761833906174,0.5189087390899658,0.17569121718406677,-0.05784042924642563,Left,0.996331512928009
11000,176,1,0.37177762389183044,0.1888594627380371,2.663705629402102e-07,0.4002152979373932,0.15499846637248993,-0.011973245069384575,0.4277982711791992,0.12881135940551758,-0.025853222236037254,0.4523756504058838,0.121535524725914,-0.0380404107272625,0.4742141664028168,0.11415943503379822,-0.04903722554445267,0.3858908712863922,0.1040816456079483,-0.0366714708507061,0.4013769030570984,0.10237593948841095,-0.05371179059147835,0.4138680100440979,0.10774347186088562,-0.06387100368738174,0.4180607199668884,0.11580340564250946,-0.06965840607881546,0.37438535690307617,0.13128265738487244,-0.03950279951095581,0.42386263608932495,0.15676769614219666,-0.053493667393922806,0.4362536668777466,0.16520655155181885,-0.05374271422624588,0.43604984879493713,0.16670911014080048,-0.05470539629459381,0.3694031536579132,0.16478444635868073,-0.042561620473861694,0.4205578863620758,0.18804414570331573,-0.05306747555732727,0.426661878824234,0.18743778765201569,-0.04468384012579918,0.4204384982585907,0.18138772249221802,-0.03936731815338135,0.3691660463809967,0.19778016209602356,-0.04709337279200554,0.41215980052948,0.21314629912376404,-0.053688809275627136,0.41490650177001953,0.20897027850151062,-0.046346962451934814,0.4068349301815033,0.20073756575584412,-0.04068354517221451,Right,0.9994500279426575
11042,177,0,0.5994110107421875,0.22772717475891113,-2.7172521299689834e-07,0.5538644194602966,0.18670454621315002,-0.010038362815976143,0.5343211889266968,0.1491352766752243,-0.0232468880712986,0.5144312381744385,0.13025589287281036,-0.03555891662836075,0.49213725328445435,0.12235882878303528,-0.049075815826654434,0.5957173705101013,0.09751737117767334,-0.03268059715628624,0.553390622138977,0.08104778081178665,-0.053411152213811874,0.5201318860054016,0.0914926528930664,-0.06665694713592529,0.4981912076473236,0.10508208721876144,-0.07427400350570679,0.6062830090522766,0.12320470064878464,-0.03771929815411568,0.5636541843414307,0.09988681226968765,-0.06021936237812042,0.5291841626167297,0.1207442581653595,-0.0676107257604599,0.5117371082305908,0.1417018622159958,-0.07087875157594681,0.6043108105659485,0.1557004451751709,-0.043076202273368835,0.5576050877571106,0.14258377254009247,-0.06258562952280045,0.5254268050193787,0.15554170310497284,-0.06490591168403625,0.5102589130401611,0.16746163368225098,-0.06429195404052734,0.5935499668121338,0.1892939656972885,-0.04853908717632294,0.5542450547218323,0.17409969866275787,-0.0611460842192173,0.5300159454345703,0.17323271930217743,-0.062017038464546204,0.5172805190086365,0.17380788922309875,-0.06146837770938873,Left,0.9946152567863464
11042,177,1,0.37100866436958313,0.1960904747247696,1.9836815567941812e-07,0.3995594084262848,0.16194823384284973,-0.011982196941971779,0.42688098549842834,0.12998627126216888,-0.02586585469543934,0.453443318605423,0.1181752160191536,-0.038199473172426224,0.4761035442352295,0.1078687384724617,-0.04901139810681343,0.38314080238342285,0.1087750643491745,-0.03726930916309357,0.39907556772232056,0.09968534111976624,-0.05387270450592041,0.4126950204372406,0.11057509481906891,-0.06321738660335541,0.4194425344467163,0.12590619921684265,-0.06871932744979858,0.37102240324020386,0.13314364850521088,-0.040380172431468964,0.42470622062683105,0.1567809134721756,-0.05463971197605133,0.43637925386428833,0.16296419501304626,-0.05515677481889725,0.43603402376174927,0.16255278885364532,-0.05629004165530205,0.36692577600479126,0.16517652571201324,-0.04377269372344017,0.4236125648021698,0.18955133855342865,-0.05197398364543915,0.4254751205444336,0.1838153600692749,-0.0424053780734539,0.41796281933784485,0.1747579276561737,-0.03712664917111397,0.36832910776138306,0.1979556381702423,-0.0491894893348217,0.41324248909950256,0.21250396966934204,-0.05535849183797836,0.41427043080329895,0.2059565633535385,-0.048388976603746414,0.40581125020980835,0.19758331775665283,-0.042934637516736984,Right,0.9998087882995605
11083,178,0,0.5977615118026733,0.22959521412849426,-2.9439939908115775e-07,0.553025484085083,0.1851855367422104,-0.008924550376832485,0.5327141284942627,0.14539116621017456,-0.021357964724302292,0.5096690058708191,0.12557952105998993,-0.03334304690361023,0.48567986488342285,0.11962343007326126,-0.04649747163057327,0.5959845185279846,0.09619424492120743,-0.028162971138954163,0.5535144209861755,0.0805131196975708,-0.04820799082517624,0.5204238891601562,0.09091468155384064,-0.062190402299165726,0.497897744178772,0.10442234575748444,-0.07050202041864395,0.6062422394752502,0.1220652163028717,-0.03327764570713043,0.5638101100921631,0.10191898047924042,-0.05442718416452408,0.5308094620704651,0.1212829053401947,-0.06309502571821213,0.5132351517677307,0.1406889706850052,-0.06776586174964905,0.6042788028717041,0.15458860993385315,-0.03868046775460243,0.5576337575912476,0.1422579288482666,-0.05744395777583122,0.5266212821006775,0.15411251783370972,-0.0607486218214035,0.5112670660018921,0.16568024456501007,-0.06105148047208786,0.5938523411750793,0.18753813207149506,-0.04414039105176926,0.5536016821861267,0.17420397698879242,-0.05646277591586113,0.5302426815032959,0.1729053258895874,-0.05789714306592941,0.5178259611129761,0.1731371283531189,-0.057821087539196014,Left,0.9954332113265991
11083,178,1,0.3698095679283142,0.1907121241092682,1.6022924853587028e-07,0.3996143043041229,0.15747644007205963,-0.01203570980578661,0.4279066026210785,0.12728063762187958,-0.025403670966625214,0.4555039405822754,0.11545588076114655,-0.037507858127355576,0.47833624482154846,0.10395976901054382,-0.04808426275849342,0.383947491645813,0.10407603532075882,-0.03687340021133423,0.40667855739593506,0.10812412202358246,-0.05393572524189949,0.4240068793296814,0.12261601537466049,-0.062045514583587646,0.4323924779891968,0.13669832050800323,-0.06595160067081451,0.3709392845630646,0.1300903558731079,-0.04017595201730728,0.4251481294631958,0.16168445348739624,-0.0532715879380703,0.4334027171134949,0.16149450838565826,-0.05213151127099991,0.42943379282951355,0.15565702319145203,-0.051868751645088196,0.366222083568573,0.16245011985301971,-0.04406949505209923,0.4225292503833771,0.19459515810012817,-0.052629876881837845,0.4254924952983856,0.18501415848731995,-0.04235173389315605,0.4196231961250305,0.17383691668510437,-0.03570261597633362,0.36610642075538635,0.19498926401138306,-0.050074826925992966,0.4114436209201813,0.21557530760765076,-0.057196009904146194,0.4131694436073303,0.20762702822685242,-0.05052172392606735,0.40623924136161804,0.19923482835292816,-0.04431568831205368,Right,0.9996296763420105
11125,179,0,0.5987333059310913,0.23086705803871155,-2.871524031888839e-07,0.5542658567428589,0.1874077320098877,-0.008608508855104446,0.5356920957565308,0.15108995139598846,-0.02121456153690815,0.517636775970459,0.13273487985134125,-0.0334969125688076,0.4978187382221222,0.12895065546035767,-0.04708756506443024,0.5974302887916565,0.09812720119953156,-0.029046082869172096,0.5546193718910217,0.08144216239452362,-0.050313569605350494,0.5223810076713562,0.0905790627002716,-0.06474492698907852,0.5002599954605103,0.10310002416372299,-0.07297041267156601,0.6069192290306091,0.12363230437040329,-0.034515779465436935,0.5628330111503601,0.1023530587553978,-0.05631942301988602,0.530677318572998,0.12183617055416107,-0.06497566401958466,0.5135270357131958,0.14090293645858765,-0.06935260444879532,0.6043051481246948,0.15512123703956604,-0.04034731164574623,0.5562729239463806,0.14314806461334229,-0.05958337336778641,0.5254579782485962,0.15569446980953217,-0.0629042461514473,0.5097391605377197,0.16693177819252014,-0.06292270123958588,0.5930774807929993,0.18697002530097961,-0.04629552364349365,0.5524325370788574,0.1749143749475479,-0.05853854492306709,0.5306879281997681,0.1750050187110901,-0.05982409045100212,0.5189855694770813,0.1752781867980957,-0.059482406824827194,Left,0.9952899813652039
11125,179,1,0.3686496317386627,0.1916317343711853,1.6034921657137602e-07,0.3986718952655792,0.15577009320259094,-0.009558683261275291,0.42740026116371155,0.12609799206256866,-0.020467214286327362,0.4546569883823395,0.11606264114379883,-0.030747104436159134,0.4781982898712158,0.10795908421278,-0.04024597629904747,0.3883521556854248,0.09962379932403564,-0.03018384426832199,0.4195457994937897,0.11197929829359055,-0.04742640256881714,0.43864133954048157,0.12694798409938812,-0.05774160474538803,0.44847342371940613,0.13734392821788788,-0.06368575245141983,0.3744206130504608,0.1284768432378769,-0.034419771283864975,0.4252234697341919,0.16004931926727295,-0.04801327362656593,0.43857884407043457,0.16488222777843475,-0.04934674873948097,0.4401111900806427,0.1640470325946808,-0.05096222087740898,0.36784490942955017,0.1629881113767624,-0.039388153702020645,0.4198169410228729,0.19455206394195557,-0.049499187618494034,0.42968395352363586,0.19120481610298157,-0.04309608042240143,0.42967209219932556,0.18496376276016235,-0.03863443434238434,0.3668404221534729,0.19653718173503876,-0.04601405933499336,0.41021159291267395,0.21663635969161987,-0.052578214555978775,0.4159194827079773,0.21184614300727844,-0.04765775054693222,0.4126162528991699,0.2059800624847412,-0.04318154230713844,Right,0.9995631575584412
11167,180,0,0.5958511829376221,0.23027192056179047,-2.814934703110339e-07,0.5521582365036011,0.18586596846580505,-0.00879604835063219,0.5351684093475342,0.1512269228696823,-0.021379325538873672,0.5188416242599487,0.13319142162799835,-0.0336068719625473,0.5007811784744263,0.12975738942623138,-0.047185927629470825,0.5972752571105957,0.09801661223173141,-0.027924006804823875,0.5536003112792969,0.08164507895708084,-0.04823353514075279,0.5206021666526794,0.09091466665267944,-0.06267740577459335,0.498881071805954,0.10427028685808182,-0.07103733718395233,0.6062647700309753,0.12373858690261841,-0.033146969974040985,0.5629709362983704,0.10366266965866089,-0.05386508256196976,0.5299243927001953,0.12166528403759003,-0.06259283423423767,0.5120753645896912,0.1404508501291275,-0.06720460951328278,0.6031638979911804,0.1552084982395172,-0.03880181908607483,0.5559667944908142,0.14393921196460724,-0.05693444982171059,0.5248342156410217,0.15452007949352264,-0.060604557394981384,0.5091841220855713,0.16474121809005737,-0.06122449040412903,0.5919719934463501,0.18680241703987122,-0.044627346098423004,0.5508219599723816,0.17515867948532104,-0.05586667358875275,0.5268524289131165,0.1749887615442276,-0.05700991302728653,0.5136352777481079,0.17495056986808777,-0.056847669184207916,Left,0.9947531819343567
11167,180,1,0.3665529489517212,0.19059285521507263,1.7743299451922212e-07,0.3931048810482025,0.1517368108034134,-0.007564778905361891,0.4230501353740692,0.12317879498004913,-0.021591240540146828,0.4523826837539673,0.11707939207553864,-0.03478417173027992,0.4770984351634979,0.11170245707035065,-0.04722264036536217,0.3904981315135956,0.09769746661186218,-0.0398818738758564,0.433034747838974,0.10578393936157227,-0.05526047199964523,0.4512459635734558,0.12254071235656738,-0.06025286391377449,0.4527287781238556,0.13491234183311462,-0.0621902197599411,0.38041654229164124,0.13048964738845825,-0.0460725873708725,0.44055747985839844,0.15199264883995056,-0.05760311335325241,0.4494215250015259,0.15977101027965546,-0.053107377141714096,0.4417394697666168,0.15983298420906067,-0.05095343664288521,0.37749728560447693,0.16862431168556213,-0.0518236868083477,0.43565064668655396,0.1852717399597168,-0.05946620553731918,0.4433193504810333,0.1834644377231598,-0.04679796099662781,0.43699485063552856,0.17859655618667603,-0.03899561986327171,0.3791090250015259,0.20515134930610657,-0.0587967224419117,0.42571088671684265,0.21218204498291016,-0.06362179666757584,0.430700421333313,0.20542684197425842,-0.05418920889496803,0.42330384254455566,0.19860538840293884,-0.04700136557221413,Right,0.9999248385429382
11209,181,0,0.5988650321960449,0.2314477562904358,-2.649667578680237e-07,0.5555863976478577,0.1855684220790863,-0.007681813091039658,0.5381594300270081,0.15062512457370758,-0.021084202453494072,0.5202870965003967,0.134598970413208,-0.03426966071128845,0.500083327293396,0.13407669961452484,-0.04905088245868683,0.5981876254081726,0.10431540012359619,-0.030876783654093742,0.5545915365219116,0.08514773845672607,-0.051782723516225815,0.5206215977668762,0.09358565509319305,-0.06606975942850113,0.4988722503185272,0.1060095876455307,-0.0743529200553894,0.6059563159942627,0.1303054541349411,-0.036659982055425644,0.5629817843437195,0.10583149641752243,-0.057071149349212646,0.5302491784095764,0.12232431769371033,-0.06455723196268082,0.5131120085716248,0.14078600704669952,-0.0686606913805008,0.6016085147857666,0.16139914095401764,-0.04252827540040016,0.5546532869338989,0.1469353586435318,-0.05958175286650658,0.5245072245597839,0.15667879581451416,-0.06170015409588814,0.5101220607757568,0.16693508625030518,-0.0617675706744194,0.5890735983848572,0.19196361303329468,-0.04849926754832268,0.5494704246520996,0.17727124691009521,-0.058711886405944824,0.5261382460594177,0.1756725013256073,-0.05892578884959221,0.513343870639801,0.1754942387342453,-0.05852236598730087,Left,0.9957841038703918
11209,181,1,0.3648780286312103,0.18699504435062408,2.1412226658412692e-07,0.39052897691726685,0.1481945663690567,-0.008564755320549011,0.4229632616043091,0.12161757051944733,-0.023819033056497574,0.4525509476661682,0.1168338730931282,-0.03785722702741623,0.47592616081237793,0.11366026848554611,-0.05071207880973816,0.39064544439315796,0.10034774243831635,-0.04408862069249153,0.4338211417198181,0.10746994614601135,-0.0605761744081974,0.4506850838661194,0.12213950604200363,-0.06601293385028839,0.45136579871177673,0.13380937278270721,-0.0681367963552475,0.3810264468193054,0.13566765189170837,-0.05003470927476883,0.44447267055511475,0.15420278906822205,-0.06400980800390244,0.451204776763916,0.16163823008537292,-0.059101879596710205,0.44165661931037903,0.16188719868659973,-0.056410666555166245,0.3779975473880768,0.172824889421463,-0.05539742857217789,0.4388326108455658,0.1873040348291397,-0.06350141763687134,0.44185495376586914,0.18653030693531036,-0.04942087084054947,0.4309054911136627,0.1825738251209259,-0.04095819592475891,0.37883883714675903,0.20754943788051605,-0.06214963272213936,0.42839351296424866,0.21345028281211853,-0.066138356924057,0.4298321008682251,0.20822802186012268,-0.055569399148225784,0.41870787739753723,0.2022046595811844,-0.048192281275987625,Right,0.9996973872184753
11252,182,0,0.6010197401046753,0.23327016830444336,-2.65817305944438e-07,0.5599435567855835,0.18948262929916382,-0.006004498805850744,0.544134259223938,0.1550033837556839,-0.018369149416685104,0.5284843444824219,0.13833895325660706,-0.030650228261947632,0.5098252892494202,0.13584163784980774,-0.04447168856859207,0.5999800562858582,0.11100147664546967,-0.029395928606390953,0.5575692057609558,0.08947303891181946,-0.0495138019323349,0.5238981246948242,0.09645673632621765,-0.06266835331916809,0.5018196105957031,0.10754088312387466,-0.07000882923603058,0.6068852543830872,0.1363065391778946,-0.03546755388379097,0.563941240310669,0.11029939353466034,-0.0548245944082737,0.531085729598999,0.12486451864242554,-0.061270833015441895,0.513336181640625,0.1422046720981598,-0.06476332992315292,0.6019902229309082,0.16649772226810455,-0.041506100445985794,0.5548651218414307,0.14913226664066315,-0.057538360357284546,0.5245534777641296,0.15738306939601898,-0.05865972861647606,0.5092547535896301,0.16682711243629456,-0.05820929631590843,0.5895127058029175,0.19622907042503357,-0.04750918969511986,0.550544261932373,0.17880117893218994,-0.057277947664260864,0.5289939641952515,0.1766226589679718,-0.05682383477687836,0.5171884894371033,0.17604291439056396,-0.05589975044131279,Left,0.9959749579429626
11252,182,1,0.36217817664146423,0.18759819865226746,1.660780384327154e-07,0.3891279399394989,0.1499631106853485,-0.008141784928739071,0.42452332377433777,0.12347076833248138,-0.020585140213370323,0.4550361633300781,0.11858439445495605,-0.03199327364563942,0.4790184795856476,0.11682574450969696,-0.042282212525606155,0.3928380012512207,0.10520137846469879,-0.03638388589024544,0.4296407699584961,0.11508376151323318,-0.05272984132170677,0.4440031945705414,0.1232476606965065,-0.061165448278188705,0.4476855993270874,0.13007040321826935,-0.06621895730495453,0.38324370980262756,0.13828535377979279,-0.0424368679523468,0.44778352975845337,0.15985146164894104,-0.057303763926029205,0.44670653343200684,0.16449424624443054,-0.05581873282790184,0.43244054913520813,0.1605481058359146,-0.055642202496528625,0.3789132535457611,0.17308703064918518,-0.04835231602191925,0.43838968873023987,0.19057850539684296,-0.05812622606754303,0.4336634874343872,0.1894547939300537,-0.04846929386258125,0.4193034768104553,0.18196095526218414,-0.0429191030561924,0.3779223561286926,0.20657970011234283,-0.055579300969839096,0.427035391330719,0.2156713753938675,-0.05953221023082733,0.42309609055519104,0.2122938185930252,-0.051209885627031326,0.40845221281051636,0.20647835731506348,-0.046202391386032104,Right,0.9983461499214172
11309,183,0,0.599647045135498,0.23221850395202637,-2.5775966605579015e-07,0.5594120621681213,0.19000950455665588,-0.008218732662498951,0.544398844242096,0.1563713550567627,-0.021171096712350845,0.5314918160438538,0.1405935138463974,-0.03330603241920471,0.5154526233673096,0.13736467063426971,-0.04670039191842079,0.6005074381828308,0.10801500082015991,-0.0323946550488472,0.5571291446685791,0.08941099792718887,-0.052579641342163086,0.5242612361907959,0.09774398803710938,-0.06501930952072144,0.5020607709884644,0.10931162536144257,-0.07176472991704941,0.6086065769195557,0.1344326287508011,-0.037474460899829865,0.5647233128547668,0.11228369176387787,-0.057550251483917236,0.5317310094833374,0.12934453785419464,-0.06358754634857178,0.5136600732803345,0.14692701399326324,-0.06660830974578857,0.6038404703140259,0.16564975678920746,-0.04265610873699188,0.5558623671531677,0.15272139012813568,-0.05961475148797035,0.5247301459312439,0.16121338307857513,-0.06120049208402634,0.5081128478050232,0.16918383538722992,-0.06086486205458641,0.591060996055603,0.19627265632152557,-0.04785991087555885,0.5518983602523804,0.18077722191810608,-0.05761348083615303,0.529383659362793,0.1779981106519699,-0.05719568207859993,0.5158767104148865,0.175509974360466,-0.05638503655791283,Left,0.9957811236381531
11309,183,1,0.3599541485309601,0.19151043891906738,1.4609544685129094e-08,0.38756200671195984,0.15846244990825653,-0.009375735186040401,0.42438754439353943,0.13267989456653595,-0.02115664817392826,0.4545367360115051,0.12317243218421936,-0.03171701729297638,0.4788011312484741,0.11508941650390625,-0.040663670748472214,0.3968237638473511,0.10608291625976562,-0.03569413349032402,0.44752052426338196,0.134445458650589,-0.05124611780047417,0.44781631231307983,0.14616701006889343,-0.058126311749219894,0.43562379479408264,0.1426965743303299,-0.062245406210422516,0.3831941485404968,0.138108491897583,-0.03979754075407982,0.4448723793029785,0.16950885951519012,-0.051874205470085144,0.4380326569080353,0.17280983924865723,-0.049273617565631866,0.4224662482738495,0.1654575765132904,-0.04986836016178131,0.37597352266311646,0.171809583902359,-0.04396199807524681,0.43492960929870605,0.19722437858581543,-0.05133601650595665,0.4260866045951843,0.19729205965995789,-0.04119182378053665,0.4110477566719055,0.19037042558193207,-0.03667823225259781,0.3728448152542114,0.20344674587249756,-0.04948287457227707,0.42284059524536133,0.21916460990905762,-0.05216085538268089,0.4160263240337372,0.2165936380624771,-0.044619884341955185,0.3997013568878174,0.21095968782901764,-0.04095909371972084,Right,0.9961403012275696
11352,184,0,0.5972095727920532,0.23053666949272156,-2.52484056773028e-07,0.5580632090568542,0.18611769378185272,-0.009134816005825996,0.5456166863441467,0.15001411736011505,-0.021407265216112137,0.5363785028457642,0.13309825956821442,-0.0328027717769146,0.5225781202316284,0.13146692514419556,-0.04543406516313553,0.600771963596344,0.10574808716773987,-0.031553715467453,0.5588403940200806,0.08785831183195114,-0.052008695900440216,0.5260798335075378,0.09591374546289444,-0.06439580768346786,0.5040653347969055,0.1070115938782692,-0.07107307016849518,0.6093276739120483,0.13192085921764374,-0.0365099161863327,0.5663103461265564,0.10981786251068115,-0.057461217045784,0.533041775226593,0.1273171603679657,-0.06353167444467545,0.5147209167480469,0.14569547772407532,-0.06602539867162704,0.6052229404449463,0.1632681041955948,-0.04187837243080139,0.5575171709060669,0.15153199434280396,-0.05964552238583565,0.527118980884552,0.16093601286411285,-0.06137271225452423,0.5113232135772705,0.169637069106102,-0.06068139523267746,0.5930929183959961,0.1946718543767929,-0.04744531959295273,0.5543274283409119,0.18152159452438354,-0.05796455219388008,0.5329364538192749,0.17929664254188538,-0.05819329619407654,0.520663321018219,0.17674508690834045,-0.05759197473526001,Left,0.996137261390686
11352,184,1,0.36663129925727844,0.19557476043701172,1.942599858750782e-08,0.39227837324142456,0.1613340675830841,-0.010063028894364834,0.42385047674179077,0.1355433166027069,-0.01968933828175068,0.4474756419658661,0.12538647651672363,-0.02794179506599903,0.46876928210258484,0.11439189314842224,-0.0348394475877285,0.3937208652496338,0.12541140615940094,-0.030139407142996788,0.4421801269054413,0.15790541470050812,-0.045363642275333405,0.44232937693595886,0.1620599627494812,-0.05349162220954895,0.43303313851356506,0.15327228605747223,-0.05844580754637718,0.38129693269729614,0.1560734212398529,-0.0326257161796093,0.4391852617263794,0.18804112076759338,-0.04372626170516014,0.4327833652496338,0.18478862941265106,-0.04209296777844429,0.42005831003189087,0.17524495720863342,-0.04333167523145676,0.37559282779693604,0.18748518824577332,-0.035636842250823975,0.4291980564594269,0.21499647200107574,-0.04190775007009506,0.4196169376373291,0.20820525288581848,-0.033079031854867935,0.40655645728111267,0.1982913613319397,-0.029344875365495682,0.3727695941925049,0.2150821089744568,-0.0402870737016201,0.4160565435886383,0.23441192507743835,-0.0420248880982399,0.40823403000831604,0.22797736525535583,-0.03570825979113579,0.39265012741088867,0.2203938066959381,-0.032923102378845215,Right,0.9371947050094604
11399,185,0,0.5971081852912903,0.22876840829849243,-2.6209059456050454e-07,0.5581709742546082,0.18263965845108032,-0.00958801619708538,0.5459369421005249,0.14477908611297607,-0.02124752849340439,0.537104070186615,0.12519831955432892,-0.032172467559576035,0.522976815700531,0.1200876235961914,-0.0443655364215374,0.6017619371414185,0.10137775540351868,-0.02972322143614292,0.5608177781105042,0.0839904174208641,-0.05030446499586105,0.5283297300338745,0.09033192694187164,-0.06363560259342194,0.5050613880157471,0.10005298256874084,-0.07095878571271896,0.6104289889335632,0.12795497477054596,-0.03461848944425583,0.5668975114822388,0.10609553754329681,-0.05594301223754883,0.5331299304962158,0.12374196946620941,-0.06264416128396988,0.5138600468635559,0.14351625740528107,-0.06525494158267975,0.6065176725387573,0.15966618061065674,-0.04020588472485542,0.5596181750297546,0.14717063307762146,-0.058278582990169525,0.5296939611434937,0.15682019293308258,-0.06042557954788208,0.5141222476959229,0.16733412444591522,-0.05969013646245003,0.5946281552314758,0.19194763898849487,-0.04614682123064995,0.555894136428833,0.1777963638305664,-0.05732342228293419,0.5334151387214661,0.174569234251976,-0.05806872621178627,0.5203216671943665,0.17314156889915466,-0.0574682280421257,Left,0.9959171414375305
11399,185,1,0.36266809701919556,0.19896161556243896,1.6290360349557886e-07,0.39186760783195496,0.16182230412960052,-0.006953788921236992,0.42241302132606506,0.13589982688426971,-0.017896870151162148,0.44702330231666565,0.12527428567409515,-0.028094667941331863,0.46977120637893677,0.11125408113002777,-0.03794796019792557,0.3890654444694519,0.122397780418396,-0.02922023832798004,0.41761019825935364,0.14165125787258148,-0.043838612735271454,0.4318656325340271,0.1518319845199585,-0.053436677902936935,0.43870124220848083,0.15775050222873688,-0.059883229434490204,0.377469927072525,0.15172819793224335,-0.034061793237924576,0.42687082290649414,0.18563956022262573,-0.04516066983342171,0.43626895546913147,0.18841096758842468,-0.0458390973508358,0.43571245670318604,0.1852322667837143,-0.048626676201820374,0.3712232708930969,0.18412689864635468,-0.03896554186940193,0.4190213978290558,0.21517148613929749,-0.04693252965807915,0.4261980354785919,0.21095719933509827,-0.03985832631587982,0.42364823818206787,0.20240741968154907,-0.03674386069178581,0.3681167960166931,0.2150464802980423,-0.04503556340932846,0.4079476594924927,0.23715871572494507,-0.050066474825143814,0.41485241055488586,0.23020783066749573,-0.04490048065781593,0.4108482599258423,0.21963173151016235,-0.042001668363809586,Right,0.9908992052078247
11440,186,0,0.5982574820518494,0.22830289602279663,-2.7315613237988146e-07,0.5573875308036804,0.18314924836158752,-0.009734162129461765,0.5432491302490234,0.14680466055870056,-0.021554015576839447,0.5331454277038574,0.1276024878025055,-0.03253187984228134,0.5198740363121033,0.1212732121348381,-0.04459160193800926,0.60255366563797,0.1004672721028328,-0.02969829924404621,0.5613477826118469,0.08233952522277832,-0.04988912492990494,0.5289753675460815,0.08850964903831482,-0.06285849213600159,0.5061774253845215,0.09834971278905869,-0.06995628029108047,0.6112843155860901,0.1262379139661789,-0.03438695892691612,0.5676788091659546,0.1031314879655838,-0.055599141865968704,0.5335152745246887,0.1213281974196434,-0.06238384172320366,0.5146777033805847,0.14097446203231812,-0.0649322122335434,0.6070091128349304,0.1571660190820694,-0.03966905176639557,0.5602517127990723,0.14314870536327362,-0.05811560899019241,0.5290306806564331,0.15254414081573486,-0.060670629143714905,0.5126606225967407,0.16257867217063904,-0.06000295281410217,0.5942957401275635,0.18888092041015625,-0.0452040359377861,0.5551831126213074,0.17440883815288544,-0.05674995854496956,0.531551718711853,0.17099891602993011,-0.05770967900753021,0.5174546241760254,0.16939863562583923,-0.057065848261117935,Left,0.9960353374481201
11440,186,1,0.36280617117881775,0.20402051508426666,1.0540917827484009e-07,0.391853004693985,0.169199600815773,-0.007759238127619028,0.42292681336402893,0.13890589773654938,-0.019476376473903656,0.4462648928165436,0.12526533007621765,-0.030180921778082848,0.4681641459465027,0.10894614458084106,-0.040104325860738754,0.38848188519477844,0.11798394471406937,-0.03595317527651787,0.42431893944740295,0.1406053900718689,-0.052388809621334076,0.43676042556762695,0.15449219942092896,-0.06082652881741524,0.43846821784973145,0.16037587821483612,-0.06594518572092056,0.376338392496109,0.14710752665996552,-0.04084605723619461,0.429779052734375,0.1823590099811554,-0.05281395837664604,0.4360336661338806,0.18453730642795563,-0.05142774060368538,0.431292325258255,0.17966583371162415,-0.05284419655799866,0.3694585859775543,0.18034301698207855,-0.04573047533631325,0.42078712582588196,0.21429181098937988,-0.053942788392305374,0.42494523525238037,0.20933867990970612,-0.044697485864162445,0.419148325920105,0.19960908591747284,-0.040354952216148376,0.3659498989582062,0.21288138628005981,-0.05192526802420616,0.409774512052536,0.23558905720710754,-0.05804365873336792,0.41387712955474854,0.2285446971654892,-0.05265529453754425,0.40617039799690247,0.21859614551067352,-0.04950118809938431,Right,0.9953976273536682
11482,187,0,0.6006946563720703,0.22953394055366516,-2.723557770423213e-07,0.5594804883003235,0.18230392038822174,-0.008758487179875374,0.5448474287986755,0.14520888030529022,-0.02063620463013649,0.5344994068145752,0.12569567561149597,-0.03173007071018219,0.5225063562393188,0.12186198681592941,-0.044162649661302567,0.6018068194389343,0.10219918191432953,-0.03163580968976021,0.5583372712135315,0.08448122441768646,-0.05112886801362038,0.525582492351532,0.09224560856819153,-0.06312486529350281,0.504426121711731,0.10337154567241669,-0.06974771618843079,0.6094859838485718,0.12835893034934998,-0.03625452518463135,0.5656378865242004,0.10727381706237793,-0.05604733154177666,0.5317338109016418,0.12229745835065842,-0.06200696900486946,0.5125671625137329,0.1404244303703308,-0.0648508220911026,0.6047980785369873,0.1593489944934845,-0.04108523577451706,0.5569286942481995,0.14752329885959625,-0.058283086866140366,0.526222825050354,0.15504689514636993,-0.060415688902139664,0.5100988745689392,0.1646777242422104,-0.06024909391999245,0.5919209718704224,0.19027391076087952,-0.04601804167032242,0.5517929792404175,0.17684032022953033,-0.05672953277826309,0.5291089415550232,0.1734304130077362,-0.05751602351665497,0.5157239437103271,0.1715240776538849,-0.05727631598711014,Left,0.995052695274353
11482,187,1,0.3561365306377411,0.19737794995307922,1.3105304219607206e-07,0.378274530172348,0.15581534802913666,-0.0044846078380942345,0.4127579629421234,0.12740397453308105,-0.015355913899838924,0.4438612461090088,0.12116101384162903,-0.025821538642048836,0.4683564603328705,0.11964278668165207,-0.03565116971731186,0.3917074203491211,0.11255048960447311,-0.03134683147072792,0.4376286268234253,0.12169903516769409,-0.046115368604660034,0.45067864656448364,0.13227784633636475,-0.053797390311956406,0.4491070508956909,0.13836070895195007,-0.05804534628987312,0.38428765535354614,0.1469363421201706,-0.038334690034389496,0.4493508040904999,0.16420945525169373,-0.04905024543404579,0.45048290491104126,0.16890712082386017,-0.046638645231723785,0.43748047947883606,0.1666181981563568,-0.04666745662689209,0.38091498613357544,0.18185091018676758,-0.044968944042921066,0.4410691261291504,0.19497933983802795,-0.050507426261901855,0.43956464529037476,0.1930704414844513,-0.04018423706293106,0.4279596507549286,0.1864251345396042,-0.035083141177892685,0.38034722208976746,0.21499694883823395,-0.052669722586870193,0.42877689003944397,0.22079965472221375,-0.05319039151072502,0.428548663854599,0.2161863148212433,-0.043699249625205994,0.4179650545120239,0.21066448092460632,-0.038266465067863464,Right,0.9991246461868286
11524,188,0,0.6021762490272522,0.23132926225662231,-2.724353578287264e-07,0.565041184425354,0.18336482346057892,-0.006662164349108934,0.5488107800483704,0.14507514238357544,-0.018163377419114113,0.5345187783241272,0.12656928598880768,-0.029332472011446953,0.5197522640228271,0.12414896488189697,-0.04165344312787056,0.6031156778335571,0.10560543835163116,-0.02939665876328945,0.5580816864967346,0.08707040548324585,-0.048857059329748154,0.5251311659812927,0.09621647000312805,-0.060373347252607346,0.504740834236145,0.10863377153873444,-0.06665418297052383,0.6095332503318787,0.13276702165603638,-0.03537736088037491,0.5652235746383667,0.11001250147819519,-0.05509348213672638,0.5320920944213867,0.1264222264289856,-0.06043631583452225,0.5145295262336731,0.14487101137638092,-0.06286109238862991,0.6035967469215393,0.16474026441574097,-0.04158100113272667,0.5554303526878357,0.14942358434200287,-0.05887705460190773,0.5247570872306824,0.15617740154266357,-0.0607503280043602,0.5089348554611206,0.16459250450134277,-0.060421474277973175,0.5902140140533447,0.19616356492042542,-0.04764733463525772,0.5509324669837952,0.17899763584136963,-0.05866387113928795,0.5283305644989014,0.1740516722202301,-0.05945451930165291,0.5146832466125488,0.1705659031867981,-0.05928117781877518,Left,0.996843159198761
11524,188,1,0.3549044132232666,0.193368062376976,1.702528606983833e-07,0.37655022740364075,0.15179792046546936,-0.004686680156737566,0.41252121329307556,0.1274167150259018,-0.015512890182435513,0.4462970793247223,0.12405866384506226,-0.02548045851290226,0.47146400809288025,0.12369412928819656,-0.034598298370838165,0.393339604139328,0.11614878475666046,-0.034442149102687836,0.4352872371673584,0.12371033430099487,-0.050488296896219254,0.44905510544776917,0.1321902722120285,-0.05929854139685631,0.4526567757129669,0.13711412250995636,-0.06406523287296295,0.38511794805526733,0.14937129616737366,-0.04017113521695137,0.4458131492137909,0.16539491713047028,-0.05306289717555046,0.4477541744709015,0.16674946248531342,-0.05116771534085274,0.4371357560157776,0.162313312292099,-0.0506804920732975,0.3816346526145935,0.18359798192977905,-0.045134298503398895,0.43957602977752686,0.1962512880563736,-0.05168728902935982,0.43623119592666626,0.19205817580223083,-0.04046812653541565,0.42293980717658997,0.18447719514369965,-0.03393668681383133,0.38055992126464844,0.21603180468082428,-0.05101606622338295,0.4303927421569824,0.22257401049137115,-0.051887355744838715,0.43047088384628296,0.21505063772201538,-0.04213371500372887,0.4198279082775116,0.2064138948917389,-0.035988710820674896,Right,0.9984599351882935
11565,189,0,0.6017208695411682,0.2333310842514038,-2.662063707248308e-07,0.5622279047966003,0.1861303597688675,-0.008830544538795948,0.5469945669174194,0.14935247600078583,-0.021867195144295692,0.5351470708847046,0.13147729635238647,-0.03398233279585838,0.5229789018630981,0.12718644738197327,-0.04718068614602089,0.6035317182540894,0.10787196457386017,-0.0341806635260582,0.5592582821846008,0.09019222855567932,-0.054978128522634506,0.5265272855758667,0.09852975606918335,-0.06695231795310974,0.5047625303268433,0.10974833369255066,-0.0735192522406578,0.6106899976730347,0.1349463313817978,-0.03946441784501076,0.5653818249702454,0.11306410282850266,-0.06125926971435547,0.5318467617034912,0.13117919862270355,-0.06732957065105438,0.5139892101287842,0.14988605678081512,-0.07005459815263748,0.6052796840667725,0.16658669710159302,-0.0449325367808342,0.5559971332550049,0.15362785756587982,-0.06387980282306671,0.525251567363739,0.16206875443458557,-0.06609700620174408,0.5091865658760071,0.17058537900447845,-0.06582735478878021,0.5922413468360901,0.1976451575756073,-0.05040009319782257,0.5514815449714661,0.18371456861495972,-0.06254921853542328,0.5279079079627991,0.18025246262550354,-0.06385024636983871,0.5134153366088867,0.17676979303359985,-0.06397493183612823,Left,0.99574214220047
11565,189,1,0.3524662256240845,0.19254088401794434,9.280564938762836e-08,0.3747326731681824,0.15038980543613434,-0.006158664356917143,0.41274529695510864,0.12734608352184296,-0.016648992896080017,0.4470905065536499,0.12618564069271088,-0.025989601388573647,0.4726552367210388,0.12604385614395142,-0.03396879881620407,0.39372748136520386,0.1169160008430481,-0.03377210348844528,0.44435977935791016,0.14186251163482666,-0.0497196726500988,0.4480839967727661,0.14743231236934662,-0.056931186467409134,0.4410484731197357,0.14458970725536346,-0.06002652645111084,0.3846268057823181,0.15166372060775757,-0.0379488579928875,0.4455021023750305,0.17120149731636047,-0.049650877714157104,0.4426875114440918,0.16877485811710358,-0.04677962884306908,0.43036216497421265,0.1625324934720993,-0.04567337408661842,0.38020363450050354,0.18541689217090607,-0.04166276752948761,0.4383734464645386,0.19867847859859467,-0.04772372543811798,0.4286072552204132,0.19223996996879578,-0.037555743008852005,0.4128020107746124,0.18422602117061615,-0.03178483247756958,0.37893593311309814,0.2162916511297226,-0.046219490468502045,0.4263995587825775,0.22396329045295715,-0.04647278040647507,0.4183991551399231,0.21750299632549286,-0.037921611219644547,0.4024427831172943,0.2108139544725418,-0.032886914908885956,Right,0.9952062964439392
11607,190,0,0.5999208688735962,0.23188036680221558,-2.6352347504143836e-07,0.5606204867362976,0.18715304136276245,-0.008641835302114487,0.5456138849258423,0.15212146937847137,-0.021155746653676033,0.5325917601585388,0.1353384554386139,-0.03283429518342018,0.516997754573822,0.13122618198394775,-0.04563387483358383,0.6020803451538086,0.10798327624797821,-0.03202364966273308,0.5593167543411255,0.09007203578948975,-0.052384644746780396,0.5267451405525208,0.09745477139949799,-0.06436772644519806,0.5045205354690552,0.10743679851293564,-0.07086815685033798,0.6097512245178223,0.13432073593139648,-0.037270449101924896,0.5660102963447571,0.11287140846252441,-0.05872832238674164,0.532208263874054,0.1307426393032074,-0.06491721421480179,0.5136512517929077,0.14870111644268036,-0.06750044971704483,0.6046422123908997,0.16557054221630096,-0.04279666766524315,0.5569431185722351,0.1533333957195282,-0.06177466735243797,0.5261970162391663,0.16239207983016968,-0.06413891166448593,0.5098298788070679,0.1709100604057312,-0.06362775713205338,0.5918513536453247,0.1966598629951477,-0.04830126464366913,0.552132248878479,0.1827620565891266,-0.060118418186903,0.5291792750358582,0.17982617020606995,-0.0610225684940815,0.5150622129440308,0.1770045906305313,-0.060693588107824326,Left,0.9959770441055298
11607,190,1,0.3504178524017334,0.1914927214384079,1.0943507788852003e-07,0.3731444776058197,0.15036004781723022,-0.00526114646345377,0.4127575159072876,0.12848129868507385,-0.013376901857554913,0.4445168972015381,0.12483599036931992,-0.020399251952767372,0.46929189562797546,0.12287171185016632,-0.02643880620598793,0.3929496705532074,0.1256704181432724,-0.02830716222524643,0.4340541362762451,0.15251219272613525,-0.0423443466424942,0.4461875259876251,0.15848080813884735,-0.04938122257590294,0.449540913105011,0.1608540415763855,-0.05262552946805954,0.38233861327171326,0.15936119854450226,-0.03232291713356972,0.4425968825817108,0.1838131546974182,-0.04433346912264824,0.4429168403148651,0.17982685565948486,-0.04261346906423569,0.4330095052719116,0.17194372415542603,-0.04159046709537506,0.37720876932144165,0.19070252776145935,-0.03586477413773537,0.4340716302394867,0.20890282094478607,-0.0423915721476078,0.4291714131832123,0.20042569935321808,-0.033702872693538666,0.4173180162906647,0.1903820037841797,-0.028238827362656593,0.3748254179954529,0.21870943903923035,-0.04017893597483635,0.4222218096256256,0.23086634278297424,-0.04017123952507973,0.4170033633708954,0.22249636054039001,-0.03205326199531555,0.40246298909187317,0.21380199491977692,-0.027119072154164314,Right,0.9885146617889404
11650,191,0,0.5990392565727234,0.23203489184379578,-2.547441226852243e-07,0.5606674551963806,0.18618988990783691,-0.008531511761248112,0.5468980669975281,0.1511288434267044,-0.021301226690411568,0.53520667552948,0.13477611541748047,-0.033197347074747086,0.5201631188392639,0.13233381509780884,-0.0462365485727787,0.6033178567886353,0.11035855114459991,-0.03271062672138214,0.5607192516326904,0.09037375450134277,-0.05323997884988785,0.5276192426681519,0.09688915312290192,-0.06529150903224945,0.5046273469924927,0.10671274363994598,-0.07180564105510712,0.6106114983558655,0.13667985796928406,-0.03806591406464577,0.5677260756492615,0.11305901408195496,-0.05943843722343445,0.5336734056472778,0.1294141560792923,-0.06543967872858047,0.5145959854125977,0.14674094319343567,-0.06788231432437897,0.6049491763114929,0.1675623506307602,-0.04364221543073654,0.5572205781936646,0.15401087701320648,-0.06212430074810982,0.5260053277015686,0.16135075688362122,-0.06428061425685883,0.5092126727104187,0.16869418323040009,-0.06378265470266342,0.5915634632110596,0.19787901639938354,-0.04922787472605705,0.5521730780601501,0.18333235383033752,-0.060482803732156754,0.5290255546569824,0.17979353666305542,-0.06113872304558754,0.5148759484291077,0.1764686554670334,-0.060751594603061676,Left,0.996819257736206
11650,191,1,0.35075581073760986,0.1907164305448532,1.5011445952950453e-07,0.37534040212631226,0.15008622407913208,-0.0037580421194434166,0.4136461913585663,0.13143783807754517,-0.012336826883256435,0.4457676410675049,0.1281282603740692,-0.01996680535376072,0.47076481580734253,0.12225544452667236,-0.02704620733857155,0.3988902270793915,0.13092166185379028,-0.031375132501125336,0.4418107867240906,0.15853020548820496,-0.044260069727897644,0.45568495988845825,0.16920024156570435,-0.04946492239832878,0.46103519201278687,0.17471444606781006,-0.051433492451906204,0.3866746425628662,0.16319331526756287,-0.0356074757874012,0.4427928626537323,0.19459155201911926,-0.045235466212034225,0.44763633608818054,0.19365252554416656,-0.0416470542550087,0.44147244095802307,0.18859386444091797,-0.039867907762527466,0.3789411783218384,0.1949290782213211,-0.038827694952487946,0.43172168731689453,0.22081735730171204,-0.043080881237983704,0.43500038981437683,0.21403345465660095,-0.03264704346656799,0.4286074936389923,0.20440508425235748,-0.02664511278271675,0.37384265661239624,0.22274616360664368,-0.042660608887672424,0.4177972078323364,0.24253243207931519,-0.04210464656352997,0.4229879677295685,0.23419100046157837,-0.03352567180991173,0.41800808906555176,0.22291718423366547,-0.02821110375225544,Right,0.9917899966239929
11691,192,0,0.6002355813980103,0.2306998372077942,-2.3460675890873972e-07,0.5617326498031616,0.18574529886245728,-0.010308107361197472,0.5476956367492676,0.1520414799451828,-0.024402054026722908,0.5357159972190857,0.1375557780265808,-0.03716912493109703,0.5197740793228149,0.13651631772518158,-0.05113678053021431,0.6036877036094666,0.1096959263086319,-0.036794159561395645,0.5609368085861206,0.09042449295520782,-0.05816692113876343,0.5279930830001831,0.09633591026067734,-0.07023993134498596,0.5048950910568237,0.1051170825958252,-0.0767737552523613,0.6112185716629028,0.13637115061283112,-0.04170666262507439,0.5676097869873047,0.11246439814567566,-0.06440992653369904,0.5338737368583679,0.1286638230085373,-0.07057415693998337,0.5147325992584229,0.14574871957302094,-0.07303576171398163,0.6056374311447144,0.16737239062786102,-0.04682071879506111,0.5572486519813538,0.15442688763141632,-0.06625824421644211,0.5263814926147461,0.1616816520690918,-0.06853341311216354,0.5096427202224731,0.16872237622737885,-0.0680626928806305,0.5921499133110046,0.19763320684432983,-0.052036963403224945,0.5525628924369812,0.18318980932235718,-0.06381472200155258,0.5300111174583435,0.1792232096195221,-0.06464376300573349,0.5162628889083862,0.17556054890155792,-0.06444896757602692,Left,0.997255802154541
11691,192,1,0.35246968269348145,0.18747323751449585,1.5825736454644357e-07,0.3748607039451599,0.1449117660522461,-0.004395977593958378,0.41361936926841736,0.1271228790283203,-0.0125186862424016,0.4454846680164337,0.12519128620624542,-0.018873928114771843,0.4695890545845032,0.11905516684055328,-0.024178072810173035,0.4015938341617584,0.13047537207603455,-0.03454634174704552,0.4476838707923889,0.16035963594913483,-0.045655325055122375,0.4605521857738495,0.16851641237735748,-0.047252729535102844,0.46449655294418335,0.1714899092912674,-0.046336375176906586,0.3904654085636139,0.1646852344274521,-0.03718971088528633,0.44623562693595886,0.1949048787355423,-0.04491427168250084,0.4513361155986786,0.1913372427225113,-0.03796093165874481,0.4458536207675934,0.18414144217967987,-0.033716391772031784,0.38307681679725647,0.19800035655498505,-0.03865668550133705,0.43637460470199585,0.22190622985363007,-0.04192421957850456,0.4381924271583557,0.21307472884655,-0.03011024370789528,0.43067553639411926,0.20150695741176605,-0.02300865948200226,0.37876689434051514,0.22721806168556213,-0.04051165655255318,0.4232648015022278,0.24427540600299835,-0.039650171995162964,0.426188588142395,0.23470456898212433,-0.030684545636177063,0.41940489411354065,0.22277671098709106,-0.024933792650699615,Right,0.9949179291725159
11736,193,0,0.5987532138824463,0.23054639995098114,-2.3377272384550452e-07,0.5601797103881836,0.18529745936393738,-0.011633223854005337,0.5461087822914124,0.15035703778266907,-0.02599443681538105,0.5334838628768921,0.13500656187534332,-0.03880571946501732,0.5176600217819214,0.1333492547273636,-0.05273856967687607,0.6031337380409241,0.10884806513786316,-0.03760553523898125,0.5594801306724548,0.09062094986438751,-0.0594247430562973,0.5266211628913879,0.09738025069236755,-0.07155800610780716,0.5042627453804016,0.10672366619110107,-0.07808005064725876,0.6112679839134216,0.13626909255981445,-0.04202082008123398,0.5666958093643188,0.11316688358783722,-0.06530499458312988,0.5319476127624512,0.12920059263706207,-0.07157405465841293,0.5127509832382202,0.14576533436775208,-0.0740315392613411,0.6060518622398376,0.16808664798736572,-0.046804334968328476,0.5568081140518188,0.15488451719284058,-0.06715524196624756,0.5250567197799683,0.1623317003250122,-0.0694836974143982,0.5085374116897583,0.16946673393249512,-0.0688241571187973,0.592780351638794,0.1991499811410904,-0.05175873637199402,0.5524330139160156,0.1837533712387085,-0.064540795981884,0.5293821096420288,0.17925599217414856,-0.06565454602241516,0.5158400535583496,0.17503109574317932,-0.06543039530515671,Left,0.9974897503852844
11736,193,1,0.3578301668167114,0.1917135864496231,9.898731434532237e-08,0.37436750531196594,0.14540539681911469,-0.005457456689327955,0.41412341594696045,0.12174119055271149,-0.013807989656925201,0.4476138949394226,0.120986208319664,-0.020080355927348137,0.47138792276382446,0.12121522426605225,-0.02476019412279129,0.40387246012687683,0.12384629249572754,-0.035882215946912766,0.4562333822250366,0.1462978720664978,-0.04913562536239624,0.4651133120059967,0.15003161132335663,-0.05191854014992714,0.45917052030563354,0.14808720350265503,-0.05061294138431549,0.39672285318374634,0.15970441699028015,-0.037905167788267136,0.4552804231643677,0.17998705804347992,-0.04719684645533562,0.456307590007782,0.17471399903297424,-0.04126250371336937,0.4429946541786194,0.1667107343673706,-0.03646848723292351,0.39277100563049316,0.19472083449363708,-0.03891574591398239,0.4468972384929657,0.20731604099273682,-0.041618503630161285,0.44577375054359436,0.19850946962833405,-0.029773732647299767,0.43392258882522583,0.18854889273643494,-0.02223573811352253,0.3911346197128296,0.2254314422607422,-0.040454234927892685,0.435476690530777,0.2297150194644928,-0.039225585758686066,0.43465033173561096,0.22142952680587769,-0.030009737238287926,0.4240204989910126,0.21359233558177948,-0.023825516924262047,Right,0.9962979555130005
11780,194,0,0.6011669039726257,0.23232953250408173,-2.3726306608296e-07,0.5616200566291809,0.18654631078243256,-0.010438553057610989,0.5470756888389587,0.15116268396377563,-0.023876309394836426,0.5344516038894653,0.13448120653629303,-0.03592928498983383,0.5183255672454834,0.13159054517745972,-0.049148961901664734,0.6027071475982666,0.11006934940814972,-0.035651881247758865,0.5595381259918213,0.0914134681224823,-0.05634623020887375,0.5272347331047058,0.09761063754558563,-0.06822404265403748,0.5047353506088257,0.10671751201152802,-0.074632428586483,0.6108976006507874,0.13721740245819092,-0.040139101445674896,0.5672963261604309,0.11531169712543488,-0.062283147126436234,0.5331326127052307,0.13009634613990784,-0.06861347705125809,0.5135216116905212,0.14642924070358276,-0.07125196605920792,0.6061476469039917,0.16868863999843597,-0.044825129210948944,0.5568757653236389,0.15731827914714813,-0.0640954002737999,0.5246419906616211,0.16358628869056702,-0.06659650802612305,0.5072568655014038,0.17031829059123993,-0.06624724715948105,0.5931956768035889,0.19934681057929993,-0.04959192872047424,0.5532000660896301,0.18460208177566528,-0.0614122599363327,0.5299303531646729,0.1797608733177185,-0.062263451516628265,0.5160457491874695,0.1756102591753006,-0.06199532002210617,Left,0.9974315762519836
11780,194,1,0.3589755594730377,0.19173100590705872,1.5845957079818618e-07,0.3754352331161499,0.14590813219547272,-0.005577475763857365,0.4153003394603729,0.12171854078769684,-0.016006918624043465,0.4509311616420746,0.12108410149812698,-0.02365858480334282,0.47630688548088074,0.12507259845733643,-0.03005138784646988,0.3998538851737976,0.12466171383857727,-0.04326814413070679,0.44983014464378357,0.14173728227615356,-0.05580694600939751,0.46359872817993164,0.14875105023384094,-0.05690940096974373,0.46308404207229614,0.1528722494840622,-0.05467602238059044,0.39285069704055786,0.16106021404266357,-0.045198120176792145,0.4528861343860626,0.17923270165920258,-0.05345698073506355,0.46020597219467163,0.17382210493087769,-0.045421302318573,0.452371209859848,0.16664472222328186,-0.03983017057180405,0.3902105987071991,0.195807546377182,-0.04546673968434334,0.4458276927471161,0.20691722631454468,-0.04754906892776489,0.45050641894340515,0.19668158888816833,-0.034870319068431854,0.4426213502883911,0.1859949678182602,-0.02715129964053631,0.39031583070755005,0.22639867663383484,-0.04606204852461815,0.43605348467826843,0.22923533618450165,-0.0439956896007061,0.439736932516098,0.21857520937919617,-0.034116294234991074,0.4328564405441284,0.20798154175281525,-0.027655871585011482,Right,0.9959378242492676
11823,195,0,0.6022060513496399,0.23250818252563477,-2.5180872853525216e-07,0.5658994317054749,0.18632055819034576,-0.008990307338535786,0.5512945652008057,0.14943218231201172,-0.02125552110373974,0.5384184718132019,0.13123200833797455,-0.032488055527210236,0.523139238357544,0.12788252532482147,-0.04503454267978668,0.603416919708252,0.11030037701129913,-0.03235659375786781,0.559082567691803,0.0930953100323677,-0.05270322784781456,0.526617705821991,0.09982289373874664,-0.06487412750720978,0.5040490627288818,0.10894636809825897,-0.07135160267353058,0.6109409928321838,0.13799633085727692,-0.03706686943769455,0.5653856992721558,0.11657710373401642,-0.057971928268671036,0.5322219133377075,0.1314500868320465,-0.06399574130773544,0.5127609372138977,0.1480579376220703,-0.06651680171489716,0.6057274341583252,0.1698348969221115,-0.042051397264003754,0.5553553104400635,0.1586964875459671,-0.06061754748225212,0.5244298577308655,0.1648804098367691,-0.06283547729253769,0.507160484790802,0.172097846865654,-0.06219842657446861,0.5927168726921082,0.2006281614303589,-0.04701700434088707,0.5515567660331726,0.18667614459991455,-0.0585491843521595,0.5283398628234863,0.18227487802505493,-0.059169646352529526,0.5134351849555969,0.17824384570121765,-0.05860685184597969,Left,0.9970489144325256
11823,195,1,0.35718709230422974,0.1932978332042694,1.320541684890486e-07,0.3738802671432495,0.14661279320716858,-0.005022584926337004,0.4135538637638092,0.12426260113716125,-0.015283850021660328,0.450111985206604,0.1259758472442627,-0.023027382791042328,0.4770287871360779,0.1276869773864746,-0.02945658564567566,0.3993466794490814,0.1251855492591858,-0.041443683207035065,0.45182687044143677,0.1455863118171692,-0.053109027445316315,0.4634752571582794,0.1516101062297821,-0.05383405089378357,0.46312281489372253,0.1541973054409027,-0.051691390573978424,0.3932303786277771,0.16255620121955872,-0.043629612773656845,0.4538574814796448,0.17959508299827576,-0.05077546462416649,0.45868030190467834,0.17304864525794983,-0.04233403876423836,0.4503810703754425,0.16582663357257843,-0.03688713163137436,0.39139020442962646,0.1970299631357193,-0.044207699596881866,0.4481998682022095,0.20706604421138763,-0.04528932273387909,0.4501672387123108,0.1954958289861679,-0.032050371170043945,0.4412934482097626,0.18413008749485016,-0.024368098005652428,0.3923584520816803,0.22679808735847473,-0.04516444355249405,0.4387219250202179,0.2297254502773285,-0.04220130667090416,0.4407058358192444,0.21870464086532593,-0.03197190538048744,0.43297961354255676,0.2076151818037033,-0.025522848591208458,Right,0.9973543286323547
11865,196,0,0.6013477444648743,0.2327411025762558,-2.5909176315508375e-07,0.5687718987464905,0.18350985646247864,-0.0073732840828597546,0.5555492639541626,0.1449628323316574,-0.018611110746860504,0.5426706075668335,0.12723895907402039,-0.029237860813736916,0.5276505947113037,0.12707576155662537,-0.04148685559630394,0.6034071445465088,0.10795507580041885,-0.031384363770484924,0.5574250817298889,0.09301210194826126,-0.05046507343649864,0.5252314209938049,0.10176488757133484,-0.06169356778264046,0.5037586688995361,0.11254028975963593,-0.06769341230392456,0.6107110977172852,0.13633447885513306,-0.036444079130887985,0.5635716319084167,0.11896955221891403,-0.05540410801768303,0.5307319164276123,0.1343299001455307,-0.06060097739100456,0.5114632248878479,0.15192313492298126,-0.06322463601827621,0.6056022644042969,0.16890089213848114,-0.04160173609852791,0.5545033812522888,0.1574649065732956,-0.05869869142770767,0.5237016677856445,0.16488586366176605,-0.060848385095596313,0.5066492557525635,0.1751866638660431,-0.06076968461275101,0.5928933024406433,0.20079469680786133,-0.04660653695464134,0.5507679581642151,0.1868882179260254,-0.057962432503700256,0.5264169573783875,0.18334892392158508,-0.05894333869218826,0.5108268857002258,0.18180352449417114,-0.058792416006326675,Left,0.9950168132781982
11865,196,1,0.35618215799331665,0.19098354876041412,1.3143592525466374e-07,0.3734700083732605,0.14493992924690247,-0.005161362700164318,0.41384732723236084,0.1238238513469696,-0.014534542337059975,0.4499865174293518,0.12696756422519684,-0.021511560305953026,0.47637081146240234,0.13056154549121857,-0.02718365006148815,0.40065905451774597,0.1265101134777069,-0.03803844004869461,0.4524634778499603,0.14950858056545258,-0.04903112351894379,0.4628342092037201,0.15384161472320557,-0.05008880794048309,0.4618850648403168,0.15411287546157837,-0.04831903800368309,0.39372551441192627,0.16372857987880707,-0.04000510647892952,0.4531745910644531,0.18372757732868195,-0.04671040549874306,0.4596019685268402,0.17596730589866638,-0.039349060505628586,0.45290133357048035,0.16748109459877014,-0.034669600427150726,0.39120176434516907,0.1979122757911682,-0.04054664075374603,0.4472119212150574,0.21014311909675598,-0.04147949442267418,0.45034274458885193,0.19821518659591675,-0.029159877449274063,0.4421629011631012,0.18664871156215668,-0.021919401362538338,0.3917902112007141,0.22730575501918793,-0.04150860384106636,0.4378546476364136,0.23039871454238892,-0.03843928128480911,0.4409154951572418,0.21950961649417877,-0.028321053832769394,0.43378233909606934,0.2087991088628769,-0.021844355389475822,Right,0.9959008097648621
11908,197,0,0.6041519641876221,0.2364036738872528,-2.696297372040135e-07,0.5679179430007935,0.19312641024589539,-0.0070818690583109856,0.5522822737693787,0.15899758040905,-0.017804352566599846,0.5394328832626343,0.1435081511735916,-0.028302837163209915,0.5243164896965027,0.14110149443149567,-0.040342897176742554,0.602473795413971,0.11502359807491302,-0.027165688574314117,0.556050717830658,0.09909962117671967,-0.04628338664770126,0.5242772102355957,0.10729525983333588,-0.059065159410238266,0.5028917789459229,0.11839374899864197,-0.0663791075348854,0.611268162727356,0.14029425382614136,-0.03311076760292053,0.5660688281059265,0.11860115826129913,-0.05211198702454567,0.5330186486244202,0.13490313291549683,-0.05861930921673775,0.513374924659729,0.15410496294498444,-0.06176615506410599,0.6068766117095947,0.17132078111171722,-0.039505019783973694,0.557328462600708,0.15428918600082397,-0.05748441442847252,0.5257408022880554,0.16266445815563202,-0.06048370897769928,0.5087192058563232,0.17371715605258942,-0.06051849573850632,0.5936633348464966,0.20364268124103546,-0.0457545667886734,0.5503782033920288,0.18816909193992615,-0.058988384902477264,0.5245984792709351,0.1846693754196167,-0.06075677275657654,0.5085450410842896,0.18298903107643127,-0.060640815645456314,Left,0.9962456822395325
11908,197,1,0.3560296297073364,0.18994086980819702,1.0368781033776031e-07,0.3723498582839966,0.14461223781108856,-0.00583990104496479,0.413614422082901,0.12688930332660675,-0.014817149378359318,0.4496624171733856,0.13199809193611145,-0.021094636991620064,0.4753694534301758,0.13316906988620758,-0.025768190622329712,0.4017103612422943,0.12861236929893494,-0.03908538073301315,0.45639219880104065,0.15140420198440552,-0.04994312673807144,0.464620977640152,0.15724030137062073,-0.050115518271923065,0.4597843885421753,0.159487783908844,-0.04733925312757492,0.39578938484191895,0.16565179824829102,-0.04033508524298668,0.4560750722885132,0.1865319013595581,-0.046978481113910675,0.45871663093566895,0.17957280576229095,-0.03907887265086174,0.4478992521762848,0.17243804037570953,-0.033826906234025955,0.39310112595558167,0.1994176208972931,-0.04021529108285904,0.4487048089504242,0.21199843287467957,-0.04065990447998047,0.447635293006897,0.20019911229610443,-0.028071634471416473,0.43700072169303894,0.1897815614938736,-0.020912835374474525,0.39300233125686646,0.22763746976852417,-0.04060044139623642,0.4379273056983948,0.23231758177280426,-0.03729375824332237,0.4367891550064087,0.2217925637960434,-0.02742844447493553,0.42691531777381897,0.21252679824829102,-0.021421361714601517,Right,0.9965928196907043
11951,198,0,0.602941632270813,0.2321500927209854,-2.319482632628933e-07,0.5747660398483276,0.18333405256271362,-0.007634932175278664,0.5590906739234924,0.14666934311389923,-0.020410578697919846,0.541774570941925,0.13334044814109802,-0.03231174498796463,0.5243096947669983,0.1344243586063385,-0.045935533940792084,0.6042409539222717,0.11541569232940674,-0.03686648607254028,0.5566813945770264,0.10018376260995865,-0.05734695494174957,0.5246445536613464,0.10706977546215057,-0.06832756102085114,0.5038814544677734,0.11655427515506744,-0.07446159422397614,0.611498236656189,0.1447908878326416,-0.04312489926815033,0.5648444890975952,0.12404144555330276,-0.06505215167999268,0.5309995412826538,0.1387837678194046,-0.07023116946220398,0.5119494795799255,0.15555821359157562,-0.07261864840984344,0.6054244637489319,0.17822058498859406,-0.04932399094104767,0.5539543032646179,0.16171424090862274,-0.06993726640939713,0.5224583148956299,0.1673201024532318,-0.0721997618675232,0.5064609050750732,0.175685852766037,-0.07176443189382553,0.5911452174186707,0.2105640023946762,-0.05504956841468811,0.5471813678741455,0.19326137006282806,-0.07023768126964569,0.5206306576728821,0.18713070452213287,-0.07230047136545181,0.5042164921760559,0.18259784579277039,-0.07261566072702408,Left,0.993878185749054
11951,198,1,0.3568306267261505,0.1915585696697235,1.1389697363028972e-07,0.3720709979534149,0.1478429138660431,-0.005260317120701075,0.4123446047306061,0.12978215515613556,-0.014409349299967289,0.4487110674381256,0.1335878074169159,-0.02073797769844532,0.47456094622612,0.13392813503742218,-0.02552548050880432,0.4028977155685425,0.1288701295852661,-0.04148600995540619,0.45766663551330566,0.15038251876831055,-0.05144674703478813,0.4670054614543915,0.15611864626407623,-0.049870241433382034,0.46206384897232056,0.157637819647789,-0.045792583376169205,0.39656269550323486,0.16474759578704834,-0.042728863656520844,0.4562493860721588,0.18498001992702484,-0.04923142492771149,0.4606751799583435,0.1792321652173996,-0.040485888719558716,0.45060884952545166,0.17331570386886597,-0.03437340632081032,0.39326217770576477,0.19823051989078522,-0.042266685515642166,0.44837841391563416,0.21127653121948242,-0.04241089150309563,0.4490948021411896,0.20014922320842743,-0.02975434996187687,0.43909358978271484,0.19019000232219696,-0.022478794679045677,0.39278775453567505,0.22690005600452423,-0.04216359555721283,0.4370489716529846,0.2323206067085266,-0.03917502984404564,0.43806686997413635,0.2216295599937439,-0.029980802908539772,0.43003854155540466,0.21192783117294312,-0.024298198521137238,Right,0.9977996945381165
11994,199,0,0.6006249189376831,0.23132281005382538,-2.1536276051392633e-07,0.5710859298706055,0.1837359070777893,-0.009118903428316116,0.55714350938797,0.14685030281543732,-0.02222181297838688,0.5424293875694275,0.13564911484718323,-0.034340523183345795,0.5257619023323059,0.13894984126091003,-0.04804609343409538,0.6033229231834412,0.11733810603618622,-0.03552194684743881,0.5589984059333801,0.10058645904064178,-0.057237789034843445,0.5260164141654968,0.107520192861557,-0.06957866996526718,0.5032544732093811,0.11594005674123764,-0.07636669278144836,0.6107577681541443,0.14710666239261627,-0.04111545532941818,0.5658559799194336,0.1256527155637741,-0.06451571732759476,0.5315166711807251,0.14193570613861084,-0.07081441581249237,0.5120259523391724,0.15736541152000427,-0.0732659101486206,0.6048659086227417,0.18001686036586761,-0.04692845419049263,0.5518345236778259,0.16888736188411713,-0.06791505217552185,0.5209037065505981,0.17548972368240356,-0.06979527324438095,0.5051938891410828,0.18117882311344147,-0.06850473582744598,0.5914958119392395,0.2108076959848404,-0.05254902318120003,0.547688901424408,0.19501560926437378,-0.0655437707901001,0.5250912308692932,0.1899598240852356,-0.06562243402004242,0.5124345421791077,0.18420641124248505,-0.06462513655424118,Left,0.9976691603660583
11994,199,1,0.357464998960495,0.19559448957443237,1.0827509555610959e-07,0.3719644844532013,0.15046696364879608,-0.0049075479619205,0.41204822063446045,0.13077020645141602,-0.013814019039273262,0.4487456977367401,0.13345269858837128,-0.020086651667952538,0.47498947381973267,0.13454867899417877,-0.02483273297548294,0.4028390645980835,0.13071992993354797,-0.039946287870407104,0.45668232440948486,0.1488855630159378,-0.049958664923906326,0.46690353751182556,0.15503700077533722,-0.04873333126306534,0.4628778398036957,0.15836931765079498,-0.04494897276163101,0.3974950909614563,0.16715092957019806,-0.04146011173725128,0.45675259828567505,0.1836671084165573,-0.04820502549409866,0.4606998562812805,0.17786195874214172,-0.03995516896247864,0.4501933753490448,0.17272606492042542,-0.0340292826294899,0.3950604200363159,0.2008671909570694,-0.041282784193754196,0.4494680166244507,0.21022295951843262,-0.04185556247830391,0.44952863454818726,0.19885455071926117,-0.029523178935050964,0.4390783905982971,0.18953034281730652,-0.022225795313715935,0.3951086699962616,0.22942964732646942,-0.04141438007354736,0.4387342929840088,0.23138245940208435,-0.03855038806796074,0.4394923448562622,0.2203410118818283,-0.029320498928427696,0.4315022826194763,0.21104958653450012,-0.023472439497709274,Right,0.9977322220802307
12038,200,0,0.6006304025650024,0.22946852445602417,-2.229218978300196e-07,0.5737128257751465,0.1805492788553238,-0.008889744989573956,0.5594767332077026,0.14322176575660706,-0.02157493680715561,0.5429525375366211,0.13105252385139465,-0.03332330286502838,0.5238376259803772,0.13312532007694244,-0.04662094637751579,0.6027300953865051,0.11495628952980042,-0.03505996987223625,0.5582051873207092,0.09972784668207169,-0.05558684468269348,0.5260431170463562,0.10668380558490753,-0.06667900085449219,0.5033132433891296,0.1153714656829834,-0.07279212027788162,0.6107320785522461,0.14460472762584686,-0.040554795414209366,0.5644870400428772,0.1266404241323471,-0.06323521584272385,0.5300289392471313,0.14267456531524658,-0.06948436796665192,0.5094314217567444,0.15772902965545654,-0.0721561536192894,0.6056734323501587,0.177383691072464,-0.046180978417396545,0.5517457127571106,0.1676965206861496,-0.06694672256708145,0.5212895274162292,0.1749500036239624,-0.06936018913984299,0.5054923892021179,0.18103685975074768,-0.06864999234676361,0.5929978489875793,0.2080647051334381,-0.05152573063969612,0.5478284358978271,0.1944306492805481,-0.0649026557803154,0.5243208408355713,0.18995201587677002,-0.06566174328327179,0.5108526945114136,0.1845667064189911,-0.06517228484153748,Left,0.9978318810462952
12038,200,1,0.3599095344543457,0.19860270619392395,6.684459208372573e-08,0.37334969639778137,0.15295559167861938,-0.005715606734156609,0.41362205147743225,0.13173489272594452,-0.014433001168072224,0.4497047960758209,0.13411279022693634,-0.020818103104829788,0.4755089581012726,0.13537923991680145,-0.025426039472222328,0.4030674695968628,0.1328088641166687,-0.03855130076408386,0.4592021703720093,0.150591179728508,-0.050214558839797974,0.4654388725757599,0.15484538674354553,-0.05051088333129883,0.45751968026161194,0.15633711218833923,-0.0476342998445034,0.3986162543296814,0.16986191272735596,-0.04027051478624344,0.45901185274124146,0.18387265503406525,-0.04880141094326973,0.4575192630290985,0.17760704457759857,-0.04179999977350235,0.44259724020957947,0.1731986403465271,-0.036475274711847305,0.39721134305000305,0.20390929281711578,-0.04069875180721283,0.45238760113716125,0.20990577340126038,-0.04247279465198517,0.4465973973274231,0.19978001713752747,-0.030184470117092133,0.4320465326309204,0.1934506744146347,-0.02272649109363556,0.3981056809425354,0.23249976336956024,-0.041644386947155,0.4416860044002533,0.23169764876365662,-0.038950901478528976,0.4364020526409149,0.2220958024263382,-0.029320774599909782,0.4229576289653778,0.21674856543540955,-0.02332981303334236,Right,0.9950836896896362
12080,201,0,0.5983291864395142,0.23104900121688843,-2.350245011939478e-07,0.5662221908569336,0.1839030385017395,-0.00882942695170641,0.5520052313804626,0.14815133810043335,-0.02074226550757885,0.5380241274833679,0.13706651329994202,-0.032024841755628586,0.5209342241287231,0.14117829501628876,-0.04489971697330475,0.599091649055481,0.11348102986812592,-0.030487660318613052,0.5553086996078491,0.10077158361673355,-0.050187911838293076,0.5244910717010498,0.10978107154369354,-0.06251339614391327,0.5025322437286377,0.12047609686851501,-0.06956259161233902,0.608433187007904,0.1419706642627716,-0.035766154527664185,0.5627602934837341,0.12774106860160828,-0.05646365508437157,0.5292127728462219,0.14456304907798767,-0.06349989026784897,0.5085613131523132,0.16099834442138672,-0.0669923946261406,0.6046362519264221,0.1746419072151184,-0.0414506159722805,0.5519549250602722,0.16832637786865234,-0.0601695217192173,0.5225211381912231,0.1765330582857132,-0.06288211047649384,0.5070847868919373,0.1839188188314438,-0.06270647794008255,0.5924506187438965,0.20637761056423187,-0.047123782336711884,0.5489882230758667,0.1948438286781311,-0.058846525847911835,0.5264528393745422,0.19046035408973694,-0.05919242650270462,0.5136958360671997,0.18578338623046875,-0.058561649173498154,Left,0.9982781410217285
12080,201,1,0.36105480790138245,0.1996176540851593,7.167800220031495e-08,0.3769668936729431,0.15273383259773254,-0.00618051877245307,0.4164595901966095,0.13125920295715332,-0.015271525830030441,0.4511032700538635,0.13381148874759674,-0.02201719582080841,0.4757723808288574,0.13750769197940826,-0.027016161009669304,0.4007505178451538,0.13729238510131836,-0.038645412772893906,0.4550228714942932,0.15407168865203857,-0.05065242946147919,0.4624348282814026,0.15670698881149292,-0.051604244858026505,0.4565413296222687,0.15690337121486664,-0.04930402711033821,0.3953806161880493,0.17506316304206848,-0.04046100378036499,0.45643967390060425,0.1875341832637787,-0.04948262497782707,0.4556055963039398,0.17941488325595856,-0.04284422844648361,0.44101738929748535,0.17350177466869354,-0.037680163979530334,0.3943312168121338,0.20922091603279114,-0.041005779057741165,0.4505261778831482,0.21400612592697144,-0.04330139979720116,0.44599270820617676,0.20293767750263214,-0.031103696674108505,0.43176987767219543,0.19590285420417786,-0.023492420092225075,0.395934522151947,0.23826362192630768,-0.042157623916864395,0.4407753646373749,0.2370290458202362,-0.03981184586882591,0.4367150068283081,0.22697418928146362,-0.030104806646704674,0.4234386384487152,0.22128570079803467,-0.02394668385386467,Right,0.9955005645751953
12122,202,0,0.5970339179039001,0.23028390109539032,-2.4125432673827163e-07,0.5658974647521973,0.18480239808559418,-0.008694592863321304,0.5517967939376831,0.15122902393341064,-0.02125472016632557,0.5374827980995178,0.13915960490703583,-0.03290346637368202,0.5201919674873352,0.14202965795993805,-0.0460309162735939,0.5980841517448425,0.11646768450737,-0.03392069414258003,0.5529439449310303,0.10302753746509552,-0.0537574328482151,0.5210536122322083,0.11099886894226074,-0.06541164964437485,0.49834105372428894,0.12021361291408539,-0.07199404388666153,0.6062992215156555,0.14556413888931274,-0.03933240473270416,0.5613882541656494,0.1312766820192337,-0.05952851101756096,0.527443528175354,0.1455276906490326,-0.06556243449449539,0.506627082824707,0.15955977141857147,-0.06897101551294327,0.6019308567047119,0.17852714657783508,-0.04490048065781593,0.5526236891746521,0.17083635926246643,-0.06366554647684097,0.5223314762115479,0.17649245262145996,-0.0660385936498642,0.5060738325119019,0.18289166688919067,-0.06601593643426895,0.5900363326072693,0.210084468126297,-0.05035218223929405,0.549738883972168,0.19665367901325226,-0.06307674944400787,0.5266746878623962,0.191270649433136,-0.06372922658920288,0.5130317807197571,0.186903178691864,-0.06334202736616135,Left,0.9972020387649536
12122,202,1,0.3617706596851349,0.20106300711631775,1.0514203552247636e-07,0.3759995698928833,0.15358440577983856,-0.006894253194332123,0.413886696100235,0.1306435465812683,-0.01644517295062542,0.4486011862754822,0.13194458186626434,-0.023095708340406418,0.4740576148033142,0.13749128580093384,-0.028095155954360962,0.3987685441970825,0.13969236612319946,-0.04098399728536606,0.45206838846206665,0.15254218876361847,-0.05212763696908951,0.46279677748680115,0.1554553210735321,-0.05196819826960564,0.45988619327545166,0.15806423127651215,-0.04905744642019272,0.39465823769569397,0.1775469332933426,-0.04180009290575981,0.45376741886138916,0.18584664165973663,-0.050121162086725235,0.45625364780426025,0.17753535509109497,-0.04284607246518135,0.4445415437221527,0.17288073897361755,-0.03738540783524513,0.39440569281578064,0.2112726867198944,-0.04111962020397186,0.448395699262619,0.21260985732078552,-0.04313496872782707,0.4466613829135895,0.20067232847213745,-0.031114770099520683,0.4346632957458496,0.19313164055347443,-0.023663539439439774,0.3970656991004944,0.23949995636940002,-0.040977492928504944,0.44018828868865967,0.2364746779203415,-0.03932739049196243,0.43860960006713867,0.2255813479423523,-0.03050200827419758,0.4279659688472748,0.2190679907798767,-0.02476019226014614,Right,0.9941400289535522
12166,203,0,0.5975483655929565,0.22672590613365173,-2.348341752167471e-07,0.5715144872665405,0.18072810769081116,-0.009347441606223583,0.5559328198432922,0.1460893154144287,-0.022084346041083336,0.5388262867927551,0.13491837680339813,-0.033719658851623535,0.520962119102478,0.13725104928016663,-0.04676103964447975,0.5968244075775146,0.11599099636077881,-0.0359836146235466,0.5525044798851013,0.10199818015098572,-0.05633888021111488,0.5206999778747559,0.11147467792034149,-0.0672767385840416,0.49800601601600647,0.12194344401359558,-0.07319433987140656,0.6047124266624451,0.14589549601078033,-0.0410284698009491,0.5600054264068604,0.13302549719810486,-0.06204831600189209,0.5259530544281006,0.14723443984985352,-0.06780347973108292,0.5055834054946899,0.15940628945827484,-0.07097864896059036,0.6004394888877869,0.17911556363105774,-0.046210262924432755,0.5504724383354187,0.17176294326782227,-0.06596499681472778,0.5196764469146729,0.1775888055562973,-0.06831761449575424,0.5034894347190857,0.18302176892757416,-0.06815654784440994,0.5891033411026001,0.21033790707588196,-0.05118974298238754,0.5476211905479431,0.1975628137588501,-0.06461063027381897,0.5243813395500183,0.1924552321434021,-0.06534150242805481,0.5108956098556519,0.18736876547336578,-0.06492292881011963,Left,0.9966860413551331
12166,203,1,0.36254847049713135,0.20238366723060608,1.188127427553809e-07,0.3762078583240509,0.15431414544582367,-0.006965555250644684,0.4133888781070709,0.12899664044380188,-0.016940917819738388,0.447467565536499,0.13001883029937744,-0.02392440289258957,0.472400426864624,0.13773435354232788,-0.02929656393826008,0.39705511927604675,0.13991081714630127,-0.042643554508686066,0.450651079416275,0.15038654208183289,-0.05373125150799751,0.4626922011375427,0.15416106581687927,-0.053398970514535904,0.4613538980484009,0.15846191346645355,-0.05058770254254341,0.39387473464012146,0.17783616483211517,-0.043586838990449905,0.45412805676460266,0.18393667042255402,-0.05276212841272354,0.4552747309207916,0.17599906027317047,-0.04536067694425583,0.44195055961608887,0.17244145274162292,-0.039509113878011703,0.39466434717178345,0.2112027257680893,-0.042851537466049194,0.44938668608665466,0.2099556028842926,-0.045024093240499496,0.44611477851867676,0.19868212938308716,-0.032508134841918945,0.4326922595500946,0.1926172971725464,-0.024618186056613922,0.3981838822364807,0.23903721570968628,-0.042700279504060745,0.4414217174053192,0.2341945320367813,-0.04106992483139038,0.4385158121585846,0.22399333119392395,-0.03206824138760567,0.4268147051334381,0.21916387975215912,-0.02621534839272499,Right,0.9948998689651489
12208,204,0,0.5883548259735107,0.2233852744102478,-2.1466961186433764e-07,0.568106472492218,0.1768890917301178,-0.009199842810630798,0.5542109608650208,0.14274999499320984,-0.021792510524392128,0.5364847183227539,0.13233068585395813,-0.03338313102722168,0.518974781036377,0.13573715090751648,-0.04657973721623421,0.5943297743797302,0.11929557472467422,-0.035581864416599274,0.5531039834022522,0.10393078625202179,-0.056154366582632065,0.5215367078781128,0.11235372722148895,-0.0677080824971199,0.4983873665332794,0.12184321880340576,-0.074061319231987,0.6004679799079895,0.1499616503715515,-0.04045351594686508,0.5585460662841797,0.1371706873178482,-0.061198506504297256,0.52494215965271,0.14769789576530457,-0.06774737685918808,0.503898024559021,0.15565145015716553,-0.07196317613124847,0.5950405597686768,0.182443305850029,-0.04549964517354965,0.5482345223426819,0.17268849909305573,-0.06613841652870178,0.5172924399375916,0.17601439356803894,-0.0694907084107399,0.5000211000442505,0.17998620867729187,-0.06988319754600525,0.5827849507331848,0.21126249432563782,-0.05016423761844635,0.5438036322593689,0.19512179493904114,-0.06482606381177902,0.5200575590133667,0.18817344307899475,-0.0662776529788971,0.5056003332138062,0.18199381232261658,-0.06617924571037292,Left,0.99344402551651
12208,204,1,0.3648073673248291,0.2028593122959137,1.4580633944660804e-07,0.3774457573890686,0.155714750289917,-0.007319124881178141,0.41330161690711975,0.1311802864074707,-0.017128625884652138,0.44732755422592163,0.13077962398529053,-0.023753296583890915,0.47030115127563477,0.13518695533275604,-0.028779592365026474,0.3955771327018738,0.13948726654052734,-0.04120906442403793,0.4484096169471741,0.14765621721744537,-0.052126817405223846,0.46259182691574097,0.15355044603347778,-0.052345335483551025,0.4621405601501465,0.1590891033411026,-0.04968443512916565,0.39236709475517273,0.17729610204696655,-0.04133329540491104,0.45087993144989014,0.18375049531459808,-0.04897069185972214,0.4578055739402771,0.17770271003246307,-0.04179312288761139,0.44866272807121277,0.17298711836338043,-0.036630500108003616,0.39364832639694214,0.21091538667678833,-0.03997109457850456,0.4467693567276001,0.2113088220357895,-0.04135802015662193,0.45121800899505615,0.20062528550624847,-0.029735740274190903,0.4426754415035248,0.1912911981344223,-0.022727714851498604,0.39788445830345154,0.23837333917617798,-0.039174072444438934,0.4399758279323578,0.23423469066619873,-0.03724202513694763,0.443727970123291,0.22316935658454895,-0.02869345247745514,0.4371015727519989,0.2138441801071167,-0.023242589086294174,Right,0.9936849474906921
12253,205,0,0.58452969789505,0.22318094968795776,-2.1689660911761166e-07,0.5760263800621033,0.17829200625419617,-0.008964832872152328,0.5630448460578918,0.14318345487117767,-0.02094275876879692,0.5406069755554199,0.1292460560798645,-0.03166663274168968,0.5211231112480164,0.12917476892471313,-0.04399968683719635,0.5963745713233948,0.12435640394687653,-0.03559720888733864,0.5521486401557922,0.10805325955152512,-0.05261610448360443,0.5219181776046753,0.11322472989559174,-0.0616416335105896,0.5003130435943604,0.12214045226573944,-0.06690533459186554,0.6009253859519958,0.15358620882034302,-0.03983037546277046,0.5573362708091736,0.1350371241569519,-0.056567661464214325,0.5246654152870178,0.1404544860124588,-0.061981867998838425,0.503524899482727,0.1494666039943695,-0.06644759327173233,0.5949498414993286,0.18432725965976715,-0.04384250566363335,0.5489023923873901,0.16567564010620117,-0.06089571490883827,0.5178481340408325,0.16600976884365082,-0.06414856761693954,0.500155508518219,0.17182554304599762,-0.06588324904441833,0.5820490121841431,0.21217745542526245,-0.04747113585472107,0.5430541038513184,0.1942206472158432,-0.06146298721432686,0.5176919102668762,0.18647974729537964,-0.06377217173576355,0.5019736886024475,0.18200570344924927,-0.06489797681570053,Left,0.995650053024292
12253,205,1,0.3641577363014221,0.20131556689739227,7.22288291399309e-08,0.37604862451553345,0.1583573818206787,-0.007284034043550491,0.41437801718711853,0.13137878477573395,-0.018073799088597298,0.4499739408493042,0.12840299308300018,-0.02609444223344326,0.4678102731704712,0.1370038390159607,-0.0323912613093853,0.3943009376525879,0.1385027915239334,-0.0442325659096241,0.45170778036117554,0.1426660418510437,-0.05798975005745888,0.4595326781272888,0.1514057070016861,-0.059716738760471344,0.45090731978416443,0.15564562380313873,-0.05787872523069382,0.39135563373565674,0.1740512251853943,-0.04562925174832344,0.45343396067619324,0.17928577959537506,-0.05591223016381264,0.45220983028411865,0.17902334034442902,-0.04882599040865898,0.4353902339935303,0.17549356818199158,-0.04374074190855026,0.39305830001831055,0.2068886160850525,-0.045693282037973404,0.4499230980873108,0.2074396014213562,-0.048097021877765656,0.4465629458427429,0.20294572412967682,-0.035309527069330215,0.43149417638778687,0.19768080115318298,-0.027965273708105087,0.39794790744781494,0.23517924547195435,-0.04650426656007767,0.4421486258506775,0.2302381992340088,-0.04388701543211937,0.439206063747406,0.2240729033946991,-0.03433452174067497,0.42657551169395447,0.21953338384628296,-0.029049621894955635,Right,0.9888016581535339
12296,206,0,0.5795194506645203,0.22337742149829865,-1.9966491038303502e-07,0.5844072699546814,0.17859633266925812,-0.011155243963003159,0.5749843120574951,0.14357128739356995,-0.023070594295859337,0.5506395101547241,0.1291278898715973,-0.03366491198539734,0.5281752943992615,0.13019472360610962,-0.045996151864528656,0.5931206941604614,0.13357259333133698,-0.03554821386933327,0.5544143915176392,0.11846403032541275,-0.05153484642505646,0.5267595052719116,0.12278883904218674,-0.0589359886944294,0.5054678916931152,0.1298343539237976,-0.06288088113069534,0.5893504619598389,0.16119901835918427,-0.03847896307706833,0.5403074026107788,0.15272648632526398,-0.05595375597476959,0.5082232356071472,0.15848760306835175,-0.06353809684515,0.4885084629058838,0.16397663950920105,-0.0688856989145279,0.5796083807945251,0.19010834395885468,-0.04112037643790245,0.5338394641876221,0.17753107845783234,-0.06024577468633652,0.5046124458312988,0.17783448100090027,-0.06672672927379608,0.4884404242038727,0.1811063140630722,-0.06928253918886185,0.5659729242324829,0.21475201845169067,-0.0433378741145134,0.5342499613761902,0.19831645488739014,-0.05980047211050987,0.511860191822052,0.1898161619901657,-0.06391844898462296,0.4977642893791199,0.18473149836063385,-0.0651380643248558,Left,0.9982237219810486
12296,206,1,0.3659774661064148,0.2051752805709839,1.1704204894158465e-07,0.3784571588039398,0.15930452942848206,-0.006674349773675203,0.413333922624588,0.13035909831523895,-0.017357172444462776,0.4481862485408783,0.1269872784614563,-0.026120826601982117,0.46928295493125916,0.13604521751403809,-0.033348165452480316,0.3924667239189148,0.12920288741588593,-0.03724139928817749,0.4450327157974243,0.13725537061691284,-0.05056992545723915,0.45810720324516296,0.14305026829242706,-0.05398719012737274,0.45910459756851196,0.1474311202764511,-0.05415399372577667,0.3898219168186188,0.1649993658065796,-0.04009660333395004,0.4513837397098541,0.1690174639225006,-0.052986759692430496,0.4505247175693512,0.16724832355976105,-0.049023162573575974,0.4342465400695801,0.16519379615783691,-0.04499557986855507,0.3932562470436096,0.1979968100786209,-0.04184799641370773,0.4500499367713928,0.19613470137119293,-0.04705854877829552,0.4464026093482971,0.19058388471603394,-0.03617159649729729,0.4312121570110321,0.1859196126461029,-0.02878514677286148,0.40045079588890076,0.22703056037425995,-0.0443098247051239,0.4442724287509918,0.2196541726589203,-0.04283735156059265,0.438985139131546,0.21362899243831635,-0.033552322536706924,0.42467013001441956,0.20983532071113586,-0.02769552543759346,Right,0.9818997979164124
12339,207,0,0.5759207010269165,0.21850603818893433,-1.0220264101690191e-07,0.588341236114502,0.18934616446495056,-0.011276459321379662,0.589767336845398,0.16182750463485718,-0.019767068326473236,0.5729877948760986,0.1515788584947586,-0.027971995994448662,0.5529677867889404,0.15667402744293213,-0.03807952255010605,0.5818773508071899,0.13801352679729462,-0.019443362951278687,0.5656887292861938,0.12839698791503906,-0.03432084992527962,0.5476419925689697,0.13324101269245148,-0.04619628190994263,0.533002495765686,0.13800178468227386,-0.053539175540208817,0.5689363479614258,0.1577279269695282,-0.021425999701023102,0.5362476110458374,0.15610146522521973,-0.03589189052581787,0.5121296048164368,0.160324364900589,-0.04689338803291321,0.49632540345191956,0.1650722175836563,-0.054596055299043655,0.5568707585334778,0.1811772882938385,-0.02429807372391224,0.5270932912826538,0.17549949884414673,-0.03959926217794418,0.50618577003479,0.1747024655342102,-0.04751725122332573,0.49337291717529297,0.17730601131916046,-0.051378894597291946,0.546787679195404,0.20429465174674988,-0.027493638917803764,0.5239275693893433,0.1965077668428421,-0.039923399686813354,0.5083794593811035,0.19146519899368286,-0.04313439503312111,0.49759912490844727,0.18752892315387726,-0.044035304337739944,Right,0.8095958232879639
12339,207,1,0.37040072679519653,0.2068139612674713,2.4326988068423816e-07,0.3856121599674225,0.16196390986442566,-0.005843133199959993,0.4162222743034363,0.13301482796669006,-0.016868064180016518,0.4494515657424927,0.12870794534683228,-0.026798062026500702,0.4725569486618042,0.13393928110599518,-0.03569219261407852,0.3928188383579254,0.11911435425281525,-0.032537903636693954,0.44036275148391724,0.12431183457374573,-0.04693913832306862,0.45971280336380005,0.13771745562553406,-0.05445145443081856,0.46849000453948975,0.1488705426454544,-0.05808855965733528,0.38991206884384155,0.1546570211648941,-0.0369877889752388,0.44791990518569946,0.16091039776802063,-0.04914480820298195,0.4570804834365845,0.16479255259037018,-0.048154864460229874,0.45251867175102234,0.16634812951087952,-0.04758569225668907,0.39164653420448303,0.1896468549966812,-0.040684059262275696,0.4482468068599701,0.1911943256855011,-0.04674850031733513,0.451230525970459,0.18924479186534882,-0.038065001368522644,0.4415048360824585,0.18596747517585754,-0.03245297074317932,0.3966558575630188,0.22058556973934174,-0.045127984136343,0.44144630432128906,0.21630659699440002,-0.044561974704265594,0.44204574823379517,0.21149061620235443,-0.035423170775175095,0.4324166774749756,0.20777449011802673,-0.029379865154623985,Right,0.9949142932891846
12381,208,0,0.5820332765579224,0.20126862823963165,-1.372687297163111e-08,0.5861205458641052,0.1631413698196411,-0.017596712335944176,0.5717796683311462,0.13762038946151733,-0.03257470205426216,0.545729398727417,0.13901060819625854,-0.04448281228542328,0.5247753262519836,0.1595943123102188,-0.058808740228414536,0.5882835984230042,0.17263665795326233,-0.0447225458920002,0.5504637360572815,0.16210591793060303,-0.06065954267978668,0.5254225134849548,0.1570608764886856,-0.07232138514518738,0.506554365158081,0.1539933681488037,-0.0798138976097107,0.5838955640792847,0.2036975771188736,-0.04252820089459419,0.5417543649673462,0.19125501811504364,-0.05738115683197975,0.5107362866401672,0.17856547236442566,-0.06691160053014755,0.48867231607437134,0.17344000935554504,-0.07527269423007965,0.5755817294120789,0.22578848898410797,-0.03935940936207771,0.5385478734970093,0.2118861824274063,-0.051830075681209564,0.5139490365982056,0.19314244389533997,-0.057204753160476685,0.4985976815223694,0.18437471985816956,-0.06107991561293602,0.5654101371765137,0.2376321256160736,-0.03676589950919151,0.5403096079826355,0.22279395163059235,-0.04533258080482483,0.5237894058227539,0.20480695366859436,-0.046586841344833374,0.5126372575759888,0.19605053961277008,-0.048062074929475784,Left,0.9911196231842041
12381,208,1,0.3785567581653595,0.20087586343288422,2.313152123178952e-07,0.3963175415992737,0.16203397512435913,-0.0053277877159416676,0.42490336298942566,0.13563145697116852,-0.018424175679683685,0.45445361733436584,0.13083235919475555,-0.030744120478630066,0.4743345081806183,0.13435415923595428,-0.04183430224657059,0.4000527560710907,0.1100916713476181,-0.03879258781671524,0.44349735975265503,0.10915379226207733,-0.055999673902988434,0.4648726284503937,0.13141974806785583,-0.06283944100141525,0.46964311599731445,0.1502910852432251,-0.06530989706516266,0.3955579102039337,0.1397460550069809,-0.04519091919064522,0.45076417922973633,0.15108834207057953,-0.05909806489944458,0.4598224461078644,0.1681818664073944,-0.055736664682626724,0.4533528983592987,0.17584839463233948,-0.05358481779694557,0.39507797360420227,0.17476464807987213,-0.05088780075311661,0.44836682081222534,0.1848403662443161,-0.059312015771865845,0.4502667188644409,0.19297726452350616,-0.04858914762735367,0.44035542011260986,0.19473865628242493,-0.04181167855858803,0.3980010449886322,0.20979443192481995,-0.057281866669654846,0.44069311022758484,0.2130317986011505,-0.05965765193104744,0.43911540508270264,0.2141893208026886,-0.04987484961748123,0.42817988991737366,0.214105486869812,-0.04314141348004341,Right,0.9988868832588196
12422,209,0,0.5800095200538635,0.21263250708580017,-2.5849180929071736e-07,0.5832041501998901,0.18066789209842682,-0.014673445373773575,0.5716455578804016,0.15123510360717773,-0.03148110210895538,0.5422564744949341,0.14480356872081757,-0.04646579921245575,0.5152831673622131,0.15126878023147583,-0.06210946664214134,0.5999463796615601,0.1795983463525772,-0.04010694846510887,0.5607631802558899,0.15920238196849823,-0.06254486739635468,0.531765341758728,0.15327896177768707,-0.07757150381803513,0.5082491636276245,0.14707697927951813,-0.08469406515359879,0.5894764065742493,0.21259136497974396,-0.04116342216730118,0.5459533929824829,0.18646591901779175,-0.062327101826667786,0.5137974619865417,0.17538569867610931,-0.06704656779766083,0.49117663502693176,0.1685342639684677,-0.0672803446650505,0.5740331411361694,0.23663735389709473,-0.042304396629333496,0.5325572490692139,0.2073223739862442,-0.059109196066856384,0.5102231502532959,0.1908227503299713,-0.0574285089969635,0.49732938408851624,0.17932459712028503,-0.052726808935403824,0.5583915710449219,0.25121864676475525,-0.044525645673274994,0.5263817310333252,0.2224680334329605,-0.05585614964365959,0.5129690170288086,0.2027302384376526,-0.05288190767168999,0.5065879225730896,0.1903081089258194,-0.048028986901044846,Left,0.9937290549278259
12422,209,1,0.38003018498420715,0.1994706392288208,2.081435468426207e-07,0.4013838768005371,0.16135811805725098,-0.006968235597014427,0.4286816418170929,0.13476672768592834,-0.02208910882472992,0.45678219199180603,0.12860296666622162,-0.03629866614937782,0.4744535982608795,0.1311328411102295,-0.04919204115867615,0.40372392535209656,0.1063714325428009,-0.04299914464354515,0.44795849919319153,0.10701701790094376,-0.06012190878391266,0.4692864418029785,0.13222023844718933,-0.063026063144207,0.4738822281360626,0.1540355086326599,-0.06190882623195648,0.39689499139785767,0.13448132574558258,-0.04875580966472626,0.4512828588485718,0.14709584414958954,-0.06171951815485954,0.4643447697162628,0.16848737001419067,-0.05392231047153473,0.46148881316185,0.17868515849113464,-0.04774116352200508,0.39500829577445984,0.16886040568351746,-0.054047610610723495,0.4471926987171173,0.1818576455116272,-0.06253069639205933,0.4567435383796692,0.19294153153896332,-0.04897517338395119,0.45296740531921387,0.1982063353061676,-0.03940854221582413,0.39765018224716187,0.2035045623779297,-0.06021960824728012,0.43780049681663513,0.20943725109100342,-0.06263089179992676,0.4427565038204193,0.21138885617256165,-0.05215336009860039,0.4376002550125122,0.211344912648201,-0.04421887546777725,Right,0.9994643926620483
12464,210,0,0.5856323838233948,0.21276646852493286,-3.447916014920338e-07,0.5886301398277283,0.17776040732860565,-0.014157101511955261,0.5808759331703186,0.15416577458381653,-0.029429901391267776,0.5658395290374756,0.1535847932100296,-0.04323215037584305,0.5521367788314819,0.16420379281044006,-0.058605678379535675,0.6006725430488586,0.17513370513916016,-0.04011929780244827,0.558178186416626,0.1570838987827301,-0.06371501833200455,0.5293729901313782,0.15109753608703613,-0.08075136691331863,0.5067421793937683,0.1456775963306427,-0.0895669087767601,0.5907306671142578,0.2070494443178177,-0.04218031093478203,0.5454771518707275,0.18460121750831604,-0.06131251901388168,0.5154110789299011,0.17141923308372498,-0.06746918708086014,0.4943048655986786,0.16155147552490234,-0.07030820846557617,0.5775110721588135,0.2328910380601883,-0.0443464070558548,0.5339856743812561,0.20549733936786652,-0.05914965644478798,0.5121568441390991,0.18709786236286163,-0.05858146771788597,0.4986079931259155,0.17478221654891968,-0.056279003620147705,0.5625522136688232,0.24967645108699799,-0.04776766896247864,0.5266958475112915,0.22241531312465668,-0.05789419636130333,0.513956606388092,0.20090383291244507,-0.055362507700920105,0.5068839192390442,0.1848539412021637,-0.051861606538295746,Left,0.9874401092529297
12464,210,1,0.3782122731208801,0.20139990746974945,2.0810628598155745e-07,0.40428754687309265,0.17019279301166534,-0.007008309941738844,0.43255379796028137,0.14207160472869873,-0.019948987290263176,0.4594655930995941,0.12976878881454468,-0.03250226005911827,0.47872474789619446,0.12523740530014038,-0.04351319372653961,0.4034711718559265,0.10562551021575928,-0.03706652671098709,0.4473269581794739,0.10087795555591583,-0.05593327060341835,0.46928104758262634,0.12682276964187622,-0.060937609523534775,0.4737144410610199,0.15062743425369263,-0.060896407812833786,0.3940213918685913,0.13061894476413727,-0.04264187067747116,0.4431813359260559,0.13842643797397614,-0.05809673294425011,0.4626038670539856,0.16241806745529175,-0.053978413343429565,0.46463507413864136,0.17581985890865326,-0.04982810094952583,0.3905940055847168,0.16429190337657928,-0.04829850420355797,0.43809032440185547,0.174436554312706,-0.06085171177983284,0.45403793454170227,0.18806470930576324,-0.05160507187247276,0.45409995317459106,0.19479107856750488,-0.04387938976287842,0.3922310769557953,0.1992136836051941,-0.0545307882130146,0.4323303997516632,0.2065591663122177,-0.060415852814912796,0.4415138065814972,0.21040396392345428,-0.05297982692718506,0.4381844103336334,0.21090123057365417,-0.046594519168138504,Right,0.9993906021118164
12504,211,0,0.5925605297088623,0.1919584572315216,-1.0965784014160818e-07,0.5905055403709412,0.15993310511112213,-0.027575282379984856,0.5789911150932312,0.13808177411556244,-0.049568191170692444,0.5535472631454468,0.13836464285850525,-0.06637430191040039,0.5270769000053406,0.1454889476299286,-0.08605247735977173,0.5909776091575623,0.1836642324924469,-0.06423071771860123,0.5517331957817078,0.16251195967197418,-0.08508242666721344,0.5241537094116211,0.14564278721809387,-0.09826771914958954,0.5023157596588135,0.13558271527290344,-0.10598748177289963,0.5807633996009827,0.21475279331207275,-0.058802273124456406,0.5365002751350403,0.18763141334056854,-0.07811620086431503,0.5091904401779175,0.16216014325618744,-0.08862410485744476,0.4909408688545227,0.14728820323944092,-0.09791812300682068,0.5701689720153809,0.23166799545288086,-0.05225937068462372,0.5329024195671082,0.201817587018013,-0.07006502151489258,0.5101945996284485,0.1719605028629303,-0.0759354680776596,0.4976019859313965,0.15862415730953217,-0.07970917969942093,0.5598913431167603,0.23862852156162262,-0.046911466866731644,0.5339468717575073,0.20922362804412842,-0.061080846935510635,0.5167049169540405,0.18305876851081848,-0.06290703266859055,0.5056201219558716,0.1710239201784134,-0.06411344558000565,Left,0.9239156246185303
12504,211,1,0.38834214210510254,0.20756442844867706,1.8339603968797746e-07,0.41696107387542725,0.1769346296787262,-0.007757547311484814,0.4374994933605194,0.14546309411525726,-0.02123851329088211,0.4520616829395294,0.12337730824947357,-0.03450175002217293,0.46282461285591125,0.10972261428833008,-0.046403996646404266,0.4071448743343353,0.10298091173171997,-0.03646986931562424,0.4464150071144104,0.09157900512218475,-0.05710102245211601,0.4668675661087036,0.11594291031360626,-0.0633862316608429,0.46983441710472107,0.13947363197803497,-0.06425092369318008,0.3943713307380676,0.12439723312854767,-0.042673882097005844,0.4419042468070984,0.1291566640138626,-0.06205548718571663,0.46117863059043884,0.15790939331054688,-0.06095542758703232,0.46175894141197205,0.1736716479063034,-0.058219727128744125,0.38726645708084106,0.15690264105796814,-0.049179889261722565,0.434457391500473,0.16404110193252563,-0.06625468283891678,0.45212286710739136,0.18456964194774628,-0.059767577797174454,0.4513438642024994,0.19385844469070435,-0.053265705704689026,0.385004460811615,0.19216173887252808,-0.056069266051054,0.42396679520606995,0.2008298635482788,-0.06673823297023773,0.4364011287689209,0.20864589512348175,-0.062269337475299835,0.43349239230155945,0.20940931141376495,-0.05747199058532715,Right,0.9992302656173706
12546,212,0,0.5913268327713013,0.1901317685842514,4.7295452532125637e-07,0.5860217809677124,0.1590963900089264,-0.031072746962308884,0.5657256245613098,0.14115923643112183,-0.05270005017518997,0.5388586521148682,0.14037242531776428,-0.06640700250864029,0.5129274129867554,0.14030924439430237,-0.07876012474298477,0.5950677394866943,0.1742246150970459,-0.07009784877300262,0.5530539155006409,0.1639527976512909,-0.09412398934364319,0.5226095914840698,0.15250961482524872,-0.10429073125123978,0.49955281615257263,0.13973093032836914,-0.10947516560554504,0.5875473022460938,0.20579499006271362,-0.059835948050022125,0.5393075942993164,0.188622385263443,-0.08132479339838028,0.5094761252403259,0.16877317428588867,-0.0835212767124176,0.4906361997127533,0.15096908807754517,-0.08453487604856491,0.5751873254776001,0.22572119534015656,-0.04970306530594826,0.5310492515563965,0.20026259124279022,-0.06779811531305313,0.5080609321594238,0.17871826887130737,-0.0679236426949501,0.4941905736923218,0.1602189987897873,-0.06711582839488983,0.5613216161727905,0.23449482023715973,-0.04138466343283653,0.5300050377845764,0.20835870504379272,-0.055730804800987244,0.5164273977279663,0.18733114004135132,-0.05922063812613487,0.5076371431350708,0.16970060765743256,-0.06053312122821808,Left,0.9996135234832764
12546,212,1,0.38832393288612366,0.21695935726165771,3.586526275967117e-08,0.41914093494415283,0.1888553500175476,-0.00529085285961628,0.4392462968826294,0.15075764060020447,-0.014063186943531036,0.4517642557621002,0.12251456081867218,-0.023226583376526833,0.4628395736217499,0.10353760421276093,-0.030919155105948448,0.4074641168117523,0.1023634821176529,-0.02558797411620617,0.44631123542785645,0.08675643801689148,-0.04430212825536728,0.46744129061698914,0.11373259872198105,-0.04974239319562912,0.4721935987472534,0.13921575248241425,-0.050154902040958405,0.3934439420700073,0.12057524919509888,-0.03159625455737114,0.441785603761673,0.12616044282913208,-0.05031672120094299,0.459051251411438,0.1592036932706833,-0.0496467687189579,0.4579245448112488,0.17696338891983032,-0.04667280986905098,0.3849170506000519,0.15104882419109344,-0.03824930265545845,0.4325488805770874,0.1589440256357193,-0.055386465042829514,0.4459884762763977,0.18473926186561584,-0.04950864240527153,0.44248759746551514,0.1961875557899475,-0.04275932163000107,0.38097083568573,0.185170516371727,-0.04517275094985962,0.4202154576778412,0.19578967988491058,-0.05599807947874069,0.42999517917633057,0.20819728076457977,-0.05221283435821533,0.4258691966533661,0.21099819242954254,-0.04727034270763397,Right,0.9996968507766724
12589,213,0,0.5808733105659485,0.173261359333992,3.2983660958052496e-07,0.5829547643661499,0.1580200493335724,-0.02969718724489212,0.57230144739151,0.1484285593032837,-0.0512676015496254,0.5486382842063904,0.14818765223026276,-0.0664825513958931,0.5235548615455627,0.14971324801445007,-0.08058533072471619,0.5890651941299438,0.18090777099132538,-0.06304264068603516,0.5517540574073792,0.1717464178800583,-0.0872102677822113,0.5274432301521301,0.157772496342659,-0.09944251924753189,0.5075955986976624,0.14047694206237793,-0.10635298490524292,0.5775131583213806,0.2019536793231964,-0.055030256509780884,0.535778284072876,0.1800958514213562,-0.07835786044597626,0.5118539333343506,0.15851396322250366,-0.08438435941934586,0.4972815215587616,0.13810428977012634,-0.08762379735708237,0.563776433467865,0.21310682594776154,-0.047387801110744476,0.5260400772094727,0.18760474026203156,-0.06904217600822449,0.5078393816947937,0.1660711169242859,-0.07176780700683594,0.4975716471672058,0.14696356654167175,-0.07119444757699966,0.5494115948677063,0.21765869855880737,-0.041228316724300385,0.52228844165802,0.19637806713581085,-0.057621050626039505,0.5116297006607056,0.17636153101921082,-0.06056800112128258,0.5064362287521362,0.1591407060623169,-0.060425203293561935,Left,0.9990018606185913
12589,213,1,0.37624338269233704,0.22461964190006256,6.6454828306916625e-09,0.4147055745124817,0.19486349821090698,-0.0025668947491794825,0.43850797414779663,0.15706641972064972,-0.00946754403412342,0.4533400535583496,0.13041234016418457,-0.017948780208826065,0.4678937494754791,0.113268181681633,-0.02523127943277359,0.4047999680042267,0.10226059705018997,-0.017401952296495438,0.4428817927837372,0.08410872519016266,-0.034361761063337326,0.46476829051971436,0.10608218610286713,-0.04075154289603233,0.4716397821903229,0.12941314280033112,-0.04259995371103287,0.3907293677330017,0.11887656897306442,-0.0248170867562294,0.4399837553501129,0.12262888252735138,-0.04292318969964981,0.45780766010284424,0.1568242907524109,-0.04391118139028549,0.4571835398674011,0.17714661359786987,-0.04196203127503395,0.3820797801017761,0.1479731798171997,-0.032920051366090775,0.429609477519989,0.15543420612812042,-0.04963841661810875,0.44269388914108276,0.18273770809173584,-0.045304056257009506,0.4386328458786011,0.19580918550491333,-0.0394999161362648,0.37823042273521423,0.18104736506938934,-0.04121776297688484,0.41809213161468506,0.1934146136045456,-0.051604170352220535,0.4263371527194977,0.20785607397556305,-0.04839872196316719,0.4208082854747772,0.2123308628797531,-0.04395291581749916,Right,0.9995395541191101
12631,214,0,0.3739222288131714,0.23067235946655273,1.4694183647634418e-08,0.41793763637542725,0.2013494074344635,-0.0018096170388162136,0.4404899775981903,0.16233280301094055,-0.009127612225711346,0.45402613282203674,0.1320849061012268,-0.01844719797372818,0.46830612421035767,0.11026603728532791,-0.02622857317328453,0.4031839668750763,0.10346244275569916,-0.016588469967246056,0.44267168641090393,0.08199546486139297,-0.03628335893154144,0.4649037718772888,0.10701891779899597,-0.04585651680827141,0.47003981471061707,0.13478025794029236,-0.04937053844332695,0.38884344696998596,0.118212029337883,-0.02475360967218876,0.4396308660507202,0.11945165693759918,-0.044285740703344345,0.45801421999931335,0.15690499544143677,-0.046545736491680145,0.45609530806541443,0.1801542341709137,-0.04537790268659592,0.38022032380104065,0.14670951664447784,-0.03382982313632965,0.42921116948127747,0.15079183876514435,-0.05118795856833458,0.44294148683547974,0.1820165067911148,-0.046266570687294006,0.43889740109443665,0.19810815155506134,-0.039992302656173706,0.37639912962913513,0.18005555868148804,-0.04320851340889931,0.4165303111076355,0.1911393404006958,-0.05401178076863289,0.4250175654888153,0.20680636167526245,-0.050391606986522675,0.4195444583892822,0.21272794902324677,-0.04555153101682663,Right,0.9988332390785217
12672,215,0,0.3712674379348755,0.23453760147094727,7.274869595619293e-09,0.4167274236679077,0.20529985427856445,0.0003796850796788931,0.4402198791503906,0.16449645161628723,-0.0056841615587472916,0.45325344800949097,0.1339467614889145,-0.014474383555352688,0.46580952405929565,0.10872480273246765,-0.022058207541704178,0.40258944034576416,0.10285300016403198,-0.012514973059296608,0.4412776827812195,0.07816623151302338,-0.0319930799305439,0.4632897675037384,0.09835208207368851,-0.04295717924833298,0.468860387802124,0.1241845041513443,-0.047394827008247375,0.38847780227661133,0.11661607772111893,-0.021727900952100754,0.4398114085197449,0.11468011885881424,-0.03983340039849281,0.45869624614715576,0.15092633664608002,-0.04302362725138664,0.4573841989040375,0.1751227080821991,-0.04288020730018616,0.38100942969322205,0.14472238719463348,-0.03178585320711136,0.4299607276916504,0.1454504430294037,-0.04763052240014076,0.44313833117485046,0.17780928313732147,-0.04278837889432907,0.43846338987350464,0.19578325748443604,-0.037050601094961166,0.378520131111145,0.17757000029087067,-0.0421457514166832,0.4190504848957062,0.18547840416431427,-0.0515434592962265,0.4266527593135834,0.20307907462120056,-0.04710967093706131,0.42091548442840576,0.21163301169872284,-0.04201475903391838,Right,0.9989776611328125
12672,215,1,0.5557529330253601,0.1777189075946808,1.9189452249435135e-09,0.550696074962616,0.13807256519794464,-0.017948197200894356,0.5357336401939392,0.11508183926343918,-0.03437940031290054,0.517370343208313,0.10949383676052094,-0.04710204899311066,0.505809485912323,0.1135537177324295,-0.06121010333299637,0.5692445039749146,0.14970959722995758,-0.053872331976890564,0.5426681637763977,0.1479196846485138,-0.07153858989477158,0.5184697508811951,0.1440260261297226,-0.08269531279802322,0.4994906485080719,0.1387624442577362,-0.0907609686255455,0.5709466934204102,0.1875056028366089,-0.053005050867795944,0.5438132882118225,0.18464189767837524,-0.06949030607938766,0.5328307151794434,0.17022491991519928,-0.0725046694278717,0.5305652022361755,0.1560886651277542,-0.07639435678720474,0.5663752555847168,0.21378567814826965,-0.05106868967413902,0.5455188751220703,0.205532968044281,-0.06572284549474716,0.5477386116981506,0.19101354479789734,-0.06003015488386154,0.5565007328987122,0.18107497692108154,-0.05575532466173172,0.5590116381645203,0.23058269917964935,-0.050407569855451584,0.5514774322509766,0.22104555368423462,-0.06195688992738724,0.5565695762634277,0.2053273618221283,-0.05817221477627754,0.5643762946128845,0.19446319341659546,-0.05519358441233635,Left,0.8504406213760376
12729,216,0,0.36853232979774475,0.2364293932914734,1.890415468608353e-08,0.4161933660507202,0.2030162662267685,0.000977885676547885,0.43858566880226135,0.1602170765399933,-0.0048065935261547565,0.45128902792930603,0.1276974081993103,-0.013386008329689503,0.46630775928497314,0.10151398181915283,-0.02020896039903164,0.4011024832725525,0.0980234444141388,-0.011215359903872013,0.4405873119831085,0.07012977451086044,-0.03213043510913849,0.4625154435634613,0.08950026333332062,-0.04392091929912567,0.46898603439331055,0.11685174703598022,-0.0484376959502697,0.3874008059501648,0.11094720661640167,-0.0208715982735157,0.4397781193256378,0.10505670309066772,-0.04121220111846924,0.45879989862442017,0.14064013957977295,-0.04567386582493782,0.4586191177368164,0.1666993647813797,-0.045624032616615295,0.3806508779525757,0.13784609735012054,-0.03154468536376953,0.4310562014579773,0.1344396322965622,-0.04889621213078499,0.4455477297306061,0.1662898063659668,-0.045172613114118576,0.4439274072647095,0.18599623441696167,-0.03953911364078522,0.37893372774124146,0.1702878475189209,-0.042436469346284866,0.4189278185367584,0.17512378096580505,-0.052619270980358124,0.42775261402130127,0.19296571612358093,-0.04898808151483536,0.4253999590873718,0.20280000567436218,-0.04403941333293915,Right,0.9984009861946106
12729,216,1,0.5763565897941589,0.2013348788022995,-2.3584988184666145e-07,0.5810053944587708,0.16665680706501007,-0.018532823771238327,0.5704642534255981,0.1372116357088089,-0.03922541067004204,0.5445589423179626,0.12950308620929718,-0.05565010383725166,0.5276815891265869,0.1255505084991455,-0.07222533226013184,0.5855728387832642,0.1705876886844635,-0.06502684205770493,0.5446817874908447,0.1491686999797821,-0.09083734452724457,0.5155900120735168,0.13781008124351501,-0.10541018843650818,0.49233824014663696,0.1256391555070877,-0.11247158795595169,0.5727931261062622,0.20289616286754608,-0.06431552022695541,0.52949458360672,0.17798234522342682,-0.08729997277259827,0.50843745470047,0.1556677222251892,-0.08989708125591278,0.49641314148902893,0.13922375440597534,-0.09076105058193207,0.5592649579048157,0.22502006590366364,-0.06208357214927673,0.5218778848648071,0.1965796798467636,-0.07608366757631302,0.5095840692520142,0.17585135996341705,-0.06811720132827759,0.5060921907424927,0.16374091804027557,-0.062291547656059265,0.5471422076225281,0.2371942102909088,-0.061451610177755356,0.5194332003593445,0.20760905742645264,-0.07265138626098633,0.5134764909744263,0.18770438432693481,-0.06732210516929626,0.5145130157470703,0.1799325942993164,-0.061678655445575714,Left,0.7185765504837036
12773,217,0,0.3665066361427307,0.2394700050354004,2.733826320877597e-08,0.41576120257377625,0.20237748324871063,0.0014507003361359239,0.4367600977420807,0.1589278131723404,-0.004924842156469822,0.44717055559158325,0.12543639540672302,-0.014619078487157822,0.45996785163879395,0.0990055501461029,-0.02270573005080223,0.39675596356391907,0.09858668595552444,-0.010658230632543564,0.43918201327323914,0.06874719262123108,-0.03300771117210388,0.46186190843582153,0.0874871015548706,-0.04651777073740959,0.46921250224113464,0.11564259976148605,-0.05216425284743309,0.3841044306755066,0.11250264197587967,-0.020671317353844643,0.44032126665115356,0.10646936297416687,-0.04194188863039017,0.45917055010795593,0.14295025169849396,-0.04614550992846489,0.45934703946113586,0.1701611876487732,-0.0458715483546257,0.378855437040329,0.1390310525894165,-0.03193453326821327,0.4331009089946747,0.13466937839984894,-0.04964115843176842,0.4469479024410248,0.16671137511730194,-0.04507753625512123,0.4455561339855194,0.18773800134658813,-0.03880913183093071,0.3789767622947693,0.17021633684635162,-0.043540190905332565,0.4213518500328064,0.17478826642036438,-0.05290302261710167,0.43075257539749146,0.1926967203617096,-0.04844958335161209,0.43002012372016907,0.20325373113155365,-0.043088264763355255,Right,0.9966087341308594
12773,217,1,0.5943714380264282,0.21938112378120422,3.8538752278327593e-07,0.5925990343093872,0.17461541295051575,-0.017774105072021484,0.573192834854126,0.14332078397274017,-0.030549107119441032,0.5498944520950317,0.13055072724819183,-0.03791457787156105,0.5314627885818481,0.1254814863204956,-0.04465554654598236,0.5878095030784607,0.16861523687839508,-0.054523445665836334,0.5429733395576477,0.14851665496826172,-0.06973272562026978,0.5163058042526245,0.1348934769630432,-0.07213832437992096,0.4983636140823364,0.12414130568504333,-0.07093767821788788,0.5782699584960938,0.2018996775150299,-0.048411596566438675,0.5318487882614136,0.1790291666984558,-0.06135206297039986,0.5079579949378967,0.15969666838645935,-0.058934733271598816,0.4952472746372223,0.14371666312217712,-0.055964305996894836,0.5667559504508972,0.22500549256801605,-0.041028302162885666,0.526932954788208,0.195623517036438,-0.04926656186580658,0.5125003457069397,0.17365466058254242,-0.04411448910832405,0.5070130228996277,0.15818986296653748,-0.03947458043694496,0.5543572902679443,0.2376859039068222,-0.0345454178750515,0.5263357162475586,0.2071302831172943,-0.039019033312797546,0.5177353620529175,0.18544085323810577,-0.0355779230594635,0.5148743987083435,0.171941339969635,-0.03209996223449707,Left,0.9992183446884155
12817,218,0,0.36734798550605774,0.2409454882144928,2.551060696021068e-08,0.4164571166038513,0.2031562179327011,0.0008997971890494227,0.43538805842399597,0.15900471806526184,-0.00589704979211092,0.44319912791252136,0.12433493882417679,-0.016022806987166405,0.4535927474498749,0.09676237404346466,-0.024349858984351158,0.3963083028793335,0.09832043945789337,-0.011062830686569214,0.43858858942985535,0.0667954683303833,-0.03339029476046562,0.46167197823524475,0.08534833043813705,-0.04601191356778145,0.46890079975128174,0.11363542824983597,-0.05085297301411629,0.38414013385772705,0.1112685427069664,-0.020758772268891335,0.4415597915649414,0.10360241681337357,-0.041492559015750885,0.4600442349910736,0.14127670228481293,-0.0440414659678936,0.45885705947875977,0.16882435977458954,-0.04237361252307892,0.3793761134147644,0.1370888352394104,-0.031853411346673965,0.43444228172302246,0.13215303421020508,-0.04923279210925102,0.44798019528388977,0.1647862195968628,-0.04290522262454033,0.44555824995040894,0.18589340150356293,-0.03531024605035782,0.37976428866386414,0.16821545362472534,-0.04344993084669113,0.4233394265174866,0.17270013689994812,-0.052972741425037384,0.43281152844429016,0.1910066306591034,-0.04783831536769867,0.4310741424560547,0.2017430067062378,-0.04177460819482803,Right,0.9959045648574829
12817,218,1,0.5964921116828918,0.21019808948040009,2.4612390348011104e-07,0.5943689346313477,0.16818483173847198,-0.013025405816733837,0.569927990436554,0.14286839962005615,-0.024170229211449623,0.5441454648971558,0.13612307608127594,-0.030774014070630074,0.5243260860443115,0.13541828095912933,-0.03780311718583107,0.5850289463996887,0.16002751886844635,-0.04902839660644531,0.5447259545326233,0.13584686815738678,-0.06405236572027206,0.5162018537521362,0.12431147694587708,-0.07075466215610504,0.4955485165119171,0.11534572392702103,-0.07385548949241638,0.5776272416114807,0.1913273185491562,-0.0460580512881279,0.5282607078552246,0.17120659351348877,-0.0563611276447773,0.5040507912635803,0.15319201350212097,-0.055756546556949615,0.492037296295166,0.1373661458492279,-0.05583176389336586,0.5675345659255981,0.21460509300231934,-0.04144268482923508,0.5262718200683594,0.1882113367319107,-0.04765170067548752,0.5228912830352783,0.17197316884994507,-0.04077688232064247,0.5302425622940063,0.16590580344200134,-0.03539905324578285,0.5566282868385315,0.2285051941871643,-0.03746756166219711,0.5258625149726868,0.20025059580802917,-0.04242495819926262,0.5244747996330261,0.18392230570316315,-0.037315767258405685,0.5292114019393921,0.1775616705417633,-0.032449789345264435,Left,0.9995302557945251
12860,219,0,0.36799633502960205,0.24146530032157898,2.1464135357973646e-08,0.4169119894504547,0.20328330993652344,0.0006388882175087929,0.4349478483200073,0.1592831015586853,-0.006154478061944246,0.4431972801685333,0.12442723661661148,-0.01636688783764839,0.4535999596118927,0.09614849090576172,-0.024719534441828728,0.39471355080604553,0.09917611628770828,-0.01093892939388752,0.4375639855861664,0.06482230126857758,-0.03352804109454155,0.4612594246864319,0.08251313865184784,-0.04620751366019249,0.4685764014720917,0.11059309542179108,-0.050892267376184464,0.383450984954834,0.11123231798410416,-0.02026684582233429,0.44149109721183777,0.1023406907916069,-0.040978942066431046,0.4604405462741852,0.13963602483272552,-0.043146129697561264,0.4592283070087433,0.16742505133152008,-0.04096631705760956,0.3794771730899811,0.13632914423942566,-0.03110230527818203,0.4347439408302307,0.13109226524829865,-0.04835986718535423,0.4487958252429962,0.1633228212594986,-0.04162071645259857,0.4468661844730377,0.18482384085655212,-0.033471718430519104,0.380632609128952,0.16695694625377655,-0.04253561049699783,0.42407405376434326,0.17151328921318054,-0.05213049799203873,0.4343283772468567,0.18872597813606262,-0.04711709916591644,0.4333893656730652,0.19904612004756927,-0.040871843695640564,Right,0.9947500228881836
12860,219,1,0.5928497910499573,0.21119529008865356,2.896374553529313e-07,0.5921875834465027,0.17229360342025757,-0.013192973099648952,0.5669052600860596,0.1456676423549652,-0.023502742871642113,0.5399499535560608,0.13723689317703247,-0.02942829579114914,0.5175219774246216,0.13539308309555054,-0.03582250699400902,0.5791208148002625,0.1596967726945877,-0.045198917388916016,0.5397547483444214,0.1325143277645111,-0.05857076868414879,0.5132104754447937,0.11950503289699554,-0.0637228712439537,0.4938628673553467,0.11015050858259201,-0.06545475125312805,0.57155442237854,0.1897495985031128,-0.0416291169822216,0.5268072485923767,0.16479076445102692,-0.05141620337963104,0.5011947751045227,0.1459026336669922,-0.05148092284798622,0.48638224601745605,0.12923890352249146,-0.051312848925590515,0.5614537000656128,0.21142852306365967,-0.036559246480464935,0.5210128426551819,0.18351177871227264,-0.041823610663414,0.5084954500198364,0.16335804760456085,-0.036755647510290146,0.506166934967041,0.14938782155513763,-0.03267616033554077,0.5505685806274414,0.22504165768623352,-0.03202780336141586,0.5216197967529297,0.19675412774085999,-0.03550592437386513,0.5146772265434265,0.17748697102069855,-0.031165149062871933,0.5133379101753235,0.16572660207748413,-0.026943502947688103,Left,0.9997996687889099
12903,220,0,0.3691025972366333,0.2411501407623291,2.4611493287807207e-08,0.41755905747413635,0.20091277360916138,0.0018936700653284788,0.43500152230262756,0.1548883020877838,-0.0037604193203151226,0.44267135858535767,0.11917704343795776,-0.01298609934747219,0.4528834819793701,0.09056342393159866,-0.020436516031622887,0.39600563049316406,0.09518863260746002,-0.009085061028599739,0.43647050857543945,0.06264249235391617,-0.03043440543115139,0.45936253666877747,0.07835564017295837,-0.04192354530096054,0.4680738151073456,0.1055387482047081,-0.04599551856517792,0.38416463136672974,0.10544265806674957,-0.01881271041929722,0.4392445385456085,0.09793587028980255,-0.03901590406894684,0.4591842591762543,0.13534565269947052,-0.04142972454428673,0.4604555070400238,0.1641387939453125,-0.0394798144698143,0.37932288646698,0.1291646957397461,-0.02982224151492119,0.4320807158946991,0.12522229552268982,-0.04736296087503433,0.44778063893318176,0.1588389277458191,-0.04155131056904793,0.44823622703552246,0.1826746016740799,-0.03395206108689308,0.3794058561325073,0.15902410447597504,-0.04125216603279114,0.4212295711040497,0.16491562128067017,-0.05135726183652878,0.43339845538139343,0.18455193936824799,-0.04695018753409386,0.43507280945777893,0.19828419387340546,-0.041008707135915756,Right,0.9957213997840881
12903,220,1,0.5921802520751953,0.2080286741256714,2.6696793042901845e-07,0.5927682518959045,0.16515246033668518,-0.014018509536981583,0.5690653324127197,0.13422811031341553,-0.024456961080431938,0.5417131185531616,0.12616465985774994,-0.030684668570756912,0.5196062922477722,0.12949927151203156,-0.03689981997013092,0.5832038521766663,0.15689924359321594,-0.04560317099094391,0.5425122380256653,0.12908530235290527,-0.058455005288124084,0.5163210034370422,0.1178554967045784,-0.06222410500049591,0.49722498655319214,0.108446404337883,-0.06312939524650574,0.5730730891227722,0.18845607340335846,-0.04237744212150574,0.5267738699913025,0.16148625314235687,-0.05287987366318703,0.5026784539222717,0.1444101333618164,-0.05241275578737259,0.48869097232818604,0.13022658228874207,-0.05206654220819473,0.5610953569412231,0.2110540270805359,-0.037814509123563766,0.5212541818618774,0.1770695447921753,-0.045341022312641144,0.5217928886413574,0.16103646159172058,-0.03969486802816391,0.5300984978675842,0.15404120087623596,-0.03470848500728607,0.548133373260498,0.22447098791599274,-0.03393533080816269,0.5203239321708679,0.1911490112543106,-0.03876741975545883,0.5225985050201416,0.17349794507026672,-0.034422483295202255,0.5288978815078735,0.16657361388206482,-0.030335111543536186,Left,0.9995185732841492
12946,221,0,0.37060239911079407,0.24003073573112488,6.763732685044488e-09,0.41838961839675903,0.19966527819633484,0.0028961135540157557,0.4367871582508087,0.1545613706111908,-0.0024532428942620754,0.4457542300224304,0.1193210706114769,-0.011712172999978065,0.4552832543849945,0.09090924263000488,-0.01955006644129753,0.39918285608291626,0.09344109892845154,-0.006716298870742321,0.436554491519928,0.06239698827266693,-0.028531840071082115,0.45866090059280396,0.0789242535829544,-0.0418577641248703,0.4681476652622223,0.10576977580785751,-0.047366753220558167,0.3855150043964386,0.10221647471189499,-0.017035992816090584,0.4368774890899658,0.09671828150749207,-0.03782295808196068,0.45743101835250854,0.13386507332324982,-0.04196741804480553,0.4606652855873108,0.16350241005420685,-0.04124732315540314,0.37835264205932617,0.1251244843006134,-0.02866908349096775,0.42772188782691956,0.1218174397945404,-0.04642030596733093,0.44504913687705994,0.15513384342193604,-0.04195830971002579,0.4481737017631531,0.18002817034721375,-0.03524826839566231,0.37611955404281616,0.1543392539024353,-0.040677186101675034,0.4154795706272125,0.16138751804828644,-0.050655703991651535,0.42894765734672546,0.18104712665081024,-0.04680877551436424,0.43285298347473145,0.195426806807518,-0.041282616555690765,Right,0.9968931078910828
12946,221,1,0.5915945172309875,0.2075660675764084,2.604900828373502e-07,0.5937408208847046,0.1626642495393753,-0.012763080187141895,0.5722012519836426,0.1324128657579422,-0.022169388830661774,0.5444961786270142,0.12551316618919373,-0.027502063661813736,0.5228148698806763,0.12714235484600067,-0.03302402049303055,0.5838254690170288,0.1511133313179016,-0.04359052702784538,0.5456339716911316,0.1236482560634613,-0.05735522508621216,0.5167102217674255,0.11130301654338837,-0.06377622485160828,0.4940457046031952,0.09957759827375412,-0.06721781939268112,0.5711960196495056,0.18219809234142303,-0.0405786857008934,0.5273932218551636,0.15679052472114563,-0.05000125989317894,0.49995696544647217,0.14050158858299255,-0.050831008702516556,0.4815535545349121,0.12456633895635605,-0.05210648104548454,0.5574960708618164,0.20492208003997803,-0.03607802465558052,0.5200880169868469,0.17190298438072205,-0.041624851524829865,0.5184586048126221,0.152573823928833,-0.03609957918524742,0.5248191952705383,0.13981695473194122,-0.03198679909110069,0.5444213151931763,0.2189861238002777,-0.03229110315442085,0.5191102027893066,0.18616394698619843,-0.03603183478116989,0.5198644399642944,0.1661534160375595,-0.031582873314619064,0.5242747068405151,0.15393956005573273,-0.02760259434580803,Left,0.9996517896652222
12989,222,0,0.37045931816101074,0.24317429959774017,4.5513647961570314e-08,0.41586148738861084,0.19965459406375885,0.00272266729734838,0.43428516387939453,0.15416793525218964,-0.0030768977012485266,0.4443974494934082,0.11935580521821976,-0.012754395604133606,0.45526647567749023,0.09061715006828308,-0.021272318437695503,0.3971092700958252,0.09483733773231506,-0.005860369186848402,0.43331167101860046,0.06520097702741623,-0.027418524026870728,0.45730724930763245,0.07582485675811768,-0.0417131707072258,0.4717376232147217,0.0988961011171341,-0.048505749553442,0.3821772038936615,0.10429428517818451,-0.016499197110533714,0.43209174275398254,0.09798303991556168,-0.03865018114447594,0.45185762643814087,0.13478347659111023,-0.04464133083820343,0.45601698756217957,0.16552060842514038,-0.04519912973046303,0.37366339564323425,0.12667085230350494,-0.028344817459583282,0.42142242193222046,0.12128195911645889,-0.04752636328339577,0.43750253319740295,0.15590748190879822,-0.04449363052845001,0.4404172897338867,0.18223369121551514,-0.038595784455537796,0.37034615874290466,0.154776930809021,-0.0405447781085968,0.40886616706848145,0.16099822521209717,-0.052302464842796326,0.42219018936157227,0.18183967471122742,-0.04958173260092735,0.4261239171028137,0.19695088267326355,-0.04468615725636482,Right,0.9978172183036804
12989,222,1,0.5916598439216614,0.19826935231685638,2.0673617484590068e-07,0.5936453342437744,0.1528470665216446,-0.01192175317555666,0.5742735862731934,0.12086507678031921,-0.023147575557231903,0.5459085702896118,0.11823220551013947,-0.02983100153505802,0.5247530341148376,0.1266702115535736,-0.03691704571247101,0.589776873588562,0.13904796540737152,-0.04933907091617584,0.5525071024894714,0.1119793951511383,-0.0643119364976883,0.5227872133255005,0.10134198516607285,-0.07019802182912827,0.5000417232513428,0.09353768080472946,-0.07258760929107666,0.5792781114578247,0.17321407794952393,-0.046966802328825,0.5328073501586914,0.15234892070293427,-0.05992506071925163,0.5022884011268616,0.13798189163208008,-0.06112492457032204,0.4832402467727661,0.12590542435646057,-0.06186271458864212,0.5655381679534912,0.197068452835083,-0.04249870032072067,0.5246073007583618,0.1673821359872818,-0.050011008977890015,0.5185279250144958,0.14879973232746124,-0.04347267374396324,0.521941065788269,0.13767899572849274,-0.03788752481341362,0.5508270859718323,0.21203753352165222,-0.038401298224925995,0.5211681127548218,0.18169215321540833,-0.04158623144030571,0.5192433595657349,0.16322576999664307,-0.03508196398615837,0.5225433111190796,0.15126816928386688,-0.02931751124560833,Left,0.9999591112136841
13031,223,0,0.36924463510513306,0.24609772861003876,9.576131532185173e-08,0.41421768069267273,0.20184481143951416,0.0006427230546250939,0.4327291250228882,0.1555044949054718,-0.005282489117234945,0.44104281067848206,0.11978016048669815,-0.014417109079658985,0.45030277967453003,0.09045536816120148,-0.02250569313764572,0.3941807746887207,0.09614221751689911,-0.0075585865415632725,0.4318830966949463,0.06903824955224991,-0.028917834162712097,0.4576861262321472,0.07518772780895233,-0.0426669716835022,0.47668805718421936,0.09263196587562561,-0.04954904690384865,0.3791344165802002,0.1057852953672409,-0.01756630651652813,0.43136513233184814,0.09694206714630127,-0.04146035388112068,0.452587753534317,0.133285790681839,-0.04755955561995506,0.4593374729156494,0.16502395272254944,-0.047222018241882324,0.37094882130622864,0.12879183888435364,-0.028747577220201492,0.4211990535259247,0.12430350482463837,-0.04984137788414955,0.4381609857082367,0.15864409506320953,-0.04677660018205643,0.44249361753463745,0.1846250593662262,-0.03978220000863075,0.3683392107486725,0.15762530267238617,-0.04036477580666542,0.4086061418056488,0.1651494950056076,-0.05332840606570244,0.42230814695358276,0.18560677766799927,-0.05055806040763855,0.4269397556781769,0.200208842754364,-0.04491662234067917,Right,0.9982796311378479
13031,223,1,0.5864527821540833,0.19767335057258606,1.4417197746752208e-07,0.590494692325592,0.15609294176101685,-0.013179944828152657,0.574381411075592,0.12548336386680603,-0.025517137721180916,0.5460271835327148,0.1215272843837738,-0.03362877666950226,0.5261976718902588,0.12896530330181122,-0.04282287880778313,0.5913969278335571,0.13788773119449615,-0.04818380996584892,0.553182065486908,0.11284776777029037,-0.06386663019657135,0.5235837697982788,0.10219508409500122,-0.07121013849973679,0.5008028745651245,0.09617122262716293,-0.07483719289302826,0.5810403823852539,0.17143842577934265,-0.04708831384778023,0.5356124043464661,0.1504046618938446,-0.05953758955001831,0.5070582628250122,0.13437044620513916,-0.061933938413858414,0.49072736501693726,0.12332068383693695,-0.0640629455447197,0.5675344467163086,0.19653008878231049,-0.0445546954870224,0.526515781879425,0.17212405800819397,-0.05317550152540207,0.5142236948013306,0.15233178436756134,-0.04958602041006088,0.5129280686378479,0.14023911952972412,-0.046379074454307556,0.5530076026916504,0.21284495294094086,-0.042411282658576965,0.5243011713027954,0.18483564257621765,-0.04821600764989853,0.5166206955909729,0.1655046045780182,-0.04430623725056648,0.5156906843185425,0.15263016521930695,-0.04057749733328819,Left,0.9997001886367798
13074,224,0,0.3678189218044281,0.24678657948970795,1.2525876513791445e-07,0.41393187642097473,0.20224842429161072,-0.002194193424656987,0.43154722452163696,0.15585669875144958,-0.009159463457763195,0.4387508034706116,0.11997127532958984,-0.01865667849779129,0.44736406207084656,0.09058019518852234,-0.02681250125169754,0.39155179262161255,0.09683620929718018,-0.010294320993125439,0.43215104937553406,0.06953231245279312,-0.03286223113536835,0.45942264795303345,0.07586060464382172,-0.047099728137254715,0.4799947142601013,0.0917380303144455,-0.05420766398310661,0.3774242103099823,0.10748464614152908,-0.019093047827482224,0.43220338225364685,0.09751328825950623,-0.04398175701498985,0.4534478485584259,0.13517645001411438,-0.049448464065790176,0.46049654483795166,0.1662399172782898,-0.0481770820915699,0.3704604506492615,0.13121727108955383,-0.029346570372581482,0.42291784286499023,0.12740561366081238,-0.05153011530637741,0.4386914074420929,0.16166847944259644,-0.04742743819952011,0.4421014189720154,0.1863187551498413,-0.03912432864308357,0.36911630630493164,0.160175621509552,-0.040304165333509445,0.4111156761646271,0.1679307520389557,-0.053707920014858246,0.4240554869174957,0.1883181780576706,-0.05021112412214279,0.42779526114463806,0.20193128287792206,-0.04366517439484596,Right,0.997917890548706
13074,224,1,0.58109450340271,0.18316388130187988,8.404030893416348e-08,0.5827533602714539,0.14581550657749176,-0.015930721536278725,0.5702133178710938,0.11739667505025864,-0.03186793997883797,0.5421137809753418,0.11063864827156067,-0.04365033656358719,0.5216617584228516,0.12000749260187149,-0.057330172508955,0.5923705101013184,0.13802170753479004,-0.052407510578632355,0.5510181188583374,0.11488068103790283,-0.06765034049749374,0.5227974653244019,0.10459715127944946,-0.07552184909582138,0.5029017329216003,0.10029540956020355,-0.08006227016448975,0.5847538709640503,0.17285490036010742,-0.05063037574291229,0.5384660959243774,0.14960461854934692,-0.06422834098339081,0.5098705887794495,0.13031136989593506,-0.0687904879450798,0.4923335015773773,0.12061237543821335,-0.07354701310396194,0.5719018578529358,0.19776052236557007,-0.047219619154930115,0.5301504731178284,0.17018674314022064,-0.05714830756187439,0.5112332105636597,0.1474994570016861,-0.055854491889476776,0.5029571652412415,0.13611815869808197,-0.055276840925216675,0.5558246970176697,0.21136601269245148,-0.04422459378838539,0.5263115167617798,0.18293419480323792,-0.051664914935827255,0.5137879848480225,0.16006134450435638,-0.04959225654602051,0.5087568759918213,0.14723238348960876,-0.04811596870422363,Left,0.9987748861312866
13116,225,0,0.36758124828338623,0.24766746163368225,1.2431310381089133e-07,0.41382771730422974,0.2029176503419876,-0.0030469978228211403,0.431481271982193,0.15551623702049255,-0.010323075577616692,0.43921273946762085,0.11865381896495819,-0.019953280687332153,0.4497185945510864,0.08864811062812805,-0.028166193515062332,0.3920895755290985,0.09735237061977386,-0.011004753410816193,0.4335252046585083,0.07043476402759552,-0.03346890211105347,0.4607005715370178,0.0770849883556366,-0.04698009043931961,0.48083579540252686,0.09283695369958878,-0.053483884781599045,0.3778267204761505,0.10774536430835724,-0.01943621225655079,0.4324336051940918,0.09812788665294647,-0.04424244165420532,0.4539368152618408,0.1361370086669922,-0.048769112676382065,0.4612979292869568,0.16726665198802948,-0.04661768674850464,0.370669960975647,0.13181662559509277,-0.02944517694413662,0.4238952696323395,0.1297549456357956,-0.05195057392120361,0.4399160146713257,0.16321589052677155,-0.04715802147984505,0.4435615539550781,0.18679571151733398,-0.0381392166018486,0.36938685178756714,0.16120873391628265,-0.04020409286022186,0.4119611978530884,0.16855639219284058,-0.0536264069378376,0.425396203994751,0.18863049149513245,-0.049604643136262894,0.42960667610168457,0.20197725296020508,-0.042564261704683304,Right,0.9973068833351135
13116,225,1,0.581579327583313,0.18364734947681427,-1.2679316796493367e-07,0.5830140709877014,0.14250557124614716,-0.008875133469700813,0.5671223402023315,0.11104689538478851,-0.020745396614074707,0.5379366278648376,0.10311869531869888,-0.030383987352252007,0.5149953365325928,0.10536022484302521,-0.04284266382455826,0.5931001901626587,0.1284458339214325,-0.04115428775548935,0.5458337664604187,0.1055179089307785,-0.05486738309264183,0.514814555644989,0.0957474485039711,-0.062117915600538254,0.4919068515300751,0.09182398021221161,-0.06617423892021179,0.5852438807487488,0.16264687478542328,-0.043497659265995026,0.5342389345169067,0.1304442137479782,-0.055451806634664536,0.4998170733451843,0.11411075294017792,-0.05978953838348389,0.4766762852668762,0.10669352114200592,-0.06483513861894608,0.5708596706390381,0.1893586814403534,-0.04412669688463211,0.5234793424606323,0.1537877321243286,-0.055017657577991486,0.4966408312320709,0.1307409703731537,-0.05579841136932373,0.4821328818798065,0.12196309864521027,-0.056910350918769836,0.5551687479019165,0.20811507105827332,-0.04431472346186638,0.5218460559844971,0.17456313967704773,-0.053493011742830276,0.503897488117218,0.14917950332164764,-0.052717357873916626,0.49325230717658997,0.13702963292598724,-0.05234405770897865,Left,0.9976970553398132
13158,226,0,0.36948543787002563,0.2449508011341095,1.2454837872155622e-07,0.41405823826789856,0.1977664977312088,-0.002421620534732938,0.42983949184417725,0.15210402011871338,-0.010014787316322327,0.4368843734264374,0.11562880128622055,-0.020100226625800133,0.44600048661231995,0.08807046711444855,-0.028880149126052856,0.38956573605537415,0.09690414369106293,-0.011145913042128086,0.43121957778930664,0.0686396136879921,-0.032910317182540894,0.4595179259777069,0.0761413425207138,-0.04665661230683327,0.47928479313850403,0.09306876361370087,-0.05347652733325958,0.3767841160297394,0.10923606902360916,-0.019244566559791565,0.4333464503288269,0.10263068974018097,-0.042174749076366425,0.4540930986404419,0.13833357393741608,-0.046703483909368515,0.4602676033973694,0.16723522543907166,-0.04577677324414253,0.3712185323238373,0.13376440107822418,-0.02879001572728157,0.4258049726486206,0.1329699605703354,-0.048655424267053604,0.4414772689342499,0.1632433831691742,-0.04430525004863739,0.44509533047676086,0.18527886271476746,-0.03696197271347046,0.37168580293655396,0.1629079133272171,-0.03910801559686661,0.41470974683761597,0.1701502501964569,-0.04969702288508415,0.42830753326416016,0.18728695809841156,-0.0454900860786438,0.43310898542404175,0.19887691736221313,-0.039477016776800156,Right,0.9958856105804443
13158,226,1,0.5887842178344727,0.1843448281288147,-1.1231775687292611e-07,0.5901957750320435,0.1427682787179947,-0.011523958295583725,0.5717723965644836,0.11283709108829498,-0.026889339089393616,0.5410757660865784,0.10491961985826492,-0.040054887533187866,0.5163987278938293,0.10897420346736908,-0.055664606392383575,0.5955016613006592,0.12401948124170303,-0.04335006698966026,0.5505586266517639,0.10661591589450836,-0.06291768699884415,0.5175943374633789,0.09991850703954697,-0.07605651766061783,0.4918769598007202,0.09563467651605606,-0.08370883017778397,0.5896030068397522,0.1613921821117401,-0.04521206021308899,0.5393090844154358,0.14478082954883575,-0.06127282232046127,0.5079171657562256,0.1293514370918274,-0.06728122383356094,0.4863107204437256,0.12067440897226334,-0.07284926623106003,0.5784726738929749,0.1911749392747879,-0.046237796545028687,0.5319684743881226,0.16868937015533447,-0.05874241515994072,0.509428083896637,0.1462986171245575,-0.05771840736269951,0.49660852551460266,0.13387982547283173,-0.05701495707035065,0.5664619207382202,0.2111930251121521,-0.04747261479496956,0.5323893427848816,0.18666377663612366,-0.05681496486067772,0.5172234177589417,0.1631898432970047,-0.05454200506210327,0.5087243318557739,0.14701753854751587,-0.05246250703930855,Left,0.9984726309776306
13198,227,0,0.3696094751358032,0.2414449155330658,1.6360570498363813e-07,0.407257080078125,0.19210845232009888,-0.002657352713868022,0.42274853587150574,0.1459408402442932,-0.010687132366001606,0.42848530411720276,0.1092551052570343,-0.020835377275943756,0.4362443685531616,0.08221152424812317,-0.030155394226312637,0.38228315114974976,0.10058246552944183,-0.016525497660040855,0.42320865392684937,0.06837345659732819,-0.03798879683017731,0.4525514543056488,0.07033029198646545,-0.05125812068581581,0.47374227643013,0.0806560069322586,-0.058023612946271896,0.37212759256362915,0.12065260112285614,-0.02468840777873993,0.4266972839832306,0.10427051782608032,-0.04788953438401222,0.4510423243045807,0.13121452927589417,-0.05303792655467987,0.46090251207351685,0.15630905330181122,-0.05292648449540138,0.3700292706489563,0.14958444237709045,-0.03375128656625748,0.4251407980918884,0.13980633020401,-0.053550489246845245,0.4457758665084839,0.16197043657302856,-0.05010560154914856,0.4539385735988617,0.18049751222133636,-0.043580327183008194,0.37371429800987244,0.18040044605731964,-0.04331327602267265,0.41660961508750916,0.17708833515644073,-0.05358624458312988,0.43099793791770935,0.1864090859889984,-0.04965396970510483,0.43657928705215454,0.19426357746124268,-0.04419054836034775,Right,0.9932733774185181
13198,227,1,0.5954762697219849,0.1850643754005432,-8.736911638607125e-08,0.5897037386894226,0.13727834820747375,-0.01099434494972229,0.5707182884216309,0.10622234642505646,-0.026162952184677124,0.5407087206840515,0.10367674380540848,-0.03880385681986809,0.517389178276062,0.11364112794399261,-0.0541619211435318,0.5956132411956787,0.11475011706352234,-0.04708125442266464,0.5511174201965332,0.09676838666200638,-0.06413546949625015,0.5187797546386719,0.0954524502158165,-0.07285833358764648,0.49472862482070923,0.0977981835603714,-0.07763820886611938,0.5949870944023132,0.1527688205242157,-0.048781007528305054,0.5431506037712097,0.13916166126728058,-0.06284403055906296,0.5092850923538208,0.13243992626667023,-0.06565675884485245,0.4862459897994995,0.13061118125915527,-0.06935460865497589,0.587374746799469,0.18591316044330597,-0.0492684505879879,0.5373372435569763,0.1691044718027115,-0.05970039591193199,0.5125784873962402,0.15266190469264984,-0.05727863311767578,0.4988265037536621,0.1444447934627533,-0.056465134024620056,0.576849639415741,0.21037670969963074,-0.04980716109275818,0.5400187969207764,0.1900167614221573,-0.058016445487737656,0.5242783427238464,0.17032280564308167,-0.05553685128688812,0.5161135196685791,0.15769623219966888,-0.05383825674653053,Left,0.9972000122070312
13243,228,0,0.3730142116546631,0.2377289980649948,1.6658755441767426e-07,0.39725297689437866,0.1797153502702713,-0.004189774859696627,0.40842482447624207,0.1248021274805069,-0.012201596982777119,0.4128057658672333,0.08136864006519318,-0.021769948303699493,0.4158018231391907,0.043729253113269806,-0.031003054231405258,0.3758564591407776,0.10292170196771622,-0.017375783994793892,0.407199889421463,0.06955766677856445,-0.03673991560935974,0.4345634877681732,0.0688096359372139,-0.048269324004650116,0.4536634385585785,0.07803766429424286,-0.054289620369672775,0.3675556182861328,0.12902817130088806,-0.02450910024344921,0.41726380586624146,0.11025241017341614,-0.04453743249177933,0.4459102749824524,0.1296054571866989,-0.049758508801460266,0.45934394001960754,0.15134736895561218,-0.05128217861056328,0.36772939562797546,0.16243107616901398,-0.03249084949493408,0.4220496118068695,0.15219011902809143,-0.05027726665139198,0.4456818699836731,0.16462969779968262,-0.04798814281821251,0.45593878626823425,0.176893413066864,-0.043612826615571976,0.3745461106300354,0.1964462846517563,-0.04086639732122421,0.4193667769432068,0.18685775995254517,-0.05021250993013382,0.437339186668396,0.18661949038505554,-0.04716558754444122,0.445307195186615,0.18869078159332275,-0.04336877912282944,Right,0.9957557916641235
13243,228,1,0.6020621657371521,0.19161605834960938,-1.3896490713705134e-07,0.5914269685745239,0.14530931413173676,-0.009297137148678303,0.5716273784637451,0.11192095279693604,-0.02273356169462204,0.5437194108963013,0.10455110669136047,-0.03425304964184761,0.5218996405601501,0.11083854734897614,-0.047764670103788376,0.597260057926178,0.10362867265939713,-0.042740561068058014,0.5511652827262878,0.08534933626651764,-0.05949101969599724,0.519035279750824,0.09111519157886505,-0.06712117791175842,0.4961126744747162,0.09914182871580124,-0.07141680270433426,0.5991294384002686,0.13935726881027222,-0.04601220786571503,0.5498530268669128,0.12600690126419067,-0.06154504418373108,0.515568733215332,0.12883159518241882,-0.0647675171494484,0.494129478931427,0.13190563023090363,-0.06846600770950317,0.592079758644104,0.17427918314933777,-0.048497412353754044,0.5433964133262634,0.16151472926139832,-0.06219036504626274,0.5146859288215637,0.1529335230588913,-0.06249623745679855,0.4986191391944885,0.14696162939071655,-0.06319977343082428,0.5807188153266907,0.20306843519210815,-0.050674088299274445,0.5422436594963074,0.18616235256195068,-0.06194688007235527,0.5210059881210327,0.1727449595928192,-0.062042005360126495,0.5083791017532349,0.16176654398441315,-0.06199849396944046,Left,0.9943714141845703
13284,229,0,0.37073084712028503,0.22145846486091614,-5.883715559207303e-08,0.3876018226146698,0.16449517011642456,-0.009547547437250614,0.39459821581840515,0.10973338782787323,-0.01329402532428503,0.3949255049228668,0.07040385156869888,-0.016348352655768394,0.3937666416168213,0.03751659393310547,-0.019391898065805435,0.3866373896598816,0.14148400723934174,-0.011805905029177666,0.4093455672264099,0.15339162945747375,-0.022556092590093613,0.415073037147522,0.14761650562286377,-0.033580537885427475,0.41871732473373413,0.14356990158557892,-0.042063262313604355,0.3824182152748108,0.17582330107688904,-0.013707118108868599,0.41276243329048157,0.18268626928329468,-0.020430825650691986,0.4202496111392975,0.17332160472869873,-0.02645549736917019,0.42421668767929077,0.16780349612236023,-0.03415761888027191,0.38052716851234436,0.20593982934951782,-0.016666492447257042,0.41103896498680115,0.20790119469165802,-0.02534996159374714,0.41573259234428406,0.19773277640342712,-0.026432016864418983,0.4178796410560608,0.1885034441947937,-0.0284343883395195,0.3819352090358734,0.23093965649604797,-0.02071249485015869,0.4106540381908417,0.22743794322013855,-0.026703692972660065,0.41365712881088257,0.21742618083953857,-0.025120381265878677,0.4130643606185913,0.21130451560020447,-0.024955593049526215,Right,0.9382259249687195
13284,229,1,0.6032044291496277,0.19389671087265015,-1.5346253690040612e-07,0.5867324471473694,0.15021297335624695,-0.01131090521812439,0.5647649765014648,0.11838287115097046,-0.026902664452791214,0.5380885601043701,0.10886509716510773,-0.039969753473997116,0.5176478028297424,0.11155978590250015,-0.05431292951107025,0.5950988531112671,0.09925247728824615,-0.048127431422472,0.5519860982894897,0.08061110973358154,-0.06877343356609344,0.5190185904502869,0.08797521889209747,-0.07766743749380112,0.4956096410751343,0.09753859043121338,-0.08207575976848602,0.6000016331672668,0.13369162380695343,-0.05121952295303345,0.5532474517822266,0.11878606677055359,-0.071949802339077,0.5181365013122559,0.1270950436592102,-0.07503665238618851,0.49690911173820496,0.13350734114646912,-0.07709728181362152,0.5939749479293823,0.16864162683486938,-0.05381765589118004,0.5459456443786621,0.1567668616771698,-0.07226337492465973,0.5158940553665161,0.15239949524402618,-0.07179315388202667,0.4993147850036621,0.15043188631534576,-0.07029001414775848,0.58259117603302,0.198611319065094,-0.05615437030792236,0.5418022871017456,0.18076549470424652,-0.07034695893526077,0.5182274580001831,0.16894254088401794,-0.07068638503551483,0.5035437345504761,0.15955312550067902,-0.06979984790086746,Left,0.9908875823020935
13327,230,0,0.35733237862586975,0.21417644619941711,-1.4267168557680066e-09,0.38000738620758057,0.1668376624584198,-0.010342632420361042,0.40018168091773987,0.12293974310159683,-0.019028758630156517,0.40863218903541565,0.08991098403930664,-0.025795157998800278,0.4111749231815338,0.05968690663576126,-0.032007861882448196,0.37782031297683716,0.14727218449115753,-0.030016792938113213,0.41916424036026,0.16387668251991272,-0.046178050339221954,0.42996424436569214,0.16093924641609192,-0.05745726823806763,0.4320633113384247,0.15971949696540833,-0.0641104206442833,0.3706458806991577,0.17954455316066742,-0.03141342103481293,0.4282098114490509,0.1918819695711136,-0.04067615047097206,0.43010586500167847,0.17949582636356354,-0.04079992696642876,0.4234094023704529,0.17259588837623596,-0.04372583329677582,0.3689470887184143,0.20914775133132935,-0.03297656029462814,0.4238186478614807,0.21758726239204407,-0.03910979628562927,0.42217737436294556,0.20132961869239807,-0.032376207411289215,0.4148712456226349,0.1923002153635025,-0.029462303966283798,0.3700593411922455,0.23510506749153137,-0.03601735085248947,0.4146697223186493,0.24074703454971313,-0.03842911869287491,0.41307899355888367,0.22193381190299988,-0.0330410860478878,0.4038122892379761,0.20953339338302612,-0.03039422444999218,Right,0.8969528675079346
13327,230,1,0.6017045378684998,0.19313037395477295,-1.7090953008391807e-07,0.5847674608230591,0.15187671780586243,-0.010122064501047134,0.5641458630561829,0.1206052377820015,-0.02483707293868065,0.5389331579208374,0.11288576573133469,-0.037615787237882614,0.519027054309845,0.11631005257368088,-0.05179716646671295,0.5945053696632385,0.09778740257024765,-0.045269306749105453,0.5503697991371155,0.07929469645023346,-0.06691823154687881,0.517999529838562,0.08788204938173294,-0.07746909558773041,0.49603381752967834,0.0979614332318306,-0.08297431468963623,0.6004219055175781,0.13006921112537384,-0.04955161362886429,0.5538776516914368,0.1161828562617302,-0.07131178677082062,0.5184144973754883,0.12630243599414825,-0.07583585381507874,0.4962179958820343,0.13398922979831696,-0.07850950211286545,0.5955407023429871,0.16494353115558624,-0.053422752767801285,0.5483826994895935,0.15650251507759094,-0.0728195384144783,0.5175864100456238,0.15487518906593323,-0.07329386472702026,0.4997127056121826,0.1540849804878235,-0.07209885120391846,0.5848462581634521,0.19550377130508423,-0.056983064860105515,0.5452348589897156,0.18279090523719788,-0.0713559165596962,0.5220530033111572,0.174179807305336,-0.07168914377689362,0.5074319839477539,0.16664355993270874,-0.0706344023346901,Left,0.9923360347747803
13369,231,0,0.3591212332248688,0.20777098834514618,1.0849780096577888e-07,0.37770193815231323,0.1645437330007553,-0.00787283480167389,0.40171974897384644,0.12938673794269562,-0.01720287650823593,0.4169352352619171,0.10202093422412872,-0.024876154959201813,0.4284781217575073,0.07454261928796768,-0.03194249048829079,0.37908175587654114,0.15475760400295258,-0.032365672290325165,0.4225103259086609,0.16824105381965637,-0.04589369520545006,0.4382147490978241,0.1677025556564331,-0.05282409489154816,0.4465160071849823,0.16906724870204926,-0.05649812892079353,0.37108081579208374,0.19004353880882263,-0.03475980460643768,0.4302131235599518,0.1982416808605194,-0.044038575142621994,0.4377479553222656,0.18783001601696014,-0.041728608310222626,0.43454796075820923,0.1838562786579132,-0.04215294122695923,0.3696921169757843,0.21929128468036652,-0.03652730956673622,0.4258115291595459,0.22480979561805725,-0.04215056449174881,0.4304948151111603,0.2111748456954956,-0.033051177859306335,0.42560192942619324,0.2046061009168625,-0.028160683810710907,0.3716779351234436,0.24319913983345032,-0.03929504007101059,0.4170754849910736,0.24637609720230103,-0.040455155074596405,0.42153024673461914,0.22890794277191162,-0.033143430948257446,0.4155668020248413,0.21644966304302216,-0.02895558625459671,Right,0.9304636716842651
13369,231,1,0.5992055535316467,0.19894728064537048,-2.0612107221040787e-07,0.5810359120368958,0.15707750618457794,-0.010709111578762531,0.561675488948822,0.12384054064750671,-0.0248570516705513,0.5385712385177612,0.11245252937078476,-0.036700621247291565,0.5192447304725647,0.11352609843015671,-0.049747034907341,0.5947481393814087,0.09801104664802551,-0.0458696112036705,0.550277829170227,0.07889825105667114,-0.06764014810323715,0.5177388787269592,0.08850668370723724,-0.07774491608142853,0.49498358368873596,0.09951039403676987,-0.08291853219270706,0.5999257564544678,0.1286626160144806,-0.049603939056396484,0.5522314310073853,0.11543045192956924,-0.0723087266087532,0.5175702571868896,0.12777665257453918,-0.07753345370292664,0.49679237604141235,0.1356646716594696,-0.0805935189127922,0.5946584939956665,0.16227293014526367,-0.05288437381386757,0.5461838245391846,0.15517473220825195,-0.073454350233078,0.5152368545532227,0.15606172382831573,-0.07524056732654572,0.49727410078048706,0.156663715839386,-0.07479579746723175,0.583972156047821,0.19250012934207916,-0.05578990280628204,0.5427656173706055,0.1803586781024933,-0.07107987999916077,0.5186930298805237,0.17363107204437256,-0.07248801738023758,0.5030838847160339,0.16644808650016785,-0.07214681059122086,Left,0.9914078712463379
13414,232,0,0.3545045256614685,0.20910510420799255,1.2181142494682717e-07,0.3718695640563965,0.16475558280944824,-0.009479781612753868,0.40012431144714355,0.13062578439712524,-0.019427092745900154,0.4228082001209259,0.10611617565155029,-0.0269431434571743,0.4418519139289856,0.08370079845190048,-0.03332952782511711,0.38247793912887573,0.1524563580751419,-0.03401811420917511,0.4306054413318634,0.17299865186214447,-0.04965827614068985,0.4414462745189667,0.17434942722320557,-0.056963641196489334,0.44111305475234985,0.17232760787010193,-0.05967610701918602,0.3767488896846771,0.18967854976654053,-0.034659527242183685,0.4376809298992157,0.2024252712726593,-0.045290492475032806,0.44305482506752014,0.1931888312101364,-0.04301965981721878,0.4354887902736664,0.18604367971420288,-0.04234312102198601,0.3766671419143677,0.2211150825023651,-0.0348859503865242,0.4302655756473541,0.22861236333847046,-0.04069039598107338,0.43466082215309143,0.2161080241203308,-0.031960323452949524,0.42747995257377625,0.20686286687850952,-0.02672528848052025,0.3790079355239868,0.24591001868247986,-0.0359550304710865,0.4213583767414093,0.24906045198440552,-0.03639109060168266,0.42701369524002075,0.23537297546863556,-0.028522992506623268,0.42166373133659363,0.22387266159057617,-0.02360144816339016,Right,0.9655699133872986
13414,232,1,0.6042966246604919,0.20639857649803162,-2.550687838720478e-07,0.5777903199195862,0.16634461283683777,-0.009413741528987885,0.5576071739196777,0.13127687573432922,-0.020987752825021744,0.5370674729347229,0.1161465048789978,-0.03092838078737259,0.5186876654624939,0.11464422941207886,-0.04195696488022804,0.593471109867096,0.10041514039039612,-0.03687122464179993,0.5489199161529541,0.08189857006072998,-0.05682205781340599,0.5156028270721436,0.09232420474290848,-0.06726192682981491,0.49285897612571716,0.10393866896629333,-0.07282077521085739,0.600075364112854,0.12804192304611206,-0.04065234959125519,0.5528822541236877,0.11508160829544067,-0.060654230415821075,0.5172272324562073,0.1292637437582016,-0.06603647023439407,0.49609553813934326,0.13944387435913086,-0.0693591833114624,0.5958867073059082,0.1602194458246231,-0.04441601410508156,0.5476966500282288,0.15402454137802124,-0.0630321279168129,0.5157804489135742,0.15735428035259247,-0.06568542867898941,0.49753889441490173,0.16082823276519775,-0.06604725122451782,0.5857354998588562,0.1907753348350525,-0.04794836416840553,0.5454601049423218,0.18002846837043762,-0.0615820474922657,0.5211330652236938,0.1744082272052765,-0.06335854530334473,0.5054731369018555,0.1690053790807724,-0.06346984952688217,Left,0.9918645024299622
13456,233,0,0.35787123441696167,0.2046809047460556,3.9386026884358216e-08,0.3705422282218933,0.15984947979450226,-0.014120380394160748,0.4033590257167816,0.1253238320350647,-0.02620725892484188,0.4280163645744324,0.10433131456375122,-0.03388846293091774,0.44520410895347595,0.08053934574127197,-0.039455026388168335,0.3886283040046692,0.15002524852752686,-0.04860564321279526,0.4470534920692444,0.16953204572200775,-0.06500596553087234,0.44681254029273987,0.16249249875545502,-0.06844639033079147,0.43229377269744873,0.15420827269554138,-0.06704265624284744,0.3821491301059723,0.18907222151756287,-0.045651257038116455,0.4458586573600769,0.20245230197906494,-0.05775822699069977,0.4420352876186371,0.18731796741485596,-0.05169278383255005,0.42477095127105713,0.17848201096057892,-0.04717526212334633,0.3818705677986145,0.2227826565504074,-0.04199054464697838,0.4375961124897003,0.22830303013324738,-0.04628892242908478,0.43317094445228577,0.21248634159564972,-0.03359543904662132,0.4187145233154297,0.2029159516096115,-0.02583485282957554,0.38402408361434937,0.24720987677574158,-0.03934444114565849,0.42798855900764465,0.24547763168811798,-0.037874866276979446,0.42596015334129333,0.23251210153102875,-0.027996569871902466,0.41460663080215454,0.22534343600273132,-0.022074798122048378,Right,0.985081672668457
13456,233,1,0.5999674201011658,0.21953967213630676,-2.754006231953099e-07,0.5662199258804321,0.18234187364578247,-0.00845393817871809,0.5475035309791565,0.14809060096740723,-0.02005750872194767,0.5310988426208496,0.1300233155488968,-0.030541712418198586,0.5149857997894287,0.12478504329919815,-0.04234763979911804,0.5889328122138977,0.10613970458507538,-0.033973317593336105,0.543279230594635,0.09226352721452713,-0.054116684943437576,0.5106003880500793,0.10506908595561981,-0.06631027162075043,0.4892716407775879,0.11867550015449524,-0.07315237075090408,0.597362756729126,0.13200396299362183,-0.03830945864319801,0.5502729415893555,0.11988716572523117,-0.05721306428313255,0.5169291496276855,0.13641397655010223,-0.06293395906686783,0.4987150728702545,0.15054742991924286,-0.06690740585327148,0.5947567820549011,0.16401609778404236,-0.04278954491019249,0.5453998446464539,0.15867489576339722,-0.060088563710451126,0.514182984828949,0.1661933958530426,-0.06226925924420357,0.49761563539505005,0.17433865368366241,-0.06286825239658356,0.5858376622200012,0.1962592452764511,-0.047200221568346024,0.5438331365585327,0.18663257360458374,-0.06008800119161606,0.5189822316169739,0.18435950577259064,-0.06161198019981384,0.5039416551589966,0.18289592862129211,-0.06188295781612396,Left,0.9913055896759033
13499,234,0,0.3547042906284332,0.20352977514266968,1.0243206105542413e-07,0.3682076930999756,0.15707822144031525,-0.013911745510995388,0.4024873673915863,0.12293727695941925,-0.025110630318522453,0.42860981822013855,0.10499466210603714,-0.031156105920672417,0.4454799294471741,0.08175390958786011,-0.034947507083415985,0.38908651471138,0.15160465240478516,-0.04891523718833923,0.44458332657814026,0.16970136761665344,-0.06188549846410751,0.4526340663433075,0.15602147579193115,-0.06170085072517395,0.4446469247341156,0.1446235477924347,-0.05769752711057663,0.3839247226715088,0.19242265820503235,-0.044634900987148285,0.4456202983856201,0.20161345601081848,-0.05549934133887291,0.4505203068256378,0.18059228360652924,-0.047778721898794174,0.4396824240684509,0.1689736396074295,-0.04082722216844559,0.3834957182407379,0.22472038865089417,-0.03913331776857376,0.43814003467559814,0.22649723291397095,-0.042774759232997894,0.44097840785980225,0.20471793413162231,-0.029620623216032982,0.43164244294166565,0.19158613681793213,-0.02018607035279274,0.3849250078201294,0.24731363356113434,-0.034451890736818314,0.42998188734054565,0.24461543560028076,-0.032846707850694656,0.43411460518836975,0.22882239520549774,-0.023112861439585686,0.4272506535053253,0.21981577575206757,-0.016296550631523132,Right,0.9965679049491882
13499,234,1,0.6013054251670837,0.22122856974601746,-2.517811878988141e-07,0.5700523257255554,0.179184228181839,-0.008632833138108253,0.5507846474647522,0.14446832239627838,-0.020977510139346123,0.5311554074287415,0.1311025619506836,-0.03230106458067894,0.512023389339447,0.13350434601306915,-0.04525534063577652,0.588134765625,0.1071884036064148,-0.0345824733376503,0.5413369536399841,0.09819326549768448,-0.05551055073738098,0.5076737403869629,0.11080611497163773,-0.0680178701877594,0.4847996234893799,0.12289942055940628,-0.07515221834182739,0.5969309210777283,0.13506045937538147,-0.03946051001548767,0.5481768846511841,0.12719270586967468,-0.0598064586520195,0.5141537189483643,0.14489620923995972,-0.06609082221984863,0.49399006366729736,0.15888799726963043,-0.07030270993709564,0.5944371819496155,0.1684465855360031,-0.04450467601418495,0.5440938472747803,0.16636589169502258,-0.06322269141674042,0.5128198862075806,0.17512528598308563,-0.06560549885034561,0.49490681290626526,0.18240463733673096,-0.06601274013519287,0.5852049589157104,0.2010190784931183,-0.049401603639125824,0.5433207154273987,0.19372789561748505,-0.06214894354343414,0.5206002593040466,0.1922476589679718,-0.06324318051338196,0.5060718059539795,0.18970218300819397,-0.06336183845996857,Left,0.9935733675956726
13542,235,0,0.3534856140613556,0.20701637864112854,4.171899092852982e-08,0.36619678139686584,0.15867863595485687,-0.011625468730926514,0.39968860149383545,0.12635594606399536,-0.021733365952968597,0.42804649472236633,0.112518809735775,-0.02729259431362152,0.4525781571865082,0.10597546398639679,-0.030530793592333794,0.390864759683609,0.15251383185386658,-0.04699213057756424,0.44593679904937744,0.17180295288562775,-0.05926089733839035,0.451943963766098,0.15904031693935394,-0.05810447037220001,0.4431772232055664,0.14882966876029968,-0.05353711545467377,0.38635504245758057,0.19291076064109802,-0.04343622922897339,0.446410208940506,0.2009691745042801,-0.05320100113749504,0.44825834035873413,0.1808699667453766,-0.044621191918849945,0.4352722465991974,0.17039676010608673,-0.0370534211397171,0.38599321246147156,0.22392576932907104,-0.03853632137179375,0.4390835464000702,0.22531560063362122,-0.04155603051185608,0.4386018216609955,0.2052510380744934,-0.02825971692800522,0.42759841680526733,0.19364240765571594,-0.01874731108546257,0.3874499797821045,0.24609674513339996,-0.03430081903934479,0.4315858483314514,0.2457047402858734,-0.03371690958738327,0.43268364667892456,0.23058092594146729,-0.024766458198428154,0.42297473549842834,0.22155898809432983,-0.01815118081867695,Right,0.9949820041656494
13542,235,1,0.5995240211486816,0.2234167903661728,-2.416389861537027e-07,0.5665916800498962,0.18197062611579895,-0.00858654361218214,0.5476838946342468,0.14795339107513428,-0.02105654776096344,0.5307188630104065,0.13495555520057678,-0.03245207294821739,0.5145397186279297,0.13761885464191437,-0.04548070579767227,0.5846027135848999,0.10772489756345749,-0.03665417805314064,0.5380276441574097,0.09987741708755493,-0.05791032314300537,0.5055005550384521,0.11318811774253845,-0.06988132745027542,0.48284608125686646,0.12645332515239716,-0.07650338858366013,0.5942922234535217,0.13502085208892822,-0.041978705674409866,0.5452118515968323,0.12845198810100555,-0.06367947161197662,0.5118234157562256,0.14657653868198395,-0.07043471932411194,0.4913554787635803,0.16086407005786896,-0.07451758533716202,0.5929104089736938,0.16901493072509766,-0.047221530228853226,0.5412055850028992,0.16738881170749664,-0.06734772026538849,0.5108835697174072,0.17702150344848633,-0.06991088390350342,0.4937174320220947,0.18484702706336975,-0.0698385015130043,0.5846610069274902,0.20335088670253754,-0.052181344479322433,0.5415442585945129,0.1950572431087494,-0.06617463380098343,0.5180007219314575,0.19304826855659485,-0.06734523922204971,0.5030919909477234,0.19051270186901093,-0.06699764728546143,Left,0.9938514828681946
13586,236,0,0.35737279057502747,0.20453844964504242,3.531363645947749e-08,0.3702838122844696,0.15596836805343628,-0.011597095057368279,0.40595743060112,0.12667444348335266,-0.021500254049897194,0.4363543391227722,0.11990922689437866,-0.02652239054441452,0.46012526750564575,0.11993511766195297,-0.028977934271097183,0.393208771944046,0.15362605452537537,-0.04940960928797722,0.447802871465683,0.1705784648656845,-0.05996749550104141,0.449996680021286,0.15812000632286072,-0.05633106827735901,0.43831712007522583,0.14970166981220245,-0.05038604140281677,0.3877826929092407,0.19359123706817627,-0.0459081195294857,0.44807180762290955,0.2002926617860794,-0.055640678852796555,0.4468364715576172,0.18048156797885895,-0.04625054821372032,0.4316405653953552,0.1723610758781433,-0.038273412734270096,0.3872462511062622,0.2244671881198883,-0.040713563561439514,0.44075849652290344,0.22515931725502014,-0.043516892939805984,0.43800607323646545,0.20570030808448792,-0.029873760417103767,0.4250364899635315,0.19636981189250946,-0.020480496808886528,0.38892441987991333,0.24670252203941345,-0.03609733283519745,0.43269747495651245,0.2448863983154297,-0.034322697669267654,0.4311390519142151,0.23064002394676208,-0.024692080914974213,0.41878223419189453,0.2244141548871994,-0.018183602020144463,Right,0.9967751502990723
13586,236,1,0.595623254776001,0.22794756293296814,-2.403149892415968e-07,0.5634146928787231,0.18619687855243683,-0.008380850777029991,0.5467230081558228,0.1510208249092102,-0.020364444702863693,0.5310842990875244,0.1368412971496582,-0.03135036677122116,0.5154435038566589,0.13917341828346252,-0.04382099583745003,0.5850394368171692,0.11229772120714188,-0.03396313637495041,0.5396907329559326,0.10300908237695694,-0.054741352796554565,0.5062298774719238,0.1156339943408966,-0.06701358407735825,0.4829555153846741,0.12857969105243683,-0.07391473650932312,0.5943713784217834,0.1388230323791504,-0.039062775671482086,0.5465309023857117,0.12945733964443207,-0.059919893741607666,0.5128348469734192,0.14683516323566437,-0.06668748706579208,0.49212750792503357,0.16132082045078278,-0.07084207981824875,0.5921313166618347,0.17195162177085876,-0.04427013173699379,0.5409387350082397,0.16795343160629272,-0.0635765790939331,0.5105278491973877,0.17697636783123016,-0.06613712012767792,0.4932815134525299,0.18467068672180176,-0.06616849452257156,0.5826640129089355,0.20522445440292358,-0.0492803156375885,0.5403292179107666,0.19513237476348877,-0.06252960860729218,0.5175437331199646,0.1929885596036911,-0.06375030428171158,0.5031914114952087,0.19047938287258148,-0.06361300498247147,Left,0.993010401725769
13628,237,0,0.360917866230011,0.20759986340999603,5.8952355885821817e-08,0.37305137515068054,0.15353813767433167,-0.013283103704452515,0.4131627380847931,0.12798801064491272,-0.02308226004242897,0.44863444566726685,0.1309211552143097,-0.02728312648832798,0.4733142852783203,0.13793456554412842,-0.02946626767516136,0.3988421559333801,0.15876047313213348,-0.04968390613794327,0.4500863552093506,0.17578162252902985,-0.05956476181745529,0.45691171288490295,0.161543071269989,-0.05702304095029831,0.4510781168937683,0.15055504441261292,-0.052379485219717026,0.3949597179889679,0.199192613363266,-0.04495704919099808,0.4518304765224457,0.2054816484451294,-0.052628956735134125,0.45436522364616394,0.1850864291191101,-0.04372461140155792,0.4423793852329254,0.1753992736339569,-0.03654911369085312,0.39460742473602295,0.2295410931110382,-0.03856029361486435,0.44540640711784363,0.22890451550483704,-0.039804186671972275,0.44753721356391907,0.20922023057937622,-0.027131086215376854,0.4375093877315521,0.19876611232757568,-0.018742697313427925,0.39616858959198,0.2506379783153534,-0.03290887922048569,0.4374483823776245,0.24765002727508545,-0.031166741624474525,0.44034847617149353,0.23223601281642914,-0.02257547900080681,0.43185195326805115,0.22398552298545837,-0.01673641987144947,Right,0.9962575435638428
13628,237,1,0.5993692278862,0.23071610927581787,-2.471601021625247e-07,0.5590673089027405,0.1933286190032959,-0.010205662809312344,0.5397937297821045,0.15967662632465363,-0.023216022178530693,0.5221049189567566,0.14603886008262634,-0.03491614758968353,0.5033466219902039,0.14527343213558197,-0.048199981451034546,0.5848410725593567,0.11375772953033447,-0.035122230648994446,0.5375850200653076,0.10665196180343628,-0.056576527655124664,0.5043204426765442,0.1184631958603859,-0.06994025409221649,0.4802941679954529,0.1307535618543625,-0.07761407643556595,0.5949993133544922,0.13999800384044647,-0.03973975405097008,0.5464143753051758,0.13106192648410797,-0.06147235259413719,0.5126215219497681,0.14920483529567719,-0.06962472200393677,0.49128058552742004,0.16377834975719452,-0.07459162175655365,0.5935422778129578,0.1729789823293686,-0.04448637366294861,0.542360246181488,0.17136409878730774,-0.06427275389432907,0.51172935962677,0.1805323362350464,-0.0676414966583252,0.493483304977417,0.18762609362602234,-0.0682867169380188,0.5846021175384521,0.20672926306724548,-0.04920851066708565,0.543329656124115,0.19926807284355164,-0.06253410130739212,0.5217332243919373,0.19708749651908875,-0.06390826404094696,0.5083635449409485,0.19369322061538696,-0.06395553052425385,Left,0.9971969723701477
13670,238,0,0.35938262939453125,0.20811495184898376,-5.631556732055287e-08,0.37263223528862,0.1535797268152237,-0.012774166651070118,0.4126199781894684,0.12937702238559723,-0.022001666948199272,0.44758760929107666,0.13279473781585693,-0.02649754285812378,0.4724484086036682,0.13928653299808502,-0.02841438353061676,0.3998347520828247,0.16097287833690643,-0.046355899423360825,0.4553895592689514,0.17530471086502075,-0.05728335306048393,0.4517778754234314,0.1608363837003708,-0.05490419641137123,0.43630650639533997,0.1519801914691925,-0.04997583106160164,0.3950806260108948,0.20076236128807068,-0.04238148778676987,0.4543183147907257,0.2049633115530014,-0.050799429416656494,0.4505077600479126,0.18456541001796722,-0.04278980940580368,0.4337116777896881,0.17779317498207092,-0.0362517386674881,0.39443647861480713,0.23071514070034027,-0.03717566654086113,0.44742685556411743,0.22858694195747375,-0.03952683135867119,0.4429781436920166,0.20998385548591614,-0.027523476630449295,0.42820441722869873,0.20418143272399902,-0.019651779904961586,0.3962330222129822,0.25145354866981506,-0.03272468224167824,0.43871113657951355,0.2476092278957367,-0.031354039907455444,0.4358268976211548,0.23323260247707367,-0.022774791345000267,0.4221879541873932,0.22958125174045563,-0.017209356650710106,Right,0.9964817762374878
13670,238,1,0.5981220006942749,0.23270973563194275,-2.3986402197806456e-07,0.5596871376037598,0.1939438134431839,-0.008931994438171387,0.5419086813926697,0.16061529517173767,-0.021985787898302078,0.5263255834579468,0.14603522419929504,-0.033730581402778625,0.5110361576080322,0.14482134580612183,-0.04698464274406433,0.5866439938545227,0.11465809494256973,-0.03558778017759323,0.5393143892288208,0.10741409659385681,-0.057126160711050034,0.5046845078468323,0.11813943833112717,-0.07075527310371399,0.4786328673362732,0.1304304152727127,-0.07861515879631042,0.5960254073143005,0.14150457084178925,-0.04072757065296173,0.548216700553894,0.1311042308807373,-0.06235572695732117,0.5148758292198181,0.14763590693473816,-0.07049524784088135,0.4931012690067291,0.16181671619415283,-0.07567811757326126,0.5937077403068542,0.17506523430347443,-0.04578201845288277,0.5432602763175964,0.17079724371433258,-0.06553085893392563,0.5123794078826904,0.17786046862602234,-0.06899470835924149,0.4932518005371094,0.1837955117225647,-0.06985530257225037,0.5837271213531494,0.20903447270393372,-0.050614286214113235,0.5421764850616455,0.19936153292655945,-0.06398683786392212,0.5190074443817139,0.19551639258861542,-0.06555311381816864,0.5035247206687927,0.19053737819194794,-0.06588439643383026,Left,0.996090292930603
13712,239,0,0.36021098494529724,0.20853567123413086,-7.887731356959193e-08,0.3744315207004547,0.1542404294013977,-0.01225410308688879,0.41287460923194885,0.13108861446380615,-0.02120630070567131,0.4466627240180969,0.1356024146080017,-0.025772349908947945,0.47022297978401184,0.1449410617351532,-0.02769540250301361,0.40094149112701416,0.1622130572795868,-0.04422707483172417,0.4563411474227905,0.175261452794075,-0.055544059723615646,0.4512806832790375,0.1611594557762146,-0.053831543773412704,0.4350505471229553,0.1525663584470749,-0.049489136785268784,0.39732030034065247,0.2016054391860962,-0.04057778790593147,0.4552971124649048,0.2048139125108719,-0.04955253005027771,0.44963309168815613,0.18560975790023804,-0.042200349271297455,0.4323008954524994,0.17918387055397034,-0.03603796660900116,0.3972499966621399,0.23118869960308075,-0.035838425159454346,0.44897377490997314,0.22821718454360962,-0.03897508606314659,0.44241613149642944,0.21140924096107483,-0.027181308716535568,0.42642131447792053,0.20708319544792175,-0.01925031840801239,0.3990090489387512,0.25196605920791626,-0.031871769577264786,0.43984097242355347,0.2484886199235916,-0.031487882137298584,0.4357522428035736,0.23488834500312805,-0.023362236097455025,0.4214663505554199,0.23182183504104614,-0.017903655767440796,Right,0.9962139129638672
13712,239,1,0.5989121794700623,0.2342318594455719,-2.569042578670633e-07,0.5603780150413513,0.19551430642604828,-0.00829990766942501,0.5429291129112244,0.16213218867778778,-0.02068786695599556,0.5286220908164978,0.1479640007019043,-0.03205670043826103,0.5138305425643921,0.14831139147281647,-0.044918615370988846,0.5871245861053467,0.11749118566513062,-0.03442228585481644,0.5400322079658508,0.10754279792308807,-0.05552833899855614,0.5057749152183533,0.11993183195590973,-0.06805454194545746,0.4806329011917114,0.1338765174150467,-0.07489271461963654,0.5964599251747131,0.14372482895851135,-0.039711710065603256,0.5477924346923828,0.1322368085384369,-0.061325859278440475,0.5135588645935059,0.15067896246910095,-0.06861679255962372,0.49194347858428955,0.1669604480266571,-0.0726524367928505,0.5938419103622437,0.176407128572464,-0.04497406259179115,0.5421947240829468,0.17215755581855774,-0.0644349604845047,0.5111684799194336,0.18117928504943848,-0.06744009256362915,0.49277177453041077,0.18880335986614227,-0.06761094182729721,0.5836852192878723,0.20953240990638733,-0.050022561103105545,0.5416414737701416,0.20016132295131683,-0.06306567788124084,0.518352210521698,0.19730126857757568,-0.06437969207763672,0.5032172799110413,0.19365382194519043,-0.06423822790384293,Left,0.9965963363647461
13753,240,0,0.3619037866592407,0.2078181505203247,-8.085937963642209e-08,0.3763805627822876,0.1548074185848236,-0.012358509004116058,0.4138557016849518,0.13361269235610962,-0.02151493914425373,0.4478470981121063,0.13906055688858032,-0.026384077966213226,0.4720045030117035,0.14713028073310852,-0.02860834263265133,0.40253734588623047,0.16404390335083008,-0.0438227541744709,0.4585060477256775,0.1763823926448822,-0.05527893453836441,0.4534701108932495,0.1633906364440918,-0.05363783612847328,0.437125563621521,0.1554804891347885,-0.049271728843450546,0.3987809419631958,0.20249208807945251,-0.040214285254478455,0.4569392204284668,0.20572903752326965,-0.04917158931493759,0.451333224773407,0.1876755803823471,-0.04177592322230339,0.4342508018016815,0.1814819872379303,-0.035637468099594116,0.3982897698879242,0.2313583493232727,-0.035626061260700226,0.4504794776439667,0.2290492057800293,-0.03899335861206055,0.4435296952724457,0.21292121708393097,-0.027011871337890625,0.4275953471660614,0.20871400833129883,-0.01893061213195324,0.39962291717529297,0.2520870268344879,-0.0318482480943203,0.44037479162216187,0.24926871061325073,-0.031887348741292953,0.4364831745624542,0.2362707257270813,-0.023885352537035942,0.4227198660373688,0.23327448964118958,-0.018459750339388847,Right,0.9954367876052856
13753,240,1,0.5968340635299683,0.23551547527313232,-2.4240247853413166e-07,0.5615237951278687,0.1941528022289276,-0.007560764439404011,0.5440552830696106,0.15988069772720337,-0.020112302154302597,0.5286216735839844,0.14708401262760162,-0.032014332711696625,0.5134048461914062,0.15041768550872803,-0.04537289962172508,0.5858483910560608,0.11681324243545532,-0.03365984559059143,0.5389940738677979,0.10837826132774353,-0.05526267737150192,0.5059583783149719,0.12181374430656433,-0.06790073961019516,0.4832841455936432,0.13554538786411285,-0.0747767761349678,0.5951003432273865,0.1447320133447647,-0.0399758443236351,0.5477492809295654,0.1320996880531311,-0.06189284846186638,0.5148078799247742,0.15121503174304962,-0.0683751180768013,0.49476855993270874,0.1684936136007309,-0.07161708921194077,0.592631459236145,0.17890796065330505,-0.04644856974482536,0.5420719385147095,0.1727561056613922,-0.06657347083091736,0.5115986466407776,0.18264977633953094,-0.06898605078458786,0.49425357580184937,0.191520094871521,-0.06840766966342926,0.582615852355957,0.2131248116493225,-0.05266072601079941,0.5405016541481018,0.20147031545639038,-0.06611249595880508,0.5163037180900574,0.1984529346227646,-0.06713470071554184,0.50059974193573,0.1958490014076233,-0.06662759929895401,Left,0.9961873888969421
13796,241,0,0.36424046754837036,0.21260617673397064,-5.9510870897838686e-08,0.3771529793739319,0.1601167917251587,-0.009611240588128567,0.41506388783454895,0.1365484893321991,-0.016881676390767097,0.44884032011032104,0.13944947719573975,-0.020336097106337547,0.47299426794052124,0.14191710948944092,-0.021486036479473114,0.404217928647995,0.16152213513851166,-0.0399518720805645,0.46052125096321106,0.17384393513202667,-0.04996394366025925,0.4612066447734833,0.1658545732498169,-0.04773940145969391,0.44863736629486084,0.16025422513484955,-0.04304616525769234,0.40161532163619995,0.20060592889785767,-0.03740139305591583,0.46003106236457825,0.20413009822368622,-0.04559430480003357,0.45657065510749817,0.19005706906318665,-0.038554828613996506,0.4400842785835266,0.18460753560066223,-0.03243814781308174,0.40232935547828674,0.23082195222377777,-0.033679936081171036,0.45446571707725525,0.2283553183078766,-0.03660398721694946,0.44872623682022095,0.215531125664711,-0.025653421878814697,0.4334147572517395,0.21222129464149475,-0.018104812130331993,0.40494707226753235,0.25289469957351685,-0.03051847591996193,0.4448949098587036,0.24791018664836884,-0.030917396768927574,0.44129669666290283,0.23768171668052673,-0.02390192821621895,0.42803722620010376,0.2363845407962799,-0.01897788606584072,Right,0.9952309727668762
13796,241,1,0.5965328216552734,0.23277616500854492,-2.533313647745672e-07,0.5659197568893433,0.18979011476039886,-0.008200912736356258,0.5463456511497498,0.15563739836215973,-0.02090860903263092,0.5255503058433533,0.14255020022392273,-0.03259071335196495,0.5059138536453247,0.14181309938430786,-0.04534411430358887,0.5870981812477112,0.11814895272254944,-0.035809777677059174,0.5426149368286133,0.10626555979251862,-0.0564737543463707,0.5099204182624817,0.12055343389511108,-0.06712081283330917,0.4887111783027649,0.13510359823703766,-0.07284065335988998,0.5965940356254578,0.14698216319084167,-0.041351526975631714,0.5497633218765259,0.13514374196529388,-0.06278447061777115,0.5159030556678772,0.15425704419612885,-0.06826500594615936,0.4971020519733429,0.16971610486507416,-0.0712379515171051,0.5938565731048584,0.18130642175674438,-0.04691605642437935,0.5421409606933594,0.17696310579776764,-0.067038893699646,0.5101248621940613,0.186726912856102,-0.06943747401237488,0.49257612228393555,0.1946675330400467,-0.06932331621646881,0.5836353898048401,0.21440652012825012,-0.05210195854306221,0.540162980556488,0.2055828869342804,-0.06645554304122925,0.5147679448127747,0.2030741572380066,-0.06829670816659927,0.49856966733932495,0.19972991943359375,-0.06855326890945435,Left,0.9954290390014648
13838,242,0,0.3668854534626007,0.21218159794807434,-1.4079917676212972e-08,0.37928491830825806,0.1603691279888153,-0.009708529338240623,0.4172656536102295,0.1354965716600418,-0.017207322642207146,0.44989433884620667,0.13726884126663208,-0.020984986796975136,0.4726170599460602,0.14138510823249817,-0.022601844742894173,0.4045912027359009,0.16119298338890076,-0.03884328529238701,0.4603566825389862,0.17219175398349762,-0.0504477359354496,0.46494463086128235,0.16402658820152283,-0.05054248496890068,0.4558914601802826,0.15740571916103363,-0.04726383090019226,0.4028201997280121,0.20042632520198822,-0.03669038787484169,0.46269717812538147,0.20334477722644806,-0.04708457738161087,0.458743155002594,0.18782854080200195,-0.04112674295902252,0.44158118963241577,0.18142437934875488,-0.03493313863873482,0.4045509099960327,0.2310163527727127,-0.033531613647937775,0.45744654536247253,0.2279031127691269,-0.037536077201366425,0.45126083493232727,0.2129722386598587,-0.02654181234538555,0.4361061453819275,0.20874369144439697,-0.018361659720540047,0.4081099331378937,0.2536781430244446,-0.03104564920067787,0.4491405189037323,0.24751223623752594,-0.030933139845728874,0.4446379840373993,0.23552489280700684,-0.023058081045746803,0.4311814308166504,0.23369185626506805,-0.017387351021170616,Right,0.9912034869194031
13838,242,1,0.5950061082839966,0.23191604018211365,-2.715113112117251e-07,0.5655273199081421,0.19017471373081207,-0.009067666716873646,0.5461302995681763,0.15548692643642426,-0.02188592031598091,0.525092363357544,0.14047668874263763,-0.033530447632074356,0.5042019486427307,0.1368793100118637,-0.04628846049308777,0.5880807638168335,0.11924517154693604,-0.03631360083818436,0.5446964502334595,0.10508111119270325,-0.057991884648799896,0.5123543739318848,0.11768968403339386,-0.0695626363158226,0.4897504448890686,0.13076931238174438,-0.07575434446334839,0.5970181822776794,0.14808379113674164,-0.04141182824969292,0.5495396852493286,0.13763099908828735,-0.06350399553775787,0.5153706073760986,0.15748342871665955,-0.06927826255559921,0.4959586262702942,0.1718367636203766,-0.07245994359254837,0.5940119028091431,0.18197716772556305,-0.04671440273523331,0.5428524613380432,0.17915183305740356,-0.06741776317358017,0.511469841003418,0.18935561180114746,-0.06946460902690887,0.49380913376808167,0.19657158851623535,-0.06896374374628067,0.5838205814361572,0.214461088180542,-0.05170253664255142,0.540793776512146,0.20573113858699799,-0.0658569261431694,0.5171721577644348,0.20444558560848236,-0.0668434277176857,0.5023599863052368,0.2013879418373108,-0.06643664091825485,Left,0.9961228966712952
13880,243,0,0.3699008524417877,0.2125045657157898,-7.965185844227562e-09,0.381849080324173,0.16184809803962708,-0.008949551731348038,0.4187738001346588,0.1353793889284134,-0.016546348109841347,0.4509968161582947,0.1362352967262268,-0.020675860345363617,0.4724085032939911,0.14194843173027039,-0.022620199248194695,0.406343936920166,0.1594252586364746,-0.03850511088967323,0.46236690878868103,0.17127367854118347,-0.050096072256565094,0.4670982360839844,0.1631244570016861,-0.05008284002542496,0.45835208892822266,0.1559169888496399,-0.04685389995574951,0.4040045142173767,0.19873452186584473,-0.036894429475069046,0.46394574642181396,0.20276033878326416,-0.046882398426532745,0.460203617811203,0.1874106079339981,-0.040516067296266556,0.44390299916267395,0.1809486448764801,-0.03432735055685043,0.40548211336135864,0.22972966730594635,-0.03427323326468468,0.4586017429828644,0.22750970721244812,-0.03792253136634827,0.4525097906589508,0.21252033114433289,-0.026666322723031044,0.43755218386650085,0.20813333988189697,-0.018551046028733253,0.4090462625026703,0.25311094522476196,-0.032319389283657074,0.45067623257637024,0.24739232659339905,-0.03230000659823418,0.4468448758125305,0.2353307455778122,-0.024648278951644897,0.43383386731147766,0.23326703906059265,-0.019230542704463005,Right,0.9914293885231018
13880,243,1,0.595638632774353,0.23051798343658447,-2.699318599752587e-07,0.5702168941497803,0.18682289123535156,-0.007006729021668434,0.5538827776908875,0.15172091126441956,-0.018470747396349907,0.5363391637802124,0.13527794182300568,-0.02907276526093483,0.5171065330505371,0.1313323825597763,-0.040808483958244324,0.5921763777732849,0.12167900800704956,-0.03521382436156273,0.5519898533821106,0.1018887609243393,-0.05441359058022499,0.520308792591095,0.11142538487911224,-0.06372267007827759,0.4974835515022278,0.12433826923370361,-0.0686424970626831,0.5995773077011108,0.15014348924160004,-0.040443453937768936,0.5520817041397095,0.1397172510623932,-0.060006532818078995,0.5194547772407532,0.15742714703083038,-0.06451524794101715,0.5003286600112915,0.17027956247329712,-0.06738647818565369,0.5953022241592407,0.18295326828956604,-0.045473258942365646,0.5432800054550171,0.18026170134544373,-0.06358026713132858,0.5131738185882568,0.1885594129562378,-0.06518811732530594,0.4953787326812744,0.19477346539497375,-0.06516133248806,0.5842316150665283,0.21401986479759216,-0.050102218985557556,0.541232705116272,0.20588308572769165,-0.0627293810248375,0.5183719992637634,0.20433446764945984,-0.06350456178188324,0.503501296043396,0.20150545239448547,-0.06331388652324677,Left,0.9964331388473511
13922,244,0,0.37285858392715454,0.21310430765151978,-3.546754712147049e-08,0.3841899037361145,0.1621309220790863,-0.00868172012269497,0.4205739498138428,0.13599354028701782,-0.01616530306637287,0.4522189497947693,0.13544961810112,-0.020517714321613312,0.4746667444705963,0.13598409295082092,-0.022467734292149544,0.4087669253349304,0.15656577050685883,-0.03804968297481537,0.4657694697380066,0.1679982841014862,-0.05061670020222664,0.46481403708457947,0.160377636551857,-0.050853531807661057,0.4509948492050171,0.15319418907165527,-0.047470178455114365,0.40637701749801636,0.19558118283748627,-0.036887701600790024,0.46592995524406433,0.19903382658958435,-0.0463314913213253,0.45971593260765076,0.18594121932983398,-0.0396936759352684,0.4421759247779846,0.1810978204011917,-0.03380969166755676,0.4074532985687256,0.22724753618240356,-0.0349341444671154,0.459988534450531,0.224339559674263,-0.03823160380125046,0.4517698884010315,0.21213853359222412,-0.026399655267596245,0.43573272228240967,0.2096305936574936,-0.01829962059855461,0.4106421172618866,0.25161266326904297,-0.03370406851172447,0.4523085355758667,0.24488574266433716,-0.0332162044942379,0.4467600882053375,0.2354300618171692,-0.024833014234900475,0.4324338436126709,0.2357778251171112,-0.019174041226506233,Right,0.9939409494400024
13922,244,1,0.5989722013473511,0.22802938520908356,-2.3965668560776976e-07,0.5774437189102173,0.18500448763370514,-0.005609956569969654,0.562922477722168,0.15084174275398254,-0.015461682341992855,0.5482263565063477,0.13603411614894867,-0.02524029091000557,0.5311145186424255,0.13268178701400757,-0.03625653311610222,0.5925716161727905,0.12277449667453766,-0.03064030222594738,0.5622040033340454,0.0969730094075203,-0.04861781373620033,0.5344004034996033,0.10268628597259521,-0.05754704400897026,0.5138445496559143,0.11362716555595398,-0.062353964895009995,0.6000761985778809,0.15027539432048798,-0.03622289374470711,0.5535334944725037,0.14171646535396576,-0.05478388071060181,0.5209605693817139,0.1554061472415924,-0.06004977598786354,0.5012460350990295,0.16576237976551056,-0.06361450254917145,0.5961633920669556,0.1826307624578476,-0.041692327708005905,0.5450344085693359,0.17878639698028564,-0.05877334997057915,0.5163602828979492,0.18526184558868408,-0.060593899339437485,0.49933159351348877,0.19043788313865662,-0.06076114997267723,0.5856941342353821,0.2134600132703781,-0.04682932049036026,0.5434914827346802,0.20529964566230774,-0.059085410088300705,0.5224589705467224,0.20233260095119476,-0.06002037599682808,0.5093327760696411,0.19852149486541748,-0.05973033979535103,Left,0.9953412413597107
13964,245,0,0.37817874550819397,0.21310679614543915,-2.7043251193958895e-08,0.3889882564544678,0.16495643556118011,-0.008363896980881691,0.4252707064151764,0.13745200634002686,-0.01738901622593403,0.4579890966415405,0.13352306187152863,-0.023639708757400513,0.47691404819488525,0.13182739913463593,-0.02769399620592594,0.4106695353984833,0.14608722925186157,-0.03911518678069115,0.4656471014022827,0.15581189095973969,-0.0526406466960907,0.46402841806411743,0.1543058454990387,-0.053900040686130524,0.44978922605514526,0.14996013045310974,-0.05135898292064667,0.4087689220905304,0.18417979776859283,-0.03947011008858681,0.4669158458709717,0.18840152025222778,-0.04961378127336502,0.4604252278804779,0.18019136786460876,-0.04347579553723335,0.441704124212265,0.17604801058769226,-0.03826592117547989,0.41042372584342957,0.21753355860710144,-0.039076682180166245,0.463334321975708,0.21514323353767395,-0.042685385793447495,0.4558461308479309,0.20673802495002747,-0.031250856816768646,0.43945154547691345,0.2046748548746109,-0.023879526183009148,0.414686381816864,0.24464093148708344,-0.039406903088092804,0.45568549633026123,0.23684778809547424,-0.038431648164987564,0.44907864928245544,0.22958965599536896,-0.029895981773734093,0.4343724250793457,0.2297482192516327,-0.02462112344801426,Right,0.9973575472831726
13964,245,1,0.6008038520812988,0.23223544657230377,-2.478868168509507e-07,0.5855904817581177,0.18922817707061768,-0.001664428855292499,0.575304388999939,0.15532813966274261,-0.009424439631402493,0.5616822838783264,0.1400500386953354,-0.017574431374669075,0.5458378195762634,0.13965775072574615,-0.027050355449318886,0.5968121886253357,0.1346372663974762,-0.027675312012434006,0.5785478353500366,0.09931133687496185,-0.04329836368560791,0.5500940084457397,0.10211259126663208,-0.049308180809020996,0.5281032919883728,0.11200425773859024,-0.052016038447618484,0.6020092368125916,0.15875259041786194,-0.03398151323199272,0.5533653497695923,0.14302220940589905,-0.04949984326958656,0.5199379324913025,0.15549302101135254,-0.05290723964571953,0.5010873079299927,0.16792431473731995,-0.05537103861570358,0.5968886017799377,0.1883227378129959,-0.03972993791103363,0.5441699028015137,0.18051323294639587,-0.05341307818889618,0.5154328942298889,0.1833621859550476,-0.0547657273709774,0.499061644077301,0.18742677569389343,-0.05522416532039642,0.5861599445343018,0.21600085496902466,-0.0447850339114666,0.5446897745132446,0.20516327023506165,-0.05467955395579338,0.5254700779914856,0.20023196935653687,-0.05552990362048149,0.5144559741020203,0.1963413953781128,-0.05558942258358002,Left,0.9904255867004395
14005,246,0,0.38094261288642883,0.21015296876430511,3.6782310530725226e-08,0.3909445106983185,0.16396141052246094,-0.0069298823364079,0.4253676235675812,0.13451485335826874,-0.017268287017941475,0.45741426944732666,0.12907078862190247,-0.025056956335902214,0.4786863923072815,0.12967374920845032,-0.03104480542242527,0.409454345703125,0.14691409468650818,-0.042274657636880875,0.4641740620136261,0.1533750593662262,-0.057172808796167374,0.46981436014175415,0.15409332513809204,-0.060050349682569504,0.4598218500614166,0.15062668919563293,-0.05879557877779007,0.40779900550842285,0.18272878229618073,-0.044027239084243774,0.46839481592178345,0.18731699883937836,-0.056548696011304855,0.46391355991363525,0.18260464072227478,-0.05066367983818054,0.44482293725013733,0.1776508241891861,-0.045647263526916504,0.4107239842414856,0.21531632542610168,-0.04459455981850624,0.46622923016548157,0.214938685297966,-0.04888269305229187,0.4594947397708893,0.20754888653755188,-0.036372628062963486,0.4426651895046234,0.201920285820961,-0.028502732515335083,0.41578713059425354,0.24314364790916443,-0.0458202101290226,0.4580426514148712,0.23808789253234863,-0.04416471719741821,0.4516953229904175,0.23020491003990173,-0.03445133939385414,0.4364932179450989,0.22582170367240906,-0.028556492179632187,Right,0.9831021428108215
14005,246,1,0.5990334749221802,0.23322662711143494,-2.610407818792737e-07,0.5811565518379211,0.1823728382587433,-0.0027161259204149246,0.5682529211044312,0.14497357606887817,-0.010418672114610672,0.5522611141204834,0.13214148581027985,-0.018728770315647125,0.5351456999778748,0.13457977771759033,-0.028325561434030533,0.5966253280639648,0.12995769083499908,-0.025004349648952484,0.5814612507820129,0.10269783437252045,-0.04093416780233383,0.5530965328216553,0.11345796287059784,-0.04805517569184303,0.5334259271621704,0.12778513133525848,-0.05157854035496712,0.6016358733177185,0.1574939340353012,-0.030724169686436653,0.5523292422294617,0.14757932722568512,-0.04531412571668625,0.5179850459098816,0.16060172021389008,-0.04942307248711586,0.49828869104385376,0.17198234796524048,-0.052866701036691666,0.5968629717826843,0.18953876197338104,-0.036310356110334396,0.5445317029953003,0.18233682215213776,-0.04929051920771599,0.5174471735954285,0.1846754103899002,-0.05061313882470131,0.5024189949035645,0.18834955990314484,-0.051174312829971313,0.5872557163238525,0.21916767954826355,-0.041352156549692154,0.5456519722938538,0.20723238587379456,-0.05088645964860916,0.5265008211135864,0.20049214363098145,-0.05154057592153549,0.5159998536109924,0.19614818692207336,-0.05130958557128906,Left,0.9929245710372925
14047,247,0,0.3839249908924103,0.20971134305000305,5.7958313703920794e-08,0.39485886693000793,0.16616329550743103,-0.0067816018126904964,0.4283795654773712,0.13522496819496155,-0.018702086061239243,0.4591159522533417,0.12766210734844208,-0.02801474928855896,0.48058822751045227,0.12725305557250977,-0.035281840711832047,0.40974801778793335,0.1446157544851303,-0.04885876923799515,0.46563246846199036,0.14745351672172546,-0.06499257683753967,0.4715921878814697,0.1539367437362671,-0.06698302924633026,0.46029457449913025,0.1550178825855255,-0.06489286571741104,0.4064176082611084,0.17938558757305145,-0.05119691044092178,0.46860501170158386,0.1825309842824936,-0.06515395641326904,0.46530747413635254,0.18193727731704712,-0.05794002488255501,0.4467768669128418,0.178298220038414,-0.05218946561217308,0.4086838364601135,0.21240878105163574,-0.052007123827934265,0.4667363464832306,0.2111840695142746,-0.057158276438713074,0.4601227939128876,0.20693689584732056,-0.04283583164215088,0.44268858432769775,0.2022595852613449,-0.033858295530080795,0.4137047529220581,0.24126160144805908,-0.05345306172966957,0.4588071405887604,0.23645171523094177,-0.05248774215579033,0.45328351855278015,0.22929081320762634,-0.04220372065901756,0.43766069412231445,0.22468623518943787,-0.035911042243242264,Right,0.9892473220825195
14047,247,1,0.6068761348724365,0.234858900308609,-2.2473508920484164e-07,0.5844139456748962,0.18028122186660767,-0.007804405875504017,0.5696477293968201,0.14492128789424896,-0.018130771815776825,0.5494961142539978,0.13338106870651245,-0.02784143015742302,0.530518651008606,0.14077803492546082,-0.03933471813797951,0.6020196676254272,0.12754961848258972,-0.029553629457950592,0.5604584813117981,0.12216831743717194,-0.0439484603703022,0.5366012454032898,0.13256962597370148,-0.05033494159579277,0.5238139033317566,0.13979867100715637,-0.053783345967531204,0.6065880656242371,0.1632455438375473,-0.03251044824719429,0.5468592047691345,0.16025719046592712,-0.04557393491268158,0.5167465806007385,0.1664770245552063,-0.04910321161150932,0.4985005557537079,0.17181740701198578,-0.05298447608947754,0.6016658544540405,0.19876497983932495,-0.03542470186948776,0.5430639386177063,0.18990154564380646,-0.04913879558444023,0.5150787830352783,0.1854267567396164,-0.0508253388106823,0.49876075983047485,0.18403251469135284,-0.05160273239016533,0.5911571383476257,0.22894391417503357,-0.03811237961053848,0.547500491142273,0.21277661621570587,-0.0493917241692543,0.5265588760375977,0.2002125084400177,-0.051195573061704636,0.5129168033599854,0.19131791591644287,-0.051763858646154404,Left,0.9970349669456482
14088,248,0,0.3871047794818878,0.20947661995887756,3.704252904412897e-08,0.39938515424728394,0.16737763583660126,-0.007471006829291582,0.4322601854801178,0.1365288347005844,-0.02027682214975357,0.46210718154907227,0.12764279544353485,-0.03067309595644474,0.48173782229423523,0.12474110722541809,-0.039214879274368286,0.4106082320213318,0.14460641145706177,-0.049476366490125656,0.4661710858345032,0.14453376829624176,-0.06776458024978638,0.4699060320854187,0.15138861536979675,-0.0722150132060051,0.456755131483078,0.1532590687274933,-0.07176008075475693,0.4075148403644562,0.18026624619960785,-0.05214836820960045,0.46993687748908997,0.17985767126083374,-0.06807885318994522,0.46380558609962463,0.18093259632587433,-0.06197907030582428,0.44331973791122437,0.17929194867610931,-0.05691499263048172,0.4104125201702118,0.21352079510688782,-0.053564343601465225,0.46715185046195984,0.20893508195877075,-0.06003795191645622,0.45917677879333496,0.20564693212509155,-0.04592502489686012,0.44145309925079346,0.20232358574867249,-0.03699971362948418,0.41587960720062256,0.24234071373939514,-0.05575769394636154,0.46084821224212646,0.23439456522464752,-0.05506037175655365,0.454502135515213,0.22752726078033447,-0.044450730085372925,0.4386001229286194,0.22395768761634827,-0.03804176300764084,Right,0.991067111492157
14088,248,1,0.6057586669921875,0.22763165831565857,-1.3709792767713225e-07,0.5909078121185303,0.1819494068622589,-0.007931589148938656,0.5729323625564575,0.1505950391292572,-0.018406052142381668,0.5477971434593201,0.14153800904750824,-0.027899885550141335,0.5281391739845276,0.1458202451467514,-0.039527636021375656,0.6049544811248779,0.14278198778629303,-0.029717236757278442,0.5748550891876221,0.12722992897033691,-0.04418075084686279,0.5472973585128784,0.12746869027614594,-0.05281822383403778,0.5255651473999023,0.12996722757816315,-0.0582907497882843,0.6070007681846619,0.17521512508392334,-0.03283115103840828,0.5560215711593628,0.16457244753837585,-0.04585665091872215,0.5243322253227234,0.1640988439321518,-0.051995113492012024,0.5020679235458374,0.1651855707168579,-0.058055464178323746,0.6001234650611877,0.20693929493427277,-0.03565443307161331,0.5494382977485657,0.19439488649368286,-0.048623885959386826,0.5227143168449402,0.18587902188301086,-0.051519595086574554,0.5054417848587036,0.18106074631214142,-0.05359553173184395,0.5887807011604309,0.2331344187259674,-0.03819423168897629,0.5529578328132629,0.21601061522960663,-0.048691995441913605,0.5387237668037415,0.2046821415424347,-0.04977773129940033,0.530484676361084,0.19616644084453583,-0.05034760385751724,Left,0.9831876754760742
14131,249,0,0.38879916071891785,0.20933221280574799,5.393675550635635e-08,0.40233856439590454,0.16897106170654297,-0.0054441350512206554,0.43405744433403015,0.13800907135009766,-0.018441874533891678,0.4622122049331665,0.12645088136196136,-0.02927282638847828,0.48031672835350037,0.12236829102039337,-0.038230057805776596,0.41188281774520874,0.14338479936122894,-0.05084759369492531,0.46499836444854736,0.14025768637657166,-0.06965849548578262,0.4720876216888428,0.15252308547496796,-0.0744200050830841,0.4610607326030731,0.16004368662834167,-0.0742749348282814,0.40806812047958374,0.17811045050621033,-0.05477388575673103,0.47053539752960205,0.17788921296596527,-0.07120253145694733,0.4667905271053314,0.18312884867191315,-0.06484027951955795,0.44676581025123596,0.18301546573638916,-0.05982449650764465,0.410262793302536,0.21166299283504486,-0.05704368278384209,0.46756279468536377,0.20911672711372375,-0.06378336250782013,0.46127235889434814,0.20858699083328247,-0.048741888254880905,0.44391119480133057,0.20585258305072784,-0.039398957043886185,0.41476795077323914,0.24122624099254608,-0.05989035218954086,0.46130627393722534,0.2355491667985916,-0.05960996821522713,0.45623451471328735,0.22980165481567383,-0.04838341847062111,0.4407103657722473,0.22604092955589294,-0.04155617579817772,Right,0.9944790005683899
14131,249,1,0.6011466383934021,0.20184069871902466,-1.2538019689145585e-07,0.5951465368270874,0.15733814239501953,-0.01351430919021368,0.5791455507278442,0.13211925327777863,-0.027121318504214287,0.5520106554031372,0.1323753148317337,-0.038610391318798065,0.5299562811851501,0.1444142758846283,-0.05291282385587692,0.6055724024772644,0.15736627578735352,-0.037998639047145844,0.5632622241973877,0.1506604254245758,-0.05335845798254013,0.5322620272636414,0.1476733237504959,-0.06396516412496567,0.5086759924888611,0.14757390320301056,-0.07055485993623734,0.606224775314331,0.1937074512243271,-0.03813040256500244,0.5512672066688538,0.1833478957414627,-0.051475346088409424,0.5162897109985352,0.1725645214319229,-0.05973097309470177,0.4909480810165405,0.16922616958618164,-0.06806154549121857,0.5996211767196655,0.2214251607656479,-0.037586431950330734,0.5473045110702515,0.2072039544582367,-0.0494658462703228,0.5203951597213745,0.1879369616508484,-0.05345195159316063,0.5038753151893616,0.1780484914779663,-0.057100795209407806,0.588291585445404,0.23978739976882935,-0.037270478904247284,0.5507131814956665,0.22336363792419434,-0.045827239751815796,0.5340772271156311,0.20395949482917786,-0.04645457863807678,0.524197518825531,0.19107790291309357,-0.0479058139026165,Left,0.9599488973617554
14173,250,0,0.38873979449272156,0.21061719954013824,9.99045681737698e-08,0.404473215341568,0.16995638608932495,-0.005434174090623856,0.4356374740600586,0.1395067423582077,-0.01812160015106201,0.46400517225265503,0.12743166089057922,-0.028742222115397453,0.480109840631485,0.12546250224113464,-0.0374782457947731,0.4113137125968933,0.14211304485797882,-0.047315746545791626,0.4579061269760132,0.13723066449165344,-0.06600576639175415,0.4710150957107544,0.14994226396083832,-0.07186798751354218,0.46495890617370605,0.15961293876171112,-0.07243983447551727,0.4077669680118561,0.17698928713798523,-0.051394831389188766,0.46832650899887085,0.17703497409820557,-0.06823058426380157,0.4686945080757141,0.18321293592453003,-0.06339920312166214,0.44957074522972107,0.18305817246437073,-0.05888109281659126,0.41028037667274475,0.21065258979797363,-0.05391566827893257,0.46585792303085327,0.20923659205436707,-0.06208078935742378,0.46350955963134766,0.20902566611766815,-0.04875090718269348,0.44721588492393494,0.20496654510498047,-0.03968823328614235,0.4148196578025818,0.24120336771011353,-0.05693339183926582,0.4608246982097626,0.23619121313095093,-0.057474732398986816,0.45869067311286926,0.22930681705474854,-0.046640604734420776,0.44491633772850037,0.22317230701446533,-0.039484284818172455,Right,0.9964305758476257
14173,250,1,0.5930829048156738,0.19862422347068787,-1.7223243276021094e-07,0.5884500741958618,0.15802225470542908,-0.016628935933113098,0.5790201425552368,0.13651716709136963,-0.03232235461473465,0.5572253465652466,0.13931718468666077,-0.045907698571681976,0.53703773021698,0.1509765386581421,-0.06236448884010315,0.6028469800949097,0.15534871816635132,-0.04375661909580231,0.5658713579177856,0.14724120497703552,-0.05992797389626503,0.5361348390579224,0.14663340151309967,-0.07014194875955582,0.5127018690109253,0.14882710576057434,-0.07681366801261902,0.5993729829788208,0.18993748724460602,-0.04450099170207977,0.547685980796814,0.1789453625679016,-0.06068451330065727,0.5139832496643066,0.16784203052520752,-0.07164792716503143,0.4900677800178528,0.1596692055463791,-0.08192987740039825,0.5906056761741638,0.21752874553203583,-0.04451918974518776,0.5404422283172607,0.20113472640514374,-0.060177937150001526,0.5136999487876892,0.18477565050125122,-0.06750954687595367,0.49677523970603943,0.17554454505443573,-0.07330869883298874,0.5789458155632019,0.23585069179534912,-0.044914763420820236,0.5428941249847412,0.2163744568824768,-0.057193249464035034,0.524707555770874,0.19882069528102875,-0.059734638780355453,0.513337254524231,0.18589536845684052,-0.06234133616089821,Left,0.9524219632148743
14216,251,0,0.3905450105667114,0.2128099650144577,1.0688238916145565e-07,0.4080856740474701,0.1709074079990387,-0.006287708878517151,0.4387838840484619,0.14042037725448608,-0.01868315413594246,0.46633321046829224,0.12798239290714264,-0.029289457947015762,0.4783419668674469,0.12707853317260742,-0.03803183138370514,0.41134393215179443,0.14141538739204407,-0.04235148802399635,0.4541572332382202,0.13363274931907654,-0.06047850847244263,0.4668058753013611,0.14500530064105988,-0.06714482605457306,0.4628334045410156,0.154999241232872,-0.06875073164701462,0.40805530548095703,0.17605459690093994,-0.04661976918578148,0.46747735142707825,0.17611224949359894,-0.06357190757989883,0.46717479825019836,0.18216614425182343,-0.06022002920508385,0.44908979535102844,0.18222594261169434,-0.056698258966207504,0.41045907139778137,0.2092830091714859,-0.049826931208372116,0.46543920040130615,0.20791253447532654,-0.05884488672018051,0.46228721737861633,0.2088148593902588,-0.04702755808830261,0.4462621808052063,0.205461785197258,-0.03871478512883186,0.4149972200393677,0.24011662602424622,-0.05372082442045212,0.46023598313331604,0.23531962931156158,-0.05434298515319824,0.45683521032333374,0.22989188134670258,-0.043941397219896317,0.44241324067115784,0.22486662864685059,-0.03713471442461014,Right,0.9964914917945862
14216,251,1,0.6041532754898071,0.18754956126213074,-1.9311947596634127e-07,0.5988345146179199,0.15596900880336761,-0.022295616567134857,0.5845063924789429,0.13834966719150543,-0.04185349866747856,0.558293342590332,0.1400848627090454,-0.05688714608550072,0.5332952737808228,0.1506606489419937,-0.07495804131031036,0.6069029569625854,0.164750874042511,-0.06328080594539642,0.5609223246574402,0.15295995771884918,-0.08187142014503479,0.529833972454071,0.14556095004081726,-0.09056954085826874,0.5059439539909363,0.14188790321350098,-0.09556751698255539,0.602849543094635,0.19884635508060455,-0.06141847372055054,0.5507742762565613,0.18185420334339142,-0.08105529844760895,0.517139196395874,0.16708050668239594,-0.08992457389831543,0.49324601888656616,0.1576215624809265,-0.09765046089887619,0.5935165882110596,0.22304341197013855,-0.0577809140086174,0.5439044833183289,0.20112758874893188,-0.07728656381368637,0.5156216621398926,0.18148158490657806,-0.0830358937382698,0.4975060820579529,0.17228591442108154,-0.08654902130365372,0.5807401537895203,0.23841895163059235,-0.05446796119213104,0.5426865220069885,0.21463006734848022,-0.07126949727535248,0.5211419463157654,0.1949322372674942,-0.07388802617788315,0.5070354342460632,0.18263958394527435,-0.07536090165376663,Left,0.9746906757354736
14260,252,0,0.38851678371429443,0.2154485583305359,7.713776994933141e-08,0.40598541498184204,0.17466765642166138,-0.00598275288939476,0.4372616708278656,0.14364424347877502,-0.018146339803934097,0.46509838104248047,0.12741628289222717,-0.02875130996108055,0.4761319160461426,0.12365913391113281,-0.037551142275333405,0.4124312102794647,0.1414307951927185,-0.0405287928879261,0.45557093620300293,0.130751833319664,-0.05858633294701576,0.46781790256500244,0.14392700791358948,-0.06538207083940506,0.4620491862297058,0.15610000491142273,-0.06701905280351639,0.4097175598144531,0.17536604404449463,-0.04515526816248894,0.4678616523742676,0.17472341656684875,-0.06063484773039818,0.4674335718154907,0.18160921335220337,-0.057142745703458786,0.4490160048007965,0.18247683346271515,-0.054187268018722534,0.41180798411369324,0.20875729620456696,-0.04890301823616028,0.4657471477985382,0.2076646387577057,-0.05752669647336006,0.46214649081230164,0.20910292863845825,-0.04602184146642685,0.4458826780319214,0.2067255824804306,-0.03841546177864075,0.4162845015525818,0.23986831307411194,-0.053294334560632706,0.4608955681324005,0.2346605658531189,-0.05417502298951149,0.45707663893699646,0.2306760549545288,-0.04370241239666939,0.4422827661037445,0.22704029083251953,-0.03694938123226166,Right,0.9967122673988342
14260,252,1,0.5973976254463196,0.18340739607810974,4.851717108067533e-07,0.5922268629074097,0.15634030103683472,-0.03180725872516632,0.5735172033309937,0.14453786611557007,-0.05559998378157616,0.5470273494720459,0.1475902944803238,-0.07176006585359573,0.5223878622055054,0.1522899717092514,-0.08665412664413452,0.6073233485221863,0.16564825177192688,-0.07501853257417679,0.557716965675354,0.16467434167861938,-0.10060331970453262,0.5263705849647522,0.15851926803588867,-0.11157753318548203,0.502399206161499,0.1506040245294571,-0.1175934374332428,0.6047337651252747,0.1998685747385025,-0.06653641909360886,0.5527845621109009,0.192816361784935,-0.09154531359672546,0.5183478593826294,0.18190324306488037,-0.09465465694665909,0.4960119426250458,0.1703321784734726,-0.09649574011564255,0.5949459671974182,0.22540777921676636,-0.05817688629031181,0.5474624633789062,0.21166262030601501,-0.07830338925123215,0.5229484438896179,0.19218069314956665,-0.07832247763872147,0.5086331963539124,0.1754593551158905,-0.0774121955037117,0.5809285044670105,0.24296759068965912,-0.05183182284235954,0.5458579659461975,0.2268093377351761,-0.06707040220499039,0.5307620763778687,0.20505328476428986,-0.06955789029598236,0.5214307308197021,0.18675921857357025,-0.07023250311613083,Left,0.9988595247268677
14302,253,0,0.39020833373069763,0.21526414155960083,5.975763883725449e-08,0.4073203504085541,0.17468906939029694,-0.005891100969165564,0.43813827633857727,0.1430446207523346,-0.01863657310605049,0.46575650572776794,0.12695834040641785,-0.02994120493531227,0.4791644811630249,0.12122881412506104,-0.03932839259505272,0.4133334457874298,0.14039592444896698,-0.04249640926718712,0.4591764807701111,0.13044673204421997,-0.0607522688806057,0.4696248769760132,0.1447882503271103,-0.06668228656053543,0.4617357552051544,0.1567622870206833,-0.06762892007827759,0.40957406163215637,0.17356464266777039,-0.047162123024463654,0.4685399532318115,0.17389042675495148,-0.06285415589809418,0.4664252698421478,0.18229588866233826,-0.058342400938272476,0.4474559724330902,0.18324121832847595,-0.05471249669790268,0.4114895462989807,0.20713980495929718,-0.05090605095028877,0.4673721492290497,0.2072392702102661,-0.05903024971485138,0.46269211173057556,0.20958904922008514,-0.04650804027915001,0.44572651386260986,0.20753350853919983,-0.03851532191038132,0.41597095131874084,0.2385074645280838,-0.055335454642772675,0.46186649799346924,0.23474951088428497,-0.05616024509072304,0.4575387239456177,0.23062758147716522,-0.04595884680747986,0.4425518214702606,0.22652636468410492,-0.03954808786511421,Right,0.9964900016784668
14302,253,1,0.6038315296173096,0.20577175915241241,8.200044021577924e-08,0.601851761341095,0.16796958446502686,-0.027542997151613235,0.5898343920707703,0.14773628115653992,-0.05230830982327461,0.5622730851173401,0.15211088955402374,-0.0718739926815033,0.5408350825309753,0.16396525502204895,-0.09149055182933807,0.6143772006034851,0.1583758145570755,-0.07124972343444824,0.5686171650886536,0.1567770093679428,-0.09877331554889679,0.5356788635253906,0.15461330115795135,-0.11409548670053482,0.5101608037948608,0.15330375730991364,-0.12369436770677567,0.610336422920227,0.19551460444927216,-0.06799448281526566,0.5592243671417236,0.1860232800245285,-0.09443690627813339,0.5253702402114868,0.1720031499862671,-0.09927260130643845,0.5021680593490601,0.16195103526115417,-0.1019752100110054,0.598405659198761,0.2237500250339508,-0.06438232958316803,0.547902524471283,0.20621198415756226,-0.08718381822109222,0.5201925039291382,0.1873241662979126,-0.08381445705890656,0.5028402209281921,0.17301903665065765,-0.07987893372774124,0.5809281468391418,0.2441534698009491,-0.06284049898386002,0.5435108542442322,0.22067715227603912,-0.07816789299249649,0.5266152620315552,0.19911286234855652,-0.07552234083414078,0.5164390206336975,0.1856340765953064,-0.07249047607183456,Left,0.9997180700302124
14345,254,0,0.3910662829875946,0.21590986847877502,5.9172009514441015e-08,0.40914762020111084,0.1750490814447403,-0.005950160790234804,0.43987900018692017,0.1415509581565857,-0.01792411506175995,0.4660241901874542,0.12392708659172058,-0.028484871610999107,0.4769752323627472,0.12087783217430115,-0.037115007638931274,0.4133654534816742,0.13958337903022766,-0.03999468311667442,0.4567005932331085,0.1290048211812973,-0.057847924530506134,0.46770474314689636,0.14353623986244202,-0.06420763581991196,0.46020811796188354,0.155962273478508,-0.06569649279117584,0.4097833037376404,0.1731051355600357,-0.044738493859767914,0.46784406900405884,0.17250758409500122,-0.060816291719675064,0.46658146381378174,0.18137206137180328,-0.05766215920448303,0.4472230076789856,0.18316452205181122,-0.05491607263684273,0.4118247628211975,0.2066975235939026,-0.04860805347561836,0.4668944478034973,0.20597140491008759,-0.05756077542901039,0.4626937508583069,0.20909574627876282,-0.04621218517422676,0.4456028640270233,0.20750091969966888,-0.03876793012022972,0.41643935441970825,0.23816250264644623,-0.05311175808310509,0.462187260389328,0.23289364576339722,-0.05423793941736221,0.4578365087509155,0.22975891828536987,-0.04414742812514305,0.4423547685146332,0.2267143726348877,-0.037760697305202484,Right,0.9965346455574036
14345,254,1,0.6036803126335144,0.18055365979671478,-1.7236511951068678e-07,0.6018219590187073,0.151124969124794,-0.017130278050899506,0.5853638648986816,0.1336384117603302,-0.03389982134103775,0.5542886853218079,0.1345961093902588,-0.04697226732969284,0.5291905403137207,0.14116959273815155,-0.06332109123468399,0.6088351607322693,0.1701890230178833,-0.05399717390537262,0.5617959499359131,0.15936289727687836,-0.07176560163497925,0.5293694138526917,0.1500520259141922,-0.08134949952363968,0.5055808424949646,0.14471681416034698,-0.08644012361764908,0.6005180478096008,0.20436453819274902,-0.05276002362370491,0.5481054782867432,0.1813209354877472,-0.06864692270755768,0.5174281001091003,0.16746090352535248,-0.07521137595176697,0.4980676770210266,0.15979062020778656,-0.08157339692115784,0.5875204801559448,0.22400182485580444,-0.04986068233847618,0.5403950214385986,0.19917912781238556,-0.0663822665810585,0.5159381031990051,0.18004359304904938,-0.07005462795495987,0.5028220415115356,0.17178431153297424,-0.07202334702014923,0.5733146667480469,0.23350019752979279,-0.046944137662649155,0.5400294065475464,0.2094300389289856,-0.062335047870874405,0.522423267364502,0.19009733200073242,-0.06392928212881088,0.5113075375556946,0.1807071566581726,-0.06436341255903244,Left,0.9831299781799316
14387,255,0,0.3905036151409149,0.2166430950164795,6.686955345003298e-08,0.4097761809825897,0.17550048232078552,-0.005644422490149736,0.43976184725761414,0.1423644721508026,-0.017408648505806923,0.46549877524375916,0.12371605634689331,-0.027781493961811066,0.47528189420700073,0.12042723596096039,-0.036341674625873566,0.41325151920318604,0.13847815990447998,-0.03933525085449219,0.45413845777511597,0.12782064080238342,-0.05631854385137558,0.4671809673309326,0.14183494448661804,-0.06219477206468582,0.4611974060535431,0.15484872460365295,-0.06348901987075806,0.4103890359401703,0.17195872962474823,-0.044221311807632446,0.46700572967529297,0.17129702866077423,-0.05886821076273918,0.46789029240608215,0.18049073219299316,-0.05523230880498886,0.44959744811058044,0.182787224650383,-0.05249626561999321,0.4125308692455292,0.20565631985664368,-0.04819235950708389,0.466153621673584,0.20523205399513245,-0.056421708315610886,0.4633747339248657,0.20870915055274963,-0.04522542282938957,0.44647306203842163,0.2074211984872818,-0.03814928978681564,0.4171161949634552,0.23745238780975342,-0.05280173197388649,0.46171697974205017,0.23274652659893036,-0.0540192611515522,0.45804816484451294,0.22983582317829132,-0.04415763169527054,0.4425402581691742,0.22661051154136658,-0.03794596716761589,Right,0.9966789484024048
14387,255,1,0.5946136713027954,0.18176284432411194,4.547912908492435e-07,0.5869963765144348,0.15439145267009735,-0.03314673528075218,0.5678592324256897,0.14204399287700653,-0.05830490589141846,0.540137767791748,0.1455639898777008,-0.07569227367639542,0.5145107507705688,0.15144243836402893,-0.09206710755825043,0.6053177118301392,0.1544627696275711,-0.07699558138847351,0.5548362731933594,0.15551228821277618,-0.10341440141201019,0.5235216617584229,0.1542114019393921,-0.11525223404169083,0.4987080991268158,0.15047064423561096,-0.12197764962911606,0.6052160263061523,0.18834839761257172,-0.06831034272909164,0.5511414408683777,0.183929443359375,-0.09396111220121384,0.5171893835067749,0.17698277533054352,-0.09740300476551056,0.49431297183036804,0.16875945031642914,-0.09962210059165955,0.5980224013328552,0.21585659682750702,-0.05987601354718208,0.5487480759620667,0.20761479437351227,-0.08138676732778549,0.5200389623641968,0.19261641800403595,-0.08223297446966171,0.5012733340263367,0.17796970903873444,-0.08150936663150787,0.5862169861793518,0.23728156089782715,-0.053495459258556366,0.549874484539032,0.22784364223480225,-0.06966830044984818,0.5306577086448669,0.20848609507083893,-0.07263010740280151,0.5179964900016785,0.19064615666866302,-0.07363344728946686,Left,0.9912859201431274
14430,256,0,0.3909033536911011,0.21633630990982056,6.776281225029379e-08,0.4101807177066803,0.17590972781181335,-0.005249433685094118,0.43961846828460693,0.14217987656593323,-0.016426967456936836,0.4650433361530304,0.12280560284852982,-0.026484422385692596,0.47583237290382385,0.11901427805423737,-0.034720100462436676,0.41282984614372253,0.13795636594295502,-0.03737977519631386,0.4536259174346924,0.1257893294095993,-0.054192908108234406,0.4672519862651825,0.14113005995750427,-0.06038292497396469,0.4620214104652405,0.15468458831310272,-0.061983317136764526,0.40982353687286377,0.1705271154642105,-0.042448364198207855,0.46623870730400085,0.16974887251853943,-0.05681944265961647,0.46769824624061584,0.1798066645860672,-0.053647976368665695,0.44980335235595703,0.1821424514055252,-0.05133351683616638,0.41189128160476685,0.20399466156959534,-0.04669461399316788,0.4655560255050659,0.20416440069675446,-0.05465982109308243,0.46295884251594543,0.20874148607254028,-0.043758001178503036,0.4460408389568329,0.2074698954820633,-0.03700685128569603,0.4163890480995178,0.23573607206344604,-0.0515894778072834,0.4611886143684387,0.23196494579315186,-0.05261147767305374,0.45752620697021484,0.23009410500526428,-0.04280136525630951,0.44184410572052,0.22719882428646088,-0.036707062274217606,Right,0.9962971210479736
14430,256,1,0.5731772184371948,0.18254101276397705,-1.2140760929924e-07,0.5721363425254822,0.1552618443965912,-0.03363237529993057,0.5677261352539062,0.1383143812417984,-0.060563743114471436,0.5486384034156799,0.14947322010993958,-0.08054674416780472,0.5330621004104614,0.16124728322029114,-0.09920640289783478,0.6107016801834106,0.1617959886789322,-0.07184835523366928,0.5636765956878662,0.15272727608680725,-0.10186343640089035,0.5292428731918335,0.14960172772407532,-0.118890181183815,0.5023103356361389,0.14501473307609558,-0.1281539797782898,0.6066928505897522,0.20058445632457733,-0.06552805006504059,0.5595309734344482,0.18412533402442932,-0.09466829150915146,0.5240472555160522,0.17353780567646027,-0.10121616721153259,0.49853113293647766,0.16719022393226624,-0.10346487909555435,0.5940358638763428,0.22777274250984192,-0.0596710704267025,0.5457249879837036,0.20578773319721222,-0.08251742273569107,0.5183646082878113,0.18593958020210266,-0.07896994799375534,0.5029506087303162,0.171854630112648,-0.07391700148582458,0.5780744552612305,0.24673278629779816,-0.05643396079540253,0.5421452522277832,0.22293990850448608,-0.07249599695205688,0.5254602432250977,0.20302194356918335,-0.07079841196537018,0.5190292596817017,0.19097724556922913,-0.06725963205099106,Left,0.9980399012565613
14473,257,0,0.3912501037120819,0.2173210233449936,7.506197619022714e-08,0.4119879901409149,0.17684148252010345,-0.006065696943551302,0.4396068751811981,0.1455538421869278,-0.01844215579330921,0.4632683992385864,0.12742048501968384,-0.029437443241477013,0.47662612795829773,0.11656703054904938,-0.03844551369547844,0.4115847945213318,0.13750885426998138,-0.04068669676780701,0.45183706283569336,0.12681160867214203,-0.057625673711299896,0.4650525152683258,0.14175674319267273,-0.06270188838243484,0.459782212972641,0.154608353972435,-0.06348395347595215,0.4082433581352234,0.17050457000732422,-0.045591436326503754,0.46477410197257996,0.17013560235500336,-0.06050466373562813,0.4667775332927704,0.1798621267080307,-0.05632055550813675,0.449977308511734,0.18252801895141602,-0.053259026259183884,0.4102479815483093,0.2041243016719818,-0.04966631531715393,0.4632170796394348,0.20498725771903992,-0.058295123279094696,0.4614836573600769,0.20873543620109558,-0.04641853645443916,0.4455012381076813,0.2074258178472519,-0.03896331042051315,0.4150281846523285,0.23601290583610535,-0.054437026381492615,0.45955950021743774,0.23275965452194214,-0.05669919028878212,0.45693498849868774,0.23024317622184753,-0.04696296900510788,0.4423656761646271,0.2263922095298767,-0.04068610072135925,Right,0.9973611235618591
14473,257,1,0.5618536472320557,0.18603205680847168,-1.2051205544594268e-07,0.5705728530883789,0.15964308381080627,-0.0249199066311121,0.5726710557937622,0.1422111839056015,-0.04633020982146263,0.5554060339927673,0.15183955430984497,-0.06310348212718964,0.5365356206893921,0.16893161833286285,-0.07934357970952988,0.6128549575805664,0.17327573895454407,-0.050438497215509415,0.5667905807495117,0.16676339507102966,-0.07696916908025742,0.5362553596496582,0.16568081080913544,-0.09574245661497116,0.5147171020507812,0.1631736010313034,-0.10639695078134537,0.6043474674224854,0.20782683789730072,-0.04660806432366371,0.5644479990005493,0.19491048157215118,-0.06986657530069351,0.5343183875083923,0.18372423946857452,-0.07710552960634232,0.5134348273277283,0.17681828141212463,-0.08002366870641708,0.5901685357093811,0.23157420754432678,-0.043463628739118576,0.5521725416183472,0.214250847697258,-0.06062666326761246,0.5296387672424316,0.19801481068134308,-0.05759682506322861,0.517065167427063,0.18719305098056793,-0.052989207208156586,0.5742587447166443,0.24703404307365417,-0.04255807772278786,0.5444937348365784,0.2271752953529358,-0.052053820341825485,0.5299791097640991,0.21120519936084747,-0.04783187434077263,0.5245459675788879,0.2037518322467804,-0.042791008949279785,Left,0.9975311756134033
14519,258,0,0.39189863204956055,0.2186775654554367,1.0138163730744054e-07,0.41107526421546936,0.17874477803707123,-0.007425541058182716,0.43812790513038635,0.14636364579200745,-0.020331518724560738,0.46182486414909363,0.12887471914291382,-0.03181643784046173,0.4753369390964508,0.11933258920907974,-0.04141286388039589,0.41062191128730774,0.13916538655757904,-0.040713224560022354,0.45340675115585327,0.13064342737197876,-0.058468010276556015,0.46641093492507935,0.14464890956878662,-0.0646745041012764,0.4619227945804596,0.15610679984092712,-0.06646548956632614,0.4070930480957031,0.1723114401102066,-0.045544106513261795,0.4663454592227936,0.17189517617225647,-0.061871953308582306,0.4670322835445404,0.18067465722560883,-0.0584966279566288,0.45036593079566956,0.18315111100673676,-0.05576638504862785,0.40887710452079773,0.20570993423461914,-0.0498015396296978,0.46364524960517883,0.20630031824111938,-0.059565771371126175,0.45967742800712585,0.20940381288528442,-0.047927893698215485,0.44349175691604614,0.20801033079624176,-0.040330447256565094,0.413785845041275,0.23707051575183868,-0.054922785609960556,0.4591918885707855,0.23305857181549072,-0.05754750967025757,0.45554667711257935,0.23078230023384094,-0.04768520966172218,0.4409305155277252,0.22824090719223022,-0.04123840108513832,Right,0.9975562691688538
14519,258,1,0.5626713633537292,0.185052290558815,-1.2945349681103835e-07,0.5678735375404358,0.15922042727470398,-0.028697552159428596,0.5684335827827454,0.14355973899364471,-0.05208421126008034,0.5520585179328918,0.15676525235176086,-0.069853775203228,0.5360093712806702,0.17180414497852325,-0.08690428733825684,0.6105934381484985,0.17036227881908417,-0.05807766690850258,0.5649800300598145,0.16433510184288025,-0.0859302282333374,0.5333237648010254,0.16299505531787872,-0.10434100031852722,0.5103434324264526,0.1613798886537552,-0.11461596935987473,0.6042768359184265,0.206123948097229,-0.05297701433300972,0.5615133047103882,0.19431264698505402,-0.07847283035516739,0.5288717746734619,0.18361705541610718,-0.08541455119848251,0.506394624710083,0.17777830362319946,-0.08789102733135223,0.5910902619361877,0.2309499979019165,-0.04851142689585686,0.5499723553657532,0.21445144712924957,-0.0681682825088501,0.5244423747062683,0.19768421351909637,-0.0648074746131897,0.5101357698440552,0.18667054176330566,-0.05961572378873825,0.5758825540542603,0.2472972571849823,-0.04645700007677078,0.5435385704040527,0.22806257009506226,-0.05831170082092285,0.5267840027809143,0.21133236587047577,-0.05462149903178215,0.5199348330497742,0.20377199351787567,-0.049607910215854645,Left,0.998672366142273
14564,259,0,0.3918105959892273,0.22016924619674683,1.0691934448914253e-07,0.4101131558418274,0.18017642199993134,-0.007013542111963034,0.43664947152137756,0.14889098703861237,-0.020201265811920166,0.46072643995285034,0.13156303763389587,-0.0320708341896534,0.475720077753067,0.12008017301559448,-0.04216917231678963,0.41075414419174194,0.1408873200416565,-0.04146096855401993,0.45444536209106445,0.13209068775177002,-0.05913257971405983,0.46791914105415344,0.1458558738231659,-0.0651310384273529,0.46385204792022705,0.15700820088386536,-0.06683816760778427,0.4072258770465851,0.17340761423110962,-0.046447351574897766,0.4663822054862976,0.17290689051151276,-0.06199764087796211,0.46771925687789917,0.18097200989723206,-0.057939041405916214,0.45228031277656555,0.18337112665176392,-0.05507457256317139,0.4089709520339966,0.20633703470230103,-0.05079058185219765,0.46404775977134705,0.20748840272426605,-0.05986712872982025,0.46044856309890747,0.20969173312187195,-0.047617118805646896,0.44491663575172424,0.208615243434906,-0.039933670312166214,0.41379833221435547,0.23711112141609192,-0.05602758377790451,0.4592956006526947,0.23395287990570068,-0.058752238750457764,0.45599979162216187,0.2311054915189743,-0.048903968185186386,0.4420461654663086,0.2285011112689972,-0.042472049593925476,Right,0.9974520206451416
14564,259,1,0.571166455745697,0.18815141916275024,-1.2842944840940618e-07,0.5724276304244995,0.16109435260295868,-0.0271135363727808,0.5692564249038696,0.14361563324928284,-0.04978812485933304,0.5511236190795898,0.15606454014778137,-0.06735701113939285,0.5346590876579285,0.1706317663192749,-0.08434003591537476,0.6099871397018433,0.16841217875480652,-0.056299157440662384,0.5652517676353455,0.16111567616462708,-0.08200518041849136,0.5353233218193054,0.15933161973953247,-0.09885983169078827,0.5127295851707458,0.1587114930152893,-0.10839877277612686,0.6048831939697266,0.2052692025899887,-0.051992520689964294,0.5607398748397827,0.19301113486289978,-0.0752045139670372,0.5287050008773804,0.1841588020324707,-0.08119574934244156,0.5058733224868774,0.18001575767993927,-0.08357756584882736,0.5923365354537964,0.23141606152057648,-0.04823141172528267,0.5490623116493225,0.21471333503723145,-0.06680217385292053,0.5233420133590698,0.19885240495204926,-0.063480906188488,0.5083847045898438,0.1884610503911972,-0.058712515980005264,0.5774208307266235,0.2493818700313568,-0.04669570550322533,0.5443583130836487,0.22934576869010925,-0.058595508337020874,0.5278907418251038,0.21247577667236328,-0.05513257905840874,0.5205365419387817,0.20323996245861053,-0.0505392961204052,Left,0.9989007115364075
14608,260,0,0.39181026816368103,0.21927779912948608,1.1501930430313223e-07,0.40875372290611267,0.17922766506671906,-0.006730698514729738,0.4344032108783722,0.14748498797416687,-0.020358746871352196,0.4585166871547699,0.13033345341682434,-0.03282006457448006,0.47470521926879883,0.11973359435796738,-0.043548230081796646,0.40999430418014526,0.14159908890724182,-0.042270541191101074,0.45533832907676697,0.1338561475276947,-0.060100533068180084,0.46884557604789734,0.14783117175102234,-0.06579476594924927,0.4639250636100769,0.15932324528694153,-0.06710583716630936,0.4062066078186035,0.17439988255500793,-0.04742389917373657,0.4659246802330017,0.17340397834777832,-0.06243790313601494,0.46803444623947144,0.1814863532781601,-0.05735088139772415,0.45289286971092224,0.18423211574554443,-0.053846828639507294,0.40791937708854675,0.20768630504608154,-0.05192460119724274,0.4640555679798126,0.20777738094329834,-0.06033957377076149,0.46153736114501953,0.20958179235458374,-0.047211308032274246,0.44638413190841675,0.20895275473594666,-0.03906676545739174,0.41289833188056946,0.2383730411529541,-0.05732494592666626,0.45897337794303894,0.2343067228794098,-0.05995181202888489,0.4567755460739136,0.23068341612815857,-0.04999775439500809,0.44359394907951355,0.2278800904750824,-0.04347745701670647,Right,0.9980961680412292
14608,260,1,0.5740675926208496,0.1862938404083252,-1.2732412812965777e-07,0.5712287425994873,0.16002431511878967,-0.02834872156381607,0.5654782056808472,0.14259381592273712,-0.052126407623291016,0.5481748580932617,0.1554325819015503,-0.07049146294593811,0.5337882041931152,0.1709364354610443,-0.08782492578029633,0.6081310510635376,0.1623990684747696,-0.05961299687623978,0.5660347938537598,0.15762092173099518,-0.08516640961170197,0.5345056653022766,0.15823116898536682,-0.10045389086008072,0.5092911720275879,0.15848872065544128,-0.10878214240074158,0.6065236330032349,0.19990918040275574,-0.054866254329681396,0.5606241226196289,0.19157774746418,-0.07896064966917038,0.5266729593276978,0.1847328245639801,-0.08428747206926346,0.5022788047790527,0.18082794547080994,-0.0859837457537651,0.5962256789207458,0.2277708798646927,-0.05054205283522606,0.5495636463165283,0.2143704891204834,-0.06970915198326111,0.5231500267982483,0.19872017204761505,-0.06591790914535522,0.5077361464500427,0.18732811510562897,-0.06089182570576668,0.5824267864227295,0.2481744885444641,-0.048507820814847946,0.546769917011261,0.23063090443611145,-0.06107589602470398,0.5286773443222046,0.21297304332256317,-0.05758910998702049,0.5204815864562988,0.20180995762348175,-0.0529206246137619,Left,0.9993733167648315
14649,261,0,0.38980498909950256,0.22088727355003357,9.420834601314709e-08,0.4079251289367676,0.18203353881835938,-0.0057535176165401936,0.4335474669933319,0.1501689851284027,-0.018177684396505356,0.45680540800094604,0.13139694929122925,-0.02967321127653122,0.47258460521698,0.11736679822206497,-0.03950146213173866,0.4083225131034851,0.14178653061389923,-0.03888383135199547,0.45106735825538635,0.13131636381149292,-0.05527179315686226,0.46448245644569397,0.14701740443706512,-0.06058384105563164,0.4597671627998352,0.15924912691116333,-0.062002915889024734,0.4048227071762085,0.17356309294700623,-0.044188447296619415,0.4626801311969757,0.17180299758911133,-0.05798264220356941,0.46627408266067505,0.18212231993675232,-0.05396624654531479,0.45211920142173767,0.18538206815719604,-0.05160805210471153,0.40669146180152893,0.20646357536315918,-0.048757851123809814,0.46126189827919006,0.20665022730827332,-0.05668285861611366,0.4598053991794586,0.2111680805683136,-0.04486788064241409,0.44498181343078613,0.21126601099967957,-0.037975966930389404,0.4119241237640381,0.23722073435783386,-0.054052118211984634,0.4572899043560028,0.23366095125675201,-0.05665425956249237,0.45535457134246826,0.23250114917755127,-0.047278668731451035,0.4420112669467926,0.2301165908575058,-0.04137006774544716,Right,0.9988080263137817
14649,261,1,0.5847094058990479,0.19874431192874908,-1.5773724726386718e-07,0.5827407240867615,0.16618984937667847,-0.023681240156292915,0.5730009078979492,0.14148050546646118,-0.04798861965537071,0.5515450239181519,0.1486823856830597,-0.06811736524105072,0.5346170663833618,0.16127730906009674,-0.08856368809938431,0.609734058380127,0.16240903735160828,-0.06163182854652405,0.5676363110542297,0.15335014462471008,-0.09111949056386948,0.5354044437408447,0.1545267403125763,-0.11073896288871765,0.5093318223953247,0.1547340452671051,-0.12156784534454346,0.6054791212081909,0.19772814214229584,-0.06063002720475197,0.5635383725166321,0.19180132448673248,-0.08745262771844864,0.5282991528511047,0.18263594806194305,-0.09458417445421219,0.5030004978179932,0.17685070633888245,-0.09741918742656708,0.5943407416343689,0.2269030213356018,-0.05942050740122795,0.550929844379425,0.2151036113500595,-0.0789283812046051,0.5223340392112732,0.19808270037174225,-0.07478306442499161,0.5059614181518555,0.18683955073356628,-0.0697614997625351,0.5801500678062439,0.2497073858976364,-0.06014777719974518,0.5464156270027161,0.23319047689437866,-0.07121291756629944,0.5285571217536926,0.21638575196266174,-0.0657355934381485,0.5200319290161133,0.20837852358818054,-0.06010405346751213,Left,0.9950567483901978
14691,262,0,0.38990113139152527,0.2178167849779129,1.0913594650219238e-07,0.4089333415031433,0.17882396280765533,-0.005746157374233007,0.43348461389541626,0.14689388871192932,-0.017875323072075844,0.45503470301628113,0.12801042199134827,-0.02924751676619053,0.4699845314025879,0.11766630411148071,-0.0390227735042572,0.4081382155418396,0.14105936884880066,-0.038025569170713425,0.4470967650413513,0.13051258027553558,-0.05427988991141319,0.4618934094905853,0.14459258317947388,-0.059394869953393936,0.4583476483821869,0.1569421887397766,-0.06066919490695,0.4036482572555542,0.17173567414283752,-0.04337068274617195,0.4588688611984253,0.17071467638015747,-0.05666916444897652,0.46245893836021423,0.18034201860427856,-0.05234468728303909,0.4481801688671112,0.1822618693113327,-0.04984001815319061,0.40476441383361816,0.2039562612771988,-0.048100102692842484,0.45772460103034973,0.20523947477340698,-0.05616314336657524,0.4566679000854492,0.20943871140480042,-0.04436758533120155,0.4419006407260895,0.20886076986789703,-0.03744808956980705,0.40927091240882874,0.2343754917383194,-0.05361040681600571,0.45441195368766785,0.23267048597335815,-0.0568564236164093,0.4532237946987152,0.2313639521598816,-0.04790318012237549,0.44016706943511963,0.22882816195487976,-0.04215695708990097,Right,0.9983534812927246
14691,262,1,0.5926384329795837,0.20117737352848053,-2.9268898060763604e-07,0.5888690948486328,0.1693488359451294,-0.017278926447033882,0.5717079639434814,0.14360558986663818,-0.03707946464419365,0.5458745360374451,0.14569926261901855,-0.05458412319421768,0.5247191190719604,0.15583287179470062,-0.07285451889038086,0.6048576235771179,0.15388382971286774,-0.051122669130563736,0.5525200963020325,0.14749537408351898,-0.07518919557332993,0.5197122097015381,0.15158677101135254,-0.08989038318395615,0.49653735756874084,0.15482379496097565,-0.0973302349448204,0.601412296295166,0.1894340217113495,-0.052249882370233536,0.5488858222961426,0.18027664721012115,-0.07261098921298981,0.5152760744094849,0.17430807650089264,-0.07678081095218658,0.49223464727401733,0.16982263326644897,-0.07850794494152069,0.5919796228408813,0.2207702398300171,-0.05282862111926079,0.5406548380851746,0.2039065808057785,-0.06792477518320084,0.5132974982261658,0.18885160982608795,-0.06416548043489456,0.49748560786247253,0.1786496937274933,-0.06009950861334801,0.5788040161132812,0.24473121762275696,-0.05489899963140488,0.5397343635559082,0.22459810972213745,-0.06479930877685547,0.5229360461235046,0.2046019285917282,-0.060621149837970734,0.5145755410194397,0.1908186674118042,-0.05606047064065933,Left,0.9945545792579651
14733,263,0,0.391009122133255,0.21806970238685608,1.1488265272419085e-07,0.41092899441719055,0.1775021106004715,-0.0064874375239014626,0.43395859003067017,0.146272212266922,-0.018790537491440773,0.45416924357414246,0.12922021746635437,-0.030440405011177063,0.4679481089115143,0.11901634931564331,-0.040270090103149414,0.4063418209552765,0.13799002766609192,-0.037189166992902756,0.4466709494590759,0.12777817249298096,-0.054095081984996796,0.4614484906196594,0.14382092654705048,-0.05991460010409355,0.45640164613723755,0.15620875358581543,-0.0616951659321785,0.40123921632766724,0.16858182847499847,-0.042614538222551346,0.45741724967956543,0.16841012239456177,-0.056601960211992264,0.46166449785232544,0.18025743961334229,-0.05299035459756851,0.44684872031211853,0.18371328711509705,-0.05095471814274788,0.4019682705402374,0.201739102602005,-0.04765674099326134,0.45615309476852417,0.20388031005859375,-0.05667140334844589,0.4559933543205261,0.2097741663455963,-0.04533892497420311,0.44079461693763733,0.20996837317943573,-0.03859088942408562,0.4059058129787445,0.23302030563354492,-0.05358908325433731,0.45263808965682983,0.23275074362754822,-0.05767860636115074,0.4519754946231842,0.2323150634765625,-0.04896756634116173,0.4382975101470947,0.23036330938339233,-0.04331841319799423,Right,0.9978178143501282
14733,263,1,0.5996277332305908,0.18772393465042114,-2.5696846250866656e-07,0.5871450901031494,0.15429633855819702,-0.018678192049264908,0.5709977746009827,0.13753871619701385,-0.03491900488734245,0.5454533696174622,0.14198149740695953,-0.049158770591020584,0.5225792527198792,0.15239140391349792,-0.06662115454673767,0.6019120216369629,0.15314437448978424,-0.040288522839546204,0.5502670407295227,0.15145428478717804,-0.05945117026567459,0.5178148746490479,0.15038786828517914,-0.07515469193458557,0.495819628238678,0.1494056135416031,-0.08484120666980743,0.5995485186576843,0.19146360456943512,-0.04126119241118431,0.5459479689598083,0.1828136444091797,-0.05701535567641258,0.5143718719482422,0.1715165227651596,-0.06874441355466843,0.4925105571746826,0.16330759227275848,-0.07834995537996292,0.5917129516601562,0.22100567817687988,-0.04214136675000191,0.5403672456741333,0.20723554491996765,-0.05713561549782753,0.5140908360481262,0.18961626291275024,-0.06357533484697342,0.49874579906463623,0.1790364682674408,-0.0674322098493576,0.580715000629425,0.24235114455223083,-0.04406401515007019,0.5380170941352844,0.22359882295131683,-0.0548492856323719,0.518866777420044,0.20458059012889862,-0.054901931434869766,0.5075826048851013,0.1910129189491272,-0.05467560887336731,Left,0.9798553586006165
14776,264,0,0.39299482107162476,0.21755360066890717,1.201227206593103e-07,0.41142797470092773,0.17713072896003723,-0.005358446855098009,0.4347180426120758,0.1483219861984253,-0.017310066148638725,0.45583900809288025,0.1326424777507782,-0.02861187607049942,0.4701083302497864,0.11850400269031525,-0.03836178034543991,0.4056163728237152,0.13875049352645874,-0.03736661747097969,0.4450577199459076,0.1298152655363083,-0.052913863211870193,0.4600844979286194,0.14313851296901703,-0.057240501046180725,0.4572027325630188,0.15584582090377808,-0.05794611945748329,0.4016153812408447,0.17090286314487457,-0.04292768985033035,0.4567275047302246,0.17166940867900848,-0.055282942950725555,0.4632563292980194,0.17979997396469116,-0.049840282648801804,0.4531031847000122,0.18348394334316254,-0.046708621084690094,0.4033738672733307,0.20385757088661194,-0.04801452159881592,0.45678454637527466,0.20634466409683228,-0.05623162165284157,0.4579407572746277,0.20872166752815247,-0.04417853057384491,0.44597113132476807,0.20874449610710144,-0.036980219185352325,0.40853995084762573,0.23412717878818512,-0.05382862687110901,0.4525408148765564,0.23327846825122833,-0.05736314877867699,0.4507996141910553,0.2318645417690277,-0.048102591186761856,0.43801233172416687,0.23000723123550415,-0.04195847362279892,Right,0.9985398650169373
14776,264,1,0.5844602584838867,0.20181956887245178,4.936933351018524e-07,0.5733494758605957,0.16842006146907806,-0.019626323133707047,0.5551038384437561,0.1482601761817932,-0.037850577384233475,0.5312703251838684,0.15071924030780792,-0.051088616251945496,0.5096946358680725,0.15517902374267578,-0.06364975869655609,0.5990450978279114,0.13894528150558472,-0.0660293772816658,0.5571969151496887,0.1453205645084381,-0.08827097713947296,0.5229806900024414,0.15268976986408234,-0.09509152173995972,0.4985036253929138,0.15730509161949158,-0.09748123586177826,0.6043074727058411,0.17533688247203827,-0.062040239572525024,0.5532472729682922,0.18026243150234222,-0.08284028619527817,0.5174956321716309,0.18000528216362,-0.08206112682819366,0.49521517753601074,0.17526540160179138,-0.08124249428510666,0.5994973182678223,0.20916029810905457,-0.05697798356413841,0.5463228821754456,0.20650379359722137,-0.07358922809362411,0.5170713067054749,0.1972898691892624,-0.06955018639564514,0.5009165406227112,0.18715006113052368,-0.06603434681892395,0.5898582935333252,0.23874470591545105,-0.052825067192316055,0.5501993894577026,0.2265600860118866,-0.06325142085552216,0.5289781093597412,0.21323442459106445,-0.06257171928882599,0.5162979364395142,0.20230326056480408,-0.06210169196128845,Left,0.9882561564445496
14819,265,0,0.393863320350647,0.21752145886421204,9.352112328997464e-08,0.41104885935783386,0.17737364768981934,-0.00687592476606369,0.43331378698349,0.14695534110069275,-0.01920493133366108,0.4537331759929657,0.1319996416568756,-0.030779749155044556,0.46946942806243896,0.12047326564788818,-0.040702980011701584,0.40556371212005615,0.13893163204193115,-0.03747064247727394,0.44813600182533264,0.13223615288734436,-0.053670600056648254,0.46031972765922546,0.1469782590866089,-0.05883996561169624,0.4542788565158844,0.15732590854167938,-0.0606195405125618,0.401661217212677,0.17186568677425385,-0.04292136803269386,0.4589654505252838,0.1737232506275177,-0.05605284124612808,0.4608183801174164,0.18311601877212524,-0.05140654742717743,0.44694092869758606,0.18509964644908905,-0.04934107884764671,0.40355560183525085,0.20563164353370667,-0.04818215221166611,0.4578095078468323,0.20693325996398926,-0.056555379182100296,0.455485463142395,0.21110108494758606,-0.04477988928556442,0.44184476137161255,0.21067757904529572,-0.03842177987098694,0.40860411524772644,0.23634707927703857,-0.054419271647930145,0.4530235528945923,0.2337711751461029,-0.05798486992716789,0.448894202709198,0.2344430685043335,-0.04895626753568649,0.4345046579837799,0.23436684906482697,-0.043542951345443726,Right,0.9984477162361145
14819,265,1,0.592320442199707,0.19296827912330627,-3.0460256539299735e-07,0.5792573094367981,0.15711914002895355,-0.018716203048825264,0.566088080406189,0.13640935719013214,-0.03489543870091438,0.5447432994842529,0.1387941539287567,-0.04958958551287651,0.5240239500999451,0.14861416816711426,-0.06681303679943085,0.6007466316223145,0.14687132835388184,-0.03591156005859375,0.5524721145629883,0.14710572361946106,-0.05613524466753006,0.519071638584137,0.1499803364276886,-0.07308432459831238,0.4970206320285797,0.15187008678913116,-0.08313319087028503,0.6001904606819153,0.18421678245067596,-0.036496542394161224,0.5469574332237244,0.17810313403606415,-0.052083056420087814,0.5164791345596313,0.1702517569065094,-0.0627429410815239,0.49609944224357605,0.1657210886478424,-0.07096026837825775,0.5938058495521545,0.21535813808441162,-0.03762522712349892,0.543635368347168,0.20336458086967468,-0.05033290013670921,0.5184895396232605,0.1912568062543869,-0.05400896072387695,0.5046172142028809,0.1840859055519104,-0.056203264743089676,0.5840789079666138,0.23843196034431458,-0.04032876342535019,0.5424609780311584,0.22356073558330536,-0.048514217138290405,0.524215579032898,0.20772632956504822,-0.04677228257060051,0.5141884088516235,0.19651919603347778,-0.045134253799915314,Left,0.9736316800117493
14861,266,0,0.3920893669128418,0.22073213756084442,8.793091410552734e-08,0.41041696071624756,0.18098631501197815,-0.007102209143340588,0.4330247640609741,0.14920054376125336,-0.019997138530015945,0.45343586802482605,0.1327527016401291,-0.03198322281241417,0.4687383770942688,0.12070728838443756,-0.042217813432216644,0.4053652882575989,0.1410573124885559,-0.040202345699071884,0.4471476376056671,0.13195043802261353,-0.056411512196063995,0.46090415120124817,0.14783158898353577,-0.060479190200567245,0.4554692804813385,0.16016341745853424,-0.06143900379538536,0.40104416012763977,0.17333902418613434,-0.045784130692481995,0.45895376801490784,0.17388376593589783,-0.059515636414289474,0.46095696091651917,0.18478773534297943,-0.054080456495285034,0.4462440013885498,0.18810787796974182,-0.051295679062604904,0.40264567732810974,0.20702838897705078,-0.05100242793560028,0.4575735330581665,0.20833617448806763,-0.059874482452869415,0.45533987879753113,0.21289560198783875,-0.04753448814153671,0.44149038195610046,0.2130313217639923,-0.04075578600168228,0.40745726227760315,0.23807618021965027,-0.057146381586790085,0.4523662030696869,0.23536565899848938,-0.06139489635825157,0.4485524892807007,0.23602831363677979,-0.05237267166376114,0.4342734217643738,0.23616525530815125,-0.046888504177331924,Right,0.9985526204109192
14861,266,1,0.5800017714500427,0.1987217366695404,-3.033942164165637e-07,0.569374144077301,0.16578099131584167,-0.01586146093904972,0.559612512588501,0.14332014322280884,-0.03012416884303093,0.5419745445251465,0.1405450850725174,-0.0430402010679245,0.5256730318069458,0.14366331696510315,-0.057460807263851166,0.5996233224868774,0.13250331580638885,-0.03275835141539574,0.5551994442939758,0.1347045749425888,-0.052568886429071426,0.5236324667930603,0.14386823773384094,-0.06734604388475418,0.5011436939239502,0.1511593759059906,-0.07516125589609146,0.6028293967247009,0.1684008091688156,-0.034752458333969116,0.5529509782791138,0.1672433316707611,-0.05114854499697685,0.5229206681251526,0.16748014092445374,-0.05948161706328392,0.5007852911949158,0.1684846431016922,-0.06402674317359924,0.5972363352775574,0.2022600620985031,-0.03751789778470993,0.5486756563186646,0.19506703317165375,-0.05120636895298958,0.5260894298553467,0.1879631131887436,-0.053277306258678436,0.5122827887535095,0.18401259183883667,-0.05272490903735161,0.5863519906997681,0.22950361669063568,-0.04148479923605919,0.5449470281600952,0.2165069580078125,-0.05098806694149971,0.5272750854492188,0.20260167121887207,-0.04931502044200897,0.5168739557266235,0.19278103113174438,-0.04612325131893158,Left,0.9944248199462891
14904,267,0,0.3920118510723114,0.22233843803405762,4.561311683914937e-08,0.411731481552124,0.18388500809669495,-0.006642082706093788,0.4355830252170563,0.15098397433757782,-0.018540022894740105,0.45632582902908325,0.13262827694416046,-0.02986306883394718,0.4704058766365051,0.1205538734793663,-0.0394621267914772,0.40696045756340027,0.14200088381767273,-0.03724409639835358,0.4520919620990753,0.1333540678024292,-0.054165057837963104,0.46327194571495056,0.15105651319026947,-0.05951685458421707,0.45518815517425537,0.1626645177602768,-0.06147037073969841,0.4019312858581543,0.17332175374031067,-0.04302076995372772,0.4604615271091461,0.17484138906002045,-0.057002320885658264,0.4603060185909271,0.18756452202796936,-0.052759066224098206,0.4443306028842926,0.18999479711055756,-0.051073040813207626,0.4029272496700287,0.2066563218832016,-0.04863147437572479,0.4587981104850769,0.20846006274223328,-0.057893265038728714,0.4543439447879791,0.2156546264886856,-0.04633275046944618,0.4393291771411896,0.21585974097251892,-0.04023396968841553,0.40753230452537537,0.23792120814323425,-0.055154554545879364,0.45359307527542114,0.2358366698026657,-0.059493932873010635,0.44858333468437195,0.2382970005273819,-0.05080275982618332,0.4334215223789215,0.23889818787574768,-0.04574908688664436,Right,0.9977704286575317
14904,267,1,0.5873900651931763,0.19655972719192505,-3.057407411688473e-07,0.5757347345352173,0.16375713050365448,-0.016589000821113586,0.5615394115447998,0.1424737423658371,-0.03216632083058357,0.5391750931739807,0.1418502926826477,-0.046476006507873535,0.5201646089553833,0.14749187231063843,-0.06265910714864731,0.5991833209991455,0.13317511975765228,-0.03564678505063057,0.5528649091720581,0.13737967610359192,-0.05625401437282562,0.5200450420379639,0.14789509773254395,-0.07119952887296677,0.4980025589466095,0.15588456392288208,-0.07916708290576935,0.6022350788116455,0.16897904872894287,-0.03747792914509773,0.5517899394035339,0.16838181018829346,-0.054280154407024384,0.5206992626190186,0.17162339389324188,-0.06200240179896355,0.4997577369213104,0.17486044764518738,-0.06641760468482971,0.5969778895378113,0.20279254019260406,-0.0399833582341671,0.5462050437927246,0.19588246941566467,-0.05332019925117493,0.5231717228889465,0.1910562366247177,-0.05439770221710205,0.5108368992805481,0.18790560960769653,-0.05356411263346672,0.5865006446838379,0.22957199811935425,-0.043810803443193436,0.5445465445518494,0.21716053783893585,-0.05152704566717148,0.5283825397491455,0.20557694137096405,-0.04843123257160187,0.5201998353004456,0.1966744214296341,-0.04488523304462433,Left,0.9932183623313904
14946,268,0,0.39741837978363037,0.220811128616333,7.457785500264436e-08,0.41844141483306885,0.18458929657936096,-0.0070870136842131615,0.4414873421192169,0.15241198241710663,-0.018969831988215446,0.45831894874572754,0.1323424130678177,-0.030483176931738853,0.4678589105606079,0.11311603337526321,-0.04054724797606468,0.41207969188690186,0.1366642415523529,-0.035103630274534225,0.4495474696159363,0.12109676003456116,-0.05485168844461441,0.4638654589653015,0.14083944261074066,-0.0645088404417038,0.4607783555984497,0.15615752339363098,-0.0688847079873085,0.40649303793907166,0.16674542427062988,-0.04108913242816925,0.46267351508140564,0.1695261150598526,-0.05735592171549797,0.4640277624130249,0.1849329024553299,-0.05641687288880348,0.449075311422348,0.18933162093162537,-0.056267205625772476,0.4063902497291565,0.20112745463848114,-0.04719739779829979,0.4613022208213806,0.20723438262939453,-0.05864878371357918,0.45658451318740845,0.2159324437379837,-0.04875970259308815,0.4412861466407776,0.21608024835586548,-0.04294353350996971,0.4100066125392914,0.23443801701068878,-0.05415476858615875,0.4547826945781708,0.23562803864479065,-0.05988941714167595,0.44969093799591064,0.23909339308738708,-0.051157448440790176,0.4347829520702362,0.23879875242710114,-0.04533293843269348,Right,0.9990769028663635
14946,268,1,0.5886774659156799,0.19096185266971588,-2.681982493868418e-07,0.5746963620185852,0.1577208936214447,-0.01621623896062374,0.5617827773094177,0.1393583118915558,-0.03139869496226311,0.5412917733192444,0.1400291621685028,-0.04532032459974289,0.5218266248703003,0.14860348403453827,-0.06094781681895256,0.6015704870223999,0.1332530826330185,-0.03405394405126572,0.5561554431915283,0.1360764056444168,-0.05475153774023056,0.5243616104125977,0.14261655509471893,-0.06989745795726776,0.5031539797782898,0.14844033122062683,-0.07808323949575424,0.6055668592453003,0.16723647713661194,-0.035946521908044815,0.556355357170105,0.1657673865556717,-0.05157477781176567,0.525873601436615,0.16353413462638855,-0.058286938816308975,0.5057589411735535,0.16443470120429993,-0.06226877123117447,0.6008461713790894,0.19919580221176147,-0.038715749979019165,0.553805410861969,0.19470223784446716,-0.0524108000099659,0.531291663646698,0.1871202290058136,-0.051934294402599335,0.5209126472473145,0.18335393071174622,-0.04979066178202629,0.591100811958313,0.22472813725471497,-0.04293767735362053,0.5530731081962585,0.21686173975467682,-0.053086768835783005,0.5363671779632568,0.20396767556667328,-0.05004037916660309,0.528537929058075,0.19512289762496948,-0.045742109417915344,Left,0.9937499761581421
14990,269,0,0.393393337726593,0.22174827754497528,5.620178455956193e-08,0.4159066677093506,0.18535436689853668,-0.005809363909065723,0.4409867227077484,0.15284572541713715,-0.01722249947488308,0.4599440097808838,0.13115103542804718,-0.0281341802328825,0.46729332208633423,0.11152680218219757,-0.0375436432659626,0.4131919741630554,0.13672251999378204,-0.036046817898750305,0.44826391339302063,0.11950727552175522,-0.05388936400413513,0.4649416208267212,0.137052521109581,-0.060467664152383804,0.46328264474868774,0.15280593931674957,-0.06271826475858688,0.4081862270832062,0.16519895195960999,-0.04259108006954193,0.4619761109352112,0.16357311606407166,-0.058323197066783905,0.4663871228694916,0.18170881271362305,-0.0555821992456913,0.45397406816482544,0.19008883833885193,-0.053663477301597595,0.40817949175834656,0.1989276260137558,-0.048885710537433624,0.4620004892349243,0.20359350740909576,-0.060925617814064026,0.45883041620254517,0.2150762677192688,-0.0507737472653389,0.44397979974746704,0.218023419380188,-0.044205401092767715,0.41173437237739563,0.2324298769235611,-0.055736564099788666,0.4559454321861267,0.23343195021152496,-0.062132008373737335,0.45214760303497314,0.23728321492671967,-0.05358755588531494,0.43771687150001526,0.237500861287117,-0.0476585328578949,Right,0.999387800693512
14990,269,1,0.5890359878540039,0.18944603204727173,-2.4776466034381883e-07,0.5770800113677979,0.1578635573387146,-0.018836040049791336,0.5650476217269897,0.13948464393615723,-0.03549303859472275,0.5469188690185547,0.13802194595336914,-0.05044674873352051,0.5293220281600952,0.1444859504699707,-0.06715574860572815,0.6046611070632935,0.1321669965982437,-0.03784436732530594,0.5579471588134766,0.1372402161359787,-0.06001964583992958,0.5269057750701904,0.14452774822711945,-0.07612688839435577,0.5067787766456604,0.14989985525608063,-0.08487370610237122,0.6052800416946411,0.16530171036720276,-0.03900700807571411,0.5589742660522461,0.1629604697227478,-0.05801151320338249,0.5272656679153442,0.16127583384513855,-0.06748306006193161,0.5041989684104919,0.16166330873966217,-0.07293154299259186,0.5982108116149902,0.19578245282173157,-0.04099854826927185,0.552734911441803,0.18986187875270844,-0.058430980890989304,0.5266476273536682,0.18157260119915009,-0.0614953450858593,0.5110586285591125,0.1779833734035492,-0.061044566333293915,0.5859607458114624,0.21879130601882935,-0.044243987649679184,0.5489822626113892,0.2069232016801834,-0.05584024637937546,0.530689001083374,0.1933637112379074,-0.05480341613292694,0.5203132629394531,0.18449907004833221,-0.052098631858825684,Left,0.9966134428977966
15034,270,0,0.3960235118865967,0.21976639330387115,8.813264429363699e-08,0.4162083864212036,0.18203987181186676,-0.0069390032440423965,0.4397851824760437,0.14774775505065918,-0.01936442032456398,0.45773419737815857,0.12489716708660126,-0.03107805736362934,0.46619346737861633,0.11311377584934235,-0.040950436145067215,0.4129253029823303,0.13666394352912903,-0.03840342536568642,0.4508919417858124,0.11999364197254181,-0.056933995336294174,0.4657973647117615,0.13928459584712982,-0.06349123269319534,0.4610291123390198,0.15507489442825317,-0.06566969305276871,0.40840575098991394,0.16626723110675812,-0.04444758594036102,0.46171173453330994,0.16255465149879456,-0.0612826831638813,0.4672028124332428,0.18049418926239014,-0.05911767855286598,0.45425915718078613,0.18920326232910156,-0.057512495666742325,0.4093267619609833,0.20083770155906677,-0.05004970729351044,0.4620349109172821,0.20376251637935638,-0.06136864423751831,0.45903629064559937,0.21526847779750824,-0.05039375275373459,0.44249778985977173,0.21821646392345428,-0.04342672601342201,0.41324323415756226,0.23393653333187103,-0.05644887313246727,0.4572809636592865,0.23434223234653473,-0.06194999814033508,0.45330965518951416,0.23788559436798096,-0.053099218755960464,0.4379154145717621,0.23789118230342865,-0.04712303355336189,Right,0.9986178278923035
15034,270,1,0.5898553729057312,0.18814049661159515,-2.6754509008242167e-07,0.5789499282836914,0.15464119613170624,-0.017288055270910263,0.5653531551361084,0.13562318682670593,-0.03403215855360031,0.544082522392273,0.13616815209388733,-0.04901526868343353,0.5236308574676514,0.14182022213935852,-0.06568726897239685,0.6022875905036926,0.127627894282341,-0.04105156287550926,0.5567572116851807,0.13154491782188416,-0.06289348751306534,0.5249136090278625,0.14078621566295624,-0.07686679810285568,0.5025692582130432,0.14767390489578247,-0.083974689245224,0.6049404740333557,0.16297414898872375,-0.04310201108455658,0.5538759827613831,0.1619560718536377,-0.062440428882837296,0.5226850509643555,0.16524595022201538,-0.07007485628128052,0.5019165277481079,0.16847583651542664,-0.07383894175291061,0.5990959405899048,0.19601726531982422,-0.045510370284318924,0.5477115511894226,0.19094300270080566,-0.061941418796777725,0.5242548584938049,0.18506906926631927,-0.06267636269330978,0.5119235515594482,0.18095964193344116,-0.060727812349796295,0.5877537727355957,0.22139126062393188,-0.0490611307322979,0.5477432608604431,0.2102094143629074,-0.05975763499736786,0.5320185422897339,0.19788841903209686,-0.056791406124830246,0.5244972705841064,0.18842023611068726,-0.05257096514105797,Left,0.9941450357437134
15078,271,0,0.3959479033946991,0.22702275216579437,7.818083957999988e-08,0.4170275330543518,0.19175003468990326,-0.006535533349961042,0.44104695320129395,0.15650200843811035,-0.01865929551422596,0.45853710174560547,0.13071806728839874,-0.03021758422255516,0.46734389662742615,0.11201904714107513,-0.03996705636382103,0.41343316435813904,0.13800126314163208,-0.03632801026105881,0.4485113024711609,0.11599719524383545,-0.05470331758260727,0.46526840329170227,0.13569588959217072,-0.06100193411111832,0.4626282751560211,0.1531994789838791,-0.0627446398139,0.4092552363872528,0.16527017951011658,-0.04250636696815491,0.4600982069969177,0.15882210433483124,-0.05917872488498688,0.46661287546157837,0.17995747923851013,-0.05724389851093292,0.4555147588253021,0.18943652510643005,-0.0554184690117836,0.41045504808425903,0.19895964860916138,-0.04839569702744484,0.4623960852622986,0.20291948318481445,-0.06066037341952324,0.45953622460365295,0.21677982807159424,-0.050941333174705505,0.44374680519104004,0.2190646529197693,-0.044392164796590805,0.41535016894340515,0.23251564800739288,-0.05482356995344162,0.4587385058403015,0.23318392038345337,-0.06075967475771904,0.45441368222236633,0.23875468969345093,-0.05215919762849808,0.4389339089393616,0.2383987307548523,-0.04611828178167343,Right,0.9993694424629211
15078,271,1,0.5886510610580444,0.19548794627189636,-2.713493927331001e-07,0.575271725654602,0.15797963738441467,-0.01619517058134079,0.564631462097168,0.13592246174812317,-0.0312957689166069,0.5455043911933899,0.1357412040233612,-0.04509231448173523,0.5254758596420288,0.14360912144184113,-0.06080788001418114,0.6055718064308167,0.13256751000881195,-0.034167200326919556,0.5602317452430725,0.13343870639801025,-0.053606197237968445,0.5273700952529907,0.14118757843971252,-0.06734675168991089,0.5049201250076294,0.14845505356788635,-0.07492683082818985,0.606412410736084,0.16725265979766846,-0.03604196757078171,0.556770384311676,0.1639145314693451,-0.052549753338098526,0.5253779888153076,0.1625128537416458,-0.06154487282037735,0.5040124654769897,0.16204950213432312,-0.06748291105031967,0.5988528728485107,0.19883142411708832,-0.03852073475718498,0.5486232042312622,0.19129541516304016,-0.052904464304447174,0.5254329442977905,0.1831199824810028,-0.05585165321826935,0.5138357877731323,0.176646426320076,-0.05659843981266022,0.5867557525634766,0.22261802852153778,-0.042085759341716766,0.5464774966239929,0.2103171944618225,-0.05137743428349495,0.531220018863678,0.19795899093151093,-0.049785979092121124,0.5244097113609314,0.1879558265209198,-0.04754530265927315,Left,0.9963061809539795
15120,272,0,0.39668726921081543,0.22879356145858765,6.661974083499445e-08,0.41717538237571716,0.1920521855354309,-0.0048043858259916306,0.440371036529541,0.15570612251758575,-0.01601625420153141,0.45803844928741455,0.1302931308746338,-0.027098512277007103,0.46818655729293823,0.1131485104560852,-0.036570023745298386,0.4141000211238861,0.13757121562957764,-0.033951468765735626,0.44678303599357605,0.11377611756324768,-0.05155503377318382,0.46470943093299866,0.13095982372760773,-0.05747956037521362,0.46449917554855347,0.14727407693862915,-0.05918755382299423,0.40927231311798096,0.1638222336769104,-0.04126714915037155,0.4596472680568695,0.15716120600700378,-0.05777515098452568,0.4661531448364258,0.17893920838832855,-0.055730581283569336,0.4552985429763794,0.1884707361459732,-0.05361707881093025,0.40972182154655457,0.19689880311489105,-0.0482226200401783,0.4618922173976898,0.20130465924739838,-0.0609624907374382,0.45957398414611816,0.21660691499710083,-0.05153338238596916,0.4444337487220764,0.21878163516521454,-0.04490797221660614,0.4144883155822754,0.23053160309791565,-0.05554044246673584,0.4580376148223877,0.23125231266021729,-0.06174268200993538,0.45404183864593506,0.23832453787326813,-0.05298592522740364,0.43852898478507996,0.23839996755123138,-0.046680137515068054,Right,0.9993268847465515
15120,272,1,0.5873416662216187,0.19189918041229248,-2.638365970142331e-07,0.5744230151176453,0.15661293268203735,-0.01891770213842392,0.563829779624939,0.1356288492679596,-0.03516044095158577,0.5449917316436768,0.13605716824531555,-0.049488864839076996,0.5256859660148621,0.14396287500858307,-0.06551223993301392,0.6055839657783508,0.13433144986629486,-0.03773007169365883,0.5596149563789368,0.13534758985042572,-0.057765405625104904,0.5268284678459167,0.1420316994190216,-0.07166706025600433,0.5043503046035767,0.1483144909143448,-0.07940561324357986,0.6060199737548828,0.16893279552459717,-0.038502663373947144,0.5571395754814148,0.1650140881538391,-0.05562282353639603,0.525685727596283,0.16215009987354279,-0.06471505761146545,0.5041603446006775,0.16075636446475983,-0.07097753882408142,0.5984319448471069,0.2000170648097992,-0.03998449817299843,0.550557553768158,0.19216424226760864,-0.05514909327030182,0.5258296728134155,0.18319787085056305,-0.05815836042165756,0.5121310949325562,0.17743580043315887,-0.059035900980234146,0.5863039493560791,0.2239188253879547,-0.042782314121723175,0.5478479266166687,0.21140524744987488,-0.05323968082666397,0.5317603945732117,0.19859075546264648,-0.05229109153151512,0.5235913991928101,0.18910405039787292,-0.050505321472883224,Left,0.9949843883514404
15164,273,0,0.39856117963790894,0.22919124364852905,3.761557820780581e-08,0.42016804218292236,0.1922212839126587,-0.005773402284830809,0.4443281292915344,0.15306542813777924,-0.01713564619421959,0.4619775712490082,0.1241450384259224,-0.028140772134065628,0.46927857398986816,0.10922358930110931,-0.03719000145792961,0.4165171682834625,0.13400141894817352,-0.03705915808677673,0.44953653216362,0.11094839870929718,-0.055085353553295135,0.4662482440471649,0.13285639882087708,-0.05887424573302269,0.4635939598083496,0.14909087121486664,-0.05871034786105156,0.40921327471733093,0.15847545862197876,-0.04422449693083763,0.4577119052410126,0.1514875888824463,-0.06062445789575577,0.46561935544013977,0.17626287043094635,-0.05664633587002754,0.455730140209198,0.18623976409435272,-0.05297790467739105,0.40759360790252686,0.19095759093761444,-0.051178671419620514,0.4590020477771759,0.19473208487033844,-0.06581898778676987,0.46057045459747314,0.2131771296262741,-0.057039082050323486,0.448233038187027,0.2167104184627533,-0.050253525376319885,0.4112919270992279,0.22515276074409485,-0.058378420770168304,0.45597633719444275,0.2297171652317047,-0.06648757308721542,0.4551187753677368,0.23815232515335083,-0.05940420553088188,0.44174110889434814,0.23815487325191498,-0.05400410667061806,Right,0.9996304512023926
15164,273,1,0.5914809703826904,0.19053955376148224,-2.678714849935204e-07,0.5803810358047485,0.15691018104553223,-0.019287534058094025,0.5671847462654114,0.13645967841148376,-0.03603252395987511,0.544810950756073,0.136917844414711,-0.05089612677693367,0.5257371664047241,0.14715194702148438,-0.06743323057889938,0.6034218668937683,0.14127975702285767,-0.0380050390958786,0.553106427192688,0.14270487427711487,-0.0587688609957695,0.5195410847663879,0.14802592992782593,-0.07423480600118637,0.49838629364967346,0.1523008644580841,-0.08272628486156464,0.6025142669677734,0.17680281400680542,-0.038237132132053375,0.5516660213470459,0.17260245978832245,-0.05354594811797142,0.5249847173690796,0.1675022393465042,-0.06109805405139923,0.5082640647888184,0.1639394313097,-0.06652634590864182,0.5952119827270508,0.20714041590690613,-0.0391564704477787,0.5477060079574585,0.19727160036563873,-0.0506046898663044,0.5282976031303406,0.18571864068508148,-0.04985504224896431,0.519335925579071,0.1777019202709198,-0.04869773983955383,0.5841919779777527,0.22984302043914795,-0.04198896884918213,0.5470466017723083,0.21600329875946045,-0.04888591542840004,0.5341718792915344,0.20112068951129913,-0.044495340436697006,0.5287989974021912,0.19060207903385162,-0.040304962545633316,Left,0.9838841557502747
15207,274,0,0.4008710980415344,0.2322249859571457,4.945112763721227e-09,0.42358383536338806,0.19659379124641418,-0.004801278002560139,0.4473915696144104,0.15581020712852478,-0.014326606877148151,0.46560734510421753,0.12586858868598938,-0.024114638566970825,0.4715195894241333,0.10905560106039047,-0.032346323132514954,0.4176255166530609,0.1335848718881607,-0.03016825206577778,0.45034873485565186,0.10841740667819977,-0.04842877760529518,0.4672095775604248,0.13170406222343445,-0.05434194579720497,0.4665337800979614,0.14988277852535248,-0.05578073486685753,0.4090355336666107,0.15628011524677277,-0.03751701861619949,0.4569531977176666,0.14826957881450653,-0.05435863882303238,0.4657554030418396,0.1747032105922699,-0.0526951402425766,0.45857155323028564,0.18666008114814758,-0.05041654407978058,0.4063837230205536,0.18738240003585815,-0.04504835605621338,0.4579111635684967,0.19169604778289795,-0.0590934082865715,0.45970937609672546,0.210453063249588,-0.05184436962008476,0.44915956258773804,0.21432867646217346,-0.046138275414705276,0.40982601046562195,0.2210262268781662,-0.05295499786734581,0.4541624188423157,0.2252611368894577,-0.06023191288113594,0.4538305699825287,0.23369485139846802,-0.05398190766572952,0.44203272461891174,0.23347291350364685,-0.04928668960928917,Right,0.9994319081306458
15207,274,1,0.5978707671165466,0.18822509050369263,-2.3939429638630827e-07,0.5926304459571838,0.1544487029314041,-0.018011413514614105,0.5826324820518494,0.13524146378040314,-0.03541257232427597,0.5609031915664673,0.13364920020103455,-0.05025892332196236,0.5387808084487915,0.14075666666030884,-0.06767531484365463,0.6050225496292114,0.16029275953769684,-0.04711626470088959,0.55702143907547,0.14947715401649475,-0.06665293872356415,0.5247654318809509,0.145704984664917,-0.0797189250588417,0.5044353008270264,0.14478799700737,-0.08664242178201675,0.5988649725914001,0.19521087408065796,-0.04647256061434746,0.5510948896408081,0.1771848499774933,-0.06123980134725571,0.5245998501777649,0.1629277467727661,-0.06670773029327393,0.5056359171867371,0.15705828368663788,-0.07105829566717148,0.5890631079673767,0.21951213479042053,-0.04520435631275177,0.5438418984413147,0.19579792022705078,-0.05558542162179947,0.5246373414993286,0.17654083669185638,-0.053169120103120804,0.5137712359428406,0.16736236214637756,-0.05129813030362129,0.577864408493042,0.23411421477794647,-0.0453624352812767,0.5423564314842224,0.2104073315858841,-0.05247695744037628,0.5278114080429077,0.1902329921722412,-0.04777937009930611,0.5192525386810303,0.17797167599201202,-0.04355877637863159,Left,0.9539861679077148
15250,275,0,0.4002000093460083,0.24079033732414246,-2.4455001579326563e-08,0.42628172039985657,0.2072708159685135,-0.005272626876831055,0.4476994276046753,0.16521185636520386,-0.01473291777074337,0.46386030316352844,0.13254444301128387,-0.02461550012230873,0.47391942143440247,0.10949773341417313,-0.03249456733465195,0.41808322072029114,0.13338470458984375,-0.02848137356340885,0.4497889578342438,0.10787062346935272,-0.04591165855526924,0.4669889807701111,0.13163888454437256,-0.04928824305534363,0.4667741060256958,0.15118597447872162,-0.04874701797962189,0.4065500795841217,0.1528121829032898,-0.035038840025663376,0.4546280801296234,0.14814786612987518,-0.05170745030045509,0.4640575051307678,0.17853116989135742,-0.04851265251636505,0.4572780430316925,0.19067411124706268,-0.04478427767753601,0.402168869972229,0.1825767457485199,-0.04208184778690338,0.454449862241745,0.19048652052879333,-0.05644718557596207,0.4574832320213318,0.21182069182395935,-0.04875437915325165,0.447305828332901,0.21609072387218475,-0.04249434918165207,0.40419721603393555,0.2158583104610443,-0.049537692219018936,0.44919493794441223,0.2233923226594925,-0.057443708181381226,0.4504249095916748,0.23288238048553467,-0.052085984498262405,0.4395119547843933,0.23255014419555664,-0.04768524318933487,Right,0.9993113875389099
15250,275,1,0.5963736772537231,0.18543434143066406,3.107646477928938e-07,0.5839285850524902,0.15280210971832275,-0.03538011386990547,0.5630018711090088,0.1386519968509674,-0.06285175681114197,0.5351695418357849,0.14613085985183716,-0.0824454128742218,0.5096646547317505,0.15836010873317719,-0.10100319981575012,0.5982125401496887,0.1452464610338211,-0.08429265022277832,0.5524938702583313,0.15645569562911987,-0.11235377937555313,0.5216163396835327,0.15752170979976654,-0.1244121640920639,0.5000829100608826,0.15418197214603424,-0.13105590641498566,0.6007295250892639,0.18102304637432098,-0.07586655765771866,0.551150918006897,0.18560633063316345,-0.10309901833534241,0.5204678773880005,0.17942547798156738,-0.10630220919847488,0.5035349726676941,0.17018747329711914,-0.10850273817777634,0.5959331393241882,0.2109600454568863,-0.06738188117742538,0.5510165691375732,0.2116442173719406,-0.09061868488788605,0.5251715779304504,0.19872744381427765,-0.09034214913845062,0.5118197798728943,0.18493197858333588,-0.0888843908905983,0.5866686701774597,0.23576952517032623,-0.061094917356967926,0.5537664890289307,0.23471778631210327,-0.07853272557258606,0.5361495018005371,0.21837390959262848,-0.0802449882030487,0.527053952217102,0.20272377133369446,-0.08031126111745834,Left,0.998624861240387
15292,276,0,0.39126473665237427,0.24583536386489868,-9.266030076560128e-08,0.4229500889778137,0.21090155839920044,-0.004006007220596075,0.4463224411010742,0.1664111316204071,-0.011588657274842262,0.4623761475086212,0.13148647546768188,-0.019708650186657906,0.47053784132003784,0.1085960790514946,-0.02585325576364994,0.41768768429756165,0.1324765831232071,-0.024296747520565987,0.4507759213447571,0.10694938898086548,-0.04035557433962822,0.46629101037979126,0.13360878825187683,-0.04377515986561775,0.4643908739089966,0.15303213894367218,-0.04382753744721413,0.40638184547424316,0.1516486257314682,-0.03083423338830471,0.4543236196041107,0.1484563648700714,-0.045973073691129684,0.46282753348350525,0.17853213846683502,-0.04380634427070618,0.455007940530777,0.19005917012691498,-0.041464585810899734,0.4012734591960907,0.18123695254325867,-0.037848811596632004,0.4534107744693756,0.19093312323093414,-0.05086570978164673,0.45668014883995056,0.21240337193012238,-0.044479090720415115,0.4473869502544403,0.21634307503700256,-0.03956184908747673,0.4025588631629944,0.21450278162956238,-0.04515814408659935,0.4466961920261383,0.22319579124450684,-0.05171729624271393,0.4479895830154419,0.23324522376060486,-0.04701443016529083,0.4382091760635376,0.23274724185466766,-0.04351257160305977,Right,0.9990295767784119
15292,276,1,0.5959156155586243,0.18921546638011932,-1.800508044880189e-07,0.5839648246765137,0.15597206354141235,-0.020491959527134895,0.5697122812271118,0.1382250338792801,-0.038286954164505005,0.5438477993011475,0.14288437366485596,-0.05360843986272812,0.5208773016929626,0.15341371297836304,-0.0712437778711319,0.6040543913841248,0.15249796211719513,-0.044042471796274185,0.5559328198432922,0.1503792405128479,-0.06617950648069382,0.5223405957221985,0.14984387159347534,-0.0820537656545639,0.5001482963562012,0.14977042376995087,-0.09104673564434052,0.6025675535202026,0.18867957592010498,-0.04368090257048607,0.5511404275894165,0.1803453415632248,-0.06052171438932419,0.5249162912368774,0.1675642877817154,-0.0687989592552185,0.5088366866111755,0.15791507065296173,-0.07550867646932602,0.5943387150764465,0.21789991855621338,-0.04386800900101662,0.5448537468910217,0.20504611730575562,-0.05822505056858063,0.5263363718986511,0.18755774199962616,-0.05839790403842926,0.5190548896789551,0.17543555796146393,-0.05790744721889496,0.5828715562820435,0.23826105892658234,-0.045701395720243454,0.5446856617927551,0.22195863723754883,-0.05608580261468887,0.5320940017700195,0.20354501903057098,-0.05351049080491066,0.5276649594306946,0.1896129995584488,-0.050848338752985,Left,0.9842198491096497
15333,277,0,0.3949239253997803,0.2456178516149521,-5.314529616384789e-08,0.4270348846912384,0.208589106798172,-0.001224614679813385,0.44844451546669006,0.16633157432079315,-0.008924879133701324,0.4625696837902069,0.13264557719230652,-0.01831718534231186,0.4706264138221741,0.10894165933132172,-0.02586153708398342,0.4180665910243988,0.13018637895584106,-0.02010519430041313,0.4496091306209564,0.10124481469392776,-0.03837386518716812,0.46693292260169983,0.126215398311615,-0.04503288120031357,0.46668219566345215,0.14788299798965454,-0.04679252207279205,0.4063372313976288,0.14851874113082886,-0.0288778617978096,0.4517180621623993,0.14103566110134125,-0.04540356621146202,0.46305280923843384,0.17261694371700287,-0.04505401477217674,0.4567334055900574,0.18725046515464783,-0.04342811554670334,0.4007260799407959,0.17765361070632935,-0.03823038190603256,0.4518839120864868,0.18466520309448242,-0.052742619067430496,0.45805343985557556,0.20866480469703674,-0.04644941911101341,0.4505465030670166,0.21446993947029114,-0.04093041643500328,0.4014032781124115,0.21160975098609924,-0.04771648719906807,0.4445333778858185,0.21899628639221191,-0.05514358729124069,0.447462260723114,0.23047322034835815,-0.04969513788819313,0.43881359696388245,0.23099151253700256,-0.045243918895721436,Right,0.9984821677207947
15333,277,1,0.588071882724762,0.20532768964767456,-3.061984159558051e-07,0.5851243138313293,0.17508098483085632,-0.0164346881210804,0.5708706378936768,0.14855548739433289,-0.03338511660695076,0.5477418899536133,0.1414801925420761,-0.048273779451847076,0.5283300876617432,0.14131592214107513,-0.06356821954250336,0.601618230342865,0.1506071239709854,-0.04427603632211685,0.5530423521995544,0.14418528974056244,-0.06864740699529648,0.5224964618682861,0.14661356806755066,-0.0834183394908905,0.5031141638755798,0.14910350739955902,-0.09048723429441452,0.6003493070602417,0.18442390859127045,-0.045737482607364655,0.5489364862442017,0.17396965622901917,-0.06663640588521957,0.520007312297821,0.1663827747106552,-0.07043605297803879,0.5021440982818604,0.16269955039024353,-0.07066620886325836,0.591851532459259,0.21469879150390625,-0.04759717360138893,0.5414931178092957,0.19905361533164978,-0.06308623403310776,0.5231634378433228,0.1840701699256897,-0.05884107947349548,0.5160681009292603,0.17501388490200043,-0.0533384308218956,0.5792562365531921,0.23816800117492676,-0.051113057881593704,0.5399589538574219,0.2181706577539444,-0.06178925186395645,0.5299669504165649,0.19921208918094635,-0.05820244178175926,0.528291642665863,0.18594567477703094,-0.053065408021211624,Left,0.9945511221885681
15375,278,0,0.3945085406303406,0.24689213931560516,-6.392239271235667e-08,0.42604243755340576,0.20567795634269714,-0.001360030029900372,0.4465653896331787,0.16205592453479767,-0.008988562040030956,0.4607584476470947,0.12797363102436066,-0.018466897308826447,0.4694312810897827,0.10644474625587463,-0.026079930365085602,0.4158250689506531,0.1278454214334488,-0.018683703616261482,0.44838947057724,0.09944680333137512,-0.03646393492817879,0.46582064032554626,0.1244041845202446,-0.04284467548131943,0.46632662415504456,0.14650151133537292,-0.044469937682151794,0.4045122563838959,0.14690658450126648,-0.027171429246664047,0.4516301453113556,0.14041198790073395,-0.04322293400764465,0.46374207735061646,0.17207270860671997,-0.042426083236932755,0.45827215909957886,0.18789894878864288,-0.040432121604681015,0.39921295642852783,0.17623038589954376,-0.036408521234989166,0.45209237933158875,0.18197162449359894,-0.050470929592847824,0.459524929523468,0.20614196360111237,-0.044270653277635574,0.4524284899234772,0.2136896550655365,-0.03871047496795654,0.4003332257270813,0.20977279543876648,-0.04586455598473549,0.4448789954185486,0.215540811419487,-0.052565500140190125,0.4483172297477722,0.2279071807861328,-0.04708893969655037,0.43932729959487915,0.2302505075931549,-0.04259819537401199,Right,0.9978781342506409
15375,278,1,0.5994176268577576,0.18484200537204742,-1.6190455198739073e-07,0.5916776061058044,0.15331046283245087,-0.019990189000964165,0.5776001811027527,0.13588695228099823,-0.03931320086121559,0.5513184666633606,0.14025859534740448,-0.05579676851630211,0.5252282619476318,0.15170101821422577,-0.07495436072349548,0.6030084490776062,0.15633562207221985,-0.04982610419392586,0.554838240146637,0.14676684141159058,-0.07138045877218246,0.5216941237449646,0.14388567209243774,-0.08688712865114212,0.4996129274368286,0.14347228407859802,-0.09563498198986053,0.598183274269104,0.19095681607723236,-0.04845259338617325,0.5465394854545593,0.17981939017772675,-0.06508906185626984,0.5222433805465698,0.16364607214927673,-0.07266749441623688,0.5072134733200073,0.15352919697761536,-0.07910045981407166,0.5884609818458557,0.21679647266864777,-0.04661497846245766,0.5400364995002747,0.20014846324920654,-0.05751674249768257,0.5228614807128906,0.17984536290168762,-0.05583839491009712,0.5163031816482544,0.16750063002109528,-0.05509839206933975,0.5772029757499695,0.23304569721221924,-0.04647087678313255,0.539276123046875,0.21443584561347961,-0.053931862115859985,0.5267922878265381,0.1937006264925003,-0.04991857707500458,0.5224117040634155,0.18063434958457947,-0.046675197780132294,Left,0.9846506714820862
15417,279,0,0.39432281255722046,0.2524109184741974,-1.0222736790410636e-07,0.4252450168132782,0.210870623588562,-0.0022320367861539125,0.44519853591918945,0.16754150390625,-0.009929709136486053,0.45982152223587036,0.1340399533510208,-0.019009040668606758,0.47032630443573,0.106253981590271,-0.02606644295156002,0.4145515561103821,0.13215476274490356,-0.02001998759806156,0.44891485571861267,0.10380105674266815,-0.03727100044488907,0.46534672379493713,0.13166095316410065,-0.043676551431417465,0.4638618230819702,0.15380467474460602,-0.04549196735024452,0.40420523285865784,0.15267732739448547,-0.027529340237379074,0.45221710205078125,0.14534145593643188,-0.042371127754449844,0.4632696211338043,0.1742473840713501,-0.04181317985057831,0.45723408460617065,0.1888148933649063,-0.040750350803136826,0.40030112862586975,0.1829122006893158,-0.035698823630809784,0.45264431834220886,0.18903952836990356,-0.04762524366378784,0.45833131670951843,0.2095707803964615,-0.04137368127703667,0.4508056938648224,0.2153639793395996,-0.03676168993115425,0.403062641620636,0.21595239639282227,-0.04419545456767082,0.4463062584400177,0.21968749165534973,-0.04928537458181381,0.44748178124427795,0.23046961426734924,-0.04338584840297699,0.4372658431529999,0.23267553746700287,-0.039170313626527786,Right,0.9975467324256897
15417,279,1,0.6082262396812439,0.1773746907711029,3.9226554804372427e-07,0.6027666926383972,0.14598646759986877,-0.026462124660611153,0.5769571661949158,0.13202564418315887,-0.04492855817079544,0.5462633967399597,0.13779976963996887,-0.05650235712528229,0.5245648622512817,0.14852102100849152,-0.06669710576534271,0.6019285917282104,0.14722584187984467,-0.06403166800737381,0.5519289970397949,0.14985275268554688,-0.08535798639059067,0.5202064514160156,0.15100686252117157,-0.09218718856573105,0.49753493070602417,0.15039756894111633,-0.09490721672773361,0.5975213050842285,0.18274977803230286,-0.05537158623337746,0.547303318977356,0.1810770183801651,-0.07452917098999023,0.525026261806488,0.1733544021844864,-0.07363191992044449,0.5149532556533813,0.1636638194322586,-0.07245449721813202,0.5887961387634277,0.21098674833774567,-0.04658122360706329,0.5455050468444824,0.19997070729732513,-0.06119471415877342,0.5309261083602905,0.18588057160377502,-0.05757514014840126,0.5257941484451294,0.1733604520559311,-0.05457387864589691,0.5790692567825317,0.2328685075044632,-0.03958297520875931,0.5471304655075073,0.21961286664009094,-0.05070018768310547,0.5371493101119995,0.20432418584823608,-0.05194426327943802,0.5328496694564819,0.19220949709415436,-0.05230126157402992,Left,0.9882471561431885
15458,280,0,0.3941443860530853,0.2556007504463196,-7.988857220198042e-08,0.4242357015609741,0.21253080666065216,-0.0010181213729083538,0.44390669465065,0.1688377857208252,-0.009237932041287422,0.45973268151283264,0.13564202189445496,-0.019025182351469994,0.46924880146980286,0.1077808141708374,-0.026787715032696724,0.4111635684967041,0.13445882499217987,-0.02142418920993805,0.4471207559108734,0.10605448484420776,-0.03789983689785004,0.46423518657684326,0.13144658505916595,-0.0427057109773159,0.4628557860851288,0.1539970189332962,-0.04341522231698036,0.40158307552337646,0.15564221143722534,-0.0296462532132864,0.45102226734161377,0.14603328704833984,-0.04405645281076431,0.46332210302352905,0.17474046349525452,-0.042285140603780746,0.457575261592865,0.1896156668663025,-0.04038725420832634,0.3987860083580017,0.18558858335018158,-0.03823481872677803,0.4525092840194702,0.18750746548175812,-0.05005102977156639,0.4591912627220154,0.20850947499275208,-0.04288918524980545,0.4516655504703522,0.215015709400177,-0.03766427934169769,0.40258339047431946,0.21845021843910217,-0.04701067879796028,0.4471164643764496,0.21862676739692688,-0.052199553698301315,0.44995585083961487,0.22879385948181152,-0.04610553756356239,0.4407244026660919,0.23106157779693604,-0.04176212102174759,Right,0.9972636699676514
15458,280,1,0.5705133676528931,0.2030310034751892,3.888262654072605e-07,0.5677517056465149,0.1747157871723175,-0.015069026499986649,0.558472752571106,0.14923062920570374,-0.029186617583036423,0.5392200946807861,0.14249612390995026,-0.03941407799720764,0.523464560508728,0.13900528848171234,-0.05028843507170677,0.60086989402771,0.14288659393787384,-0.055863671004772186,0.559409499168396,0.1416611671447754,-0.071628138422966,0.5266583561897278,0.14495638012886047,-0.07664792984724045,0.5044149160385132,0.15086296200752258,-0.07879016548395157,0.6032304167747498,0.17755790054798126,-0.05354498326778412,0.5588836669921875,0.17133966088294983,-0.0679810494184494,0.5272383093833923,0.16908960044384003,-0.06778238713741302,0.5093387365341187,0.16757595539093018,-0.06860340386629105,0.5974050760269165,0.20855523645877838,-0.04945230484008789,0.5552769899368286,0.1978224664926529,-0.06014782562851906,0.527040421962738,0.1903485208749771,-0.057122718542814255,0.511667788028717,0.1843978613615036,-0.05576504394412041,0.5866856575012207,0.23434947431087494,-0.04588336497545242,0.5560144186019897,0.2197297215461731,-0.0535205602645874,0.5361053347587585,0.20659565925598145,-0.052337996661663055,0.524502158164978,0.19780094921588898,-0.0521245151758194,Left,0.9953554272651672
15500,281,0,0.3958824574947357,0.2572157084941864,-7.106410748747294e-08,0.42838937044143677,0.2139684557914734,-0.002673814306035638,0.4474334418773651,0.16924861073493958,-0.011321681551635265,0.46118804812431335,0.13424840569496155,-0.02120634727180004,0.468376100063324,0.10663406550884247,-0.028854718431830406,0.4105736315250397,0.13417541980743408,-0.02227235585451126,0.44621655344963074,0.10628579556941986,-0.03951060026884079,0.4639367461204529,0.13272880017757416,-0.044368527829647064,0.4631279706954956,0.15550148487091064,-0.045144420117139816,0.40012481808662415,0.15469703078269958,-0.029943116009235382,0.450234591960907,0.14630699157714844,-0.04587910324335098,0.46212613582611084,0.176911860704422,-0.044397369027137756,0.4555544853210449,0.191656231880188,-0.04232490062713623,0.39679384231567383,0.18459174036979675,-0.038196101784706116,0.4509168267250061,0.18784591555595398,-0.05164601281285286,0.4576609134674072,0.21007040143013,-0.044505052268505096,0.44981610774993896,0.2165241539478302,-0.03886926919221878,0.40000781416893005,0.21745961904525757,-0.04676363989710808,0.44441908597946167,0.21979959309101105,-0.053410377353429794,0.4481056332588196,0.22994911670684814,-0.04793402925133705,0.43958279490470886,0.23116233944892883,-0.043724071234464645,Right,0.997285008430481
15500,281,1,0.5936712026596069,0.2050906866788864,-3.267266492912313e-07,0.5839340686798096,0.17546294629573822,-0.01739945262670517,0.5670536160469055,0.1523851454257965,-0.03232257068157196,0.5406979918479919,0.14486049115657806,-0.04540013149380684,0.518168032169342,0.1445874720811844,-0.059417806565761566,0.6037759780883789,0.15449708700180054,-0.03608526289463043,0.5516291260719299,0.14689360558986664,-0.05763286352157593,0.5202994346618652,0.14640887081623077,-0.07290822267532349,0.5029246807098389,0.14736327528953552,-0.08076003193855286,0.6042144894599915,0.18852050602436066,-0.03629177063703537,0.550709068775177,0.17519612610340118,-0.05111340060830116,0.5249230265617371,0.16438078880310059,-0.05640887841582298,0.5093991756439209,0.1573566496372223,-0.05952790752053261,0.5972763299942017,0.21709737181663513,-0.03737962618470192,0.5458556413650513,0.20016543567180634,-0.04809001833200455,0.528605043888092,0.18231092393398285,-0.0465046688914299,0.5213379263877869,0.17090100049972534,-0.04442571476101875,0.5857282876968384,0.23777982592582703,-0.04043525829911232,0.5443805456161499,0.21806415915489197,-0.048014119267463684,0.5331447720527649,0.19731497764587402,-0.045252714306116104,0.5290672779083252,0.18331944942474365,-0.041668523102998734,Left,0.990385890007019
15541,282,0,0.39746060967445374,0.26156869530677795,-9.246902266113466e-08,0.42252621054649353,0.2140880823135376,0.000416924012824893,0.4417658746242523,0.17046475410461426,-0.006089682225137949,0.4591751992702484,0.13893699645996094,-0.014944120310246944,0.4715612828731537,0.11594375967979431,-0.022701816633343697,0.4121346175670624,0.14130310714244843,-0.012098835781216621,0.446905255317688,0.11679404973983765,-0.026861898601055145,0.463377982378006,0.1344427466392517,-0.03525182232260704,0.4671376347541809,0.1524398922920227,-0.03956026956439018,0.4048957824707031,0.16416549682617188,-0.02050136961042881,0.4546773135662079,0.16182580590248108,-0.03280165418982506,0.46053993701934814,0.18190817534923553,-0.03491605445742607,0.45299243927001953,0.192097008228302,-0.0365770123898983,0.40359658002853394,0.1938541978597641,-0.02936926670372486,0.4540964663028717,0.1996038407087326,-0.03786887973546982,0.4550609588623047,0.21360909938812256,-0.03324409946799278,0.4466800093650818,0.2165626883506775,-0.0307201836258173,0.4075377583503723,0.22411397099494934,-0.03872237354516983,0.4487159252166748,0.227836474776268,-0.04135898873209953,0.4480664134025574,0.23496603965759277,-0.03584789112210274,0.4390537142753601,0.2358866184949875,-0.03232218697667122,Right,0.9930528998374939
15541,282,1,0.6044014096260071,0.1878058910369873,-2.0970732350633625e-07,0.5987726449966431,0.15794450044631958,-0.014587964862585068,0.5806017518043518,0.1429273635149002,-0.030906833708286285,0.5487172603607178,0.14683060348033905,-0.045192450284957886,0.520318329334259,0.15849193930625916,-0.06207442656159401,0.6067502498626709,0.1708725541830063,-0.0428389273583889,0.5561001300811768,0.16202734410762787,-0.06187410652637482,0.5241603851318359,0.1552504599094391,-0.07583627104759216,0.5049413442611694,0.15265312790870667,-0.08383539319038391,0.6031955480575562,0.20336323976516724,-0.04341122508049011,0.5543383955955505,0.18963736295700073,-0.055638499557971954,0.5291001200675964,0.171563521027565,-0.06062745302915573,0.5134830474853516,0.16139186918735504,-0.06610666960477829,0.5944914817810059,0.2258947342634201,-0.0433056578040123,0.5489527583122253,0.2089863419532776,-0.052124880254268646,0.531005322933197,0.18762677907943726,-0.05013801530003548,0.5240670442581177,0.17546573281288147,-0.04971403628587723,0.5833314061164856,0.23945918679237366,-0.044436048716306686,0.5480395555496216,0.22239035367965698,-0.0517338365316391,0.5343807935714722,0.2003362625837326,-0.047998398542404175,0.5276230573654175,0.18652932345867157,-0.0451841801404953,Left,0.9530145525932312
15583,283,0,0.3942168653011322,0.26151034235954285,-6.485937831257615e-08,0.4253743588924408,0.2116953432559967,-0.003844154765829444,0.4487226903438568,0.17011266946792603,-0.011289401911199093,0.46312445402145386,0.14329856634140015,-0.01976224035024643,0.4699627757072449,0.1241472065448761,-0.027063876390457153,0.4111923575401306,0.1524764746427536,-0.017833426594734192,0.44981488585472107,0.1353391408920288,-0.03373424708843231,0.46041202545166016,0.15464752912521362,-0.04436938464641571,0.4565923810005188,0.1684798002243042,-0.050945479422807693,0.40402188897132874,0.18124662339687347,-0.02460087649524212,0.4525967538356781,0.17733174562454224,-0.0355900339782238,0.4584795832633972,0.19064098596572876,-0.03847653046250343,0.4511677920818329,0.19619017839431763,-0.04259528964757919,0.40333935618400574,0.21423259377479553,-0.03205302730202675,0.45136693120002747,0.2135341912508011,-0.0405704528093338,0.4541740119457245,0.22269095480442047,-0.036628130823373795,0.44670015573501587,0.22496773302555084,-0.035735271871089935,0.4068767726421356,0.2470770925283432,-0.04032611846923828,0.44596678018569946,0.24757930636405945,-0.04436512663960457,0.44709667563438416,0.25321686267852783,-0.039467811584472656,0.4394933581352234,0.25568896532058716,-0.03716302290558815,Right,0.9899095892906189
15583,283,1,0.5925974249839783,0.18204501271247864,3.6638331835092686e-07,0.5858415961265564,0.1552063226699829,-0.02902669459581375,0.566333532333374,0.14552006125450134,-0.05076928436756134,0.5402088165283203,0.15211912989616394,-0.06578593701124191,0.5156303644180298,0.16046811640262604,-0.07970312982797623,0.6024842858314514,0.155610591173172,-0.0681326761841774,0.5581851005554199,0.16811802983283997,-0.09124575555324554,0.5296577215194702,0.16976049542427063,-0.10087137669324875,0.5077605247497559,0.1667596399784088,-0.10591956228017807,0.6021456122398376,0.186480313539505,-0.06005016341805458,0.5541559457778931,0.1919480413198471,-0.08203820884227753,0.5262574553489685,0.18375155329704285,-0.08337092399597168,0.5105581879615784,0.17408260703086853,-0.08404891937971115,0.5947750806808472,0.21252946555614471,-0.05206432193517685,0.5486475229263306,0.21286720037460327,-0.07074227184057236,0.5275609493255615,0.19621293246746063,-0.06882338225841522,0.517481803894043,0.18043307960033417,-0.06636620312929153,0.5847231149673462,0.23331007361412048,-0.04588286578655243,0.548766016960144,0.22873002290725708,-0.0603196881711483,0.5339930057525635,0.21045133471488953,-0.061580292880535126,0.5267912149429321,0.1945761889219284,-0.061302702873945236,Left,0.9978469610214233
15627,284,0,0.3854939341545105,0.2546531558036804,1.3779131613489426e-08,0.40721362829208374,0.20971369743347168,-0.0025892287958413363,0.4332846403121948,0.17316068708896637,-0.012851480394601822,0.4578131437301636,0.14959314465522766,-0.023872124031186104,0.4699133634567261,0.1309119164943695,-0.03378139063715935,0.4079989194869995,0.1605510413646698,-0.030739495530724525,0.44856563210487366,0.14335709810256958,-0.04618779942393303,0.4664112627506256,0.1573190689086914,-0.05164158344268799,0.4668779671192169,0.1732252836227417,-0.053515128791332245,0.4048636257648468,0.1904889941215515,-0.038647718727588654,0.46181225776672363,0.18655937910079956,-0.050821296870708466,0.4647042155265808,0.20126087963581085,-0.04711383208632469,0.4515874981880188,0.20836693048477173,-0.04529775306582451,0.4076041579246521,0.22386756539344788,-0.04622242972254753,0.46158260107040405,0.22473500669002533,-0.054081980139017105,0.458438515663147,0.23409506678581238,-0.04388796538114548,0.4447943866252899,0.2369728684425354,-0.038430798798799515,0.41381600499153137,0.2563478350639343,-0.05447307974100113,0.4589312672615051,0.2547038197517395,-0.05717566981911659,0.45548710227012634,0.2571530044078827,-0.048661090433597565,0.44252824783325195,0.2582423686981201,-0.043619174510240555,Right,0.9985454082489014
15627,284,1,0.5652765035629272,0.18206705152988434,-7.391750500573835e-08,0.5667582750320435,0.1577472686767578,-0.026398245245218277,0.5676811337471008,0.13967759907245636,-0.04708033427596092,0.5549408197402954,0.14575719833374023,-0.06263752281665802,0.5406749844551086,0.15775398910045624,-0.07730992138385773,0.6093090772628784,0.15650032460689545,-0.05400872975587845,0.5694342851638794,0.1518554538488388,-0.07946857064962387,0.537384569644928,0.15456382930278778,-0.0945122241973877,0.5117689967155457,0.15576937794685364,-0.10227231681346893,0.6091923713684082,0.19113224744796753,-0.04966622218489647,0.5694323778152466,0.18442054092884064,-0.07282262295484543,0.5364540815353394,0.1790969967842102,-0.07865893095731735,0.5120018720626831,0.17599520087242126,-0.08049063384532928,0.6000204682350159,0.21770603954792023,-0.04605603590607643,0.5579186081886292,0.20543931424617767,-0.06486309319734573,0.5325032472610474,0.19355829060077667,-0.06237328052520752,0.5167379975318909,0.1843075156211853,-0.05806081369519234,0.5868097543716431,0.23708504438400269,-0.04452740028500557,0.5535843372344971,0.22294431924819946,-0.05604773014783859,0.5360453128814697,0.2103056162595749,-0.052799779921770096,0.5274742245674133,0.20310772955417633,-0.048407141119241714,Left,0.9941015839576721
15670,285,0,0.38987940549850464,0.24403704702854156,6.791654527660285e-08,0.407778263092041,0.20219598710536957,-0.004075482953339815,0.4336729347705841,0.16509383916854858,-0.014693907462060452,0.45644089579582214,0.14275847375392914,-0.02523050643503666,0.4668746888637543,0.13820618391036987,-0.03441334888339043,0.4087427854537964,0.16194316744804382,-0.033171508461236954,0.4502696692943573,0.14493593573570251,-0.04915748909115791,0.46622177958488464,0.16011564433574677,-0.05535589158535004,0.46304160356521606,0.17530114948749542,-0.05729829892516136,0.40592408180236816,0.19249212741851807,-0.039202746003866196,0.46089062094688416,0.18768788874149323,-0.05162959173321724,0.4649486541748047,0.19935749471187592,-0.04814821109175682,0.4498172998428345,0.20464342832565308,-0.046347726136446,0.4081740975379944,0.22475804388523102,-0.044790562242269516,0.461107462644577,0.22410200536251068,-0.05191265791654587,0.4597281217575073,0.2307528555393219,-0.04204733297228813,0.4448135495185852,0.23214781284332275,-0.03663812205195427,0.41411319375038147,0.2557494044303894,-0.05101844295859337,0.4584207832813263,0.2510393261909485,-0.052127379924058914,0.45451393723487854,0.2533688545227051,-0.04322414845228195,0.4393771290779114,0.2544894516468048,-0.03808716684579849,Right,0.9936081767082214
15670,285,1,0.571488618850708,0.193409726023674,-2.2067899863031926e-07,0.5768256187438965,0.16738265752792358,-0.018101094290614128,0.5759555101394653,0.1458197683095932,-0.03490590676665306,0.5596902966499329,0.146907776594162,-0.04909593239426613,0.5432332158088684,0.15587632358074188,-0.06275327503681183,0.6124091148376465,0.16571615636348724,-0.04021843150258064,0.5724274516105652,0.15319818258285522,-0.06575099378824234,0.5394823551177979,0.1549307107925415,-0.082035131752491,0.515658438205719,0.15959952771663666,-0.08999110758304596,0.6078767776489258,0.1977206915616989,-0.04012779891490936,0.5660144090652466,0.1857457160949707,-0.06325895339250565,0.5344929695129395,0.1794319748878479,-0.06899517774581909,0.5145090222358704,0.17698980867862701,-0.06968783587217331,0.5964803695678711,0.22314953804016113,-0.0408501997590065,0.5540323853492737,0.20567065477371216,-0.05913744494318962,0.5277197957038879,0.19319382309913635,-0.05571665242314339,0.5146810412406921,0.18544131517410278,-0.049872398376464844,0.582753598690033,0.24189499020576477,-0.043215978890657425,0.5467355847358704,0.22229117155075073,-0.054655078798532486,0.5298295617103577,0.20855699479579926,-0.050767574459314346,0.5238122344017029,0.2027968019247055,-0.045002054423093796,Left,0.9974468946456909
15712,286,0,0.39531487226486206,0.24048060178756714,8.773105975024009e-08,0.4077862799167633,0.19714538753032684,-0.002843750175088644,0.43130290508270264,0.16201578080654144,-0.01214941032230854,0.4519026279449463,0.13942815363407135,-0.02180277742445469,0.4663785398006439,0.13285936415195465,-0.03076646290719509,0.40774011611938477,0.1588529348373413,-0.026555752381682396,0.4396614730358124,0.14080514013767242,-0.04295317828655243,0.4567875862121582,0.14910085499286652,-0.053123243153095245,0.4625716209411621,0.15848170220851898,-0.058889634907245636,0.40516388416290283,0.18798749148845673,-0.03337346017360687,0.454196572303772,0.18256020545959473,-0.047511082142591476,0.4577123522758484,0.19120793044567108,-0.048441626131534576,0.44617363810539246,0.19379444420337677,-0.049670182168483734,0.4086676239967346,0.21934270858764648,-0.039750516414642334,0.4573790431022644,0.2163190096616745,-0.048399269580841064,0.4539313316345215,0.22286750376224518,-0.040051233023405075,0.43975830078125,0.222725510597229,-0.03544553741812706,0.4153794050216675,0.2496378868818283,-0.04672499746084213,0.4561898112297058,0.24362397193908691,-0.04903050512075424,0.45000433921813965,0.24784177541732788,-0.04033707082271576,0.4348580539226532,0.24854204058647156,-0.03508402034640312,Right,0.9936363697052002
15712,286,1,0.5756824016571045,0.19774536788463593,-2.311980864533325e-07,0.5765231251716614,0.1727207452058792,-0.019216807559132576,0.5692892074584961,0.14992445707321167,-0.037169940769672394,0.5512571334838867,0.15076887607574463,-0.051986828446388245,0.5364218354225159,0.1595747172832489,-0.06581355631351471,0.6116439700126648,0.1586901694536209,-0.0448031947016716,0.5670341849327087,0.15211822092533112,-0.06866190582513809,0.5345637202262878,0.15650877356529236,-0.08154284954071045,0.5107200741767883,0.16043321788311005,-0.08731427788734436,0.6088829636573792,0.19187985360622406,-0.04439006745815277,0.5616418123245239,0.18215185403823853,-0.06689637899398804,0.5302408933639526,0.17859044671058655,-0.07063223421573639,0.5089842081069946,0.17515578866004944,-0.07008637487888336,0.597804069519043,0.22040392458438873,-0.04453352093696594,0.5499222278594971,0.20397090911865234,-0.06226172670722008,0.5249914526939392,0.19241009652614594,-0.05789036676287651,0.5120304226875305,0.18310260772705078,-0.051778167486190796,0.5830388069152832,0.24330371618270874,-0.04641077667474747,0.5436581373214722,0.22377732396125793,-0.059500835835933685,0.5277264714241028,0.20690058171749115,-0.057075947523117065,0.5218524932861328,0.19527406990528107,-0.05223431438207626,Left,0.9988930821418762
15755,287,0,0.39714232087135315,0.23001137375831604,1.9933642647629313e-07,0.4184844493865967,0.1934126615524292,-0.005473690573126078,0.43788132071495056,0.15569888055324554,-0.01558492612093687,0.4504767060279846,0.12947174906730652,-0.02551468089222908,0.46027255058288574,0.1101747527718544,-0.03435763344168663,0.40346813201904297,0.13829979300498962,-0.030566837638616562,0.42865729331970215,0.11676847189664841,-0.04804292693734169,0.44973480701446533,0.1241500973701477,-0.05724795162677765,0.4594643712043762,0.13518108427524567,-0.06209920346736908,0.3970053195953369,0.16359446942806244,-0.03739560768008232,0.4390818476676941,0.15546497702598572,-0.053938936442136765,0.4512214958667755,0.1679491251707077,-0.05554477497935295,0.4494630992412567,0.1754412204027176,-0.05674877390265465,0.39752885699272156,0.19641660153865814,-0.04403640329837799,0.4468909800052643,0.1948285698890686,-0.05723205581307411,0.4497823715209961,0.2074047029018402,-0.050194740295410156,0.44034236669540405,0.21149380505084991,-0.04530337452888489,0.4028683304786682,0.22959062457084656,-0.05125514045357704,0.4451090693473816,0.22595027089118958,-0.05885171517729759,0.4448116421699524,0.23174382746219635,-0.05217139795422554,0.4342302978038788,0.2334088385105133,-0.047165535390377045,Right,0.9997148513793945
15755,287,1,0.5919775366783142,0.2041301727294922,-2.465563966325135e-07,0.5918543934822083,0.16797475516796112,-0.013460252434015274,0.5786389112472534,0.1414320468902588,-0.028094619512557983,0.5537502765655518,0.14124125242233276,-0.041898854076862335,0.5313352942466736,0.14878669381141663,-0.056541841477155685,0.6154823899269104,0.15680964291095734,-0.03136979788541794,0.5706535577774048,0.13831433653831482,-0.053590547293424606,0.5400510430335999,0.1394507884979248,-0.06946185976266861,0.5191980600357056,0.1442859172821045,-0.07694656401872635,0.6089160442352295,0.18960800766944885,-0.03334322199225426,0.5621214509010315,0.1684700846672058,-0.05086757242679596,0.5348202586174011,0.16106750071048737,-0.0570824034512043,0.5157894492149353,0.15656106173992157,-0.059264376759529114,0.595880389213562,0.21709603071212769,-0.035973139107227325,0.5490036606788635,0.18966825306415558,-0.04912704601883888,0.529675304889679,0.17580156028270721,-0.04891877993941307,0.5204444527626038,0.16859060525894165,-0.046323150396347046,0.5804024338722229,0.23614934086799622,-0.039890412241220474,0.5419254302978516,0.20713065564632416,-0.0482235811650753,0.5310807824134827,0.18653908371925354,-0.04567953199148178,0.5274040102958679,0.17451100051403046,-0.0415925495326519,Left,0.9993629455566406
15795,288,0,0.3911494016647339,0.22587162256240845,1.054320009075127e-07,0.41003772616386414,0.19073165953159332,-0.005332157015800476,0.42768508195877075,0.15110333263874054,-0.01596531644463539,0.44438502192497253,0.12292319536209106,-0.026427850127220154,0.4596288800239563,0.10489729046821594,-0.035745542496442795,0.3986920714378357,0.13454674184322357,-0.033991556614637375,0.428780198097229,0.10607663542032242,-0.05306968837976456,0.4519444704055786,0.11898364126682281,-0.058954350650310516,0.4589121341705322,0.1362406313419342,-0.05983928591012955,0.39215022325515747,0.15890879929065704,-0.040398068726062775,0.44207847118377686,0.14717374742031097,-0.058006688952445984,0.4581143260002136,0.1692257672548294,-0.05497800558805466,0.4545648396015167,0.1833760291337967,-0.05143173784017563,0.3917791247367859,0.19033589959144592,-0.04695369303226471,0.44324058294296265,0.18625789880752563,-0.06153691187500954,0.4544912874698639,0.2005581259727478,-0.053220950067043304,0.44934752583503723,0.20768240094184875,-0.04631757736206055,0.3963884115219116,0.2227342277765274,-0.05376574397087097,0.43851137161254883,0.21857166290283203,-0.06098152697086334,0.44627082347869873,0.22410805523395538,-0.05387061834335327,0.44033581018447876,0.22627806663513184,-0.048144202679395676,Right,0.9997894763946533
15795,288,1,0.5908569097518921,0.19320055842399597,-2.536088459237362e-07,0.5861544013023376,0.16665109992027283,-0.012740874662995338,0.5741497278213501,0.1451452672481537,-0.0255573857575655,0.5520942807197571,0.14035411179065704,-0.038122985512018204,0.5331109166145325,0.14329646527767181,-0.05178019031882286,0.6120180487632751,0.13457325100898743,-0.024126648902893066,0.5676325559616089,0.1320754438638687,-0.04345136135816574,0.5374734997749329,0.13872689008712769,-0.058303456753492355,0.5181097984313965,0.14469559490680695,-0.06585130840539932,0.6131905317306519,0.16749775409698486,-0.027010371908545494,0.5695984363555908,0.16205310821533203,-0.040240366011857986,0.542682409286499,0.16261433064937592,-0.04555200785398483,0.5250498652458191,0.16450247168540955,-0.04807073622941971,0.606450080871582,0.19892571866512299,-0.03114631213247776,0.5639545917510986,0.19216293096542358,-0.041322603821754456,0.5431682467460632,0.1845039278268814,-0.04001026973128319,0.5323904156684875,0.1797862946987152,-0.037417247891426086,0.5952651500701904,0.2248239517211914,-0.03674612566828728,0.5593857765197754,0.21391546726226807,-0.041043274104595184,0.5472460389137268,0.20112432539463043,-0.03642314299941063,0.5430514812469482,0.1920309215784073,-0.03177414461970329,Left,0.9978464245796204
15836,289,0,0.395832359790802,0.2269487977027893,9.046765825360126e-08,0.4150375723838806,0.18967977166175842,-0.00602972274646163,0.4305291175842285,0.14822405576705933,-0.016682539135217667,0.4428415596485138,0.1187952309846878,-0.027313049882650375,0.4527851343154907,0.1008961945772171,-0.036654774099588394,0.3958227038383484,0.1321646124124527,-0.03265414386987686,0.42478272318840027,0.10189331322908401,-0.05061023309826851,0.4460926651954651,0.11608436703681946,-0.0552837997674942,0.45136821269989014,0.13433797657489777,-0.05551046505570412,0.3876933455467224,0.15539781749248505,-0.03848113492131233,0.43377187848091125,0.14154401421546936,-0.054875168949365616,0.44846686720848083,0.16255392134189606,-0.05189720168709755,0.44469085335731506,0.1752973347902298,-0.04857316240668297,0.38675403594970703,0.18560394644737244,-0.04455162584781647,0.4351481795310974,0.18142169713974,-0.05826584994792938,0.44558846950531006,0.19565603137016296,-0.050515204668045044,0.44053301215171814,0.20177477598190308,-0.04423505440354347,0.39133375883102417,0.21671637892723083,-0.051016438752412796,0.4305087625980377,0.21302111446857452,-0.05845019221305847,0.4393943250179291,0.21800294518470764,-0.05241962522268295,0.435135155916214,0.21975401043891907,-0.047453224658966064,Right,0.9993411898612976
15836,289,1,0.6026040315628052,0.19331400096416473,-2.581525961886655e-07,0.5994032621383667,0.1597651243209839,-0.011299516074359417,0.5877585411071777,0.1385631114244461,-0.02278202399611473,0.5647783279418945,0.133848175406456,-0.03402972221374512,0.5422672629356384,0.13738097250461578,-0.04702480137348175,0.6181793808937073,0.13795900344848633,-0.023887207731604576,0.5706145763397217,0.13240380585193634,-0.04204712063074112,0.5406178832054138,0.13525722920894623,-0.05627943202853203,0.5219247341156006,0.139072984457016,-0.06340669840574265,0.6157468557357788,0.17095109820365906,-0.025973983108997345,0.5661219358444214,0.16233286261558533,-0.03705810010433197,0.5413942933082581,0.15805383026599884,-0.0419127456843853,0.5244424343109131,0.15672989189624786,-0.044863875955343246,0.6069260835647583,0.1997542530298233,-0.028861068189144135,0.5588677525520325,0.1892586648464203,-0.036933716386556625,0.5408899784088135,0.17804011702537537,-0.03539041802287102,0.5310102701187134,0.1712639182806015,-0.033103082329034805,0.5945658683776855,0.22107607126235962,-0.033105943351984024,0.5562769770622253,0.20787271857261658,-0.03688029572367668,0.5452697277069092,0.19300276041030884,-0.03201088681817055,0.5400335788726807,0.1822512447834015,-0.027074294164776802,Left,0.9945616126060486
15878,290,0,0.3898833394050598,0.225319966673851,1.8236494270240655e-07,0.39839795231819153,0.18022605776786804,-0.006001726724207401,0.4017031192779541,0.14019064605236053,-0.014996444806456566,0.4040345847606659,0.11225219070911407,-0.024116890504956245,0.4090980589389801,0.09015721827745438,-0.032794978469610214,0.37070029973983765,0.13781103491783142,-0.025516362860798836,0.37651610374450684,0.1055743619799614,-0.042801763862371445,0.3954735994338989,0.1000441461801529,-0.052908655256032944,0.4087526798248291,0.1037898063659668,-0.058327507227659225,0.3673926889896393,0.1616913080215454,-0.030734168365597725,0.39108362793922424,0.14405028522014618,-0.04623423144221306,0.40814486145973206,0.14970365166664124,-0.0484771803021431,0.41170385479927063,0.15846139192581177,-0.049551572650671005,0.37102243304252625,0.1921183168888092,-0.036273401230573654,0.39850467443466187,0.18121784925460815,-0.049426235258579254,0.41130539774894714,0.18270915746688843,-0.04525374248623848,0.41058287024497986,0.18671682476997375,-0.041543617844581604,0.3794257640838623,0.22181639075279236,-0.04233931005001068,0.4040299952030182,0.2136470377445221,-0.05049611255526543,0.4128408133983612,0.20944073796272278,-0.046457838267087936,0.4099172353744507,0.2086004763841629,-0.04266012832522392,Right,0.9988712668418884
15878,290,1,0.6259918212890625,0.18073979020118713,-2.4114834218380565e-07,0.6213088035583496,0.14859595894813538,-0.017173249274492264,0.6048145294189453,0.12893204391002655,-0.03283894434571266,0.5757699608802795,0.1309480369091034,-0.045457128435373306,0.5497801303863525,0.1420447826385498,-0.060408759862184525,0.632617175579071,0.15759199857711792,-0.04539335146546364,0.5836476683616638,0.14607354998588562,-0.06441740691661835,0.5520408749580383,0.13751287758350372,-0.07733907550573349,0.5313864350318909,0.13425970077514648,-0.08433878421783447,0.6289430856704712,0.18960776925086975,-0.044078413397073746,0.5746663212776184,0.17517997324466705,-0.05693734809756279,0.54924476146698,0.15760116279125214,-0.06238922104239464,0.5336074233055115,0.1476665735244751,-0.06785895675420761,0.6196589469909668,0.2136143445968628,-0.04214579239487648,0.5707175135612488,0.19681194424629211,-0.053045619279146194,0.551275908946991,0.17409324645996094,-0.05271132290363312,0.5419899225234985,0.16313181817531586,-0.052525099366903305,0.6083559393882751,0.23093312978744507,-0.041364602744579315,0.5721980929374695,0.211274653673172,-0.051372379064559937,0.5584756135940552,0.1883709877729416,-0.04961101710796356,0.5509693026542664,0.17476876080036163,-0.04746474698185921,Left,0.9688578248023987
15920,291,0,0.6451536417007446,0.20294755697250366,2.1261942606543016e-07,0.6371552348136902,0.16691172122955322,-0.032136112451553345,0.6178756356239319,0.14205098152160645,-0.058094896376132965,0.5858592987060547,0.14013642072677612,-0.07778441160917282,0.5594010949134827,0.14541077613830566,-0.09699562191963196,0.6482153534889221,0.1478251963853836,-0.0774214044213295,0.6029759049415588,0.14836518466472626,-0.10390576720237732,0.5715172290802002,0.14900633692741394,-0.11628492921590805,0.5487886071205139,0.14724531769752502,-0.12362593412399292,0.647475004196167,0.18533219397068024,-0.07038060575723648,0.5992658734321594,0.1774412989616394,-0.09302918612957001,0.5686931014060974,0.17124494910240173,-0.0950012356042862,0.5506974458694458,0.16524989902973175,-0.09771616756916046,0.6391286253929138,0.21524834632873535,-0.06323839724063873,0.5922442078590393,0.20180171728134155,-0.08169905096292496,0.5687831044197083,0.18840083479881287,-0.07831993699073792,0.5566844940185547,0.1757442057132721,-0.07612241804599762,0.6254132986068726,0.23898395895957947,-0.05860618129372597,0.5900842547416687,0.22389614582061768,-0.07065381109714508,0.5757133960723877,0.2076205611228943,-0.06889194250106812,0.568727970123291,0.1947794407606125,-0.0675789937376976,Left,0.9991905093193054
15962,292,0,0.615025520324707,0.18822365999221802,3.398595822545758e-07,0.6160513758659363,0.15007330477237701,-0.017014598473906517,0.6187660694122314,0.12786225974559784,-0.03983169049024582,0.6280649900436401,0.1314993053674698,-0.05857580155134201,0.640515923500061,0.14633266627788544,-0.07864104211330414,0.6222085952758789,0.1671183556318283,-0.0698535293340683,0.6209022402763367,0.15217925608158112,-0.08984483778476715,0.6361470818519592,0.150025874376297,-0.09795396775007248,0.6522315144538879,0.1567033976316452,-0.10187031328678131,0.6190473437309265,0.20621439814567566,-0.06975393742322922,0.617857038974762,0.17957353591918945,-0.0864742323756218,0.6300559043884277,0.16517797112464905,-0.08367279171943665,0.6418749094009399,0.16381055116653442,-0.08311783522367477,0.6167125701904297,0.2324833869934082,-0.06752005964517593,0.6210718154907227,0.20119871199131012,-0.07688549160957336,0.6291918158531189,0.1850198656320572,-0.06357918679714203,0.6364887356758118,0.18532656133174896,-0.055147435516119,0.6161585450172424,0.2467547357082367,-0.06676768511533737,0.6205256581306458,0.2182602882385254,-0.07210707664489746,0.6298412680625916,0.20096534490585327,-0.06242386996746063,0.6380065083503723,0.19570067524909973,-0.05565236136317253,Right,0.7115243673324585
16006,293,0,0.6315285563468933,0.21822787821292877,-8.018088237804477e-08,0.6418993473052979,0.18139402568340302,-0.021063506603240967,0.6444284319877625,0.15034541487693787,-0.043416451662778854,0.638238787651062,0.14028826355934143,-0.06171388924121857,0.6320423483848572,0.14359691739082336,-0.08140775561332703,0.6211593747138977,0.1482848972082138,-0.07220932096242905,0.6428966522216797,0.13955895602703094,-0.10013919323682785,0.6632359623908997,0.14815354347229004,-0.114507757127285,0.6781027317047119,0.15446802973747253,-0.12162864208221436,0.6152574419975281,0.1803446114063263,-0.07040281593799591,0.6371026635169983,0.17944949865341187,-0.0924840047955513,0.6612021327018738,0.18668462336063385,-0.09378905594348907,0.6772933602333069,0.1863439381122589,-0.094423808157444,0.6119818091392517,0.21008090674877167,-0.06754221022129059,0.6338773369789124,0.20650872588157654,-0.08582644164562225,0.6557818651199341,0.21013511717319489,-0.08074210584163666,0.6702077388763428,0.2098875641822815,-0.07562190294265747,0.6106548309326172,0.2354363054037094,-0.06586039811372757,0.6289977431297302,0.23021848499774933,-0.07845328003168106,0.6452915668487549,0.22784486413002014,-0.07429695129394531,0.6546310186386108,0.22402843832969666,-0.06965859979391098,Right,0.9176389575004578
16334,302,0,0.697608470916748,0.30160805583000183,-1.2760735046413174e-07,0.6490329504013062,0.2845282554626465,-0.007169116288423538,0.6008617281913757,0.31060731410980225,-0.017077237367630005,0.5705485939979553,0.3518637716770172,-0.024420831352472305,0.5578731894493103,0.38621634244918823,-0.032794639468193054,0.6185081601142883,0.29290786385536194,-0.03179774433374405,0.5818343162536621,0.34305694699287415,-0.044403690844774246,0.5696879029273987,0.37210774421691895,-0.0509033128619194,0.5613219738006592,0.38946014642715454,-0.05444388464093208,0.640079140663147,0.3084292411804199,-0.03235486149787903,0.6036308407783508,0.3698674738407135,-0.04095575585961342,0.5869565010070801,0.3942938446998596,-0.04162568226456642,0.5764232277870178,0.4009935259819031,-0.04336247593164444,0.6561009883880615,0.3302088677883148,-0.03206395357847214,0.6200377941131592,0.3857293725013733,-0.03880888223648071,0.6026353240013123,0.40319526195526123,-0.03409561142325401,0.5918492674827576,0.4045295715332031,-0.0310396496206522,0.6682748198509216,0.3548066020011902,-0.03155283257365227,0.6398019194602966,0.3981724977493286,-0.036679547280073166,0.6250169277191162,0.40722328424453735,-0.03218463808298111,0.6155331134796143,0.4070892333984375,-0.028198067098855972,Left,0.9875482320785522
16381,303,0,0.7008004784584045,0.3024516701698303,-1.158351370378341e-08,0.65196293592453,0.28934094309806824,-0.0012947437353432178,0.6117679476737976,0.31111401319503784,-0.00910236407071352,0.5880590081214905,0.3476884365081787,-0.016322089359164238,0.580591082572937,0.3820972144603729,-0.024397199973464012,0.6231425404548645,0.30217331647872925,-0.022563228383660316,0.5944051146507263,0.3510432541370392,-0.035510286688804626,0.5802963376045227,0.3805406987667084,-0.04267293959856033,0.569855809211731,0.3997434079647064,-0.04610627517104149,0.6455640196800232,0.3228771984577179,-0.027428511530160904,0.609420657157898,0.3880339562892914,-0.03866686299443245,0.5874738693237305,0.41474583745002747,-0.041722752153873444,0.5721404552459717,0.42497655749320984,-0.04380824789404869,0.6616842746734619,0.34596389532089233,-0.031233765184879303,0.6218490600585938,0.4071292579174042,-0.04091198742389679,0.6017627120018005,0.42363157868385315,-0.03835685923695564,0.589053213596344,0.4248420298099518,-0.03504844754934311,0.6722910404205322,0.3670230805873871,-0.03454995155334473,0.6377652287483215,0.41230064630508423,-0.04043322056531906,0.6203916668891907,0.4233829379081726,-0.03639734536409378,0.6086992621421814,0.42443352937698364,-0.032044462859630585,Left,0.9970227479934692
16427,304,0,0.6880992650985718,0.3155179023742676,1.0257245719458297e-07,0.6441830396652222,0.3031580448150635,-0.004919462371617556,0.6050660014152527,0.3251015543937683,-0.014311515726149082,0.5830233693122864,0.36138638854026794,-0.02162921242415905,0.5756602883338928,0.39526915550231934,-0.03002517856657505,0.6156849265098572,0.31660759449005127,-0.03459338843822479,0.5906263589859009,0.3637368381023407,-0.049420762807130814,0.579077959060669,0.3928144574165344,-0.05644325539469719,0.5712417364120483,0.41298794746398926,-0.05918700993061066,0.6381590366363525,0.3375272750854492,-0.037472158670425415,0.6063287258148193,0.4036303758621216,-0.05091759189963341,0.5839673280715942,0.4325452446937561,-0.05422459915280342,0.5681874752044678,0.44612807035446167,-0.05586652085185051,0.6546244025230408,0.36020731925964355,-0.038833633065223694,0.6216096878051758,0.4232163429260254,-0.049516454339027405,0.600301206111908,0.44299769401550293,-0.04836924001574516,0.5843325257301331,0.4487292170524597,-0.046007681638002396,0.6662593483924866,0.379127562046051,-0.039618704468011856,0.6379871368408203,0.4244745075702667,-0.04637330025434494,0.62066650390625,0.43920356035232544,-0.043608408421278,0.6068745851516724,0.4452517032623291,-0.04008321091532707,Left,0.9992342591285706
16471,305,0,0.6739652156829834,0.33698540925979614,1.708815062784197e-07,0.6302601099014282,0.32173460721969604,-0.005801827181130648,0.5948907732963562,0.3424920439720154,-0.01628078706562519,0.5764262676239014,0.37986254692077637,-0.024192849174141884,0.5717659592628479,0.41481852531433105,-0.03305143862962723,0.6128984689712524,0.33337274193763733,-0.0390898659825325,0.5901736617088318,0.37860289216041565,-0.054136522114276886,0.578564465045929,0.4096871316432953,-0.06032434105873108,0.5707908868789673,0.43277445435523987,-0.062130920588970184,0.6361294984817505,0.3581126034259796,-0.04109640792012215,0.6029277443885803,0.4263104200363159,-0.055183958262205124,0.5791087746620178,0.4560769200325012,-0.056796710938215256,0.5639539361000061,0.4695923924446106,-0.0567423552274704,0.6512648463249207,0.38435879349708557,-0.041202154010534286,0.6150479912757874,0.4505889415740967,-0.05219303071498871,0.5934959650039673,0.46380534768104553,-0.04874535650014877,0.5810168385505676,0.46201175451278687,-0.04388592019677162,0.6598504781723022,0.4060888886451721,-0.040703192353248596,0.627266526222229,0.45411252975463867,-0.046430423855781555,0.6087163686752319,0.4622195065021515,-0.04127076640725136,0.5970390439033508,0.45912402868270874,-0.03561635687947273,Left,0.9998874068260193
16471,305,1,0.3284963071346283,0.3912445306777954,-2.1672320826837677e-07,0.359059602022171,0.3693386912345886,-0.01102393213659525,0.3890109956264496,0.35643529891967773,-0.026557764038443565,0.40891942381858826,0.3654646873474121,-0.039121586829423904,0.41211485862731934,0.39158448576927185,-0.05104317516088486,0.3514103889465332,0.3341653347015381,-0.05286489799618721,0.3760361671447754,0.38757696747779846,-0.0717778280377388,0.3892831802368164,0.4061523973941803,-0.07694558799266815,0.3930632770061493,0.4054124057292938,-0.07680199295282364,0.3255649507045746,0.35430121421813965,-0.05290781334042549,0.36567384004592896,0.4265366196632385,-0.06865271925926208,0.37745141983032227,0.43062207102775574,-0.06460851430892944,0.37497395277023315,0.4158993065357208,-0.06061738729476929,0.3080959618091583,0.38088086247444153,-0.051328059285879135,0.3505128026008606,0.4464733302593231,-0.06465984135866165,0.36295998096466064,0.4437161684036255,-0.05346102640032768,0.36031395196914673,0.4268071949481964,-0.043697815388441086,0.2982568144798279,0.4064643681049347,-0.04975902661681175,0.3355093002319336,0.4498855769634247,-0.05802791193127632,0.3478265702724457,0.4515674412250519,-0.05013927444815636,0.3471064865589142,0.4414052963256836,-0.0434345006942749,Right,0.966119647026062
16528,306,0,0.6552731394767761,0.365037739276886,2.800139782266342e-07,0.6149004697799683,0.3456687331199646,-0.013058658689260483,0.583931028842926,0.3639000356197357,-0.025942925363779068,0.5707680583000183,0.3999910354614258,-0.034500833600759506,0.5696579217910767,0.4325697422027588,-0.04388336092233658,0.6194987297058105,0.36822670698165894,-0.05037444457411766,0.5946902632713318,0.4308561384677887,-0.06533216685056686,0.5763087272644043,0.4603721499443054,-0.07044351100921631,0.5617703795433044,0.4790966808795929,-0.07152921706438065,0.6425421237945557,0.3922673165798187,-0.04805926978588104,0.607265055179596,0.46081262826919556,-0.06203002110123634,0.57964026927948,0.4855375289916992,-0.06314285844564438,0.5618354082107544,0.4947781264781952,-0.06279938668012619,0.6544748544692993,0.41398969292640686,-0.043569907546043396,0.6180829405784607,0.47461235523223877,-0.05268682911992073,0.5952020287513733,0.4860500395298004,-0.04864935949444771,0.5815881490707397,0.48303359746932983,-0.04408558830618858,0.6575003862380981,0.4315166473388672,-0.03933046758174896,0.6281995177268982,0.47701936960220337,-0.04286178573966026,0.6092430949211121,0.48463717103004456,-0.03742078319191933,0.5976345539093018,0.4814871549606323,-0.03239550068974495,Left,0.9998371005058289
16528,306,1,0.3333692252635956,0.3840641677379608,3.863103614776264e-08,0.3678469955921173,0.36967962980270386,-0.020281914621591568,0.4016268253326416,0.36756351590156555,-0.0375419519841671,0.419020414352417,0.37905773520469666,-0.052293941378593445,0.41123074293136597,0.4047802686691284,-0.06652973592281342,0.3659016788005829,0.33288687467575073,-0.04456974193453789,0.3879927694797516,0.41373804211616516,-0.0674874559044838,0.39565712213516235,0.422199010848999,-0.08117222785949707,0.39563846588134766,0.40841081738471985,-0.08986783772706985,0.33708134293556213,0.35286471247673035,-0.04400842264294624,0.3753530979156494,0.43720385432243347,-0.05912388488650322,0.3812582790851593,0.43442702293395996,-0.059761326760053635,0.3755198121070862,0.41093742847442627,-0.062343258410692215,0.31721460819244385,0.37657928466796875,-0.04443297162652016,0.35843178629875183,0.4527488350868225,-0.05594612658023834,0.3640180826187134,0.44438686966896057,-0.04694172367453575,0.35796549916267395,0.42026567459106445,-0.04143315553665161,0.304643452167511,0.40073448419570923,-0.04814258590340614,0.3409392833709717,0.4560168981552124,-0.05846196040511131,0.3476960062980652,0.4491795599460602,-0.0553024522960186,0.34319278597831726,0.4323556423187256,-0.052298255264759064,Right,0.9897027611732483
16573,307,0,0.6401771903038025,0.36337313055992126,2.9364613851612376e-07,0.6073808073997498,0.36352285742759705,-0.011670525185763836,0.5834652185440063,0.3924664258956909,-0.021109700202941895,0.5727388858795166,0.42648404836654663,-0.026497839018702507,0.5673604607582092,0.4529619514942169,-0.03247491270303726,0.6045071482658386,0.386514276266098,-0.04382097348570824,0.5879849791526794,0.4272446632385254,-0.05645228922367096,0.574130654335022,0.4490562677383423,-0.059137605130672455,0.5627066493034363,0.4621444642543793,-0.05851951241493225,0.6268337965011597,0.40379732847213745,-0.04076680168509483,0.6061733961105347,0.46084171533584595,-0.05079321190714836,0.5873761177062988,0.48346105217933655,-0.0488453283905983,0.5741289854049683,0.4912014603614807,-0.04638250917196274,0.6431162357330322,0.4194923937320709,-0.03619685769081116,0.6247750520706177,0.47452881932258606,-0.042422816157341,0.6065788269042969,0.4919322431087494,-0.038330160081386566,0.5934838056564331,0.4958225190639496,-0.03455036133527756,0.6532534956932068,0.43188515305519104,-0.03177323937416077,0.638477087020874,0.476807177066803,-0.03433038294315338,0.6229905486106873,0.4914048910140991,-0.030274560675024986,0.6118174195289612,0.49578601121902466,-0.02654343470931053,Left,0.9991052150726318
16573,307,1,0.34007781744003296,0.37776845693588257,1.317454945137797e-07,0.37840744853019714,0.36478179693222046,-0.01889546401798725,0.4077818989753723,0.36459243297576904,-0.033607758581638336,0.4183799922466278,0.3831869959831238,-0.04626786708831787,0.41489309072494507,0.409453421831131,-0.05895191431045532,0.36834731698036194,0.3445988893508911,-0.038134582340717316,0.3864031732082367,0.41333597898483276,-0.05874461680650711,0.3961918354034424,0.42275989055633545,-0.07408422231674194,0.39871692657470703,0.4151836633682251,-0.08447513729333878,0.3408779501914978,0.3656442165374756,-0.03828514739871025,0.37503573298454285,0.44220322370529175,-0.05307052657008171,0.3891497850418091,0.4395385980606079,-0.05790585279464722,0.3920404613018036,0.42251837253570557,-0.06402526795864105,0.32234296202659607,0.3896571695804596,-0.03928966820240021,0.35995835065841675,0.45899486541748047,-0.0520794652402401,0.37437376379966736,0.45488113164901733,-0.04787042364478111,0.3769598603248596,0.43806785345077515,-0.045494526624679565,0.311847448348999,0.4118539094924927,-0.04307064786553383,0.34424683451652527,0.461911141872406,-0.052260562777519226,0.3577958941459656,0.46051740646362305,-0.04862718656659126,0.36058348417282104,0.45047545433044434,-0.04621046781539917,Right,0.9752794504165649
16614,308,0,0.6319677829742432,0.3735737204551697,3.6533279512696026e-07,0.6000468134880066,0.3853534460067749,-0.013522806577384472,0.5855669379234314,0.4224541485309601,-0.02441844530403614,0.5809584259986877,0.45933422446250916,-0.03080722503364086,0.5760770440101624,0.4846612513065338,-0.03774634003639221,0.6041458249092102,0.41788557171821594,-0.048486899584531784,0.5942651033401489,0.46086031198501587,-0.06357717514038086,0.5785989761352539,0.4818205237388611,-0.06859884411096573,0.5631287097930908,0.4941334128379822,-0.06989606469869614,0.6284598708152771,0.4262097477912903,-0.0453680194914341,0.6189794540405273,0.478402704000473,-0.05733281746506691,0.6008827686309814,0.504311740398407,-0.05772941932082176,0.5857527256011963,0.5146790146827698,-0.057307567447423935,0.6471278071403503,0.43288370966911316,-0.04085646569728851,0.6387664079666138,0.4881657063961029,-0.049532923847436905,0.6203214526176453,0.5133525729179382,-0.049648068845272064,0.6044435501098633,0.5231285691261292,-0.04925927519798279,0.6590726971626282,0.43694165349006653,-0.03641378507018089,0.6568726301193237,0.4784773886203766,-0.042393818497657776,0.6448673009872437,0.5004452466964722,-0.04303211346268654,0.6331177949905396,0.5125495791435242,-0.04289144650101662,Left,0.9919208884239197
16614,308,1,0.3570067584514618,0.37017565965652466,2.0618983853637474e-07,0.391169011592865,0.3659522235393524,-0.0209945160895586,0.41551482677459717,0.37828686833381653,-0.03935357183218002,0.4224602282047272,0.40999141335487366,-0.05500146746635437,0.41846972703933716,0.44240236282348633,-0.07153277844190598,0.37662091851234436,0.3617308735847473,-0.048809878528118134,0.3906615674495697,0.44124409556388855,-0.07172886282205582,0.4015297591686249,0.45167025923728943,-0.08992601186037064,0.40392056107521057,0.4449996054172516,-0.10191355645656586,0.3488397002220154,0.3821709156036377,-0.04794326797127724,0.3761998414993286,0.46168598532676697,-0.06239970028400421,0.39384007453918457,0.4594823122024536,-0.0648292750120163,0.39753955602645874,0.44659847021102905,-0.06970015913248062,0.3310478627681732,0.40480369329452515,-0.04752101004123688,0.36184147000312805,0.4751631021499634,-0.0574970468878746,0.37968650460243225,0.4699821472167969,-0.04908851906657219,0.3843064308166504,0.4570537209510803,-0.0443260595202446,0.32164210081100464,0.4256843626499176,-0.05036183074116707,0.3489122986793518,0.4761570394039154,-0.055681560188531876,0.364367812871933,0.47543373703956604,-0.048090025782585144,0.3692448139190674,0.46998587250709534,-0.04337495565414429,Right,0.9717605710029602
16656,309,0,0.6391080021858215,0.3817015588283539,5.433922751763021e-07,0.6037167310714722,0.38930127024650574,-0.027013404294848442,0.5861668586730957,0.4253501296043396,-0.04051465168595314,0.5805111527442932,0.4666082561016083,-0.04657144844532013,0.5753523707389832,0.49648162722587585,-0.051028717309236526,0.639224648475647,0.4306354820728302,-0.05143611878156662,0.6235294342041016,0.474374920129776,-0.0674804076552391,0.6028870940208435,0.5028027892112732,-0.07305748760700226,0.5824498534202576,0.5178332328796387,-0.07466016709804535,0.6598856449127197,0.44789406657218933,-0.03951706364750862,0.629136323928833,0.4919646084308624,-0.053617607802152634,0.6009499430656433,0.5070809721946716,-0.05466628819704056,0.5791193842887878,0.5098074078559875,-0.054139431565999985,0.6694129705429077,0.46048274636268616,-0.027662048116326332,0.6325302124023438,0.5010092258453369,-0.04048173502087593,0.6039323806762695,0.5036944150924683,-0.04005424678325653,0.5844635963439941,0.495782732963562,-0.037952929735183716,0.6717689633369446,0.4683716893196106,-0.017037902027368546,0.6414968371391296,0.49757617712020874,-0.027104536071419716,0.6183934807777405,0.5009567737579346,-0.028074165806174278,0.6030265688896179,0.49702709913253784,-0.026794256642460823,Left,0.9938473105430603
16656,309,1,0.35415321588516235,0.3713424801826477,-2.0838446346260753e-07,0.3869435787200928,0.37089604139328003,-0.030428141355514526,0.41150110960006714,0.3892810046672821,-0.050778478384017944,0.42094138264656067,0.4219832718372345,-0.06334840506315231,0.42430663108825684,0.45509010553359985,-0.07344450801610947,0.36906880140304565,0.37852907180786133,-0.07184029370546341,0.38371196389198303,0.4501562714576721,-0.09047830104827881,0.40239647030830383,0.4693737030029297,-0.09265768527984619,0.4139585793018341,0.4705217182636261,-0.09173338115215302,0.34432631731033325,0.40078070759773254,-0.061360981315374374,0.36710163950920105,0.4735129177570343,-0.07693930715322495,0.38949698209762573,0.4848921597003937,-0.07250628620386124,0.3993780314922333,0.4767618775367737,-0.06961029022932053,0.3302038013935089,0.4226005971431732,-0.050652697682380676,0.3526532053947449,0.4868844747543335,-0.06481672823429108,0.3747924864292145,0.4928707480430603,-0.05998733639717102,0.38329237699508667,0.4827410876750946,-0.05631200596690178,0.32406917214393616,0.443311482667923,-0.04143759235739708,0.3396787643432617,0.4875966012477875,-0.05414227023720741,0.3579171299934387,0.49475017189979553,-0.05405830591917038,0.36744630336761475,0.4862547516822815,-0.05286030471324921,Right,0.9981256127357483
16702,310,0,0.6280773282051086,0.3902583718299866,4.979773393642972e-07,0.5994806885719299,0.39546018838882446,-0.03870617598295212,0.5816649198532104,0.4314781427383423,-0.05961867794394493,0.571603000164032,0.47660699486732483,-0.07078053802251816,0.5611919164657593,0.5097472071647644,-0.07925461232662201,0.650230348110199,0.4428054988384247,-0.06866210699081421,0.6177065968513489,0.49581968784332275,-0.08838542550802231,0.5888611674308777,0.5165503621101379,-0.09504835307598114,0.5660077333450317,0.5266111493110657,-0.09829819202423096,0.6659385561943054,0.46397340297698975,-0.054465532302856445,0.6201682686805725,0.5235723257064819,-0.07308259606361389,0.5873992443084717,0.5272092223167419,-0.07354169338941574,0.567658543586731,0.5238051414489746,-0.07258660346269608,0.6670569181442261,0.47954025864601135,-0.04089498519897461,0.6202386021614075,0.529300332069397,-0.05673827975988388,0.5926369428634644,0.5276024341583252,-0.05392592027783394,0.5772817134857178,0.5216383934020996,-0.05093836039304733,0.6605046391487122,0.4868098199367523,-0.029843106865882874,0.6199565529823303,0.5202257037162781,-0.04365098476409912,0.5970274806022644,0.5175604224205017,-0.04469357803463936,0.5825616717338562,0.5130312442779541,-0.0435190349817276,Left,0.9889258146286011
16702,310,1,0.3512953817844391,0.38488197326660156,-1.5628445737547736e-07,0.3900759518146515,0.38503825664520264,-0.028672074899077415,0.4165148138999939,0.4173130393028259,-0.04601578786969185,0.4264017939567566,0.4601304829120636,-0.0552278570830822,0.4369949400424957,0.49544450640678406,-0.06205534562468529,0.37719544768333435,0.4105168282985687,-0.06879677623510361,0.3933901786804199,0.4877631962299347,-0.08338627219200134,0.41117826104164124,0.5047998428344727,-0.08169697970151901,0.4225863218307495,0.5014845132827759,-0.07828956842422485,0.35082128643989563,0.4307149052619934,-0.0575391985476017,0.378351092338562,0.5044621825218201,-0.07089308649301529,0.3988785743713379,0.5136820673942566,-0.06564488261938095,0.4097141921520233,0.5047232508659363,-0.06187114119529724,0.3347509503364563,0.45113664865493774,-0.04566146433353424,0.3634600043296814,0.51450514793396,-0.05609283596277237,0.382074773311615,0.5188186168670654,-0.050235580652952194,0.3915073871612549,0.5104209780693054,-0.04631493613123894,0.3270893096923828,0.46963685750961304,-0.03524290770292282,0.3485907018184662,0.5140767693519592,-0.046541981399059296,0.36246755719184875,0.5191901326179504,-0.047072120010852814,0.3690558075904846,0.5142181515693665,-0.04643017053604126,Right,0.9982820153236389
16746,311,0,0.6266105771064758,0.38491207361221313,3.3938613341888413e-07,0.5968210697174072,0.3911294639110565,-0.03857312351465225,0.5796807408332825,0.4328390061855316,-0.05825319141149521,0.5694537162780762,0.4818006455898285,-0.06727935373783112,0.5574024319648743,0.5150693655014038,-0.07292090356349945,0.6474458575248718,0.44545549154281616,-0.07019497454166412,0.6193490624427795,0.5038236379623413,-0.0892854556441307,0.5912808179855347,0.5271825194358826,-0.09335625171661377,0.5688583850860596,0.5362630486488342,-0.09377758204936981,0.6628161668777466,0.46860355138778687,-0.05428995564579964,0.616809070110321,0.5331767201423645,-0.07196483016014099,0.5893470048904419,0.526467502117157,-0.06799060106277466,0.5773264765739441,0.5093604922294617,-0.0629199743270874,0.6653183102607727,0.4837404787540436,-0.03905365616083145,0.6170775294303894,0.5357022881507874,-0.055022768676280975,0.5926616191864014,0.521207869052887,-0.04984407126903534,0.5836350321769714,0.5036618113517761,-0.043680187314748764,0.659859836101532,0.48995479941368103,-0.02617829293012619,0.6196842789649963,0.52532958984375,-0.038262054324150085,0.5993664860725403,0.5163094997406006,-0.03793812543153763,0.591098427772522,0.5055636167526245,-0.03529801964759827,Left,0.9936081767082214
16746,311,1,0.3541317880153656,0.40113186836242676,-8.570417975306555e-08,0.39412450790405273,0.39678674936294556,-0.026762090623378754,0.41991668939590454,0.43463248014450073,-0.04137725755572319,0.4272533357143402,0.4815191328525543,-0.04682234674692154,0.4359123408794403,0.5155737400054932,-0.04970826953649521,0.3777349591255188,0.42238712310791016,-0.07349274307489395,0.3929324150085449,0.502201497554779,-0.08475616574287415,0.41123878955841064,0.5205541253089905,-0.07799375802278519,0.42125678062438965,0.5176303386688232,-0.07089009135961533,0.3505353331565857,0.44319984316825867,-0.061882875859737396,0.38113394379615784,0.5225943326950073,-0.07342860102653503,0.4020245671272278,0.5291481018066406,-0.06416599452495575,0.40994343161582947,0.5162108540534973,-0.05724601820111275,0.3351464867591858,0.4651115834712982,-0.04886559024453163,0.367777019739151,0.5331822037696838,-0.056890346109867096,0.3864371180534363,0.5344132781028748,-0.047542210668325424,0.3939792513847351,0.5225279331207275,-0.04115850105881691,0.32877182960510254,0.4847683310508728,-0.03698631376028061,0.3547714352607727,0.5331845283508301,-0.04589972645044327,0.37025895714759827,0.5364612340927124,-0.044350750744342804,0.37703388929367065,0.5288245677947998,-0.04252166673541069,Right,0.997252881526947
16790,312,0,0.6263002753257751,0.3818584680557251,3.585101921999012e-07,0.5943039059638977,0.39132505655288696,-0.03619453310966492,0.5760838389396667,0.4325585663318634,-0.054584357887506485,0.5674136281013489,0.48259252309799194,-0.06377913057804108,0.5599333047866821,0.5155332088470459,-0.0699801966547966,0.6496164202690125,0.445903480052948,-0.06087684631347656,0.6188480257987976,0.5057554841041565,-0.07834956049919128,0.5909382104873657,0.5282875299453735,-0.0828651487827301,0.5681658983230591,0.5389334559440613,-0.08406476676464081,0.6646810173988342,0.4685612618923187,-0.04665670916438103,0.6169218420982361,0.5341473817825317,-0.0637841671705246,0.586516797542572,0.528555691242218,-0.06262503564357758,0.5710480809211731,0.5143789649009705,-0.05935030058026314,0.6660810708999634,0.4842723608016968,-0.03304280340671539,0.6147254705429077,0.5380632281303406,-0.048784706741571426,0.589508056640625,0.5233675241470337,-0.04490095376968384,0.5786712765693665,0.5061253905296326,-0.03928079456090927,0.6596236228942871,0.4918631911277771,-0.021690422669053078,0.617811918258667,0.5268862843513489,-0.03336428105831146,0.5967207551002502,0.5183085203170776,-0.032996900379657745,0.5863873362541199,0.5082060098648071,-0.030015714466571808,Left,0.9884788393974304
16790,312,1,0.3564060926437378,0.406561940908432,-1.3298019041485531e-07,0.39802780747413635,0.4075613021850586,-0.026179365813732147,0.4209328293800354,0.44659972190856934,-0.0405644066631794,0.4258755147457123,0.49344614148139954,-0.04639500379562378,0.43474891781806946,0.5292575359344482,-0.04948563501238823,0.37713298201560974,0.4409082233905792,-0.0697525292634964,0.3900371789932251,0.5247137546539307,-0.08129511028528214,0.40904730558395386,0.5397919416427612,-0.07518652826547623,0.418851763010025,0.5305418968200684,-0.06815580278635025,0.34922972321510315,0.45813074707984924,-0.058491311967372894,0.3750837445259094,0.5419360399246216,-0.07017084956169128,0.3970147967338562,0.5444019436836243,-0.06118981912732124,0.4038252830505371,0.5277294516563416,-0.0539722703397274,0.33313265442848206,0.47596144676208496,-0.04595464468002319,0.36219319701194763,0.5478888154029846,-0.05358820781111717,0.381178617477417,0.545695960521698,-0.04375464469194412,0.3861667811870575,0.5296784043312073,-0.036841873079538345,0.3264980912208557,0.49176228046417236,-0.03466306999325752,0.35114240646362305,0.5422024726867676,-0.04305305331945419,0.3672029376029968,0.5433542728424072,-0.04082491621375084,0.3723652958869934,0.5315493941307068,-0.03817235305905342,Right,0.9951827526092529
16833,313,0,0.6200293898582458,0.38397061824798584,3.730233686383144e-07,0.5886791944503784,0.397260457277298,-0.035650189965963364,0.5728269219398499,0.4430466592311859,-0.05316520854830742,0.5649542212486267,0.49306735396385193,-0.0619555227458477,0.5554966926574707,0.5296139121055603,-0.06784501671791077,0.6475774049758911,0.4500166177749634,-0.055714692920446396,0.618450403213501,0.5112371444702148,-0.07443132996559143,0.5920377373695374,0.5375197529792786,-0.08145216107368469,0.5697593688964844,0.5510922074317932,-0.08426038920879364,0.6633391380310059,0.4707378149032593,-0.041798628866672516,0.6176824569702148,0.5378627777099609,-0.059909094125032425,0.59010910987854,0.5333737730979919,-0.06029954180121422,0.5775871276855469,0.5200657844543457,-0.05764852091670036,0.6656786799430847,0.4857977628707886,-0.028889678418636322,0.6155512928962708,0.5406712889671326,-0.04517817124724388,0.5920422077178955,0.5227912664413452,-0.040707219392061234,0.5842686295509338,0.5040642023086548,-0.03402130678296089,0.660236656665802,0.49314671754837036,-0.01842981018126011,0.6194868087768555,0.5302503108978271,-0.030228542163968086,0.5998460054397583,0.5187851786613464,-0.02886335365474224,0.5917999744415283,0.506320059299469,-0.024605613201856613,Left,0.9881059527397156
16833,313,1,0.35983091592788696,0.4086749851703644,-1.6395028978877235e-07,0.4008214771747589,0.414889395236969,-0.030371248722076416,0.4203905165195465,0.45489344000816345,-0.04685913026332855,0.4210076332092285,0.5031875371932983,-0.05346444249153137,0.4264734983444214,0.5389723777770996,-0.057053253054618835,0.37226295471191406,0.4452366828918457,-0.0769868716597557,0.38371264934539795,0.5297293066978455,-0.0882091373205185,0.40382999181747437,0.5474271774291992,-0.08072549849748611,0.4145330488681793,0.5405214428901672,-0.07295206189155579,0.3447091579437256,0.46198639273643494,-0.06320440769195557,0.36812663078308105,0.5457727313041687,-0.07513733953237534,0.391928106546402,0.5499894618988037,-0.06545815616846085,0.4011532962322235,0.533536970615387,-0.05784051865339279,0.32953089475631714,0.48001667857170105,-0.04801212623715401,0.35713961720466614,0.5503696203231812,-0.055971335619688034,0.3785427212715149,0.5509517788887024,-0.046866726130247116,0.386107474565506,0.536139190196991,-0.04077010229229927,0.3237627148628235,0.49605825543403625,-0.034297119826078415,0.34925389289855957,0.5432355999946594,-0.043805401772260666,0.3679311275482178,0.5453685522079468,-0.04350360110402107,0.37565481662750244,0.5352073311805725,-0.04235493764281273,Right,0.9946064949035645
16874,314,0,0.6169255971908569,0.38744357228279114,3.741967020687298e-07,0.58562833070755,0.4004547894001007,-0.03685254231095314,0.5710193514823914,0.44631752371788025,-0.055811114609241486,0.5655363202095032,0.49857187271118164,-0.06557169556617737,0.5570691823959351,0.5336997509002686,-0.07210741192102432,0.6470792293548584,0.45323699712753296,-0.05893470346927643,0.6222642064094543,0.5156238079071045,-0.07770558446645737,0.5978835225105286,0.5423171520233154,-0.0835801213979721,0.5763680934906006,0.5554711222648621,-0.0853685811161995,0.664262592792511,0.47348764538764954,-0.04443972557783127,0.6223876476287842,0.5412217378616333,-0.06178617849946022,0.593870222568512,0.5379759669303894,-0.06076620891690254,0.579522430896759,0.5261474847793579,-0.05739141255617142,0.6674677729606628,0.48781609535217285,-0.03109067864716053,0.620244562625885,0.5436708927154541,-0.047254528850317,0.5952686071395874,0.531042754650116,-0.043550994247198105,0.5851211547851562,0.5165130496025085,-0.037630435079336166,0.6620427370071411,0.4948866665363312,-0.02011922188103199,0.6233674883842468,0.5343160629272461,-0.031027305871248245,0.6029587388038635,0.52745521068573,-0.03015011176466942,0.593919575214386,0.5184117555618286,-0.02672700211405754,Left,0.9815475344657898
16874,314,1,0.3673746585845947,0.40902069211006165,-2.0135071565619e-07,0.4053820073604584,0.4228123426437378,-0.030643979087471962,0.42273420095443726,0.4639917016029358,-0.04804501309990883,0.4226784408092499,0.5108299851417542,-0.05578768625855446,0.42890629172325134,0.5466130971908569,-0.06053140386939049,0.3736537992954254,0.4509616792201996,-0.07626452296972275,0.3841659426689148,0.5363796949386597,-0.08792731910943985,0.4033423662185669,0.5532155632972717,-0.08126834034919739,0.41444483399391174,0.5455995798110962,-0.07415975630283356,0.34615081548690796,0.4642375409603119,-0.06224144995212555,0.3672524392604828,0.5507649183273315,-0.07492858171463013,0.3900502324104309,0.5557005405426025,-0.06551647186279297,0.4001060724258423,0.539142370223999,-0.057931262999773026,0.33052152395248413,0.47919273376464844,-0.04675837606191635,0.3562481105327606,0.5515866875648499,-0.054962970316410065,0.37608373165130615,0.5517635345458984,-0.04524161294102669,0.3831070363521576,0.5355919599533081,-0.038594719022512436,0.3240133821964264,0.4932261109352112,-0.03287964686751366,0.3471321165561676,0.5421234369277954,-0.042572300881147385,0.3650914132595062,0.5442298650741577,-0.04176322743296623,0.3722793459892273,0.5329761505126953,-0.039992913603782654,Right,0.9958925843238831
16916,315,0,0.6165242195129395,0.38740211725234985,3.660935874449933e-07,0.5853164196014404,0.4017512798309326,-0.03791279345750809,0.5711173415184021,0.44791120290756226,-0.05739158019423485,0.5667199492454529,0.5002580285072327,-0.06751292943954468,0.5581772327423096,0.5381296873092651,-0.07447081059217453,0.6470805406570435,0.4536888301372528,-0.06005958095192909,0.6222662329673767,0.5188500881195068,-0.07831908762454987,0.596849262714386,0.5468451976776123,-0.08369806408882141,0.5756368041038513,0.5619174838066101,-0.08523152023553848,0.6647367477416992,0.473599910736084,-0.04459948092699051,0.6212950944900513,0.5423219203948975,-0.06139180809259415,0.5930715203285217,0.5387681722640991,-0.05991378799080849,0.5806252360343933,0.5266154408454895,-0.056415870785713196,0.6684868931770325,0.4880577623844147,-0.030218767002224922,0.620163083076477,0.5440402626991272,-0.04569988697767258,0.5962182283401489,0.5284664630889893,-0.04146037995815277,0.5880880355834961,0.5115386843681335,-0.035292718559503555,0.6636515855789185,0.4965333342552185,-0.01829645410180092,0.6246196627616882,0.53665691614151,-0.028477657586336136,0.6048888564109802,0.5281211733818054,-0.027082843706011772,0.59739750623703,0.5171911120414734,-0.023247424513101578,Left,0.9844204187393188
16916,315,1,0.37199217081069946,0.4128093421459198,-2.1922235760030162e-07,0.41040676832199097,0.42797431349754333,-0.032925911247730255,0.4263979494571686,0.46767815947532654,-0.052378300577402115,0.4245125949382782,0.5142844319343567,-0.06186354160308838,0.42988067865371704,0.5517444610595703,-0.06811393797397614,0.3747597932815552,0.4522026777267456,-0.08065803349018097,0.3837668001651764,0.537574827671051,-0.09412094205617905,0.40331098437309265,0.5557719469070435,-0.08822043985128403,0.41540566086769104,0.5506196618080139,-0.08167953789234161,0.34709566831588745,0.4650246500968933,-0.06609528511762619,0.36780938506126404,0.5526251792907715,-0.08100470155477524,0.39228197932243347,0.5599427819252014,-0.07183317095041275,0.4036601185798645,0.5458957552909851,-0.06434453278779984,0.33125510811805725,0.4793507754802704,-0.05018159747123718,0.35570502281188965,0.554234504699707,-0.060760822147130966,0.3778361976146698,0.5564928650856018,-0.050876159220933914,0.3869163393974304,0.5411301255226135,-0.04371273145079613,0.3248284161090851,0.4925422966480255,-0.036011189222335815,0.3463263511657715,0.5441210865974426,-0.04751698672771454,0.3655892610549927,0.549536943435669,-0.047148097306489944,0.3743458092212677,0.5398918390274048,-0.04534176364541054,Right,0.9968599677085876
16958,316,0,0.6185851097106934,0.38604018092155457,3.412058049434563e-07,0.5868051052093506,0.40034550428390503,-0.038418058305978775,0.5719613432884216,0.44700518250465393,-0.05768884718418121,0.5668142437934875,0.5003284215927124,-0.06701382994651794,0.5596052408218384,0.5403847098350525,-0.07283546775579453,0.6488090753555298,0.45359325408935547,-0.061356350779533386,0.625517725944519,0.5191473960876465,-0.07856336981058121,0.6002271175384521,0.5471288561820984,-0.08314786106348038,0.5790848731994629,0.5634838938713074,-0.08460181206464767,0.667072594165802,0.47390320897102356,-0.04524027556180954,0.6233453750610352,0.5411025285720825,-0.06009698286652565,0.5962873697280884,0.5335192680358887,-0.05672521889209747,0.5847903490066528,0.5185828804969788,-0.05274921655654907,0.6706000566482544,0.48758184909820557,-0.030246589332818985,0.624019205570221,0.5451213717460632,-0.04443255439400673,0.6014381647109985,0.5303760170936584,-0.03899858891963959,0.5933576226234436,0.5137301683425903,-0.03288011997938156,0.6651387810707092,0.49558866024017334,-0.01779511384665966,0.626175045967102,0.5356037616729736,-0.02761075459420681,0.6071330308914185,0.5278559327125549,-0.02607917971909046,0.5997888445854187,0.5176984667778015,-0.022699933499097824,Left,0.9801530241966248
16958,316,1,0.37548479437828064,0.41364774107933044,-2.396124898496055e-07,0.41259104013442993,0.43181607127189636,-0.03327389806509018,0.4277809262275696,0.4726350009441376,-0.05409824848175049,0.4265329837799072,0.5190151929855347,-0.0650826096534729,0.4340720772743225,0.5575447082519531,-0.07317493110895157,0.3738827705383301,0.4540437161922455,-0.08125873655080795,0.381130188703537,0.5394921898841858,-0.09638623148202896,0.4013577699661255,0.5596979856491089,-0.09240935742855072,0.41470474004745483,0.5577788352966309,-0.08714308589696884,0.34576866030693054,0.46547141671180725,-0.066804438829422,0.3655267357826233,0.5528225898742676,-0.08146438002586365,0.3912888765335083,0.5590349435806274,-0.0720701590180397,0.40332359075546265,0.5460119247436523,-0.06471124291419983,0.33012574911117554,0.4789121150970459,-0.051063172519207,0.3553783893585205,0.552786111831665,-0.06108739227056503,0.3779664635658264,0.5519888997077942,-0.04998240992426872,0.3870600759983063,0.5363580584526062,-0.04244160279631615,0.3241073489189148,0.49256107211112976,-0.03723444044589996,0.3455885052680969,0.5422173142433167,-0.04805966466665268,0.364115834236145,0.5454616546630859,-0.046475935727357864,0.3717568814754486,0.5358363389968872,-0.04400966316461563,Right,0.9967653155326843
17000,317,0,0.6182107925415039,0.3841978907585144,3.1857925364420225e-07,0.5860508680343628,0.4033152461051941,-0.03478400036692619,0.5730351209640503,0.4547598958015442,-0.051191989332437515,0.5687342882156372,0.5098109841346741,-0.05931655317544937,0.5606886148452759,0.5481106042861938,-0.06379230320453644,0.6493749022483826,0.46165814995765686,-0.05105710029602051,0.6269306540489197,0.5319930911064148,-0.06606553494930267,0.600355327129364,0.5556179881095886,-0.06877008825540543,0.5799919366836548,0.5644899606704712,-0.06843384355306625,0.6686183214187622,0.4762255847454071,-0.03617756441235542,0.6295637488365173,0.5468366146087646,-0.04918593168258667,0.6024373173713684,0.5442022681236267,-0.046379268169403076,0.5906660556793213,0.5325667262077332,-0.04271123558282852,0.6744845509529114,0.48649904131889343,-0.022588064894080162,0.6314177513122559,0.5473636388778687,-0.03488059714436531,0.6087778806686401,0.5380626320838928,-0.03063395619392395,0.6001202464103699,0.524677038192749,-0.025561725720763206,0.6712560653686523,0.49168121814727783,-0.011446204967796803,0.6342809200286865,0.5367697477340698,-0.020875418558716774,0.6150153875350952,0.5320156216621399,-0.020535804331302643,0.6075571179389954,0.522598922252655,-0.017900541424751282,Left,0.984740138053894
17000,317,1,0.3811188340187073,0.4208516478538513,-1.9514824600719294e-07,0.414319783449173,0.4443349838256836,-0.034683968871831894,0.4267922043800354,0.4895362854003906,-0.0568905770778656,0.4296016991138458,0.5363313555717468,-0.06854286789894104,0.43900734186172485,0.5740916132926941,-0.07744411379098892,0.37954744696617126,0.465360164642334,-0.08595990389585495,0.375693142414093,0.5544310808181763,-0.10010193288326263,0.3934481739997864,0.574364960193634,-0.094809390604496,0.4069218337535858,0.5715227127075195,-0.08886091411113739,0.35040169954299927,0.4678773880004883,-0.07082444429397583,0.3605800271034241,0.5607829093933105,-0.08422843366861343,0.38538527488708496,0.56444251537323,-0.07394371181726456,0.39710649847984314,0.5479625463485718,-0.06661142408847809,0.3324778079986572,0.47597000002861023,-0.05417555570602417,0.34858694672584534,0.5551050901412964,-0.06252722442150116,0.3693234324455261,0.5514115691184998,-0.05055887997150421,0.3774997293949127,0.5330607891082764,-0.043532975018024445,0.323671817779541,0.48770982027053833,-0.039549365639686584,0.337977796792984,0.5411770343780518,-0.04954669624567032,0.35468146204948425,0.5397608876228333,-0.04694554582238197,0.3616880476474762,0.5259557962417603,-0.044576436281204224,Right,0.9961835145950317
17041,318,0,0.6185572147369385,0.3782404661178589,2.9773309506708756e-07,0.5863106846809387,0.40375012159347534,-0.03483187407255173,0.5737724900245667,0.4558575749397278,-0.051785483956336975,0.5704261064529419,0.5113605260848999,-0.06060826778411865,0.5614392757415771,0.552527904510498,-0.06582704931497574,0.6517859697341919,0.46227145195007324,-0.05096031725406647,0.6281731724739075,0.5345759391784668,-0.06528880447149277,0.600405216217041,0.5554990768432617,-0.06753874570131302,0.5794289708137512,0.5625818967819214,-0.06706011295318604,0.6729922890663147,0.4735172390937805,-0.036171335726976395,0.6314371228218079,0.5459383130073547,-0.04899793863296509,0.6030822992324829,0.5414012670516968,-0.04615914449095726,0.5907161831855774,0.5289222598075867,-0.04236771538853645,0.6799554824829102,0.4822266101837158,-0.022554364055395126,0.6363089084625244,0.5450891256332397,-0.033780086785554886,0.6132508516311646,0.5346435904502869,-0.028760844841599464,0.6035204529762268,0.5202687382698059,-0.02330172061920166,0.6776078343391418,0.48680928349494934,-0.01153103169053793,0.6417233943939209,0.5323230028152466,-0.020246678963303566,0.6224836707115173,0.5283656716346741,-0.0194435752928257,0.614194393157959,0.5196363925933838,-0.016429340466856956,Left,0.9847784638404846
17041,318,1,0.383916437625885,0.42665931582450867,-1.8392343292816804e-07,0.4160127639770508,0.45047202706336975,-0.0346142053604126,0.4282349944114685,0.49302712082862854,-0.05733058974146843,0.43187451362609863,0.5382123589515686,-0.06960323452949524,0.44147878885269165,0.5752772092819214,-0.07912081480026245,0.381236732006073,0.46562743186950684,-0.0870659276843071,0.3732958137989044,0.5552560687065125,-0.10156060010194778,0.38995063304901123,0.5773913860321045,-0.09655267000198364,0.4039202630519867,0.5749861001968384,-0.0907013937830925,0.351998507976532,0.4674251079559326,-0.07176944613456726,0.3568023145198822,0.5601805448532104,-0.08515755832195282,0.37917011976242065,0.5687688589096069,-0.07559803873300552,0.39190444350242615,0.554797887802124,-0.06895595043897629,0.3330603539943695,0.47519758343696594,-0.054818689823150635,0.3452182412147522,0.554435133934021,-0.06253904104232788,0.3650040328502655,0.5540611147880554,-0.051306501030921936,0.3743569552898407,0.5371698141098022,-0.04506806656718254,0.3228921890258789,0.48677098751068115,-0.03992816433310509,0.33513298630714417,0.5386919975280762,-0.04960484057664871,0.3515198826789856,0.5401520729064941,-0.047821834683418274,0.3590452969074249,0.5288251042366028,-0.046147044748067856,Right,0.9961324334144592
17083,319,0,0.6201148629188538,0.3788333535194397,3.073524226238078e-07,0.5877586603164673,0.4024140536785126,-0.04039730131626129,0.5763595700263977,0.45476850867271423,-0.059694789350032806,0.575201690196991,0.511735737323761,-0.06919457763433456,0.5675305724143982,0.5555071234703064,-0.07411348819732666,0.6568901538848877,0.4546475112438202,-0.06144925579428673,0.6332778334617615,0.5361395478248596,-0.07745127379894257,0.6003628969192505,0.5535867214202881,-0.07828120142221451,0.5789312720298767,0.5546244978904724,-0.07608165591955185,0.678935706615448,0.4652659595012665,-0.043784771114587784,0.6388883590698242,0.5467607378959656,-0.05844896286725998,0.6074039936065674,0.5422971248626709,-0.05433463305234909,0.5941561460494995,0.52739417552948,-0.0492185615003109,0.6856052279472351,0.4751361310482025,-0.02732357382774353,0.642562210559845,0.5453672409057617,-0.03967328742146492,0.6175310015678406,0.5348937511444092,-0.033538538962602615,0.6071908473968506,0.5193507075309753,-0.02714734710752964,0.6822348237037659,0.4813421964645386,-0.01383624505251646,0.6461815237998962,0.5319388508796692,-0.023948602378368378,0.6258935332298279,0.5279271006584167,-0.02342815510928631,0.6178083419799805,0.5184805989265442,-0.020416701212525368,Left,0.9855794310569763
17083,319,1,0.3844497501850128,0.4276338815689087,-1.7873180979677272e-07,0.416433721780777,0.45329734683036804,-0.0339740552008152,0.4296172857284546,0.4968424141407013,-0.05636846646666527,0.43442612886428833,0.5421888828277588,-0.06876756995916367,0.4458490014076233,0.5782212615013123,-0.07829304039478302,0.385773628950119,0.468525230884552,-0.08433916419744492,0.3732396364212036,0.5554506778717041,-0.09907182306051254,0.3891018033027649,0.5765364170074463,-0.09405465424060822,0.40257495641708374,0.5728148818016052,-0.08811178803443909,0.3552018702030182,0.4687618911266327,-0.06987380236387253,0.35419073700904846,0.5610489249229431,-0.08429251611232758,0.37568047642707825,0.5701444149017334,-0.07477875798940659,0.38858306407928467,0.5549831986427307,-0.06750348955392838,0.33459675312042236,0.47551387548446655,-0.05405570939183235,0.34197914600372314,0.5560815930366516,-0.06332908570766449,0.3610886037349701,0.5580224990844727,-0.05300018563866615,0.37020304799079895,0.5415530204772949,-0.04658859223127365,0.3226299285888672,0.4871351420879364,-0.040176182985305786,0.3308198153972626,0.5411942005157471,-0.05019308254122734,0.3465835750102997,0.5446170568466187,-0.04854220524430275,0.35391607880592346,0.5337058305740356,-0.046698760241270065,Right,0.9965089559555054
17126,320,0,0.621888279914856,0.378160297870636,2.677004147244588e-07,0.590171754360199,0.40504735708236694,-0.04117085039615631,0.5809429287910461,0.4578155279159546,-0.060854922980070114,0.5810160636901855,0.5130054354667664,-0.07021698355674744,0.5737830400466919,0.5580753684043884,-0.07427332550287247,0.6638460755348206,0.4505276083946228,-0.06469633430242538,0.6417833566665649,0.537964940071106,-0.08166706562042236,0.6043730974197388,0.5535221099853516,-0.0824005976319313,0.5811552405357361,0.5500303506851196,-0.07954665273427963,0.6846203207969666,0.46128612756729126,-0.046147461980581284,0.6451112031936646,0.5481863617897034,-0.0607231929898262,0.6126669049263,0.5431022644042969,-0.05612855777144432,0.6002269983291626,0.5246984958648682,-0.050712332129478455,0.6905025839805603,0.47122490406036377,-0.028704730793833733,0.6472771167755127,0.5468376874923706,-0.04054233431816101,0.6205759048461914,0.5366228818893433,-0.033939603716135025,0.6101035475730896,0.5186954736709595,-0.027178820222616196,0.6863393783569336,0.4782750606536865,-0.014253354631364346,0.6501044631004333,0.5326842665672302,-0.02354586124420166,0.6292372941970825,0.526683509349823,-0.022430624812841415,0.6218366622924805,0.51366126537323,-0.01894785836338997,Left,0.990600049495697
17126,320,1,0.383503794670105,0.42790520191192627,-1.2899729995297093e-07,0.41581645607948303,0.45667168498039246,-0.0327436625957489,0.42911994457244873,0.501672089099884,-0.05491174757480621,0.4370201826095581,0.5467948317527771,-0.0673866719007492,0.4514256417751312,0.5815936326980591,-0.07705538719892502,0.38688066601753235,0.4715832471847534,-0.08502593636512756,0.36934220790863037,0.5582888126373291,-0.09810515493154526,0.3816612958908081,0.5777560472488403,-0.09009421616792679,0.3931906819343567,0.5708169341087341,-0.08166621625423431,0.3557009994983673,0.46790266036987305,-0.07125112414360046,0.34725674986839294,0.5610045194625854,-0.08496873080730438,0.36559149622917175,0.571251392364502,-0.07374374568462372,0.37811803817749023,0.5562230944633484,-0.06453005224466324,0.33372995257377625,0.472218781709671,-0.05582980066537857,0.3348393738269806,0.5540177226066589,-0.0644785687327385,0.35174083709716797,0.557800829410553,-0.053248196840286255,0.3611074984073639,0.5423201322555542,-0.04568648338317871,0.3205752968788147,0.4830709397792816,-0.04215492308139801,0.32626885175704956,0.5378537178039551,-0.0522008016705513,0.3402673900127411,0.5423784255981445,-0.050434354692697525,0.3475008010864258,0.5315454006195068,-0.048053137958049774,Right,0.9952489137649536
17169,321,0,0.6268422603607178,0.39062225818634033,2.3810491711628856e-07,0.5989980101585388,0.4177597761154175,-0.040671173483133316,0.5918339490890503,0.46966299414634705,-0.06071309745311737,0.5890511870384216,0.5241451859474182,-0.07062040269374847,0.5775341987609863,0.5657577514648438,-0.07537435740232468,0.675858199596405,0.46332815289497375,-0.06227726489305496,0.6496204733848572,0.5446815490722656,-0.07635387778282166,0.615009605884552,0.5543853640556335,-0.07547112554311752,0.5946927070617676,0.545354962348938,-0.07220738381147385,0.6963632702827454,0.4725061058998108,-0.04408762976527214,0.6564924120903015,0.5517355799674988,-0.056465994566679,0.6253945827484131,0.5456138849258423,-0.05187274515628815,0.6124516129493713,0.5271419882774353,-0.04687097668647766,0.7013622522354126,0.48007676005363464,-0.026860343292355537,0.6596289277076721,0.5501928329467773,-0.037178732454776764,0.6346392631530762,0.5402603149414062,-0.03181197866797447,0.6243681311607361,0.5236648321151733,-0.02635597623884678,0.6967656016349792,0.4859543740749359,-0.012462389655411243,0.6617165803909302,0.5367931127548218,-0.020515743643045425,0.6420338749885559,0.5304473638534546,-0.01979626901447773,0.6349809169769287,0.5184940695762634,-0.017057741060853004,Left,0.9771226644515991
17169,321,1,0.3783057928085327,0.4323648512363434,-1.2387454262352549e-07,0.40807977318763733,0.46169131994247437,-0.023654770106077194,0.4256097376346588,0.5042557120323181,-0.04346079006791115,0.4425664246082306,0.5412866473197937,-0.05680517479777336,0.4603967070579529,0.5694560408592224,-0.06787417829036713,0.3877032697200775,0.47808974981307983,-0.07221329212188721,0.36557579040527344,0.5616688132286072,-0.08641769737005234,0.37819984555244446,0.5789703726768494,-0.08030116558074951,0.3903467357158661,0.56838059425354,-0.07253340631723404,0.35645759105682373,0.4714522957801819,-0.06380396336317062,0.34370672702789307,0.5671753287315369,-0.0788986012339592,0.3618546426296234,0.5758649706840515,-0.06899959594011307,0.37342628836631775,0.5579279661178589,-0.059649527072906494,0.332906574010849,0.47221970558166504,-0.05367346480488777,0.3287983238697052,0.5588184595108032,-0.06278090924024582,0.3458653688430786,0.5614389181137085,-0.050808124244213104,0.35470905900001526,0.5435895919799805,-0.0416518896818161,0.31774452328681946,0.47989317774772644,-0.04462895169854164,0.31846052408218384,0.5395377278327942,-0.05246150121092796,0.332482248544693,0.5434918999671936,-0.04756373167037964,0.3400922417640686,0.5297452807426453,-0.042495451867580414,Right,0.9940776228904724
17210,322,0,0.6293092370033264,0.3922049403190613,2.0151948376678774e-07,0.6021636724472046,0.41981756687164307,-0.03887219727039337,0.5960227251052856,0.47097519040107727,-0.05799200013279915,0.5902339220046997,0.5238015651702881,-0.06743231415748596,0.5768881440162659,0.5585575103759766,-0.07219064235687256,0.676867663860321,0.4605720639228821,-0.061581261456012726,0.6536350250244141,0.5377032160758972,-0.07662274688482285,0.6205393075942993,0.5484133362770081,-0.0768422782421112,0.600977897644043,0.5422573685646057,-0.07471082359552383,0.6971959471702576,0.46999385952949524,-0.04492712393403053,0.6580274105072021,0.5498672723770142,-0.058050259947776794,0.6298224329948425,0.5393939018249512,-0.05377492681145668,0.6215187311172485,0.5176324844360352,-0.04926351457834244,0.7028129696846008,0.4781546890735626,-0.029137669131159782,0.6606232523918152,0.5491703748703003,-0.03952023759484291,0.6361006498336792,0.5340084433555603,-0.03325283154845238,0.6287299394607544,0.5142988562583923,-0.02720283530652523,0.6986655592918396,0.48371657729148865,-0.016252784058451653,0.663226842880249,0.535661518573761,-0.02324342541396618,0.6440961956977844,0.5273274183273315,-0.02142505533993244,0.6390705704689026,0.5136987566947937,-0.018196502700448036,Left,0.9798427820205688
17210,322,1,0.3698854446411133,0.4228009879589081,-1.683423960230357e-07,0.4017573595046997,0.452898770570755,-0.018096748739480972,0.42207831144332886,0.4939570128917694,-0.03512023761868477,0.44134238362312317,0.5219442844390869,-0.04741441458463669,0.4623248875141144,0.541351318359375,-0.057914942502975464,0.38276946544647217,0.4767005145549774,-0.06238347664475441,0.3641100525856018,0.5634368658065796,-0.07685483992099762,0.3808152377605438,0.577809751033783,-0.07373835891485214,0.3914003372192383,0.5664243102073669,-0.068330317735672,0.35161611437797546,0.47121700644493103,-0.05699680745601654,0.3425041437149048,0.5674019455909729,-0.0717460885643959,0.36421188712120056,0.5728837847709656,-0.06298263370990753,0.37478047609329224,0.5537034273147583,-0.054312147200107574,0.3294689655303955,0.47353070974349976,-0.04996751993894577,0.3272809386253357,0.5591323971748352,-0.0574054978787899,0.34657368063926697,0.5611206889152527,-0.0448259562253952,0.354408323764801,0.544578492641449,-0.03527166321873665,0.31555214524269104,0.4810812473297119,-0.04383797198534012,0.3178113102912903,0.5416596531867981,-0.047285813838243484,0.3331504464149475,0.5464155673980713,-0.03927550092339516,0.3403145968914032,0.5336881875991821,-0.032607365399599075,Right,0.9845775365829468
17254,323,0,0.6320880055427551,0.39345407485961914,2.175612792143511e-07,0.6041315197944641,0.41728395223617554,-0.039928536862134933,0.5954994559288025,0.4674435257911682,-0.06100152060389519,0.5881292819976807,0.5182879567146301,-0.07200302183628082,0.5749000310897827,0.5523946285247803,-0.07827690988779068,0.673992931842804,0.4537491500377655,-0.0673985704779625,0.6523626446723938,0.5344207882881165,-0.08330897241830826,0.6187456250190735,0.5470618009567261,-0.08340074121952057,0.5982045531272888,0.5416833162307739,-0.08118421584367752,0.6956862807273865,0.463087797164917,-0.05080172047019005,0.6585837602615356,0.5459737181663513,-0.0652342140674591,0.6311483979225159,0.537898063659668,-0.06094544380903244,0.6234784722328186,0.5165036916732788,-0.0565851591527462,0.7022939920425415,0.4722689688205719,-0.03481626883149147,0.6619582772254944,0.5438019037246704,-0.04525874927639961,0.6393579840660095,0.5294970273971558,-0.03814622387290001,0.6340277791023254,0.5099663734436035,-0.03204582631587982,0.6990694999694824,0.4800971448421478,-0.021792234852910042,0.6644821763038635,0.5343703627586365,-0.027845947071909904,0.6465135812759399,0.52387535572052,-0.024747848510742188,0.6431030631065369,0.5078029036521912,-0.02123258449137211,Left,0.9808101058006287
17254,323,1,0.3563537001609802,0.4203375577926636,-1.6219475185152987e-07,0.39028385281562805,0.4466887414455414,-0.01386004127562046,0.4143497347831726,0.48192834854125977,-0.027526848018169403,0.43591490387916565,0.49769821763038635,-0.03727224841713905,0.45870667695999146,0.499248206615448,-0.04568472504615784,0.3738623559474945,0.47653529047966003,-0.053989484906196594,0.36195674538612366,0.5592190027236938,-0.06742957979440689,0.379388689994812,0.5720995664596558,-0.06539519131183624,0.3900415599346161,0.5597506761550903,-0.0608891136944294,0.3434949517250061,0.47470623254776,-0.050351936370134354,0.3436295986175537,0.5689325332641602,-0.06335702538490295,0.36442726850509644,0.5703725218772888,-0.05563477426767349,0.3729763627052307,0.5486817955970764,-0.04794583469629288,0.32208672165870667,0.47868794202804565,-0.04513350874185562,0.328933984041214,0.5614930391311646,-0.05101471021771431,0.34716200828552246,0.5584522485733032,-0.04006258025765419,0.3527950644493103,0.5390760898590088,-0.03195466101169586,0.30896416306495667,0.486637681722641,-0.04060240089893341,0.31850308179855347,0.5427884459495544,-0.04459058493375778,0.33313363790512085,0.5438864827156067,-0.03876090794801712,0.3380676805973053,0.5301050543785095,-0.03378574922680855,Right,0.9859591722488403
17295,324,0,0.6416440606117249,0.3960936367511749,3.0838765496810083e-07,0.6109117865562439,0.4143069386482239,-0.040410879999399185,0.594365119934082,0.4546157419681549,-0.0650595873594284,0.5789335370063782,0.5029088258743286,-0.0797063335776329,0.561013400554657,0.5311716198921204,-0.09062918275594711,0.669567346572876,0.44348713755607605,-0.07508274912834167,0.6449642181396484,0.5144648551940918,-0.09477722644805908,0.6137681603431702,0.5398911833763123,-0.09774761646986008,0.5914059281349182,0.5465865731239319,-0.09750460088253021,0.6904667019844055,0.46423211693763733,-0.05992041528224945,0.650787353515625,0.543045163154602,-0.07620033621788025,0.6192663908004761,0.5432360768318176,-0.07084128260612488,0.6071765422821045,0.5273656249046326,-0.06610124558210373,0.6967058181762695,0.48070400953292847,-0.045280903577804565,0.6536441445350647,0.5484212636947632,-0.058595187962055206,0.6270043253898621,0.5415445566177368,-0.0511496476829052,0.6175346970558167,0.5259302854537964,-0.044700492173433304,0.6932286024093628,0.4923027455806732,-0.03348387032747269,0.6573942303657532,0.542138397693634,-0.04151313379406929,0.6367647051811218,0.534885823726654,-0.03790374845266342,0.6300653219223022,0.5218279361724854,-0.03387187793850899,Left,0.9950042963027954
17295,324,1,0.34328341484069824,0.4269101023674011,-1.2409812200075976e-07,0.3775455057621002,0.44251298904418945,-0.013258988037705421,0.4038233160972595,0.4665512442588806,-0.027420181781053543,0.42256057262420654,0.47737252712249756,-0.03884933516383171,0.4432782828807831,0.4781476557254791,-0.04980097711086273,0.3648283779621124,0.46806302666664124,-0.04446791112422943,0.36174941062927246,0.5399465560913086,-0.06076749786734581,0.3735543191432953,0.5631398558616638,-0.06636226922273636,0.3827502429485321,0.5633913278579712,-0.06697823852300644,0.3350948393344879,0.4726592004299164,-0.04306657239794731,0.34103286266326904,0.5568251013755798,-0.05562354996800423,0.3582860827445984,0.5685173273086548,-0.054404135793447495,0.3685954213142395,0.5553756356239319,-0.05209461227059364,0.3144926428794861,0.4800887405872345,-0.040915921330451965,0.3247348964214325,0.5583577156066895,-0.048385392874479294,0.3415503203868866,0.5650651454925537,-0.04315049946308136,0.34978848695755005,0.55340176820755,-0.038619447499513626,0.3033157289028168,0.4893861413002014,-0.03951630741357803,0.3136058449745178,0.5470038652420044,-0.04482752084732056,0.3272404968738556,0.5524446964263916,-0.04096021503210068,0.3342275619506836,0.5423232913017273,-0.03722738102078438,Right,0.9952327609062195
17337,325,0,0.6320093870162964,0.41047054529190063,3.28640652469403e-07,0.6106072664260864,0.42165395617485046,-0.03775380551815033,0.6052432656288147,0.4490555226802826,-0.061239007860422134,0.6106594800949097,0.4747886061668396,-0.07716353237628937,0.6230822205543518,0.4949054718017578,-0.09032006561756134,0.6844248175621033,0.44206011295318604,-0.061190828680992126,0.657461941242218,0.4995591342449188,-0.08695130050182343,0.627251923084259,0.5167239308357239,-0.10082312673330307,0.605972945690155,0.5254770517349243,-0.10840316861867905,0.700830340385437,0.4579847455024719,-0.05078815296292305,0.6645804643630981,0.5157824754714966,-0.07636643201112747,0.6292726993560791,0.5316096544265747,-0.08442287892103195,0.6046591401100159,0.5370556712150574,-0.08775411546230316,0.7025917172431946,0.47318294644355774,-0.04214193671941757,0.6684636473655701,0.526474118232727,-0.06399008631706238,0.6356175541877747,0.5397807359695435,-0.06583571434020996,0.612817645072937,0.5436195135116577,-0.0642845556139946,0.6959812641143799,0.48825591802597046,-0.03614769130945206,0.6719349026679993,0.5280088186264038,-0.05134927108883858,0.6508095860481262,0.5347926616668701,-0.05367911979556084,0.6362752914428711,0.5368034243583679,-0.05318349972367287,Left,0.9718519449234009
17337,325,1,0.3201726973056793,0.5004684925079346,-1.8604004026201437e-07,0.3513282239437103,0.483284592628479,-0.006760049611330032,0.3777095377445221,0.4697108864784241,-0.019367385655641556,0.3879512548446655,0.4801372289657593,-0.031378112733364105,0.37975016236305237,0.4939080476760864,-0.043595850467681885,0.34341758489608765,0.4387105107307434,-0.033222224563360214,0.34347355365753174,0.45840466022491455,-0.044155336916446686,0.3489048480987549,0.48207417130470276,-0.04751971736550331,0.3534545302391052,0.4947679340839386,-0.049122393131256104,0.3174125552177429,0.4563388228416443,-0.03677494078874588,0.3202287554740906,0.503151535987854,-0.04776661843061447,0.3329264223575592,0.5246344804763794,-0.047931019216775894,0.3433629274368286,0.5258433222770691,-0.048926372081041336,0.2989557385444641,0.4859279692173004,-0.03933237865567207,0.3099443018436432,0.5370391011238098,-0.052000124007463455,0.3299350142478943,0.556958019733429,-0.05181879550218582,0.34571772813796997,0.5592994093894958,-0.051256075501441956,0.28735291957855225,0.5184147357940674,-0.041474599391222,0.3025728762149811,0.5542290806770325,-0.05040637403726578,0.32169151306152344,0.5652434229850769,-0.0490192286670208,0.3378605842590332,0.5663182735443115,-0.04850954934954643,Right,0.9703001379966736
17381,326,0,0.6399132609367371,0.42415666580200195,2.7255020995653467e-07,0.6243120431900024,0.4258703887462616,-0.045701999217271805,0.6262759566307068,0.43873560428619385,-0.07272244244813919,0.6410096883773804,0.4645208716392517,-0.08977250754833221,0.6605934500694275,0.47847065329551697,-0.1040818989276886,0.7000868320465088,0.42005592584609985,-0.07665301114320755,0.6832835078239441,0.4859260022640228,-0.10787129402160645,0.6589090824127197,0.5113181471824646,-0.124118871986866,0.6414222121238708,0.521166980266571,-0.13265453279018402,0.71912682056427,0.44522082805633545,-0.062496766448020935,0.6894976496696472,0.5134689211845398,-0.0921894982457161,0.6543915271759033,0.5302066802978516,-0.09979885071516037,0.6300266981124878,0.5332167744636536,-0.10214582830667496,0.722366988658905,0.4694872498512268,-0.05004207417368889,0.6893467903137207,0.5278468132019043,-0.07549133151769638,0.6568081378936768,0.5341947078704834,-0.07497255504131317,0.6354414224624634,0.5310848355293274,-0.07092983275651932,0.7168476581573486,0.49004366993904114,-0.04076902195811272,0.6906128525733948,0.5303218960762024,-0.059898391366004944,0.6666840314865112,0.5325551629066467,-0.061246298253536224,0.6507965922355652,0.5291199088096619,-0.05868201330304146,Left,0.9937304854393005
17381,326,1,0.3201627731323242,0.5061192512512207,-1.2249219594195893e-07,0.31954342126846313,0.5300374031066895,-0.03291363641619682,0.31502243876457214,0.5464069843292236,-0.056022774428129196,0.31970250606536865,0.5582220554351807,-0.07346019893884659,0.3206881880760193,0.549618124961853,-0.08815766870975494,0.31401723623275757,0.4753991663455963,-0.05918937548995018,0.3276612162590027,0.49274107813835144,-0.08647139370441437,0.32740530371665955,0.5162662863731384,-0.09771871566772461,0.3243684470653534,0.5145733952522278,-0.10440990328788757,0.32175227999687195,0.4606613218784332,-0.05301147326827049,0.33739668130874634,0.4866764545440674,-0.07876267284154892,0.3330881893634796,0.5179075002670288,-0.08125819265842438,0.3264848291873932,0.5151434540748596,-0.08181677013635635,0.3278656303882599,0.4553249478340149,-0.04885556548833847,0.33888912200927734,0.4921715557575226,-0.07124526053667068,0.3331730365753174,0.5231921076774597,-0.06606271117925644,0.32534343004226685,0.5193689465522766,-0.061204731464385986,0.33219653367996216,0.45806655287742615,-0.04742179811000824,0.34139886498451233,0.4980051815509796,-0.06344201415777206,0.3378143310546875,0.5215752124786377,-0.06270366162061691,0.33262166380882263,0.5195800065994263,-0.06062529981136322,Left,0.8938488960266113
17424,327,0,0.6540051698684692,0.4305514693260193,9.16428390951296e-08,0.6396515965461731,0.4329938292503357,-0.040468789637088776,0.640375554561615,0.4421980679035187,-0.06401453167200089,0.6592641472816467,0.4646438658237457,-0.0782032459974289,0.6817111968994141,0.4851513206958771,-0.08808650076389313,0.7153722643852234,0.4200555682182312,-0.06628347188234329,0.7030861377716064,0.48978349566459656,-0.09133755415678024,0.6756176352500916,0.5188612341880798,-0.09978722780942917,0.6518436670303345,0.5279226899147034,-0.10204970836639404,0.7365436553955078,0.44390302896499634,-0.05280154198408127,0.7120956778526306,0.5170612335205078,-0.07738455384969711,0.6731239557266235,0.5315393209457397,-0.0798180028796196,0.6473079919815063,0.5308048725128174,-0.07782585918903351,0.7418380975723267,0.46796393394470215,-0.040725525468587875,0.7127719521522522,0.5296825766563416,-0.06403657793998718,0.6784188151359558,0.5356571674346924,-0.060208696871995926,0.6562658548355103,0.5304558277130127,-0.05294083058834076,0.7380499839782715,0.48728352785110474,-0.03123781830072403,0.7139648795127869,0.5301110744476318,-0.048879992216825485,0.6891367435455322,0.5332905650138855,-0.047865159809589386,0.6744018197059631,0.5281018614768982,-0.04260535165667534,Left,0.9936944842338562
17424,327,1,0.3380427658557892,0.4932616949081421,-1.8576788818336354e-07,0.3266601860523224,0.5000626444816589,-0.016576966270804405,0.30965369939804077,0.5114883780479431,-0.03206907585263252,0.29449594020843506,0.5373913049697876,-0.0452357642352581,0.28343668580055237,0.5586645603179932,-0.060526043176651,0.32324570417404175,0.4713820815086365,-0.04190055653452873,0.28790274262428284,0.48109233379364014,-0.05899444967508316,0.26934587955474854,0.500195324420929,-0.06936649233102798,0.25929808616638184,0.5201365947723389,-0.07447991520166397,0.3282489776611328,0.46945562958717346,-0.04067814722657204,0.2908983528614044,0.48352310061454773,-0.053739313036203384,0.27146661281585693,0.5080993175506592,-0.058691203594207764,0.26045292615890503,0.5324304103851318,-0.06178642809391022,0.3309309482574463,0.4759388566017151,-0.03915303200483322,0.2955936789512634,0.503006100654602,-0.05159267783164978,0.2847021222114563,0.5321804881095886,-0.05335156247019768,0.28018003702163696,0.5544939637184143,-0.05326419696211815,0.332520067691803,0.48796701431274414,-0.0384644940495491,0.3056216537952423,0.5148432850837708,-0.048225220292806625,0.2981310486793518,0.5372978448867798,-0.04643499106168747,0.29567110538482666,0.5551571249961853,-0.04377474635839462,Right,0.8777176737785339
17467,328,0,0.6654531955718994,0.44080474972724915,1.1786246290057534e-07,0.6514340043067932,0.44276341795921326,-0.04157308116555214,0.6530172824859619,0.45202311873435974,-0.06500166654586792,0.6721841096878052,0.47173839807510376,-0.07863987237215042,0.6949754953384399,0.4938488304615021,-0.08752404898405075,0.7270222306251526,0.41741108894348145,-0.06485086679458618,0.7251818776130676,0.4892864525318146,-0.08636420965194702,0.6994742155075073,0.5232610702514648,-0.09232723712921143,0.6758866906166077,0.5357969999313354,-0.09337379783391953,0.7499319314956665,0.437248557806015,-0.0495997779071331,0.7334320545196533,0.5113574266433716,-0.07165834307670593,0.6962382197380066,0.531039297580719,-0.07354355603456497,0.6710575222969055,0.5320649743080139,-0.07152008265256882,0.7570194602012634,0.46004214882850647,-0.035628367215394974,0.7376421093940735,0.5226763486862183,-0.05623474344611168,0.7043555378913879,0.5336372256278992,-0.05201447755098343,0.6814549565315247,0.5305956602096558,-0.04512142390012741,0.7550959587097168,0.47937920689582825,-0.024393584579229355,0.7368556261062622,0.5227879285812378,-0.04090580716729164,0.7132461667060852,0.5306726694107056,-0.04034265875816345,0.6980459094047546,0.5278030037879944,-0.03568036109209061,Left,0.9920253157615662
17509,329,0,0.6906130909919739,0.4170149564743042,2.179008191660614e-07,0.6779940724372864,0.43987977504730225,-0.03678399696946144,0.6828025579452515,0.46360036730766296,-0.058605071157217026,0.7025616765022278,0.4932161271572113,-0.07184858620166779,0.7204393744468689,0.5224621295928955,-0.08184563368558884,0.7401443123817444,0.4124706983566284,-0.06268902868032455,0.753636360168457,0.47409215569496155,-0.08456894010305405,0.7459734082221985,0.5144110321998596,-0.09314784407615662,0.7368886470794678,0.5368572473526001,-0.09747552871704102,0.7668823599815369,0.4244430363178253,-0.05156959220767021,0.774269700050354,0.5005354285240173,-0.07258070260286331,0.7486407160758972,0.5234577655792236,-0.07387485355138779,0.7313222289085388,0.5240640044212341,-0.07218605279922485,0.7781112194061279,0.4432224929332733,-0.04141174629330635,0.7722798585891724,0.5140719413757324,-0.05930764228105545,0.7472511529922485,0.5273987054824829,-0.05317172408103943,0.7322425842285156,0.5224534869194031,-0.04628610610961914,0.7779822945594788,0.46230238676071167,-0.03390573710203171,0.7703249454498291,0.5150213241577148,-0.04642925783991814,0.7523250579833984,0.5260196328163147,-0.042626578360795975,0.7419376969337463,0.5237981677055359,-0.036969512701034546,Left,0.9919297695159912
17509,329,1,0.27022331953048706,0.4775596261024475,-2.7611525865722797e-07,0.28956717252731323,0.5144752860069275,-0.04900599643588066,0.2799968123435974,0.547690212726593,-0.07301591336727142,0.25069576501846313,0.5783231258392334,-0.08586399257183075,0.22419695556163788,0.6060925126075745,-0.09491115063428879,0.21880127489566803,0.4812278151512146,-0.07823308557271957,0.1857840120792389,0.5549983382225037,-0.09712611883878708,0.19974304735660553,0.5834550857543945,-0.09909747540950775,0.21701854467391968,0.5829638838768005,-0.0980667769908905,0.1936769336462021,0.4820491671562195,-0.05769079923629761,0.17066112160682678,0.5585874319076538,-0.07793338596820831,0.1947823166847229,0.5868903398513794,-0.0773385539650917,0.2142057865858078,0.5812960267066956,-0.07520009577274323,0.181134432554245,0.4921059012413025,-0.03854028508067131,0.16206641495227814,0.5611263513565063,-0.05996796861290932,0.18650726974010468,0.5873647928237915,-0.06039946526288986,0.20590746402740479,0.5820065140724182,-0.05826496332883835,0.1751088798046112,0.508259117603302,-0.02186734229326248,0.1624162346124649,0.5587101578712463,-0.044342681765556335,0.1814962476491928,0.5790616273880005,-0.05022019147872925,0.19885867834091187,0.5740218758583069,-0.050833892077207565,Right,0.994774580001831
17566,330,0,0.7137108445167542,0.4235897660255432,3.0040055776225927e-07,0.6926396489143372,0.45100635290145874,-0.03718234598636627,0.6959216594696045,0.4806326627731323,-0.05945524200797081,0.7145089507102966,0.5147078633308411,-0.07347755134105682,0.7312948107719421,0.5461587905883789,-0.08510209619998932,0.7465024590492249,0.42124587297439575,-0.0643293559551239,0.7687796950340271,0.45913398265838623,-0.08952519297599792,0.7717016935348511,0.4966786205768585,-0.10142520070075989,0.7662665843963623,0.5240021347999573,-0.10726045072078705,0.7738350629806519,0.43239229917526245,-0.053268782794475555,0.7861495614051819,0.5101020932197571,-0.07789397239685059,0.7626972198486328,0.5337639451026917,-0.0805927962064743,0.7443220615386963,0.5332514643669128,-0.0789407268166542,0.7864444851875305,0.4502866864204407,-0.04346887394785881,0.788297176361084,0.5213015079498291,-0.06545161455869675,0.7649853229522705,0.5369951128959656,-0.06084904447197914,0.7491157650947571,0.5329235792160034,-0.05405572056770325,0.7878224849700928,0.46877655386924744,-0.03603345528244972,0.7868704199790955,0.5212725400924683,-0.05217355489730835,0.7675637006759644,0.5325332283973694,-0.0491187646985054,0.7544620633125305,0.5315070748329163,-0.04346984252333641,Left,0.9950425028800964
17566,330,1,0.25863325595855713,0.4827934205532074,-2.2569983570974728e-07,0.27249670028686523,0.5177575349807739,-0.044381339102983475,0.26637962460517883,0.5488541722297668,-0.06782291829586029,0.24090658128261566,0.5814380645751953,-0.08190830051898956,0.2142249047756195,0.6093337535858154,-0.09212296456098557,0.2043285071849823,0.48910441994667053,-0.0682092159986496,0.17169246077537537,0.5546041131019592,-0.08589693903923035,0.18498635292053223,0.5854988098144531,-0.08832211047410965,0.20424897968769073,0.5921232104301453,-0.08776827156543732,0.1795443594455719,0.48665937781333923,-0.05007648095488548,0.15342605113983154,0.561846911907196,-0.07103107869625092,0.17688685655593872,0.5897912979125977,-0.07179882377386093,0.19650331139564514,0.5855768918991089,-0.06996790319681168,0.16679708659648895,0.4934369921684265,-0.033164821565151215,0.142508864402771,0.5608644485473633,-0.0537714809179306,0.16483227908611298,0.5837909579277039,-0.05295460671186447,0.18346893787384033,0.5777936577796936,-0.049426402896642685,0.1602710485458374,0.5065127015113831,-0.018584903329610825,0.1414330154657364,0.554848849773407,-0.038232896476984024,0.1567210555076599,0.5737729668617249,-0.04178088903427124,0.1718033105134964,0.5681979656219482,-0.04057244956493378,Right,0.9915196299552917
17606,331,0,0.7263418436050415,0.4352409839630127,3.5679624943441013e-07,0.707680881023407,0.4603329598903656,-0.041686370968818665,0.7090229988098145,0.49060022830963135,-0.0656629279255867,0.7248906493186951,0.5226460695266724,-0.08019053936004639,0.7425206899642944,0.5544034838676453,-0.09117688238620758,0.7679779529571533,0.4223979413509369,-0.06650552153587341,0.7869367003440857,0.46854305267333984,-0.09056080132722855,0.7805241346359253,0.511086642742157,-0.10069264471530914,0.7671776413917542,0.5356770157814026,-0.10512793064117432,0.791471004486084,0.4356144666671753,-0.053257107734680176,0.8098686337471008,0.5020541548728943,-0.07785253971815109,0.7858043909072876,0.536996066570282,-0.08222030848264694,0.7650912404060364,0.5438464879989624,-0.08193148672580719,0.8016679883003235,0.45479702949523926,-0.04137754067778587,0.8099212050437927,0.5139268636703491,-0.06333319842815399,0.7865245342254639,0.538503885269165,-0.0603763647377491,0.7677006125450134,0.5392446517944336,-0.054918646812438965,0.8021537065505981,0.4738943576812744,-0.032208845019340515,0.8052217364311218,0.5180972218513489,-0.05006304755806923,0.7864187359809875,0.5365574359893799,-0.04924431070685387,0.7716577649116516,0.5402018427848816,-0.04498303309082985,Left,0.9924347400665283
17606,331,1,0.25006598234176636,0.48290449380874634,-1.7814713260122517e-07,0.26445597410202026,0.5137852430343628,-0.05538054555654526,0.2585722506046295,0.5437522530555725,-0.08384943008422852,0.23342446982860565,0.579598605632782,-0.09992242604494095,0.20748335123062134,0.6101275086402893,-0.11156865209341049,0.19290797412395477,0.4888378083705902,-0.08506195992231369,0.16202421486377716,0.557300329208374,-0.10286963731050491,0.17835623025894165,0.5844340324401855,-0.10309271514415741,0.19746720790863037,0.5886642932891846,-0.1011001244187355,0.16820846498012543,0.4890044927597046,-0.06123131513595581,0.14067360758781433,0.5648702383041382,-0.08404355496168137,0.16730354726314545,0.59042888879776,-0.08376975357532501,0.18991735577583313,0.5849397778511047,-0.08075421303510666,0.15608534216880798,0.4984351694583893,-0.03850357234477997,0.12929204106330872,0.5631894469261169,-0.062093425542116165,0.15487949550151825,0.5842493176460266,-0.06149780750274658,0.17782796919345856,0.5773811340332031,-0.05720724165439606,0.14973463118076324,0.5139220356941223,-0.018566662445664406,0.1286899447441101,0.5588895678520203,-0.04169895127415657,0.14427965879440308,0.5755537152290344,-0.047091223299503326,0.16044840216636658,0.5689888596534729,-0.046518195420503616,Right,0.9914515018463135
17648,332,0,0.7344863414764404,0.4273848533630371,2.5778555823308125e-07,0.7150216102600098,0.45563623309135437,-0.04307277128100395,0.7159864902496338,0.487836092710495,-0.0679204910993576,0.7356827855110168,0.5208902955055237,-0.0821908488869667,0.7520967721939087,0.5541178584098816,-0.09154419600963593,0.7755128145217896,0.4230368435382843,-0.07355563342571259,0.7970395088195801,0.4883095622062683,-0.09252706915140152,0.7833169102668762,0.5283681750297546,-0.09310083091259003,0.7655262351036072,0.5356581211090088,-0.0908098816871643,0.8031343817710876,0.42799949645996094,-0.0581885427236557,0.8281511664390564,0.49287763237953186,-0.07805042713880539,0.8048588633537292,0.5332282185554504,-0.07631005346775055,0.7853499054908752,0.5400475263595581,-0.0725734531879425,0.8163859248161316,0.44050365686416626,-0.043468087911605835,0.8305307626724243,0.5001028180122375,-0.0606376975774765,0.8097692728042603,0.5288918614387512,-0.05449351668357849,0.7930307984352112,0.5334778428077698,-0.04810678958892822,0.8193137049674988,0.45676490664482117,-0.03143591433763504,0.8259803652763367,0.5014058947563171,-0.04546649754047394,0.8119876384735107,0.5233696699142456,-0.044198159128427505,0.8011018633842468,0.5288597941398621,-0.04073357582092285,Left,0.9810882806777954
17648,332,1,0.24659772217273712,0.47311288118362427,-1.9390478200875805e-07,0.2641970217227936,0.5080804228782654,-0.05896661430597305,0.2595171332359314,0.5398853421211243,-0.08978886902332306,0.23378358781337738,0.5742495656013489,-0.10678336024284363,0.20855672657489777,0.6048722863197327,-0.11908728629350662,0.19432401657104492,0.4866064786911011,-0.09413287043571472,0.16246925294399261,0.5541024804115295,-0.11478070914745331,0.17890706658363342,0.5833266377449036,-0.11625725775957108,0.19645407795906067,0.5895566344261169,-0.11512929201126099,0.16637815535068512,0.4857165217399597,-0.0687471479177475,0.13720017671585083,0.5630245208740234,-0.09474918991327286,0.16642948985099792,0.5891304016113281,-0.09326395392417908,0.18885596096515656,0.5812181830406189,-0.08901074528694153,0.15235623717308044,0.4957999289035797,-0.044390395283699036,0.12549017369747162,0.5619953274726868,-0.07026519626379013,0.1529196798801422,0.5837825536727905,-0.06780797243118286,0.17480921745300293,0.5746058225631714,-0.062027089297771454,0.14541468024253845,0.5124196410179138,-0.02304191142320633,0.12709128856658936,0.5586879849433899,-0.047226522117853165,0.14504238963127136,0.5750420093536377,-0.051780037581920624,0.16111262142658234,0.5656871795654297,-0.050716888159513474,Right,0.9878134727478027
17690,333,0,0.736626923084259,0.4363298714160919,1.4758062150121987e-07,0.7168607115745544,0.4593646824359894,-0.03577331081032753,0.7165547013282776,0.48950010538101196,-0.057615410536527634,0.7336819767951965,0.5257775187492371,-0.07176780700683594,0.74954754114151,0.5561456680297852,-0.08203504234552383,0.7758545875549316,0.43184947967529297,-0.060813602060079575,0.7939307689666748,0.49442678689956665,-0.07851757109165192,0.7815431952476501,0.5329775810241699,-0.07983852177858353,0.7676048874855042,0.5440125465393066,-0.07833299785852432,0.8050971031188965,0.43980565667152405,-0.04960060492157936,0.8270799517631531,0.5036366581916809,-0.06698229163885117,0.803055465221405,0.5398185849189758,-0.06529650837182999,0.7848807573318481,0.5454056262969971,-0.061863504350185394,0.8204558491706848,0.45491233468055725,-0.039318762719631195,0.8353561758995056,0.5123624801635742,-0.055664584040641785,0.8121165633201599,0.5397878289222717,-0.05163145810365677,0.7954617142677307,0.5429176688194275,-0.04611667990684509,0.8266968131065369,0.47168397903442383,-0.03115794062614441,0.836785078048706,0.5137068033218384,-0.04297203570604324,0.8246818780899048,0.5331670045852661,-0.042087603360414505,0.8158076405525208,0.5348042249679565,-0.039164185523986816,Left,0.9797478914260864
17690,333,1,0.2477891594171524,0.4747312068939209,-2.8430335419216135e-07,0.2674015164375305,0.512345016002655,-0.0486048124730587,0.26606088876724243,0.5459441542625427,-0.07599850744009018,0.2432066649198532,0.5788702368736267,-0.09244555234909058,0.2188711017370224,0.6047184467315674,-0.10497111827135086,0.20512588322162628,0.4937880337238312,-0.08325190842151642,0.1812472939491272,0.5625335574150085,-0.10366526991128922,0.19835428893566132,0.5883540511131287,-0.10621319711208344,0.21425823867321014,0.5906656384468079,-0.10591281205415726,0.17460264265537262,0.4936895966529846,-0.06393299996852875,0.1523241102695465,0.5704457759857178,-0.08805090934038162,0.17986130714416504,0.5948336720466614,-0.08653325587511063,0.19915927946567535,0.586033821105957,-0.08320797234773636,0.1583600640296936,0.5034599304199219,-0.04536334052681923,0.13558657467365265,0.5703504681587219,-0.06958873569965363,0.1613151729106903,0.5916875004768372,-0.06713360548019409,0.18078894913196564,0.5818607211112976,-0.06224651262164116,0.15002453327178955,0.5185017585754395,-0.029122244566679,0.13406948745250702,0.5679613351821899,-0.05080901458859444,0.15396153926849365,0.58527672290802,-0.05369119346141815,0.17190635204315186,0.5754846334457397,-0.05224788188934326,Right,0.9843287467956543
17733,334,0,0.7395201325416565,0.43519023060798645,1.1110346065379417e-07,0.7173485159873962,0.45844945311546326,-0.04012454301118851,0.7136817574501038,0.4888061285018921,-0.06568069010972977,0.7292124629020691,0.5235498547554016,-0.08257406949996948,0.7476093173027039,0.5543351173400879,-0.09548123925924301,0.7714611291885376,0.4320126473903656,-0.07244766503572464,0.7858701348304749,0.4975951313972473,-0.09095402806997299,0.7707733511924744,0.536895215511322,-0.09115826338529587,0.7590309977531433,0.543143630027771,-0.08917342126369476,0.8028935194015503,0.43956616520881653,-0.06038434058427811,0.8205516934394836,0.5075689554214478,-0.0787598192691803,0.7942298054695129,0.5434836149215698,-0.07641427218914032,0.7767385840415955,0.5430631637573242,-0.07334097474813461,0.8216505646705627,0.4541524350643158,-0.04894261434674263,0.8358967304229736,0.513711154460907,-0.0678403452038765,0.8091602325439453,0.541734516620636,-0.06420136988162994,0.791655957698822,0.5402509570121765,-0.0592704713344574,0.8320178389549255,0.46874549984931946,-0.03964703157544136,0.8446502089500427,0.510826826095581,-0.055153653025627136,0.8271163702011108,0.5325675010681152,-0.05474134534597397,0.813076376914978,0.5336092710494995,-0.05198851227760315,Left,0.9722446799278259
17733,334,1,0.24502968788146973,0.4773958921432495,-2.6175183620580356e-07,0.2669526934623718,0.5079885125160217,-0.05121372640132904,0.26910436153411865,0.5408228635787964,-0.08077266067266464,0.24913808703422546,0.5754174590110779,-0.09828270226716995,0.2250000685453415,0.6033552885055542,-0.11160032451152802,0.2093954086303711,0.48991623520851135,-0.09326133877038956,0.18660710752010345,0.5635919570922852,-0.11340131610631943,0.20412221550941467,0.5873628854751587,-0.11324945837259293,0.22016657888889313,0.5880873799324036,-0.11120890825986862,0.17832013964653015,0.49092260003089905,-0.07276254892349243,0.15814577043056488,0.5719591975212097,-0.09721773117780685,0.1857251226902008,0.5943773984909058,-0.09461511671543121,0.20421786606311798,0.5851896405220032,-0.09110399335622787,0.16126391291618347,0.5016295313835144,-0.052562225610017776,0.13994497060775757,0.5711588263511658,-0.07786586880683899,0.16479720175266266,0.5920087695121765,-0.07611110806465149,0.1828499138355255,0.5831317901611328,-0.07208400964736938,0.15190915763378143,0.5187171101570129,-0.03453786298632622,0.13399413228034973,0.5666637420654297,-0.058614928275346756,0.15200373530387878,0.5827773213386536,-0.06308166682720184,0.16777542233467102,0.5742895007133484,-0.06286832690238953,Right,0.9870813488960266
17775,335,0,0.7341031432151794,0.4359460175037384,5.98279399355306e-08,0.713279664516449,0.4601631462574005,-0.0400543287396431,0.7109142541885376,0.4903720021247864,-0.06611912697553635,0.7272796630859375,0.524518609046936,-0.08399564027786255,0.7486557960510254,0.5524454116821289,-0.09820310026407242,0.7660092115402222,0.43376079201698303,-0.07548778504133224,0.782950222492218,0.49601125717163086,-0.09558717906475067,0.7705564498901367,0.5336151719093323,-0.09709452837705612,0.7594626545906067,0.542505145072937,-0.0959906056523323,0.7976794838905334,0.4392096996307373,-0.06443384289741516,0.8135337829589844,0.5084711909294128,-0.0847267359495163,0.7898467779159546,0.5410717129707336,-0.083732008934021,0.7741373181343079,0.5406466722488403,-0.08200057595968246,0.8159849643707275,0.45215144753456116,-0.05394995957612991,0.8340976238250732,0.5137922167778015,-0.07345839589834213,0.810208797454834,0.5398402214050293,-0.07077880203723907,0.7939373254776001,0.5381994843482971,-0.06716784089803696,0.8255009055137634,0.4673449993133545,-0.045705292373895645,0.8442108631134033,0.5045678019523621,-0.06178206950426102,0.8310656547546387,0.5227461457252502,-0.062352828681468964,0.8193444013595581,0.5236475467681885,-0.06076875701546669,Left,0.9674316644668579
17775,335,1,0.24513095617294312,0.4732286036014557,-2.703214931898401e-07,0.2694481611251831,0.5018883347511292,-0.052476413547992706,0.2750301659107208,0.5340664386749268,-0.08423110842704773,0.25809717178344727,0.571551501750946,-0.10427942872047424,0.23500019311904907,0.6013442873954773,-0.11996977031230927,0.21488815546035767,0.4852096438407898,-0.09261227399110794,0.20037806034088135,0.5651010870933533,-0.11634491384029388,0.22072121500968933,0.5791606307029724,-0.12039116770029068,0.23555828630924225,0.5692811608314514,-0.12122757732868195,0.18338169157505035,0.48699304461479187,-0.07295545935630798,0.17209367454051971,0.5738720297813416,-0.09781957417726517,0.19904255867004395,0.5884069800376892,-0.09650889039039612,0.2140386551618576,0.5725578665733337,-0.09502237290143967,0.16478407382965088,0.4985913038253784,-0.05424533039331436,0.15139156579971313,0.5725492835044861,-0.07817511260509491,0.1759362518787384,0.5877401232719421,-0.0745125412940979,0.19035691022872925,0.5732272863388062,-0.07068502902984619,0.15356098115444183,0.5157514214515686,-0.038467682898044586,0.1410500705242157,0.5684623718261719,-0.060765787959098816,0.1612969934940338,0.5815555453300476,-0.06338684260845184,0.17667847871780396,0.568287193775177,-0.06270300596952438,Right,0.9897307753562927
17817,336,0,0.7322906851768494,0.4376535415649414,4.9536790669435504e-08,0.7124960422515869,0.4642731845378876,-0.03873424604535103,0.7107248902320862,0.49418574571609497,-0.06385322660207748,0.7276871800422668,0.526900053024292,-0.08113094419240952,0.7479625344276428,0.5551175475120544,-0.09460796415805817,0.7654693126678467,0.4382777810096741,-0.07338535040616989,0.7848427891731262,0.5012856125831604,-0.09254571050405502,0.771609902381897,0.5385677218437195,-0.0932813435792923,0.7604759931564331,0.5458369851112366,-0.09160030633211136,0.7967308163642883,0.44237709045410156,-0.06243991479277611,0.8125119209289551,0.513210117816925,-0.08158746361732483,0.7893839478492737,0.545200526714325,-0.07958687096834183,0.7751907706260681,0.5443766117095947,-0.07727385312318802,0.8147256970405579,0.4540519416332245,-0.052034761756658554,0.8332564830780029,0.5169610381126404,-0.07009246200323105,0.810846745967865,0.5426595211029053,-0.06665776669979095,0.7961320281028748,0.5417410731315613,-0.06278606504201889,0.824022650718689,0.46808677911758423,-0.04387124255299568,0.8437868356704712,0.505390465259552,-0.058410853147506714,0.8331261277198792,0.525268018245697,-0.0585145428776741,0.8230540752410889,0.5297753810882568,-0.056733254343271255,Left,0.9639004468917847
17817,336,1,0.2449970245361328,0.48175397515296936,-2.6458326374267926e-07,0.2689186930656433,0.5077308416366577,-0.04927387833595276,0.2750990688800812,0.5381649732589722,-0.07903357595205307,0.2590336501598358,0.5747972130775452,-0.09810315817594528,0.23697291314601898,0.6038934588432312,-0.11315266042947769,0.21667657792568207,0.4917064905166626,-0.08566773682832718,0.20321020483970642,0.5664896368980408,-0.1084112673997879,0.22346478700637817,0.5797092914581299,-0.11324955523014069,0.23751455545425415,0.5691264271736145,-0.11480545997619629,0.1858181208372116,0.4942065477371216,-0.06745009124279022,0.17506462335586548,0.5759315490722656,-0.09113532304763794,0.20110751688480377,0.589697539806366,-0.09070834517478943,0.2150760442018509,0.5731736421585083,-0.08984296768903732,0.16740752756595612,0.5050670504570007,-0.0502120666205883,0.1541895568370819,0.5750688910484314,-0.07274746894836426,0.17787496745586395,0.5888640284538269,-0.06930861622095108,0.1917514055967331,0.5729652047157288,-0.06548959016799927,0.1561872810125351,0.5213777422904968,-0.03577248379588127,0.14204289019107819,0.5720609426498413,-0.056367941200733185,0.16106784343719482,0.5837581753730774,-0.0583202950656414,0.1762799471616745,0.568825900554657,-0.05713092163205147,Right,0.9862923622131348
