timestamp_ms,frame,hand,x0,y0,z0,x1,y1,z1,x2,y2,z2,x3,y3,z3,x4,y4,z4,x5,y5,z5,x6,y6,z6,x7,y7,z7,x8,y8,z8,x9,y9,z9,x10,y10,z10,x11,y11,z11,x12,y12,z12,x13,y13,z13,x14,y14,z14,x15,y15,z15,x16,y16,z16,x17,y17,z17,x18,y18,z18,x19,y19,z19,x20,y20,z20,handedness,handedness_score
0,1,0,0.6982101202011108,0.5758938193321228,3.1479967788072827e-07,0.6317486763000488,0.6054791212081909,-0.02025643177330494,0.5731332898139954,0.6563040018081665,-0.04168425127863884,0.5263671875,0.6962806582450867,-0.060109227895736694,0.48828157782554626,0.7088298797607422,-0.08116685599088669,0.6191249489784241,0.6871625185012817,-0.07349412888288498,0.6135699152946472,0.7890405654907227,-0.10266303271055222,0.6156272292137146,0.859444260597229,-0.11801791191101074,0.6186496019363403,0.9195104837417603,-0.12827029824256897,0.6647772192955017,0.6996594667434692,-0.0763603076338768,0.6655120253562927,0.8136711120605469,-0.10418039560317993,0.668097972869873,0.8922796249389648,-0.11631747335195541,0.6731017827987671,0.9568260908126831,-0.12624278664588928,0.7042356729507446,0.7078747749328613,-0.07739277184009552,0.7108123302459717,0.8102956414222717,-0.0984988734126091,0.714106559753418,0.883327841758728,-0.1077117994427681,0.7176517248153687,0.9426625370979309,-0.11505082249641418,0.7371079921722412,0.7109292149543762,-0.07939165830612183,0.7479702234268188,0.7904605269432068,-0.09636369347572327,0.754713773727417,0.8434785604476929,-0.10333913564682007,0.7592818737030029,0.8886145353317261,-0.1088271513581276,Left,0.9380233287811279
0,1,1,0.2334669679403305,0.5693328380584717,5.405473189057375e-07,0.2998547852039337,0.602820634841919,-0.019821664318442345,0.3535507619380951,0.6568939685821533,-0.03964154049754143,0.4006091356277466,0.6939011812210083,-0.056875064969062805,0.4456460475921631,0.7044683694839478,-0.07575200498104095,0.31141185760498047,0.6928290724754333,-0.06146565452218056,0.30987030267715454,0.793658435344696,-0.08831515163183212,0.3015650808811188,0.8603233098983765,-0.10231831669807434,0.29122745990753174,0.9161183834075928,-0.11063995212316513,0.26463454961776733,0.7008065581321716,-0.06543868035078049,0.25861746072769165,0.813744306564331,-0.08814099431037903,0.2483723908662796,0.8912087678909302,-0.09707056730985641,0.23711273074150085,0.9516462683677673,-0.10530715435743332,0.22397056221961975,0.7022921442985535,-0.0692836120724678,0.2153708040714264,0.8060723543167114,-0.08941925317049026,0.20886191725730896,0.8780729174613953,-0.09686349332332611,0.2021561861038208,0.9348242282867432,-0.10269065201282501,0.19114764034748077,0.6993381977081299,-0.07411600649356842,0.17850126326084137,0.7835969924926758,-0.08945418894290924,0.1690586358308792,0.8374916315078735,-0.09436819702386856,0.1611480563879013,0.8843725323677063,-0.09888624399900436,Right,0.9585898518562317
49,2,0,0.696932315826416,0.5887272357940674,2.83019147673258e-07,0.6318655014038086,0.6130202412605286,-0.023718325421214104,0.5738583207130432,0.6594847440719604,-0.04742063954472542,0.5267126560211182,0.6954327821731567,-0.06731700897216797,0.4860762357711792,0.7078465819358826,-0.09010180830955505,0.6176372170448303,0.6941380500793457,-0.0810641497373581,0.6127620339393616,0.7932356595993042,-0.11264973133802414,0.6145063042640686,0.8609397411346436,-0.1292794793844223,0.617071270942688,0.9191458225250244,-0.140532448887825,0.6653602719306946,0.7034452557563782,-0.08368225395679474,0.6667014956474304,0.8129826784133911,-0.11636937409639359,0.6705657243728638,0.8901506066322327,-0.13215705752372742,0.6753129363059998,0.9558290243148804,-0.14427563548088074,0.7055326104164124,0.7099294066429138,-0.08436889201402664,0.7122939229011536,0.8097173571586609,-0.11010755598545074,0.7165127396583557,0.8810772895812988,-0.12167970836162567,0.7193752527236938,0.9416254758834839,-0.13020965456962585,0.7372660636901855,0.712157666683197,-0.08602157980203629,0.7478237748146057,0.7893141508102417,-0.10760316997766495,0.7535689473152161,0.8417832851409912,-0.11766332387924194,0.7577633261680603,0.8884808421134949,-0.12472748011350632,Left,0.9277222156524658
49,2,1,0.2403566539287567,0.5777831673622131,6.578515581168176e-07,0.30506688356399536,0.6065972447395325,-0.02067866548895836,0.35538893938064575,0.655660092830658,-0.04002055525779724,0.39685797691345215,0.6917046308517456,-0.055854715406894684,0.4373132288455963,0.7034788727760315,-0.07335914671421051,0.31426000595092773,0.6918070912361145,-0.06420867145061493,0.3090081512928009,0.7893192768096924,-0.09335168451070786,0.30155766010284424,0.857958972454071,-0.10923843085765839,0.2901839017868042,0.9140717387199402,-0.11857243627309799,0.2660733759403229,0.6992535591125488,-0.0679825022816658,0.25848910212516785,0.8091774582862854,-0.09466897696256638,0.2510863244533539,0.8886595964431763,-0.10728312283754349,0.2416197955608368,0.9511871933937073,-0.11770062893629074,0.2252795547246933,0.7016959190368652,-0.07141242176294327,0.21653667092323303,0.8013571500778198,-0.09732088446617126,0.21113094687461853,0.8728940486907959,-0.10919485986232758,0.20560801029205322,0.9305420517921448,-0.11709446460008621,0.1944342851638794,0.6999446749687195,-0.07522568851709366,0.17960236966609955,0.7825413346290588,-0.09645900875329971,0.17083171010017395,0.8373196721076965,-0.10523416101932526,0.16330918669700623,0.8858532309532166,-0.1118142306804657,Right,0.948508620262146
92,3,0,0.6967993974685669,0.5869986414909363,2.6716423917605425e-07,0.6331831812858582,0.6122262477874756,-0.023137781769037247,0.5754019021987915,0.6577571034431458,-0.04709240421652794,0.530036985874176,0.69350665807724,-0.06717361509799957,0.4895358085632324,0.7070901989936829,-0.0901973620057106,0.6188997626304626,0.6921689510345459,-0.08183983713388443,0.6128474473953247,0.791231632232666,-0.11382070928812027,0.6136553883552551,0.8592575788497925,-0.13061605393886566,0.6162005662918091,0.9173727035522461,-0.14186911284923553,0.6662365198135376,0.7020843625068665,-0.08488070964813232,0.6668766736984253,0.8131867051124573,-0.11788864433765411,0.670615017414093,0.8910515308380127,-0.13369691371917725,0.6761989593505859,0.9576141834259033,-0.14581269025802612,0.7062178254127502,0.7090469002723694,-0.08584841340780258,0.7133547067642212,0.8107852935791016,-0.1118185967206955,0.7176011800765991,0.8821685910224915,-0.12307904660701752,0.7210776805877686,0.9425985813140869,-0.13135893642902374,0.7380501627922058,0.7115889191627502,-0.08763154596090317,0.7481931447982788,0.7899715304374695,-0.10913240909576416,0.7531213760375977,0.842980146408081,-0.11875145882368088,0.7569931745529175,0.8902967572212219,-0.12551727890968323,Left,0.9395344257354736
92,3,1,0.24117359519004822,0.5817294120788574,6.843773689979571e-07,0.3050639033317566,0.6073907613754272,-0.022746676579117775,0.3553045690059662,0.6546798944473267,-0.04461482912302017,0.3960449695587158,0.6912816762924194,-0.06271941214799881,0.43712732195854187,0.7023178339004517,-0.08256438374519348,0.31390082836151123,0.6910732984542847,-0.06958846002817154,0.30925434827804565,0.7872113585472107,-0.10021361708641052,0.30249330401420593,0.8560497164726257,-0.11669743806123734,0.2917805314064026,0.9131451845169067,-0.12640690803527832,0.26491597294807434,0.6982049345970154,-0.07337843626737595,0.25753456354141235,0.808434784412384,-0.10160503536462784,0.2497149109840393,0.8887898325920105,-0.11477743089199066,0.24003419280052185,0.9521377086639404,-0.12550009787082672,0.22378143668174744,0.7004728317260742,-0.07672140747308731,0.21584641933441162,0.8010097742080688,-0.10365152359008789,0.2099771499633789,0.872824490070343,-0.11533583700656891,0.20436809957027435,0.9306806921958923,-0.12295499444007874,0.19283148646354675,0.6989853382110596,-0.08058061450719833,0.17890042066574097,0.7831782102584839,-0.10169029235839844,0.17027762532234192,0.8382546901702881,-0.1097266748547554,0.1631433069705963,0.8871731758117676,-0.11586228758096695,Right,0.9542365670204163
134,4,0,0.6957889795303345,0.5903819799423218,2.8364732429508877e-07,0.6319806575775146,0.613741397857666,-0.024385623633861542,0.5745193362236023,0.6579822301864624,-0.048890408128499985,0.5299559831619263,0.6929623484611511,-0.06932778656482697,0.49025413393974304,0.706847071647644,-0.09266240149736404,0.6185406446456909,0.6936896443367004,-0.08335068076848984,0.6131040453910828,0.7920461297035217,-0.11579250544309616,0.6141006946563721,0.8597533702850342,-0.1328028291463852,0.6162506937980652,0.917883574962616,-0.14414392411708832,0.6658946871757507,0.7031139731407166,-0.08588246256113052,0.666655421257019,0.8117046356201172,-0.11931116878986359,0.6702057719230652,0.8884409070014954,-0.13557149469852448,0.675119161605835,0.9546019434928894,-0.1480298787355423,0.7057396769523621,0.7098516225814819,-0.08638772368431091,0.7130018472671509,0.8094985485076904,-0.11290549486875534,0.7173781991004944,0.8806579113006592,-0.12475711107254028,0.7207598090171814,0.9410089254379272,-0.13337600231170654,0.7374107241630554,0.7121449112892151,-0.08778367936611176,0.7475951910018921,0.789579451084137,-0.1097458153963089,0.7526888847351074,0.8422718644142151,-0.11979688704013824,0.7567038536071777,0.8891903162002563,-0.12684303522109985,Left,0.9249271750450134
134,4,1,0.24011796712875366,0.5784671902656555,6.776604095648509e-07,0.3042675852775574,0.6061393618583679,-0.02198691852390766,0.3548457622528076,0.6542935967445374,-0.04362878575921059,0.3963641822338104,0.6912293434143066,-0.0616363026201725,0.4378361105918884,0.7021923661231995,-0.0813952386379242,0.3136575222015381,0.6905118227005005,-0.06912164390087128,0.3088143467903137,0.7882522940635681,-0.09945318847894669,0.30178287625312805,0.8568114638328552,-0.11547763645648956,0.2909455895423889,0.913100004196167,-0.12481016665697098,0.2646690011024475,0.6977152228355408,-0.07309102267026901,0.2573377788066864,0.8089417219161987,-0.10132056474685669,0.24937182664871216,0.8894992470741272,-0.11439979821443558,0.23952828347682953,0.9523777961730957,-0.12493396550416946,0.22348102927207947,0.7000070810317993,-0.07650523632764816,0.21586264669895172,0.8011400699615479,-0.10332395136356354,0.2101128101348877,0.8734743595123291,-0.11512476205825806,0.2044309377670288,0.9312738180160522,-0.1227557584643364,0.19249111413955688,0.6985840797424316,-0.08033529669046402,0.17878428101539612,0.7832801938056946,-0.10144688189029694,0.1702122539281845,0.838498592376709,-0.10964493453502655,0.16301816701889038,0.8871243596076965,-0.11579550057649612,Right,0.95607590675354
176,5,0,0.6958180665969849,0.5889352560043335,2.82119685834914e-07,0.632281482219696,0.6132118701934814,-0.024006027728319168,0.575018584728241,0.6573758721351624,-0.048184964805841446,0.5309630036354065,0.692592978477478,-0.0683121383190155,0.49137330055236816,0.7059834003448486,-0.0913323387503624,0.6188654899597168,0.6940895318984985,-0.08227016776800156,0.6131399273872375,0.7921048402786255,-0.11428911983966827,0.6142207384109497,0.8597373366355896,-0.13112060725688934,0.6165372133255005,0.9176666140556335,-0.1423524171113968,0.6662598252296448,0.7037496566772461,-0.08478453755378723,0.6668286919593811,0.8127906918525696,-0.11775073409080505,0.6705655455589294,0.8894493579864502,-0.13384881615638733,0.6758427023887634,0.9551907777786255,-0.14613373577594757,0.7061032652854919,0.7103061676025391,-0.08524038642644882,0.7132888436317444,0.8101575374603271,-0.11122436076402664,0.717556893825531,0.8809800744056702,-0.12283004820346832,0.7208930253982544,0.9407494068145752,-0.1312766969203949,0.7377952337265015,0.7122362852096558,-0.08656373620033264,0.7477613687515259,0.7897343635559082,-0.10796546190977097,0.752443253993988,0.8422091007232666,-0.11764533817768097,0.7560296058654785,0.8889603614807129,-0.12442203611135483,Left,0.9289612174034119
176,5,1,0.24020621180534363,0.5799846649169922,6.872284643577586e-07,0.30446112155914307,0.6067330837249756,-0.02288769744336605,0.3550267815589905,0.6546825766563416,-0.04497268795967102,0.3963543772697449,0.6915250420570374,-0.06331117451190948,0.43793734908103943,0.7024579644203186,-0.0833870992064476,0.31358951330184937,0.6904307007789612,-0.06988464295864105,0.3090098202228546,0.7874130606651306,-0.10050559043884277,0.3020300269126892,0.8562291860580444,-0.1168421283364296,0.29121485352516174,0.9130329489707947,-0.12640661001205444,0.26440200209617615,0.6976194381713867,-0.07364088296890259,0.2570708394050598,0.8084716200828552,-0.10192369669675827,0.24896235764026642,0.889371395111084,-0.11503669619560242,0.2390824258327484,0.9527845978736877,-0.12569104135036469,0.22308745980262756,0.6999958753585815,-0.07694854587316513,0.21561968326568604,0.8006687164306641,-0.10386410355567932,0.2099883258342743,0.8729264736175537,-0.11554679274559021,0.20443081855773926,0.9308671355247498,-0.12314941734075546,0.1919870674610138,0.6987704634666443,-0.08077988773584366,0.17861522734165192,0.7832053899765015,-0.10178178548812866,0.17021678388118744,0.8384946584701538,-0.10976491123437881,0.16306544840335846,0.8873286247253418,-0.11585615575313568,Right,0.9539821743965149
219,6,0,0.6965703368186951,0.5875974297523499,2.9083591357448313e-07,0.6319506168365479,0.6123249530792236,-0.024210745468735695,0.574907660484314,0.6572610139846802,-0.048390790820121765,0.5309646725654602,0.6925845146179199,-0.06861529499292374,0.49195462465286255,0.7068024277687073,-0.09166479110717773,0.6181855797767639,0.6949920654296875,-0.08171898126602173,0.6129092574119568,0.7925530672073364,-0.1139591783285141,0.613979160785675,0.859971821308136,-0.13099579513072968,0.6160479784011841,0.9182814359664917,-0.1424221396446228,0.6654631495475769,0.70415198802948,-0.08436643332242966,0.6664171814918518,0.8126118183135986,-0.11772987246513367,0.6699178218841553,0.8891183733940125,-0.13432979583740234,0.6746474504470825,0.9556245803833008,-0.14695724844932556,0.7054767608642578,0.7103145122528076,-0.08505897223949432,0.7128866910934448,0.8097792863845825,-0.11173079907894135,0.7171847820281982,0.880744457244873,-0.12400797009468079,0.7204064726829529,0.9412303566932678,-0.1327826976776123,0.7372124195098877,0.7119027376174927,-0.08663194626569748,0.7476440668106079,0.7889602184295654,-0.10880453139543533,0.7529917359352112,0.8416061997413635,-0.1191619262099266,0.7572067379951477,0.8887177109718323,-0.1263277232646942,Left,0.9237303733825684
219,6,1,0.24017521739006042,0.580122709274292,6.839241564193799e-07,0.3043825328350067,0.6072006821632385,-0.0228965412825346,0.3549521267414093,0.6550564765930176,-0.04507829621434212,0.3966274857521057,0.6915026307106018,-0.06348910182714462,0.43832850456237793,0.7024025917053223,-0.08365564793348312,0.3133838176727295,0.6904113292694092,-0.07018246501684189,0.30884960293769836,0.7874647378921509,-0.1008533239364624,0.3019728660583496,0.8562421202659607,-0.11719972640275955,0.2912745475769043,0.9130220413208008,-0.12677006423473358,0.264218807220459,0.6975671648979187,-0.07392757385969162,0.2569783627986908,0.8083849549293518,-0.10227431356906891,0.24897587299346924,0.8891772627830505,-0.11537982523441315,0.23914384841918945,0.9525525569915771,-0.12600556015968323,0.22295141220092773,0.6999319791793823,-0.0771985799074173,0.21555808186531067,0.8007251024246216,-0.10419003665447235,0.20990709960460663,0.8732004761695862,-0.11595951020717621,0.20428737998008728,0.9313087463378906,-0.12360471487045288,0.19194400310516357,0.6987307667732239,-0.08097565174102783,0.17866244912147522,0.7832314968109131,-0.10207080841064453,0.17031508684158325,0.8385334014892578,-0.11014881730079651,0.16314420104026794,0.8872290849685669,-0.11629543453454971,Right,0.9548514485359192
261,7,0,0.6956390738487244,0.5895815491676331,2.8924043249389797e-07,0.6319052577018738,0.6132423281669617,-0.0247269868850708,0.5744841694831848,0.65740966796875,-0.04936286434531212,0.5300142168998718,0.6926259994506836,-0.06985315680503845,0.4903060793876648,0.7067214250564575,-0.09320858865976334,0.6186640858650208,0.6940094232559204,-0.08346407860517502,0.6131001114845276,0.7921624183654785,-0.1159883588552475,0.6140872240066528,0.8595910668373108,-0.13305780291557312,0.6162635684013367,0.9176172018051147,-0.14445027709007263,0.6660992503166199,0.7035121321678162,-0.08588366210460663,0.6667079925537109,0.8119165301322937,-0.11960256099700928,0.6701963543891907,0.8886175155639648,-0.1361566185951233,0.6750014424324036,0.954863965511322,-0.1487472653388977,0.7059823274612427,0.7101076245307922,-0.08628471940755844,0.713026225566864,0.809563159942627,-0.11306282132863998,0.7173169851303101,0.8807672262191772,-0.12510107457637787,0.7205448150634766,0.9412853717803955,-0.13377776741981506,0.7376340627670288,0.7122297883033752,-0.08757924288511276,0.7475664615631104,0.7892743945121765,-0.10967330634593964,0.7523609399795532,0.8418244123458862,-0.11977270245552063,0.7560543417930603,0.8888565301895142,-0.12680186331272125,Left,0.9250043034553528
261,7,1,0.2399011254310608,0.5785177946090698,6.817769531153317e-07,0.3040940463542938,0.606216311454773,-0.02238912135362625,0.3548150658607483,0.6545843482017517,-0.044231854379177094,0.39628079533576965,0.6913564205169678,-0.062358420342206955,0.43775349855422974,0.7026862502098083,-0.0822414979338646,0.3136771619319916,0.6901587843894958,-0.06960894167423248,0.30910107493400574,0.7874916791915894,-0.10018352419137955,0.3020566999912262,0.8563154935836792,-0.11648796498775482,0.29117652773857117,0.9130691289901733,-0.12601470947265625,0.26459357142448425,0.6973608732223511,-0.07349250465631485,0.2573715150356293,0.8086169958114624,-0.10167009383440018,0.24911443889141083,0.8893976211547852,-0.11468270421028137,0.23908284306526184,0.9525929689407349,-0.12522344291210175,0.22324776649475098,0.6996897459030151,-0.07688196003437042,0.2159118950366974,0.8007263541221619,-0.1037127673625946,0.2100600004196167,0.8731991052627563,-0.11545653641223907,0.20429763197898865,0.9311302900314331,-0.12308427691459656,0.1920754760503769,0.6984149217605591,-0.08074042201042175,0.178883358836174,0.7831095457077026,-0.10174307972192764,0.17050541937351227,0.8384767770767212,-0.10982238501310349,0.16328522562980652,0.8871749639511108,-0.11594841629266739,Right,0.9564083814620972
305,8,0,0.6961671710014343,0.5875507593154907,2.854337424196274e-07,0.6321511268615723,0.6123057007789612,-0.024287056177854538,0.5750066637992859,0.6571399569511414,-0.048721618950366974,0.5309131145477295,0.6926569938659668,-0.069048672914505,0.4915350079536438,0.7061940431594849,-0.0922151505947113,0.6182065606117249,0.6939499974250793,-0.08318574726581573,0.6127527356147766,0.7914329171180725,-0.11577515304088593,0.6140240430831909,0.8591089844703674,-0.13294543325901031,0.6163224577903748,0.9173194169998169,-0.14440442621707916,0.665506899356842,0.7032314538955688,-0.08573298901319504,0.6666000485420227,0.8116476535797119,-0.11945871263742447,0.6703574657440186,0.8885193467140198,-0.13603907823562622,0.6754075884819031,0.9549151659011841,-0.1486624926328659,0.7053360939025879,0.7097223997116089,-0.08620835095643997,0.7127653360366821,0.8094925284385681,-0.11294686049222946,0.7173749208450317,0.8805264830589294,-0.1249777153134346,0.7208682894706726,0.9409022927284241,-0.13362930715084076,0.737015426158905,0.7115931510925293,-0.08754557371139526,0.7474176287651062,0.7889697551727295,-0.1096019372344017,0.7525294423103333,0.8416250348091125,-0.11972410976886749,0.7563891410827637,0.8888350129127502,-0.1267584264278412,Left,0.9253405332565308
305,8,1,0.2400016188621521,0.5787153244018555,6.893216095704702e-07,0.30419304966926575,0.6057850122451782,-0.022834524512290955,0.354590505361557,0.6541044116020203,-0.04481125250458717,0.3958442807197571,0.6911426186561584,-0.06302842497825623,0.4374544024467468,0.7023738622665405,-0.08297662436962128,0.31358665227890015,0.6903774738311768,-0.06983412802219391,0.3090006113052368,0.7878790497779846,-0.10041018575429916,0.3020664155483246,0.856805682182312,-0.11666112393140793,0.2913483679294586,0.9135675430297852,-0.12612339854240417,0.2646576464176178,0.697517454624176,-0.0735013484954834,0.2571362853050232,0.8086240291595459,-0.10176345705986023,0.24903374910354614,0.8896710872650146,-0.11476600170135498,0.23916685581207275,0.9530494809150696,-0.1252637803554535,0.22338184714317322,0.699851393699646,-0.07672660052776337,0.21564435958862305,0.800487220287323,-0.10357919335365295,0.21013224124908447,0.8729179501533508,-0.11532733589410782,0.20461910963058472,0.9307907819747925,-0.12292711436748505,0.1921277642250061,0.6986595988273621,-0.08046893030405045,0.17864887416362762,0.7832270860671997,-0.10146930068731308,0.17035961151123047,0.8388123512268066,-0.10958442836999893,0.1632329225540161,0.8878252506256104,-0.11571387201547623,Right,0.9545488357543945
348,9,0,0.6960535049438477,0.5889185070991516,2.8763994919245306e-07,0.6319725513458252,0.6129188537597656,-0.02432592585682869,0.5744589567184448,0.6576126217842102,-0.048619650304317474,0.5296660661697388,0.6927709579467773,-0.06883930414915085,0.4900357127189636,0.7068591713905334,-0.09188178181648254,0.6186467409133911,0.6940496563911438,-0.0826677456498146,0.6130390167236328,0.7921077013015747,-0.11493242532014847,0.614151120185852,0.8594670295715332,-0.13180328905582428,0.6164813041687012,0.9175570607185364,-0.1430673748254776,0.6659712791442871,0.7032564878463745,-0.08519259095191956,0.666686475276947,0.8118542432785034,-0.11870234459638596,0.6702644228935242,0.8887228965759277,-0.13511840999126434,0.6751523017883301,0.955154299736023,-0.1476064920425415,0.7057691812515259,0.7096040844917297,-0.08570317178964615,0.7128714323043823,0.8090695738792419,-0.11234308034181595,0.7171745300292969,0.8801928162574768,-0.12428144365549088,0.7203885912895203,0.9407863020896912,-0.13285015523433685,0.7373209595680237,0.711561381816864,-0.08709072321653366,0.7474141120910645,0.7886555194854736,-0.10917921364307404,0.7523802518844604,0.8414787650108337,-0.11931964010000229,0.7561688423156738,0.8888987302780151,-0.12633930146694183,Left,0.9261772036552429
348,9,1,0.24008159339427948,0.5781609416007996,6.897761295476812e-07,0.30430829524993896,0.6061352491378784,-0.022445669397711754,0.3545611500740051,0.6544886231422424,-0.04427459463477135,0.39595940709114075,0.6914218664169312,-0.06243060901761055,0.4376353919506073,0.7025846838951111,-0.08234163373708725,0.31354621052742004,0.6907971501350403,-0.06907700002193451,0.30903103947639465,0.7886808514595032,-0.0994357243180275,0.30200788378715515,0.8573604822158813,-0.11556753516197205,0.2911873161792755,0.9137431383132935,-0.12494011223316193,0.26458218693733215,0.697848916053772,-0.07286728173494339,0.25706344842910767,0.8094092011451721,-0.10088718682527542,0.24889424443244934,0.890342116355896,-0.11382436752319336,0.2390308976173401,0.9534165263175964,-0.12427180260419846,0.2234124392271042,0.6999354362487793,-0.07621512562036514,0.21561747789382935,0.8006731271743774,-0.10288280248641968,0.21007634699344635,0.8731554746627808,-0.11466828733682632,0.20457185804843903,0.9309254288673401,-0.12230388075113297,0.19234177470207214,0.6983591318130493,-0.08004003018140793,0.17875543236732483,0.7828578948974609,-0.10087626427412033,0.17047399282455444,0.8384721279144287,-0.10894957929849625,0.16338814795017242,0.8874083161354065,-0.11505461484193802,Right,0.9549857974052429
392,10,0,0.6968624591827393,0.586297333240509,2.7453469897409377e-07,0.6329798102378845,0.6109555959701538,-0.02316182106733322,0.5754385590553284,0.6562456488609314,-0.046812690794467926,0.5311432480812073,0.6924022436141968,-0.06659001857042313,0.49152159690856934,0.7056564092636108,-0.08922616392374039,0.6186670660972595,0.6940414309501648,-0.08020902425050735,0.6137806177139282,0.7924602627754211,-0.11168012022972107,0.6158332824707031,0.8598964214324951,-0.12826748192310333,0.6195859313011169,0.9175018072128296,-0.13929738104343414,0.6659876108169556,0.7030612826347351,-0.08310656249523163,0.667055606842041,0.8137234449386597,-0.11554119735956192,0.6715995073318481,0.8907783031463623,-0.13149534165859222,0.6780039072036743,0.9566253423690796,-0.14359590411186218,0.705994725227356,0.7092564702033997,-0.08396192640066147,0.7137384414672852,0.8103085160255432,-0.10936859250068665,0.7186102867126465,0.8812224864959717,-0.12079973518848419,0.722670316696167,0.9408792853355408,-0.12907527387142181,0.7379335165023804,0.7111374139785767,-0.08564690500497818,0.7477032542228699,0.7893123626708984,-0.10635649412870407,0.7523948550224304,0.841791033744812,-0.11565282195806503,0.7560175061225891,0.888468861579895,-0.12215149402618408,Left,0.9402135610580444
392,10,1,0.23925146460533142,0.5781486630439758,6.916223469488614e-07,0.3034399151802063,0.6055916547775269,-0.022502189502120018,0.3543298840522766,0.6542056202888489,-0.04444703459739685,0.3960570693016052,0.6912178993225098,-0.06260881572961807,0.4376446604728699,0.7020713090896606,-0.0825100839138031,0.3135190010070801,0.6892106533050537,-0.07001647353172302,0.3090386390686035,0.7875744104385376,-0.10036467760801315,0.3020460307598114,0.856677770614624,-0.11630874127149582,0.2911823093891144,0.9131944179534912,-0.1254483312368393,0.26418858766555786,0.6964465379714966,-0.07366630434989929,0.25673407316207886,0.8090145587921143,-0.10149538516998291,0.2485242784023285,0.8905361890792847,-0.11407841742038727,0.23852503299713135,0.9537663459777832,-0.12423492968082428,0.22269025444984436,0.6989819407463074,-0.07677795737981796,0.2153591811656952,0.8007451295852661,-0.10311084985733032,0.20994645357131958,0.8734387755393982,-0.1145520806312561,0.2044590711593628,0.9310929775238037,-0.12194957584142685,0.19152560830116272,0.6981215476989746,-0.0803549513220787,0.1784331202507019,0.7833347320556641,-0.1007581576704979,0.1701684296131134,0.8389291763305664,-0.10843256115913391,0.16299358010292053,0.8875498175621033,-0.11425813287496567,Right,0.959013044834137
434,11,0,0.6985594630241394,0.5844010710716248,2.6612033821038494e-07,0.635435163974762,0.6047103404998779,-0.025804273784160614,0.575711190700531,0.6481301188468933,-0.050137706100940704,0.5292000770568848,0.6838458776473999,-0.06999807804822922,0.4879620671272278,0.6960957646369934,-0.09245333075523376,0.6223539113998413,0.6851195096969604,-0.08293857425451279,0.6173912882804871,0.7808566093444824,-0.11420463025569916,0.6180520057678223,0.8475744724273682,-0.13032083213329315,0.6207284927368164,0.905531644821167,-0.14115163683891296,0.6704057455062866,0.698268473148346,-0.08411657810211182,0.671943187713623,0.8085022568702698,-0.11656080931425095,0.6742814779281616,0.8862245082855225,-0.13239260017871857,0.6789665818214417,0.9530497789382935,-0.1445343941450119,0.7092041969299316,0.7072444558143616,-0.08323867619037628,0.7174834609031677,0.8068332076072693,-0.10878320038318634,0.721100926399231,0.8783740997314453,-0.1201862245798111,0.723923921585083,0.9389177560806274,-0.1283685714006424,0.7389547228813171,0.7108211517333984,-0.08339422196149826,0.7493351697921753,0.7886537313461304,-0.10415969043970108,0.7547577023506165,0.8419076204299927,-0.11364465951919556,0.7586638927459717,0.889165997505188,-0.12030500918626785,Left,0.960783064365387
434,11,1,0.23799000680446625,0.5751534104347229,6.947271344870387e-07,0.30214595794677734,0.6028360724449158,-0.021984286606311798,0.35264503955841064,0.6526686549186707,-0.043419625610113144,0.3930923342704773,0.6914145350456238,-0.061093010008335114,0.43400904536247253,0.7038856148719788,-0.0804804265499115,0.31366270780563354,0.6877666115760803,-0.0695318877696991,0.3090604543685913,0.7880196571350098,-0.0999082550406456,0.30254265666007996,0.8576439023017883,-0.11569597572088242,0.2922142446041107,0.9142531156539917,-0.12456196546554565,0.26448437571525574,0.6944758892059326,-0.07320792227983475,0.2557310461997986,0.8084009885787964,-0.10114225000143051,0.24687650799751282,0.8898550271987915,-0.1132301390171051,0.23645946383476257,0.9526131749153137,-0.12283177673816681,0.22309726476669312,0.6970374584197998,-0.07638052850961685,0.21461522579193115,0.8002055287361145,-0.10285413265228271,0.20896482467651367,0.8731883764266968,-0.11411062628030777,0.20334285497665405,0.9306806325912476,-0.1211833506822586,0.1923218071460724,0.6964160799980164,-0.07995340973138809,0.17820732295513153,0.7835537791252136,-0.10051620006561279,0.16953355073928833,0.8400161862373352,-0.10828202217817307,0.1619451642036438,0.8891371488571167,-0.11403226852416992,Right,0.9599541425704956
477,12,0,0.7037839889526367,0.5817646980285645,3.1699224223302735e-07,0.6419817209243774,0.5926288962364197,-0.030933557078242302,0.5810924768447876,0.6328023672103882,-0.05744515359401703,0.5338029265403748,0.6691903471946716,-0.07789839804172516,0.4917309880256653,0.6760161519050598,-0.10101791471242905,0.6310396194458008,0.657001793384552,-0.09645211696624756,0.6177740693092346,0.7488983273506165,-0.1301441192626953,0.6123044490814209,0.8166309595108032,-0.14659033715724945,0.6087378859519958,0.8768781423568726,-0.15762969851493835,0.6787734031677246,0.676367998123169,-0.09435123950242996,0.6748917698860168,0.7872297763824463,-0.1289999932050705,0.6727324724197388,0.8679236173629761,-0.1445368081331253,0.6727389693260193,0.9391273856163025,-0.1568930298089981,0.715288519859314,0.6930367946624756,-0.08979043364524841,0.7192336320877075,0.7924636602401733,-0.11724486947059631,0.7201358675956726,0.8667698502540588,-0.12955540418624878,0.7204870581626892,0.9314073324203491,-0.13855555653572083,0.7416689395904541,0.7046903967857361,-0.08650989085435867,0.7519408464431763,0.7841358780860901,-0.10907573252916336,0.7573919296264648,0.8389163017272949,-0.12038014829158783,0.7607312202453613,0.8887765407562256,-0.1287926584482193,Left,0.9774420261383057
477,12,1,0.22861403226852417,0.5725702047348022,6.357882398333459e-07,0.2951033115386963,0.5940101146697998,-0.02447546273469925,0.3450486958026886,0.6472451686859131,-0.044267673045396805,0.37960606813430786,0.6899534463882446,-0.058964505791664124,0.4180634617805481,0.7012113928794861,-0.0748930349946022,0.3062855005264282,0.6742810606956482,-0.07259910553693771,0.3101631999015808,0.7706780433654785,-0.10226578265428543,0.310408353805542,0.8427736163139343,-0.1171063706278801,0.3061685264110565,0.9033526182174683,-0.1260179579257965,0.25539010763168335,0.6866165995597839,-0.07393816113471985,0.24687671661376953,0.7987210750579834,-0.10201003402471542,0.24144312739372253,0.8811219334602356,-0.11423564702272415,0.23522046208381653,0.9461501836776733,-0.12419082969427109,0.21535637974739075,0.6950089931488037,-0.07452873140573502,0.20572611689567566,0.7969658970832825,-0.10107303410768509,0.20195962488651276,0.8698097467422485,-0.1120612770318985,0.19882690906524658,0.9281458258628845,-0.11916478723287582,0.18793931603431702,0.6997559070587158,-0.07568839937448502,0.17241978645324707,0.7824597954750061,-0.09706933051347733,0.1649998128414154,0.8378296494483948,-0.1064063161611557,0.1595863550901413,0.8869545459747314,-0.113584965467453,Right,0.9796362519264221
518,13,0,0.7046656608581543,0.5666957497596741,3.002322443990124e-07,0.6449516415596008,0.583830714225769,-0.029473844915628433,0.5835392475128174,0.6315082311630249,-0.05379698798060417,0.5408538579940796,0.6776278018951416,-0.07166434079408646,0.498967707157135,0.6926230788230896,-0.09174156934022903,0.6274464130401611,0.6394661068916321,-0.09556017071008682,0.6111850142478943,0.726132333278656,-0.12958551943302155,0.6044808626174927,0.7910480499267578,-0.14605605602264404,0.5987377762794495,0.8508885502815247,-0.1571406126022339,0.6754301190376282,0.6565244793891907,-0.09422081708908081,0.668678343296051,0.765415370464325,-0.12884366512298584,0.6633977890014648,0.8466672301292419,-0.14385339617729187,0.6600942015647888,0.9195319414138794,-0.15630976855754852,0.7126337289810181,0.6710542440414429,-0.0905342698097229,0.717339038848877,0.7661707997322083,-0.11878812313079834,0.7158383727073669,0.8368427753448486,-0.12988656759262085,0.7129467725753784,0.8998343348503113,-0.13820895552635193,0.7410275936126709,0.6822963953018188,-0.08799559623003006,0.7510216236114502,0.7599366307258606,-0.11106953024864197,0.7531638741493225,0.812354326248169,-0.12161815911531448,0.7519822120666504,0.8620283603668213,-0.12983591854572296,Left,0.9648504853248596
518,13,1,0.21875809133052826,0.5713109374046326,5.971098175905354e-07,0.28637486696243286,0.5818468928337097,-0.029810894280672073,0.33657029271125793,0.6318358778953552,-0.049791622906923294,0.3649762272834778,0.6793837547302246,-0.06235188618302345,0.39899808168411255,0.6934252977371216,-0.07538825273513794,0.29254159331321716,0.6473849415779114,-0.08215698599815369,0.29770398139953613,0.7361851930618286,-0.11229843646287918,0.30660325288772583,0.8092635273933411,-0.1273369938135147,0.3119114637374878,0.8735687732696533,-0.1370900422334671,0.23776395618915558,0.6679288148880005,-0.07924512028694153,0.2291938215494156,0.7774339914321899,-0.10922671854496002,0.2341996282339096,0.8640843629837036,-0.12262950092554092,0.23937544226646423,0.9350018501281738,-0.13408209383487701,0.20021535456180573,0.6867796182632446,-0.07517172396183014,0.18877491354942322,0.7888436317443848,-0.10396397858858109,0.19560125470161438,0.8645760416984558,-0.11711588501930237,0.20395970344543457,0.9256229400634766,-0.12551447749137878,0.17878961563110352,0.7025339007377625,-0.07167278230190277,0.1597018539905548,0.7847620248794556,-0.09713011980056763,0.15683266520500183,0.8412244319915771,-0.11086747795343399,0.159257173538208,0.8924044966697693,-0.12092498689889908,Right,0.9911155700683594
561,14,0,0.7047724723815918,0.5679929852485657,3.789271829646168e-07,0.6403422355651855,0.5891061425209045,-0.028320910409092903,0.5802518725395203,0.6450695395469666,-0.05179750174283981,0.5464379787445068,0.7051839232444763,-0.06789006292819977,0.5060834884643555,0.7297109365463257,-0.08632048964500427,0.6178973913192749,0.6333848834037781,-0.10055360198020935,0.597325325012207,0.731157660484314,-0.13524505496025085,0.587472677230835,0.8033118844032288,-0.14947789907455444,0.5801408886909485,0.8645706176757812,-0.1579488068819046,0.6684702038764954,0.6461900472640991,-0.09873545169830322,0.657751202583313,0.7572176456451416,-0.13472199440002441,0.6481155753135681,0.8407992124557495,-0.14759841561317444,0.6391832232475281,0.908704936504364,-0.1576683670282364,0.7090254426002502,0.6636207103729248,-0.09446361660957336,0.7098670601844788,0.7634258270263672,-0.12329816818237305,0.7001516222953796,0.8394429683685303,-0.13372258841991425,0.6882877945899963,0.9010253548622131,-0.1409376710653305,0.7414549589157104,0.6828474998474121,-0.09081462770700455,0.7471452951431274,0.7708065509796143,-0.11462390422821045,0.7424236536026001,0.827414870262146,-0.12587100267410278,0.7323148846626282,0.8767226338386536,-0.13376514613628387,Left,0.9898611903190613
561,14,1,0.20956677198410034,0.5670831203460693,2.9478482588274346e-07,0.2784424424171448,0.5745728015899658,-0.03435739874839783,0.3275245428085327,0.6250144243240356,-0.054004643112421036,0.35196614265441895,0.6869933009147644,-0.06394559144973755,0.3859834671020508,0.7161254286766052,-0.07235529273748398,0.27333447337150574,0.6235663890838623,-0.0891113206744194,0.2904815673828125,0.7115761637687683,-0.11944679170846939,0.3136047422885895,0.7806047797203064,-0.13420607149600983,0.33280354738235474,0.8359999656677246,-0.14353138208389282,0.21599167585372925,0.6576763987541199,-0.08089610189199448,0.20398862659931183,0.7589609026908875,-0.1063980683684349,0.22676976025104523,0.8342050909996033,-0.1135689988732338,0.25047773122787476,0.8837605714797974,-0.12150082737207413,0.18207237124443054,0.6900840997695923,-0.07214313745498657,0.16479891538619995,0.78701251745224,-0.09795057028532028,0.19267484545707703,0.8554583191871643,-0.10748092085123062,0.22267870604991913,0.8974969983100891,-0.11329128593206406,0.1679212749004364,0.7168741226196289,-0.0644775927066803,0.15235599875450134,0.8023077249526978,-0.09108806401491165,0.17221805453300476,0.853958010673523,-0.10456318408250809,0.2005327194929123,0.8889307975769043,-0.11311869323253632,Right,0.9918628334999084
602,15,0,0.6964840888977051,0.5712460279464722,4.5514119051404123e-07,0.6289053559303284,0.5912511944770813,-0.026957863941788673,0.5722025632858276,0.6533966064453125,-0.05240777134895325,0.5355774760246277,0.7176709175109863,-0.069599449634552,0.4937969446182251,0.7426636815071106,-0.08953113108873367,0.6037248373031616,0.6456039547920227,-0.11330699175596237,0.5740194916725159,0.7581184506416321,-0.15196636319160461,0.5596207976341248,0.8363678455352783,-0.16590209305286407,0.5489838123321533,0.9003727436065674,-0.17347769439220428,0.6569029092788696,0.6623355150222778,-0.11254943907260895,0.6401280760765076,0.7866286039352417,-0.15632382035255432,0.625511884689331,0.8792424201965332,-0.17001476883888245,0.6118419170379639,0.9490715265274048,-0.17884032428264618,0.7002078890800476,0.6811089515686035,-0.10836150497198105,0.6911129355430603,0.7912642955780029,-0.1431470811367035,0.6732930541038513,0.8714878559112549,-0.15509577095508575,0.6544832587242126,0.9330312609672546,-0.16162681579589844,0.7346726655960083,0.6988410353660583,-0.10390323400497437,0.7311404347419739,0.795676052570343,-0.1323534995317459,0.7206668257713318,0.8528709411621094,-0.14543186128139496,0.7049349546432495,0.8991158604621887,-0.15324485301971436,Left,0.9983828067779541
602,15,1,0.20684663951396942,0.5620943307876587,1.500284412259134e-07,0.27675431966781616,0.5735106468200684,-0.039125844836235046,0.32418256998062134,0.6355602145195007,-0.060524120926856995,0.3464951515197754,0.7118532657623291,-0.07074010372161865,0.37581968307495117,0.7648648023605347,-0.07869395613670349,0.27022993564605713,0.6242210865020752,-0.10119655728340149,0.30157846212387085,0.7238137722015381,-0.13467895984649658,0.33053696155548096,0.7971867322921753,-0.1501152068376541,0.3535537123680115,0.8537566661834717,-0.1593010127544403,0.21243055164813995,0.6572223901748657,-0.09010988473892212,0.21415305137634277,0.7608134746551514,-0.1185448169708252,0.24871373176574707,0.8296235203742981,-0.12462229281663895,0.2799072861671448,0.8670182228088379,-0.13086970150470734,0.17733356356620789,0.6915452480316162,-0.07848230749368668,0.17143796384334564,0.786658763885498,-0.1043642982840538,0.2116166055202484,0.8496190905570984,-0.11180675029754639,0.24780906736850739,0.8763868808746338,-0.11588142812252045,0.162042498588562,0.7216121554374695,-0.06850751489400864,0.15278097987174988,0.8052230477333069,-0.09517940133810043,0.18054935336112976,0.8496630191802979,-0.10820598900318146,0.21291959285736084,0.8701585531234741,-0.11581028997898102,Right,0.9979287385940552
644,16,0,0.6832072138786316,0.5750254988670349,4.081342126482923e-07,0.6127144694328308,0.602927565574646,-0.019708184525370598,0.5577950477600098,0.6689774394035339,-0.04268863797187805,0.5253404378890991,0.7378690242767334,-0.05665391683578491,0.48322513699531555,0.7649245262145996,-0.07298175990581512,0.5857086181640625,0.6544123291969299,-0.11685623228549957,0.5625077486038208,0.76032954454422,-0.1556568592786789,0.5474887490272522,0.8381695747375488,-0.16963064670562744,0.5343778133392334,0.900794506072998,-0.17649412155151367,0.6427081823348999,0.66065514087677,-0.11476021260023117,0.6467062830924988,0.7887079119682312,-0.15889853239059448,0.6304811239242554,0.876876950263977,-0.16809040307998657,0.6134093999862671,0.9389432072639465,-0.17282451689243317,0.687120795249939,0.6751920580863953,-0.10746971517801285,0.6905604004859924,0.8000990152359009,-0.13901296257972717,0.6696008443832397,0.8780091404914856,-0.14310991764068604,0.6462636590003967,0.9284259080886841,-0.1430065631866455,0.7201357483863831,0.6931177973747253,-0.09910443425178528,0.724517285823822,0.801952600479126,-0.12023855000734329,0.7089371085166931,0.8595853447914124,-0.12592993676662445,0.6835244297981262,0.8960089087486267,-0.12777850031852722,Left,0.9997190833091736
644,16,1,0.20989814400672913,0.5637312531471252,2.4155497158062644e-07,0.2763778269290924,0.5862267017364502,-0.041018519550561905,0.3223322331905365,0.6606708765029907,-0.06467209756374359,0.3478763699531555,0.7434087991714478,-0.07537534832954407,0.38204506039619446,0.7924984693527222,-0.08329366892576218,0.2718413472175598,0.6469235420227051,-0.1103861853480339,0.3047400116920471,0.7501986622810364,-0.14637261629104614,0.33403852581977844,0.8214867115020752,-0.16263744235038757,0.35618162155151367,0.8757430911064148,-0.1717972308397293,0.21690264344215393,0.67576664686203,-0.09705553203821182,0.214826762676239,0.7964882254600525,-0.13088160753250122,0.253211110830307,0.8515487909317017,-0.13437841832637787,0.2844513952732086,0.8667093515396118,-0.135746031999588,0.18267421424388885,0.7024767398834229,-0.08241564780473709,0.1666044294834137,0.8105562329292297,-0.10813490301370621,0.2059323489665985,0.8610961437225342,-0.10889473557472229,0.23637384176254272,0.8670514225959778,-0.10678279399871826,0.16576910018920898,0.719912052154541,-0.06979019939899445,0.14379394054412842,0.8076439499855042,-0.09185846149921417,0.16757529973983765,0.8482251763343811,-0.09923582524061203,0.19414539635181427,0.856971025466919,-0.1022326648235321,Right,0.9956934452056885
685,17,0,0.6795505881309509,0.5659201145172119,3.9102815208025277e-07,0.6098358035087585,0.5933533906936646,-0.02264510840177536,0.556848406791687,0.6629622578620911,-0.04876295477151871,0.5245434045791626,0.7315866947174072,-0.06502377241849899,0.48328542709350586,0.7603508830070496,-0.08335039019584656,0.5869250893592834,0.6435089707374573,-0.13006718456745148,0.5646877884864807,0.7523391842842102,-0.17483261227607727,0.547298789024353,0.8319053053855896,-0.1916406899690628,0.5330213308334351,0.8936018943786621,-0.19885750114917755,0.6440672874450684,0.6538313031196594,-0.12616987526416779,0.6519028544425964,0.7839441299438477,-0.17432498931884766,0.628857433795929,0.8668920993804932,-0.17965562641620636,0.6091296672821045,0.9158106446266174,-0.1794191300868988,0.6881097555160522,0.6695331335067749,-0.11705947667360306,0.6915241479873657,0.7945622801780701,-0.14987002313137054,0.662470817565918,0.8683186769485474,-0.14816440641880035,0.6342024803161621,0.9047555923461914,-0.14171765744686127,0.720248818397522,0.685833215713501,-0.10731076449155807,0.7206653952598572,0.8010046482086182,-0.1283227652311325,0.6986265182495117,0.8590091466903687,-0.1305782049894333,0.6691226959228516,0.8845086097717285,-0.1280011385679245,Left,0.9999262690544128
685,17,1,0.2103845477104187,0.5619832873344421,1.7487855075160041e-07,0.27568870782852173,0.5823147892951965,-0.04234111309051514,0.3228328227996826,0.6575515270233154,-0.06770717352628708,0.3466302752494812,0.741073727607727,-0.07899711281061172,0.3792036771774292,0.7936069369316101,-0.08757957071065903,0.27148038148880005,0.6403063535690308,-0.1204841136932373,0.3073868751525879,0.7466405630111694,-0.1587095707654953,0.3367626667022705,0.8187974691390991,-0.17464794218540192,0.35839903354644775,0.8732874393463135,-0.18251651525497437,0.21550951898097992,0.6770597696304321,-0.10583291947841644,0.22164130210876465,0.800250768661499,-0.13907591998577118,0.26077789068222046,0.8531384468078613,-0.1385582536458969,0.2916918694972992,0.8626635670661926,-0.13610053062438965,0.18065407872200012,0.7101458311080933,-0.08956745266914368,0.17816203832626343,0.8180935978889465,-0.1157568097114563,0.22030135989189148,0.861700713634491,-0.11253833770751953,0.25125065445899963,0.8617276549339294,-0.10663057118654251,0.163894385099411,0.7335302829742432,-0.07511000335216522,0.1559206247329712,0.8202055096626282,-0.09670420736074448,0.18491199612617493,0.8553897142410278,-0.1008032038807869,0.21236714720726013,0.8602349758148193,-0.10072387009859085,Right,0.9957508444786072
727,18,0,0.6814074516296387,0.5592690706253052,5.042231236984662e-07,0.6123397946357727,0.5883358120918274,-0.025371387600898743,0.5612664818763733,0.6606332063674927,-0.053111203014850616,0.5269230604171753,0.7300108671188354,-0.07012351602315903,0.4848242998123169,0.7614675760269165,-0.08879038691520691,0.5905123949050903,0.6378576755523682,-0.13745558261871338,0.5659376978874207,0.7505510449409485,-0.18183137476444244,0.5455530881881714,0.8283155560493469,-0.19531787931919098,0.5289227962493896,0.8877971172332764,-0.19951654970645905,0.6468388438224792,0.6511850357055664,-0.13217154145240784,0.6495609283447266,0.7834576368331909,-0.1798880249261856,0.6223036050796509,0.8615915179252625,-0.1808674931526184,0.5985328555107117,0.9015868902206421,-0.17674162983894348,0.6905415058135986,0.6687828302383423,-0.12167906016111374,0.6891355514526367,0.7969207763671875,-0.15508109331130981,0.6574046611785889,0.8655914068222046,-0.1507079154253006,0.6274741291999817,0.8935658931732178,-0.14166277647018433,0.7211647629737854,0.6849763989448547,-0.11067797988653183,0.7181024551391602,0.8006474375724792,-0.133368119597435,0.6940851211547852,0.8564883470535278,-0.13534078001976013,0.6654772758483887,0.8785336017608643,-0.13171669840812683,Left,0.9999510049819946
727,18,1,0.21169906854629517,0.5673761367797852,1.566854308521215e-07,0.2770627737045288,0.582996129989624,-0.04098089039325714,0.3225427269935608,0.6551651954650879,-0.065724216401577,0.34508538246154785,0.7369170784950256,-0.07672680914402008,0.37719807028770447,0.7887241840362549,-0.08481080830097198,0.27073729038238525,0.6436624526977539,-0.11802664399147034,0.3058374524116516,0.7448900938034058,-0.15634439885616302,0.33721715211868286,0.8167389631271362,-0.17305397987365723,0.3601105809211731,0.8691279888153076,-0.18155938386917114,0.2162877470254898,0.6763067841529846,-0.10389616340398788,0.21810796856880188,0.7997871041297913,-0.14008376002311707,0.25995925068855286,0.8519797325134277,-0.14125463366508484,0.2938165068626404,0.8588094711303711,-0.13894233107566833,0.1823541224002838,0.7058291435241699,-0.08781632781028748,0.17323550581932068,0.8160495758056641,-0.11427909135818481,0.21629290282726288,0.8614326119422913,-0.11049613356590271,0.248312309384346,0.8596994876861572,-0.10357996821403503,0.16560113430023193,0.7243592143058777,-0.0735987201333046,0.14986304938793182,0.8127598762512207,-0.09402580559253693,0.17717178165912628,0.8504789471626282,-0.09710358828306198,0.204087495803833,0.8545563220977783,-0.09589916467666626,Right,0.9967767000198364
768,19,0,0.6842575073242188,0.5607622861862183,5.665810931532178e-07,0.6144496202468872,0.5853709578514099,-0.027664577588438988,0.5659233331680298,0.6583548188209534,-0.0561230331659317,0.53031325340271,0.7293888926506042,-0.07361415028572083,0.485127717256546,0.7601978182792664,-0.09229622036218643,0.5952579379081726,0.6346626877784729,-0.13589730858802795,0.5654811263084412,0.7438054084777832,-0.17684167623519897,0.5423378944396973,0.8143839240074158,-0.18622998893260956,0.5246803760528564,0.8669779300689697,-0.18806743621826172,0.649635374546051,0.6534765958786011,-0.1299954056739807,0.6436477899551392,0.7818012833595276,-0.1751459687948227,0.6131000518798828,0.8535027503967285,-0.1740604043006897,0.5877249240875244,0.8889806270599365,-0.16902963817119598,0.692255437374115,0.6748479008674622,-0.11943219602108002,0.6841614246368408,0.7977862358093262,-0.15194466710090637,0.6491659283638,0.857215404510498,-0.14806398749351501,0.618377149105072,0.8812179565429688,-0.1403113156557083,0.7216107845306396,0.6925389766693115,-0.1085996925830841,0.7127556800842285,0.7993146777153015,-0.13232946395874023,0.6867504715919495,0.84730464220047,-0.1363316923379898,0.6591044068336487,0.8674590587615967,-0.1349441558122635,Left,0.9998934268951416
768,19,1,0.21065422892570496,0.5651885271072388,1.0210227685547579e-07,0.2768215835094452,0.5785937905311584,-0.04162069782614708,0.3223353624343872,0.6524367928504944,-0.06618642061948776,0.3434554934501648,0.7361773252487183,-0.07695213705301285,0.37417837977409363,0.7893807291984558,-0.0846903994679451,0.2661757469177246,0.6431253552436829,-0.11915958672761917,0.3047339916229248,0.748022198677063,-0.15662309527397156,0.33634161949157715,0.8159635066986084,-0.17082953453063965,0.35931578278541565,0.8653351068496704,-0.17718055844306946,0.21369020640850067,0.6783797740936279,-0.10480610281229019,0.2228103131055832,0.8014898300170898,-0.1404498815536499,0.2659979462623596,0.8524160385131836,-0.13866910338401794,0.29972726106643677,0.85943603515625,-0.13378021121025085,0.18083173036575317,0.7088556289672852,-0.08879923075437546,0.1766999065876007,0.8172093629837036,-0.11499705165624619,0.21944622695446014,0.8608012795448303,-0.1081700250506401,0.2510906755924225,0.8607062101364136,-0.09872503578662872,0.16515710949897766,0.7282161116600037,-0.07487616688013077,0.15390795469284058,0.8154458999633789,-0.09541968256235123,0.18207070231437683,0.8520256280899048,-0.09727203845977783,0.20974943041801453,0.8571724891662598,-0.09467333555221558,Right,0.9960073828697205
809,20,0,0.6845914721488953,0.5600818991661072,5.996985805722943e-07,0.6154666543006897,0.5795953273773193,-0.029479973018169403,0.566380500793457,0.6541423797607422,-0.0576183907687664,0.5339570641517639,0.7252109050750732,-0.07497724145650864,0.4898894131183624,0.7577413320541382,-0.09262599050998688,0.5978807210922241,0.6253691911697388,-0.13048480451107025,0.574471652507782,0.7465683221817017,-0.17146338522434235,0.5467791557312012,0.8096963167190552,-0.17834021151065826,0.5253487229347229,0.8454200029373169,-0.17548903822898865,0.6476042866706848,0.6499942541122437,-0.12371515482664108,0.6308243274688721,0.7856972217559814,-0.16697050631046295,0.5908138751983643,0.8464243412017822,-0.16205579042434692,0.5631309747695923,0.8561785221099854,-0.15145748853683472,0.6873301863670349,0.6736783981323242,-0.11339224874973297,0.6719726920127869,0.8048170804977417,-0.14681082963943481,0.6310675740242004,0.8549595475196838,-0.14158225059509277,0.5994843244552612,0.856997013092041,-0.13012856245040894,0.7154303193092346,0.6953134536743164,-0.10296392440795898,0.7017046213150024,0.804955005645752,-0.1302867978811264,0.6707242131233215,0.8502523303031921,-0.1354960799217224,0.6430376172065735,0.8589684963226318,-0.13235333561897278,Left,0.9998299479484558
809,20,1,0.21221023797988892,0.5721346139907837,5.822693083246122e-08,0.28067606687545776,0.5787725448608398,-0.04634033516049385,0.3263249099254608,0.6546825170516968,-0.07245136052370071,0.3453313112258911,0.7430922389030457,-0.0834546685218811,0.3745880722999573,0.7985734343528748,-0.09101351350545883,0.26273584365844727,0.6423675417900085,-0.12369918823242188,0.3046359717845917,0.7531383037567139,-0.1562342345714569,0.3379148244857788,0.8148261904716492,-0.16296732425689697,0.3638167679309845,0.8570451736450195,-0.16407202184200287,0.2120620161294937,0.6847894191741943,-0.1065760999917984,0.23468439280986786,0.8143873810768127,-0.14020073413848877,0.2800866961479187,0.8548411726951599,-0.13488386571407318,0.31289803981781006,0.8573508262634277,-0.12707650661468506,0.1815130114555359,0.7212411165237427,-0.08756765723228455,0.19930334389209747,0.8312563300132751,-0.11125104874372482,0.24556714296340942,0.8579660058021545,-0.0999060645699501,0.2770468592643738,0.8514703512191772,-0.08794271945953369,0.16947296261787415,0.7444117069244385,-0.07126346230506897,0.17579945921897888,0.8313441872596741,-0.0890914723277092,0.20896336436271667,0.8544259667396545,-0.08769641071557999,0.2367747724056244,0.8521422743797302,-0.08340632915496826,Right,0.997641384601593
851,21,0,0.6838391423225403,0.5585106611251831,6.19294496573275e-07,0.6157363653182983,0.5795830488204956,-0.02993614971637726,0.5671300888061523,0.6539541482925415,-0.05899463966488838,0.5337781310081482,0.7245200872421265,-0.07714768499135971,0.49009937047958374,0.7592960596084595,-0.09558990597724915,0.5997505187988281,0.6239802837371826,-0.1313301920890808,0.5758317708969116,0.7484623193740845,-0.17279735207557678,0.5469580888748169,0.8092032670974731,-0.17976345121860504,0.5247094035148621,0.841010332107544,-0.17645755410194397,0.6485662460327148,0.6492655277252197,-0.12423783540725708,0.6304916739463806,0.7884235382080078,-0.16878029704093933,0.5895682573318481,0.8456355333328247,-0.164413720369339,0.562698245048523,0.8485690355300903,-0.153453066945076,0.6873264908790588,0.6731916069984436,-0.11363594233989716,0.673575222492218,0.8082941770553589,-0.14790739119052887,0.6323792338371277,0.8575566411018372,-0.1439143568277359,0.6012908816337585,0.8547143936157227,-0.1326686441898346,0.7143844366073608,0.6953902840614319,-0.10274583846330643,0.7015137672424316,0.8069341778755188,-0.13020916283130646,0.6705513596534729,0.8517950773239136,-0.13585413992404938,0.6431795358657837,0.8576509952545166,-0.13268916308879852,Left,0.9999021887779236
851,21,1,0.21397027373313904,0.5657224655151367,3.463969022732272e-08,0.28125879168510437,0.5710698962211609,-0.042976219207048416,0.3263598680496216,0.6466155052185059,-0.06965087354183197,0.34540295600891113,0.7355872392654419,-0.0815095603466034,0.3743477463722229,0.7936496734619141,-0.08923257887363434,0.2682799994945526,0.6484460234642029,-0.12505418062210083,0.30316174030303955,0.7656131982803345,-0.1596662402153015,0.3347238302230835,0.82462078332901,-0.1647500842809677,0.3584634065628052,0.8571562170982361,-0.16265416145324707,0.2190289944410324,0.6848847270011902,-0.10963025689125061,0.239018976688385,0.8263441920280457,-0.14611127972602844,0.27995413541793823,0.8626818656921387,-0.1365111917257309,0.3063674867153168,0.8565946221351624,-0.1228921115398407,0.18807286024093628,0.713236927986145,-0.09212944656610489,0.19711533188819885,0.8310209512710571,-0.11910838633775711,0.2405356764793396,0.857144832611084,-0.10340923815965652,0.2692204415798187,0.847487211227417,-0.0854954943060875,0.1733931005001068,0.7258856892585754,-0.07668470591306686,0.16679096221923828,0.8215827941894531,-0.09340032190084457,0.195959210395813,0.8487279415130615,-0.08729735761880875,0.22277772426605225,0.8430976867675781,-0.07810086756944656,Right,0.9971803426742554
892,22,0,0.6827693581581116,0.560752272605896,6.215067855919187e-07,0.6151453852653503,0.5796110033988953,-0.030162496492266655,0.5652158260345459,0.651885449886322,-0.05825607106089592,0.5331265330314636,0.7219057679176331,-0.07597091048955917,0.4899500012397766,0.7568047642707825,-0.09360172599554062,0.6016902923583984,0.6228016018867493,-0.12539541721343994,0.5799612998962402,0.7492149472236633,-0.1692066192626953,0.5507600903511047,0.8059408664703369,-0.17914585769176483,0.5303691625595093,0.8256419897079468,-0.1766282618045807,0.650267481803894,0.6505179405212402,-0.11781229823827744,0.6305865049362183,0.7882896661758423,-0.16250735521316528,0.588033139705658,0.8442127704620361,-0.16056737303733826,0.5613821148872375,0.8424617052078247,-0.15122495591640472,0.6876495480537415,0.6752172708511353,-0.10745587944984436,0.6738247275352478,0.8081905245780945,-0.14119264483451843,0.6309312582015991,0.8560088872909546,-0.13911564648151398,0.598789632320404,0.851038932800293,-0.12938930094242096,0.7136591076850891,0.6985654830932617,-0.09704229980707169,0.6994946002960205,0.8078942894935608,-0.1242743656039238,0.6671163439750671,0.8518720269203186,-0.131083145737648,0.6385642886161804,0.8566560745239258,-0.12892033159732819,Left,0.9998582005500793
892,22,1,0.21579565107822418,0.5622543692588806,6.46584368269032e-08,0.2839975357055664,0.5712496042251587,-0.04089386388659477,0.32528480887413025,0.6465885639190674,-0.06566137820482254,0.34287509322166443,0.7337111234664917,-0.07633358985185623,0.37095946073532104,0.7897981405258179,-0.08152244985103607,0.26763689517974854,0.6656212210655212,-0.11724311858415604,0.2921501696109772,0.7912424802780151,-0.1430228054523468,0.32621556520462036,0.8349483013153076,-0.1380920261144638,0.34996578097343445,0.841194748878479,-0.12779046595096588,0.22030016779899597,0.6929808855056763,-0.10139081627130508,0.23012226819992065,0.8319162726402283,-0.13113325834274292,0.272235631942749,0.8721424341201782,-0.12001713365316391,0.3032546639442444,0.8667581677436829,-0.106116883456707,0.191451758146286,0.7161390781402588,-0.08324220031499863,0.19057127833366394,0.8353606462478638,-0.10405275225639343,0.23285914957523346,0.8705035448074341,-0.09160981327295303,0.26591187715530396,0.8666548728942871,-0.077710822224617,0.17710837721824646,0.7255799770355225,-0.06685121357440948,0.16486847400665283,0.8215079307556152,-0.08116369694471359,0.1912175565958023,0.8553591966629028,-0.07807429879903793,0.22010916471481323,0.8560930490493774,-0.07151930779218674,Right,0.9977573752403259
934,23,0,0.6860983967781067,0.5640522837638855,6.124345190983149e-07,0.6205124258995056,0.5745553970336914,-0.027541475370526314,0.5712409019470215,0.6343058943748474,-0.053680893033742905,0.5418779850006104,0.6991322636604309,-0.06988316774368286,0.506316065788269,0.7393271923065186,-0.08508552610874176,0.6063832640647888,0.6203843951225281,-0.12068453431129456,0.5796893239021301,0.7465658187866211,-0.16441087424755096,0.550369381904602,0.7963528633117676,-0.17254135012626648,0.5321988463401794,0.8021791577339172,-0.1670197993516922,0.6519973278045654,0.6528507471084595,-0.11295539885759354,0.6248392462730408,0.7876123189926147,-0.15673746168613434,0.5823457837104797,0.84114009141922,-0.15326033532619476,0.5574668645858765,0.8368985056877136,-0.14161506295204163,0.6859682202339172,0.6807769536972046,-0.1025741919875145,0.6661177277565002,0.8077499866485596,-0.13523757457733154,0.6239902973175049,0.8522175550460815,-0.1327029913663864,0.5937050580978394,0.8458207845687866,-0.12202274054288864,0.7095624804496765,0.7050556540489197,-0.0918905958533287,0.6940693259239197,0.8092706203460693,-0.11849567294120789,0.6624110341072083,0.852493166923523,-0.1253049373626709,0.6342790722846985,0.8569856286048889,-0.12239456921815872,Left,0.9996998310089111
934,23,1,0.21598097681999207,0.5575391054153442,-3.644793622470388e-08,0.2824864983558655,0.5681766867637634,-0.04091053828597069,0.32111889123916626,0.6462301015853882,-0.06335046887397766,0.3403970003128052,0.7322940826416016,-0.07220793515443802,0.37051519751548767,0.784963071346283,-0.07547897845506668,0.26346147060394287,0.6675406098365784,-0.11067570745944977,0.28570544719696045,0.7875838279724121,-0.13531512022018433,0.3234010338783264,0.821867048740387,-0.13005311787128448,0.34729573130607605,0.8210020661354065,-0.12035568803548813,0.21890051662921906,0.6965962052345276,-0.09442295134067535,0.2329445779323578,0.8313302993774414,-0.12500615417957306,0.2770407199859619,0.863698422908783,-0.11469507962465286,0.3056149482727051,0.8558917045593262,-0.10150416195392609,0.1920151710510254,0.7189365029335022,-0.0763084813952446,0.19231849908828735,0.8360363841056824,-0.09849970042705536,0.23232662677764893,0.86604905128479,-0.08640433847904205,0.26097825169563293,0.8612813949584961,-0.07255770266056061,0.17914283275604248,0.7255857586860657,-0.060066938400268555,0.1634332835674286,0.8183560967445374,-0.07506439089775085,0.1855565756559372,0.8533502817153931,-0.07330677658319473,0.20876780152320862,0.857355535030365,-0.0680401548743248,Right,0.9971962571144104
976,24,0,0.6919954419136047,0.5692495107650757,6.834138730482664e-07,0.6276825070381165,0.5674870610237122,-0.025749778375029564,0.5738779902458191,0.617329478263855,-0.051631830632686615,0.5495986342430115,0.6827056407928467,-0.06760456413030624,0.5348191261291504,0.7356971502304077,-0.08193905651569366,0.6107001900672913,0.6009060740470886,-0.11940769851207733,0.5719843506813049,0.7186185717582703,-0.15996654331684113,0.5394676923751831,0.7625648975372314,-0.16566210985183716,0.5191571116447449,0.7664265036582947,-0.15923672914505005,0.6544283628463745,0.6389721035957336,-0.11329535394906998,0.603578507900238,0.7696017622947693,-0.15480618178844452,0.5559810400009155,0.8178972005844116,-0.1516338437795639,0.5270907282829285,0.8182999491691589,-0.1416393369436264,0.6856430768966675,0.6771320700645447,-0.10370492935180664,0.6349481344223022,0.800378143787384,-0.13384610414505005,0.5885804891586304,0.8360417485237122,-0.1298525482416153,0.5591349601745605,0.831576943397522,-0.11978938430547714,0.7072103023529053,0.709174633026123,-0.09371887892484665,0.6646953225135803,0.8069591522216797,-0.11455535888671875,0.6269534230232239,0.8368744254112244,-0.11577879637479782,0.5998613834381104,0.8348264098167419,-0.11081015318632126,Left,0.9979358911514282
976,24,1,0.20759184658527374,0.5566600561141968,-2.6247656137456943e-07,0.27664610743522644,0.562637984752655,-0.03712105005979538,0.31912365555763245,0.6325021386146545,-0.0546807236969471,0.33350175619125366,0.7127479314804077,-0.06127960979938507,0.3472018241882324,0.7725513577461243,-0.06250396370887756,0.25266700983047485,0.649769127368927,-0.1007976159453392,0.2959854304790497,0.7680261135101318,-0.12378586828708649,0.3362024128437042,0.8018224239349365,-0.11763006448745728,0.3588770031929016,0.8014287352561951,-0.10782718658447266,0.20973363518714905,0.6901944875717163,-0.0877566710114479,0.2561146020889282,0.8172924518585205,-0.11607229709625244,0.3037880063056946,0.8381856083869934,-0.10511090606451035,0.3272816836833954,0.8248006105422974,-0.09226159751415253,0.1838981807231903,0.7228255867958069,-0.07370005548000336,0.21842333674430847,0.8355889916419983,-0.09571703523397446,0.26501643657684326,0.8501037955284119,-0.08374814689159393,0.29078781604766846,0.8362933993339539,-0.07011551409959793,0.17294716835021973,0.740692138671875,-0.06172555685043335,0.18305420875549316,0.8373050093650818,-0.07660788297653198,0.21855050325393677,0.8605489134788513,-0.07393081486225128,0.24567840993404388,0.8517570495605469,-0.06822489947080612,Right,0.9952157139778137
1019,25,0,0.6889521479606628,0.5747538805007935,7.043760206215666e-07,0.6245620250701904,0.5652869939804077,-0.02967946045100689,0.5705210566520691,0.6131490468978882,-0.05427752435207367,0.5425034761428833,0.6766446828842163,-0.06780687719583511,0.5205180644989014,0.7255883812904358,-0.08064988255500793,0.622015118598938,0.602730393409729,-0.11587529629468918,0.5762665271759033,0.7016472220420837,-0.14900903403759003,0.5392612218856812,0.7431085109710693,-0.15246187150478363,0.513738214969635,0.7632642388343811,-0.147935152053833,0.6635429859161377,0.646133542060852,-0.10658647865056992,0.5998052954673767,0.7567929625511169,-0.13919444382190704,0.5490702390670776,0.791954517364502,-0.13387471437454224,0.5180477499961853,0.795745849609375,-0.12583154439926147,0.6896865963935852,0.6860876679420471,-0.09399444609880447,0.6266049146652222,0.7921658158302307,-0.11695045977830887,0.5772582292556763,0.811802864074707,-0.1119627133011818,0.5460163950920105,0.8063032627105713,-0.10484465211629868,0.7036892175674438,0.7185551524162292,-0.0817483589053154,0.6494796872138977,0.7963582277297974,-0.09777022153139114,0.6081477999687195,0.8088243007659912,-0.09826910495758057,0.5799328088760376,0.8042242527008057,-0.09573464095592499,Left,0.9977270364761353
1019,25,1,0.20535464584827423,0.5560257434844971,-4.0336004758501076e-07,0.27492091059684753,0.5595312118530273,-0.039340052753686905,0.32310953736305237,0.6283299326896667,-0.05837232619524002,0.3410964906215668,0.7067638039588928,-0.06612542271614075,0.35146453976631165,0.761573851108551,-0.07017675787210464,0.24834005534648895,0.6315996646881104,-0.10222874581813812,0.3032844662666321,0.745189905166626,-0.12873578071594238,0.34805792570114136,0.7773709297180176,-0.1292456090450287,0.37454450130462646,0.78096604347229,-0.12449483573436737,0.20944850146770477,0.6784386038780212,-0.0874062180519104,0.27122944593429565,0.7940778136253357,-0.1138237789273262,0.324734628200531,0.816534698009491,-0.10769405961036682,0.3543643355369568,0.8092860579490662,-0.10115303099155426,0.18799635767936707,0.7179823517799377,-0.07182963937520981,0.24409864842891693,0.8192238211631775,-0.0933980792760849,0.29468461871147156,0.8308091759681702,-0.08786749839782715,0.32442688941955566,0.8196583390235901,-0.0812276303768158,0.18171289563179016,0.7458857297897339,-0.0580962635576725,0.21806703507900238,0.8298670053482056,-0.07316139340400696,0.25730541348457336,0.84090256690979,-0.07300855964422226,0.28387710452079773,0.8283864855766296,-0.07123087346553802,Right,0.9939035773277283
1060,26,0,0.6874123811721802,0.5720633268356323,8.092055736597104e-07,0.6253532767295837,0.5565222501754761,-0.03980959206819534,0.5691632032394409,0.6036205887794495,-0.06875021010637283,0.5363805890083313,0.6661582589149475,-0.08444374799728394,0.5035029053688049,0.7034718990325928,-0.09882847964763641,0.6329226493835449,0.5958289504051208,-0.13131383061408997,0.5776340365409851,0.6841797828674316,-0.16973909735679626,0.5338096022605896,0.7310094833374023,-0.1765725016593933,0.5013233423233032,0.759560227394104,-0.17533652484416962,0.6706266403198242,0.6466533541679382,-0.11811055988073349,0.5988532900810242,0.7459554672241211,-0.15557126700878143,0.5432615280151367,0.7806860208511353,-0.15243923664093018,0.5062742829322815,0.7843396663665771,-0.1462070196866989,0.6904500722885132,0.6897842288017273,-0.1018969714641571,0.6209531426429749,0.7801951169967651,-0.12862856686115265,0.5679465532302856,0.7992575764656067,-0.12525568902492523,0.5325734615325928,0.7966728806495667,-0.1199532300233841,0.6975517868995667,0.7233493328094482,-0.0870760977268219,0.640967607498169,0.7858877182006836,-0.1070498526096344,0.5997386574745178,0.7961387038230896,-0.11045011878013611,0.569934606552124,0.7939628958702087,-0.1102183535695076,Left,0.9916397929191589
1060,26,1,0.20330442488193512,0.5521316528320312,-4.7654452828282956e-07,0.26607272028923035,0.5433515906333923,-0.046738822013139725,0.3199906051158905,0.6016993522644043,-0.07082484662532806,0.34982046484947205,0.676278829574585,-0.08092126250267029,0.3698683977127075,0.7282824516296387,-0.08744651079177856,0.23672202229499817,0.6136533617973328,-0.11972926557064056,0.30849987268447876,0.7111185193061829,-0.15118949115276337,0.3576086461544037,0.7385336756706238,-0.15475843846797943,0.3890238404273987,0.7424087524414062,-0.15206503868103027,0.20632901787757874,0.6725902557373047,-0.10034853219985962,0.2851813733577728,0.7674272656440735,-0.1273668110370636,0.3398444950580597,0.7820255756378174,-0.12078090757131577,0.370341420173645,0.7692945003509521,-0.11539820581674576,0.1954200565814972,0.7183822393417358,-0.07982379198074341,0.27037951350212097,0.7994324564933777,-0.1040445864200592,0.3209494352340698,0.8029000759124756,-0.0998263955116272,0.3501613140106201,0.7873172760009766,-0.09489335864782333,0.1993524134159088,0.7507321834564209,-0.061034731566905975,0.252753883600235,0.8105487823486328,-0.07985914498567581,0.2953614890575409,0.8137525320053101,-0.08203711360692978,0.32309049367904663,0.8018813729286194,-0.08207078278064728,Right,0.9942121505737305
1102,27,0,0.6873320937156677,0.5654470920562744,8.30278622743208e-07,0.6289270520210266,0.5464783906936646,-0.04423528537154198,0.5737249255180359,0.586700439453125,-0.0763869434595108,0.5342853665351868,0.6497528553009033,-0.0944691076874733,0.49497154355049133,0.6873010396957397,-0.11003662645816803,0.6408261656761169,0.5893645882606506,-0.13097354769706726,0.5740640163421631,0.6735342741012573,-0.1690947711467743,0.5287179946899414,0.7166940569877625,-0.1757708191871643,0.4953591227531433,0.7438101768493652,-0.17543025314807892,0.6773443818092346,0.6437257528305054,-0.11634701490402222,0.5997456312179565,0.7350986003875732,-0.1552950143814087,0.5467365384101868,0.7626810073852539,-0.15287145972251892,0.5116285085678101,0.7635816335678101,-0.14725737273693085,0.6935595870018005,0.6874592900276184,-0.09927582740783691,0.6183924674987793,0.7694001793861389,-0.1275365799665451,0.5664256811141968,0.7853600382804871,-0.12415911257266998,0.5311527252197266,0.7833898067474365,-0.11930876225233078,0.6971652507781982,0.7212803363800049,-0.08406145125627518,0.6353405117988586,0.7741193175315857,-0.10667315125465393,0.5943719744682312,0.7790217399597168,-0.11089124530553818,0.564795196056366,0.7758810520172119,-0.11107246577739716,Left,0.9964463710784912
1102,27,1,0.20596498250961304,0.5392945408821106,-5.213044573793013e-07,0.26518282294273376,0.5227572917938232,-0.05280262976884842,0.31501874327659607,0.5727181434631348,-0.08172987401485443,0.34490296244621277,0.6441689133644104,-0.09398754686117172,0.3730775713920593,0.6933814287185669,-0.10242747515439987,0.22832341492176056,0.5979799032211304,-0.13922078907489777,0.3017696142196655,0.6846935153007507,-0.172287717461586,0.35215380787849426,0.7069971561431885,-0.1731739044189453,0.38579094409942627,0.7106711268424988,-0.16818417608737946,0.2036401480436325,0.6567567586898804,-0.1168961450457573,0.2911333441734314,0.743043839931488,-0.1478569060564041,0.3497188091278076,0.7453002333641052,-0.13749738037586212,0.381790429353714,0.7235326766967773,-0.12806548178195953,0.19914714992046356,0.7009996771812439,-0.09259281307458878,0.28146490454673767,0.772452175617218,-0.12115323543548584,0.33304402232170105,0.7667220830917358,-0.11389706283807755,0.3605945110321045,0.7471223473548889,-0.1054050549864769,0.2075154036283493,0.7296099662780762,-0.06989341229200363,0.26581308245658875,0.7828096151351929,-0.09213931858539581,0.3080505132675171,0.7815712690353394,-0.0927274227142334,0.33292248845100403,0.7688466310501099,-0.09022942185401917,Right,0.9950044751167297
1143,28,0,0.6887432336807251,0.5629672408103943,9.564050742483232e-07,0.6320996880531311,0.5308617353439331,-0.056028492748737335,0.5729692578315735,0.5551226139068604,-0.0917150154709816,0.5350928902626038,0.6176251769065857,-0.11024799942970276,0.5042174458503723,0.6643446087837219,-0.1252378523349762,0.6567665338516235,0.5770170092582703,-0.14088934659957886,0.5785685777664185,0.6413363218307495,-0.17975622415542603,0.5277132987976074,0.675563395023346,-0.18835826218128204,0.4884607791900635,0.6951844692230225,-0.19037076830863953,0.6843309998512268,0.6414125561714172,-0.12113529443740845,0.597216784954071,0.7184167504310608,-0.1621909886598587,0.534153163433075,0.7426618337631226,-0.16374343633651733,0.4867948293685913,0.7431777119636536,-0.1615893691778183,0.6895358562469482,0.692035436630249,-0.09919125586748123,0.6051682829856873,0.747005820274353,-0.13048046827316284,0.5509111881256104,0.7523049116134644,-0.13052485883235931,0.513209879398346,0.7456044554710388,-0.1287330836057663,0.6830258965492249,0.7268297672271729,-0.07994633913040161,0.6138509511947632,0.7497063875198364,-0.10394909977912903,0.5739214420318604,0.7438241839408875,-0.10963801294565201,0.5439863204956055,0.7358411550521851,-0.11157190799713135,Left,0.9991369843482971
1143,28,1,0.2092820256948471,0.5244651436805725,-5.486378995556151e-07,0.2636323869228363,0.506269097328186,-0.05600053817033768,0.3096786439418793,0.5504843592643738,-0.0869530588388443,0.3423095941543579,0.6193844079971313,-0.10104276984930038,0.3752219080924988,0.6654362678527832,-0.11132323741912842,0.2204195261001587,0.5802118182182312,-0.13815879821777344,0.297157883644104,0.6568136215209961,-0.17145366966724396,0.3512086272239685,0.677315890789032,-0.17297567427158356,0.3890962600708008,0.6818734407424927,-0.16895665228366852,0.20120705664157867,0.6424401998519897,-0.11438241600990295,0.29153022170066833,0.7142298817634583,-0.14598354697227478,0.3539503216743469,0.7160881161689758,-0.13838021457195282,0.3903515338897705,0.6989195346832275,-0.1318238526582718,0.2013864517211914,0.6871376633644104,-0.08885630965232849,0.28428325057029724,0.7494478225708008,-0.12008437514305115,0.3391557037830353,0.7429704666137695,-0.1165064126253128,0.37004992365837097,0.7241873741149902,-0.11091955006122589,0.21342690289020538,0.7168377041816711,-0.06486738473176956,0.27113017439842224,0.7630075216293335,-0.0906878411769867,0.3137448728084564,0.7588094472885132,-0.09419675916433334,0.3389894366264343,0.7442713379859924,-0.09372053295373917,Right,0.996508777141571
1187,29,0,0.6829756498336792,0.5644543170928955,8.81234825556021e-07,0.635910153388977,0.5257669687271118,-0.057850562036037445,0.5777001976966858,0.5434751510620117,-0.09278139472007751,0.5360044836997986,0.6041861176490784,-0.11091434210538864,0.5079933404922485,0.6557770371437073,-0.1255858987569809,0.6573747396469116,0.5745416879653931,-0.13198862969875336,0.5768733024597168,0.6346521973609924,-0.16757802665233612,0.524133563041687,0.6646468043327332,-0.17656944692134857,0.4829697608947754,0.6822474002838135,-0.1797259896993637,0.6797414422035217,0.6385049223899841,-0.11137138307094574,0.5958539843559265,0.709102988243103,-0.1484014093875885,0.5316817164421082,0.7195415496826172,-0.14968407154083252,0.4849870800971985,0.7098292708396912,-0.14806614816188812,0.6817460060119629,0.6837332248687744,-0.08941611647605896,0.5998252630233765,0.7344017624855042,-0.11934103071689606,0.5437944531440735,0.7305498123168945,-0.11975527554750443,0.5074623227119446,0.7175490260124207,-0.11848819255828857,0.6734448075294495,0.7134265899658203,-0.07033319026231766,0.608666181564331,0.7374750971794128,-0.09361011534929276,0.5696984529495239,0.7259600758552551,-0.09916895627975464,0.5424805283546448,0.7120097875595093,-0.10144567489624023,Left,0.9988878965377808
1187,29,1,0.20922289788722992,0.5243224501609802,-5.070417614660983e-07,0.25982144474983215,0.5049504041671753,-0.06047825142741203,0.3078663647174835,0.5414840579032898,-0.09651100635528564,0.34593790769577026,0.6045233607292175,-0.11553867161273956,0.3835851848125458,0.6481872200965881,-0.13149267435073853,0.2224666178226471,0.5732057094573975,-0.1425030529499054,0.3025621175765991,0.6451591849327087,-0.18093642592430115,0.3585473895072937,0.6644128561019897,-0.1882217526435852,0.3971174657344818,0.6689204573631287,-0.1881619095802307,0.20488867163658142,0.6349998712539673,-0.11815193295478821,0.2964189946651459,0.7060482501983643,-0.15387080609798431,0.36002132296562195,0.7080857753753662,-0.15026475489139557,0.39776715636253357,0.6905438303947449,-0.14649492502212524,0.20607194304466248,0.6793636679649353,-0.0925503596663475,0.28720349073410034,0.7412247657775879,-0.12746191024780273,0.34252676367759705,0.7351810932159424,-0.1263386607170105,0.3736947774887085,0.7169727683067322,-0.12231986224651337,0.21786069869995117,0.7106228470802307,-0.0686846673488617,0.2756692171096802,0.7558387517929077,-0.09746312350034714,0.3184038996696472,0.7501206398010254,-0.10198578983545303,0.3430270552635193,0.7348780035972595,-0.10198740661144257,Right,0.996361494064331
1230,30,0,0.6840912699699402,0.5636416673660278,8.697546718394733e-07,0.6396521925926208,0.5201022028923035,-0.06177495792508125,0.5808062553405762,0.5352956056594849,-0.09850100427865982,0.5363720655441284,0.5930205583572388,-0.11761639267206192,0.5048551559448242,0.6422908306121826,-0.1334761083126068,0.6587516069412231,0.5740891695022583,-0.1356499046087265,0.5766919255256653,0.6231115460395813,-0.17248354852199554,0.5230910181999207,0.6508986949920654,-0.18413996696472168,0.480993390083313,0.6693746447563171,-0.18998627364635468,0.6758183836936951,0.6421059370040894,-0.1140666976571083,0.5947177410125732,0.7065866589546204,-0.15185967087745667,0.53255295753479,0.7086727619171143,-0.15482886135578156,0.4871540069580078,0.69455885887146,-0.15507784485816956,0.6732451319694519,0.6873341202735901,-0.09125273674726486,0.5872157216072083,0.7308186292648315,-0.121526800096035,0.5372071862220764,0.7155289649963379,-0.12112724035978317,0.5071049928665161,0.6954904198646545,-0.1199427992105484,0.6612740755081177,0.7138009071350098,-0.07171563804149628,0.5939417481422424,0.7300140857696533,-0.0955696702003479,0.559277355670929,0.7111571431159973,-0.10086807608604431,0.5357010364532471,0.6927600502967834,-0.10343079268932343,Left,0.9990158677101135
1230,30,1,0.21140295267105103,0.5257988572120667,-4.839039320359007e-07,0.26266780495643616,0.5031468868255615,-0.0628228560090065,0.31084904074668884,0.5378590822219849,-0.09936787933111191,0.34841689467430115,0.6000991463661194,-0.1181599423289299,0.3847081661224365,0.6429120898246765,-0.1338910311460495,0.22295933961868286,0.5720460414886475,-0.14603787660598755,0.30653923749923706,0.6394082307815552,-0.18418043851852417,0.3630802035331726,0.6576080918312073,-0.19104240834712982,0.40212616324424744,0.6626592874526978,-0.19095709919929504,0.2071991115808487,0.6339852809906006,-0.12045200914144516,0.3020821511745453,0.6988817453384399,-0.1558428257703781,0.36583012342453003,0.6993891596794128,-0.15200529992580414,0.40400922298431396,0.6811196804046631,-0.14831481873989105,0.20991399884223938,0.6775801181793213,-0.09361445903778076,0.29527047276496887,0.7325257062911987,-0.12794841825962067,0.35015711188316345,0.7243186831474304,-0.12661997973918915,0.3806951642036438,0.7054443955421448,-0.12276098132133484,0.2229628711938858,0.7077583074569702,-0.06879565864801407,0.2834506630897522,0.7471176385879517,-0.09782975912094116,0.3254842460155487,0.7390620112419128,-0.1029195636510849,0.3487619161605835,0.7229430675506592,-0.10342612862586975,Right,0.9969711899757385
1272,31,0,0.6857540607452393,0.5670192241668701,8.521277550244122e-07,0.6398658156394958,0.5226906538009644,-0.06054815649986267,0.5816997289657593,0.5290916562080383,-0.09640614688396454,0.5382722020149231,0.5800246596336365,-0.11545636504888535,0.5074308514595032,0.6267609000205994,-0.1316094845533371,0.6570695638656616,0.5794420838356018,-0.130647674202919,0.5758864283561707,0.6190580129623413,-0.16733914613723755,0.52376788854599,0.6414399743080139,-0.1791459172964096,0.48256784677505493,0.6534081101417542,-0.18471065163612366,0.6723921298980713,0.646375298500061,-0.10972405225038528,0.5860111713409424,0.7009531259536743,-0.14781565964221954,0.524303674697876,0.7015830874443054,-0.1527249664068222,0.4790104031562805,0.6846493482589722,-0.15397660434246063,0.6687743663787842,0.6904668807983398,-0.0878719612956047,0.58198082447052,0.7264076471328735,-0.1198691800236702,0.5267101526260376,0.7167547345161438,-0.1240052804350853,0.48944419622421265,0.6996909379959106,-0.12536002695560455,0.6561310291290283,0.7158477306365967,-0.06894095987081528,0.5877227187156677,0.7279214859008789,-0.09441612660884857,0.5481113195419312,0.7130489349365234,-0.10233300924301147,0.5186957120895386,0.6967236399650574,-0.10633932799100876,Left,0.9991083145141602
1272,31,1,0.2155124545097351,0.5277548432350159,-4.61467919876668e-07,0.26593083143234253,0.50319504737854,-0.06515605002641678,0.3135673403739929,0.5375537872314453,-0.10277081280946732,0.35124194622039795,0.6003365516662598,-0.12174633145332336,0.38873350620269775,0.6436601877212524,-0.1377098560333252,0.22478990256786346,0.5722681283950806,-0.14956016838550568,0.3090561628341675,0.637417197227478,-0.18769894540309906,0.36615991592407227,0.6547257900238037,-0.1949290633201599,0.40510037541389465,0.6610026955604553,-0.19551126658916473,0.21009567379951477,0.6331530809402466,-0.12288986146450043,0.3073616325855255,0.6954287886619568,-0.1571454405784607,0.37037989497184753,0.6961883902549744,-0.15289194881916046,0.40713515877723694,0.6800887584686279,-0.14969605207443237,0.21391630172729492,0.6755974888801575,-0.09502670913934708,0.3025454878807068,0.7261043787002563,-0.12814442813396454,0.35699576139450073,0.7172947525978088,-0.12580211460590363,0.3865087330341339,0.7001429796218872,-0.12205544859170914,0.2278635948896408,0.7039617300033569,-0.06948763132095337,0.29056668281555176,0.7396712303161621,-0.09796950966119766,0.3328089416027069,0.7304540872573853,-0.10258195549249649,0.35595905780792236,0.7144783735275269,-0.10311144590377808,Right,0.9977700114250183
1314,32,0,0.6841972470283508,0.5736201405525208,1.001649366116908e-06,0.6389529705047607,0.5230294466018677,-0.06662089377641678,0.5764794945716858,0.5256858468055725,-0.10718701034784317,0.5294860005378723,0.5746774077415466,-0.12828263640403748,0.49596813321113586,0.6203078031539917,-0.14619599282741547,0.6518039107322693,0.5800015926361084,-0.15015995502471924,0.5678533911705017,0.6114715337753296,-0.1903899908065796,0.5149233341217041,0.6343079209327698,-0.20330919325351715,0.47235047817230225,0.6476104855537415,-0.2098679095506668,0.6647835373878479,0.6487951278686523,-0.12664581835269928,0.574340283870697,0.6997691988945007,-0.17046773433685303,0.5097014307975769,0.708220362663269,-0.17762085795402527,0.45977938175201416,0.7010045647621155,-0.18072424829006195,0.6595332026481628,0.6941723227500916,-0.10124249756336212,0.5673282742500305,0.7249043583869934,-0.13671639561653137,0.5118014812469482,0.7174906730651855,-0.14126770198345184,0.47253966331481934,0.7045470476150513,-0.14337663352489471,0.6458343267440796,0.720869779586792,-0.07872994244098663,0.5724637508392334,0.7255733609199524,-0.1051940992474556,0.535209059715271,0.7090629935264587,-0.11263805627822876,0.5059894323348999,0.6936353445053101,-0.11694355309009552,Left,0.9992300868034363
1314,32,1,0.22261273860931396,0.5327392816543579,-4.5845246177123045e-07,0.27086469531059265,0.502534806728363,-0.06960814446210861,0.31799235939979553,0.5298348665237427,-0.11007532477378845,0.3584746718406677,0.5875224471092224,-0.13067567348480225,0.40021833777427673,0.6275980472564697,-0.14854684472084045,0.22949917614459991,0.576915442943573,-0.15383751690387726,0.31633055210113525,0.6363417506217957,-0.19165632128715515,0.3741518557071686,0.6480860710144043,-0.1990009993314743,0.41307467222213745,0.6512858867645264,-0.20022255182266235,0.22001045942306519,0.6397510766983032,-0.12490863353013992,0.32135289907455444,0.6910716891288757,-0.1578970104455948,0.38304126262664795,0.6817037463188171,-0.1537349969148636,0.41636258363723755,0.6608105897903442,-0.1515735387802124,0.22908177971839905,0.6824156641960144,-0.09493090957403183,0.321968138217926,0.7203203439712524,-0.12607894837856293,0.3740248680114746,0.700829267501831,-0.12332693487405777,0.39925822615623474,0.6787635684013367,-0.12094327807426453,0.24639840424060822,0.7095630168914795,-0.06778711080551147,0.31238168478012085,0.7300683856010437,-0.09648414701223373,0.35209301114082336,0.7121393084526062,-0.1016150563955307,0.3718462884426117,0.6938554048538208,-0.10307344794273376,Right,0.9977896809577942
1358,33,0,0.6797075867652893,0.5742738842964172,1.0215641168542788e-06,0.6325274705886841,0.5248069167137146,-0.06419333070516586,0.5730712413787842,0.5212215185165405,-0.10440152138471603,0.5318216681480408,0.5674594640731812,-0.12569139897823334,0.49918994307518005,0.6103066802024841,-0.1439109444618225,0.6452866792678833,0.5833190083503723,-0.14847715198993683,0.563245415687561,0.6175405383110046,-0.1900700479745865,0.5103436708450317,0.6403926014900208,-0.2037833333015442,0.46812620759010315,0.6545884609222412,-0.20981737971305847,0.6609890460968018,0.6512811183929443,-0.12550900876522064,0.5686978101730347,0.7017131447792053,-0.16953535377979279,0.505327582359314,0.7090627551078796,-0.17636659741401672,0.4582095444202423,0.700792133808136,-0.17828865349292755,0.6573052406311035,0.6964630484580994,-0.10043790936470032,0.5660219192504883,0.7230660319328308,-0.13466522097587585,0.51224684715271,0.7128322720527649,-0.13764260709285736,0.4753901958465576,0.6966468691825867,-0.13793779909610748,0.6455522179603577,0.7231770753860474,-0.07836011052131653,0.5751435160636902,0.7250931262969971,-0.1037444993853569,0.5399022102355957,0.707155168056488,-0.10992883145809174,0.5130362510681152,0.6905604004859924,-0.11251791566610336,Left,0.9991877675056458
1358,33,1,0.2261519432067871,0.5330266952514648,-4.3928886839239567e-07,0.2754957675933838,0.5027952790260315,-0.06789309531450272,0.32474425435066223,0.5335239171981812,-0.10690674185752869,0.3647727370262146,0.5940390825271606,-0.1258634477853775,0.4048967957496643,0.6337249279022217,-0.14174115657806396,0.23201234638690948,0.5754435658454895,-0.15294569730758667,0.31769320368766785,0.6329134702682495,-0.1900026947259903,0.37479090690612793,0.6451058983802795,-0.19686481356620789,0.41552096605300903,0.6500911712646484,-0.19791626930236816,0.22322127223014832,0.6402581930160522,-0.12415140122175217,0.3251262605190277,0.689932107925415,-0.15723201632499695,0.3859066963195801,0.681898832321167,-0.15269431471824646,0.41997796297073364,0.6621590852737427,-0.149750754237175,0.23235127329826355,0.6834790706634521,-0.09386926144361496,0.32576727867126465,0.7153627276420593,-0.12438276410102844,0.3747820556163788,0.6975864171981812,-0.12005755305290222,0.3990119695663452,0.6765358448028564,-0.11606407165527344,0.2503831088542938,0.71053546667099,-0.06636998802423477,0.3159427344799042,0.725345253944397,-0.09335941076278687,0.35274648666381836,0.7082048654556274,-0.09701986610889435,0.37042754888534546,0.690828263759613,-0.09734901785850525,Right,0.998231828212738
1401,34,0,0.6748943328857422,0.5725430250167847,9.998851737691439e-07,0.6309557557106018,0.5255600214004517,-0.06481494009494781,0.5732528567314148,0.5228636860847473,-0.10546407848596573,0.5298954248428345,0.5698918700218201,-0.12762083113193512,0.4943147897720337,0.6104071736335754,-0.1468154489994049,0.644493818283081,0.5856322050094604,-0.1457047164440155,0.5638064742088318,0.6175078749656677,-0.1873711198568344,0.5119799971580505,0.6366314888000488,-0.20206284523010254,0.46993905305862427,0.6479857563972473,-0.20918941497802734,0.6572946310043335,0.6534318327903748,-0.12259844690561295,0.5632695555686951,0.6934096813201904,-0.1648799628019333,0.4996691048145294,0.69563889503479,-0.17224746942520142,0.45177146792411804,0.6828268766403198,-0.1754995584487915,0.6526564359664917,0.6986897587776184,-0.09794730693101883,0.559634268283844,0.7144148945808411,-0.13053932785987854,0.5044692754745483,0.7025709748268127,-0.13479730486869812,0.4659060835838318,0.6847957968711853,-0.13698215782642365,0.6416958570480347,0.7259100675582886,-0.07662386447191238,0.5717046856880188,0.7220982909202576,-0.10128845274448395,0.5352673530578613,0.7041428089141846,-0.10891906172037125,0.5070562958717346,0.68768310546875,-0.11317575722932816,Left,0.9993087649345398
1401,34,1,0.23200029134750366,0.533050000667572,-4.3504635982571926e-07,0.2804175913333893,0.5057286024093628,-0.06519485265016556,0.32877880334854126,0.5362561345100403,-0.1036260798573494,0.36786630749702454,0.5945661067962646,-0.12277962267398834,0.4066970944404602,0.6353453993797302,-0.13870134949684143,0.23578545451164246,0.5714678168296814,-0.15220417082309723,0.31883302330970764,0.6318747997283936,-0.18854163587093353,0.3742075264453888,0.6469516754150391,-0.1942756325006485,0.4142044186592102,0.6533334255218506,-0.19438983500003815,0.22457453608512878,0.633220374584198,-0.12497258931398392,0.3245590627193451,0.6867582201957703,-0.1573437601327896,0.385603129863739,0.6834409832954407,-0.1520681083202362,0.4207644462585449,0.6664369106292725,-0.14899767935276031,0.2305622696876526,0.6760618686676025,-0.09602932631969452,0.3217960298061371,0.7149707674980164,-0.12551210820674896,0.3708592653274536,0.7004387974739075,-0.12009632587432861,0.3954010009765625,0.6799433827400208,-0.11556655913591385,0.2458450198173523,0.7039093971252441,-0.06972786784172058,0.3087615370750427,0.7285621762275696,-0.09546836465597153,0.3463071584701538,0.7153016924858093,-0.09820257872343063,0.36456355452537537,0.6983869075775146,-0.0981246680021286,Right,0.9979963898658752
1443,35,0,0.6719470620155334,0.5711303949356079,9.874132729237317e-07,0.6311551332473755,0.5240779519081116,-0.06683407723903656,0.5762182474136353,0.5182350277900696,-0.10980809479951859,0.52800452709198,0.5600540637969971,-0.1341799795627594,0.4910247325897217,0.5973731279373169,-0.15558171272277832,0.6469332575798035,0.5826410055160522,-0.1495988816022873,0.5683156847953796,0.6152632832527161,-0.19217601418495178,0.5157130360603333,0.6307321190834045,-0.20716142654418945,0.47429853677749634,0.637802243232727,-0.2142704427242279,0.6582596302032471,0.6501778960227966,-0.1255461871623993,0.5665060877799988,0.6872050762176514,-0.1681443154811859,0.5027037858963013,0.6863270998001099,-0.17527829110622406,0.45614194869995117,0.6717882752418518,-0.17872576415538788,0.6539149880409241,0.6972262859344482,-0.10005936771631241,0.5639173984527588,0.7084254622459412,-0.1327553540468216,0.5098050832748413,0.6961190104484558,-0.13739044964313507,0.47248873114585876,0.6793076395988464,-0.14011429250240326,0.6440780162811279,0.7265077829360962,-0.07808494567871094,0.5781441330909729,0.7200352549552917,-0.10204585641622543,0.5463466644287109,0.699425458908081,-0.10969401895999908,0.5219566822052002,0.68082594871521,-0.11430376023054123,Left,0.9991849064826965
1443,35,1,0.231679767370224,0.5275754928588867,-4.851659696214483e-07,0.2790817320346832,0.5028002262115479,-0.06225194036960602,0.32835251092910767,0.5309163928031921,-0.09959317743778229,0.3670031428337097,0.5874125361442566,-0.11880871653556824,0.4022400975227356,0.6315909028053284,-0.1349569857120514,0.2366616427898407,0.5668346285820007,-0.14509354531764984,0.32204025983810425,0.6310715675354004,-0.1806047558784485,0.3780566453933716,0.6471793055534363,-0.18613025546073914,0.41619807481765747,0.6519129276275635,-0.1857239454984665,0.22348575294017792,0.6271609663963318,-0.11895975470542908,0.32285797595977783,0.6848713159561157,-0.14996887743473053,0.38311314582824707,0.6812029480934143,-0.1443600058555603,0.4171552062034607,0.6625431180000305,-0.14067542552947998,0.22873826324939728,0.6695682406425476,-0.09128077328205109,0.31804341077804565,0.7131617069244385,-0.12008771300315857,0.36610913276672363,0.7000566720962524,-0.11606071889400482,0.3892412781715393,0.6802322268486023,-0.11215119063854218,0.24343083798885345,0.6977138519287109,-0.06590169668197632,0.30637505650520325,0.7265549898147583,-0.09160135686397552,0.3439996838569641,0.7151121497154236,-0.09504151344299316,0.36197787523269653,0.6986469030380249,-0.094994455575943,Right,0.9973627924919128
1485,36,0,0.6691645383834839,0.5687825083732605,1.0179240916841081e-06,0.632642924785614,0.5203881859779358,-0.0706082284450531,0.5796782970428467,0.51426100730896,-0.11608106642961502,0.5307818055152893,0.5556730628013611,-0.14225316047668457,0.4935770630836487,0.5923323631286621,-0.16523484885692596,0.6525769233703613,0.5792997479438782,-0.15367355942726135,0.5724697113037109,0.6116607785224915,-0.19725026190280914,0.5176851749420166,0.6261458992958069,-0.21375884115695953,0.4753442704677582,0.6335515975952148,-0.2221526950597763,0.6626889109611511,0.6474384665489197,-0.127964586019516,0.5697708129882812,0.683691680431366,-0.17024056613445282,0.504547655582428,0.6809862852096558,-0.17735964059829712,0.45807012915611267,0.6667075753211975,-0.18138231337070465,0.6568122506141663,0.6948939561843872,-0.10097651928663254,0.5676843523979187,0.6980928182601929,-0.1321854293346405,0.5242735147476196,0.6792039275169373,-0.1335240602493286,0.49841687083244324,0.6606737375259399,-0.13449588418006897,0.6453705430030823,0.7246348857879639,-0.07818209379911423,0.5808626413345337,0.7149007320404053,-0.1019943580031395,0.5553554892539978,0.6912407875061035,-0.10791037976741791,0.5380159020423889,0.672570526599884,-0.11118855327367783,Left,0.9990623593330383
1485,36,1,0.23247875273227692,0.530829906463623,-4.889382694273081e-07,0.2774011194705963,0.5016877055168152,-0.06293947994709015,0.32607945799827576,0.5241171717643738,-0.10095097124576569,0.3659222722053528,0.5770294666290283,-0.12165852636098862,0.4019724130630493,0.6217358112335205,-0.1396787017583847,0.23589566349983215,0.5618290305137634,-0.1411188691854477,0.32118159532546997,0.6214325428009033,-0.1780274510383606,0.37815266847610474,0.6391085982322693,-0.1862107217311859,0.41626498103141785,0.6460795402526855,-0.1878357082605362,0.22441887855529785,0.6228011846542358,-0.11596693843603134,0.32360661029815674,0.6772100329399109,-0.14699961245059967,0.3847540318965912,0.6726001501083374,-0.14325961470603943,0.41929131746292114,0.653541088104248,-0.14126917719841003,0.2310258150100708,0.6656771898269653,-0.08989527076482773,0.32064783573150635,0.7077475786209106,-0.11901361495256424,0.3700288236141205,0.6921346783638,-0.11625362187623978,0.393837571144104,0.6709648370742798,-0.11353583633899689,0.24642400443553925,0.6945479512214661,-0.06637823581695557,0.3082464039325714,0.7230809330940247,-0.09266646206378937,0.3469507694244385,0.7114099264144897,-0.09679725021123886,0.3659778833389282,0.6948245763778687,-0.09747020900249481,Right,0.9976858496665955
1529,37,0,0.674298882484436,0.5646063089370728,9.627609642848256e-07,0.6389555931091309,0.5166747570037842,-0.07271108776330948,0.5861150622367859,0.5100493431091309,-0.11927931010723114,0.5371513962745667,0.5509006977081299,-0.1462951898574829,0.5006293654441833,0.5904268026351929,-0.1699131578207016,0.660515546798706,0.5753201842308044,-0.1534775048494339,0.5829105377197266,0.610131561756134,-0.19658301770687103,0.5286117792129517,0.6261991262435913,-0.21278804540634155,0.4848073720932007,0.634814441204071,-0.22136475145816803,0.6694415807723999,0.642422080039978,-0.12724298238754272,0.5813009142875671,0.6823186278343201,-0.168127179145813,0.5179397463798523,0.679914116859436,-0.1742795705795288,0.47193047404289246,0.6677004098892212,-0.17813630402088165,0.6624425649642944,0.6881496906280518,-0.1003495305776596,0.5706498026847839,0.6973438858985901,-0.13375824689865112,0.5196537971496582,0.6766217947006226,-0.13710150122642517,0.48795637488365173,0.6568619608879089,-0.13913145661354065,0.6492124795913696,0.7153209447860718,-0.07738465070724487,0.5823392868041992,0.7071858048439026,-0.10388891398906708,0.549376368522644,0.6806884407997131,-0.1123044565320015,0.5255612134933472,0.6607152819633484,-0.11715614795684814,Left,0.9994155168533325
1529,37,1,0.23737123608589172,0.5293247699737549,-4.230008130434726e-07,0.2833963632583618,0.5011638402938843,-0.06827884912490845,0.33124345541000366,0.5270135402679443,-0.10925587266683578,0.36901435256004333,0.582282543182373,-0.13044452667236328,0.4040197730064392,0.6259366273880005,-0.1487659215927124,0.23849529027938843,0.561043918132782,-0.15689696371555328,0.32249581813812256,0.6232579946517944,-0.19435998797416687,0.3787376582622528,0.642190158367157,-0.20029853284358978,0.41734203696250916,0.6512292623519897,-0.20036466419696808,0.22641822695732117,0.6222625374794006,-0.12850341200828552,0.3244447410106659,0.6796474456787109,-0.16159090399742126,0.3847370147705078,0.6770128011703491,-0.15607446432113647,0.41894304752349854,0.6593025922775269,-0.1525905579328537,0.2333107888698578,0.6659988760948181,-0.09859025478363037,0.3239315152168274,0.7077562808990479,-0.12881360948085785,0.37340396642684937,0.6946419477462769,-0.12477322667837143,0.39792728424072266,0.6751331090927124,-0.12136354297399521,0.24942231178283691,0.6950700879096985,-0.07141833752393723,0.31283921003341675,0.7200282216072083,-0.09890460222959518,0.3515819311141968,0.707115888595581,-0.10305678844451904,0.37102001905441284,0.6906200051307678,-0.10374808311462402,Right,0.9975662231445312
1572,38,0,0.677634596824646,0.5677984952926636,9.575221611157758e-07,0.6424875855445862,0.5177968144416809,-0.07142143696546555,0.5895371437072754,0.5117413997650146,-0.1170830950140953,0.5381258726119995,0.553036093711853,-0.1434820294380188,0.5005730390548706,0.5912957191467285,-0.16641895473003387,0.6660290956497192,0.5751897692680359,-0.1520053595304489,0.5888953804969788,0.610996663570404,-0.19320067763328552,0.5345251560211182,0.6267896294593811,-0.2075413167476654,0.4913438558578491,0.6338576674461365,-0.2152736634016037,0.6756206750869751,0.6418964862823486,-0.1263025552034378,0.5880085825920105,0.6838999390602112,-0.16621080040931702,0.5238582491874695,0.6825121641159058,-0.1717274785041809,0.4774232506752014,0.6694843769073486,-0.17548811435699463,0.6686668395996094,0.6878610849380493,-0.0997328907251358,0.5786691308021545,0.7003067135810852,-0.13285109400749207,0.5263612270355225,0.6817489862442017,-0.13647662103176117,0.4934716820716858,0.6621862649917603,-0.13899177312850952,0.654670238494873,0.7155463695526123,-0.07688046991825104,0.5889340043067932,0.7098008394241333,-0.10416678339242935,0.5532844662666321,0.6846084594726562,-0.11337966471910477,0.5271338224411011,0.6652336120605469,-0.11890049278736115,Left,0.9992052912712097
1572,38,1,0.2362218201160431,0.5260803699493408,-4.26241967943497e-07,0.28358298540115356,0.49973052740097046,-0.07029151171445847,0.33237549662590027,0.5301357507705688,-0.1116618737578392,0.3689086139202118,0.5883113741874695,-0.1322554647922516,0.4010790288448334,0.6338686347007751,-0.14959701895713806,0.23815324902534485,0.5603026747703552,-0.16127453744411469,0.3217492699623108,0.6265082955360413,-0.19925613701343536,0.3769457936286926,0.6458476781845093,-0.20488592982292175,0.41640886664390564,0.654694676399231,-0.20472100377082825,0.22432765364646912,0.622374415397644,-0.13134580850601196,0.32129091024398804,0.6819908618927002,-0.16588282585144043,0.38117527961730957,0.6806297898292542,-0.1607951521873474,0.41647160053253174,0.6631319522857666,-0.15730322897434235,0.22992604970932007,0.6662586331367493,-0.099715955555439,0.3199325501918793,0.7085015177726746,-0.1307085007429123,0.36947911977767944,0.6968046426773071,-0.12650932371616364,0.39488524198532104,0.677776575088501,-0.12278624624013901,0.2454753816127777,0.6950933933258057,-0.07089833915233612,0.30909866094589233,0.7197490930557251,-0.09976033866405487,0.34789395332336426,0.7089666128158569,-0.10473524779081345,0.36794742941856384,0.6949672102928162,-0.10569452494382858,Right,0.9973602890968323
1615,39,0,0.6809133291244507,0.5622385740280151,9.85048586699122e-07,0.6443614959716797,0.5140185952186584,-0.07479982823133469,0.5932305455207825,0.5096487998962402,-0.12241929769515991,0.5425869822502136,0.5499895215034485,-0.15039639174938202,0.5057380795478821,0.5915258526802063,-0.17448300123214722,0.6729645729064941,0.5738692283630371,-0.1559455543756485,0.5991963148117065,0.6140422224998474,-0.1983642429113388,0.5449979305267334,0.6306106448173523,-0.21286608278751373,0.5017388463020325,0.6364881992340088,-0.22084549069404602,0.6812610626220703,0.6380143165588379,-0.12946869432926178,0.5986167788505554,0.6872900128364563,-0.17328999936580658,0.5335139632225037,0.6866907477378845,-0.18075361847877502,0.4863543212413788,0.6731530427932739,-0.18509261310100555,0.672735869884491,0.6816660761833191,-0.10224328935146332,0.5867337584495544,0.702272355556488,-0.13951539993286133,0.5338147282600403,0.6840023994445801,-0.14412705600261688,0.5008205771446228,0.6634203195571899,-0.14640262722969055,0.657469630241394,0.706950306892395,-0.07872813940048218,0.5929683446884155,0.705769419670105,-0.10924180597066879,0.5556161403656006,0.6805118918418884,-0.11920987069606781,0.5286076664924622,0.6601411700248718,-0.12464383989572525,Left,0.9994562864303589
1615,39,1,0.2355004996061325,0.5246790051460266,-4.2869771732512163e-07,0.2859099209308624,0.5014289021492004,-0.06816384941339493,0.3330347537994385,0.535371720790863,-0.10877250880002975,0.3662872910499573,0.5965189933776855,-0.128725066781044,0.400030255317688,0.6413055062294006,-0.14564825594425201,0.23903843760490417,0.5633301734924316,-0.16048003733158112,0.31888940930366516,0.6302703022956848,-0.1990640014410019,0.3725926876068115,0.6493696570396423,-0.2056083232164383,0.4118958115577698,0.6578846573829651,-0.2058926522731781,0.22412371635437012,0.6265466809272766,-0.13114842772483826,0.3193124830722809,0.6868032813072205,-0.16459451615810394,0.37753671407699585,0.6860513091087341,-0.15823286771774292,0.41237467527389526,0.6685105562210083,-0.15382908284664154,0.2289680540561676,0.670956015586853,-0.09994279593229294,0.3195674419403076,0.7118890881538391,-0.1299629658460617,0.3666956424713135,0.7000144720077515,-0.12405598908662796,0.39075756072998047,0.6805549263954163,-0.11911303550004959,0.24440637230873108,0.6995640993118286,-0.0714356079697609,0.30961301922798157,0.720264732837677,-0.09892347455024719,0.34754353761672974,0.7088909149169922,-0.1024768278002739,0.36692026257514954,0.6947829127311707,-0.10241525620222092,Right,0.9974102973937988
1655,40,0,0.6762920022010803,0.568344235420227,9.555791393722757e-07,0.6405304074287415,0.5212069153785706,-0.07354164868593216,0.5907667279243469,0.5193730592727661,-0.12037800997495651,0.5398187041282654,0.5618398189544678,-0.14820466935634613,0.49986928701400757,0.6022713780403137,-0.1730639487504959,0.6670953631401062,0.5772560238838196,-0.1506858468055725,0.593005359172821,0.6170215010643005,-0.1938815712928772,0.5396960973739624,0.635428786277771,-0.21136599779129028,0.49660125374794006,0.6432273387908936,-0.22137266397476196,0.67928147315979,0.6405584216117859,-0.12492698431015015,0.5965932607650757,0.6880670785903931,-0.16759692132472992,0.5319198369979858,0.6900782585144043,-0.1757086217403412,0.4848948121070862,0.679467499256134,-0.18068352341651917,0.6744663119316101,0.685032844543457,-0.09893941134214401,0.5888102054595947,0.7075299620628357,-0.13426785171031952,0.5365186929702759,0.6942514181137085,-0.13910840451717377,0.5026767253875732,0.6785014271736145,-0.14186513423919678,0.6623595952987671,0.7126224637031555,-0.0769183561205864,0.5997524261474609,0.7149039506912231,-0.1059182658791542,0.5616446733474731,0.6941326260566711,-0.11561369895935059,0.5332188010215759,0.6771669983863831,-0.12099789828062057,Left,0.9992012977600098
1655,40,1,0.23146267235279083,0.5267824530601501,-4.305027800910466e-07,0.28112900257110596,0.5023850202560425,-0.0684000626206398,0.329782098531723,0.5359148979187012,-0.10904240608215332,0.3662989139556885,0.5963675379753113,-0.12901465594768524,0.4022803008556366,0.6400052905082703,-0.1459476500749588,0.23657870292663574,0.5679061412811279,-0.15923257172107697,0.3195585608482361,0.6320419311523438,-0.19665254652500153,0.3732605278491974,0.6488234996795654,-0.20241200923919678,0.4124371409416199,0.6564339399337769,-0.20235057175159454,0.2231871783733368,0.631303071975708,-0.12953434884548187,0.32190415263175964,0.6874062418937683,-0.16213113069534302,0.38020384311676025,0.683648943901062,-0.15561026334762573,0.41420432925224304,0.6650037169456482,-0.15135371685028076,0.22939248383045197,0.6753679513931274,-0.09795399755239487,0.32233208417892456,0.7134340405464172,-0.1277194321155548,0.36952272057533264,0.6989316344261169,-0.12212517112493515,0.39284080266952515,0.6777335405349731,-0.11755552142858505,0.24545158445835114,0.7037171721458435,-0.0690549910068512,0.31092730164527893,0.7231199145317078,-0.0966779813170433,0.34778448939323425,0.7095575332641602,-0.1003606915473938,0.3660114109516144,0.6936999559402466,-0.10047401487827301,Right,0.9972324371337891
1696,41,0,0.6735034584999084,0.5670343041419983,9.334933679383539e-07,0.6375240683555603,0.519662618637085,-0.07305632531642914,0.5899664759635925,0.5178320407867432,-0.11976104974746704,0.5396147966384888,0.5567731261253357,-0.14755865931510925,0.5000866651535034,0.5972532033920288,-0.17216186225414276,0.6632776260375977,0.5785335302352905,-0.14912420511245728,0.5867252349853516,0.6189369559288025,-0.19046379625797272,0.5334572792053223,0.6367734670639038,-0.20577605068683624,0.4903625249862671,0.6447070837020874,-0.21461118757724762,0.673344612121582,0.6438642740249634,-0.12351564317941666,0.5902633666992188,0.6904626488685608,-0.16602519154548645,0.5241754055023193,0.6923254728317261,-0.17324666678905487,0.47594329714775085,0.6823590993881226,-0.17733106017112732,0.6666232347488403,0.687919020652771,-0.09759245812892914,0.5776547789573669,0.7083041071891785,-0.13257046043872833,0.5228208899497986,0.6949561834335327,-0.13602089881896973,0.48770228028297424,0.6785545349121094,-0.13761185109615326,0.6517155766487122,0.7126414179801941,-0.07568906247615814,0.5844513177871704,0.7123236656188965,-0.1036154180765152,0.5467931032180786,0.6899418830871582,-0.11242154985666275,0.5198412537574768,0.6718935966491699,-0.11709816753864288,Left,0.9992036819458008
1696,41,1,0.2329431176185608,0.5290788412094116,-4.438350913460454e-07,0.28055912256240845,0.502799391746521,-0.06481147557497025,0.32999131083488464,0.5342895984649658,-0.10351571440696716,0.3700295388698578,0.5935611724853516,-0.12292386591434479,0.4095631241798401,0.6355409622192383,-0.1394229233264923,0.24057874083518982,0.570076048374176,-0.14968383312225342,0.3252197504043579,0.6370425224304199,-0.18582601845264435,0.3806653618812561,0.6527194380760193,-0.19272564351558685,0.42028647661209106,0.6581044793128967,-0.19366440176963806,0.22812944650650024,0.632648766040802,-0.12190297245979309,0.3278137743473053,0.6890462636947632,-0.15271702408790588,0.3850313425064087,0.6838316917419434,-0.14765101671218872,0.4169408679008484,0.6649728417396545,-0.14492732286453247,0.23414836823940277,0.6754383444786072,-0.09238333255052567,0.32568806409835815,0.7136913537979126,-0.11973438411951065,0.37197086215019226,0.6981461048126221,-0.11452054977416992,0.3940981924533844,0.6775380373001099,-0.11089157313108444,0.2491253912448883,0.7032139897346497,-0.06551261991262436,0.3138285279273987,0.7243296504020691,-0.09042918682098389,0.3502052128314972,0.710038959980011,-0.093085378408432,0.3675721287727356,0.6937718987464905,-0.09317608922719955,Right,0.9980350732803345
1737,42,0,0.6665458083152771,0.5680067539215088,9.080596896637871e-07,0.6323090195655823,0.5220732092857361,-0.0719263106584549,0.5833714604377747,0.5210430026054382,-0.11855719238519669,0.5331146121025085,0.5628803372383118,-0.14647269248962402,0.4929678738117218,0.6032535433769226,-0.17140908539295197,0.6543985605239868,0.5731440186500549,-0.15154774487018585,0.5802898406982422,0.6152692437171936,-0.19426622986793518,0.5282053351402283,0.6338213086128235,-0.21042612195014954,0.48588645458221436,0.6427623629570007,-0.21957242488861084,0.6673246622085571,0.636398434638977,-0.1269448846578598,0.5818198919296265,0.6818915605545044,-0.17020124197006226,0.5175687670707703,0.6833434104919434,-0.17786933481693268,0.47170987725257874,0.673615574836731,-0.18260715901851654,0.6637995839118958,0.6818519234657288,-0.10192181169986725,0.5759434103965759,0.7062820792198181,-0.13763587176799774,0.521657407283783,0.6954341530799866,-0.14297422766685486,0.4860875606536865,0.6811948418617249,-0.1461596041917801,0.6528139114379883,0.7108500003814697,-0.08071346580982208,0.588538646697998,0.7177952527999878,-0.10970332473516464,0.5509291291236877,0.6981841921806335,-0.11997440457344055,0.5235968232154846,0.6812213659286499,-0.126084104180336,Left,0.9992722272872925
1737,42,1,0.23382647335529327,0.5281272530555725,-4.431962850048876e-07,0.28256750106811523,0.5017750263214111,-0.06431380659341812,0.3340909779071808,0.5352087020874023,-0.10323978215456009,0.3750654458999634,0.5957159399986267,-0.12241621315479279,0.4147493839263916,0.6381434798240662,-0.13843482732772827,0.2427893579006195,0.5667407512664795,-0.15377642214298248,0.3287093937397003,0.6340600252151489,-0.19003087282180786,0.3834603428840637,0.6506321430206299,-0.19577248394489288,0.42132624983787537,0.6571274995803833,-0.19603316485881805,0.23040373623371124,0.6287722587585449,-0.1263139396905899,0.3342526853084564,0.6890056133270264,-0.15816736221313477,0.39191943407058716,0.6821504235267639,-0.1514953076839447,0.42210257053375244,0.6615400314331055,-0.1475069522857666,0.23536399006843567,0.6725916266441345,-0.09682758897542953,0.33112645149230957,0.7152809500694275,-0.12459985911846161,0.3778362274169922,0.6978105902671814,-0.11702455580234528,0.39832019805908203,0.6754180788993835,-0.11161878705024719,0.2492264211177826,0.7016215920448303,-0.06999830156564713,0.31656235456466675,0.726193904876709,-0.09523116797208786,0.3526824712753296,0.7106641530990601,-0.0972386971116066,0.36820995807647705,0.6928831338882446,-0.09689107537269592,Right,0.997466504573822
1778,43,0,0.6657820343971252,0.5642980337142944,9.499060524831293e-07,0.6305415630340576,0.5191580653190613,-0.07303667068481445,0.5822828412055969,0.5184071063995361,-0.1200355663895607,0.5335856676101685,0.5587241649627686,-0.14770621061325073,0.4949961304664612,0.5990687608718872,-0.17188149690628052,0.6570205092430115,0.5743705630302429,-0.151405468583107,0.5813907384872437,0.6126161217689514,-0.194841668009758,0.5282089114189148,0.6317468881607056,-0.21206261217594147,0.48420536518096924,0.641818642616272,-0.22193171083927155,0.6677677631378174,0.6396397948265076,-0.12601611018180847,0.5847986936569214,0.6856991648674011,-0.1694686859846115,0.520906925201416,0.691037118434906,-0.17752084136009216,0.4725096821784973,0.6849789619445801,-0.18247511982917786,0.6614543199539185,0.6840388774871826,-0.10026536881923676,0.5721837878227234,0.7019582390785217,-0.13544368743896484,0.5185567736625671,0.6906182765960693,-0.13955220580101013,0.4835567772388458,0.6773151159286499,-0.14200301468372345,0.6471558809280396,0.7100352644920349,-0.07857690751552582,0.5805920362472534,0.7085984349250793,-0.10625190287828445,0.546149730682373,0.6875867247581482,-0.11509328335523605,0.5215714573860168,0.6717235445976257,-0.12022475153207779,Left,0.9993414878845215
1778,43,1,0.23376679420471191,0.5269761085510254,-4.5210290977593104e-07,0.28372788429260254,0.5022689700126648,-0.06351983547210693,0.3345155417919159,0.5339170694351196,-0.10249613970518112,0.37357985973358154,0.593461275100708,-0.12207906693220139,0.41187018156051636,0.6359719634056091,-0.13845136761665344,0.24171873927116394,0.5668867826461792,-0.15381444990634918,0.32711872458457947,0.6351132988929749,-0.18944282829761505,0.3813851475715637,0.6506471037864685,-0.19398356974124908,0.4180276095867157,0.655176043510437,-0.19324541091918945,0.22843100130558014,0.6281282305717468,-0.12657415866851807,0.3318871855735779,0.689232587814331,-0.15769828855991364,0.3897334337234497,0.6832793951034546,-0.15034319460391998,0.4203997850418091,0.6630952954292297,-0.14587128162384033,0.23257790505886078,0.6717064380645752,-0.09715238213539124,0.327934205532074,0.7168125510215759,-0.1251066029071808,0.3742828369140625,0.7002686262130737,-0.11774886399507523,0.39474791288375854,0.6777345538139343,-0.11224542558193207,0.24628202617168427,0.7007758021354675,-0.0702153667807579,0.3141050338745117,0.7268918752670288,-0.09594783931970596,0.35041895508766174,0.7113204598426819,-0.0984976515173912,0.36570966243743896,0.6923612356185913,-0.09827788174152374,Right,0.9967354536056519
1820,44,0,0.6585508584976196,0.5687758922576904,9.701817589302664e-07,0.6257525682449341,0.5228350162506104,-0.07419662922620773,0.5798147916793823,0.524142324924469,-0.12278241664171219,0.5301697254180908,0.5658528208732605,-0.15113860368728638,0.4885789453983307,0.6054978370666504,-0.1763024777173996,0.6528767943382263,0.5643887519836426,-0.1615668684244156,0.575973629951477,0.6059584021568298,-0.20672576129436493,0.5226908922195435,0.6290407180786133,-0.22303135693073273,0.4790334701538086,0.6415250301361084,-0.23211993277072906,0.6666197776794434,0.632418155670166,-0.13576416671276093,0.5810472369194031,0.6804584264755249,-0.18132326006889343,0.5150775909423828,0.6879704594612122,-0.1882861852645874,0.46524566411972046,0.6816937327384949,-0.19231897592544556,0.6619327664375305,0.6803314685821533,-0.10900819301605225,0.5709160566329956,0.7005458474159241,-0.14610368013381958,0.5145684480667114,0.6913447380065918,-0.15015578269958496,0.4763041138648987,0.6785818338394165,-0.15236908197402954,0.6475856304168701,0.7093967199325562,-0.08614152669906616,0.5784687399864197,0.7107254862785339,-0.11602585017681122,0.5400091409683228,0.6914716958999634,-0.1258937567472458,0.5113453269004822,0.6757754683494568,-0.13161902129650116,Left,0.9994812607765198
1820,44,1,0.22896362841129303,0.5233272314071655,-4.812839051737683e-07,0.2812385559082031,0.4993058145046234,-0.06168777868151665,0.33423250913619995,0.5331009030342102,-0.09908637404441833,0.3735907971858978,0.5939351320266724,-0.11746193468570709,0.4110860526561737,0.6376656293869019,-0.1327635943889618,0.2412877380847931,0.5665386915206909,-0.14957578480243683,0.32855838537216187,0.6338489651679993,-0.1841316521167755,0.38319891691207886,0.649275541305542,-0.18883609771728516,0.42043784260749817,0.6542615294456482,-0.18842247128486633,0.22709383070468903,0.6281308531761169,-0.12293446809053421,0.33189070224761963,0.6876201033592224,-0.15187261998653412,0.38913819193840027,0.6830669045448303,-0.14445392787456512,0.4198293387889862,0.6646692752838135,-0.14052847027778625,0.23121778666973114,0.6707467436790466,-0.09416597336530685,0.32814663648605347,0.7153889536857605,-0.12035144865512848,0.37516236305236816,0.7007898092269897,-0.11347278207540512,0.3969021439552307,0.6801628470420837,-0.10892967134714127,0.24526625871658325,0.6984144449234009,-0.06782407313585281,0.31492671370506287,0.7232257723808289,-0.09292922168970108,0.3524227440357208,0.7097023129463196,-0.09600252658128738,0.369645357131958,0.692633330821991,-0.09640347212553024,Right,0.9977059960365295
1861,45,0,0.6583045125007629,0.5718802809715271,8.547849574824795e-07,0.625595211982727,0.5251126885414124,-0.0693964958190918,0.5821986794471741,0.5261560678482056,-0.11645744740962982,0.5355939269065857,0.5674158930778503,-0.14572802186012268,0.4952054023742676,0.6079041361808777,-0.17264078557491302,0.6473144888877869,0.5631852746009827,-0.15099047124385834,0.5698938965797424,0.6036967039108276,-0.19414903223514557,0.5176149606704712,0.6288903951644897,-0.21064725518226624,0.4756811857223511,0.6439082026481628,-0.22004170715808868,0.6655066609382629,0.6287297010421753,-0.12748949229717255,0.5816494822502136,0.6726813316345215,-0.1686595231294632,0.5166173577308655,0.6826198101043701,-0.1733502745628357,0.46885713934898376,0.6796910762786865,-0.17658750712871552,0.6649743318557739,0.676535964012146,-0.10359197109937668,0.5757919549942017,0.7027625441551208,-0.137328639626503,0.5209983587265015,0.6987404823303223,-0.14027155935764313,0.4835427403450012,0.6894804835319519,-0.1421165019273758,0.6532901525497437,0.709186315536499,-0.08367765694856644,0.5841103196144104,0.7186397314071655,-0.11110302805900574,0.5454736351966858,0.7026271224021912,-0.11994805186986923,0.5175554156303406,0.6885669231414795,-0.125131756067276,Left,0.9987461566925049
1861,45,1,0.22996380925178528,0.5276312232017517,-4.528237127487955e-07,0.28019988536834717,0.503847599029541,-0.05762297660112381,0.332798033952713,0.535871148109436,-0.09392210096120834,0.37315240502357483,0.5947620868682861,-0.11259811371564865,0.4126410484313965,0.6357607841491699,-0.12841978669166565,0.24402931332588196,0.5673317909240723,-0.14323627948760986,0.3308243751525879,0.637762725353241,-0.17840345203876495,0.3849613070487976,0.6561965346336365,-0.18449853360652924,0.4209024906158447,0.6621285676956177,-0.18456211686134338,0.22918319702148438,0.6279199123382568,-0.11910039931535721,0.3341662883758545,0.69008469581604,-0.14804472029209137,0.38937222957611084,0.6853265762329102,-0.14076870679855347,0.4171595573425293,0.6662465929985046,-0.13636697828769684,0.23125922679901123,0.6706496477127075,-0.09288544207811356,0.3287201523780823,0.7176164984703064,-0.11862196773290634,0.3741656541824341,0.7029550671577454,-0.11061619222164154,0.3935966491699219,0.6822220087051392,-0.10475476831197739,0.24269160628318787,0.6990578174591064,-0.06896194815635681,0.31193313002586365,0.7268303632736206,-0.09204968810081482,0.34785938262939453,0.7135127782821655,-0.09308944642543793,0.36278194189071655,0.695336103439331,-0.0921127051115036,Right,0.997564435005188
1903,46,0,0.6589387059211731,0.5758342146873474,8.572646947868634e-07,0.624526858329773,0.5306637287139893,-0.06859751045703888,0.5798035860061646,0.5325660705566406,-0.11404939740896225,0.5331963896751404,0.5766472816467285,-0.1416405886411667,0.4915790259838104,0.6137535572052002,-0.16660752892494202,0.645197868347168,0.565407931804657,-0.1470571607351303,0.5670121312141418,0.6120482087135315,-0.18868398666381836,0.514867901802063,0.6375570893287659,-0.20404992997646332,0.47237628698349,0.6519709825515747,-0.21235258877277374,0.663960337638855,0.6302115321159363,-0.12262120097875595,0.5733247995376587,0.6786038279533386,-0.16096274554729462,0.5102193355560303,0.6874688267707825,-0.1635962277650833,0.46523725986480713,0.6836792230606079,-0.16553053259849548,0.6643975973129272,0.6792146563529968,-0.09788507223129272,0.5706064701080322,0.7069499492645264,-0.1283281296491623,0.5192812085151672,0.7023732662200928,-0.1292453110218048,0.4855845868587494,0.6922580003738403,-0.13000142574310303,0.6535032987594604,0.7127702832221985,-0.07734441012144089,0.5816415548324585,0.723448634147644,-0.10212896019220352,0.5452982783317566,0.7077779173851013,-0.10963424295186996,0.5195502638816833,0.6935812830924988,-0.1139836236834526,Left,0.9992719888687134
1903,46,1,0.22719988226890564,0.5299309492111206,-4.550917367396323e-07,0.2789897918701172,0.506096601486206,-0.0559069849550724,0.33279871940612793,0.5405102968215942,-0.09062417596578598,0.37327268719673157,0.5998528003692627,-0.10752566158771515,0.41289302706718445,0.6400160193443298,-0.12167183309793472,0.24548156559467316,0.5708716511726379,-0.14323318004608154,0.33278146386146545,0.6400960683822632,-0.17645788192749023,0.38616999983787537,0.6598303914070129,-0.18056683242321014,0.4222256541252136,0.667620062828064,-0.17932507395744324,0.22939735651016235,0.6320757269859314,-0.11913920938968658,0.33447471261024475,0.6929871439933777,-0.1456402689218521,0.3880659341812134,0.6902720332145691,-0.13606001436710358,0.41524991393089294,0.6730589270591736,-0.13012707233428955,0.23062004148960114,0.6753330826759338,-0.09255288541316986,0.329213410615921,0.7190626859664917,-0.1157827079296112,0.37256288528442383,0.7051892280578613,-0.10551535338163376,0.39064961671829224,0.6856014728546143,-0.0983748733997345,0.24161390960216522,0.7036755084991455,-0.06821926683187485,0.31258296966552734,0.7273174524307251,-0.08923015743494034,0.34801024198532104,0.7126633524894714,-0.08848394453525543,0.36254364252090454,0.6939848065376282,-0.08633740991353989,Right,0.997794508934021
1944,47,0,0.6614385843276978,0.5683503150939941,8.949039624894795e-07,0.6259864568710327,0.527280867099762,-0.06770201772451401,0.5778895616531372,0.5362788438796997,-0.11106941848993301,0.5292507410049438,0.586333692073822,-0.13580681383609772,0.4892631769180298,0.6232308745384216,-0.15788297355175018,0.6455451846122742,0.5726346969604492,-0.14786219596862793,0.5636566877365112,0.6205339431762695,-0.1875057965517044,0.5110996961593628,0.6454668641090393,-0.20074263215065002,0.4688158631324768,0.659606397151947,-0.20756113529205322,0.6653615832328796,0.6376544237136841,-0.12310508638620377,0.5710885524749756,0.6893482208251953,-0.16052262485027313,0.5087040662765503,0.6959719061851501,-0.16252417862415314,0.46340709924697876,0.6904272437095642,-0.16361156105995178,0.6658961176872253,0.6839534044265747,-0.09746100753545761,0.5677260160446167,0.7124660611152649,-0.1271975189447403,0.5157917737960815,0.707450270652771,-0.1284884214401245,0.4804351329803467,0.6992854475975037,-0.1295800656080246,0.6553482413291931,0.7134778499603271,-0.07557480037212372,0.5799392461776733,0.7221335768699646,-0.09905634075403214,0.5421295166015625,0.7064908146858215,-0.10595671832561493,0.5136874318122864,0.6946877241134644,-0.11023487150669098,Left,0.9991343021392822
1944,47,1,0.22412988543510437,0.5328739881515503,-4.5590766717396036e-07,0.27678385376930237,0.5101893544197083,-0.05574582517147064,0.33220425248146057,0.5472220182418823,-0.08922722190618515,0.3739606440067291,0.6079316735267639,-0.10449497401714325,0.4140365421772003,0.6464797258377075,-0.11697546392679214,0.24383331835269928,0.580366313457489,-0.1424952894449234,0.334673136472702,0.6461091041564941,-0.17459508776664734,0.38725221157073975,0.6629250049591064,-0.17826680839061737,0.42272746562957764,0.668074369430542,-0.17681895196437836,0.22770705819129944,0.6422314047813416,-0.11776556074619293,0.33409178256988525,0.6992270946502686,-0.14355023205280304,0.38663020730018616,0.6958766579627991,-0.13432203233242035,0.41373005509376526,0.6771996021270752,-0.12863053381443024,0.2292945235967636,0.6853343844413757,-0.09029605984687805,0.32942715287208557,0.7211776375770569,-0.11196643859148026,0.37249189615249634,0.7069371342658997,-0.10195092111825943,0.39134538173675537,0.6866732239723206,-0.09531185775995255,0.2407929003238678,0.7123081684112549,-0.0651630312204361,0.3132916986942291,0.7276226282119751,-0.08520884066820145,0.34917202591896057,0.7118686437606812,-0.08478326350450516,0.3653838634490967,0.693744421005249,-0.08308002352714539,Right,0.9982847571372986
1986,48,0,0.6662994027137756,0.5780178904533386,9.16659871563752e-07,0.6274375319480896,0.5345078110694885,-0.06763417273759842,0.57731693983078,0.5398990511894226,-0.11162567883729935,0.5280098915100098,0.5899708271026611,-0.13652345538139343,0.4869861900806427,0.6248835325241089,-0.1588158905506134,0.6414279341697693,0.5796074867248535,-0.1513223946094513,0.5594107508659363,0.6249951124191284,-0.19195656478405,0.5084201097488403,0.6495705842971802,-0.20656971633434296,0.4671596884727478,0.6652233004570007,-0.2143489569425583,0.6620802879333496,0.6484319567680359,-0.12565547227859497,0.5660530924797058,0.6957882642745972,-0.16246812045574188,0.5044107437133789,0.6987227201461792,-0.16341181099414825,0.4596736431121826,0.6904372572898865,-0.16400708258152008,0.6636723279953003,0.696382999420166,-0.09865467250347137,0.5630514621734619,0.7181951999664307,-0.12606936693191528,0.5156066417694092,0.7100422382354736,-0.12486184388399124,0.48417454957962036,0.6993829011917114,-0.1248430386185646,0.6546152234077454,0.7265884876251221,-0.07561264932155609,0.5775601267814636,0.7281491160392761,-0.09657639265060425,0.5439751744270325,0.7112119197845459,-0.10202024132013321,0.5186399817466736,0.6990512013435364,-0.10566648840904236,Left,0.9995390176773071
1986,48,1,0.21972745656967163,0.5343713164329529,-4.324934650412615e-07,0.2717316746711731,0.511577844619751,-0.05469322204589844,0.32936716079711914,0.5524647235870361,-0.08630408346652985,0.3729957938194275,0.6148207783699036,-0.09957282990217209,0.4131605625152588,0.6534093618392944,-0.10993021726608276,0.24444493651390076,0.5866868495941162,-0.14032171666622162,0.33666306734085083,0.6502648591995239,-0.1695898026227951,0.3888603150844574,0.6688901782035828,-0.17111046612262726,0.4254972040653229,0.6752223968505859,-0.1684819906949997,0.22771751880645752,0.6488335132598877,-0.11511912196874619,0.3327534794807434,0.7032908797264099,-0.138577401638031,0.38433000445365906,0.704174816608429,-0.1280294507741928,0.4128679633140564,0.6892261505126953,-0.12166398763656616,0.22849565744400024,0.6913462281227112,-0.08689780533313751,0.32761943340301514,0.7240175008773804,-0.10596660524606705,0.36953485012054443,0.7128779888153076,-0.09459497034549713,0.38888293504714966,0.6944345831871033,-0.08746331930160522,0.2396428883075714,0.7173741459846497,-0.061110928654670715,0.31101229786872864,0.7316403388977051,-0.07971519976854324,0.3457869589328766,0.7174951434135437,-0.07858486473560333,0.3620055913925171,0.7005281448364258,-0.07649052143096924,Right,0.9983031749725342
2027,49,0,0.6718250513076782,0.5760434865951538,9.542861789668677e-07,0.6285930871963501,0.5314197540283203,-0.06330928206443787,0.5735479593276978,0.5385568737983704,-0.10323822498321533,0.5248446464538574,0.5907734036445618,-0.1246514543890953,0.4864248037338257,0.6250119805335999,-0.1426222026348114,0.6433589458465576,0.5843945145606995,-0.14251016080379486,0.5625719428062439,0.6312747001647949,-0.1796613484621048,0.5109726786613464,0.6531004905700684,-0.19041243195533752,0.47110122442245483,0.6667565107345581,-0.19493742287158966,0.6608602404594421,0.6541523337364197,-0.11756689846515656,0.5626854300498962,0.7064244747161865,-0.15369494259357452,0.5036792159080505,0.7039573788642883,-0.15426264703273773,0.4640659689903259,0.6870361566543579,-0.15241138637065887,0.6605119705200195,0.7037676572799683,-0.09060889482498169,0.5640484690666199,0.7133576273918152,-0.11537095904350281,0.5316044092178345,0.6901461482048035,-0.1098804846405983,0.516727864742279,0.6674333214759827,-0.10519181191921234,0.6522700786590576,0.7330397963523865,-0.06758715957403183,0.5791797637939453,0.7257320284843445,-0.08553851395845413,0.5539910793304443,0.7048481106758118,-0.08735280483961105,0.5380414128303528,0.688916802406311,-0.08710061758756638,Left,0.9993894100189209
2027,49,1,0.2167772650718689,0.5353907346725464,-4.3413257344582235e-07,0.2698107957839966,0.5119081139564514,-0.052825506776571274,0.32923829555511475,0.5526231527328491,-0.08362896740436554,0.37381428480148315,0.6142566800117493,-0.09667907655239105,0.4137871563434601,0.6537492871284485,-0.10694588720798492,0.24484993517398834,0.5861617922782898,-0.13878431916236877,0.33837127685546875,0.6514078378677368,-0.1679309457540512,0.3913106620311737,0.6680970788002014,-0.1696787029504776,0.42736658453941345,0.6721470355987549,-0.16718263924121857,0.22792686522006989,0.646956741809845,-0.11457771062850952,0.33524852991104126,0.7028181552886963,-0.1384628713130951,0.3870675265789032,0.7047009468078613,-0.1288764923810959,0.4150351285934448,0.6903748512268066,-0.12326075881719589,0.22761601209640503,0.6901088356971741,-0.0872916579246521,0.32779011130332947,0.724502682685852,-0.10560499876737595,0.36873704195022583,0.7123725414276123,-0.09465739876031876,0.3868290185928345,0.6928417086601257,-0.0880093052983284,0.237179234623909,0.7175254821777344,-0.06242302805185318,0.30960386991500854,0.7323743104934692,-0.07989266514778137,0.3431885540485382,0.7167813777923584,-0.07889755815267563,0.35792383551597595,0.69846111536026,-0.07727754861116409,Right,0.997536838054657
2069,50,0,0.6724914908409119,0.5757765173912048,9.740540463099023e-07,0.6270740032196045,0.5309238433837891,-0.06639624387025833,0.5731201767921448,0.5369288921356201,-0.10679898411035538,0.526424765586853,0.5886778235435486,-0.12768465280532837,0.48662590980529785,0.619700014591217,-0.14504240453243256,0.6432961225509644,0.5903149247169495,-0.14842970669269562,0.5661736130714417,0.6383936405181885,-0.18634741008281708,0.5139719843864441,0.6547005772590637,-0.19674615561962128,0.4727230370044708,0.6622326970100403,-0.201079860329628,0.6588293313980103,0.6589275598526001,-0.12173960357904434,0.5591696500778198,0.7065666913986206,-0.15967069566249847,0.5009621381759644,0.6973111629486084,-0.1618211269378662,0.462352454662323,0.6763142347335815,-0.16108065843582153,0.6568513512611389,0.7074813842773438,-0.09292393922805786,0.5577382445335388,0.7151187658309937,-0.11830785125494003,0.5187793374061584,0.6942520141601562,-0.11516591161489487,0.4979248642921448,0.6749582290649414,-0.11292732506990433,0.649485170841217,0.7360548973083496,-0.06822660565376282,0.5748072862625122,0.7221522331237793,-0.08733595907688141,0.5475518703460693,0.6984861493110657,-0.09162278473377228,0.5288450717926025,0.6810943484306335,-0.0935593694448471,Left,0.9995549917221069
2069,50,1,0.21442794799804688,0.5374295711517334,-4.2631427277228795e-07,0.26851552724838257,0.5114473104476929,-0.0533752478659153,0.3294474184513092,0.5524376630783081,-0.08364824205636978,0.375383198261261,0.6138296723365784,-0.09601074457168579,0.41547608375549316,0.652289628982544,-0.10562991350889206,0.24373112618923187,0.5871173143386841,-0.13902346789836884,0.33920979499816895,0.648240327835083,-0.16802416741847992,0.3915690779685974,0.6633003950119019,-0.16999419033527374,0.4270257353782654,0.6667407155036926,-0.16789092123508453,0.22824332118034363,0.6479864120483398,-0.11464225500822067,0.3369928002357483,0.6985808610916138,-0.13830196857452393,0.3876354396343231,0.6997724175453186,-0.12890653312206268,0.41503119468688965,0.685056209564209,-0.12374947220087051,0.22885766625404358,0.6902759075164795,-0.08737313002347946,0.32964566349983215,0.7221440076828003,-0.10618916153907776,0.3714546263217926,0.7110689878463745,-0.09622006863355637,0.39107805490493774,0.6919345855712891,-0.0903593897819519,0.2391219586133957,0.7168652415275574,-0.0625036209821701,0.3110838234424591,0.7321187853813171,-0.08079139143228531,0.34487712383270264,0.7174347043037415,-0.08089568465948105,0.3605829179286957,0.6993456482887268,-0.08030939847230911,Right,0.9974254965782166
2112,51,0,0.6758313179016113,0.5740513205528259,9.497368296251807e-07,0.6316123604774475,0.5269668698310852,-0.06358609348535538,0.5747818350791931,0.5312069654464722,-0.1028972789645195,0.5261433720588684,0.5818871855735779,-0.12347114831209183,0.48580408096313477,0.6137206554412842,-0.14036782085895538,0.6429166793823242,0.5895093679428101,-0.14313742518424988,0.5612992644309998,0.6299343109130859,-0.1794084906578064,0.5097581148147583,0.643492579460144,-0.18868502974510193,0.47013646364212036,0.6497753262519836,-0.19213691353797913,0.6577686071395874,0.6584789156913757,-0.11795366555452347,0.5578998923301697,0.6992727518081665,-0.15464070439338684,0.5001828074455261,0.6905195116996765,-0.15602551400661469,0.4615224301815033,0.6693095564842224,-0.15431120991706848,0.6553511619567871,0.7064467668533325,-0.09054011851549149,0.5602125525474548,0.7050544023513794,-0.11440453678369522,0.5293514132499695,0.6801242828369141,-0.10902828723192215,0.5143123269081116,0.6579093337059021,-0.10471658408641815,0.6466359496116638,0.7337378263473511,-0.06724785268306732,0.5742761492729187,0.7169086337089539,-0.08465016633272171,0.5515555739402771,0.6929865479469299,-0.08670075982809067,0.5365952253341675,0.6751861572265625,-0.08656548708677292,Left,0.9996291399002075
2112,51,1,0.20963981747627258,0.5376488566398621,-4.5097169731889153e-07,0.26311826705932617,0.5086368322372437,-0.051458943635225296,0.326217383146286,0.5466084480285645,-0.0805395320057869,0.3733135759830475,0.6069796681404114,-0.09256549924612045,0.412783145904541,0.6463950872421265,-0.1017918661236763,0.24311001598834991,0.5852686762809753,-0.134178027510643,0.3375382125377655,0.6387721300125122,-0.16261108219623566,0.38993555307388306,0.6532481908798218,-0.16465704143047333,0.42685383558273315,0.6585398316383362,-0.1630745232105255,0.2280682921409607,0.6476128697395325,-0.1114264652132988,0.3365249037742615,0.6921229958534241,-0.13461418449878693,0.38760045170783997,0.6933844685554504,-0.12527531385421753,0.4159139096736908,0.6805431842803955,-0.12036147713661194,0.228478342294693,0.6906102895736694,-0.08601567149162292,0.3285588324069977,0.7198758721351624,-0.10552018880844116,0.3718005120754242,0.7106238603591919,-0.0960577204823494,0.39360371232032776,0.6942092180252075,-0.09037473052740097,0.23808236420154572,0.7175686955451965,-0.06285776197910309,0.30961087346076965,0.733521044254303,-0.08165915310382843,0.3451320230960846,0.7217088341712952,-0.0820792019367218,0.36340096592903137,0.7063397169113159,-0.08169016987085342,Right,0.9973969459533691
2154,52,0,0.6776257753372192,0.569505512714386,9.466116352996323e-07,0.6282743811607361,0.5254185795783997,-0.060035575181245804,0.5671675205230713,0.533622145652771,-0.09731879830360413,0.5175657272338867,0.5862125754356384,-0.11617956310510635,0.4776352047920227,0.6197665929794312,-0.1314227283000946,0.6376577615737915,0.5818644762039185,-0.14190925657749176,0.5576894879341125,0.6251482367515564,-0.17905789613723755,0.5065137147903442,0.6437950730323792,-0.18851710855960846,0.46593528985977173,0.6542126536369324,-0.191786989569664,0.6559450030326843,0.650442898273468,-0.1188209280371666,0.5570964217185974,0.6911215782165527,-0.15647925436496735,0.4981892704963684,0.6846795082092285,-0.1572316437959671,0.45742595195770264,0.665456235408783,-0.1551949679851532,0.6554135084152222,0.6991152167320251,-0.09356005489826202,0.5565853714942932,0.7072665095329285,-0.11863506585359573,0.5144778490066528,0.6901364326477051,-0.11477130651473999,0.48849552869796753,0.6729310154914856,-0.11202372610569,0.6484434008598328,0.7290295362472534,-0.07196342200040817,0.5725523829460144,0.7172207832336426,-0.08961819112300873,0.5452965497970581,0.6960111260414124,-0.09258130937814713,0.5253761410713196,0.6793746948242188,-0.09383773058652878,Left,0.9996726512908936
2154,52,1,0.20754975080490112,0.5320432782173157,-4.4325392423161247e-07,0.2635466158390045,0.504860520362854,-0.04429206624627113,0.32708537578582764,0.5426269769668579,-0.06822853535413742,0.3717381954193115,0.6032471656799316,-0.07787131518125534,0.40800154209136963,0.6458988785743713,-0.08508749306201935,0.2486485093832016,0.5817694067955017,-0.11378103494644165,0.34093162417411804,0.632938802242279,-0.13929377496242523,0.39146363735198975,0.6484022736549377,-0.1420324742794037,0.42518776655197144,0.6569257974624634,-0.14144209027290344,0.23237496614456177,0.6409411430358887,-0.09548526257276535,0.3383674621582031,0.6887661814689636,-0.11663220077753067,0.38740673661231995,0.6905549168586731,-0.1093493178486824,0.41244256496429443,0.6796662211418152,-0.10551857948303223,0.2298819124698639,0.6822183132171631,-0.07519561797380447,0.32621070742607117,0.7161809206008911,-0.09290272742509842,0.3676615059375763,0.7099054455757141,-0.0842953622341156,0.38729360699653625,0.6967349052429199,-0.07875095307826996,0.23667992651462555,0.7089747190475464,-0.05701710656285286,0.3070439100265503,0.7311736345291138,-0.07340232282876968,0.34162870049476624,0.7228065133094788,-0.07321158796548843,0.35874825716018677,0.7101976275444031,-0.07237056642770767,Right,0.9973335862159729
2197,53,0,0.6715666055679321,0.5668543577194214,9.444543707104458e-07,0.6160022020339966,0.5245202779769897,-0.05623583123087883,0.5511602759361267,0.5399594306945801,-0.0911649614572525,0.4980163872241974,0.5942544341087341,-0.10893547534942627,0.45751869678497314,0.625996470451355,-0.12339089065790176,0.6183063387870789,0.5745246410369873,-0.13881994783878326,0.5361620783805847,0.6231330633163452,-0.17622320353984833,0.48440489172935486,0.6409921646118164,-0.1858232021331787,0.44312167167663574,0.6530173420906067,-0.18899431824684143,0.6377748847007751,0.6429429650306702,-0.11735522747039795,0.539086103439331,0.6884350180625916,-0.15385383367538452,0.4810545742511749,0.6885077357292175,-0.15400797128677368,0.4408280849456787,0.6758906841278076,-0.15198470652103424,0.6392338871955872,0.692225992679596,-0.09337028115987778,0.5414444208145142,0.7020584940910339,-0.11654206365346909,0.5105012655258179,0.6820575594902039,-0.10904267430305481,0.49493247270584106,0.6608593463897705,-0.10373317450284958,0.6342364549636841,0.7241713404655457,-0.07334558665752411,0.5564963221549988,0.712887167930603,-0.08987224102020264,0.5348436832427979,0.6906961798667908,-0.09015680104494095,0.5205550789833069,0.6718743443489075,-0.0893285796046257,Left,0.9987890124320984
2197,53,1,0.21306738257408142,0.5282295942306519,-3.3988067116297316e-07,0.2702412009239197,0.49393635988235474,-0.04558897390961647,0.33679813146591187,0.5223833918571472,-0.0727274939417839,0.37976038455963135,0.5812479257583618,-0.08448375761508942,0.4087304472923279,0.6305131316184998,-0.09402335435152054,0.2631537914276123,0.5544458031654358,-0.1286848485469818,0.3537428379058838,0.6110976338386536,-0.15795713663101196,0.4026218056678772,0.6345870494842529,-0.1602402776479721,0.4352613687515259,0.6502066254615784,-0.158447727560997,0.24152861535549164,0.6172772645950317,-0.11079724133014679,0.34590446949005127,0.6723846793174744,-0.1367991417646408,0.3965769410133362,0.6789135932922363,-0.12878122925758362,0.42283883690834045,0.6700330972671509,-0.12309588491916656,0.23483820259571075,0.6661949157714844,-0.09033263474702835,0.3341010808944702,0.7024533152580261,-0.11077798902988434,0.37611424922943115,0.6948219537734985,-0.10039013624191284,0.3951943814754486,0.6796127557754517,-0.09260152280330658,0.23844873905181885,0.6985819935798645,-0.07188591361045837,0.31338298320770264,0.7203865647315979,-0.088527150452137,0.3465416729450226,0.7073009610176086,-0.08640167117118835,0.36119258403778076,0.6896008849143982,-0.08375117182731628,Right,0.9947783946990967
2237,54,0,0.6694636344909668,0.5659567713737488,8.971301781457441e-07,0.6111609935760498,0.5207456946372986,-0.04614320769906044,0.5457863807678223,0.5383635759353638,-0.07483012974262238,0.49554771184921265,0.5897022485733032,-0.08845790475606918,0.4548664391040802,0.616680920124054,-0.09873683750629425,0.6119814515113831,0.5694822669029236,-0.12618033587932587,0.527837336063385,0.6306928396224976,-0.15757980942726135,0.4805799722671509,0.6513686776161194,-0.16022413969039917,0.4441958963871002,0.6628219485282898,-0.15757474303245544,0.6339740753173828,0.6380045413970947,-0.10748660564422607,0.5345635414123535,0.6923748254776001,-0.1382204294204712,0.480225145816803,0.6941144466400146,-0.13273979723453522,0.44556188583374023,0.6802420020103455,-0.1259503960609436,0.6399245858192444,0.6890457272529602,-0.08587194234132767,0.5430521368980408,0.7089688181877136,-0.10420801490545273,0.5108809471130371,0.6868938207626343,-0.09401367604732513,0.49602895975112915,0.6632611751556396,-0.08613280206918716,0.6369016766548157,0.7251005172729492,-0.06725411862134933,0.5605674386024475,0.718843936920166,-0.07884838432073593,0.5382172465324402,0.6951392889022827,-0.07642113417387009,0.5269798040390015,0.6749841570854187,-0.07326482981443405,Left,0.9984660744667053
2237,54,1,0.21206611394882202,0.5219164490699768,-1.845638166741992e-07,0.2770182490348816,0.4860755503177643,-0.04251069948077202,0.34288662672042847,0.5217104554176331,-0.06742162257432938,0.37934738397598267,0.5863069891929626,-0.07772838324308395,0.40004274249076843,0.633970320224762,-0.0866125151515007,0.2702808678150177,0.5443791151046753,-0.12346881628036499,0.35689085721969604,0.6043183207511902,-0.14676597714424133,0.40295475721359253,0.6315239071846008,-0.14726383984088898,0.43542778491973877,0.6551786065101624,-0.14613290131092072,0.24668657779693604,0.60426926612854,-0.10679178684949875,0.34471195936203003,0.6660432815551758,-0.12849926948547363,0.3931572437286377,0.6810052394866943,-0.12121643871068954,0.41844257712364197,0.6836276054382324,-0.11730445921421051,0.2378520369529724,0.6547208428382874,-0.0867423266172409,0.33485013246536255,0.6977110505104065,-0.1023309975862503,0.36273884773254395,0.6825889348983765,-0.090782031416893,0.36597537994384766,0.6611902117729187,-0.0829712525010109,0.24006374180316925,0.6915884613990784,-0.06888659298419952,0.3168002665042877,0.7176461219787598,-0.0836365595459938,0.3394433557987213,0.698498010635376,-0.08039920777082443,0.33984845876693726,0.6774997115135193,-0.07725013047456741,Right,0.9882580637931824
2276,55,0,0.668543815612793,0.5663096904754639,8.915168905332393e-07,0.609851598739624,0.5209639668464661,-0.047583650797605515,0.5445669293403625,0.5379181504249573,-0.07677842676639557,0.4944489002227783,0.5883783102035522,-0.09074204415082932,0.4532114863395691,0.6162613034248352,-0.10106382519006729,0.6113318800926208,0.5713825225830078,-0.12702231109142303,0.5283001661300659,0.6328757405281067,-0.1590583473443985,0.48128873109817505,0.651957631111145,-0.16173118352890015,0.44506293535232544,0.6622309684753418,-0.1589495688676834,0.6323930621147156,0.6403274536132812,-0.10774023085832596,0.5326483249664307,0.6936393976211548,-0.13811135292053223,0.4791002869606018,0.6924965381622314,-0.1318512260913849,0.4461684226989746,0.6761752367019653,-0.1247863695025444,0.6382264494895935,0.6916560530662537,-0.08587854355573654,0.5419127941131592,0.7110626101493835,-0.10424448549747467,0.5151754021644592,0.6847823858261108,-0.09261342883110046,0.5058248043060303,0.658301591873169,-0.08364700525999069,0.6349211931228638,0.7279362082481384,-0.06726949661970139,0.5595029592514038,0.7226461172103882,-0.07922686636447906,0.5404480695724487,0.6970972418785095,-0.07642999291419983,0.5332577228546143,0.6760733127593994,-0.07297366112470627,Left,0.9980312585830688
2276,55,1,0.21218538284301758,0.5198214650154114,-1.5251937668381288e-07,0.27785834670066833,0.48360776901245117,-0.04067324474453926,0.34538888931274414,0.5208457708358765,-0.06414572149515152,0.38355720043182373,0.5885559320449829,-0.0732429176568985,0.4027554392814636,0.6381052136421204,-0.08070013672113419,0.26923102140426636,0.5474926233291626,-0.12099742889404297,0.35933777689933777,0.6095598936080933,-0.14254961907863617,0.40541625022888184,0.6346517205238342,-0.14013901352882385,0.43707749247550964,0.6540394425392151,-0.13635113835334778,0.24581237137317657,0.6059303283691406,-0.10432681441307068,0.3515433073043823,0.6698477268218994,-0.125371053814888,0.39904049038887024,0.6758107542991638,-0.11472240090370178,0.42043811082839966,0.6712293028831482,-0.10719893872737885,0.23745110630989075,0.6533722281455994,-0.08421621471643448,0.33870041370391846,0.6991819143295288,-0.09957924485206604,0.3638897240161896,0.6784372329711914,-0.08531533181667328,0.3618043065071106,0.6543470025062561,-0.07435166835784912,0.24042172729969025,0.6868765354156494,-0.06597869843244553,0.3205452859401703,0.7154541015625,-0.07989701628684998,0.34165817499160767,0.6952553987503052,-0.07495281845331192,0.33844709396362305,0.6754311919212341,-0.06992185860872269,Right,0.9876306653022766
2319,56,0,0.667575478553772,0.5661693811416626,8.283102488348959e-07,0.6096296906471252,0.5209383368492126,-0.04532517120242119,0.5461622476577759,0.5372512340545654,-0.07374143600463867,0.4998662769794464,0.5869805216789246,-0.08777284622192383,0.4584614634513855,0.6110111474990845,-0.09822201728820801,0.6091752648353577,0.5700295567512512,-0.12303195148706436,0.5287074446678162,0.6379141807556152,-0.15521079301834106,0.4825131297111511,0.6566274762153625,-0.1581534892320633,0.4464307725429535,0.6644558310508728,-0.15522001683712006,0.6299905180931091,0.6367266178131104,-0.10481014847755432,0.5346019864082336,0.694726288318634,-0.13465432822704315,0.4832453727722168,0.6956756114959717,-0.12857453525066376,0.45092248916625977,0.6803410649299622,-0.12147456407546997,0.6358364820480347,0.6875889897346497,-0.08413185179233551,0.5432440042495728,0.713330090045929,-0.10216974467039108,0.5147243738174438,0.6896312236785889,-0.09126776456832886,0.5025733113288879,0.663610577583313,-0.08266807347536087,0.6322153806686401,0.7244001626968384,-0.06653914600610733,0.5600571036338806,0.7253320217132568,-0.07807961106300354,0.5398910641670227,0.7011018395423889,-0.0753089040517807,0.5311067700386047,0.6797797083854675,-0.07173486053943634,Left,0.9978493452072144
2319,56,1,0.21411697566509247,0.5209908485412598,-1.6203023278649198e-07,0.2789318859577179,0.4867001175880432,-0.04398193955421448,0.34651216864585876,0.5248943567276001,-0.06960418820381165,0.38740086555480957,0.5899078845977783,-0.0798533633351326,0.41615602374076843,0.6363361477851868,-0.08826623111963272,0.2701385021209717,0.5450718402862549,-0.13060449063777924,0.3589925765991211,0.6094589829444885,-0.15448421239852905,0.40458548069000244,0.6347649693489075,-0.15190629661083221,0.4353347420692444,0.6516221165657043,-0.14727069437503815,0.2467869520187378,0.6046761870384216,-0.11274443566799164,0.3525177836418152,0.6701329350471497,-0.13628174364566803,0.40216416120529175,0.6768561601638794,-0.12519194185733795,0.4254228174686432,0.6694744825363159,-0.11701398342847824,0.23920202255249023,0.6523932218551636,-0.09129919111728668,0.34079939126968384,0.6954712271690369,-0.10792653262615204,0.3678878843784332,0.6772040724754333,-0.09315517544746399,0.3682607114315033,0.6532588005065918,-0.08189590275287628,0.24279385805130005,0.6857197880744934,-0.07192382961511612,0.32282382249832153,0.7107237577438354,-0.08650801330804825,0.3462837338447571,0.6910830736160278,-0.08163350820541382,0.3458639681339264,0.6706357002258301,-0.07670542597770691,Right,0.9866654276847839
2361,57,0,0.6660292744636536,0.5660154819488525,6.853742888779379e-07,0.6073899269104004,0.519709587097168,-0.036644384264945984,0.5413200855255127,0.5396518111228943,-0.05922221764922142,0.4956543743610382,0.5874991416931152,-0.06994343549013138,0.4559526741504669,0.6064708232879639,-0.0784015953540802,0.592893123626709,0.5564151406288147,-0.10364038497209549,0.5317606925964355,0.6392394304275513,-0.13189804553985596,0.48777157068252563,0.6701999306678772,-0.13581664860248566,0.4530286192893982,0.687659740447998,-0.1342555284500122,0.6142817139625549,0.6197509169578552,-0.08961512893438339,0.5375009775161743,0.6893600821495056,-0.11592701077461243,0.4885282516479492,0.7003464102745056,-0.11276519298553467,0.45626503229141235,0.6911702156066895,-0.10818107426166534,0.6237457394599915,0.669900119304657,-0.07353593409061432,0.548265814781189,0.7161884307861328,-0.09004398435354233,0.5083111524581909,0.7071781158447266,-0.08539440482854843,0.48340916633605957,0.6872350573539734,-0.08148731291294098,0.6237658262252808,0.7074449062347412,-0.059701450169086456,0.5645410418510437,0.7225757241249084,-0.07173708081245422,0.5341287851333618,0.7109926342964172,-0.07348660379648209,0.513087809085846,0.6973137855529785,-0.07368718087673187,Left,0.9972949028015137
2361,57,1,0.21594423055648804,0.5258520841598511,-2.7085025067208335e-07,0.27090874314308167,0.48928606510162354,-0.055085550993680954,0.3366744816303253,0.5254243016242981,-0.08409333974123001,0.3819841146469116,0.580102801322937,-0.09487802535295486,0.4176470935344696,0.6186113953590393,-0.10379821062088013,0.24811697006225586,0.5553174018859863,-0.14516179263591766,0.33439022302627563,0.6039119958877563,-0.1726829707622528,0.38600149750709534,0.6191166639328003,-0.17616985738277435,0.427304208278656,0.6321843266487122,-0.17740976810455322,0.2319633960723877,0.6155940294265747,-0.12260520458221436,0.3371277451515198,0.6579427123069763,-0.145583838224411,0.3942255973815918,0.6560691595077515,-0.1375419646501541,0.4317069947719574,0.6459032297134399,-0.13439665734767914,0.23359602689743042,0.6624635457992554,-0.09695369750261307,0.3347342908382416,0.6877712607383728,-0.11297081410884857,0.36529189348220825,0.6670402884483337,-0.09904900938272476,0.3766021728515625,0.6430227160453796,-0.09095139801502228,0.24602365493774414,0.6923543810844421,-0.0746045708656311,0.32205256819725037,0.7046913504600525,-0.09170296043157578,0.34834545850753784,0.6814629435539246,-0.0887436494231224,0.35574859380722046,0.6575519442558289,-0.08612707257270813,Right,0.9935855269432068
2404,58,0,0.6627688407897949,0.5598181486129761,5.772401436843211e-07,0.6062241792678833,0.5146574378013611,-0.03470554202795029,0.5437050461769104,0.5310479402542114,-0.055476970970630646,0.5017598271369934,0.5760102272033691,-0.06473454087972641,0.4627135396003723,0.5892935991287231,-0.07269478589296341,0.586918294429779,0.5575502514839172,-0.09686153382062912,0.5359907746315002,0.6401054263114929,-0.12467717379331589,0.49338746070861816,0.6662402153015137,-0.13109050691127777,0.4582025408744812,0.6780858039855957,-0.1311655193567276,0.6086788177490234,0.6141630411148071,-0.08332623541355133,0.5446377992630005,0.6889619827270508,-0.10654319822788239,0.4988500773906708,0.6989498734474182,-0.1037612110376358,0.4687650203704834,0.6889846920967102,-0.09993577748537064,0.6194424629211426,0.6566946506500244,-0.06811809539794922,0.5593023896217346,0.7142869234085083,-0.08278340846300125,0.5204916596412659,0.711733877658844,-0.07918157428503036,0.49562883377075195,0.6936960220336914,-0.07551462948322296,0.6218788623809814,0.686849057674408,-0.054888270795345306,0.5743056535720825,0.7211344838142395,-0.06585034728050232,0.5416954755783081,0.7174457311630249,-0.06758633255958557,0.5176103711128235,0.7061841487884521,-0.06730150431394577,Left,0.9969167709350586
2404,58,1,0.21581760048866272,0.5267577767372131,-4.7413956849595706e-07,0.26502594351768494,0.49289679527282715,-0.05394868552684784,0.32324254512786865,0.5210907459259033,-0.08497414737939835,0.37214329838752747,0.5680004954338074,-0.10010559111833572,0.41832566261291504,0.5908327102661133,-0.1134185716509819,0.22705259919166565,0.5631913542747498,-0.12792712450027466,0.31498047709465027,0.6066078543663025,-0.16057942807674408,0.3733466565608978,0.6204788088798523,-0.1707565039396286,0.4177212715148926,0.6328189969062805,-0.17657500505447388,0.21864137053489685,0.6234219074249268,-0.10761018097400665,0.3220040798187256,0.6483277678489685,-0.13384969532489777,0.3806943893432617,0.6416651010513306,-0.1311446577310562,0.41817519068717957,0.634239912033081,-0.13202089071273804,0.22447997331619263,0.6632062196731567,-0.08583737164735794,0.32138410210609436,0.6777351498603821,-0.1085306778550148,0.361209899187088,0.6580919027328491,-0.09982149302959442,0.3832157254219055,0.6441126465797424,-0.09497448056936264,0.23833289742469788,0.6885213255882263,-0.06691936403512955,0.31010428071022034,0.6930903792381287,-0.08689604699611664,0.3407685160636902,0.6730648279190063,-0.08486279845237732,0.3546544313430786,0.6572458148002625,-0.08288352936506271,Right,0.9957811236381531
2446,59,0,0.6506950855255127,0.5575605034828186,6.340581535368983e-07,0.6004794239997864,0.4996846616268158,-0.03516282141208649,0.543642520904541,0.5039718151092529,-0.05670837685465813,0.5072391033172607,0.5479580760002136,-0.06783545017242432,0.4687155485153198,0.5679051280021667,-0.07814876735210419,0.5843983888626099,0.5628511309623718,-0.09058861434459686,0.5348250865936279,0.6307738423347473,-0.115254245698452,0.4907636046409607,0.6486169099807739,-0.11936663836240768,0.4575868248939514,0.6514049172401428,-0.1176791712641716,0.6032227873802185,0.6164771914482117,-0.07684321701526642,0.5347225666046143,0.6804178357124329,-0.0987444519996643,0.4878135323524475,0.6818611025810242,-0.0966823548078537,0.4617285132408142,0.6649550199508667,-0.09260820597410202,0.6108875274658203,0.6520755887031555,-0.061506979167461395,0.5445988178253174,0.7085027694702148,-0.07832580804824829,0.5028224587440491,0.7001938819885254,-0.07770512253046036,0.4791949987411499,0.6771946549415588,-0.07475896924734116,0.6121941804885864,0.6753454804420471,-0.04743368923664093,0.5580865144729614,0.7164977788925171,-0.0618736706674099,0.5234218239784241,0.7089332938194275,-0.06520536541938782,0.5015183687210083,0.690020740032196,-0.06478376686573029,Left,0.9981606602668762
2446,59,1,0.2158467024564743,0.5433130860328674,-3.9362967640954594e-07,0.24754194915294647,0.5023208260536194,-0.07937335222959518,0.3002687096595764,0.5154491662979126,-0.12758123874664307,0.356881320476532,0.55155348777771,-0.1530265212059021,0.405830442905426,0.5798702239990234,-0.175509512424469,0.19914191961288452,0.5684269666671753,-0.17543525993824005,0.29019784927368164,0.5980823040008545,-0.21734002232551575,0.34937813878059387,0.6051125526428223,-0.2293940633535385,0.3946349620819092,0.6122840046882629,-0.2360364943742752,0.20243336260318756,0.6324712038040161,-0.1431853473186493,0.3023616671562195,0.6468319892883301,-0.1790865659713745,0.3632117509841919,0.6353482604026794,-0.17646898329257965,0.40196168422698975,0.622448205947876,-0.1782471090555191,0.22247472405433655,0.6742972135543823,-0.10939440131187439,0.3136575222015381,0.6717700958251953,-0.1382579207420349,0.3537403345108032,0.6454526782035828,-0.12929904460906982,0.3754459619522095,0.6272754669189453,-0.12657861411571503,0.248269185423851,0.6980378031730652,-0.08001512289047241,0.3103499412536621,0.6832519769668579,-0.10753041505813599,0.33840805292129517,0.6559892892837524,-0.10821599513292313,0.35274267196655273,0.637810230255127,-0.10864537954330444,Right,0.9942629337310791
2488,60,0,0.6485825181007385,0.5563973784446716,6.557320944011735e-07,0.6021691560745239,0.49420303106307983,-0.03976308926939964,0.5504963994026184,0.48709139227867126,-0.0615270622074604,0.5150741934776306,0.5265358090400696,-0.07246258854866028,0.48209190368652344,0.5630319714546204,-0.08116699010133743,0.5854624509811401,0.5770018100738525,-0.08091738820075989,0.5388710498809814,0.6129698753356934,-0.1035083755850792,0.4956792891025543,0.6220421195030212,-0.1080649346113205,0.46553394198417664,0.6184571981430054,-0.10738720744848251,0.5953913331031799,0.6343876719474792,-0.06453712284564972,0.530785322189331,0.6723637580871582,-0.08503194153308868,0.48389574885368347,0.668153703212738,-0.08413612097501755,0.4581824839115143,0.6489487886428833,-0.08069698512554169,0.5968360304832458,0.6667720079421997,-0.047943711280822754,0.5344974398612976,0.7005438804626465,-0.06621263921260834,0.49223798513412476,0.6867949366569519,-0.06843199580907822,0.46854645013809204,0.6628252863883972,-0.06697271764278412,0.5938214063644409,0.6805434823036194,-0.03296920284628868,0.5426024794578552,0.7006585001945496,-0.049930132925510406,0.5080461502075195,0.687202513217926,-0.055798254907131195,0.486599326133728,0.665209949016571,-0.05652642995119095,Left,0.9960335493087769
2488,60,1,0.22296813130378723,0.5409808158874512,-4.605564924986538e-07,0.2491724193096161,0.5044630169868469,-0.07896856218576431,0.29908308386802673,0.515532374382019,-0.12963838875293732,0.35788774490356445,0.5470603704452515,-0.1586177796125412,0.4033540189266205,0.5778431296348572,-0.18548057973384857,0.19193050265312195,0.5653283596038818,-0.17400386929512024,0.2871619462966919,0.5932018160820007,-0.21646974980831146,0.34670090675354004,0.5990573167800903,-0.22765710949897766,0.392691969871521,0.6021280884742737,-0.2326202690601349,0.19347673654556274,0.6285715699195862,-0.1428762674331665,0.2922218441963196,0.6415327787399292,-0.1842019259929657,0.35563868284225464,0.629033625125885,-0.1864931285381317,0.39684537053108215,0.6134248971939087,-0.1897287219762802,0.21378423273563385,0.6729763746261597,-0.10986048728227615,0.3097858726978302,0.6696786880493164,-0.14532050490379333,0.36024126410484314,0.6425460577011108,-0.14534087479114532,0.39083561301231384,0.6210563778877258,-0.1467408984899521,0.23969921469688416,0.697887122631073,-0.08029752969741821,0.3096124231815338,0.6812176704406738,-0.11230214685201645,0.34735238552093506,0.6523875594139099,-0.11793690919876099,0.3705855906009674,0.6327780485153198,-0.12060056626796722,Right,0.9827111959457397
2529,61,0,0.6530154347419739,0.5540148615837097,6.234776606106607e-07,0.6122553944587708,0.49058040976524353,-0.05039341747760773,0.5610067844390869,0.4860772490501404,-0.07555394619703293,0.5240320563316345,0.5259518623352051,-0.0867290198802948,0.4906477928161621,0.5654699206352234,-0.0954727753996849,0.5921095013618469,0.5856473445892334,-0.09314212948083878,0.5442829728126526,0.612848699092865,-0.11827871948480606,0.5033085942268372,0.6171228289604187,-0.12652023136615753,0.4742315411567688,0.6114962100982666,-0.1290181577205658,0.5957103967666626,0.6377452611923218,-0.07119286060333252,0.5316011309623718,0.6699498891830444,-0.09502506256103516,0.4876471161842346,0.6607086658477783,-0.09885775297880173,0.46375715732574463,0.6389568448066711,-0.0988718718290329,0.5918898582458496,0.6644396781921387,-0.04910305142402649,0.5336552262306213,0.6892006397247314,-0.07029062509536743,0.4940245449542999,0.6717574596405029,-0.07571813464164734,0.47151660919189453,0.647938072681427,-0.0770244300365448,0.5864508748054504,0.6729772686958313,-0.029210038483142853,0.5387277603149414,0.6793640851974487,-0.04903518408536911,0.5092192888259888,0.6594480872154236,-0.05664786323904991,0.4911500811576843,0.6351591348648071,-0.05885656177997589,Left,0.9957796335220337
2529,61,1,0.22056713700294495,0.5623962879180908,-5.311115387485188e-07,0.25464558601379395,0.5079845190048218,-0.06758445501327515,0.29676327109336853,0.5076682567596436,-0.11467412859201431,0.3357444405555725,0.5391119122505188,-0.14394818246364594,0.3633958101272583,0.5799362063407898,-0.1742430031299591,0.21796604990959167,0.5178412199020386,-0.1601848006248474,0.3116239011287689,0.5497279167175293,-0.20245370268821716,0.363995760679245,0.564574658870697,-0.21630318462848663,0.3988614082336426,0.5736303329467773,-0.22349603474140167,0.21262849867343903,0.5788823366165161,-0.13950738310813904,0.31322184205055237,0.6114566922187805,-0.1770646572113037,0.37548327445983887,0.6118147373199463,-0.1818920075893402,0.4162747859954834,0.6069253087043762,-0.18830813467502594,0.2239440679550171,0.63490229845047,-0.11683029681444168,0.3185158371925354,0.6535135507583618,-0.15012699365615845,0.3709019124507904,0.6332008838653564,-0.15049155056476593,0.40224453806877136,0.6160627603530884,-0.15270191431045532,0.24195143580436707,0.677635133266449,-0.09730282425880432,0.3173636496067047,0.6724149584770203,-0.12859055399894714,0.35959121584892273,0.6464502215385437,-0.1334563046693802,0.3839108943939209,0.6273790597915649,-0.13596759736537933,Right,0.9849647283554077
2571,62,0,0.6617407202720642,0.5599405169487,5.645838996315433e-07,0.6191872954368591,0.4936814308166504,-0.04358780384063721,0.5647352337837219,0.48890161514282227,-0.06391943246126175,0.5293419361114502,0.5295537114143372,-0.07270606607198715,0.4953365623950958,0.5659666657447815,-0.0796663761138916,0.5948696136474609,0.5928578972816467,-0.07579904049634933,0.5538228154182434,0.6189742684364319,-0.09862695634365082,0.5149863958358765,0.6237362623214722,-0.10833542048931122,0.4850831925868988,0.6183246374130249,-0.11276104301214218,0.596364438533783,0.6422473788261414,-0.05825292691588402,0.5314146876335144,0.67115318775177,-0.07818906009197235,0.4881678521633148,0.6600428819656372,-0.08349679410457611,0.46368569135665894,0.635202944278717,-0.08522485941648483,0.5920630097389221,0.6646201610565186,-0.04103380814194679,0.5313430428504944,0.6886287927627563,-0.06008642166852951,0.49217045307159424,0.6699288487434387,-0.06713482737541199,0.4692049026489258,0.6445299983024597,-0.06999917328357697,0.5872137546539307,0.6692054867744446,-0.02577676996588707,0.5389752984046936,0.675666332244873,-0.04516422003507614,0.510395884513855,0.6561203598976135,-0.05318380519747734,0.4919545650482178,0.6331419944763184,-0.05582137405872345,Left,0.991949737071991
2571,62,1,0.2297498881816864,0.5458612442016602,-5.074397790849616e-07,0.2559576630592346,0.49634167551994324,-0.05891263484954834,0.30525243282318115,0.4979258179664612,-0.10421156883239746,0.351396381855011,0.5280287861824036,-0.13364584743976593,0.38673627376556396,0.5648090839385986,-0.16436879336833954,0.23280854523181915,0.4952562749385834,-0.15584690868854523,0.3207245469093323,0.5231099128723145,-0.19744323194026947,0.3692997694015503,0.5426766276359558,-0.21000131964683533,0.401472806930542,0.5594850778579712,-0.2162937968969345,0.22598712146282196,0.5580905675888062,-0.13932880759239197,0.3214716911315918,0.5878061056137085,-0.1763123869895935,0.382596492767334,0.5977909564971924,-0.17923830449581146,0.4224544167518616,0.5999932289123535,-0.1846114546060562,0.2329130619764328,0.6154829859733582,-0.12021028995513916,0.3220081925392151,0.6338847875595093,-0.1546069234609604,0.372407466173172,0.6264582276344299,-0.15745209157466888,0.40209221839904785,0.619259238243103,-0.16122940182685852,0.24319607019424438,0.658935010433197,-0.10290851444005966,0.3130943775177002,0.6624529957771301,-0.13302195072174072,0.3536478877067566,0.6459813117980957,-0.13776704668998718,0.3762005567550659,0.6328970789909363,-0.14071868360042572,Right,0.9833461046218872
2613,63,0,0.6599626541137695,0.5602064728736877,5.556890414482041e-07,0.6148378252983093,0.4937551021575928,-0.039794277399778366,0.5618071556091309,0.4919933080673218,-0.059404924511909485,0.5278368592262268,0.5361199975013733,-0.06862501800060272,0.4948383569717407,0.5731170773506165,-0.07634725421667099,0.6019299626350403,0.5889731049537659,-0.0764157772064209,0.566668689250946,0.6281962990760803,-0.10101380199193954,0.5286217331886292,0.6337801218032837,-0.11042750626802444,0.4988901615142822,0.6281653046607971,-0.11423943191766739,0.6026932001113892,0.6394792199134827,-0.061606116592884064,0.5350565314292908,0.673448920249939,-0.08462481945753098,0.48895737528800964,0.6622036099433899,-0.09056510776281357,0.4644004702568054,0.6355104446411133,-0.0923164114356041,0.5960119366645813,0.6642382740974426,-0.04665451869368553,0.5324777960777283,0.6949026584625244,-0.0670182853937149,0.49061861634254456,0.6767643094062805,-0.07434799522161484,0.4676358699798584,0.6494207382202148,-0.07702063024044037,0.5876569151878357,0.6726818084716797,-0.03345046937465668,0.5398377180099487,0.6884145736694336,-0.05301079899072647,0.5082240104675293,0.6713774800300598,-0.061289574950933456,0.4887003004550934,0.6484199166297913,-0.06408970057964325,Left,0.996824324131012
2613,63,1,0.2325056791305542,0.5702024698257446,-4.722369908449764e-07,0.2718591094017029,0.5258851051330566,-0.03364014998078346,0.3192088007926941,0.5018420219421387,-0.07045965641736984,0.35855063796043396,0.512333333492279,-0.09894843399524689,0.39061108231544495,0.5300806164741516,-0.1309051513671875,0.2517390251159668,0.45944738388061523,-0.12706969678401947,0.3288072347640991,0.4888498783111572,-0.16788774728775024,0.3744434118270874,0.5215911865234375,-0.18459473550319672,0.4057963490486145,0.5469053983688354,-0.1937832534313202,0.23206722736358643,0.5123327970504761,-0.12405401468276978,0.3237578868865967,0.5572338700294495,-0.15816861391067505,0.3878329396247864,0.5872584581375122,-0.16360042989253998,0.4337160587310791,0.5975920557975769,-0.17156542837619781,0.22227522730827332,0.5722959637641907,-0.11775287240743637,0.3155395984649658,0.6089304089546204,-0.1489163637161255,0.37309515476226807,0.6238141655921936,-0.1543399840593338,0.4101954698562622,0.6267399787902832,-0.1601569652557373,0.21742531657218933,0.6292627453804016,-0.1116546243429184,0.29785674810409546,0.6463279724121094,-0.13249675929546356,0.34663981199264526,0.6448968648910522,-0.13448366522789001,0.37899523973464966,0.6379459500312805,-0.13823094964027405,Right,0.9890204668045044
2654,64,0,0.6655392050743103,0.5674213767051697,5.54294047105941e-07,0.6211777925491333,0.49948805570602417,-0.04286171868443489,0.5658491253852844,0.49998462200164795,-0.06399808079004288,0.52970951795578,0.5464637875556946,-0.0739450678229332,0.4943472146987915,0.5835576057434082,-0.08234933763742447,0.6090591549873352,0.5917262434959412,-0.08022834360599518,0.581037163734436,0.6293116807937622,-0.10692674666643143,0.54502934217453,0.6438659429550171,-0.11893385648727417,0.5136317610740662,0.647251546382904,-0.1253209412097931,0.6089091897010803,0.6448066234588623,-0.06504552811384201,0.544451892375946,0.6788529753684998,-0.09006471931934357,0.49686822295188904,0.6674908399581909,-0.09744711965322495,0.4671494960784912,0.6404363512992859,-0.1005401462316513,0.6005367040634155,0.6704784631729126,-0.049959976226091385,0.5355222821235657,0.6949554681777954,-0.07340919971466064,0.4923171401023865,0.6741728186607361,-0.08204220980405807,0.46675756573677063,0.6455597877502441,-0.08549532294273376,0.5899263024330139,0.6783281564712524,-0.036731500178575516,0.5406187176704407,0.6865583658218384,-0.05904946103692055,0.5106155276298523,0.6666508913040161,-0.06818031519651413,0.491193026304245,0.6435691714286804,-0.07160136848688126,Left,0.9972554445266724
2654,64,1,0.2347477376461029,0.5916858315467834,7.966327189024014e-07,0.27375563979148865,0.5357345938682556,-0.052319467067718506,0.31260496377944946,0.5054546594619751,-0.10301917791366577,0.3558679223060608,0.5215056538581848,-0.14734980463981628,0.38705235719680786,0.5445969104766846,-0.1925155073404312,0.2663622796535492,0.4420139789581299,-0.12072832137346268,0.3473135232925415,0.47817933559417725,-0.18334202468395233,0.39886045455932617,0.5187362432479858,-0.220832958817482,0.4338529109954834,0.5456696152687073,-0.24185845255851746,0.23942947387695312,0.5013454556465149,-0.12114694714546204,0.33734872937202454,0.5387148261070251,-0.18699604272842407,0.3974229097366333,0.5775699615478516,-0.20865516364574432,0.4365741014480591,0.5990045070648193,-0.21878480911254883,0.22984984517097473,0.5639059543609619,-0.12364090979099274,0.3252778649330139,0.6008512377738953,-0.17975163459777832,0.3824179768562317,0.6225928068161011,-0.1854366809129715,0.4162982702255249,0.6345076560974121,-0.18170882761478424,0.23104742169380188,0.61882483959198,-0.12947215139865875,0.3080456554889679,0.6383388042449951,-0.16311012208461761,0.35516250133514404,0.6431208252906799,-0.16451437771320343,0.38732200860977173,0.6434361338615417,-0.1621420681476593,Right,0.9962431192398071
2696,65,0,0.6652865409851074,0.5613871216773987,5.929938424742431e-07,0.625939667224884,0.5037389993667603,-0.04305754601955414,0.5758908987045288,0.5050814151763916,-0.06503938138484955,0.5414654016494751,0.549942135810852,-0.07575134932994843,0.5070840716362,0.5845208764076233,-0.08492474257946014,0.6265048384666443,0.6025841236114502,-0.08169551938772202,0.6120787262916565,0.6494971513748169,-0.11068936437368393,0.5794184803962708,0.669074296951294,-0.12527596950531006,0.5490325093269348,0.6740663051605225,-0.13292443752288818,0.6252104043960571,0.6519654989242554,-0.06588653475046158,0.5614425539970398,0.6874518990516663,-0.09093007445335388,0.5115571022033691,0.6742468476295471,-0.0982222706079483,0.48020654916763306,0.6428908109664917,-0.10135870426893234,0.6145440340042114,0.6755671501159668,-0.05023977905511856,0.5491776466369629,0.6996731758117676,-0.07345573604106903,0.5054811835289001,0.6802901029586792,-0.0814962238073349,0.4797977805137634,0.6514473557472229,-0.08447162061929703,0.6017041802406311,0.6836943626403809,-0.036502618342638016,0.5533360838890076,0.6919960975646973,-0.05766129493713379,0.5238527059555054,0.6733233332633972,-0.06548579037189484,0.5055717825889587,0.651624858379364,-0.06789172440767288,Left,0.9971173405647278
2696,65,1,0.23846621811389923,0.58164381980896,8.119952781271422e-07,0.2715654969215393,0.5246464610099792,-0.045408133417367935,0.3125796616077423,0.49838531017303467,-0.0936659425497055,0.357209175825119,0.5214496850967407,-0.13701167702674866,0.3887302279472351,0.5502311587333679,-0.18167033791542053,0.26973405480384827,0.45645734667778015,-0.11354301869869232,0.3545297682285309,0.4860243797302246,-0.1733410656452179,0.4066239893436432,0.5278759598731995,-0.21045935153961182,0.4419111907482147,0.5599902272224426,-0.23116746544837952,0.24201545119285583,0.5210666060447693,-0.11733724921941757,0.34149646759033203,0.5554971098899841,-0.1770215481519699,0.40195155143737793,0.5883283019065857,-0.1952713429927826,0.4408968389034271,0.6069549322128296,-0.20417018234729767,0.23410195112228394,0.5874665379524231,-0.1230279952287674,0.3303065299987793,0.6162759065628052,-0.1727006733417511,0.38857483863830566,0.627577543258667,-0.17363466322422028,0.42240047454833984,0.6328821182250977,-0.16800624132156372,0.2378731220960617,0.642997145652771,-0.13204434514045715,0.31469231843948364,0.6569551229476929,-0.16060511767864227,0.3631339371204376,0.6552653312683105,-0.15728428959846497,0.395265132188797,0.6505868434906006,-0.15220440924167633,Right,0.996932864189148
2737,66,0,0.6588425040245056,0.5497637987136841,5.546141323975462e-07,0.624316394329071,0.5016175508499146,-0.05140756815671921,0.5717518329620361,0.5172279477119446,-0.07392368465662003,0.5354148745536804,0.56175297498703,-0.08232913911342621,0.5018168687820435,0.5931061506271362,-0.08804868161678314,0.6290799975395203,0.6213287711143494,-0.088761106133461,0.6036554574966431,0.6594946980476379,-0.11856439709663391,0.5674041509628296,0.6718147397041321,-0.1337193101644516,0.5355907678604126,0.6710101366043091,-0.14238937199115753,0.6237319111824036,0.6642789244651794,-0.06844232976436615,0.5603830814361572,0.6912269592285156,-0.09801308065652847,0.5139635801315308,0.6751835942268372,-0.10811110585927963,0.48307889699935913,0.6479411125183105,-0.11252376437187195,0.6103198528289795,0.6841593980789185,-0.048933226615190506,0.546964168548584,0.6981157660484314,-0.0776384025812149,0.504282534122467,0.6753466725349426,-0.08751211315393448,0.4769677519798279,0.6503033638000488,-0.09125145524740219,0.5976423025131226,0.6890539526939392,-0.031806912273168564,0.5490564107894897,0.6867257356643677,-0.05976833775639534,0.5237822532653809,0.664829432964325,-0.07155880331993103,0.5062417984008789,0.6455171704292297,-0.07619300484657288,Left,0.993979811668396
2737,66,1,0.24208146333694458,0.5930854082107544,7.625364446539606e-07,0.28100135922431946,0.5404098033905029,-0.04142091050744057,0.3256903886795044,0.5142024755477905,-0.08211937546730042,0.37818193435668945,0.5335631966590881,-0.11794004589319229,0.4240976572036743,0.5550122261047363,-0.15425021946430206,0.26618242263793945,0.4875229597091675,-0.09752973914146423,0.3466603755950928,0.5146257877349854,-0.14617982506752014,0.39710918068885803,0.5512235760688782,-0.17948246002197266,0.43436312675476074,0.5806368589401245,-0.19929783046245575,0.24248768389225006,0.5546920299530029,-0.09961167722940445,0.3353427052497864,0.5838125348091125,-0.14567060768604279,0.39270299673080444,0.607698917388916,-0.16043439507484436,0.4304938018321991,0.6232776045799255,-0.17035485804080963,0.23715782165527344,0.6193901896476746,-0.10331867635250092,0.3286786377429962,0.6422902941703796,-0.14008308947086334,0.3815256357192993,0.6450480222702026,-0.1366824507713318,0.4118610620498657,0.6477139592170715,-0.1318172961473465,0.24465149641036987,0.6693351864814758,-0.11083637923002243,0.3193148672580719,0.680883526802063,-0.13013136386871338,0.36174678802490234,0.6751166582107544,-0.12219648063182831,0.3870885670185089,0.6703144311904907,-0.11614790558815002,Right,0.9960423707962036
2779,67,0,0.6390843987464905,0.5400497913360596,6.221836770237132e-07,0.617297887802124,0.5025067329406738,-0.06038813292980194,0.5746963024139404,0.5215633511543274,-0.09064121544361115,0.5341189503669739,0.5651048421859741,-0.10524486750364304,0.49944859743118286,0.5989152193069458,-0.11627710610628128,0.6390400528907776,0.622543454170227,-0.10828975588083267,0.6104397177696228,0.6627124547958374,-0.14493416249752045,0.5732542276382446,0.6749512553215027,-0.1628601998090744,0.5392167568206787,0.6742099523544312,-0.17308369278907776,0.6244745254516602,0.6640226244926453,-0.08470595628023148,0.5606774687767029,0.6892849802970886,-0.12128996849060059,0.5124660134315491,0.6723027229309082,-0.13194821774959564,0.4779980182647705,0.644886314868927,-0.13666948676109314,0.6038197875022888,0.6816546320915222,-0.0622284859418869,0.5401179790496826,0.6906989812850952,-0.0976061001420021,0.4995056986808777,0.6674347519874573,-0.10722635686397552,0.4731224775314331,0.6432753205299377,-0.11016783118247986,0.5854514837265015,0.682881772518158,-0.04257557541131973,0.5337857604026794,0.6735117435455322,-0.07465305179357529,0.5067351460456848,0.6496975421905518,-0.08773461729288101,0.4869946241378784,0.6305791735649109,-0.09304380416870117,Left,0.9908238649368286
2779,67,1,0.2545495927333832,0.6176940202713013,5.410179255704861e-07,0.3010953962802887,0.5662823915481567,-0.03372398391366005,0.35293805599212646,0.5276934504508972,-0.06568530201911926,0.40203842520713806,0.5202677249908447,-0.0936279222369194,0.4440438747406006,0.5060350894927979,-0.12240920960903168,0.2769944667816162,0.5107583999633789,-0.08185600489377975,0.3512721657752991,0.5610923767089844,-0.12981030344963074,0.39079925417900085,0.6042131185531616,-0.1653095781803131,0.41018491983413696,0.6438518762588501,-0.18521952629089355,0.24687376618385315,0.5741549730300903,-0.08484657108783722,0.33440232276916504,0.6079412698745728,-0.12419158965349197,0.3874126076698303,0.635794997215271,-0.1405584216117859,0.41220536828041077,0.6666514277458191,-0.15302716195583344,0.23498421907424927,0.6359854936599731,-0.08908661454916,0.3211417496204376,0.6581474542617798,-0.12034134566783905,0.366995245218277,0.669366180896759,-0.1153184324502945,0.382741779088974,0.684720516204834,-0.11081883311271667,0.23355047404766083,0.6868881583213806,-0.09631792455911636,0.3015022575855255,0.6986572742462158,-0.1146082729101181,0.3398103713989258,0.6976851224899292,-0.10464415699243546,0.3561040163040161,0.7022873759269714,-0.09703691303730011,Right,0.9964905977249146
2821,68,0,0.6306872367858887,0.5326581597328186,5.729820600208768e-07,0.6128853559494019,0.5019397735595703,-0.05782538279891014,0.5824863910675049,0.521080732345581,-0.08695444464683533,0.5437224507331848,0.56087327003479,-0.1006794273853302,0.5078321695327759,0.5902848243713379,-0.11066250503063202,0.6443761587142944,0.6312642097473145,-0.09889832884073257,0.6026839017868042,0.6603550910949707,-0.13011465966701508,0.5655899047851562,0.6676320433616638,-0.14366579055786133,0.5323212146759033,0.6650054454803467,-0.15203405916690826,0.6303841471672058,0.6731148362159729,-0.07674656063318253,0.5611246228218079,0.6897493004798889,-0.10821863263845444,0.5135762691497803,0.6690378785133362,-0.11663170903921127,0.47934243083000183,0.6466962695121765,-0.12077169120311737,0.6116846203804016,0.6907256841659546,-0.05597732588648796,0.5467644929885864,0.6938656568527222,-0.08891654759645462,0.5048164129257202,0.669891893863678,-0.09744367003440857,0.4769664406776428,0.6508910059928894,-0.1001235842704773,0.5937038660049438,0.6898679733276367,-0.037881944328546524,0.5446090698242188,0.680483341217041,-0.06832010298967361,0.5177862644195557,0.6567451357841492,-0.08044798672199249,0.4993401765823364,0.6401515603065491,-0.08526114374399185,Left,0.9976202845573425
2821,68,1,0.24320973455905914,0.5742663145065308,2.3668053472647443e-07,0.28920885920524597,0.5452743172645569,-0.046915218234062195,0.3324998915195465,0.5313263535499573,-0.0849805548787117,0.37525486946105957,0.5284574031829834,-0.11625771969556808,0.4082089066505432,0.5001817345619202,-0.14821414649486542,0.2617284655570984,0.549744188785553,-0.10620836913585663,0.32175275683403015,0.617171049118042,-0.15642234683036804,0.3681606352329254,0.6544386148452759,-0.19619621336460114,0.3966982960700989,0.6833767294883728,-0.22139622271060944,0.24456992745399475,0.6148536205291748,-0.10534217953681946,0.3220846951007843,0.673903226852417,-0.15176498889923096,0.38036662340164185,0.6951401233673096,-0.17517010867595673,0.4183916747570038,0.7132439017295837,-0.19490709900856018,0.24228912591934204,0.6659508943557739,-0.10475463420152664,0.32036617398262024,0.7189885377883911,-0.1441260725259781,0.36707764863967896,0.7252238392829895,-0.14889921247959137,0.3927956223487854,0.7309765815734863,-0.15282072126865387,0.24848993122577667,0.703176736831665,-0.10808105766773224,0.31135618686676025,0.7431877851486206,-0.1334516704082489,0.3444150984287262,0.7456542253494263,-0.13022302091121674,0.36185020208358765,0.7478498220443726,-0.12948709726333618,Right,0.8424859642982483
2863,69,0,0.6646148562431335,0.5375056266784668,5.619222633868048e-07,0.6306842565536499,0.5046628713607788,-0.06581920385360718,0.5886272192001343,0.5202916264533997,-0.09827248752117157,0.5470069050788879,0.5646750926971436,-0.1134076863527298,0.511890172958374,0.6041348576545715,-0.12545530498027802,0.6342565417289734,0.635543167591095,-0.10744692385196686,0.5617826581001282,0.6668478846549988,-0.1362297087907791,0.5133432149887085,0.663537323474884,-0.14808765053749084,0.4763236343860626,0.6553312540054321,-0.154160276055336,0.6384401321411133,0.6791632175445557,-0.07829303294420242,0.5590474009513855,0.6997932195663452,-0.10293697565793991,0.5087257623672485,0.6771336197853088,-0.10571060329675674,0.47495037317276,0.6518418192863464,-0.10685012489557266,0.6317398548126221,0.6963676810264587,-0.0506189800798893,0.5544040203094482,0.7041124105453491,-0.07793385535478592,0.5133040547370911,0.681882381439209,-0.08327298611402512,0.4852065443992615,0.6587132811546326,-0.08420996367931366,0.6186075806617737,0.6960622668266296,-0.026302065700292587,0.562046229839325,0.6889867782592773,-0.04991692304611206,0.5336678624153137,0.6663354635238647,-0.05876729637384415,0.5137773752212524,0.6480110883712769,-0.06212727725505829,Left,0.9984723925590515
2863,69,1,0.22993890941143036,0.5566385984420776,-2.506325245121843e-07,0.27105286717414856,0.5136339664459229,-0.07342115044593811,0.3073807656764984,0.5085074305534363,-0.12109120935201645,0.3207652270793915,0.5304064154624939,-0.1512448489665985,0.3218313753604889,0.5523470640182495,-0.17965444922447205,0.2438545972108841,0.6095099449157715,-0.1496257185935974,0.3198992609977722,0.6795124411582947,-0.19379058480262756,0.37149569392204285,0.7005892992019653,-0.21147319674491882,0.4118976593017578,0.7073341608047485,-0.21883410215377808,0.2337639331817627,0.6604045033454895,-0.119392029941082,0.3290152847766876,0.7054526209831238,-0.1555621176958084,0.37839946150779724,0.679524838924408,-0.15699298679828644,0.4063490033149719,0.6416817307472229,-0.15649133920669556,0.23802098631858826,0.6936787962913513,-0.08948645740747452,0.32777324318885803,0.7196722030639648,-0.11910752952098846,0.36406898498535156,0.6787388920783997,-0.11636011302471161,0.3797711730003357,0.6374374032020569,-0.11202883720397949,0.2484108805656433,0.7135767936706543,-0.06378278136253357,0.31275421380996704,0.7187539339065552,-0.0876074880361557,0.34263110160827637,0.6892961859703064,-0.09123571962118149,0.35502803325653076,0.6612398028373718,-0.0909147709608078,Right,0.9932891130447388
2903,70,0,0.6768671274185181,0.5477511882781982,7.226558977890818e-07,0.6324877142906189,0.5086486339569092,-0.06000461429357529,0.5844171643257141,0.5215458869934082,-0.09364534914493561,0.5443119406700134,0.567351222038269,-0.11046597361564636,0.5115117430686951,0.6114296317100525,-0.12409363687038422,0.6456641554832458,0.6148805618286133,-0.11863123625516891,0.5815935134887695,0.6629841923713684,-0.15205299854278564,0.5313404202461243,0.6745517253875732,-0.1655498743057251,0.49087926745414734,0.6754581332206726,-0.17255748808383942,0.6526298522949219,0.668940544128418,-0.09242796897888184,0.5688450336456299,0.698878288269043,-0.11954624205827713,0.5132981538772583,0.6871265769004822,-0.12283141911029816,0.47495177388191223,0.6678791642189026,-0.12539464235305786,0.6469531059265137,0.6967633962631226,-0.06599722802639008,0.5690571069717407,0.7112436890602112,-0.09064421057701111,0.522847592830658,0.6975014805793762,-0.09419596195220947,0.49125203490257263,0.6779177188873291,-0.09651102870702744,0.6355565190315247,0.7040384411811829,-0.042534828186035156,0.5770320892333984,0.705459475517273,-0.06571980565786362,0.544201672077179,0.6905536651611328,-0.07470947504043579,0.5205048322677612,0.6741604804992676,-0.07915285974740982,Left,0.997637152671814
2903,70,1,0.22538802027702332,0.5479562878608704,-2.668424485818832e-07,0.259924054145813,0.5120458602905273,-0.08035428822040558,0.2911919057369232,0.5180399417877197,-0.12365467101335526,0.3193548917770386,0.5530348420143127,-0.14838741719722748,0.34798604249954224,0.5926271677017212,-0.170377716422081,0.2460850179195404,0.6410267949104309,-0.1331843137741089,0.3222930133342743,0.6964341998100281,-0.17051120102405548,0.3729935884475708,0.700569212436676,-0.18373392522335052,0.4138992428779602,0.6919323205947876,-0.18785758316516876,0.24048271775245667,0.6872111558914185,-0.09862226992845535,0.33185070753097534,0.717984676361084,-0.1339160054922104,0.3842472732067108,0.6912363171577454,-0.1417892873287201,0.41879019141197205,0.6586226224899292,-0.14483727514743805,0.24908539652824402,0.7123405933380127,-0.0655626729130745,0.33564162254333496,0.7205985188484192,-0.09942495077848434,0.3713951110839844,0.673171877861023,-0.10597721487283707,0.3893822431564331,0.6289090514183044,-0.10607864707708359,0.2643275558948517,0.7223626375198364,-0.036862604320049286,0.3277134895324707,0.7158611416816711,-0.06861746311187744,0.3545496463775635,0.680296778678894,-0.07943686842918396,0.36848652362823486,0.647320568561554,-0.0821123793721199,Right,0.9957772493362427
2945,71,0,0.6781253814697266,0.5474990010261536,8.054869340412552e-07,0.6302512288093567,0.511157214641571,-0.057284485548734665,0.5772982239723206,0.5238678455352783,-0.09179564565420151,0.5411168336868286,0.5743725895881653,-0.10907112807035446,0.5178815126419067,0.6244203448295593,-0.12290303409099579,0.6494474411010742,0.5835247039794922,-0.133858785033226,0.5937527418136597,0.651297926902771,-0.17163218557834625,0.5448831915855408,0.6735520362854004,-0.18351031839847565,0.5035048127174377,0.6809642910957336,-0.1881190985441208,0.6598085761070251,0.6421050429344177,-0.10971084237098694,0.5720146894454956,0.6957627534866333,-0.14222553372383118,0.512667179107666,0.693469762802124,-0.14417679607868195,0.4725680947303772,0.6753780245780945,-0.14432241022586823,0.6547481417655945,0.6807069778442383,-0.08400459587574005,0.5718156099319458,0.7138954401016235,-0.10882298648357391,0.5193842053413391,0.7058670520782471,-0.1107163056731224,0.4850340783596039,0.687454342842102,-0.11176746338605881,0.6440973281860352,0.6996878981590271,-0.061099935322999954,0.5819907784461975,0.7099814414978027,-0.08342225104570389,0.5438672304153442,0.698225200176239,-0.09197722375392914,0.5166945457458496,0.682792067527771,-0.09607574343681335,Left,0.9985788464546204
2945,71,1,0.22338466346263885,0.5358194708824158,-4.758971385854238e-07,0.2649771273136139,0.5106317400932312,-0.06198827549815178,0.31148025393486023,0.5362369418144226,-0.09238668531179428,0.35289132595062256,0.5882172584533691,-0.10623491555452347,0.3924413025379181,0.6227227449417114,-0.11631199717521667,0.24672742187976837,0.6480108499526978,-0.10548818856477737,0.3317556083202362,0.6944711804389954,-0.13448414206504822,0.3845402002334595,0.690742015838623,-0.14452888071537018,0.42216336727142334,0.6761344075202942,-0.1473754346370697,0.2410159409046173,0.6967413425445557,-0.07644499093294144,0.3343992829322815,0.7108322978019714,-0.09912379086017609,0.3743039071559906,0.6723160147666931,-0.097474604845047,0.3913881778717041,0.6342513561248779,-0.09535256773233414,0.2505977153778076,0.7218486070632935,-0.048615001142024994,0.33762475848197937,0.71999591588974,-0.0696781650185585,0.3631253242492676,0.677304744720459,-0.06776294857263565,0.3714860677719116,0.6400108337402344,-0.06503919512033463,0.265621155500412,0.7298850417137146,-0.02446756139397621,0.32849401235580444,0.7156304717063904,-0.04700528085231781,0.3515496850013733,0.6822426319122314,-0.05192994326353073,0.3615719676017761,0.6545182466506958,-0.05158057063817978,Right,0.9954658150672913
2987,72,0,0.6738802790641785,0.5510630011558533,8.518283038938534e-07,0.6279128789901733,0.5149229168891907,-0.0577738918364048,0.5766764879226685,0.526999294757843,-0.09396646916866302,0.5417470932006836,0.5759838819503784,-0.11292669177055359,0.5159862041473389,0.6219647526741028,-0.12879040837287903,0.6461078524589539,0.5782897472381592,-0.13829514384269714,0.5854678153991699,0.6461095213890076,-0.17595717310905457,0.5368422269821167,0.6683632731437683,-0.18625953793525696,0.4957081973552704,0.6779438853263855,-0.18985137343406677,0.6583680510520935,0.6373644471168518,-0.11477051675319672,0.57010418176651,0.6924821734428406,-0.1484963595867157,0.5124309062957764,0.6950743198394775,-0.14966779947280884,0.4718688130378723,0.681900143623352,-0.14918844401836395,0.6548490524291992,0.6789979338645935,-0.0895010456442833,0.5713701844215393,0.7118066549301147,-0.11357823014259338,0.5216860771179199,0.7044674158096313,-0.11344403028488159,0.4876871407032013,0.6878123879432678,-0.11350271105766296,0.6454874277114868,0.7024444937705994,-0.06737735122442245,0.5840168595314026,0.7104634642601013,-0.08810597658157349,0.5472131967544556,0.6990774869918823,-0.09559296071529388,0.5194538831710815,0.6855117082595825,-0.09943881630897522,Left,0.9991453886032104
2987,72,1,0.22856658697128296,0.5431132316589355,-4.86297722090967e-07,0.2720769941806793,0.5127646327018738,-0.0640297532081604,0.31936973333358765,0.5399364233016968,-0.0957426130771637,0.3583316206932068,0.5979322791099548,-0.11037027090787888,0.39705345034599304,0.640737771987915,-0.12094880640506744,0.24324676394462585,0.6472148299217224,-0.10714685916900635,0.3286952078342438,0.6878832578659058,-0.13712522387504578,0.38356542587280273,0.6878970861434937,-0.1485331505537033,0.4237971305847168,0.6794660091400146,-0.15288981795310974,0.23792710900306702,0.6993578672409058,-0.07829678803682327,0.33185842633247375,0.711977481842041,-0.10145769268274307,0.3747175335884094,0.6808338761329651,-0.10009709000587463,0.39743682742118835,0.6506655216217041,-0.09860578179359436,0.24866437911987305,0.7273807525634766,-0.050677474588155746,0.336459219455719,0.723079264163971,-0.07121403515338898,0.363058865070343,0.6848138570785522,-0.06596121191978455,0.37488067150115967,0.6568113565444946,-0.06159767508506775,0.2653568983078003,0.737511932849884,-0.027202123776078224,0.32797983288764954,0.7234605550765991,-0.050075117498636246,0.3521927297115326,0.6895724534988403,-0.052628327161073685,0.364331990480423,0.6657848358154297,-0.050599079579114914,Right,0.9951409697532654
3029,73,0,0.675674319267273,0.5500643849372864,9.665437801231747e-07,0.6325123310089111,0.5129103660583496,-0.06513718515634537,0.5840190649032593,0.5247005224227905,-0.1048872321844101,0.5491558313369751,0.5744107365608215,-0.12559416890144348,0.5186414122581482,0.6149705648422241,-0.1433882713317871,0.6496782302856445,0.5772835612297058,-0.14822137355804443,0.581306517124176,0.6351282000541687,-0.1909707486629486,0.5314373970031738,0.6582475304603577,-0.20573244988918304,0.49001461267471313,0.6719773411750793,-0.21205167472362518,0.6625919342041016,0.6374574303627014,-0.12138129770755768,0.5696711540222168,0.6860387921333313,-0.1594037264585495,0.5121209025382996,0.6919008493423462,-0.16260571777820587,0.47212421894073486,0.6878097653388977,-0.16327902674674988,0.6599414944648743,0.6809340119361877,-0.09311073273420334,0.5761890411376953,0.7020674347877502,-0.11981085687875748,0.536683201789856,0.6889728307723999,-0.11779393255710602,0.511073112487793,0.6728852987289429,-0.11596614867448807,0.6524351835250854,0.706902801990509,-0.06885428726673126,0.5887945890426636,0.7056655287742615,-0.0905633196234703,0.5624492168426514,0.6865949034690857,-0.09603261202573776,0.5429889559745789,0.6698810458183289,-0.09803084284067154,Left,0.9996829032897949
3029,73,1,0.21404379606246948,0.5378578901290894,-6.526590823341394e-07,0.25824031233787537,0.5145251154899597,-0.0605691559612751,0.31063899397850037,0.5518312454223633,-0.08741387724876404,0.3546599745750427,0.6071577668190002,-0.09741821885108948,0.39351892471313477,0.6419886946678162,-0.10324964672327042,0.23238258063793182,0.6567410230636597,-0.09764362871646881,0.32054272294044495,0.6944498419761658,-0.12910807132720947,0.37863537669181824,0.6892411112785339,-0.1436420977115631,0.4216834306716919,0.6743425726890564,-0.15050628781318665,0.2343260943889618,0.7068579792976379,-0.07061874866485596,0.33569326996803284,0.6944026947021484,-0.09893757104873657,0.36595237255096436,0.6363538503646851,-0.09964951127767563,0.37238192558288574,0.593593955039978,-0.09780789166688919,0.24931950867176056,0.7326103448867798,-0.045501403510570526,0.34152305126190186,0.7091209888458252,-0.06943099945783615,0.35914021730422974,0.652741551399231,-0.06403723359107971,0.36112964153289795,0.6146215200424194,-0.058356087654829025,0.2651400864124298,0.7382862567901611,-0.024521442130208015,0.33108416199684143,0.7092049717903137,-0.04717321693897247,0.34577375650405884,0.6634860634803772,-0.04781094938516617,0.34912341833114624,0.6331559419631958,-0.04412459582090378,Right,0.9887201189994812
3070,74,0,0.6802759170532227,0.5519724488258362,9.828786460275296e-07,0.6380928158760071,0.5123510956764221,-0.0640520229935646,0.5876076817512512,0.5244101285934448,-0.10164245963096619,0.5519141554832458,0.5727800726890564,-0.12043152004480362,0.5210182666778564,0.610495388507843,-0.136400505900383,0.6516785621643066,0.580723762512207,-0.14138370752334595,0.5819621682167053,0.6301263570785522,-0.18291261792182922,0.5317569375038147,0.6532852053642273,-0.20047979056835175,0.49054303765296936,0.6696195006370544,-0.20990979671478271,0.6629514694213867,0.6423572301864624,-0.11478208005428314,0.5700691938400269,0.6832486391067505,-0.15047508478164673,0.5115820169448853,0.687325656414032,-0.15539878606796265,0.4713587164878845,0.684386670589447,-0.15843287110328674,0.6593908667564392,0.684821367263794,-0.08677438646554947,0.576927125453949,0.6914231777191162,-0.11064817011356354,0.5499531030654907,0.6693291664123535,-0.10651890188455582,0.5364193916320801,0.6496565341949463,-0.1040099710226059,0.6510539650917053,0.7081689238548279,-0.06312621384859085,0.5869964957237244,0.6973626017570496,-0.08265780657529831,0.5675973892211914,0.6742609143257141,-0.08648914843797684,0.5545080304145813,0.6558580994606018,-0.08787202835083008,Left,0.9996761083602905
3070,74,1,0.21617254614830017,0.5335555672645569,-6.121475735199056e-07,0.2594212293624878,0.5110410451889038,-0.0581057071685791,0.3122786581516266,0.5513195991516113,-0.0831170529127121,0.3574935495853424,0.6092978715896606,-0.09226224571466446,0.39689233899116516,0.6421515345573425,-0.09740471839904785,0.23107975721359253,0.6587017774581909,-0.09270109236240387,0.3211904764175415,0.6914467215538025,-0.11937286704778671,0.3779546320438385,0.6846856474876404,-0.1303548663854599,0.421423077583313,0.6694505214691162,-0.13529600203037262,0.2320224642753601,0.706160843372345,-0.0657108724117279,0.33047986030578613,0.7028447389602661,-0.0899859145283699,0.369368314743042,0.6583959460258484,-0.0916384756565094,0.3886573016643524,0.6202091574668884,-0.09164436161518097,0.24557578563690186,0.7295307517051697,-0.03990356624126434,0.33732789754867554,0.7093169689178467,-0.061034128069877625,0.35985249280929565,0.6599333882331848,-0.05747661739587784,0.3683929145336151,0.6217941641807556,-0.053634341806173325,0.261587917804718,0.7334983944892883,-0.017916906625032425,0.32637596130371094,0.708935022354126,-0.04045730456709862,0.3447324335575104,0.6691988706588745,-0.04333244636654854,0.35254111886024475,0.6406552791595459,-0.04142780974507332,Right,0.9931171536445618
3112,75,0,0.6842822432518005,0.5557447671890259,1.0348754813094274e-06,0.6409975290298462,0.5127478837966919,-0.06826010346412659,0.5905945897102356,0.523192822933197,-0.10821054130792618,0.552126407623291,0.5726119875907898,-0.1276843547821045,0.5155050158500671,0.607952892780304,-0.1444728523492813,0.6540431976318359,0.5842248797416687,-0.15035434067249298,0.5820237398147583,0.6328720450401306,-0.19485384225845337,0.5304007530212402,0.6537954211235046,-0.21453985571861267,0.4881743788719177,0.6671310663223267,-0.22533555328845978,0.6650892496109009,0.6455687880516052,-0.12180402129888535,0.5712452530860901,0.6845013499259949,-0.1606498807668686,0.51068115234375,0.6873063445091248,-0.1675558090209961,0.46716177463531494,0.6838710308074951,-0.17179502546787262,0.6605989933013916,0.6868892908096313,-0.09178492426872253,0.5752944946289062,0.6916897892951965,-0.11946068704128265,0.5371056199073792,0.6731699705123901,-0.11957457661628723,0.5124809145927429,0.6558085680007935,-0.11997867375612259,0.6523380279541016,0.7090408802032471,-0.06587012112140656,0.5859978199005127,0.6920376420021057,-0.08925318717956543,0.5597361326217651,0.6687796115875244,-0.09666217863559723,0.5392262935638428,0.6513780355453491,-0.10057713836431503,Left,0.9998106956481934
3112,75,1,0.21053536236286163,0.5338482856750488,-6.122646709627588e-07,0.25417542457580566,0.5131829380989075,-0.05815427005290985,0.30967336893081665,0.5530228018760681,-0.08395428955554962,0.35844433307647705,0.6065349578857422,-0.09391320496797562,0.40143805742263794,0.6353657245635986,-0.0999550074338913,0.2294415533542633,0.6598595380783081,-0.0930057093501091,0.3215411901473999,0.6945790648460388,-0.12029654532670975,0.37829554080963135,0.6873505711555481,-0.13216465711593628,0.4210194945335388,0.6703484058380127,-0.13766877353191376,0.230689138174057,0.7080298662185669,-0.06597430258989334,0.33203408122062683,0.7026351690292358,-0.09138205647468567,0.36776742339134216,0.652267336845398,-0.09248138219118118,0.38270139694213867,0.6097432971000671,-0.09151284396648407,0.24484124779701233,0.7311021089553833,-0.04022799804806709,0.3371320366859436,0.7133846879005432,-0.06172175705432892,0.3596500754356384,0.6633892059326172,-0.0585666224360466,0.3677254915237427,0.6249498724937439,-0.05487942695617676,0.2612965703010559,0.7349001169204712,-0.018224822357296944,0.32637500762939453,0.7117847204208374,-0.04016181826591492,0.34439340233802795,0.672239363193512,-0.04297010973095894,0.3511391878128052,0.6436448097229004,-0.041182760149240494,Right,0.9921760559082031
3154,76,0,0.6856393814086914,0.5538252592086792,1.0528857501412858e-06,0.6439765095710754,0.5105505585670471,-0.07018107920885086,0.5929290056228638,0.5244300365447998,-0.11099879443645477,0.5516588687896729,0.5742526650428772,-0.13100798428058624,0.510390043258667,0.6052027344703674,-0.1483665108680725,0.6573436856269836,0.588027834892273,-0.15213905274868011,0.5842717289924622,0.6347935795783997,-0.19827350974082947,0.5319799780845642,0.6556020379066467,-0.21927228569984436,0.489446759223938,0.668074905872345,-0.23080886900424957,0.6670640110969543,0.6497424244880676,-0.1224311962723732,0.5710962414741516,0.6835491061210632,-0.16215530037879944,0.511792778968811,0.6838258504867554,-0.16854166984558105,0.4701026678085327,0.6800376176834106,-0.1722080558538437,0.6617536544799805,0.6906591653823853,-0.0915965884923935,0.5765905380249023,0.6916558146476746,-0.12020544707775116,0.5420923233032227,0.6686417460441589,-0.11932869255542755,0.5211930871009827,0.6484233140945435,-0.11852151155471802,0.6525360345840454,0.7119627594947815,-0.06506720930337906,0.5867516398429871,0.6912102699279785,-0.08939200639724731,0.5622124671936035,0.6659834384918213,-0.09672697633504868,0.5438570976257324,0.6476172208786011,-0.10015951097011566,Left,0.9998214840888977
3154,76,1,0.2128968983888626,0.5382817387580872,-5.582300559581199e-07,0.2538497745990753,0.517037034034729,-0.05855868011713028,0.31082263588905334,0.5546759366989136,-0.08477205038070679,0.36063408851623535,0.6051373481750488,-0.09493759274482727,0.40448638796806335,0.6312924027442932,-0.1005752682685852,0.22943346202373505,0.6622799038887024,-0.09276475012302399,0.31726059317588806,0.6987391114234924,-0.12177710235118866,0.37402674555778503,0.6969262361526489,-0.13633809983730316,0.41941535472869873,0.6869807839393616,-0.14403139054775238,0.22886599600315094,0.7095224857330322,-0.06606141477823257,0.3276769518852234,0.700808048248291,-0.0915747582912445,0.34845060110092163,0.6528270840644836,-0.09041742980480194,0.34883207082748413,0.6195618510246277,-0.08802511543035507,0.24243579804897308,0.731780469417572,-0.0413069985806942,0.33009839057922363,0.7145313024520874,-0.06354355812072754,0.34116825461387634,0.6703577637672424,-0.057604845613241196,0.3396998643875122,0.6428438425064087,-0.05192213132977486,0.25821438431739807,0.7366031408309937,-0.020502479746937752,0.3210580050945282,0.7166551351547241,-0.042458564043045044,0.3343904912471771,0.6804998517036438,-0.0433509387075901,0.33776935935020447,0.6576821208000183,-0.040228892117738724,Right,0.9879151582717896
3195,77,0,0.6898479461669922,0.552757978439331,1.0117541933141183e-06,0.6499426364898682,0.5096758008003235,-0.06682952493429184,0.5970975756645203,0.524849534034729,-0.1053638607263565,0.5517175197601318,0.5710118412971497,-0.12419942766427994,0.507423460483551,0.598263144493103,-0.14019504189491272,0.6602077484130859,0.5943299531936646,-0.14195516705513,0.5828466415405273,0.6381592750549316,-0.18404100835323334,0.530280351638794,0.6583709716796875,-0.2026786506175995,0.4882725179195404,0.6737951636314392,-0.2131739854812622,0.6678665280342102,0.6565548181533813,-0.11372813582420349,0.5704640746116638,0.6861801743507385,-0.1489017903804779,0.5137457847595215,0.6839950084686279,-0.15244440734386444,0.4753446578979492,0.6830920577049255,-0.15457917749881744,0.6618915796279907,0.6963633298873901,-0.08456562459468842,0.5778464674949646,0.6938714385032654,-0.11023790389299393,0.5548240542411804,0.6628002524375916,-0.1055925264954567,0.5449944734573364,0.6393784880638123,-0.10178691893815994,0.6520160436630249,0.7148667573928833,-0.059777989983558655,0.5876246690750122,0.6950654983520508,-0.08185978978872299,0.5679260492324829,0.6669484972953796,-0.08612802624702454,0.5557425618171692,0.6471231579780579,-0.08697822690010071,Left,0.9995651841163635
3195,77,1,0.20841726660728455,0.5383798480033875,-5.781142249361437e-07,0.250594824552536,0.5172222852706909,-0.0571066215634346,0.3090752363204956,0.5551613569259644,-0.0824853926897049,0.35956764221191406,0.6047394275665283,-0.09229028970003128,0.4039379954338074,0.6305952668190002,-0.09771466255187988,0.23046636581420898,0.6635177135467529,-0.09084216505289078,0.31834495067596436,0.7010428309440613,-0.12138505280017853,0.375407338142395,0.7005176544189453,-0.13726097345352173,0.4205366373062134,0.6916534900665283,-0.14506219327449799,0.22990605235099792,0.7106776237487793,-0.06444713473320007,0.3299499750137329,0.7022354602813721,-0.09063265472650528,0.35363081097602844,0.6517949104309082,-0.08959421515464783,0.3547319769859314,0.6147819757461548,-0.08656752109527588,0.2434472143650055,0.7336798906326294,-0.040156587958335876,0.33190155029296875,0.7147290110588074,-0.062343887984752655,0.34570837020874023,0.6675651669502258,-0.05690784379839897,0.3446477949619293,0.6354483962059021,-0.05089397355914116,0.2590118944644928,0.7380337715148926,-0.019831471145153046,0.32231640815734863,0.7172612547874451,-0.040559764951467514,0.33675405383110046,0.6804454922676086,-0.04127566143870354,0.33997035026550293,0.6547654867172241,-0.03769182786345482,Right,0.9874538779258728
3236,78,0,0.6944956183433533,0.5523552894592285,1.0197082929153112e-06,0.6528645753860474,0.5105182528495789,-0.06398746371269226,0.598362147808075,0.5280270576477051,-0.09996293485164642,0.55267733335495,0.5745543837547302,-0.11756715178489685,0.5076009035110474,0.6015556454658508,-0.13234089314937592,0.661858320236206,0.6053928136825562,-0.1300579458475113,0.5807880163192749,0.6453604102134705,-0.16848722100257874,0.5271446108818054,0.6649262309074402,-0.1847836673259735,0.48473259806632996,0.680550217628479,-0.19369885325431824,0.6680083274841309,0.6657834649085999,-0.10313859581947327,0.570161759853363,0.6906880736351013,-0.13587385416030884,0.5134405493736267,0.6892642378807068,-0.14013780653476715,0.47391828894615173,0.6890101432800293,-0.14246317744255066,0.6607364416122437,0.7020748853683472,-0.07551085948944092,0.5745769143104553,0.6959852576255798,-0.10111186653375626,0.5481060743331909,0.6659314632415771,-0.09903711825609207,0.5342008471488953,0.6440987586975098,-0.09642524272203445,0.6494580507278442,0.7168593406677246,-0.051905278116464615,0.5828713178634644,0.6934444904327393,-0.0733206495642662,0.5618463754653931,0.665035605430603,-0.0779838114976883,0.5481587648391724,0.6456030011177063,-0.07882101833820343,Left,0.9993347525596619
3236,78,1,0.21351787447929382,0.540708601474762,-5.17573198521859e-07,0.2556881010532379,0.520667552947998,-0.05848420411348343,0.31201863288879395,0.5610189437866211,-0.08379322290420532,0.3616510033607483,0.6132729053497314,-0.09253035485744476,0.4066285490989685,0.6391822099685669,-0.09688767045736313,0.23167842626571655,0.6668606400489807,-0.09413591027259827,0.3211870491504669,0.7088624835014343,-0.12111643701791763,0.377970427274704,0.7182559967041016,-0.13382673263549805,0.42218393087387085,0.7200360298156738,-0.1412133276462555,0.23205877840518951,0.7145947217941284,-0.06819865107536316,0.3359132409095764,0.7040303349494934,-0.09080767631530762,0.3571746051311493,0.6546685099601746,-0.08719418197870255,0.3545820116996765,0.622905969619751,-0.08441043645143509,0.24559670686721802,0.7374555468559265,-0.04425720497965813,0.33837416768074036,0.7162876129150391,-0.06365426629781723,0.348882794380188,0.6681458950042725,-0.05480056256055832,0.34330442547798157,0.6395081877708435,-0.048629868775606155,0.2606552839279175,0.7424359917640686,-0.024699194356799126,0.32583850622177124,0.7222582101821899,-0.0456027053296566,0.33595362305641174,0.6832968592643738,-0.04483497887849808,0.3338286876678467,0.6563365459442139,-0.04123876243829727,Right,0.9860634803771973
3279,79,0,0.6940397024154663,0.5499662756919861,1.0229225608782144e-06,0.6510252356529236,0.5112922191619873,-0.06389330327510834,0.5976510047912598,0.5322912931442261,-0.09954056888818741,0.5525577664375305,0.5779990553855896,-0.11678864061832428,0.5068890452384949,0.6010144948959351,-0.13139505684375763,0.659148097038269,0.6076714992523193,-0.13100524246692657,0.5773251056671143,0.6489408016204834,-0.169424369931221,0.5246655344963074,0.6676733493804932,-0.18536590039730072,0.48329976201057434,0.6834577918052673,-0.19404178857803345,0.6668837666511536,0.6673372983932495,-0.10382919013500214,0.5673601031303406,0.6916151642799377,-0.13708461821079254,0.5109997987747192,0.6900734305381775,-0.141107439994812,0.4714939594268799,0.6911478042602539,-0.14310568571090698,0.6612996459007263,0.7037549614906311,-0.07582475244998932,0.575509250164032,0.6978121399879456,-0.10092919319868088,0.5496507883071899,0.6693367958068848,-0.09876255691051483,0.5350127220153809,0.6493563652038574,-0.09629961848258972,0.6518537998199463,0.7190266847610474,-0.05195283517241478,0.5853047370910645,0.6939240097999573,-0.07320423424243927,0.5637884140014648,0.6659970283508301,-0.07823792099952698,0.5494108200073242,0.6473520994186401,-0.07947960495948792,Left,0.999301016330719
3279,79,1,0.20953798294067383,0.5391062498092651,-5.417667239271395e-07,0.2529769539833069,0.5204837918281555,-0.05708228051662445,0.3103894889354706,0.561429500579834,-0.08020634949207306,0.3591844141483307,0.6129850745201111,-0.08726080507040024,0.4021173119544983,0.6380228400230408,-0.08969349414110184,0.23045822978019714,0.6642917394638062,-0.08836458623409271,0.3174155652523041,0.7062395215034485,-0.11545133590698242,0.3734561800956726,0.7173107266426086,-0.12946926057338715,0.4180019497871399,0.7213257551193237,-0.1375105381011963,0.22908778488636017,0.7123990654945374,-0.0626269206404686,0.33116573095321655,0.7069685459136963,-0.08518531918525696,0.3506644368171692,0.6588619947433472,-0.08181728422641754,0.3458951711654663,0.6271440386772156,-0.07846574485301971,0.24155211448669434,0.7364985346794128,-0.03929251432418823,0.33100423216819763,0.7225154042243958,-0.05901724472641945,0.34068959951400757,0.6768099069595337,-0.051603227853775024,0.3335498571395874,0.6496409177780151,-0.04545462504029274,0.2555006742477417,0.7427703142166138,-0.020326580852270126,0.3178931176662445,0.7272698879241943,-0.04011859744787216,0.32937151193618774,0.6909250020980835,-0.03991648927330971,0.32862547039985657,0.6655081510543823,-0.03651005029678345,Right,0.9845930337905884
3320,80,0,0.6935597658157349,0.5494205951690674,1.002093654278724e-06,0.6513612866401672,0.5113932490348816,-0.06339527666568756,0.5975154638290405,0.5326418280601501,-0.09789158403873444,0.5513834357261658,0.5783552527427673,-0.11411330848932266,0.5055764317512512,0.6007874011993408,-0.12765610218048096,0.6592491865158081,0.6086502075195312,-0.1280733048915863,0.5780898928642273,0.6505864262580872,-0.16604973375797272,0.5251886248588562,0.669738233089447,-0.1818711757659912,0.48317521810531616,0.6853135824203491,-0.19034413993358612,0.6662760972976685,0.6675406098365784,-0.10067342221736908,0.5674868822097778,0.6909558773040771,-0.1323980838060379,0.5115450024604797,0.6897937655448914,-0.1358073502779007,0.4719383716583252,0.6911548972129822,-0.1376154124736786,0.6604886651039124,0.703411877155304,-0.072789765894413,0.5746059417724609,0.699781596660614,-0.09752845764160156,0.5448555946350098,0.674465000629425,-0.0969398096203804,0.526448667049408,0.6558762788772583,-0.09564033895730972,0.6513053774833679,0.7182556986808777,-0.04893336445093155,0.584908664226532,0.6935073137283325,-0.07054422795772552,0.5607580542564392,0.6668282151222229,-0.07699766755104065,0.5439507961273193,0.648421585559845,-0.07926512509584427,Left,0.9992196559906006
3320,80,1,0.21412253379821777,0.5433582067489624,-5.044838076173619e-07,0.2552206218242645,0.5224756598472595,-0.05914060398936272,0.3110141456127167,0.5610941052436829,-0.08542421460151672,0.3593361973762512,0.6119377613067627,-0.09533125907182693,0.4026903510093689,0.6379916667938232,-0.10093315690755844,0.2286243736743927,0.6654879450798035,-0.09465950727462769,0.31784379482269287,0.7025747895240784,-0.12371163070201874,0.37498247623443604,0.7119047045707703,-0.1387249380350113,0.4199492335319519,0.7145760655403137,-0.14744806289672852,0.22804416716098785,0.7144291996955872,-0.06853821873664856,0.3286709785461426,0.7104907035827637,-0.09348463267087936,0.3498068153858185,0.6640706658363342,-0.09105867892503738,0.3478141129016876,0.6318670511245728,-0.08816248178482056,0.24158495664596558,0.7378261089324951,-0.04446115717291832,0.3309265673160553,0.7254037857055664,-0.06568946689367294,0.3432958424091339,0.6811115145683289,-0.05773375183343887,0.3397550582885742,0.6543986201286316,-0.0511806383728981,0.2569902837276459,0.7431637048721313,-0.024717826396226883,0.31969979405403137,0.7258163690567017,-0.04603244736790657,0.33261656761169434,0.6908401250839233,-0.0457947701215744,0.3337603211402893,0.6677044630050659,-0.042172424495220184,Right,0.9837719202041626
3363,81,0,0.6936348080635071,0.547049880027771,1.0200924407399725e-06,0.6508357524871826,0.5103576183319092,-0.062074415385723114,0.595795214176178,0.5346623063087463,-0.09571588039398193,0.5482907891273499,0.5792484879493713,-0.11154613643884659,0.5012476444244385,0.5970502495765686,-0.12458538264036179,0.6579355597496033,0.6108558177947998,-0.1248481348156929,0.5754380822181702,0.6574615240097046,-0.1621534526348114,0.5219918489456177,0.678533673286438,-0.17734389007091522,0.47993212938308716,0.6961427927017212,-0.18521817028522491,0.6655350923538208,0.6684788465499878,-0.09767070412635803,0.5649269819259644,0.694907009601593,-0.1285509616136551,0.5103739500045776,0.6914037466049194,-0.13021083176136017,0.4740501046180725,0.6918966174125671,-0.13016237318515778,0.6604512929916382,0.7032083868980408,-0.07000154256820679,0.5745131969451904,0.6996622085571289,-0.09392457455396652,0.5566569566726685,0.6650905013084412,-0.08915301412343979,0.5504726767539978,0.6416865587234497,-0.08376524597406387,0.6514002084732056,0.7169978618621826,-0.04650190845131874,0.5840802788734436,0.6943687796592712,-0.06696311384439468,0.5646111965179443,0.6650869846343994,-0.07045615464448929,0.5540348291397095,0.6455821394920349,-0.06978683173656464,Left,0.998797595500946
3363,81,1,0.21158164739608765,0.5431806445121765,-5.131897182764078e-07,0.2539963722229004,0.5232603549957275,-0.05779489129781723,0.30966779589653015,0.5602865219116211,-0.08493804931640625,0.3583734333515167,0.612238883972168,-0.096266008913517,0.40275445580482483,0.6398897171020508,-0.10313604772090912,0.2280331552028656,0.6609228849411011,-0.0935184508562088,0.3166932761669159,0.701788604259491,-0.12266138195991516,0.37392640113830566,0.7099465131759644,-0.1366068422794342,0.4182228446006775,0.708652675151825,-0.14381955564022064,0.22601035237312317,0.7117363214492798,-0.06742444634437561,0.32582327723503113,0.7072693705558777,-0.09146253019571304,0.3419135808944702,0.6593822836875916,-0.08698134869337082,0.33564332127571106,0.6268841624259949,-0.08256614208221436,0.23882359266281128,0.737004816532135,-0.043431878089904785,0.3270283639431,0.7267522811889648,-0.06451741605997086,0.33689939975738525,0.6820060014724731,-0.05591433122754097,0.33157867193222046,0.6541869640350342,-0.04883156344294548,0.25403597950935364,0.7447043061256409,-0.02352728880941868,0.315717488527298,0.7292949557304382,-0.044549841433763504,0.3286268711090088,0.6937536001205444,-0.04432361200451851,0.33015817403793335,0.6705139875411987,-0.04068216308951378,Right,0.984260618686676
3403,82,0,0.6871383786201477,0.5451746582984924,1.0219000614597462e-06,0.6450269818305969,0.5102291107177734,-0.06500709801912308,0.5929594039916992,0.5356545448303223,-0.09931816905736923,0.5480616092681885,0.5797260999679565,-0.11524771898984909,0.501611590385437,0.5947243571281433,-0.1283424347639084,0.6543340682983398,0.6166703104972839,-0.12526103854179382,0.5733259916305542,0.6630939245223999,-0.16226166486740112,0.5202585458755493,0.6824531555175781,-0.17740203440189362,0.4782086908817291,0.6975740790367126,-0.1850218027830124,0.662171483039856,0.6711824536323547,-0.0962764173746109,0.5649659633636475,0.6964558959007263,-0.12626133859157562,0.5095467567443848,0.693503737449646,-0.12768417596817017,0.4710501432418823,0.6934289932250977,-0.12755951285362244,0.6573560237884521,0.7034863233566284,-0.06737852096557617,0.5727924108505249,0.7036887407302856,-0.09167817234992981,0.5477641820907593,0.6738302707672119,-0.08928023278713226,0.5337449908256531,0.6522911787033081,-0.085654616355896,0.6482135057449341,0.715451717376709,-0.04274942725896835,0.5823912024497986,0.6941665410995483,-0.06386817246675491,0.5594958066940308,0.6659754514694214,-0.06908394396305084,0.5451867580413818,0.6464683413505554,-0.0697672888636589,Left,0.9982562065124512
3403,82,1,0.21920284628868103,0.5447314381599426,-4.933849027111137e-07,0.2634091377258301,0.5209857821464539,-0.05960017442703247,0.31493228673934937,0.5600605607032776,-0.0909900888800621,0.3606799244880676,0.6162047386169434,-0.10540653765201569,0.4058026373386383,0.6451249122619629,-0.11648847162723541,0.2254866659641266,0.63596111536026,-0.11576634645462036,0.31210705637931824,0.6809720993041992,-0.14816828072071075,0.3672231137752533,0.6920244097709656,-0.1601802259683609,0.4100056290626526,0.6970848441123962,-0.1659972220659256,0.21978312730789185,0.6930462718009949,-0.0898861438035965,0.31671521067619324,0.7098429203033447,-0.11675169318914413,0.3620850443840027,0.6859722137451172,-0.11434650421142578,0.38582056760787964,0.6634979248046875,-0.11298850178718567,0.23009595274925232,0.724750280380249,-0.06405320018529892,0.3180806040763855,0.7291942834854126,-0.08725263178348541,0.3517224192619324,0.7001144289970398,-0.08038415759801865,0.367790162563324,0.6791027188301086,-0.07556856423616409,0.24695497751235962,0.7386010885238647,-0.04164326190948486,0.30922558903694153,0.7323276996612549,-0.06428635865449905,0.3398199677467346,0.707179605960846,-0.0651775524020195,0.35657966136932373,0.6892744898796082,-0.0632721334695816,Right,0.9923399686813354
3447,83,0,0.6891235709190369,0.544006884098053,9.327667953584751e-07,0.6488383412361145,0.5075824856758118,-0.06552080810070038,0.5981560349464417,0.5312151908874512,-0.09889981895685196,0.5531875491142273,0.5764695405960083,-0.11394018679857254,0.5071149468421936,0.5968908667564392,-0.12637101113796234,0.6559323072433472,0.6200783848762512,-0.1213548481464386,0.5754744410514832,0.6611616015434265,-0.1574215590953827,0.5223778486251831,0.6761024594306946,-0.17307889461517334,0.4800790548324585,0.6865109801292419,-0.18136417865753174,0.6628319025039673,0.6722429990768433,-0.09326235204935074,0.5679525136947632,0.6956028342247009,-0.12298700958490372,0.5109010934829712,0.6909885406494141,-0.12686285376548767,0.4697777032852173,0.6879096031188965,-0.12873990833759308,0.6576871871948242,0.7015043497085571,-0.0656554102897644,0.5740774869918823,0.7038847208023071,-0.09142343699932098,0.5337923765182495,0.6845017075538635,-0.0940256416797638,0.5054755806922913,0.6718388199806213,-0.09456361830234528,0.6487154364585876,0.7112467288970947,-0.04216932877898216,0.585046648979187,0.691733717918396,-0.06455188244581223,0.5572342872619629,0.6679108142852783,-0.07204131036996841,0.5380927920341492,0.6526570320129395,-0.07492365688085556,Left,0.9973757266998291
3447,83,1,0.21312502026557922,0.5416170954704285,-5.243794589659956e-07,0.26410484313964844,0.5150755643844604,-0.060027770698070526,0.3177686631679535,0.5523889660835266,-0.0947612076997757,0.3588440418243408,0.6117807030677795,-0.1111622303724289,0.4032590389251709,0.6472752690315247,-0.12508387863636017,0.22740790247917175,0.6007102727890015,-0.14031833410263062,0.3172691762447357,0.6547961831092834,-0.17770296335220337,0.3724557161331177,0.6694200038909912,-0.18854621052742004,0.4142548441886902,0.6782035827636719,-0.19196750223636627,0.21537062525749207,0.6615020632743835,-0.11419461667537689,0.3188720941543579,0.6938329935073853,-0.14198361337184906,0.3767404854297638,0.6901904940605164,-0.13619399070739746,0.41396546363830566,0.6790734529495239,-0.13320833444595337,0.22179439663887024,0.701219379901886,-0.08676833659410477,0.3184482157230377,0.7164303064346313,-0.11140778660774231,0.3629017472267151,0.7000150084495544,-0.10441207140684128,0.388655424118042,0.6844577193260193,-0.09958604723215103,0.2374219000339508,0.7241195440292358,-0.062176018953323364,0.308838427066803,0.7227452993392944,-0.08572909235954285,0.34557485580444336,0.7057640552520752,-0.08730587363243103,0.36674368381500244,0.6916151642799377,-0.08604621887207031,Right,0.9980000853538513
3490,84,0,0.6921136379241943,0.5422241687774658,9.02580893580307e-07,0.6517665386199951,0.5061551332473755,-0.06329897046089172,0.6003244519233704,0.5316651463508606,-0.09138170629739761,0.5562071800231934,0.5783440470695496,-0.10132680833339691,0.512868344783783,0.6016529202461243,-0.10826714336872101,0.656894326210022,0.6263852715492249,-0.11050587147474289,0.5743001103401184,0.6660819053649902,-0.14256006479263306,0.520953357219696,0.6789329051971436,-0.15694501996040344,0.4784262180328369,0.689232349395752,-0.16501636803150177,0.6607605218887329,0.6759992241859436,-0.08210252970457077,0.5672972798347473,0.6981580257415771,-0.1068795695900917,0.5121682286262512,0.6912164688110352,-0.11004100739955902,0.4734097719192505,0.6880178451538086,-0.11214587837457657,0.6546359658241272,0.7028140425682068,-0.05451212450861931,0.5750439167022705,0.698015570640564,-0.076217882335186,0.5484237670898438,0.6675553321838379,-0.07634902000427246,0.53326416015625,0.648645281791687,-0.0751069113612175,0.64516681432724,0.7101427316665649,-0.031310565769672394,0.5864169597625732,0.6864541172981262,-0.0515289306640625,0.5664768218994141,0.6570475697517395,-0.05761397257447243,0.5557138919830322,0.6373334527015686,-0.05911319702863693,Left,0.9969020485877991
3490,84,1,0.21398642659187317,0.5513136386871338,-4.026940132462187e-07,0.26339074969291687,0.5209567546844482,-0.06053461506962776,0.32353705167770386,0.5512750148773193,-0.09909370541572571,0.3712208867073059,0.604417085647583,-0.11938738822937012,0.4153059124946594,0.6464999914169312,-0.1380317062139511,0.23761813342571259,0.5573128461837769,-0.15374308824539185,0.3118085265159607,0.6131737232208252,-0.19380757212638855,0.36620646715164185,0.6417268514633179,-0.2050844430923462,0.4089477062225342,0.6621094346046448,-0.2102985680103302,0.21985673904418945,0.620586097240448,-0.1307300329208374,0.3166537880897522,0.660609245300293,-0.16590014100074768,0.3788566589355469,0.6726577877998352,-0.1634557545185089,0.4188024401664734,0.673509418964386,-0.16375237703323364,0.21908405423164368,0.670578122138977,-0.10566911846399307,0.3161466717720032,0.6981404423713684,-0.1362377554178238,0.36223167181015015,0.6920012831687927,-0.13036321103572845,0.3873368501663208,0.6813451647758484,-0.12689267098903656,0.22876274585723877,0.7069793939590454,-0.08309319615364075,0.30471616983413696,0.7181853652000427,-0.10949673503637314,0.3375210762023926,0.705234169960022,-0.11134502291679382,0.351591020822525,0.6916349530220032,-0.11184107512235641,Right,0.9931533932685852
3531,85,0,0.6904438734054565,0.5440185070037842,9.537724281472038e-07,0.652439296245575,0.508745014667511,-0.06181798502802849,0.6038267016410828,0.5332130193710327,-0.08941807597875595,0.5625026226043701,0.5814179182052612,-0.09925965219736099,0.521303117275238,0.6078850626945496,-0.10618488490581512,0.6630075573921204,0.6340431571006775,-0.10663873702287674,0.578787088394165,0.6718830466270447,-0.13659586012363434,0.5244123935699463,0.6830939650535583,-0.14984849095344543,0.4814726710319519,0.689899206161499,-0.15751031041145325,0.6621256470680237,0.6811636090278625,-0.07941439747810364,0.5671936869621277,0.7026801109313965,-0.10389139503240585,0.5092523694038391,0.6982045769691467,-0.10944698750972748,0.4660026729106903,0.6942294836044312,-0.1131177470088005,0.6516989469528198,0.7038804888725281,-0.05266747996211052,0.5673989057540894,0.7015852928161621,-0.07516258209943771,0.5275059342384338,0.6828900575637817,-0.08041228353977203,0.4996631145477295,0.6706891655921936,-0.08330569416284561,0.6394991874694824,0.7079969048500061,-0.02964034304022789,0.5777905583381653,0.6806646585464478,-0.052069030702114105,0.5518912672996521,0.6534252166748047,-0.06104898080229759,0.533936619758606,0.6349870562553406,-0.06455880403518677,Left,0.9979246854782104
3531,85,1,0.2241843044757843,0.5585875511169434,-3.004389839134092e-07,0.2711973488330841,0.5304705500602722,-0.04165041074156761,0.3287646174430847,0.5483372211456299,-0.07384500652551651,0.37269842624664307,0.5879119038581848,-0.09241347014904022,0.4065766930580139,0.627777099609375,-0.11094876378774643,0.2659473121166229,0.5061395168304443,-0.1366935819387436,0.33459538221359253,0.5751370787620544,-0.17651288211345673,0.3785385489463806,0.6150414347648621,-0.18819016218185425,0.40960943698883057,0.6456096768379211,-0.19231337308883667,0.23536010086536407,0.5594866275787354,-0.12545816600322723,0.32429274916648865,0.6330393552780151,-0.16085843741893768,0.38107994198799133,0.6632073521614075,-0.16120997071266174,0.41908136010169983,0.6782568097114563,-0.16151133179664612,0.2213047742843628,0.6187326312065125,-0.11100243031978607,0.3161311447620392,0.6748329997062683,-0.1412360817193985,0.36582452058792114,0.688578188419342,-0.13690423965454102,0.3979073166847229,0.6909641027450562,-0.13272768259048462,0.22044456005096436,0.670792818069458,-0.0975516140460968,0.30220597982406616,0.6957880854606628,-0.12030445784330368,0.33657604455947876,0.6900997161865234,-0.11971377581357956,0.3546118140220642,0.6831389665603638,-0.11847427487373352,Right,0.9867033958435059
3573,86,0,0.6896312832832336,0.5399540662765503,9.65963295129768e-07,0.6493869423866272,0.5066298246383667,-0.06194498762488365,0.6020053625106812,0.5331857204437256,-0.09117250889539719,0.5624083280563354,0.5848196744918823,-0.10284481942653656,0.522807240486145,0.6157364249229431,-0.11168386042118073,0.66559237241745,0.6295340061187744,-0.10984435677528381,0.582014799118042,0.6739715933799744,-0.1405269056558609,0.5274856090545654,0.6883406639099121,-0.1537003070116043,0.4843660891056061,0.6980882883071899,-0.1610942780971527,0.6695595383644104,0.6778863072395325,-0.08275756984949112,0.5738470554351807,0.7055463790893555,-0.10856684297323227,0.5152297019958496,0.7048304080963135,-0.1143374890089035,0.47110477089881897,0.7029996514320374,-0.11815796047449112,0.6617905497550964,0.7030658721923828,-0.0558956153690815,0.574367880821228,0.707661509513855,-0.07887990772724152,0.5297725796699524,0.6944530010223389,-0.08474162220954895,0.49737000465393066,0.684906005859375,-0.08837869018316269,0.6509227752685547,0.7098690271377563,-0.032711319625377655,0.5844623446464539,0.6879807710647583,-0.055082593113183975,0.5540999174118042,0.6646629571914673,-0.06481852382421494,0.5320572257041931,0.6493443250656128,-0.06923054903745651,Left,0.9976378679275513
3573,86,1,0.21306872367858887,0.547412097454071,9.037228778652207e-07,0.2627447843551636,0.5188533663749695,-0.02637905813753605,0.32478219270706177,0.5222082138061523,-0.05561678856611252,0.3701627254486084,0.562727153301239,-0.07733938843011856,0.4049127995967865,0.6003244519233704,-0.09948485344648361,0.31286245584487915,0.46899300813674927,-0.10422578454017639,0.3668072819709778,0.5374422669410706,-0.1449175775051117,0.3978019058704376,0.5955028533935547,-0.16619184613227844,0.4189710021018982,0.6469322443008423,-0.1785740703344345,0.27721405029296875,0.5026395916938782,-0.10608640313148499,0.34338662028312683,0.588005542755127,-0.14924272894859314,0.3820621967315674,0.6545232534408569,-0.1637226790189743,0.40677589178085327,0.7060897350311279,-0.17296744883060455,0.24755728244781494,0.5495163798332214,-0.1054777055978775,0.3185221254825592,0.6282953023910522,-0.1368541121482849,0.35966259241104126,0.6814322471618652,-0.14270387589931488,0.3855803310871124,0.7170442938804626,-0.14550162851810455,0.22824978828430176,0.59750896692276,-0.10533657670021057,0.286636084318161,0.654142439365387,-0.126491978764534,0.3254135251045227,0.6844748258590698,-0.13224799931049347,0.35517650842666626,0.7066866755485535,-0.136079803109169,Right,0.9983790516853333
3615,87,0,0.6889010071754456,0.5375435948371887,9.119477226704475e-07,0.6484726667404175,0.5068352818489075,-0.06243625283241272,0.6007811427116394,0.5362473726272583,-0.09103056788444519,0.5591330528259277,0.5850897431373596,-0.10212349891662598,0.5178853869438171,0.6137418746948242,-0.11027929931879044,0.6662401556968689,0.6322948336601257,-0.10626421123743057,0.5838194489479065,0.6773258447647095,-0.13663361966609955,0.529342532157898,0.6940093636512756,-0.15076731145381927,0.4863188862800598,0.7059992551803589,-0.1591777801513672,0.6692725419998169,0.6786548495292664,-0.07948597520589828,0.5770329833030701,0.7126221060752869,-0.10460780560970306,0.5206232070922852,0.7133448123931885,-0.11062223464250565,0.4791187644004822,0.7140191197395325,-0.11467532813549042,0.6610186696052551,0.7023204565048218,-0.05344262719154358,0.5763950943946838,0.7164441347122192,-0.07681971788406372,0.5320698022842407,0.7049937844276428,-0.08248855173587799,0.50083988904953,0.6980885863304138,-0.08550482243299484,0.6485549211502075,0.7073884010314941,-0.031213883310556412,0.584504246711731,0.6973217725753784,-0.053442589938640594,0.5546733736991882,0.6777864694595337,-0.062289368361234665,0.5343864560127258,0.6656304597854614,-0.06597394496202469,Left,0.9957561492919922
3615,87,1,0.22562667727470398,0.5805830955505371,9.199567898576788e-07,0.27973079681396484,0.5513750910758972,-0.02134651504456997,0.33441439270973206,0.549124002456665,-0.05390818789601326,0.3764593005180359,0.587634801864624,-0.08173049241304398,0.41182488203048706,0.6219239234924316,-0.10943090170621872,0.31867900490760803,0.4638158679008484,-0.10355693846940994,0.3735275864601135,0.5248583555221558,-0.14407499134540558,0.39980924129486084,0.5848227739334106,-0.1640295833349228,0.4124225974082947,0.6327074766159058,-0.17534172534942627,0.28080642223358154,0.4872615933418274,-0.11118188500404358,0.3485591411590576,0.5842941999435425,-0.15678717195987701,0.38560712337493896,0.6560237407684326,-0.16786731779575348,0.4048725962638855,0.7062815427780151,-0.17426630854606628,0.25195956230163574,0.5325307846069336,-0.11635421216487885,0.32205694913864136,0.6189366579055786,-0.15030576288700104,0.3617558479309082,0.6759234070777893,-0.14979802072048187,0.3812117278575897,0.7140094637870789,-0.14737381041049957,0.23239551484584808,0.5825415849685669,-0.12226974964141846,0.28983283042907715,0.6459333300590515,-0.1430903971195221,0.32773807644844055,0.6825393438339233,-0.14244197309017181,0.35096976161003113,0.7107489109039307,-0.14074116945266724,Right,0.9991391897201538
3657,88,0,0.6877844333648682,0.5354080200195312,9.221704999617941e-07,0.6456266641616821,0.5045244097709656,-0.062380582094192505,0.5991640686988831,0.5358698964118958,-0.09188441187143326,0.5583899021148682,0.5872343182563782,-0.10393695533275604,0.5182265043258667,0.6186006665229797,-0.11304733902215958,0.6664607524871826,0.6292167901992798,-0.10852663218975067,0.5886853337287903,0.6785790324211121,-0.140168696641922,0.5352845191955566,0.700992226600647,-0.15487484633922577,0.4932398796081543,0.7174420952796936,-0.163503035902977,0.6717666387557983,0.6773832440376282,-0.08273422718048096,0.5810055732727051,0.7165258526802063,-0.11010155081748962,0.523582398891449,0.7273092269897461,-0.11743389815092087,0.4792248606681824,0.7355673313140869,-0.12220504879951477,0.6641550064086914,0.7029489278793335,-0.05762305110692978,0.5793479084968567,0.7249062061309814,-0.08305128663778305,0.5306500792503357,0.7238882184028625,-0.09083936363458633,0.49294906854629517,0.7238547205924988,-0.09538163244724274,0.6514069437980652,0.7095072865486145,-0.03616543859243393,0.5854873657226562,0.7058933973312378,-0.06049592047929764,0.551228404045105,0.6935092210769653,-0.0713040828704834,0.5245162844657898,0.6875612139701843,-0.07649842649698257,Left,0.9956765174865723
3657,88,1,0.22838641703128815,0.5706533193588257,6.993588499426551e-07,0.28615814447402954,0.5509408712387085,-0.03271784260869026,0.3393500745296478,0.5505974292755127,-0.07104495912790298,0.3812530040740967,0.5877605676651001,-0.104645274579525,0.4144449532032013,0.6248288750648499,-0.13777457177639008,0.3216584324836731,0.46006858348846436,-0.10068829357624054,0.37789952754974365,0.5326182246208191,-0.14723648130893707,0.40310242772102356,0.5955839157104492,-0.1673293113708496,0.41541093587875366,0.641958475112915,-0.17667405307292938,0.283027321100235,0.4871792197227478,-0.1061914786696434,0.3539540767669678,0.5874393582344055,-0.1549195796251297,0.38428792357444763,0.6577797532081604,-0.1619689017534256,0.40399184823036194,0.7006211876869202,-0.16300790011882782,0.25317880511283875,0.5316805243492126,-0.112531878054142,0.3231745958328247,0.6229773163795471,-0.15669405460357666,0.36126843094825745,0.678705632686615,-0.15590377151966095,0.38511136174201965,0.712918758392334,-0.1495370864868164,0.23300950229167938,0.582269549369812,-0.12050613760948181,0.2906092405319214,0.6474584341049194,-0.14997410774230957,0.3261382579803467,0.6848577260971069,-0.14953596889972687,0.3513101637363434,0.7098914980888367,-0.14547449350357056,Right,0.9996417164802551
3697,89,0,0.688875138759613,0.5306204557418823,8.778181381785544e-07,0.6452040672302246,0.504119336605072,-0.05964476987719536,0.5970243215560913,0.5386656522750854,-0.08611155301332474,0.5571065545082092,0.5913309454917908,-0.09508820623159409,0.5170554518699646,0.6219922304153442,-0.10134318470954895,0.6656401753425598,0.6236932277679443,-0.10541358590126038,0.5902175903320312,0.6712633371353149,-0.13571108877658844,0.5392363667488098,0.6925123929977417,-0.14985781908035278,0.49825283885002136,0.7093675136566162,-0.15867437422275543,0.6705156564712524,0.6739402413368225,-0.08064541220664978,0.581728994846344,0.7214873433113098,-0.10651222616434097,0.525062620639801,0.7397927641868591,-0.11444853246212006,0.4801720082759857,0.7549014687538147,-0.12035152316093445,0.663331151008606,0.7010802626609802,-0.05622238293290138,0.5818354487419128,0.731407105922699,-0.08116956055164337,0.5333598256111145,0.7339862585067749,-0.09054843336343765,0.4953714907169342,0.7372973561286926,-0.09659425914287567,0.6519737243652344,0.7085705995559692,-0.035111021250486374,0.5889912843704224,0.7094650864601135,-0.060328930616378784,0.5541974902153015,0.6976295113563538,-0.07224322110414505,0.526623010635376,0.6914540529251099,-0.07855141162872314,Left,0.9966495633125305
3697,89,1,0.23081210255622864,0.5676784515380859,7.638315082658664e-07,0.2883068323135376,0.5460178256034851,-0.03087393380701542,0.3408781588077545,0.5468306541442871,-0.0700186938047409,0.3821799159049988,0.584407389163971,-0.10423360019922256,0.41630539298057556,0.6201580166816711,-0.1381048709154129,0.32270556688308716,0.45968690514564514,-0.10812309384346008,0.3755655288696289,0.5301026105880737,-0.15484783053398132,0.40214815735816956,0.5943505167961121,-0.17456096410751343,0.4136778712272644,0.6408520936965942,-0.18401432037353516,0.2826404571533203,0.4877881407737732,-0.11476743966341019,0.35152769088745117,0.5860279202461243,-0.16455207765102386,0.38500645756721497,0.653858482837677,-0.1719575673341751,0.40423479676246643,0.6960898637771606,-0.17396341264247894,0.25238582491874695,0.5331596732139587,-0.12129925936460495,0.32176145911216736,0.6215468049049377,-0.16471002995967865,0.36069178581237793,0.6758913397789001,-0.16267485916614532,0.38263872265815735,0.7098550796508789,-0.15641331672668457,0.23191675543785095,0.5843522548675537,-0.12930454313755035,0.2901476323604584,0.6494724750518799,-0.15864261984825134,0.3276992440223694,0.6860852241516113,-0.157961905002594,0.3535703718662262,0.7108614444732666,-0.15424594283103943,Right,0.9997164011001587
3739,90,0,0.6877037882804871,0.5441802740097046,9.71797476267966e-07,0.6465381383895874,0.5037169456481934,-0.07370379567146301,0.5973235368728638,0.5290320515632629,-0.1096114069223404,0.5588590502738953,0.5841266512870789,-0.12403198331594467,0.519749641418457,0.6193587779998779,-0.13394960761070251,0.6657325029373169,0.6146888136863708,-0.1401931345462799,0.5887341499328613,0.6590659618377686,-0.18014036118984222,0.5384610891342163,0.675687849521637,-0.1966675966978073,0.4967387020587921,0.687896728515625,-0.20606902241706848,0.670573353767395,0.6738343834877014,-0.11167161166667938,0.5831958055496216,0.7258679270744324,-0.14978405833244324,0.5241522192955017,0.7437162399291992,-0.15887482464313507,0.47859296202659607,0.7567218542098999,-0.16450229287147522,0.6632075905799866,0.7095295786857605,-0.08285991102457047,0.5790271162986755,0.7135009169578552,-0.11599788069725037,0.5613507628440857,0.6645073890686035,-0.1134037896990776,0.5572934746742249,0.6326491832733154,-0.10799814015626907,0.6533316969871521,0.7234513759613037,-0.058804042637348175,0.5906754732131958,0.7175922393798828,-0.08638002723455429,0.5697695016860962,0.6841875910758972,-0.08949043601751328,0.5596796870231628,0.6613298654556274,-0.08773273974657059,Left,0.996059000492096
3739,90,1,0.22688283026218414,0.5554656982421875,8.339669079759915e-07,0.2762431502342224,0.5178270936012268,-0.030714044347405434,0.32947927713394165,0.5189310312271118,-0.06499474495649338,0.3710002303123474,0.5645830035209656,-0.09422943741083145,0.3994768559932709,0.609139084815979,-0.12387131154537201,0.29790064692497253,0.4661794602870941,-0.09654630720615387,0.3594195544719696,0.5260937809944153,-0.1360781043767929,0.3929428458213806,0.582967221736908,-0.15798436105251312,0.41353535652160645,0.6294840574264526,-0.17088374495506287,0.26006627082824707,0.5082539319992065,-0.10053802281618118,0.3338881731033325,0.5920432806015015,-0.1414717733860016,0.3792414367198944,0.649746298789978,-0.15250694751739502,0.40954792499542236,0.6915750503540039,-0.16025060415267944,0.2353590726852417,0.559217095375061,-0.1043299213051796,0.30676406621932983,0.6393147706985474,-0.13760286569595337,0.35496628284454346,0.6828436851501465,-0.1390560120344162,0.38503187894821167,0.7134740352630615,-0.13800838589668274,0.22359797358512878,0.6095443964004517,-0.11011625081300735,0.28266406059265137,0.6651526689529419,-0.1286577582359314,0.31956732273101807,0.6898268461227417,-0.12631665170192719,0.3437909483909607,0.7086389064788818,-0.12441990524530411,Right,0.9992598295211792
3781,91,0,0.6874613761901855,0.5505909323692322,9.175834065899835e-07,0.6497122049331665,0.5075139999389648,-0.0725976750254631,0.6027045845985413,0.5226276516914368,-0.11204453557729721,0.565610408782959,0.57645183801651,-0.1314757764339447,0.5271289944648743,0.6138702034950256,-0.1482256054878235,0.671174168586731,0.6151848435401917,-0.1388300508260727,0.5952448844909668,0.6521545052528381,-0.17973244190216064,0.5425580143928528,0.6645326614379883,-0.1987379640340805,0.4984670877456665,0.668402910232544,-0.2102823108434677,0.6738559007644653,0.6762381196022034,-0.11225372552871704,0.5871515870094299,0.7199850082397461,-0.14978119730949402,0.5265914797782898,0.7309508323669434,-0.16198158264160156,0.47847485542297363,0.734503984451294,-0.17114268243312836,0.663505494594574,0.7131982445716858,-0.08556143194437027,0.5787009596824646,0.7359685897827148,-0.11785367131233215,0.5309841632843018,0.7259203791618347,-0.12674199044704437,0.4974183738231659,0.7180999517440796,-0.13302357494831085,0.6510041356086731,0.7319869995117188,-0.06280241906642914,0.5865465402603149,0.7369242906570435,-0.09003852307796478,0.5532081127166748,0.718346893787384,-0.09937126189470291,0.5285437703132629,0.704233705997467,-0.1046149954199791,Left,0.9974011182785034
3781,91,1,0.23846879601478577,0.5492377281188965,8.983332122625143e-07,0.27999359369277954,0.5179463624954224,-0.033430974930524826,0.3230845332145691,0.5197653770446777,-0.06719106435775757,0.3602238893508911,0.5628648400306702,-0.09582094103097916,0.39034515619277954,0.5994017124176025,-0.12590032815933228,0.2689211666584015,0.49367639422416687,-0.09487713873386383,0.32699674367904663,0.5557621121406555,-0.13094216585159302,0.3743617832660675,0.5960499048233032,-0.152782142162323,0.4113530218601227,0.6347382068634033,-0.1665080189704895,0.23387092351913452,0.5437378287315369,-0.09631199389696121,0.3020925223827362,0.6182026267051697,-0.1320292204618454,0.35271257162094116,0.6645895838737488,-0.13936549425125122,0.38897567987442017,0.6966732740402222,-0.1461460441350937,0.21586859226226807,0.5968835949897766,-0.09770021587610245,0.2828271985054016,0.6641186475753784,-0.12742002308368683,0.3349969685077667,0.6942731738090515,-0.12294357270002365,0.3687109351158142,0.7148375511169434,-0.1193612813949585,0.21119046211242676,0.6446577906608582,-0.10185439884662628,0.2652103304862976,0.6878194808959961,-0.11985787749290466,0.30583491921424866,0.7020396590232849,-0.11495085060596466,0.33269020915031433,0.7104934453964233,-0.11219736933708191,Right,0.9922128319740295
3822,92,0,0.6914362907409668,0.55466628074646,8.598060503572924e-07,0.6532976627349854,0.5087377429008484,-0.07151531428098679,0.6037412285804749,0.5226160883903503,-0.1124957799911499,0.5626031756401062,0.5771137475967407,-0.13423500955104828,0.5227804780006409,0.614702582359314,-0.15413764119148254,0.6754263639450073,0.6084007620811462,-0.14336784183979034,0.5986051559448242,0.6426092982292175,-0.18574899435043335,0.543824315071106,0.6590601801872253,-0.20617413520812988,0.49929139018058777,0.6659141182899475,-0.21884672343730927,0.67677241563797,0.6735293865203857,-0.11787137389183044,0.5894911885261536,0.7096626162528992,-0.1569710373878479,0.52580726146698,0.7202029824256897,-0.1694229394197464,0.47782254219055176,0.721632719039917,-0.17916812002658844,0.6646372675895691,0.7133355140686035,-0.09189005196094513,0.587022602558136,0.7378866672515869,-0.12383220344781876,0.5373355150222778,0.7351754903793335,-0.13275234401226044,0.5023799538612366,0.730586588382721,-0.13975349068641663,0.6509960889816284,0.7369771599769592,-0.06984078884124756,0.595221996307373,0.7489068508148193,-0.0955013856291771,0.5626439452171326,0.7390075922012329,-0.10462287068367004,0.5375566482543945,0.7306263446807861,-0.11064091324806213,Left,0.997549831867218
3822,92,1,0.22356285154819489,0.5487309694290161,2.5006858095366624e-07,0.2780124843120575,0.5384575724601746,-0.053751178085803986,0.32514041662216187,0.5442315340042114,-0.10136693716049194,0.36756908893585205,0.5570363998413086,-0.13886328041553497,0.40376806259155273,0.541898787021637,-0.17615200579166412,0.255989134311676,0.5510716438293457,-0.140550434589386,0.3081410825252533,0.6323776841163635,-0.19596756994724274,0.3478664457798004,0.6782463788986206,-0.23430316150188446,0.374260276556015,0.7052075266838074,-0.2597900331020355,0.22873276472091675,0.6016563773155212,-0.13662320375442505,0.3069743514060974,0.6775010824203491,-0.19202867150306702,0.3650830388069153,0.7115765810012817,-0.21469195187091827,0.4044613838195801,0.7297004461288452,-0.2336408644914627,0.21702343225479126,0.6455062627792358,-0.13072781264781952,0.3051902651786804,0.7145700454711914,-0.17321492731571198,0.3455870449542999,0.7228509187698364,-0.17114286124706268,0.3655887246131897,0.7265851497650146,-0.17036974430084229,0.21763965487480164,0.6823211908340454,-0.1290227770805359,0.28444549441337585,0.7197165489196777,-0.15664225816726685,0.31835106015205383,0.7176454663276672,-0.1510172188282013,0.33424508571624756,0.7115405797958374,-0.1483023315668106,Right,0.9887427091598511
3864,93,0,0.6946774125099182,0.5504054427146912,8.376316600333666e-07,0.6565765142440796,0.50554358959198,-0.07630660384893417,0.6098572611808777,0.5158149003982544,-0.11972982436418533,0.5730261206626892,0.5659579038619995,-0.14269909262657166,0.5358891487121582,0.6074380278587341,-0.1636817306280136,0.677115261554718,0.6037449240684509,-0.15350911021232605,0.597524106502533,0.636746883392334,-0.1983356475830078,0.5441158413887024,0.6535680294036865,-0.21959921717643738,0.5001160502433777,0.6613543629646301,-0.23260340094566345,0.6797861456871033,0.6661772727966309,-0.12656556069850922,0.5890207290649414,0.6996936202049255,-0.16805264353752136,0.527320921421051,0.7098029851913452,-0.18105776607990265,0.4808681011199951,0.7113228440284729,-0.19125285744667053,0.6680428981781006,0.7056117653846741,-0.09937005490064621,0.588193416595459,0.7360765933990479,-0.1347350776195526,0.5389553904533386,0.732617199420929,-0.14491072297096252,0.5029709935188293,0.7266896367073059,-0.15248669683933258,0.6530712246894836,0.7291199564933777,-0.07631218433380127,0.596210777759552,0.7454904913902283,-0.10584740340709686,0.5598152875900269,0.7354822158813477,-0.11664316058158875,0.5317088961601257,0.7247269153594971,-0.12347657233476639,Left,0.9972548484802246
3864,93,1,0.22630512714385986,0.5435711145401001,3.151076910512529e-08,0.26811835169792175,0.5254688858985901,-0.05815637856721878,0.30844923853874207,0.5212688446044922,-0.10257276892662048,0.33776038885116577,0.522428035736084,-0.13307105004787445,0.3662962317466736,0.5097770690917969,-0.16334550082683563,0.24683034420013428,0.6066837310791016,-0.1397283971309662,0.2938796579837799,0.6986353993415833,-0.18350499868392944,0.3342350721359253,0.7396730184555054,-0.20279547572135925,0.37350428104400635,0.7630008459091187,-0.21087327599525452,0.22577723860740662,0.6542541980743408,-0.11803765594959259,0.3065416216850281,0.7244311571121216,-0.15257325768470764,0.36699241399765015,0.7408215999603271,-0.15600743889808655,0.415423721075058,0.740517258644104,-0.15659774839878082,0.22068291902542114,0.6878396272659302,-0.09503399580717087,0.30317267775535583,0.7336140871047974,-0.11910887062549591,0.3508458137512207,0.7245262265205383,-0.11696328222751617,0.3848201036453247,0.7038504481315613,-0.11313463747501373,0.2276303470134735,0.7084197402000427,-0.07546127587556839,0.2938295006752014,0.7282555103302002,-0.0930066928267479,0.33252349495887756,0.7187260389328003,-0.09389142692089081,0.3585747182369232,0.7046002149581909,-0.0914839431643486,Right,0.9929711818695068
3904,94,0,0.6995185017585754,0.5480211973190308,8.291150948025461e-07,0.6585959196090698,0.5035746097564697,-0.0714816302061081,0.6093693971633911,0.5161488056182861,-0.1120639368891716,0.5711468458175659,0.5672798156738281,-0.13315396010875702,0.5336116552352905,0.6049428582191467,-0.1523081511259079,0.6769796013832092,0.6016859412193298,-0.14562548696994781,0.5991700887680054,0.6353440880775452,-0.18741253018379211,0.5470048189163208,0.6525242924690247,-0.20716187357902527,0.5037872195243835,0.6611152291297913,-0.21935014426708221,0.6804631948471069,0.6656495928764343,-0.1196480318903923,0.589716911315918,0.6994674205780029,-0.15741728246212006,0.5270218253135681,0.7102099061012268,-0.16847676038742065,0.4790349006652832,0.7124795913696289,-0.17742842435836792,0.6698511242866516,0.7050424218177795,-0.09310483187437057,0.5862997174263,0.7274627685546875,-0.12444420903921127,0.5376074910163879,0.7188403606414795,-0.13251903653144836,0.5032954216003418,0.7091071009635925,-0.1389276385307312,0.6565613150596619,0.7273589372634888,-0.07055376470088959,0.5966190099716187,0.7355039715766907,-0.09657113254070282,0.5620907545089722,0.7214528322219849,-0.10601170361042023,0.5354050397872925,0.7086549401283264,-0.11215337365865707,Left,0.9979737401008606
3904,94,1,0.22436873614788055,0.5507532358169556,-1.382980627795405e-07,0.2674049735069275,0.5166724920272827,-0.08162207156419754,0.30686894059181213,0.5179551839828491,-0.1322314292192459,0.3287891745567322,0.544292688369751,-0.16446571052074432,0.33873891830444336,0.5781998634338379,-0.19576606154441833,0.25588348507881165,0.6365389227867126,-0.15036144852638245,0.3153396546840668,0.7150834798812866,-0.19670327007770538,0.3623354732990265,0.7397845387458801,-0.21944771707057953,0.40389251708984375,0.7487350702285767,-0.2298138290643692,0.23732183873653412,0.6792823672294617,-0.11610965430736542,0.3278747498989105,0.7313122749328613,-0.15521560609340668,0.38647106289863586,0.7227177619934082,-0.1657591313123703,0.42757099866867065,0.7009148597717285,-0.17170007526874542,0.2344655841588974,0.7069951891899109,-0.08257295936346054,0.32203108072280884,0.7385307550430298,-0.11493632942438126,0.36452099680900574,0.7088293433189392,-0.1201266199350357,0.38948768377304077,0.6732572317123413,-0.12098707258701324,0.24200496077537537,0.7224267721176147,-0.05358409881591797,0.3106849789619446,0.7313179969787598,-0.08045413345098495,0.3448047339916229,0.708256721496582,-0.08845706284046173,0.3652646541595459,0.6828960180282593,-0.09068111330270767,Right,0.9906870126724243
3946,95,0,0.69830721616745,0.5482890605926514,8.462573077849811e-07,0.6569532155990601,0.5025806427001953,-0.06363540142774582,0.6031960248947144,0.5188974142074585,-0.10145528614521027,0.5603117346763611,0.5742284059524536,-0.12081115692853928,0.5241530537605286,0.61534184217453,-0.13795292377471924,0.6688673496246338,0.5950450897216797,-0.13777270913124084,0.5819817185401917,0.621706485748291,-0.1759473979473114,0.527397871017456,0.6367650032043457,-0.19406913220882416,0.4836249053478241,0.6457273364067078,-0.20587220788002014,0.6728852987289429,0.66227126121521,-0.11521011590957642,0.5808817148208618,0.6941049695014954,-0.15084894001483917,0.5180302858352661,0.7118026614189148,-0.16306549310684204,0.4693796932697296,0.7227222919464111,-0.17364774644374847,0.6651071310043335,0.7043325304985046,-0.09071797877550125,0.5830726027488708,0.7246434092521667,-0.1183677390217781,0.5492267608642578,0.7153072357177734,-0.12457075715065002,0.5290045142173767,0.7053216695785522,-0.1305685192346573,0.6542198657989502,0.7282306551933289,-0.06966808438301086,0.5986450910568237,0.7404896020889282,-0.09261120110750198,0.5776731967926025,0.7334980368614197,-0.09985629469156265,0.564341127872467,0.7282488346099854,-0.10508480668067932,Left,0.9969356060028076
3946,95,1,0.21194392442703247,0.5314211845397949,-4.897385110780306e-07,0.2663731575012207,0.5117803812026978,-0.05558150261640549,0.31581929326057434,0.5415322780609131,-0.08103390783071518,0.35345694422721863,0.5943291187286377,-0.09235960245132446,0.38659608364105225,0.6365863084793091,-0.10017046332359314,0.27084115147590637,0.6636599898338318,-0.085638128221035,0.352011501789093,0.7188331484794617,-0.10700401663780212,0.40005314350128174,0.7106370329856873,-0.11321179568767548,0.4299536943435669,0.6912177801132202,-0.11441731452941895,0.2553897500038147,0.7061845064163208,-0.05946372449398041,0.34923821687698364,0.7334965467453003,-0.07877364009618759,0.38990315794944763,0.6995160579681396,-0.08016055822372437,0.4076822102069855,0.6667992472648621,-0.07953682541847229,0.25416672229766846,0.7275639772415161,-0.03434203565120697,0.34255969524383545,0.7323694825172424,-0.051754556596279144,0.36491265892982483,0.6940178275108337,-0.053190723061561584,0.3711337447166443,0.6645268201828003,-0.05264313519001007,0.2601551115512848,0.7351868152618408,-0.012695117853581905,0.3247460424900055,0.725935161113739,-0.03349620848894119,0.3462812900543213,0.6964951753616333,-0.04082552716135979,0.35691967606544495,0.6758025288581848,-0.042006153613328934,Right,0.9971356391906738
3989,96,0,0.7005469799041748,0.5492469668388367,8.777932407610933e-07,0.6548478603363037,0.5035233497619629,-0.061482109129428864,0.5967324376106262,0.5224645137786865,-0.09760371595621109,0.5537925958633423,0.5811299085617065,-0.11565687507390976,0.5175857543945312,0.6220366358757019,-0.1315290480852127,0.6640031337738037,0.5932062864303589,-0.13539279997348785,0.5772543549537659,0.6214067935943604,-0.1735333949327469,0.5229527950286865,0.6384965777397156,-0.19110873341560364,0.4792782962322235,0.6494041085243225,-0.20199277997016907,0.670853316783905,0.6607621312141418,-0.11323060095310211,0.5768239498138428,0.6950643658638,-0.14902374148368835,0.5134596228599548,0.7150456309318542,-0.16085389256477356,0.46343278884887695,0.7278106808662415,-0.17050012946128845,0.6640939712524414,0.7048771381378174,-0.0890364870429039,0.5806502103805542,0.7299441695213318,-0.11695145070552826,0.5426398515701294,0.7255396246910095,-0.12425985187292099,0.5171780586242676,0.717602550983429,-0.1305387169122696,0.6523990631103516,0.730913519859314,-0.06796001642942429,0.5939773917198181,0.7441012859344482,-0.09061795473098755,0.5705262422561646,0.7364538908004761,-0.09824468195438385,0.5537919402122498,0.7296138405799866,-0.10353735834360123,Left,0.9978460073471069
3989,96,1,0.21323999762535095,0.5363278388977051,-5.786525889561744e-07,0.26601532101631165,0.5059495568275452,-0.0640745460987091,0.31530284881591797,0.5380350947380066,-0.09266239404678345,0.35598182678222656,0.6012281179428101,-0.10483364760875702,0.3899756669998169,0.6539092063903809,-0.11233010143041611,0.26702848076820374,0.668394148349762,-0.10061683505773544,0.360616534948349,0.7090781331062317,-0.122980497777462,0.40124964714050293,0.6744276881217957,-0.12558513879776,0.41666823625564575,0.6339713931083679,-0.12407883256673813,0.2583482265472412,0.7154445648193359,-0.0698351263999939,0.3568647503852844,0.7261484265327454,-0.09761488437652588,0.3856823444366455,0.6660143733024597,-0.10017537325620651,0.38828590512275696,0.6173998117446899,-0.09800869226455688,0.2618919014930725,0.7367212772369385,-0.03962438553571701,0.35544806718826294,0.7324349284172058,-0.06391346454620361,0.3776564598083496,0.6813356280326843,-0.06457306444644928,0.37954649329185486,0.6412663459777832,-0.0619594007730484,0.27226847410202026,0.7415381669998169,-0.01280546560883522,0.33893293142318726,0.727888286113739,-0.039360411465168,0.35856837034225464,0.6861518025398254,-0.046802323311567307,0.3635197877883911,0.6563739776611328,-0.04673701524734497,Right,0.997188150882721
4031,97,0,0.6951583623886108,0.5475825071334839,8.494053531649115e-07,0.6493944525718689,0.5055065751075745,-0.05889752507209778,0.5897169709205627,0.5257079601287842,-0.09328793734312057,0.5462629795074463,0.5842702388763428,-0.11041931062936783,0.5117443203926086,0.627005934715271,-0.12555710971355438,0.6571634411811829,0.5952354669570923,-0.13018599152565002,0.5712933540344238,0.62058025598526,-0.16610588133335114,0.5182824730873108,0.6339879631996155,-0.18145425617694855,0.476081907749176,0.6411715745925903,-0.19062358140945435,0.6661887764930725,0.6593161821365356,-0.10899814963340759,0.5742998123168945,0.6937179565429688,-0.14399240911006927,0.5114878416061401,0.7125207185745239,-0.15488360822200775,0.4621644914150238,0.7241962552070618,-0.16304455697536469,0.6611717939376831,0.7012823820114136,-0.08585438132286072,0.5828927755355835,0.7410317063331604,-0.11474578082561493,0.5376889705657959,0.7487232685089111,-0.12404290586709976,0.5041120052337646,0.7485216856002808,-0.1309765726327896,0.649654746055603,0.7257812023162842,-0.06528202444314957,0.5938479900360107,0.7482771873474121,-0.0885109230875969,0.5660168528556824,0.7468202710151672,-0.09703502804040909,0.5436381101608276,0.7427022457122803,-0.10263069719076157,Left,0.9971083998680115
4031,97,1,0.2070399671792984,0.5361320972442627,-5.597121344180778e-07,0.2585633397102356,0.5084870457649231,-0.07058905065059662,0.30771487951278687,0.5454665422439575,-0.0990237146615982,0.3502168357372284,0.6082574725151062,-0.10894887894392014,0.38327813148498535,0.6621257066726685,-0.113463394343853,0.2569887340068817,0.6823341250419617,-0.10461024940013885,0.3554536998271942,0.7209048271179199,-0.12494473159313202,0.3954833149909973,0.6869716644287109,-0.12420118600130081,0.4086798131465912,0.644637405872345,-0.12025654315948486,0.2533089816570282,0.7238941788673401,-0.06871523708105087,0.3540038764476776,0.7257319688796997,-0.09684009850025177,0.3752005696296692,0.6603006720542908,-0.09770140051841736,0.3697907626628876,0.6100866794586182,-0.09358301758766174,0.260651171207428,0.7397515773773193,-0.0338226780295372,0.3540474474430084,0.7229800224304199,-0.060818083584308624,0.36615508794784546,0.664427638053894,-0.06154082342982292,0.35864531993865967,0.6208297610282898,-0.057664889842271805,0.27324196696281433,0.7401074171066284,-0.0027048743795603514,0.33891743421554565,0.7144069671630859,-0.03281199932098389,0.3511258661746979,0.6659048199653625,-0.04226960986852646,0.34892183542251587,0.6339399218559265,-0.04258253797888756,Right,0.9958981871604919
4072,98,0,0.6898465752601624,0.5479297637939453,8.124806072373758e-07,0.6446807980537415,0.5058540105819702,-0.05943477153778076,0.5827158689498901,0.52667236328125,-0.09333867579698563,0.5374721884727478,0.5888233184814453,-0.11023760586977005,0.5049180388450623,0.6377512216567993,-0.125202476978302,0.6540595889091492,0.5926380753517151,-0.12906457483768463,0.5674195289611816,0.6159366369247437,-0.16624389588832855,0.5136053562164307,0.6308717727661133,-0.1824280023574829,0.47118160128593445,0.6409055590629578,-0.19204561412334442,0.6639859080314636,0.6586987972259521,-0.10837025940418243,0.5710594654083252,0.6859445571899414,-0.1438164860010147,0.5097097158432007,0.7018476128578186,-0.15367665886878967,0.46235448122024536,0.7116848826408386,-0.16110260784626007,0.6593475341796875,0.7020291090011597,-0.08638980239629745,0.5798845291137695,0.7381613254547119,-0.11640990525484085,0.5314369201660156,0.7485399842262268,-0.12519851326942444,0.4942941963672638,0.7521534562110901,-0.1317005306482315,0.6477693319320679,0.7285080552101135,-0.06719497591257095,0.5896618366241455,0.7501920461654663,-0.09173407405614853,0.5590397119522095,0.7520496845245361,-0.10080137103796005,0.5341498255729675,0.7518577575683594,-0.10676088184118271,Left,0.9962204098701477
4072,98,1,0.19929248094558716,0.5326218605041504,-5.92146932376636e-07,0.25216901302337646,0.5088201761245728,-0.06506098806858063,0.30409952998161316,0.5469931960105896,-0.0903918594121933,0.3502577245235443,0.6071354150772095,-0.09899583458900452,0.3866775333881378,0.6558627486228943,-0.10289616882801056,0.2527971863746643,0.6833215951919556,-0.08948128670454025,0.3493344783782959,0.7128165364265442,-0.10940657556056976,0.39065298438072205,0.6810840368270874,-0.1113877147436142,0.4058399796485901,0.6403387188911438,-0.10943782329559326,0.25184115767478943,0.719822347164154,-0.05633334070444107,0.35260725021362305,0.7076919674873352,-0.08401845395565033,0.37457820773124695,0.6411993503570557,-0.08713394403457642,0.372119277715683,0.5885917544364929,-0.08425236493349075,0.26080915331840515,0.7322837114334106,-0.02475311979651451,0.35345518589019775,0.6994762420654297,-0.050444163382053375,0.3649976849555969,0.6407245993614197,-0.05277760699391365,0.36010977625846863,0.5956296324729919,-0.04991769418120384,0.2732285261154175,0.7284644842147827,0.0030841378029435873,0.33729755878448486,0.6913403272628784,-0.02496188133955002,0.34806835651397705,0.6415321826934814,-0.03459574654698372,0.3482135534286499,0.6077823042869568,-0.03516937792301178,Right,0.9957815408706665
4114,99,0,0.6864598989486694,0.548740565776825,8.108489737423952e-07,0.6416141986846924,0.504686713218689,-0.06573547422885895,0.5782572627067566,0.5266767144203186,-0.10220648348331451,0.5362351536750793,0.5926240682601929,-0.11986862123012543,0.5128926038742065,0.6529038548469543,-0.13544611632823944,0.6547711491584778,0.5893691182136536,-0.14083434641361237,0.5694701671600342,0.6140900254249573,-0.18132959306240082,0.5178438425064087,0.6317340135574341,-0.19952449202537537,0.475763738155365,0.6456422209739685,-0.21063043177127838,0.6625243425369263,0.6573851108551025,-0.1177205741405487,0.5645661354064941,0.6816127896308899,-0.15446120500564575,0.5039485096931458,0.6917034983634949,-0.16466259956359863,0.45713043212890625,0.6960873007774353,-0.17346011102199554,0.6552590131759644,0.7025623321533203,-0.09359453618526459,0.5667749047279358,0.7317203879356384,-0.12415801733732224,0.5167451500892639,0.7379025220870972,-0.13274313509464264,0.4790261387825012,0.7395422458648682,-0.14027714729309082,0.6431469917297363,0.7301485538482666,-0.07274390757083893,0.5774441957473755,0.7459951043128967,-0.09786728769540787,0.5405759215354919,0.7462863922119141,-0.10732735693454742,0.511772096157074,0.7467090487480164,-0.1144358366727829,Left,0.9969772100448608
4114,99,1,0.19825851917266846,0.5289205312728882,-5.87895272019523e-07,0.2505612075328827,0.5053945183753967,-0.058613698929548264,0.3036101162433624,0.5430430769920349,-0.08032698184251785,0.34816887974739075,0.6054112315177917,-0.0863642692565918,0.38331618905067444,0.6563613414764404,-0.08794832229614258,0.251852810382843,0.6718050837516785,-0.08432796597480774,0.3431338369846344,0.7070651650428772,-0.1017514243721962,0.3859168589115143,0.6808841228485107,-0.10281330347061157,0.4052291810512543,0.6445313692092896,-0.10046204179525375,0.24729809165000916,0.7093591690063477,-0.05421985313296318,0.3475448787212372,0.7078778743743896,-0.07529829442501068,0.3794889748096466,0.6516356468200684,-0.07623089849948883,0.3871096670627594,0.600541353225708,-0.07356828451156616,0.2533636689186096,0.724105715751648,-0.025469405576586723,0.34771060943603516,0.7010160684585571,-0.04526863992214203,0.36674362421035767,0.6475191116333008,-0.04651574045419693,0.3693411946296692,0.6033674478530884,-0.0444914773106575,0.26387619972229004,0.7232213020324707,-0.00022026983788236976,0.32921165227890015,0.6932099461555481,-0.024592293426394463,0.3464545011520386,0.6493674516677856,-0.033712368458509445,0.3525679409503937,0.6175069808959961,-0.034998878836631775,Right,0.9958547949790955
4155,100,0,0.6855629086494446,0.550305962562561,7.933554115879815e-07,0.640209436416626,0.5039886236190796,-0.06377357989549637,0.5802667140960693,0.523628830909729,-0.10191520303487778,0.5373402237892151,0.584119439125061,-0.12176202237606049,0.501455545425415,0.6310270428657532,-0.13976174592971802,0.6523727178573608,0.5897771120071411,-0.1417054533958435,0.569045901298523,0.6144671440124512,-0.18143486976623535,0.5186514854431152,0.6330304741859436,-0.19889779388904572,0.4783388376235962,0.6470329761505127,-0.20976988971233368,0.6608121991157532,0.656949520111084,-0.11954489350318909,0.5631524324417114,0.6807906627655029,-0.15556810796260834,0.5015237331390381,0.6911585927009583,-0.16460557281970978,0.45418283343315125,0.6953520774841309,-0.17269285023212433,0.6543009281158447,0.7014603614807129,-0.09600614756345749,0.5665491819381714,0.7327367067337036,-0.12537139654159546,0.5148220658302307,0.7417222857475281,-0.13324522972106934,0.4754086434841156,0.7455548644065857,-0.14053228497505188,0.6425729990005493,0.728307843208313,-0.07553722709417343,0.577186644077301,0.7482509613037109,-0.09904983639717102,0.5386651158332825,0.7522058486938477,-0.1075906828045845,0.5083866715431213,0.7553805112838745,-0.11430858820676804,Left,0.9967514872550964
4155,100,1,0.20291747152805328,0.532351016998291,-5.450692697195336e-07,0.26019737124443054,0.5069481134414673,-0.050889752805233,0.3140248656272888,0.5465198159217834,-0.07141786068677902,0.35213011503219604,0.6125736236572266,-0.07841198146343231,0.38328665494918823,0.6593835949897766,-0.08164729923009872,0.2580524682998657,0.6599656343460083,-0.08245580643415451,0.34298163652420044,0.7055322527885437,-0.10038534551858902,0.38416168093681335,0.6849042177200317,-0.10228260606527328,0.4052608907222748,0.6518704891204834,-0.10027283430099487,0.2465769350528717,0.7007880210876465,-0.05713576450943947,0.34572863578796387,0.7168638706207275,-0.07719912379980087,0.38602495193481445,0.6709319353103638,-0.07763490825891495,0.4028143882751465,0.6223097443580627,-0.07536378502845764,0.24654975533485413,0.7203275561332703,-0.03243144229054451,0.34077706933021545,0.7184037566184998,-0.04949288070201874,0.37111037969589233,0.673039972782135,-0.04931905120611191,0.38337525725364685,0.6296991109848022,-0.04725545272231102,0.2539045512676239,0.7237213850021362,-0.010718308389186859,0.3208255469799042,0.713255763053894,-0.030705319717526436,0.3465154767036438,0.6778225302696228,-0.03753665089607239,0.35897088050842285,0.6465727686882019,-0.03854857385158539,Right,0.9973959922790527
4198,101,0,0.6858770847320557,0.5501683354377747,7.675051278965839e-07,0.6392819285392761,0.5031278729438782,-0.06318812817335129,0.5789030194282532,0.5215489864349365,-0.1003364697098732,0.5337592363357544,0.5779715776443481,-0.1185736134648323,0.4929061233997345,0.6156500577926636,-0.1341266930103302,0.6496173143386841,0.5881639719009399,-0.14263975620269775,0.5702794194221497,0.6157031655311584,-0.18136854469776154,0.520586371421814,0.6413716673851013,-0.19678530097007751,0.4807542562484741,0.6617143154144287,-0.20558303594589233,0.6593864560127258,0.6572499871253967,-0.11880165338516235,0.5604391098022461,0.682915449142456,-0.1519664078950882,0.5045889616012573,0.689196765422821,-0.15595807135105133,0.46487170457839966,0.690017580986023,-0.15976230800151825,0.6536410450935364,0.7029744386672974,-0.09335161000490189,0.562017023563385,0.7221410870552063,-0.12071265280246735,0.5203787684440613,0.7126074433326721,-0.12302426248788834,0.4931252598762512,0.7034338712692261,-0.12492705881595612,0.6422658562660217,0.7285370826721191,-0.07100345194339752,0.5736356377601624,0.7377833724021912,-0.09179800748825073,0.5412523746490479,0.730057954788208,-0.09685266017913818,0.5192531943321228,0.7248879671096802,-0.10011565685272217,Left,0.9983892440795898
4198,101,1,0.20967477560043335,0.5326573252677917,-5.231419208939769e-07,0.2677377760410309,0.5050516724586487,-0.04477309808135033,0.31795868277549744,0.5429144501686096,-0.06479895859956741,0.351719468832016,0.6121686100959778,-0.0729050412774086,0.38387173414230347,0.6579394340515137,-0.07754818350076675,0.25996774435043335,0.6423682570457458,-0.08285123109817505,0.3397004306316376,0.703680694103241,-0.1010415330529213,0.3817138075828552,0.6928867697715759,-0.10273788124322891,0.40535664558410645,0.6668323874473572,-0.10068017989397049,0.2451430857181549,0.6873570680618286,-0.06177816540002823,0.33994677662849426,0.7197970747947693,-0.0803525447845459,0.38541001081466675,0.6838488578796387,-0.08027737587690353,0.40745052695274353,0.6406742930412292,-0.07887475937604904,0.24275769293308258,0.7109671831130981,-0.040372833609580994,0.3333274722099304,0.7258754372596741,-0.054250963032245636,0.36806416511535645,0.6900973320007324,-0.05197072774171829,0.3839293122291565,0.6522825360298157,-0.049911223351955414,0.24864432215690613,0.7176641225814819,-0.02163771726191044,0.3144043982028961,0.7229358553886414,-0.03720882162451744,0.3457558751106262,0.6961958408355713,-0.04097975790500641,0.36273902654647827,0.667526125907898,-0.04114722087979317,Right,0.9980226159095764
4240,102,0,0.6862509250640869,0.5415836572647095,7.62018487421301e-07,0.6370181441307068,0.49964332580566406,-0.06308707594871521,0.5789265036582947,0.5218878388404846,-0.09398549050092697,0.5368766784667969,0.5771533846855164,-0.1061001643538475,0.4943985939025879,0.6043659448623657,-0.11414989829063416,0.6474663615226746,0.5843435525894165,-0.13132773339748383,0.5773295164108276,0.6268556118011475,-0.17017653584480286,0.5301040410995483,0.6586776375770569,-0.18639756739139557,0.4915601313114166,0.6882323622703552,-0.19557495415210724,0.6566295027732849,0.649945080280304,-0.10604378581047058,0.5663811564445496,0.6824090480804443,-0.1398535966873169,0.5142449140548706,0.6935817003250122,-0.14452064037322998,0.47972333431243896,0.703149676322937,-0.1471821665763855,0.6523857712745667,0.6932439804077148,-0.08036329597234726,0.5635784864425659,0.6937006711959839,-0.11014477908611298,0.5398620367050171,0.6513141393661499,-0.10944276303052902,0.5342515110969543,0.6191864013671875,-0.10522755235433578,0.6437605619430542,0.7166591882705688,-0.05867363512516022,0.5732945203781128,0.7073622941970825,-0.08212108910083771,0.5537480711936951,0.6775935292243958,-0.08805584907531738,0.547793447971344,0.6538417935371399,-0.0894206091761589,Left,0.9990231990814209
4240,102,1,0.21862083673477173,0.5400153398513794,-4.932118145006825e-07,0.27791333198547363,0.5129497051239014,-0.04422696307301521,0.329242467880249,0.5532350540161133,-0.0660465657711029,0.3622027039527893,0.6236964464187622,-0.07372277975082397,0.39695703983306885,0.6589648723602295,-0.07838986068964005,0.25908318161964417,0.6283047795295715,-0.10622920840978622,0.3404562473297119,0.6955723762512207,-0.12355630844831467,0.38407671451568604,0.6919761300086975,-0.11990249156951904,0.4107297360897064,0.6731358170509338,-0.1147959977388382,0.24122637510299683,0.6806690692901611,-0.08497559279203415,0.3404250741004944,0.7258952856063843,-0.10260125994682312,0.3865393400192261,0.7003727555274963,-0.09667197614908218,0.4098464250564575,0.6666091680526733,-0.09287454187870026,0.23761722445487976,0.7135649919509888,-0.06113748997449875,0.33261191844940186,0.7388789057731628,-0.07188477367162704,0.3689836263656616,0.7106453776359558,-0.06448108702898026,0.3866844177246094,0.6796781420707703,-0.061114609241485596,0.24348732829093933,0.7281733155250549,-0.039663419127464294,0.31425735354423523,0.7384642958641052,-0.05280769243836403,0.3483521640300751,0.7139373421669006,-0.05385715141892433,0.3670051693916321,0.687944233417511,-0.05373251438140869,Right,0.9978748559951782
4281,103,0,0.6920725703239441,0.5453184247016907,8.091802783383173e-07,0.6406430602073669,0.5058353543281555,-0.05960901081562042,0.5860359072685242,0.5305802822113037,-0.08914066851139069,0.5515309572219849,0.588363766670227,-0.10217095166444778,0.509995698928833,0.6180926561355591,-0.11264916509389877,0.6515293717384338,0.5973023176193237,-0.1136440858244896,0.5937103629112244,0.6546244025230408,-0.14961200952529907,0.5562618374824524,0.698750376701355,-0.16626772284507751,0.5265125632286072,0.7363280057907104,-0.17664729058742523,0.6611084342002869,0.6526147723197937,-0.08932114392518997,0.5839769244194031,0.6988484263420105,-0.11778544634580612,0.5363190174102783,0.7288669943809509,-0.12485700100660324,0.4993923306465149,0.758272111415863,-0.1302698701620102,0.6578094959259033,0.6856927275657654,-0.06533026695251465,0.5790442228317261,0.7042284607887268,-0.09133870154619217,0.5263846516609192,0.6921372413635254,-0.09910068660974503,0.4899236261844635,0.6798185706138611,-0.1035284548997879,0.6522569060325623,0.700169026851654,-0.044951241463422775,0.5892354846000671,0.6903064846992493,-0.07207333296537399,0.5539982914924622,0.6686457395553589,-0.08526189625263214,0.52935391664505,0.6512812972068787,-0.0920785591006279,Left,0.999366044998169
4281,103,1,0.22035354375839233,0.5449755191802979,-4.804031732419389e-07,0.2798480987548828,0.5159004926681519,-0.047998491674661636,0.33387482166290283,0.5530245304107666,-0.07508780062198639,0.36930787563323975,0.6172824501991272,-0.08607732504606247,0.4075155258178711,0.6515377163887024,-0.09422186762094498,0.2615986764431,0.6105080246925354,-0.12713690102100372,0.34577715396881104,0.6791847348213196,-0.15155717730522156,0.39072102308273315,0.6865888237953186,-0.14891210198402405,0.42039451003074646,0.678694486618042,-0.14284354448318481,0.2431485950946808,0.6716423034667969,-0.10439568012952805,0.34462007880210876,0.7176682353019714,-0.12341770529747009,0.38948920369148254,0.6974680423736572,-0.1102050170302391,0.41069456934928894,0.6695858836174011,-0.10118162631988525,0.24003225564956665,0.7128554582595825,-0.07877662032842636,0.3370545208454132,0.736130952835083,-0.09226825833320618,0.3704071044921875,0.7100272178649902,-0.07847648859024048,0.3835936188697815,0.6854556202888489,-0.0701526328921318,0.24685554206371307,0.7367346286773682,-0.05552063137292862,0.317685067653656,0.7446766495704651,-0.06982403248548508,0.3485751450061798,0.7202404141426086,-0.06645096838474274,0.3635562062263489,0.6974973678588867,-0.06269706040620804,Right,0.9982519149780273
4324,104,0,0.6822227239608765,0.5452150702476501,9.592351943865651e-07,0.6340614557266235,0.510970413684845,-0.0585770420730114,0.5802961587905884,0.5373765230178833,-0.08945910632610321,0.5466175675392151,0.5940152406692505,-0.10420042276382446,0.5035848617553711,0.6186635494232178,-0.11597713083028793,0.6564509272575378,0.6031884551048279,-0.11608925461769104,0.5946740508079529,0.6598549485206604,-0.152910515666008,0.548926055431366,0.7007946968078613,-0.1684122234582901,0.5120046734809875,0.7326688766479492,-0.17722086608409882,0.6652042865753174,0.6586717963218689,-0.09211213886737823,0.5770371556282043,0.6966823935508728,-0.12382566928863525,0.519429624080658,0.7109013199806213,-0.1294344961643219,0.47603651881217957,0.720809280872345,-0.13242189586162567,0.660565972328186,0.6928251385688782,-0.06815487891435623,0.5778405070304871,0.7035114169120789,-0.09601906687021255,0.5324671268463135,0.6841607689857483,-0.0996982753276825,0.5018895268440247,0.6656349897384644,-0.10005585104227066,0.6527683138847351,0.7087980508804321,-0.04763314872980118,0.5856925845146179,0.6978778839111328,-0.07314255088567734,0.553575873374939,0.6736977100372314,-0.08252757042646408,0.5321946740150452,0.6548922657966614,-0.0860861986875534,Left,0.9996944069862366
4324,104,1,0.22254818677902222,0.5454142093658447,-4.816276941710385e-07,0.2811635136604309,0.5168970823287964,-0.04647506773471832,0.3358263075351715,0.554032564163208,-0.0724051371216774,0.37068092823028564,0.6179100275039673,-0.08212084323167801,0.4061587452888489,0.6531070470809937,-0.089353546500206,0.25995513796806335,0.6099236607551575,-0.12809637188911438,0.34361258149147034,0.674809455871582,-0.1511879861354828,0.38871026039123535,0.6850205063819885,-0.14841978251934052,0.4190603494644165,0.6804392337799072,-0.1430233120918274,0.24206846952438354,0.6715133786201477,-0.10625231266021729,0.3462282121181488,0.7152361869812012,-0.12346690148115158,0.3902573585510254,0.6942811012268066,-0.10953947901725769,0.41034138202667236,0.6667013168334961,-0.10069811344146729,0.2391507774591446,0.7126572728157043,-0.08107400685548782,0.33781468868255615,0.7320254445075989,-0.0923653170466423,0.3664969205856323,0.703752875328064,-0.07693608850240707,0.3746941387653351,0.6787911057472229,-0.06821518391370773,0.24603262543678284,0.7350508570671082,-0.05835123360157013,0.31845712661743164,0.7391483187675476,-0.07182318717241287,0.34535685181617737,0.7113911509513855,-0.06744293123483658,0.3550344705581665,0.6858779191970825,-0.0632438063621521,Right,0.9978973865509033
4366,105,0,0.6770906448364258,0.5495442152023315,9.650201491240296e-07,0.6326953172683716,0.5129507780075073,-0.06255481392145157,0.58416748046875,0.535179853439331,-0.0957053005695343,0.5523200631141663,0.5890677571296692,-0.11129580438137054,0.5142160058021545,0.6208983063697815,-0.1236015260219574,0.6544138789176941,0.6045997142791748,-0.12263015657663345,0.5822516679763794,0.6644413471221924,-0.1576804518699646,0.5339105725288391,0.692221999168396,-0.17034536600112915,0.49403220415115356,0.7123199105262756,-0.17649726569652557,0.6640773415565491,0.6595505475997925,-0.0957428514957428,0.5715239644050598,0.7011493444442749,-0.12639422714710236,0.5177356004714966,0.7039586305618286,-0.12936951220035553,0.4814624786376953,0.7035222053527832,-0.13010917603969574,0.6591955423355103,0.6957176923751831,-0.06852176785469055,0.5735334753990173,0.7041757702827454,-0.09202577918767929,0.5431565046310425,0.6834110021591187,-0.09088341146707535,0.5277917981147766,0.669078528881073,-0.0889992043375969,0.6492049098014832,0.7143304944038391,-0.04541511461138725,0.5810840129852295,0.7030631303787231,-0.06502436101436615,0.5615202188491821,0.678035318851471,-0.07041430473327637,0.5524325966835022,0.6615573167800903,-0.07186908274888992,Left,0.999248206615448
4366,105,1,0.2249753177165985,0.5452442765235901,-4.76593555731597e-07,0.2828332483768463,0.5180025100708008,-0.04649253934621811,0.33592087030410767,0.5526609420776367,-0.07380088418722153,0.3712523579597473,0.6157700419425964,-0.08499512076377869,0.40722760558128357,0.6527491211891174,-0.09305935353040695,0.2643834054470062,0.6142918467521667,-0.128823384642601,0.3494919240474701,0.6804028153419495,-0.14990338683128357,0.39288827776908875,0.6848459243774414,-0.1434740573167801,0.42019063234329224,0.6739529967308044,-0.13517576456069946,0.24446740746498108,0.6716042160987854,-0.10655563324689865,0.34702542424201965,0.7178469300270081,-0.12303008139133453,0.3891561031341553,0.6975093483924866,-0.10722239315509796,0.4079664945602417,0.67037433385849,-0.09672672301530838,0.2400645911693573,0.7095500826835632,-0.08079206943511963,0.33780381083488464,0.7339869141578674,-0.09168057888746262,0.3679012358188629,0.7082116007804871,-0.07565034180879593,0.37827005982398987,0.6832717061042786,-0.06639982759952545,0.24609464406967163,0.7297631502151489,-0.057351477444171906,0.31735000014305115,0.735722541809082,-0.07077588886022568,0.3463541865348816,0.7113915085792542,-0.06688524782657623,0.3596320152282715,0.6876355409622192,-0.06287865340709686,Right,0.9986189007759094
4409,106,0,0.6754530668258667,0.5515127182006836,9.434095886717841e-07,0.6346375346183777,0.5127589106559753,-0.06531546264886856,0.5851844549179077,0.5342224836349487,-0.09995933622121811,0.5520250797271729,0.5899905562400818,-0.11639977991580963,0.5122566819190979,0.6222712397575378,-0.12972165644168854,0.654760479927063,0.6102584004402161,-0.12541472911834717,0.5811671018600464,0.6689697504043579,-0.16167110204696655,0.5309552550315857,0.6925749778747559,-0.17607761919498444,0.49007976055145264,0.7077082395553589,-0.1836620271205902,0.6639198064804077,0.6643127202987671,-0.09709669649600983,0.5682120323181152,0.7048991918563843,-0.12855887413024902,0.5153846144676208,0.6985064744949341,-0.13157981634140015,0.4828456938266754,0.689812183380127,-0.1324457973241806,0.6582984924316406,0.6999605894088745,-0.06865393370389938,0.5734403133392334,0.7093713879585266,-0.09270980209112167,0.5472716093063354,0.6824785470962524,-0.09029998630285263,0.5365779995918274,0.6633824110031128,-0.08753479272127151,0.647423505783081,0.7174359560012817,-0.04455573856830597,0.5805108547210693,0.7077849507331848,-0.06508446484804153,0.5613411664962769,0.6816854476928711,-0.0702577754855156,0.5523191094398499,0.6640095710754395,-0.07136128097772598,Left,0.9991931319236755
4409,106,1,0.22555753588676453,0.5458540916442871,-5.102446039018105e-07,0.28460827469825745,0.5194401741027832,-0.04685958847403526,0.33718636631965637,0.5543088912963867,-0.07249869406223297,0.37041759490966797,0.6189009547233582,-0.08206158876419067,0.4006959795951843,0.6608232259750366,-0.08828634023666382,0.2632586359977722,0.6214156150817871,-0.12568925321102142,0.3463151752948761,0.688183605670929,-0.14635342359542847,0.3886433243751526,0.6866828799247742,-0.1401653289794922,0.41448327898979187,0.6681604385375977,-0.13172832131385803,0.24397295713424683,0.6778225302696228,-0.10218457132577896,0.3456089496612549,0.7223384380340576,-0.12018448114395142,0.3900131285190582,0.6986098289489746,-0.1070924699306488,0.41097527742385864,0.6644819378852844,-0.09753444790840149,0.2403300404548645,0.714592456817627,-0.07524827867746353,0.3384571075439453,0.7345167398452759,-0.08713924884796143,0.3713897168636322,0.7058706283569336,-0.07424022257328033,0.38457977771759033,0.6749109029769897,-0.06618836522102356,0.24714955687522888,0.7326788306236267,-0.05052773281931877,0.3183959722518921,0.7346035838127136,-0.06434197723865509,0.35060322284698486,0.7081102132797241,-0.0623837411403656,0.3669469654560089,0.6813967823982239,-0.059099845588207245,Right,0.9988899230957031
4450,107,0,0.67701655626297,0.5538895130157471,9.034716299538559e-07,0.6316139698028564,0.5151892900466919,-0.06411869078874588,0.5825731158256531,0.5383613109588623,-0.09875179082155228,0.5495831966400146,0.5962463617324829,-0.11552999913692474,0.5091832280158997,0.6294308304786682,-0.12945502996444702,0.6491878032684326,0.6159753799438477,-0.12435662001371384,0.572245180606842,0.6760956645011902,-0.15801724791526794,0.5222269892692566,0.6983112096786499,-0.17012964189052582,0.4821864366531372,0.7107018232345581,-0.17659026384353638,0.6602031588554382,0.6709592938423157,-0.09713125973939896,0.5613267421722412,0.7147210836410522,-0.12659262120723724,0.5078864693641663,0.7064428329467773,-0.12906181812286377,0.4744502902030945,0.6930677890777588,-0.12981633841991425,0.6555172801017761,0.705549955368042,-0.06948830932378769,0.5633662343025208,0.7202383279800415,-0.09161603450775146,0.5280368328094482,0.7010232210159302,-0.09078509360551834,0.5085942149162292,0.6852128505706787,-0.09021167457103729,0.645139217376709,0.7202558517456055,-0.04597097635269165,0.5721551179885864,0.7132978439331055,-0.06506059318780899,0.5466862916946411,0.6908767819404602,-0.070863738656044,0.5318950414657593,0.6745803952217102,-0.0732448622584343,Left,0.9987272620201111
4450,107,1,0.22702279686927795,0.5449559688568115,-4.914773512609827e-07,0.2829364836215973,0.5142382383346558,-0.05450230836868286,0.3308233916759491,0.5481980443000793,-0.08162766695022583,0.36090385913848877,0.6174400448799133,-0.09232328087091446,0.3894532322883606,0.6678547859191895,-0.09897048771381378,0.2586826980113983,0.6350740790367126,-0.11533225327730179,0.34052351117134094,0.7000434398651123,-0.1356467604637146,0.381652295589447,0.6975497007369995,-0.13202403485774994,0.40494003891944885,0.6777765154838562,-0.12592573463916779,0.24292278289794922,0.6882641315460205,-0.08875449001789093,0.3401535451412201,0.7253547310829163,-0.10685727745294571,0.37581050395965576,0.6931834816932678,-0.09706030040979385,0.3865138292312622,0.6574026942253113,-0.08954214304685593,0.2417028248310089,0.7196487188339233,-0.0607345886528492,0.33542492985725403,0.735645592212677,-0.07465196400880814,0.3600161671638489,0.6993492841720581,-0.06422369182109833,0.36412855982780457,0.6663159728050232,-0.05754377320408821,0.2496335208415985,0.7345948815345764,-0.03594615310430527,0.31582018733024597,0.734026312828064,-0.05416025593876839,0.3407552242279053,0.7022133469581604,-0.055596139281988144,0.34958091378211975,0.6752908229827881,-0.05388538911938667,Right,0.9981287121772766
4494,108,0,0.6768333911895752,0.5506431460380554,8.64944865952566e-07,0.6295958161354065,0.5157714486122131,-0.06026937812566757,0.5807129740715027,0.5405517816543579,-0.0920020043849945,0.5480391383171082,0.5996154546737671,-0.10673598945140839,0.5075858235359192,0.631441056728363,-0.11834303289651871,0.6482915878295898,0.6165817975997925,-0.11973490566015244,0.5720611810684204,0.6758818626403809,-0.14917950332164764,0.5243496298789978,0.6969453692436218,-0.15635891258716583,0.485595703125,0.7092900276184082,-0.15925142168998718,0.6595574021339417,0.6731575131416321,-0.09330975264310837,0.5617077946662903,0.7178179025650024,-0.12009112536907196,0.5083926320075989,0.7093636393547058,-0.12035314738750458,0.4743969440460205,0.6939261555671692,-0.11889474093914032,0.6546502113342285,0.7078840136528015,-0.06589393317699432,0.5609480142593384,0.7204468250274658,-0.08689689636230469,0.5289132595062256,0.6888160109519958,-0.08442839980125427,0.5137694478034973,0.6619410514831543,-0.08125467598438263,0.6448270678520203,0.7221688032150269,-0.04211249575018883,0.5718550682067871,0.7149606943130493,-0.06002369150519371,0.5455084443092346,0.6897677779197693,-0.06497915089130402,0.5315817594528198,0.669458270072937,-0.06591417640447617,Left,0.9991912245750427
4494,108,1,0.22520162165164948,0.5449209809303284,-5.157888836038182e-07,0.2810141444206238,0.5117915868759155,-0.0570882223546505,0.32719001173973083,0.5474852323532104,-0.08438614755868912,0.3563159704208374,0.6184860467910767,-0.09545838832855225,0.38564255833625793,0.6698570847511292,-0.10252470523118973,0.2554262578487396,0.6433748602867126,-0.10838819295167923,0.33662858605384827,0.7038604021072388,-0.1315925419330597,0.3790842294692993,0.6983352303504944,-0.1334591507911682,0.40346670150756836,0.676810622215271,-0.13125929236412048,0.2418297529220581,0.6976487636566162,-0.08120790868997574,0.3374846577644348,0.7283121347427368,-0.10250123590230942,0.372406005859375,0.6930811405181885,-0.09801937639713287,0.3832836151123047,0.6557891368865967,-0.09360706806182861,0.24302217364311218,0.7275250554084778,-0.05358479917049408,0.3358244299888611,0.739990234375,-0.07151231914758682,0.360348641872406,0.7014657258987427,-0.065547876060009,0.3653765916824341,0.6680446863174438,-0.060845110565423965,0.2531593441963196,0.7397788166999817,-0.02927985228598118,0.319871723651886,0.7366045117378235,-0.05048852786421776,0.34489038586616516,0.7045979499816895,-0.05416318029165268,0.3546915054321289,0.6787909269332886,-0.053307462483644485,Right,0.9982360005378723
4537,109,0,0.676129937171936,0.55055832862854,8.625906957604457e-07,0.6301474571228027,0.51633220911026,-0.05787130072712898,0.5806484222412109,0.5402138829231262,-0.08876702189445496,0.5476411581039429,0.5986570119857788,-0.10308090597391129,0.5077834129333496,0.6301634311676025,-0.11434310674667358,0.6467397809028625,0.6128914952278137,-0.1180097684264183,0.5720359086990356,0.6743879914283752,-0.1469407081604004,0.5255353450775146,0.6962299942970276,-0.15375317633152008,0.4872437119483948,0.7098105549812317,-0.1564035564661026,0.6577820181846619,0.6700311303138733,-0.09231172502040863,0.5597789287567139,0.7150834798812866,-0.11804625391960144,0.5059106349945068,0.7075790166854858,-0.11729861050844193,0.47151875495910645,0.6926299929618835,-0.1153014600276947,0.6534519195556641,0.705625057220459,-0.0654732882976532,0.5623007416725159,0.7185225486755371,-0.08505737781524658,0.5328919887542725,0.6870684027671814,-0.08135171979665756,0.520127534866333,0.6602476239204407,-0.07749495655298233,0.6443246603012085,0.7207359075546265,-0.04218962416052818,0.5739578008651733,0.7143599390983582,-0.05933070182800293,0.5485448241233826,0.6901826858520508,-0.0636313185095787,0.5356684923171997,0.6705154776573181,-0.06407637894153595,Left,0.9993335008621216
4537,109,1,0.2212977409362793,0.5382627248764038,-5.497428787748504e-07,0.2786513566970825,0.5077769160270691,-0.05593954026699066,0.3250872492790222,0.5460505485534668,-0.08175421506166458,0.3540385067462921,0.6188268065452576,-0.091902956366539,0.38363057374954224,0.6724094152450562,-0.09818709641695023,0.2552080750465393,0.6447618007659912,-0.10228017717599869,0.33533164858818054,0.7070899605751038,-0.12438274174928665,0.3783703148365021,0.7014361619949341,-0.1270197480916977,0.40292495489120483,0.6792978644371033,-0.12557515501976013,0.241423562169075,0.6979976892471313,-0.07525822520256042,0.33659204840660095,0.7277083396911621,-0.09564034640789032,0.3734447956085205,0.6927482485771179,-0.0928913950920105,0.3860388398170471,0.6544789671897888,-0.0899006649851799,0.24219170212745667,0.7275104522705078,-0.04799821227788925,0.3341574966907501,0.7377511858940125,-0.0646706223487854,0.35977762937545776,0.7001752853393555,-0.06021852418780327,0.3657410740852356,0.6660840511322021,-0.056841399520635605,0.2516120672225952,0.739678144454956,-0.024114958941936493,0.3181324005126953,0.7355630993843079,-0.0438653938472271,0.3432510495185852,0.7034468650817871,-0.047887176275253296,0.3528999984264374,0.6770020127296448,-0.04756365716457367,Right,0.9977762699127197
4579,110,0,0.6737776398658752,0.5507678389549255,8.95063408279384e-07,0.6292349696159363,0.5159575343132019,-0.05925225466489792,0.580409049987793,0.5389379262924194,-0.09095008671283722,0.5478883385658264,0.5970584750175476,-0.10551539063453674,0.5088230967521667,0.6287872195243835,-0.11706659197807312,0.6475833654403687,0.6112879514694214,-0.122052863240242,0.5729221701622009,0.6722692847251892,-0.15110774338245392,0.5268999934196472,0.6950370073318481,-0.15768413245677948,0.48926860094070435,0.7089723944664001,-0.16038058698177338,0.6582658290863037,0.6690680980682373,-0.09585169702768326,0.5589711666107178,0.7128576636314392,-0.12166246026754379,0.5034744143486023,0.7079580426216125,-0.12133301794528961,0.46686142683029175,0.6946730613708496,-0.12017811834812164,0.6533759832382202,0.7052392959594727,-0.06845159083604813,0.5597743391990662,0.7214378118515015,-0.08776979148387909,0.5224291682243347,0.6984102129936218,-0.08639185130596161,0.5018572807312012,0.6771386861801147,-0.08539409935474396,0.6442195177078247,0.7211405038833618,-0.04458130896091461,0.57256680727005,0.7126762270927429,-0.06209605559706688,0.5437849164009094,0.6906943321228027,-0.06842358410358429,0.5266566276550293,0.6730431914329529,-0.07111015915870667,Left,0.9994527101516724
4579,110,1,0.21847817301750183,0.5332447290420532,-5.411411052591575e-07,0.27882203459739685,0.5049336552619934,-0.05428297817707062,0.3258104622364044,0.5441599488258362,-0.07904297858476639,0.3525948226451874,0.6182132363319397,-0.08824361115694046,0.3801272511482239,0.671626091003418,-0.09369447827339172,0.2551015019416809,0.639512836933136,-0.10349204391241074,0.33500412106513977,0.7025325298309326,-0.12374039739370346,0.3770903944969177,0.696874737739563,-0.12401067465543747,0.4014671742916107,0.6748805642127991,-0.12089747190475464,0.2403945028781891,0.692052960395813,-0.07680220156908035,0.3369143009185791,0.7281041145324707,-0.09530138224363327,0.37909722328186035,0.6983892321586609,-0.09146576374769211,0.3974181115627289,0.6611232161521912,-0.08811760693788528,0.24004559218883514,0.7220407724380493,-0.04939452186226845,0.33309781551361084,0.7365197539329529,-0.06449543684720993,0.36275315284729004,0.7015814781188965,-0.06023753061890602,0.3724261224269867,0.6680580377578735,-0.05731017887592316,0.24859899282455444,0.7344775199890137,-0.02521163783967495,0.3151828646659851,0.7338613271713257,-0.044111255556344986,0.3435051441192627,0.7037240266799927,-0.0487227737903595,0.35597020387649536,0.677320659160614,-0.04912659898400307,Right,0.9978204965591431
4620,111,0,0.6745017766952515,0.5483530163764954,9.005831316244439e-07,0.6310471296310425,0.5158429741859436,-0.057996947318315506,0.582038164138794,0.5417000651359558,-0.08901501446962357,0.5496610403060913,0.5976858139038086,-0.10339846462011337,0.510327160358429,0.6281216740608215,-0.11457180976867676,0.6483063101768494,0.6131947040557861,-0.11928988248109818,0.5719441175460815,0.6709421873092651,-0.1498381346464157,0.5248739123344421,0.692110538482666,-0.15790562331676483,0.4860559403896332,0.7074583172798157,-0.16172364354133606,0.6587198972702026,0.6712688207626343,-0.09406670928001404,0.5598818063735962,0.7119951248168945,-0.12189539521932602,0.5046813488006592,0.705278754234314,-0.12183824926614761,0.46913662552833557,0.6936628818511963,-0.12051159888505936,0.6545758247375488,0.7068111300468445,-0.06769176572561264,0.5667808651924133,0.7109799385070801,-0.08885417878627777,0.5514082908630371,0.668429970741272,-0.08229067921638489,0.5509265065193176,0.6371232867240906,-0.07588417828083038,0.6448090076446533,0.7212557792663574,-0.045096106827259064,0.577765941619873,0.7109231948852539,-0.06321833282709122,0.5610058903694153,0.682496964931488,-0.0656522661447525,0.5560708045959473,0.6622931957244873,-0.06448240578174591,Left,0.9989933371543884
4620,111,1,0.21635964512825012,0.5229371786117554,-5.278328671920463e-07,0.2787732779979706,0.49884068965911865,-0.04662550240755081,0.3275654911994934,0.5410053133964539,-0.06737098097801208,0.3546043634414673,0.6145593523979187,-0.07400017231702805,0.3801608383655548,0.6633937358856201,-0.07713132351636887,0.25960084795951843,0.6215027570724487,-0.09867017716169357,0.3376294672489166,0.6936753988265991,-0.11488759517669678,0.3773028254508972,0.6908850073814392,-0.11104504019021988,0.39960944652557373,0.6701644062995911,-0.10529295355081558,0.24146714806556702,0.6724719405174255,-0.07484342157840729,0.3356056213378906,0.7196360230445862,-0.0899464339017868,0.3739428222179413,0.6922228932380676,-0.08272333443164825,0.38839542865753174,0.6562749743461609,-0.07734639942646027,0.237457275390625,0.7030764222145081,-0.04939134046435356,0.32752543687820435,0.7306720018386841,-0.06026533618569374,0.3547391891479492,0.6993334889411926,-0.05274704471230507,0.361907422542572,0.6663603186607361,-0.04837561398744583,0.2431582808494568,0.7175382971763611,-0.026643924415111542,0.3073863983154297,0.72806316614151,-0.041264452040195465,0.33479368686676025,0.7013068199157715,-0.04308950528502464,0.3458784520626068,0.675030529499054,-0.04238186404109001,Right,0.9977279305458069
4663,112,0,0.6783275604248047,0.5491137504577637,9.084117209567921e-07,0.6384499669075012,0.5129529237747192,-0.05874919146299362,0.5879859924316406,0.5362995266914368,-0.08888649940490723,0.5532581210136414,0.5891731977462769,-0.10271420329809189,0.5157181620597839,0.6186266541481018,-0.113395094871521,0.6547327041625977,0.6119393110275269,-0.11505953222513199,0.5796326994895935,0.6594651937484741,-0.14714281260967255,0.5301862955093384,0.6765193939208984,-0.15741047263145447,0.4892151951789856,0.6877665519714355,-0.16269415616989136,0.6605789661407471,0.6685572266578674,-0.09033986181020737,0.5639068484306335,0.700789213180542,-0.12051510065793991,0.5098345279693604,0.6918566226959229,-0.12315653264522552,0.47505849599838257,0.6804429888725281,-0.12326089292764664,0.6534918546676636,0.7024580240249634,-0.0650397539138794,0.5700694918632507,0.6947193145751953,-0.09080513566732407,0.5638891458511353,0.6438639163970947,-0.08550301939249039,0.5715242624282837,0.610133945941925,-0.07825475186109543,0.641993522644043,0.7164000272750854,-0.04341091215610504,0.5777336955070496,0.6987261772155762,-0.06480282545089722,0.5640898942947388,0.6647235751152039,-0.06746718287467957,0.5614647269248962,0.6417011022567749,-0.06554281711578369,Left,0.9990085363388062
4663,112,1,0.21665681898593903,0.5208958983421326,-5.217854663897015e-07,0.2760407626628876,0.49110448360443115,-0.04435371235013008,0.3292768597602844,0.5255530476570129,-0.06612662225961685,0.358527272939682,0.5928812623023987,-0.07430049777030945,0.3811036944389343,0.637952983379364,-0.07932503521442413,0.25786447525024414,0.5930414199829102,-0.10347257554531097,0.33641329407691956,0.6632459759712219,-0.12341701984405518,0.3772246837615967,0.6633388996124268,-0.1211777999997139,0.39827120304107666,0.6470811367034912,-0.1164790615439415,0.23981231451034546,0.6499455571174622,-0.08290357142686844,0.3361027240753174,0.6995245814323425,-0.09902753680944443,0.3744211196899414,0.6730943918228149,-0.08995020389556885,0.3852308392524719,0.6409180164337158,-0.08373315632343292,0.2349732518196106,0.6865664720535278,-0.060588739812374115,0.32596567273139954,0.7150586843490601,-0.07205186784267426,0.353145569562912,0.6848621964454651,-0.06173316016793251,0.3574061989784241,0.6566795110702515,-0.05586471036076546,0.24017588794231415,0.7066802978515625,-0.04086904227733612,0.30727359652519226,0.7190539836883545,-0.05467253923416138,0.3335218131542206,0.693260908126831,-0.05384528636932373,0.340591698884964,0.6701189279556274,-0.05182138830423355,Right,0.9980339407920837
4703,113,0,0.6819232702255249,0.546686053276062,8.559496222915186e-07,0.6398938894271851,0.5126655101776123,-0.05586056411266327,0.5894267559051514,0.537428081035614,-0.0817079246044159,0.5550566911697388,0.5869181752204895,-0.0917966216802597,0.5183207392692566,0.613132894039154,-0.09863319993019104,0.6551586985588074,0.6176363229751587,-0.10222740471363068,0.5789043307304382,0.6647719740867615,-0.13155128061771393,0.5280361175537109,0.6786948442459106,-0.14135918021202087,0.48765185475349426,0.6867464780807495,-0.1455838680267334,0.6624028086662292,0.6691718101501465,-0.07741764932870865,0.5666853785514832,0.7013436555862427,-0.10379564762115479,0.5161138772964478,0.6865320205688477,-0.1057618036866188,0.48689547181129456,0.671416163444519,-0.1047542542219162,0.6571235060691833,0.7012489438056946,-0.05258822813630104,0.5774340033531189,0.6947744488716125,-0.07577642053365707,0.5731924176216125,0.6452723741531372,-0.07140418142080307,0.5835269093513489,0.6141172051429749,-0.06410582363605499,0.6460668444633484,0.7138875126838684,-0.031349245458841324,0.5846236944198608,0.7007671594619751,-0.04949255287647247,0.577259361743927,0.6653743982315063,-0.050758883357048035,0.5822933912277222,0.6414555907249451,-0.04755392670631409,Left,0.9978494048118591
4703,113,1,0.2227230668067932,0.5250291228294373,-4.792127583641559e-07,0.28023895621299744,0.4945315718650818,-0.04340723901987076,0.33209002017974854,0.5209717154502869,-0.06926730275154114,0.3631601929664612,0.5808314681053162,-0.08052752166986465,0.38706475496292114,0.6268842816352844,-0.08838655054569244,0.26108527183532715,0.5792474746704102,-0.12103588134050369,0.3404998481273651,0.6584675312042236,-0.14093898236751556,0.38188016414642334,0.6623098850250244,-0.13352692127227783,0.40509137511253357,0.6476118564605713,-0.12498895823955536,0.24014146625995636,0.6386604905128479,-0.1012333333492279,0.33874332904815674,0.6921343803405762,-0.11806602030992508,0.3730423152446747,0.6640411019325256,-0.10330928862094879,0.38190650939941406,0.6313806772232056,-0.0934455543756485,0.2338455766439438,0.6796715259552002,-0.0782446637749672,0.32796260714530945,0.7106659412384033,-0.0883394405245781,0.3520560562610626,0.6789778470993042,-0.07192052900791168,0.3552590608596802,0.6495994925498962,-0.06293690949678421,0.23750920593738556,0.7039539217948914,-0.057486604899168015,0.3077201247215271,0.7174491882324219,-0.06974814832210541,0.333268940448761,0.6891464591026306,-0.06496121734380722,0.34132713079452515,0.6635127663612366,-0.06076515093445778,Right,0.9979744553565979
4746,114,0,0.6811756491661072,0.5468564629554749,8.730978606763529e-07,0.6408222913742065,0.5109201669692993,-0.05576485022902489,0.5932075381278992,0.5353816747665405,-0.08234623819589615,0.56100994348526,0.5877419114112854,-0.09377182275056839,0.5264093279838562,0.6194016337394714,-0.10220073908567429,0.6590368747711182,0.6207928657531738,-0.09999582171440125,0.5837172865867615,0.668999433517456,-0.12909449636936188,0.5331025123596191,0.6818817853927612,-0.13897493481636047,0.492837518453598,0.6882449984550476,-0.1432252824306488,0.6658970713615417,0.6708178520202637,-0.07562067359685898,0.5710588693618774,0.7050414085388184,-0.10262857377529144,0.5196699500083923,0.6912763118743896,-0.10589954257011414,0.4880249798297882,0.6758174300193787,-0.10550107806921005,0.6601616740226746,0.7010331153869629,-0.05128129571676254,0.5788596868515015,0.6957789659500122,-0.07587020844221115,0.5676425695419312,0.6489499807357788,-0.07324951887130737,0.5714371800422668,0.6176272034645081,-0.06693786382675171,0.6490068435668945,0.7132604122161865,-0.03033510409295559,0.5863218307495117,0.6989572048187256,-0.05000736191868782,0.5746961832046509,0.6635996103286743,-0.05256102606654167,0.575381875038147,0.6392841935157776,-0.04995892196893692,Left,0.997440755367279
4746,114,1,0.2277826964855194,0.5271315574645996,-4.330891272275039e-07,0.2838212251663208,0.4947704076766968,-0.04660782590508461,0.3368375897407532,0.5230791568756104,-0.07476485520601273,0.3682529628276825,0.5830367207527161,-0.08668512105941772,0.39165595173835754,0.6290384531021118,-0.0950680822134018,0.26204434037208557,0.5662353038787842,-0.13317252695560455,0.34036093950271606,0.6510118246078491,-0.15424387156963348,0.3817048966884613,0.6618307828903198,-0.1458359807729721,0.40543997287750244,0.6526477336883545,-0.13680554926395416,0.24007868766784668,0.6257946491241455,-0.11208364367485046,0.339419960975647,0.6866954565048218,-0.12993240356445312,0.3732338547706604,0.6622940897941589,-0.11335600167512894,0.3812570869922638,0.6308346390724182,-0.10278420150279999,0.23386743664741516,0.6701450347900391,-0.08756150305271149,0.32831165194511414,0.7067382335662842,-0.0986894890666008,0.35274022817611694,0.6765376925468445,-0.08140212297439575,0.3555353879928589,0.6477251648902893,-0.07220960408449173,0.2382383942604065,0.6993016004562378,-0.06528770923614502,0.3092554807662964,0.7174545526504517,-0.0790957435965538,0.3349441587924957,0.6898841261863708,-0.07492496073246002,0.3427610397338867,0.6646233797073364,-0.07154357433319092,Right,0.9967963695526123
4787,115,0,0.6824855804443359,0.54194176197052,7.97198879354255e-07,0.6404694318771362,0.5098869800567627,-0.05350920185446739,0.5902981162071228,0.5357305407524109,-0.07940693944692612,0.5599273443222046,0.5878133773803711,-0.09032443165779114,0.5255510807037354,0.616294264793396,-0.09823085367679596,0.6599214673042297,0.6085385680198669,-0.10263438522815704,0.5869324803352356,0.6636008024215698,-0.1301639974117279,0.5382314920425415,0.6800821423530579,-0.13785985112190247,0.4988268315792084,0.6905704736709595,-0.14099660515785217,0.6676105260848999,0.6603873372077942,-0.07835778594017029,0.5759506225585938,0.6950217485427856,-0.10171831399202347,0.526605486869812,0.685357928276062,-0.101220041513443,0.49752384424209595,0.6756500601768494,-0.0998716950416565,0.6622858047485352,0.6941869258880615,-0.0537317730486393,0.5841021537780762,0.694067120552063,-0.0736677274107933,0.574569582939148,0.6499592065811157,-0.06824755668640137,0.5802429914474487,0.6200160384178162,-0.061899296939373016,0.6516656279563904,0.71073317527771,-0.03263089805841446,0.590614378452301,0.6999803185462952,-0.049150463193655014,0.5795235633850098,0.6675832867622375,-0.0508800745010376,0.5812853574752808,0.6450556516647339,-0.04889162629842758,Left,0.998130738735199
4787,115,1,0.23164089024066925,0.5242109298706055,-4.2994167870347155e-07,0.28682833909988403,0.494839608669281,-0.044511571526527405,0.33852577209472656,0.5236939191818237,-0.07179775834083557,0.3686647415161133,0.5818524956703186,-0.08361687511205673,0.39190196990966797,0.6259632706642151,-0.092087522149086,0.2680087089538574,0.560183048248291,-0.12695778906345367,0.33994293212890625,0.6500595808029175,-0.14692732691764832,0.37818610668182373,0.6595474481582642,-0.13906285166740417,0.39845511317253113,0.6492418646812439,-0.13106083869934082,0.2437402606010437,0.6173027753829956,-0.10734423995018005,0.33951622247695923,0.6862753629684448,-0.12342310696840286,0.3684077858924866,0.6598868370056152,-0.10766047984361649,0.37095770239830017,0.6282526254653931,-0.09856728464365005,0.23474901914596558,0.6599143147468567,-0.08442018181085587,0.3267859220504761,0.7062221169471741,-0.09442542493343353,0.34593260288238525,0.673716127872467,-0.07717031985521317,0.34305837750434875,0.6438902020454407,-0.06887324154376984,0.23714028298854828,0.6888372302055359,-0.06371263414621353,0.30722737312316895,0.7163487076759338,-0.07763177156448364,0.3274143934249878,0.6876794695854187,-0.0734749510884285,0.32869330048561096,0.6622390151023865,-0.07068523019552231,Right,0.9958195686340332
4827,116,0,0.6827696561813354,0.5438845157623291,8.735736969356367e-07,0.643439531326294,0.5071205496788025,-0.056585103273391724,0.5928979516029358,0.5308681130409241,-0.08511482179164886,0.5622060894966125,0.5839905738830566,-0.09826909750699997,0.5273358821868896,0.6134286522865295,-0.10809604078531265,0.6619926691055298,0.6046183109283447,-0.10584568977355957,0.5877562165260315,0.6545148491859436,-0.13749834895133972,0.5378979444503784,0.6700960397720337,-0.14898046851158142,0.49718815088272095,0.6804956197738647,-0.15508511662483215,0.6688004732131958,0.6579251289367676,-0.08169135451316833,0.5744748711585999,0.68901127576828,-0.11092541366815567,0.523708701133728,0.677155613899231,-0.11378300189971924,0.4933888912200928,0.6678295135498047,-0.11419656872749329,0.6622641086578369,0.6926469802856445,-0.057521212846040726,0.58489590883255,0.686363160610199,-0.08222653716802597,0.5840855836868286,0.6387156844139099,-0.07643131166696548,0.5968701243400574,0.6105661988258362,-0.06899406760931015,0.6502231359481812,0.7097392678260803,-0.03714409098029137,0.5900945663452148,0.6963677406311035,-0.05618885159492493,0.5858505368232727,0.6616300344467163,-0.05698572099208832,0.5924527049064636,0.6414963006973267,-0.054144859313964844,Left,0.9983432292938232
4827,116,1,0.22557619214057922,0.5189018845558167,-4.4757081241186825e-07,0.2805924713611603,0.4863247275352478,-0.04035470634698868,0.33274343609809875,0.5129066109657288,-0.06552453339099884,0.3647821545600891,0.5691543817520142,-0.07709922641515732,0.3935707211494446,0.6122913360595703,-0.08522152900695801,0.2676084041595459,0.554397463798523,-0.11302270740270615,0.3435264229774475,0.6414644718170166,-0.1296461671590805,0.3803747892379761,0.649157702922821,-0.12110362201929092,0.3973602056503296,0.640114963054657,-0.11355199664831161,0.24320080876350403,0.6087788343429565,-0.09618967026472092,0.33730778098106384,0.6748924851417542,-0.11040657758712769,0.35808223485946655,0.647904098033905,-0.0954422876238823,0.35279932618141174,0.619142472743988,-0.08734522014856339,0.23267273604869843,0.6482078433036804,-0.07654450833797455,0.32026854157447815,0.696862518787384,-0.08514872938394547,0.3372077941894531,0.6669753789901733,-0.06835005432367325,0.3329526484012604,0.6415741443634033,-0.06079411506652832,0.23281684517860413,0.6756353974342346,-0.059060800820589066,0.295981228351593,0.709288477897644,-0.07159757614135742,0.31451740860939026,0.6846361756324768,-0.06746111810207367,0.31619957089424133,0.6621046662330627,-0.06525643169879913,Right,0.9962060451507568
4868,117,0,0.6862112879753113,0.544141948223114,8.500117019138997e-07,0.647573709487915,0.5044716596603394,-0.05907398834824562,0.5969932079315186,0.5246543288230896,-0.08910766243934631,0.5642064213752747,0.5765226483345032,-0.10270731151103973,0.5294229984283447,0.6071547269821167,-0.11301509290933609,0.6624436974525452,0.602715790271759,-0.11201211810112,0.5868399739265442,0.6466139554977417,-0.14476951956748962,0.5371806025505066,0.660565197467804,-0.15738272666931152,0.4957636296749115,0.6696757078170776,-0.16477352380752563,0.6673460006713867,0.6575971245765686,-0.08692160248756409,0.5752396583557129,0.6791545152664185,-0.11705230176448822,0.5238939523696899,0.664422869682312,-0.1203019842505455,0.4906923770904541,0.6533812284469604,-0.12166474759578705,0.6595801711082458,0.6919249892234802,-0.06173676997423172,0.5827840566635132,0.6746687889099121,-0.08695756644010544,0.58175128698349,0.6250897645950317,-0.0805220678448677,0.5933840870857239,0.5958012938499451,-0.07326426357030869,0.6468294858932495,0.707868218421936,-0.04060497507452965,0.5896141529083252,0.6859442591667175,-0.06078082323074341,0.5854379534721375,0.6506289839744568,-0.061734870076179504,0.5916246175765991,0.6305837631225586,-0.05921643599867821,Left,0.9975160956382751
4868,117,1,0.2242167443037033,0.511547863483429,-4.0048954019766825e-07,0.27625709772109985,0.4787670075893402,-0.04026942327618599,0.33061254024505615,0.5035785436630249,-0.06575470417737961,0.36578643321990967,0.5563766956329346,-0.07726625353097916,0.39500612020492554,0.5989025235176086,-0.08563728630542755,0.26551634073257446,0.5432453155517578,-0.11806642264127731,0.34086108207702637,0.6241884827613831,-0.1350625455379486,0.37945371866226196,0.6353009343147278,-0.12601470947265625,0.3983977437019348,0.6294814944267273,-0.11780718713998795,0.24103277921676636,0.5971837639808655,-0.10129161924123764,0.33639979362487793,0.6610792875289917,-0.11584064364433289,0.36086857318878174,0.6363831758499146,-0.09967054426670074,0.35916054248809814,0.6075881123542786,-0.09059779345989227,0.23048996925354004,0.6377300024032593,-0.08140213787555695,0.32056882977485657,0.6843704581260681,-0.09028711915016174,0.3388233184814453,0.6541670560836792,-0.07267583161592484,0.3354651629924774,0.6271463632583618,-0.06420031934976578,0.2303178757429123,0.6652480363845825,-0.06343811005353928,0.29661262035369873,0.6986331343650818,-0.07478536665439606,0.3154677748680115,0.6715383529663086,-0.06894952058792114,0.3159817159175873,0.6457921862602234,-0.06564032286405563,Right,0.9970412850379944
4909,118,0,0.6846035122871399,0.5425199866294861,9.432003480469575e-07,0.6490423679351807,0.5001193881034851,-0.06173722445964813,0.5986828207969666,0.5193489193916321,-0.09384022653102875,0.5629749298095703,0.5719684958457947,-0.1092539057135582,0.5275549292564392,0.6031870245933533,-0.1210969090461731,0.6646411418914795,0.5925739407539368,-0.11607453227043152,0.5898719429969788,0.6374648213386536,-0.15086260437965393,0.54035484790802,0.652593195438385,-0.16377562284469604,0.49924659729003906,0.6636812090873718,-0.170780748128891,0.6690117120742798,0.6512677669525146,-0.09037353843450546,0.5730381608009338,0.6752209663391113,-0.12310431897640228,0.5208192467689514,0.6633283495903015,-0.12673088908195496,0.48747023940086365,0.6540865898132324,-0.12751559913158417,0.6612787842750549,0.6894840002059937,-0.0647338479757309,0.5827503204345703,0.6751275658607483,-0.09192419052124023,0.5849241018295288,0.6256839632987976,-0.08517996966838837,0.5982375144958496,0.5961101055145264,-0.07689619809389114,0.6490167379379272,0.7079554200172424,-0.043278396129608154,0.5891164541244507,0.6883467435836792,-0.0642898678779602,0.5855902433395386,0.651610255241394,-0.06495252996683121,0.5910676717758179,0.6296510100364685,-0.061806898564100266,Left,0.9990704655647278
4909,118,1,0.22489526867866516,0.5140425562858582,-3.788943843119341e-07,0.275588721036911,0.47983142733573914,-0.04381702095270157,0.32969987392425537,0.4974024295806885,-0.07331232726573944,0.3657490313053131,0.5456891655921936,-0.08761999756097794,0.396541565656662,0.5880383849143982,-0.09878797084093094,0.2637789845466614,0.5389026403427124,-0.12916286289691925,0.34212106466293335,0.6167178750038147,-0.1484532654285431,0.38079577684402466,0.6277972459793091,-0.13993583619594574,0.40036481618881226,0.6224597692489624,-0.13219866156578064,0.2404038906097412,0.5960139036178589,-0.11119457334280014,0.3397189974784851,0.6519092917442322,-0.12717628479003906,0.36159902811050415,0.6254086494445801,-0.11036038398742676,0.358038067817688,0.5974560976028442,-0.10144525021314621,0.2318054735660553,0.638319730758667,-0.08982101082801819,0.3259441554546356,0.67612624168396,-0.09975606203079224,0.34085583686828613,0.6443971991539001,-0.08110205084085464,0.3349505662918091,0.6179574131965637,-0.07265332341194153,0.23375973105430603,0.6671845316886902,-0.0705217495560646,0.304952472448349,0.6908268928527832,-0.08414671570062637,0.3211616277694702,0.6620957255363464,-0.07878267019987106,0.3189047574996948,0.6379368901252747,-0.075832299888134,Right,0.9951860308647156
4949,119,0,0.6918189525604248,0.5415225028991699,8.302063747578359e-07,0.6525084376335144,0.5024312138557434,-0.05919871851801872,0.6021894812583923,0.5244275331497192,-0.08888871967792511,0.5661083459854126,0.5748041272163391,-0.10276097804307938,0.5283873677253723,0.6029471755027771,-0.11328400671482086,0.6656985282897949,0.6048485040664673,-0.10644320398569107,0.5866559743881226,0.649612545967102,-0.13733188807964325,0.5361462831497192,0.6613305807113647,-0.14815136790275574,0.49594199657440186,0.6679872870445251,-0.1535114347934723,0.6719309687614441,0.660273015499115,-0.08023262023925781,0.5757895708084106,0.6783416867256165,-0.1081124022603035,0.5310362577438354,0.6589137315750122,-0.10923834890127182,0.5060772895812988,0.6447136998176575,-0.10847936570644379,0.6660609245300293,0.694638192653656,-0.05446963384747505,0.5870073437690735,0.6793550848960876,-0.07822452485561371,0.5869633555412292,0.6305956840515137,-0.0724816843867302,0.5986459851264954,0.6013690829277039,-0.06506261974573135,0.6547894477844238,0.7099642157554626,-0.032699234783649445,0.5946031808853149,0.6907526850700378,-0.05052291229367256,0.5902416706085205,0.6557575464248657,-0.0514695979654789,0.5967325568199158,0.6351985335350037,-0.04877087101340294,Left,0.998099684715271
4949,119,1,0.22232627868652344,0.5145105719566345,-3.6273638670536457e-07,0.2764226198196411,0.4832131564617157,-0.04610292613506317,0.3336184322834015,0.5024756193161011,-0.0755067765712738,0.36968129873275757,0.5522692203521729,-0.08952688425779343,0.3977528512477875,0.5971452593803406,-0.10022252053022385,0.2619835138320923,0.5509355068206787,-0.12898705899715424,0.33939966559410095,0.6191418170928955,-0.1475900411605835,0.378706157207489,0.6300367712974548,-0.13798989355564117,0.39920774102211,0.6242247819900513,-0.12907347083091736,0.24043048918247223,0.6051536798477173,-0.10943470895290375,0.335538387298584,0.6573874354362488,-0.1269102543592453,0.36732035875320435,0.6366562843322754,-0.11094015836715698,0.3724592328071594,0.6095182299613953,-0.10139666497707367,0.23370438814163208,0.6450643539428711,-0.08663845807313919,0.32489651441574097,0.6796916723251343,-0.09889939427375793,0.34944993257522583,0.6531317234039307,-0.08298125863075256,0.35100069642066956,0.6276258826255798,-0.07497617602348328,0.23619958758354187,0.6712127923965454,-0.0659434124827385,0.3054572343826294,0.6910495162010193,-0.08106409758329391,0.32910212874412537,0.6663642525672913,-0.07773587107658386,0.3334471583366394,0.6429957747459412,-0.07542230188846588,Right,0.9973210692405701
4990,120,0,0.6938940286636353,0.543228268623352,9.085648002837843e-07,0.6552621126174927,0.4989931583404541,-0.05930968001484871,0.6034102439880371,0.5173908472061157,-0.09010308235883713,0.5680639147758484,0.5690564513206482,-0.10500327497720718,0.5303952693939209,0.5967899560928345,-0.11668562889099121,0.6673951745033264,0.5905581712722778,-0.11091656237840652,0.5893821716308594,0.6352556943893433,-0.14447543025016785,0.5383425951004028,0.6508343815803528,-0.1569312959909439,0.49660739302635193,0.6617597341537476,-0.1634027063846588,0.6731317043304443,0.6498596668243408,-0.08594462275505066,0.5778773427009583,0.6738865375518799,-0.11718516051769257,0.5255084037780762,0.6641755104064941,-0.12064556777477264,0.4917476773262024,0.6569133400917053,-0.12113139033317566,0.6661748290061951,0.6885660290718079,-0.060984738171100616,0.5885950922966003,0.6746853590011597,-0.08790792524814606,0.5925127267837524,0.6253458261489868,-0.08216973394155502,0.6073460578918457,0.5961421132087708,-0.07399715483188629,0.653974175453186,0.708658754825592,-0.03992803394794464,0.5970298051834106,0.6903149485588074,-0.06057583913207054,0.5951533317565918,0.6545623540878296,-0.061420589685440063,0.6024066209793091,0.6335324048995972,-0.05815303325653076,Left,0.9989688396453857
4990,120,1,0.22053536772727966,0.521702766418457,-4.009315830444393e-07,0.2716667950153351,0.4864586293697357,-0.05056298151612282,0.32807737588882446,0.5057900547981262,-0.08027396351099014,0.36676982045173645,0.5564301609992981,-0.09321704506874084,0.39425092935562134,0.6026397347450256,-0.1028422862291336,0.252528578042984,0.5601010322570801,-0.1333293318748474,0.3343978226184845,0.6248419880867004,-0.15212669968605042,0.3756585419178009,0.6324339509010315,-0.14285533130168915,0.39867696166038513,0.6255099177360535,-0.13448461890220642,0.2356078177690506,0.6171334385871887,-0.11082938313484192,0.3372381031513214,0.6578884720802307,-0.12935476005077362,0.368493914604187,0.6307576298713684,-0.11478956788778305,0.37297189235687256,0.6012234687805176,-0.10640886425971985,0.23328310251235962,0.6580240726470947,-0.08508960157632828,0.33066505193710327,0.6778373718261719,-0.098228320479393,0.3524828851222992,0.6437543034553528,-0.08302771300077438,0.3518093228340149,0.6150767207145691,-0.07565546035766602,0.239284485578537,0.6843780875205994,-0.06181779131293297,0.31052303314208984,0.6905441880226135,-0.07769951969385147,0.3323459327220917,0.6585910320281982,-0.07495929300785065,0.3349391520023346,0.6324948072433472,-0.07312425971031189,Right,0.9985176920890808
5032,121,0,0.6928730010986328,0.5361514091491699,9.269485872209771e-07,0.6566441655158997,0.4936234951019287,-0.061000581830739975,0.6046760082244873,0.5141301155090332,-0.09197879582643509,0.5688011646270752,0.5682088136672974,-0.10652222484350204,0.5321184396743774,0.6001136898994446,-0.11743388324975967,0.6705808639526367,0.5918728709220886,-0.11354595422744751,0.5924016833305359,0.635826587677002,-0.1471821516752243,0.5418103933334351,0.6510374546051025,-0.1584264487028122,0.5002183318138123,0.6623824238777161,-0.16393281519412994,0.6741239428520203,0.6504424810409546,-0.088032566010952,0.5755403637886047,0.6697947978973389,-0.12016892433166504,0.5234131217002869,0.6560384035110474,-0.12317516654729843,0.48993805050849915,0.6462957262992859,-0.12313330173492432,0.6661760210990906,0.6876447796821594,-0.06265287846326828,0.58714359998703,0.667708158493042,-0.09097211062908173,0.5918585658073425,0.6144713163375854,-0.08469881117343903,0.6066138744354248,0.5846181511878967,-0.07567793130874634,0.6536492705345154,0.7055659890174866,-0.04118566960096359,0.5943231582641602,0.6835289001464844,-0.06218251585960388,0.592308759689331,0.6471207737922668,-0.0624614842236042,0.5998461842536926,0.6272495985031128,-0.05859135836362839,Left,0.9988082051277161
5032,121,1,0.21558047831058502,0.5219834446907043,-4.138830433930707e-07,0.26936084032058716,0.4846440255641937,-0.053038340061903,0.32708925008773804,0.501775860786438,-0.08515460789203644,0.365217924118042,0.5544871687889099,-0.10022766143083572,0.3958357572555542,0.6009768843650818,-0.11211362481117249,0.25028711557388306,0.5603621006011963,-0.13347147405147552,0.33341535925865173,0.6196967959403992,-0.15569762885570526,0.37463614344596863,0.6270416378974915,-0.15036524832248688,0.39757052063941956,0.6225305199623108,-0.1445576250553131,0.23543061316013336,0.619210958480835,-0.11013525724411011,0.33917757868766785,0.6553879380226135,-0.12938714027404785,0.3719126582145691,0.6258470416069031,-0.11610335111618042,0.37707987427711487,0.5977516174316406,-0.10874553769826889,0.2352766990661621,0.6593376398086548,-0.08403386175632477,0.33508849143981934,0.6740040183067322,-0.09889272600412369,0.35739266872406006,0.6380506753921509,-0.08505546301603317,0.356560617685318,0.610556960105896,-0.07842106372117996,0.24307890236377716,0.6844773888587952,-0.06056394800543785,0.31675559282302856,0.681949257850647,-0.07779083400964737,0.33742398023605347,0.649893581867218,-0.07603567093610764,0.3383238911628723,0.6262215375900269,-0.07462646067142487,Right,0.9983899593353271
5073,122,0,0.6932066679000854,0.5326394438743591,9.178677373711253e-07,0.6546980142593384,0.49381187558174133,-0.0600796714425087,0.6030847430229187,0.5171442627906799,-0.0905437245965004,0.5661090612411499,0.5711336135864258,-0.10520635545253754,0.5292125940322876,0.6023052334785461,-0.11640993505716324,0.6691743731498718,0.5926743745803833,-0.10736515372991562,0.5902023911476135,0.6406649947166443,-0.1410049945116043,0.5388225317001343,0.6560941934585571,-0.15363797545433044,0.4970642924308777,0.6681393980979919,-0.16000409424304962,0.6753281950950623,0.6494515538215637,-0.08191796392202377,0.5766811370849609,0.6752896904945374,-0.11333875358104706,0.526482343673706,0.6602488160133362,-0.11655678600072861,0.49611103534698486,0.6499884724617004,-0.11642321944236755,0.6699772477149963,0.6867622137069702,-0.05703483894467354,0.5905023813247681,0.6762698292732239,-0.0840822085738182,0.5953044891357422,0.6253906488418579,-0.07827931642532349,0.6106714010238647,0.5970215797424316,-0.06960466504096985,0.6588083505630493,0.7050619125366211,-0.03617069497704506,0.599073052406311,0.6894147992134094,-0.05550495907664299,0.5982446074485779,0.6541270017623901,-0.05566754192113876,0.6074402928352356,0.6347858309745789,-0.051923952996730804,Left,0.9984210133552551
5073,122,1,0.2175283133983612,0.5247350335121155,-3.788211699884414e-07,0.26831763982772827,0.48513877391815186,-0.057014111429452896,0.32594260573387146,0.5022820234298706,-0.09006183594465256,0.36560478806495667,0.5546180605888367,-0.10441038757562637,0.394558846950531,0.6039066910743713,-0.11489110440015793,0.24938905239105225,0.5631361603736877,-0.14356578886508942,0.3332826495170593,0.6238405704498291,-0.16478285193443298,0.3737105429172516,0.627524733543396,-0.15622907876968384,0.396004855632782,0.6175064444541931,-0.14801105856895447,0.23441091179847717,0.6222715377807617,-0.11723344773054123,0.3383166491985321,0.6564106345176697,-0.1367606818675995,0.3653905391693115,0.6254820823669434,-0.12051700800657272,0.3663014769554138,0.5954627990722656,-0.11073821038007736,0.23423363268375397,0.6632993817329407,-0.08784408867359161,0.3342302143573761,0.674368143081665,-0.10251659899950027,0.3504694104194641,0.6369338035583496,-0.08569931983947754,0.3453999161720276,0.6073230504989624,-0.07678873836994171,0.24227088689804077,0.6890964508056641,-0.06139425188302994,0.3149312734603882,0.6858738660812378,-0.0797528401017189,0.33131593465805054,0.6512271165847778,-0.07739879935979843,0.32934218645095825,0.6248858571052551,-0.07510595768690109,Right,0.9986773133277893
5114,123,0,0.6911476850509644,0.5334336161613464,9.14595489120984e-07,0.6527191400527954,0.4942812919616699,-0.06013638898730278,0.6005290150642395,0.5181854963302612,-0.09025781601667404,0.5631421804428101,0.5730236768722534,-0.1043754369020462,0.5262654423713684,0.6059348583221436,-0.11491591483354568,0.6691964268684387,0.5947769284248352,-0.10793542116880417,0.5897666811943054,0.6441555619239807,-0.14134739339351654,0.5377813577651978,0.6598551273345947,-0.1535932570695877,0.4953474998474121,0.6715567111968994,-0.15980114042758942,0.6750052571296692,0.650994598865509,-0.08234623819589615,0.5761576294898987,0.679651141166687,-0.11363744735717773,0.5251474976539612,0.6655112504959106,-0.11667513847351074,0.49398571252822876,0.6561182141304016,-0.11652152985334396,0.6689878106117249,0.687519371509552,-0.05724138766527176,0.5881922245025635,0.6768807172775269,-0.08433926105499268,0.5926271080970764,0.6243646144866943,-0.07798328995704651,0.608483612537384,0.595418393611908,-0.06895241886377335,0.6570395827293396,0.7049643993377686,-0.03614715486764908,0.5965381860733032,0.6883984208106995,-0.055973656475543976,0.5956680774688721,0.6529141068458557,-0.05613487586379051,0.6052259802818298,0.6341977119445801,-0.05230328440666199,Left,0.9979766607284546
5114,123,1,0.217615008354187,0.5219978094100952,-3.797909187142068e-07,0.26978182792663574,0.488804429769516,-0.05409441143274307,0.3269282281398773,0.5093073844909668,-0.08531712740659714,0.3658369481563568,0.5624871253967285,-0.0993446335196495,0.39477384090423584,0.6118556261062622,-0.10951877385377884,0.248994380235672,0.5683436393737793,-0.13214388489723206,0.3323487937450409,0.6312673687934875,-0.15220746397972107,0.3727573752403259,0.6370099782943726,-0.14453616738319397,0.3952697515487671,0.6284046173095703,-0.1370081901550293,0.2337971180677414,0.6239570379257202,-0.1077602207660675,0.33553218841552734,0.6622815728187561,-0.12644673883914948,0.3652874529361725,0.6353569030761719,-0.11249835044145584,0.369690865278244,0.6070391535758972,-0.10432399809360504,0.23326164484024048,0.6626477837562561,-0.08072847127914429,0.3299485743045807,0.6802064180374146,-0.094953753054142,0.34993407130241394,0.6466163396835327,-0.08019763231277466,0.3485729694366455,0.6182233691215515,-0.07256626337766647,0.24084365367889404,0.6875802874565125,-0.05652355030179024,0.3118506669998169,0.6900367736816406,-0.07419917732477188,0.331329345703125,0.658563494682312,-0.07230411469936371,0.3325604796409607,0.6332374811172485,-0.07030114531517029,Right,0.9986429810523987
5156,124,0,0.6984990835189819,0.5359376668930054,9.471825137552514e-07,0.6553727388381958,0.49462324380874634,-0.057141631841659546,0.5987786650657654,0.513765275478363,-0.08851499110460281,0.5574489831924438,0.5661364197731018,-0.10439904034137726,0.521443247795105,0.5990324020385742,-0.11717145144939423,0.6671237349510193,0.56779944896698,-0.11465980112552643,0.5921234488487244,0.6266970038414001,-0.14680986106395721,0.5426758527755737,0.6485747694969177,-0.1568761020898819,0.5019364356994629,0.6649825572967529,-0.16177727282047272,0.6767212748527527,0.6294869780540466,-0.09085118770599365,0.5793708562850952,0.667641818523407,-0.12181480973958969,0.5235123038291931,0.6673398613929749,-0.12480852752923965,0.48691970109939575,0.6624994277954102,-0.12548692524433136,0.6734612584114075,0.6729494333267212,-0.0662589967250824,0.5938907861709595,0.6748367547988892,-0.09089212119579315,0.5929943919181824,0.6356590390205383,-0.08622121810913086,0.604414701461792,0.6086155772209167,-0.08024699240922928,0.6636590957641602,0.6991192102432251,-0.045374076813459396,0.6039692759513855,0.6897749304771423,-0.06512060016393661,0.5982670187950134,0.6598095893859863,-0.06768897920846939,0.6016750931739807,0.6397007703781128,-0.06657486408948898,Left,0.9995734691619873
5156,124,1,0.21636778116226196,0.5320332646369934,-3.86769244187235e-07,0.26951903104782104,0.49478545784950256,-0.05736267566680908,0.3251611590385437,0.513863205909729,-0.08936810493469238,0.3637092113494873,0.5680450797080994,-0.1031271442770958,0.39228692650794983,0.6211320757865906,-0.1129365786910057,0.2500564455986023,0.582299530506134,-0.13539719581604004,0.33229973912239075,0.6417126655578613,-0.15598982572555542,0.3733002245426178,0.6445900797843933,-0.14889362454414368,0.3973993957042694,0.6324633955955505,-0.14106225967407227,0.23550480604171753,0.6389104127883911,-0.10885155200958252,0.33319827914237976,0.6756183505058289,-0.1269834190607071,0.37012404203414917,0.6500823497772217,-0.11375091224908829,0.38311636447906494,0.6183457970619202,-0.10556238144636154,0.23609250783920288,0.6771588921546936,-0.07977093011140823,0.33251938223838806,0.6884150505065918,-0.09351737797260284,0.3590400815010071,0.6545639634132385,-0.08004408329725266,0.36520063877105713,0.6245787143707275,-0.07296939194202423,0.24466447532176971,0.699626624584198,-0.05368819460272789,0.3154674470424652,0.6958443522453308,-0.07057835906744003,0.3413850665092468,0.6633249521255493,-0.06884431093931198,0.35022780299186707,0.6373113989830017,-0.06656607985496521,Right,0.9994137287139893
5198,125,0,0.6963542699813843,0.5387449860572815,1.03711477095203e-06,0.6559980511665344,0.49801361560821533,-0.05834035575389862,0.6002386212348938,0.5119467377662659,-0.09204332530498505,0.5607497096061707,0.561928391456604,-0.10975900292396545,0.5239923000335693,0.5919636487960815,-0.1238124743103981,0.6678217053413391,0.5643357634544373,-0.1226835623383522,0.5935565829277039,0.6232874989509583,-0.15776436030864716,0.5441303253173828,0.6463773250579834,-0.16784606873989105,0.502448558807373,0.6630494594573975,-0.17161481082439423,0.6762155890464783,0.6281813979148865,-0.0980997234582901,0.5754919052124023,0.6602525115013123,-0.1313936710357666,0.5181893110275269,0.6592485904693604,-0.132779061794281,0.4805806279182434,0.6533206105232239,-0.13125264644622803,0.6713440418243408,0.6736211180686951,-0.07259747385978699,0.589208722114563,0.6745233535766602,-0.09765268862247467,0.5811174511909485,0.638449490070343,-0.09164071828126907,0.5854260921478271,0.6095784902572632,-0.08424240350723267,0.6612810492515564,0.7002003788948059,-0.05095531418919563,0.5980029106140137,0.6835529208183289,-0.07035227864980698,0.5847708582878113,0.6546140313148499,-0.07270938158035278,0.5804956555366516,0.6326826810836792,-0.07092064619064331,Left,0.999669075012207
5198,125,1,0.21658840775489807,0.5371266007423401,-4.360146590443037e-07,0.2681851387023926,0.49655675888061523,-0.0619061253964901,0.3232745826244354,0.5122266411781311,-0.09616618603467941,0.36243319511413574,0.5661488175392151,-0.11075712740421295,0.3919418156147003,0.6192643046379089,-0.12132730334997177,0.24775315821170807,0.590045690536499,-0.14244444668293,0.3337368965148926,0.6422972679138184,-0.16443659365177155,0.37708064913749695,0.639272928237915,-0.1577436625957489,0.4028788208961487,0.623444676399231,-0.15021517872810364,0.23596639931201935,0.6486116647720337,-0.11299558728933334,0.3392130136489868,0.6703183054924011,-0.1321432888507843,0.3750150799751282,0.6353640556335449,-0.11853829026222229,0.3863387703895569,0.5995814204216003,-0.11012722551822662,0.23954740166664124,0.6863304376602173,-0.08111006021499634,0.3394412100315094,0.683448314666748,-0.0960620790719986,0.3646411895751953,0.6422874331474304,-0.0827767550945282,0.37005525827407837,0.6088051795959473,-0.0759432315826416,0.25009989738464355,0.7072927355766296,-0.052458129823207855,0.32202818989753723,0.6880561113357544,-0.07141101360321045,0.34710755944252014,0.6495500206947327,-0.07119584828615189,0.3557160496711731,0.6219291090965271,-0.06976751238107681,Right,0.9990770220756531
5239,126,0,0.6979889869689941,0.5414900183677673,1.0706113471314893e-06,0.6592898368835449,0.4970356523990631,-0.06055941805243492,0.6027775406837463,0.5091549754142761,-0.09447624534368515,0.5637704133987427,0.5600625276565552,-0.11185135692358017,0.5295828580856323,0.5940313339233398,-0.12544536590576172,0.6706756949424744,0.5679407715797424,-0.12346890568733215,0.5960671901702881,0.6243747472763062,-0.15983934700489044,0.544729471206665,0.6473336219787598,-0.17142611742019653,0.5015027523040771,0.664533793926239,-0.1763385683298111,0.6773040294647217,0.6328766942024231,-0.09785708785057068,0.5754371881484985,0.6605693101882935,-0.13203319907188416,0.517747163772583,0.6577051281929016,-0.1345522403717041,0.48006168007850647,0.6523096561431885,-0.13393782079219818,0.6711432337760925,0.6777987480163574,-0.07159237563610077,0.5900019407272339,0.6719170808792114,-0.09830684214830399,0.5888829827308655,0.6303464770317078,-0.09188293665647507,0.5996677875518799,0.5999864935874939,-0.0837608128786087,0.6601505279541016,0.7025448083877563,-0.04931130260229111,0.5974884629249573,0.6821035742759705,-0.07040904462337494,0.5883591175079346,0.6500356793403625,-0.07274230569601059,0.5885236263275146,0.6270936727523804,-0.07053281366825104,Left,0.9997402429580688
5239,126,1,0.2149539291858673,0.5339295864105225,-4.393143342440453e-07,0.2674500644207001,0.49372708797454834,-0.06252327561378479,0.32371625304222107,0.5111748576164246,-0.09764420986175537,0.363986611366272,0.5644748210906982,-0.11282065510749817,0.39475128054618835,0.6161642670631409,-0.12407690286636353,0.2450810670852661,0.585793673992157,-0.14597617089748383,0.3330919146537781,0.6367741823196411,-0.16936473548412323,0.37670549750328064,0.6349413394927979,-0.1631123274564743,0.40273916721343994,0.6202059984207153,-0.15597842633724213,0.23333704471588135,0.6451661586761475,-0.11662385612726212,0.3390633761882782,0.6652125120162964,-0.1378614902496338,0.37433552742004395,0.6283745765686035,-0.12423393130302429,0.3847706913948059,0.5925890803337097,-0.11562316119670868,0.23694337904453278,0.6832751035690308,-0.08474954217672348,0.3394404649734497,0.6786737442016602,-0.101165272295475,0.3640047311782837,0.6361404657363892,-0.0872778668999672,0.3686273694038391,0.6021256446838379,-0.07992395758628845,0.2476620376110077,0.7044622302055359,-0.056118566542863846,0.32070493698120117,0.6829477548599243,-0.07605715095996857,0.34471362829208374,0.644207239151001,-0.07574182748794556,0.35236603021621704,0.6166105270385742,-0.07419910281896591,Right,0.9990074634552002
5281,127,0,0.7065577507019043,0.5425432324409485,9.549710284773028e-07,0.6614457964897156,0.49705028533935547,-0.05453444644808769,0.6042491793632507,0.513268232345581,-0.08232493698596954,0.5699682831764221,0.5634160041809082,-0.09582426398992538,0.5356601476669312,0.5934756994247437,-0.10560046881437302,0.6746193766593933,0.5827687978744507,-0.10093569755554199,0.6041328310966492,0.631249189376831,-0.13216140866279602,0.5550922751426697,0.6513655781745911,-0.14178098738193512,0.5138605833053589,0.6650475263595581,-0.14534913003444672,0.6784141659736633,0.6406949162483215,-0.07797380536794662,0.5814324617385864,0.665606677532196,-0.10835946351289749,0.5287727117538452,0.6598738431930542,-0.11087813973426819,0.49451661109924316,0.6536961793899536,-0.109150230884552,0.670809268951416,0.6791462302207947,-0.0551394447684288,0.5918352603912354,0.6663001775741577,-0.08303961902856827,0.5927897691726685,0.6182998418807983,-0.07777389883995056,0.6050127744674683,0.5869549512863159,-0.0677761659026146,0.65833979845047,0.6999043226242065,-0.03560804948210716,0.5970183610916138,0.6817598342895508,-0.055913105607032776,0.5917636156082153,0.645861804485321,-0.056048501282930374,0.5962508916854858,0.6211559772491455,-0.050930388271808624,Left,0.9993008375167847
5281,127,1,0.2194734811782837,0.5365581512451172,-4.005360381142964e-07,0.2707422077655792,0.49531784653663635,-0.061284057796001434,0.3278294503688812,0.510016918182373,-0.09674087166786194,0.3679061532020569,0.5600929856300354,-0.11283450573682785,0.3957059979438782,0.6130339503288269,-0.12545250356197357,0.24724259972572327,0.5773270130157471,-0.14344334602355957,0.3348448872566223,0.6284692883491516,-0.16830575466156006,0.3775222599506378,0.6306086778640747,-0.1646312177181244,0.4009445905685425,0.6205735802650452,-0.1599670648574829,0.2361808568239212,0.6383996605873108,-0.11605712026357651,0.3462170660495758,0.6582309603691101,-0.1371535360813141,0.37352174520492554,0.6195732355117798,-0.12321770936250687,0.37339985370635986,0.5865397453308105,-0.11522556096315384,0.240417942404747,0.6778026819229126,-0.08654865622520447,0.3459993898868561,0.6728662252426147,-0.10340728610754013,0.3616357445716858,0.6280374526977539,-0.08780014514923096,0.35577091574668884,0.5963171720504761,-0.07988937944173813,0.2518872618675232,0.7012979388237,-0.06035386770963669,0.32840484380722046,0.6820345520973206,-0.08098752796649933,0.3431353271007538,0.6404933333396912,-0.07892138510942459,0.33897140622138977,0.6128490567207336,-0.07652410864830017,Right,0.9988069534301758
5323,128,0,0.7037850022315979,0.5369580984115601,1.0317269243387273e-06,0.6610872745513916,0.4991205930709839,-0.05416875705122948,0.6063826084136963,0.5177082419395447,-0.08202969282865524,0.572523295879364,0.5682620406150818,-0.09614191204309464,0.5422577857971191,0.6016668081283569,-0.10650081187486649,0.6836008429527283,0.5971076488494873,-0.1002691462635994,0.6057124137878418,0.6474751234054565,-0.13283154368400574,0.5528614521026611,0.6668156385421753,-0.1428437978029251,0.509579062461853,0.6797729730606079,-0.14587126672267914,0.6899940967559814,0.6497322916984558,-0.0779450312256813,0.5864747762680054,0.6730095148086548,-0.10937788337469101,0.5337602496147156,0.6659764051437378,-0.11136704683303833,0.5010594129562378,0.6599686741828918,-0.1087392196059227,0.6837417483329773,0.6837946176528931,-0.05604275315999985,0.5992150902748108,0.6751384139060974,-0.08597154170274734,0.5944592952728271,0.6250183582305908,-0.08142513781785965,0.6029866337776184,0.5906503200531006,-0.07115773856639862,0.6722410917282104,0.7012792229652405,-0.03719587251543999,0.6045965552330017,0.6855157613754272,-0.0600227415561676,0.5951611995697021,0.6462109684944153,-0.06090117245912552,0.5985939502716064,0.6187818646430969,-0.05544961243867874,Left,0.9990516901016235
5323,128,1,0.21932783722877502,0.5379546880722046,-3.577658844733378e-07,0.2716811001300812,0.4971643388271332,-0.05954820290207863,0.33181142807006836,0.5107383131980896,-0.09509745985269547,0.3725185990333557,0.5593692064285278,-0.11167026311159134,0.40069252252578735,0.6100331544876099,-0.12456013262271881,0.25143933296203613,0.5651140213012695,-0.14481687545776367,0.33648157119750977,0.624187707901001,-0.1704215705394745,0.37941721081733704,0.6316159963607788,-0.16666322946548462,0.4041573107242584,0.6250585317611694,-0.16189488768577576,0.2374468445777893,0.6270190477371216,-0.11880664527416229,0.34469300508499146,0.6602350473403931,-0.14141882956027985,0.37115544080734253,0.6285130381584167,-0.12796348333358765,0.37108519673347473,0.5962415933609009,-0.12011421471834183,0.23819485306739807,0.6699033379554749,-0.09033142775297165,0.3415565490722656,0.6777161359786987,-0.10814045369625092,0.3561466932296753,0.6377663612365723,-0.0924295037984848,0.3491721451282501,0.606471598148346,-0.0840957760810852,0.2467508614063263,0.6979358196258545,-0.06496589630842209,0.3237594962120056,0.6880003809928894,-0.08618096262216568,0.3373044729232788,0.6503340005874634,-0.08423201739788055,0.33211633563041687,0.6234598159790039,-0.081939198076725,Right,0.9986477494239807
5366,129,0,0.7079082131385803,0.5351337790489197,9.11006225123856e-07,0.6700276136398315,0.49946630001068115,-0.06384437531232834,0.6172651052474976,0.5199934840202332,-0.09516926109790802,0.5769136548042297,0.5651795864105225,-0.10883447527885437,0.5395106077194214,0.5986012816429138,-0.11838754266500473,0.6908800005912781,0.6059051752090454,-0.11324948817491531,0.6194642186164856,0.6510587930679321,-0.14831386506557465,0.5717557072639465,0.6771996021270752,-0.16328726708889008,0.531004011631012,0.6993706226348877,-0.1721755862236023,0.6861074566841125,0.6535173058509827,-0.087148018181324,0.5900384783744812,0.6646289229393005,-0.11947458982467651,0.5371083617210388,0.6515264511108398,-0.12465152889490128,0.5013866424560547,0.6463901996612549,-0.12744589149951935,0.6722195744514465,0.6810988783836365,-0.062121689319610596,0.5906884670257568,0.658758819103241,-0.09298428148031235,0.5742666125297546,0.6150297522544861,-0.09167351573705673,0.571134626865387,0.5915915369987488,-0.08740483969449997,0.6565959453582764,0.6911609172821045,-0.04110274463891983,0.5926161408424377,0.663533091545105,-0.06799141317605972,0.5790530443191528,0.625937283039093,-0.07329193502664566,0.5759137868881226,0.6036482453346252,-0.07303771376609802,Left,0.9985472559928894
5366,129,1,0.235942542552948,0.5442922711372375,-3.1775473985362623e-07,0.28248268365859985,0.5115451812744141,-0.033683717250823975,0.33857470750808716,0.5132843255996704,-0.05872245505452156,0.3789718449115753,0.5436005592346191,-0.07377725839614868,0.4092324376106262,0.5802134275436401,-0.08793700486421585,0.2748701870441437,0.5295190811157227,-0.09853964298963547,0.33738067746162415,0.5874831676483154,-0.12500092387199402,0.3827570974826813,0.6146141886711121,-0.13103842735290527,0.4168708324432373,0.6295434236526489,-0.1328221708536148,0.2525576949119568,0.5866814851760864,-0.08821537345647812,0.34162527322769165,0.637461245059967,-0.1075047180056572,0.3866521716117859,0.6386478543281555,-0.10298889875411987,0.4109209179878235,0.6303138136863708,-0.10164134204387665,0.2440587282180786,0.6354310512542725,-0.07576461136341095,0.3357515037059784,0.6673675775527954,-0.09129156172275543,0.3584118187427521,0.6472022533416748,-0.0805928185582161,0.36198368668556213,0.6265088319778442,-0.07387566566467285,0.247239887714386,0.6722243428230286,-0.06488362699747086,0.323310524225235,0.6868228316307068,-0.07940133661031723,0.34397485852241516,0.665846586227417,-0.07477407157421112,0.345899373292923,0.6451544165611267,-0.07057912647724152,Right,0.9913648962974548
5407,130,0,0.7132166624069214,0.537441611289978,9.674877219367772e-07,0.6741938591003418,0.5013064742088318,-0.05960462987422943,0.6253964304924011,0.5251012444496155,-0.08695092052221298,0.5927028059959412,0.5726265907287598,-0.09765329957008362,0.5593485832214355,0.6072050333023071,-0.10384132713079453,0.7045679092407227,0.6075889468193054,-0.10457121580839157,0.6318528056144714,0.6535776257514954,-0.13875602185726166,0.5800229907035828,0.6787086129188538,-0.15332257747650146,0.5382766723632812,0.7002005577087402,-0.1611243337392807,0.7003161907196045,0.6563376784324646,-0.07960879057645798,0.6109139323234558,0.6746129393577576,-0.10937214642763138,0.5656493306159973,0.6735507249832153,-0.11199899017810822,0.5373967289924622,0.6842822432518005,-0.11237423121929169,0.6864175200462341,0.6847469210624695,-0.055978331714868546,0.6131367683410645,0.6634941697120667,-0.08508200943470001,0.6134872436523438,0.608100950717926,-0.0779772698879242,0.6251682043075562,0.5788074731826782,-0.06767921894788742,0.6704267859458923,0.6952965259552002,-0.03630182147026062,0.6133000254631042,0.6702308654785156,-0.05876073241233826,0.6090875267982483,0.632425844669342,-0.05830397456884384,0.6152461171150208,0.610860288143158,-0.05313054472208023,Left,0.9978633522987366
5407,130,1,0.21823489665985107,0.5438268780708313,-2.0852272086813173e-07,0.2682790160179138,0.5012215375900269,-0.037262801080942154,0.32802751660346985,0.5072284936904907,-0.06000640243291855,0.37062278389930725,0.5453102588653564,-0.07032663375139236,0.4002724885940552,0.5836402773857117,-0.07821717113256454,0.26630690693855286,0.528407633304596,-0.10542477667331696,0.3313871920108795,0.5963883399963379,-0.12364134937524796,0.37633198499679565,0.6227493286132812,-0.11933217942714691,0.4094616770744324,0.6354970335960388,-0.11480075120925903,0.24392656981945038,0.588830292224884,-0.09170763939619064,0.33468401432037354,0.6401886343955994,-0.10788816213607788,0.37875545024871826,0.6417379379272461,-0.09804084151983261,0.40392985939979553,0.6334534287452698,-0.09248726069927216,0.2368236780166626,0.638100266456604,-0.07519618421792984,0.3325521945953369,0.6683629155158997,-0.08824802190065384,0.3587457835674286,0.651618480682373,-0.07458300143480301,0.3686833679676056,0.6322231888771057,-0.06562871485948563,0.24120178818702698,0.6734775304794312,-0.060302142053842545,0.3197927176952362,0.6799432635307312,-0.07311715185642242,0.3422357738018036,0.659752368927002,-0.06841118633747101,0.3477575182914734,0.6417909860610962,-0.06445308774709702,Right,0.9948220252990723
5449,131,0,0.7248067855834961,0.5410802364349365,9.442142641091777e-07,0.6935136914253235,0.509212076663971,-0.05885476619005203,0.6467490196228027,0.538271963596344,-0.08484600484371185,0.6106519103050232,0.5873122215270996,-0.09440513700246811,0.5786097645759583,0.6240507960319519,-0.09971985965967178,0.7285824418067932,0.6184957027435303,-0.0971735343337059,0.6612614989280701,0.6628939509391785,-0.1284601390361786,0.6100208163261414,0.6925833821296692,-0.14372065663337708,0.5685346126556396,0.7180521488189697,-0.153495192527771,0.720777153968811,0.6698220372200012,-0.07267796993255615,0.637131929397583,0.6809733510017395,-0.10170290619134903,0.5944128632545471,0.6814483404159546,-0.10694017261266708,0.5692123174667358,0.6959271430969238,-0.11017715930938721,0.7046781778335571,0.69966721534729,-0.04964720830321312,0.6361035704612732,0.6757827401161194,-0.07701171934604645,0.6408491134643555,0.6265830993652344,-0.0709238275885582,0.65887051820755,0.6036953926086426,-0.06298374384641647,0.6868330836296082,0.7109060287475586,-0.030761543661355972,0.6345272064208984,0.6834567189216614,-0.05190004035830498,0.6332570314407349,0.6464603543281555,-0.05147375911474228,0.6424862742424011,0.6284957528114319,-0.04722003638744354,Left,0.9960967302322388
5449,131,1,0.18983633816242218,0.5393164157867432,-7.589090245119223e-08,0.24082930386066437,0.49469178915023804,-0.03514144942164421,0.3042857050895691,0.5051369667053223,-0.05713646858930588,0.3439435064792633,0.5480302572250366,-0.06845259666442871,0.3680065870285034,0.5885130763053894,-0.07723847031593323,0.23854389786720276,0.5168548226356506,-0.09770306944847107,0.3017365634441376,0.5954088568687439,-0.11971451342105865,0.3479582667350769,0.6214795708656311,-0.12038629502058029,0.38431841135025024,0.6337668299674988,-0.11921273916959763,0.214057058095932,0.5732608437538147,-0.08667664229869843,0.3036842346191406,0.6407480239868164,-0.10879608988761902,0.3515416085720062,0.6435627937316895,-0.10355687141418457,0.38004520535469055,0.6366473436355591,-0.09938918799161911,0.20470762252807617,0.6210329532623291,-0.07333919405937195,0.29839664697647095,0.6679748296737671,-0.09267424046993256,0.32518723607063293,0.649607241153717,-0.08112287521362305,0.3320975601673126,0.6265168190002441,-0.07060465961694717,0.2078460156917572,0.6582459211349487,-0.061387017369270325,0.2826692759990692,0.6812819838523865,-0.07667229324579239,0.3082512617111206,0.6634535193443298,-0.07216224074363708,0.31528428196907043,0.6424165964126587,-0.06706994026899338,Right,0.9907677173614502
5491,132,0,0.7513647675514221,0.5431614518165588,6.585073606402148e-07,0.7243095636367798,0.5073505640029907,-0.06307240575551987,0.6829776763916016,0.5316658020019531,-0.09495645761489868,0.6463732719421387,0.5871242880821228,-0.10873401910066605,0.6137778162956238,0.6318407654762268,-0.11813665926456451,0.7607044577598572,0.621937096118927,-0.11229535937309265,0.6901512145996094,0.6711881756782532,-0.14880205690860748,0.6355958580970764,0.7042708992958069,-0.16885453462600708,0.5905744433403015,0.7317861914634705,-0.18242725729942322,0.7516606450080872,0.6814571022987366,-0.08493487536907196,0.6590505838394165,0.6590999364852905,-0.11617784202098846,0.6298083662986755,0.6188418865203857,-0.11429860442876816,0.6230650544166565,0.601755678653717,-0.1135152205824852,0.7329055070877075,0.7117094397544861,-0.05928990989923477,0.6597810983657837,0.6690220236778259,-0.08644067496061325,0.6611265540122986,0.6129558682441711,-0.07236391305923462,0.6788867115974426,0.5882781147956848,-0.061184268444776535,0.7130138874053955,0.7233675718307495,-0.038323745131492615,0.6598286032676697,0.6871595978736877,-0.057673726230859756,0.6615192890167236,0.6442588567733765,-0.05250481143593788,0.6758575439453125,0.6257781982421875,-0.046129513531923294,Left,0.9926867485046387
5491,132,1,0.1574544757604599,0.5527754426002502,-6.070925451240328e-08,0.2020374983549118,0.49570420384407043,-0.03840675577521324,0.26933714747428894,0.5056817531585693,-0.0619647391140461,0.31068286299705505,0.55474853515625,-0.0737609788775444,0.329916775226593,0.6015591621398926,-0.08339568227529526,0.19536176323890686,0.5283424258232117,-0.10614980012178421,0.25857415795326233,0.6046472787857056,-0.13163548707962036,0.30933135747909546,0.6304303407669067,-0.13445167243480682,0.34772932529449463,0.639717161655426,-0.13547870516777039,0.1740846335887909,0.5855015516281128,-0.09496545046567917,0.27193689346313477,0.6493197083473206,-0.1258183866739273,0.3103460371494293,0.6369127035140991,-0.12247475981712341,0.32257142663002014,0.6161725521087646,-0.11707597970962524,0.16801339387893677,0.6341455578804016,-0.08138234168291092,0.2679569125175476,0.6760514974594116,-0.10669039934873581,0.29073986411094666,0.6510973572731018,-0.09426743537187576,0.2896219789981842,0.6252899765968323,-0.08136456459760666,0.1748233437538147,0.6733890771865845,-0.06932619214057922,0.253200888633728,0.6930077075958252,-0.08875792473554611,0.27675965428352356,0.6712372899055481,-0.08486196398735046,0.2776668965816498,0.6484131813049316,-0.0793486163020134,Right,0.9799255728721619
5537,133,0,0.7623879313468933,0.5326675772666931,9.047118965099799e-07,0.7349828481674194,0.5049113631248474,-0.061959438025951385,0.6922428011894226,0.5367909073829651,-0.09488009661436081,0.6580794453620911,0.5950188040733337,-0.11055774241685867,0.6251407861709595,0.6401891112327576,-0.12212018668651581,0.7798570394515991,0.6227542161941528,-0.1124725416302681,0.7078704833984375,0.67695552110672,-0.14774073660373688,0.65458083152771,0.7056601643562317,-0.16356517374515533,0.6098281145095825,0.7264317274093628,-0.17322175204753876,0.7749549150466919,0.678976833820343,-0.08607879281044006,0.6800610423088074,0.6932339072227478,-0.11655246466398239,0.627535343170166,0.6844300627708435,-0.12026292830705643,0.595632016658783,0.6820316314697266,-0.12291806191205978,0.7575791478157043,0.7100350260734558,-0.06034562364220619,0.6807869672775269,0.6852030158042908,-0.08846580982208252,0.6782059073448181,0.6273475885391235,-0.08121531456708908,0.6897584795951843,0.5926932692527771,-0.0731620043516159,0.7365970015525818,0.7215069532394409,-0.0386967770755291,0.6800742149353027,0.6973419785499573,-0.06134519726037979,0.6725160479545593,0.6547466516494751,-0.060814887285232544,0.6758678555488586,0.6298978924751282,-0.056296538561582565,Left,0.995566725730896
5537,133,1,0.13211378455162048,0.5598165392875671,-2.0317359883392783e-07,0.18959346413612366,0.5054475665092468,-0.034044571220874786,0.2496616691350937,0.5354999303817749,-0.05045896768569946,0.28334495425224304,0.5981664061546326,-0.05677163228392601,0.29925787448883057,0.6480494737625122,-0.060250259935855865,0.1681106984615326,0.5559631586074829,-0.0852709636092186,0.2277776002883911,0.6575217247009277,-0.1037161648273468,0.26748406887054443,0.6687099933624268,-0.10004118084907532,0.28560400009155273,0.6580207943916321,-0.09377910941839218,0.1466473937034607,0.6106886863708496,-0.07231178879737854,0.24159623682498932,0.6927118301391602,-0.09137067198753357,0.26296254992485046,0.6712208390235901,-0.08213578909635544,0.2513650953769684,0.6363791823387146,-0.07342185825109482,0.1380133479833603,0.6564173698425293,-0.05833357572555542,0.23142880201339722,0.7245951294898987,-0.07437940686941147,0.2437056452035904,0.6952346563339233,-0.063511423766613,0.22920311987400055,0.6588162183761597,-0.053497012704610825,0.1411381959915161,0.6931322813034058,-0.04580051079392433,0.21328039467334747,0.7337544560432434,-0.061969030648469925,0.22198601067066193,0.7106838226318359,-0.060805559158325195,0.2068050056695938,0.6806878447532654,-0.05782051756978035,Right,0.991823136806488
5579,134,0,0.7557716965675354,0.5408341884613037,7.619274811077048e-07,0.7216880321502686,0.5158785581588745,-0.061912599951028824,0.6782225966453552,0.5460898280143738,-0.0913241058588028,0.6398900747299194,0.6032640933990479,-0.10384096205234528,0.604594349861145,0.6455122828483582,-0.11303672939538956,0.7539843916893005,0.6308630704879761,-0.10506313294172287,0.6865906119346619,0.6836667060852051,-0.13867129385471344,0.6351572871208191,0.7114124894142151,-0.15592734515666962,0.5924773216247559,0.7304708361625671,-0.1667216420173645,0.7525615692138672,0.6847755312919617,-0.07912203669548035,0.672844648361206,0.7187997102737427,-0.10488970577716827,0.6170457005500793,0.7254611849784851,-0.11050572246313095,0.5792955160140991,0.7322328090667725,-0.11497185379266739,0.7396613359451294,0.7126913666725159,-0.05451687425374985,0.6646973490715027,0.7115627527236938,-0.08084618300199509,0.6310252547264099,0.6823500394821167,-0.08210096508264542,0.6139646172523499,0.6602221727371216,-0.08031252771615982,0.7228981256484985,0.7201454639434814,-0.034010667353868484,0.6660171151161194,0.7068548798561096,-0.060354623943567276,0.6390653252601624,0.6809569597244263,-0.06773819029331207,0.6230659484863281,0.661248505115509,-0.06852877885103226,Left,0.9975875020027161
5579,134,1,0.14165541529655457,0.5681928396224976,-2.3252826508723956e-07,0.20229485630989075,0.5395760536193848,-0.04653596505522728,0.25758039951324463,0.5726251006126404,-0.07149583846330643,0.2894168198108673,0.6406146883964539,-0.08053802698850632,0.3124772906303406,0.6948003768920898,-0.08627024292945862,0.17941682040691376,0.6274580359458923,-0.12094495445489883,0.2553185522556305,0.7218575477600098,-0.13510456681251526,0.2952035963535309,0.7416565418243408,-0.12432920932769775,0.313171923160553,0.7347752451896667,-0.11477987468242645,0.15273138880729675,0.6838479042053223,-0.0987687036395073,0.2462386041879654,0.7440713047981262,-0.11146644502878189,0.27226322889328003,0.726099967956543,-0.09560660272836685,0.27182668447494507,0.6964319944381714,-0.08664033561944962,0.1430729180574417,0.7223080396652222,-0.07354918867349625,0.23402640223503113,0.7602400183677673,-0.08004774153232574,0.25274917483329773,0.7358758449554443,-0.06345238536596298,0.24945661425590515,0.7072964906692505,-0.05611586943268776,0.14446832239627838,0.7463654279708862,-0.05086958035826683,0.21615897119045258,0.7603384852409363,-0.06477444618940353,0.23329724371433258,0.7363975048065186,-0.06274289637804031,0.23137713968753815,0.7141914963722229,-0.061135854572057724,Right,0.9977943301200867
5620,135,0,0.7468411326408386,0.536853551864624,8.271320552921679e-07,0.6954650282859802,0.5170497894287109,-0.05599289759993553,0.6454058289527893,0.5580508708953857,-0.08403490483760834,0.6157863140106201,0.6216580271720886,-0.09704824537038803,0.5808922052383423,0.6631988883018494,-0.10697365552186966,0.7244709730148315,0.6344542503356934,-0.09478066116571426,0.660961389541626,0.700322151184082,-0.12639805674552917,0.6101556420326233,0.7292897701263428,-0.14219580590724945,0.5690110325813293,0.7462400794029236,-0.150783970952034,0.7348812818527222,0.6751201152801514,-0.07143948972225189,0.6565796136856079,0.7286417484283447,-0.09855686873197556,0.6008488535881042,0.7432781457901001,-0.1063036322593689,0.5594492554664612,0.7496795654296875,-0.11010384559631348,0.7299564480781555,0.6986736059188843,-0.04897536709904671,0.6586563587188721,0.7331939339637756,-0.07578274607658386,0.6102488040924072,0.7365953922271729,-0.08285864442586899,0.5739652514457703,0.7354414463043213,-0.08505342155694962,0.717267632484436,0.7057843208312988,-0.02951654978096485,0.6571756601333618,0.7213371396064758,-0.05416400358080864,0.6204255819320679,0.7140818238258362,-0.0630103349685669,0.5917806625366211,0.7073651552200317,-0.06542760878801346,Left,0.9982205629348755
5620,135,1,0.155155211687088,0.5676389932632446,-3.0545257345693244e-07,0.21932411193847656,0.5572786331176758,-0.04574485123157501,0.27507713437080383,0.6004453897476196,-0.06979191303253174,0.3028963506221771,0.6736387610435486,-0.07809499651193619,0.32582277059555054,0.7324021458625793,-0.08264321833848953,0.19715847074985504,0.6447710990905762,-0.1121836006641388,0.2613368332386017,0.7382004261016846,-0.1235373467206955,0.2929563820362091,0.7622884511947632,-0.11255853623151779,0.3105964660644531,0.7648229002952576,-0.10379263758659363,0.16485516726970673,0.6935870051383972,-0.09000463783740997,0.25074461102485657,0.7653069496154785,-0.09808734804391861,0.2786867916584015,0.7552579641342163,-0.08207755535840988,0.2846986651420593,0.7339715361595154,-0.07408564537763596,0.1506221443414688,0.7291284203529358,-0.06523767113685608,0.2369198203086853,0.7727943062782288,-0.0694001168012619,0.2558780610561371,0.7514839768409729,-0.054352860897779465,0.25620636343955994,0.7267652153968811,-0.04858860746026039,0.1489391326904297,0.7515336275100708,-0.043332695960998535,0.21784377098083496,0.7672696113586426,-0.05669645592570305,0.2367647886276245,0.7464141249656677,-0.056989435106515884,0.23973140120506287,0.7272965908050537,-0.05728779733181,Right,0.997518002986908
5661,136,0,0.7242301106452942,0.540004312992096,8.983694783637475e-07,0.6653625965118408,0.5202717781066895,-0.05654403939843178,0.6162931323051453,0.567979097366333,-0.08483042567968369,0.5907618999481201,0.6382556557655334,-0.09800828993320465,0.5529533624649048,0.6791821718215942,-0.10813764482736588,0.6978784799575806,0.6293540000915527,-0.10177979618310928,0.6370707154273987,0.7113573551177979,-0.13458169996738434,0.5869866013526917,0.746266782283783,-0.1485414355993271,0.5463582277297974,0.7659334540367126,-0.15487051010131836,0.716800332069397,0.6694674491882324,-0.07849518209695816,0.6358612775802612,0.7380996346473694,-0.1082916408777237,0.579485297203064,0.7606201171875,-0.1155935525894165,0.5358356237411499,0.769388735294342,-0.11825119704008102,0.7170950770378113,0.6952059864997864,-0.055557556450366974,0.6381721496582031,0.7412703633308411,-0.08122160285711288,0.586826503276825,0.7512364983558655,-0.08754659444093704,0.5480327606201172,0.7524152398109436,-0.08957933634519577,0.7093908786773682,0.7070651054382324,-0.03600950539112091,0.643240749835968,0.7300258278846741,-0.060230787843465805,0.6032483577728271,0.7298990488052368,-0.06977685540914536,0.5728952288627625,0.7275979518890381,-0.07272910326719284,Left,0.9982591867446899
5661,136,1,0.16696913540363312,0.5656661987304688,-3.551537872681365e-07,0.2329425811767578,0.5586006045341492,-0.04148454591631889,0.28881123661994934,0.6043450832366943,-0.06398602575063705,0.3148704767227173,0.677800714969635,-0.07225905358791351,0.3356955051422119,0.7358660101890564,-0.07729887962341309,0.21092438697814941,0.6474879384040833,-0.10388307273387909,0.27382197976112366,0.7397125959396362,-0.1169976145029068,0.30585789680480957,0.7632891535758972,-0.10875702649354935,0.32352983951568604,0.7646152377128601,-0.10141290724277496,0.17503632605075836,0.6926730275154114,-0.08429797738790512,0.2582241892814636,0.7672964930534363,-0.09480650722980499,0.2892303764820099,0.7589516043663025,-0.08206199109554291,0.29805201292037964,0.7369096875190735,-0.07550253719091415,0.1572256088256836,0.7260832190513611,-0.06216937676072121,0.24145078659057617,0.7767016887664795,-0.06900517642498016,0.26382511854171753,0.7577029466629028,-0.056793663650751114,0.2665986716747284,0.7320218682289124,-0.05173860117793083,0.151262104511261,0.7482303380966187,-0.04226816073060036,0.22032275795936584,0.7722979784011841,-0.055559054017066956,0.24181097745895386,0.7531490921974182,-0.05553549900650978,0.24601399898529053,0.7330111265182495,-0.055165763944387436,Right,0.9972387552261353
5705,137,0,0.6896472573280334,0.538905918598175,8.68967049427738e-07,0.6304837465286255,0.5269167423248291,-0.060280147939920425,0.5873479843139648,0.5819199085235596,-0.08953647315502167,0.5588809847831726,0.6531150341033936,-0.10245975852012634,0.5219073295593262,0.6972752213478088,-0.11184243857860565,0.6642248630523682,0.6380003094673157,-0.10801122337579727,0.6109169125556946,0.7310320734977722,-0.13592739403247833,0.5663930773735046,0.7648452520370483,-0.14443281292915344,0.5303888320922852,0.7841284275054932,-0.1468857228755951,0.6904392838478088,0.6743223071098328,-0.07995323091745377,0.6186615824699402,0.7559625506401062,-0.10398668050765991,0.5658398270606995,0.7763135433197021,-0.10512176156044006,0.5267185568809509,0.780002236366272,-0.10363329201936722,0.6966207027435303,0.696682333946228,-0.052036840468645096,0.6167288422584534,0.7488895654678345,-0.07179894298315048,0.5714869499206543,0.7462600469589233,-0.07340631633996964,0.5404236912727356,0.7350608110427856,-0.07242244482040405,0.6907274127006531,0.7063538432121277,-0.02793852798640728,0.623481810092926,0.7333038449287415,-0.04732545092701912,0.5871003866195679,0.7281016111373901,-0.054933663457632065,0.5625022649765015,0.7206207513809204,-0.05686906352639198,Left,0.9969968795776367
5705,137,1,0.17899201810359955,0.5640034675598145,-2.9201061124695116e-07,0.2540139853954315,0.5624833106994629,-0.03356793150305748,0.30969321727752686,0.6192575693130493,-0.052996423095464706,0.3347102105617523,0.6991230249404907,-0.058966632932424545,0.35311198234558105,0.7609827518463135,-0.06134852394461632,0.24772101640701294,0.6557929515838623,-0.10364259779453278,0.29983097314834595,0.7682139277458191,-0.10768060386180878,0.32905298471450806,0.7830888032913208,-0.08966168016195297,0.3440477252006531,0.7704051733016968,-0.07619216293096542,0.2019866704940796,0.6944142580032349,-0.08630027621984482,0.2764313519001007,0.7920807600021362,-0.09145362675189972,0.3098367750644684,0.789777398109436,-0.07446234673261642,0.3231363892555237,0.7677563428878784,-0.06554386019706726,0.17391574382781982,0.7229348421096802,-0.06428920477628708,0.2516939342021942,0.7941446304321289,-0.0627179816365242,0.27393728494644165,0.7772830128669739,-0.04509304091334343,0.2773703336715698,0.7487279772758484,-0.03835388273000717,0.158127099275589,0.7416994571685791,-0.04378468543291092,0.22365902364253998,0.7840393781661987,-0.04924938827753067,0.24566522240638733,0.7689695358276367,-0.043941520154476166,0.24960553646087646,0.7485055923461914,-0.04128667712211609,Right,0.998397707939148
5745,138,0,0.6828232407569885,0.5394414663314819,8.327816090059059e-07,0.6229872107505798,0.5279146432876587,-0.058733273297548294,0.5803159475326538,0.5828506946563721,-0.088096484541893,0.5550442337989807,0.6558783650398254,-0.1018555611371994,0.5171220898628235,0.7041378617286682,-0.11175026744604111,0.6602388024330139,0.6306569576263428,-0.10394763946533203,0.6094881892204285,0.732173502445221,-0.1317977011203766,0.5661300420761108,0.7717437744140625,-0.1400752067565918,0.5301035046577454,0.7940828800201416,-0.14266717433929443,0.6860992908477783,0.669093906879425,-0.07819309085607529,0.6194056868553162,0.7647817134857178,-0.10350557416677475,0.5691781044006348,0.7859699726104736,-0.10500048100948334,0.5314022898674011,0.7867453098297119,-0.1033131554722786,0.6907880306243896,0.6946739554405212,-0.052762337028980255,0.6192472577095032,0.7667913436889648,-0.07447964698076248,0.5742555856704712,0.7697611451148987,-0.07597928494215012,0.5436916947364807,0.7610827684402466,-0.074586421251297,0.6828432679176331,0.7088126540184021,-0.030971039086580276,0.6221559047698975,0.7515852451324463,-0.05253295972943306,0.5845104455947876,0.7516855597496033,-0.06039510667324066,0.558678925037384,0.7461889982223511,-0.06218576803803444,Left,0.9976084232330322
5745,138,1,0.18248659372329712,0.5529476404190063,-3.349884138970083e-07,0.26239046454429626,0.5553500056266785,-0.023481294512748718,0.3141629695892334,0.6160591840744019,-0.037153057754039764,0.33611175417900085,0.6967535018920898,-0.04128105193376541,0.35801956057548523,0.7586519718170166,-0.041417766362428665,0.2639347314834595,0.6547870635986328,-0.07937168329954147,0.31289908289909363,0.7813745737075806,-0.08632474392652512,0.33588486909866333,0.7766419053077698,-0.07280076295137405,0.3378276228904724,0.74481201171875,-0.06105222925543785,0.21714311838150024,0.6890560984611511,-0.06821730732917786,0.282021164894104,0.7942147254943848,-0.07243170589208603,0.30473387241363525,0.7737910747528076,-0.056429535150527954,0.30198538303375244,0.7404725551605225,-0.047217946499586105,0.18396514654159546,0.7129207253456116,-0.05388638749718666,0.2510329484939575,0.7945566177368164,-0.05299270898103714,0.26637542247772217,0.7673842906951904,-0.03504334017634392,0.25884872674942017,0.7337405681610107,-0.026726776733994484,0.16220790147781372,0.7290235161781311,-0.04055764153599739,0.21953453123569489,0.7824344635009766,-0.04455380514264107,0.23442932963371277,0.7617135047912598,-0.03677867352962494,0.22875313460826874,0.7375354170799255,-0.031812019646167755,Right,0.997117280960083
5787,139,0,0.6778578758239746,0.5412251353263855,8.636645247861452e-07,0.6197296977043152,0.5275117754936218,-0.06857702881097794,0.5805591940879822,0.5823053121566772,-0.10381464660167694,0.5589417815208435,0.6572720408439636,-0.12041065096855164,0.5231152176856995,0.7124388813972473,-0.1329280287027359,0.6572357416152954,0.6293421983718872,-0.12866128981113434,0.6191813945770264,0.7442940473556519,-0.15949533879756927,0.5734732747077942,0.7855405211448669,-0.16482527554035187,0.5372666716575623,0.7980680465698242,-0.16400572657585144,0.6856416463851929,0.6683579683303833,-0.09772206842899323,0.6312820315361023,0.7859284281730652,-0.12900878489017487,0.5767008066177368,0.804679274559021,-0.13035590946674347,0.5400584936141968,0.7917751669883728,-0.12682107090950012,0.6908513903617859,0.6955010890960693,-0.0662960335612297,0.6322827935218811,0.7850193381309509,-0.09192172437906265,0.582819938659668,0.7899359464645386,-0.09406471997499466,0.551531195640564,0.7750914096832275,-0.09247712045907974,0.6845531463623047,0.709359347820282,-0.03866072744131088,0.6303675174713135,0.7611830234527588,-0.06445774435997009,0.5904573202133179,0.7614763975143433,-0.07452462613582611,0.5644469857215881,0.7515407204627991,-0.07723595201969147,Left,0.9963155388832092
5787,139,1,0.19418646395206451,0.5453863739967346,-3.6949714399270306e-07,0.2765020430088043,0.556938886642456,-0.015287444926798344,0.32282334566116333,0.6218612790107727,-0.026559317484498024,0.3393614888191223,0.7027400732040405,-0.03182663023471832,0.3616296052932739,0.762579619884491,-0.03329471871256828,0.2783396542072296,0.6623070240020752,-0.06260912865400314,0.31809836626052856,0.7928389310836792,-0.07572007179260254,0.3344689607620239,0.7690361738204956,-0.0690222755074501,0.3301871120929718,0.7257789373397827,-0.06015736237168312,0.2286425530910492,0.6899487376213074,-0.05748317390680313,0.2844032645225525,0.800126850605011,-0.0662352442741394,0.30242884159088135,0.7679581642150879,-0.05366312712430954,0.2941577136516571,0.727766215801239,-0.044588133692741394,0.19133032858371735,0.7074088454246521,-0.05015365779399872,0.25025004148483276,0.7926691174507141,-0.05283249542117119,0.2633952796459198,0.7600712776184082,-0.03448393940925598,0.2527396082878113,0.7239294052124023,-0.023679513484239578,0.16487814486026764,0.7179571390151978,-0.04341752827167511,0.21918551623821259,0.7764702439308167,-0.046040114015340805,0.23178058862686157,0.7523308992385864,-0.03458642587065697,0.22306936979293823,0.7254009246826172,-0.026186224073171616,Right,0.9949674606323242
5829,140,0,0.6811990737915039,0.5367624759674072,7.419048984047549e-07,0.6212995052337646,0.5274392366409302,-0.06842562556266785,0.5816681385040283,0.5867130756378174,-0.10258377343416214,0.5591986775398254,0.6646411418914795,-0.11731581389904022,0.5253152847290039,0.7211874723434448,-0.12804089486598969,0.6583806872367859,0.6310547590255737,-0.13219603896141052,0.6222451329231262,0.748308002948761,-0.16070438921451569,0.5745384097099304,0.7935220003128052,-0.16288551688194275,0.5367481708526611,0.8114283084869385,-0.16022531688213348,0.6880967617034912,0.6709275841712952,-0.1002025157213211,0.6442139744758606,0.7972570657730103,-0.13062189519405365,0.5870004296302795,0.808035671710968,-0.1294080764055252,0.5504022836685181,0.7878158092498779,-0.12388865649700165,0.6932992339134216,0.700819194316864,-0.06709301471710205,0.6499401330947876,0.8030029535293579,-0.09212053567171097,0.596977949142456,0.8044171333312988,-0.09236235916614532,0.5654865503311157,0.785642683506012,-0.08942241221666336,0.6881510615348816,0.7169591188430786,-0.037537652999162674,0.6493873596191406,0.7807987928390503,-0.06296487152576447,0.6086035370826721,0.7815993428230286,-0.07210565358400345,0.5822491645812988,0.769438624382019,-0.07440084964036942,Left,0.9962306022644043
5829,140,1,0.20280861854553223,0.5348970293998718,-3.7448074863277725e-07,0.2843509912490845,0.5553975701332092,-0.011013525538146496,0.3288654088973999,0.6258598566055298,-0.020380666479468346,0.34343820810317993,0.7091705799102783,-0.025136178359389305,0.3648253083229065,0.7673739790916443,-0.026758963242173195,0.2855376899242401,0.6683316230773926,-0.05509722977876663,0.31979623436927795,0.7971687316894531,-0.06866087019443512,0.3367590308189392,0.7801933288574219,-0.06397867947816849,0.33481478691101074,0.7414655685424805,-0.056436870247125626,0.23500564694404602,0.6900975704193115,-0.05263909325003624,0.2842451333999634,0.8030433654785156,-0.0614834725856781,0.30326583981513977,0.7722914814949036,-0.04924380034208298,0.2971007227897644,0.7319662570953369,-0.04002336412668228,0.19656217098236084,0.7015072703361511,-0.04810582101345062,0.24852852523326874,0.7921220064163208,-0.05087984353303909,0.26293301582336426,0.7611937522888184,-0.03259637951850891,0.2540079653263092,0.7242923974990845,-0.021443650126457214,0.1685030460357666,0.7074198126792908,-0.04396182671189308,0.21525293588638306,0.7711895704269409,-0.045098718255758286,0.2286679893732071,0.7478299736976624,-0.03276346996426582,0.22104208171367645,0.7196743488311768,-0.02382752113044262,Right,0.9941256642341614
5872,141,0,0.674617350101471,0.5255134701728821,7.316391474887496e-07,0.61219722032547,0.5274592638015747,-0.06107282638549805,0.572553277015686,0.5917976498603821,-0.09156307578086853,0.5527633428573608,0.6705074906349182,-0.10438910126686096,0.5200081467628479,0.7239231467247009,-0.11301445215940475,0.653376579284668,0.6264751553535461,-0.12022185325622559,0.6175522208213806,0.7401379346847534,-0.14658460021018982,0.574626088142395,0.788489580154419,-0.14870327711105347,0.5393937826156616,0.8149704337120056,-0.1470123827457428,0.6891765594482422,0.6640851497650146,-0.0927702784538269,0.6454697251319885,0.7948393821716309,-0.12081274390220642,0.5915226340293884,0.8116165399551392,-0.11934663355350494,0.5537221431732178,0.7998659610748291,-0.11451694369316101,0.6982790231704712,0.6924668550491333,-0.0641753152012825,0.6552948951721191,0.8011788129806519,-0.08709327131509781,0.603901207447052,0.8083783388137817,-0.08711160719394684,0.5710546374320984,0.7980231642723083,-0.08484435826539993,0.694691002368927,0.7082625031471252,-0.03886948898434639,0.6536580920219421,0.775079607963562,-0.0624566525220871,0.6120975613594055,0.781212329864502,-0.0711328536272049,0.5838325023651123,0.7777062654495239,-0.0739060640335083,Left,0.9964582920074463
5872,141,1,0.2156769335269928,0.5273850560188293,-4.246394382789731e-07,0.29650986194610596,0.5601591467857361,-0.010494021698832512,0.3393442928791046,0.6372108459472656,-0.020047638565301895,0.35017022490501404,0.7169392704963684,-0.025683587417006493,0.3644104599952698,0.7716916799545288,-0.02671966888010502,0.30329832434654236,0.6664674282073975,-0.054524824023246765,0.3307424783706665,0.7991480231285095,-0.07098943740129471,0.33425745368003845,0.7574158906936646,-0.06768984347581863,0.3244716227054596,0.7098671197891235,-0.060656171292066574,0.2507633864879608,0.6804013848304749,-0.05424182116985321,0.28540459275245667,0.8091863989830017,-0.06753751635551453,0.2965202331542969,0.7703797817230225,-0.05710987374186516,0.28848496079444885,0.7242017984390259,-0.047367196530103683,0.20802921056747437,0.6882532835006714,-0.05205390229821205,0.24444884061813354,0.7927419543266296,-0.05782076343894005,0.25458866357803345,0.7593829035758972,-0.039314065128564835,0.2452329844236374,0.7191743850708008,-0.026451468467712402,0.17484557628631592,0.6912795901298523,-0.05037606507539749,0.20960786938667297,0.7691643834114075,-0.05235201492905617,0.22010117769241333,0.7468758821487427,-0.03916781023144722,0.21123231947422028,0.715438187122345,-0.0291316956281662,Right,0.9952824711799622
5916,142,0,0.6757480502128601,0.5249775648117065,7.156953074627381e-07,0.6104184985160828,0.5268840789794922,-0.06229785084724426,0.5698029398918152,0.5910773873329163,-0.09404513984918594,0.5502927899360657,0.6723839640617371,-0.10786063969135284,0.518679141998291,0.7295863032341003,-0.11750495433807373,0.6497905254364014,0.6214906573295593,-0.12296412140130997,0.6125439405441284,0.7394347786903381,-0.1508750319480896,0.5723043084144592,0.794945240020752,-0.15393437445163727,0.5393953323364258,0.8294273614883423,-0.15291491150856018,0.6878745555877686,0.6613636016845703,-0.09524457901716232,0.642507016658783,0.7941780090332031,-0.12378314137458801,0.5920456647872925,0.8093137145042419,-0.12104238569736481,0.5579853057861328,0.7974830865859985,-0.1152806431055069,0.698769211769104,0.6922878623008728,-0.06661093980073929,0.6540210247039795,0.8014001846313477,-0.0899030789732933,0.6050671339035034,0.8089351058006287,-0.0884740948677063,0.5746726989746094,0.7987850904464722,-0.08519738912582397,0.695909321308136,0.7102375626564026,-0.041453879326581955,0.6542350649833679,0.7780873775482178,-0.06481433659791946,0.6144530177116394,0.7854582071304321,-0.07290756702423096,0.588517963886261,0.7820228934288025,-0.07546010613441467,Left,0.9972111582756042
5916,142,1,0.22279644012451172,0.5237203240394592,-4.1454998722656455e-07,0.301028847694397,0.5595811009407043,-0.00905011035501957,0.34317660331726074,0.6410580277442932,-0.01857084594666958,0.3556661307811737,0.7216486930847168,-0.02492314949631691,0.3732997179031372,0.7725552916526794,-0.026986196637153625,0.30844300985336304,0.668078601360321,-0.052129343152046204,0.33367007970809937,0.7999553680419922,-0.07109211385250092,0.33745184540748596,0.7651536464691162,-0.07042036950588226,0.32861948013305664,0.7188225984573364,-0.06449750065803528,0.25652140378952026,0.6775138974189758,-0.05328768864274025,0.28492194414138794,0.8069088459014893,-0.06613324582576752,0.2960681915283203,0.7727051973342896,-0.05546286329627037,0.2893146872520447,0.7289299964904785,-0.04593389481306076,0.2134341448545456,0.6825726628303528,-0.05297049880027771,0.24284754693508148,0.7912127375602722,-0.05894740670919418,0.25458115339279175,0.7612588405609131,-0.04038004204630852,0.24682676792144775,0.7227492332458496,-0.027542993426322937,0.179666206240654,0.684605598449707,-0.053132303059101105,0.20837944746017456,0.7682051658630371,-0.05425754562020302,0.21962161362171173,0.7458598613739014,-0.040048398077487946,0.21138334274291992,0.7130852341651917,-0.029453596100211143,Right,0.9957165718078613
5959,143,0,0.6759524345397949,0.5292544364929199,7.633938707840571e-07,0.6097682118415833,0.5312761068344116,-0.06052257865667343,0.5684701800346375,0.5969800353050232,-0.091983862221241,0.5512018203735352,0.680280864238739,-0.10577411204576492,0.5216647386550903,0.7368887066841125,-0.11545706540346146,0.6494860053062439,0.6239069700241089,-0.12298028916120529,0.6131935119628906,0.7418781518936157,-0.1502515971660614,0.5750952959060669,0.7997678518295288,-0.15241456031799316,0.5434443950653076,0.8352851867675781,-0.15072713792324066,0.6897795796394348,0.6624393463134766,-0.09567862749099731,0.6447610259056091,0.7956729531288147,-0.12319435179233551,0.5952929258346558,0.8147726058959961,-0.11919508129358292,0.5604559779167175,0.8070313930511475,-0.1127772331237793,0.702391505241394,0.6928598284721375,-0.06709062308073044,0.6556295156478882,0.8022248148918152,-0.08835123479366302,0.6079440116882324,0.8108765482902527,-0.08514013886451721,0.5777485370635986,0.8021234273910522,-0.08121591806411743,0.701143741607666,0.7105510830879211,-0.041989896446466446,0.6546361446380615,0.774713397026062,-0.06354136019945145,0.614967405796051,0.7823900580406189,-0.07082924991846085,0.5887205600738525,0.7807621359825134,-0.07303258031606674,Left,0.9973125457763672
5959,143,1,0.23007825016975403,0.522625744342804,-3.8957176684562e-07,0.3048018217086792,0.5616660118103027,-0.005601096898317337,0.34676241874694824,0.6461752653121948,-0.014378040097653866,0.359115332365036,0.7285898327827454,-0.020815737545490265,0.37234917283058167,0.7801747918128967,-0.023310335353016853,0.3157654106616974,0.6688671112060547,-0.049493275582790375,0.3357197344303131,0.8043599128723145,-0.06805649399757385,0.33354538679122925,0.7751240730285645,-0.06721566617488861,0.324873149394989,0.7305643558502197,-0.061130307614803314,0.26408424973487854,0.6755925416946411,-0.05245978757739067,0.284446120262146,0.808992862701416,-0.06460503488779068,0.2908395826816559,0.7765592336654663,-0.05339233577251434,0.2857886254787445,0.7318912744522095,-0.04356110841035843,0.21973806619644165,0.6783685088157654,-0.053732793778181076,0.2413092702627182,0.7934078574180603,-0.05909431725740433,0.25012877583503723,0.7636497020721436,-0.03992253541946411,0.24463854730129242,0.7239490747451782,-0.026810774579644203,0.1837581992149353,0.6786268949508667,-0.055171191692352295,0.2067524492740631,0.7668972015380859,-0.055923204869031906,0.21562504768371582,0.7442503571510315,-0.04131767153739929,0.2087874412536621,0.7117122411727905,-0.030569229274988174,Right,0.9942368865013123
6004,144,0,0.6745856404304504,0.5301785469055176,8.019322876862134e-07,0.6089165210723877,0.5324846506118774,-0.06389462202787399,0.5665708184242249,0.5991013050079346,-0.09766901284456253,0.5510882139205933,0.6839079856872559,-0.11262070387601852,0.519975483417511,0.7407473921775818,-0.12328052520751953,0.649855375289917,0.6209056377410889,-0.13251154124736786,0.6183893084526062,0.742178201675415,-0.16213564574718475,0.5826147198677063,0.8022772669792175,-0.16454896330833435,0.5514860153198242,0.8387974500656128,-0.16238410770893097,0.691603422164917,0.6585221886634827,-0.10349798202514648,0.6481937766075134,0.7963064908981323,-0.13269369304180145,0.5997382998466492,0.8183771371841431,-0.12804150581359863,0.5644683241844177,0.8106035590171814,-0.12058719992637634,0.7052319049835205,0.6894076466560364,-0.07291785627603531,0.652606725692749,0.7960059642791748,-0.09476078301668167,0.6065896153450012,0.8021844625473022,-0.09003150463104248,0.5785920023918152,0.7917996644973755,-0.08460742235183716,0.7054523825645447,0.7080656290054321,-0.046033669263124466,0.6540812253952026,0.7693955898284912,-0.06665033102035522,0.6155329346656799,0.7743796706199646,-0.07256639003753662,0.591096818447113,0.7713898420333862,-0.07364123314619064,Left,0.9974697232246399
6004,144,1,0.23343013226985931,0.5199930667877197,-4.2475463146729453e-07,0.3070758879184723,0.5623784065246582,-0.004700616002082825,0.3472377359867096,0.6500507593154907,-0.012684633955359459,0.35939306020736694,0.7327644228935242,-0.018607940524816513,0.3757916986942291,0.7827228307723999,-0.020312506705522537,0.3212606906890869,0.669960618019104,-0.047189485281705856,0.33909034729003906,0.8049861192703247,-0.06606642156839371,0.3339589536190033,0.7740572690963745,-0.06575291603803635,0.32572078704833984,0.7280584573745728,-0.0599011592566967,0.2693917453289032,0.6761699914932251,-0.05084323137998581,0.2864637076854706,0.8082372546195984,-0.06226074695587158,0.28955718874931335,0.7737423777580261,-0.05112097039818764,0.2846868932247162,0.7285203337669373,-0.04165097698569298,0.22403234243392944,0.6784928441047668,-0.05295830965042114,0.2423594892024994,0.7923302054405212,-0.05789438635110855,0.24850225448608398,0.7614501714706421,-0.03879332169890404,0.2433977723121643,0.72187739610672,-0.026055369526147842,0.18681927025318146,0.6784563064575195,-0.055251240730285645,0.207461416721344,0.7674014568328857,-0.055992890149354935,0.21417036652565002,0.7438124418258667,-0.04137519747018814,0.20752540230751038,0.7114905714988708,-0.030749643221497536,Right,0.9951053857803345
6044,145,0,0.6704650521278381,0.524203896522522,8.413264822593192e-07,0.6052592396736145,0.5318417549133301,-0.0622459277510643,0.5632662773132324,0.6004172563552856,-0.09755376726388931,0.5497366189956665,0.6873464584350586,-0.11432945728302002,0.5201639533042908,0.7459186315536499,-0.12689878046512604,0.6439766883850098,0.6124643087387085,-0.13544541597366333,0.615807294845581,0.734295129776001,-0.16676902770996094,0.5822402238845825,0.7952762842178345,-0.16930700838565826,0.5531477332115173,0.8309746384620667,-0.16642890870571136,0.6883392333984375,0.6487898826599121,-0.10778377205133438,0.6471747756004333,0.7853957414627075,-0.13887448608875275,0.6024121046066284,0.8196249008178711,-0.13425122201442719,0.5677305459976196,0.8233523964881897,-0.12642544507980347,0.7050533890724182,0.6806588768959045,-0.07831718772649765,0.658376932144165,0.7908823490142822,-0.10028605163097382,0.6148951053619385,0.8110947608947754,-0.09535999596118927,0.5836760997772217,0.811116099357605,-0.08975669741630554,0.7079356908798218,0.7008451223373413,-0.05243764445185661,0.659799337387085,0.7674527168273926,-0.07238031923770905,0.6222686767578125,0.7837561368942261,-0.07775719463825226,0.5946736335754395,0.7900880575180054,-0.07814721763134003,Left,0.9988257884979248
6044,145,1,0.23813197016716003,0.5222352743148804,-3.773246533000929e-07,0.3088625967502594,0.5660462975502014,-0.005161581560969353,0.3470775783061981,0.6578165292739868,-0.014571473933756351,0.3589356243610382,0.7440319061279297,-0.021889664232730865,0.37869030237197876,0.7976498603820801,-0.024949252605438232,0.32600003480911255,0.6724389791488647,-0.04986551031470299,0.33805736899375916,0.8106606006622314,-0.07022067904472351,0.3285506069660187,0.7841116786003113,-0.07106976956129074,0.32053086161613464,0.7383657097816467,-0.06565259397029877,0.27474260330200195,0.676173985004425,-0.05386045202612877,0.2844648063182831,0.8119651079177856,-0.06555084884166718,0.28406503796577454,0.7796235084533691,-0.05405166372656822,0.2806346118450165,0.7338246703147888,-0.044747304171323776,0.2292325347661972,0.6765150427818298,-0.05638131499290466,0.24046090245246887,0.7952158451080322,-0.061207365244627,0.24429482221603394,0.76467365026474,-0.04111286252737045,0.24097386002540588,0.7244134545326233,-0.028011882677674294,0.1920085847377777,0.6749863028526306,-0.059161052107810974,0.20641209185123444,0.769503653049469,-0.05876979976892471,0.21169663965702057,0.7457772493362427,-0.04284611716866493,0.20710894465446472,0.7119049429893494,-0.031672026962041855,Right,0.9964471459388733
6086,146,0,0.6661736965179443,0.5194299817085266,8.035866585487383e-07,0.6033962965011597,0.5344224572181702,-0.0575532503426075,0.564663827419281,0.6044007539749146,-0.09044460207223892,0.5490269660949707,0.6913686990737915,-0.10609357804059982,0.517949640750885,0.7504332065582275,-0.11775238066911697,0.6409974098205566,0.6192745566368103,-0.1239193007349968,0.6130520105361938,0.7367327213287354,-0.15214161574840546,0.5797445774078369,0.7971673607826233,-0.1540856957435608,0.5522141456604004,0.8305634260177612,-0.15082645416259766,0.6861264109611511,0.6491233706474304,-0.09810107201337814,0.6635611653327942,0.7841438055038452,-0.12790623307228088,0.6198235154151917,0.8210753202438354,-0.12363605201244354,0.5848178863525391,0.8244608640670776,-0.1155504509806633,0.7047519087791443,0.6745753288269043,-0.07051747292280197,0.6790139079093933,0.7925337553024292,-0.09370656311511993,0.6339635848999023,0.8162765502929688,-0.09076692909002304,0.6019783616065979,0.8157209157943726,-0.08520330488681793,0.7076035141944885,0.6909732818603516,-0.045802827924489975,0.6722732186317444,0.7663062810897827,-0.06731371581554413,0.634268045425415,0.7852612137794495,-0.07332030683755875,0.6057287454605103,0.7914304733276367,-0.07321753352880478,Left,0.9979956746101379
6086,146,1,0.23703940212726593,0.5209455490112305,-3.938509962608805e-07,0.30800288915634155,0.5676109790802002,-0.004805007018148899,0.3435467779636383,0.6611514687538147,-0.014286918565630913,0.3531452417373657,0.7489955425262451,-0.022106392309069633,0.37176239490509033,0.8036718368530273,-0.02541171945631504,0.3259138762950897,0.6727349162101746,-0.047716882079839706,0.3330623209476471,0.8107443451881409,-0.06818796694278717,0.32535868883132935,0.7814322710037231,-0.06892078369855881,0.31835871934890747,0.7348350286483765,-0.06335043907165527,0.27490153908729553,0.6759383082389832,-0.05246630311012268,0.28050193190574646,0.8133459687232971,-0.06426623463630676,0.28057995438575745,0.7808088064193726,-0.0529383160173893,0.27755334973335266,0.7351312041282654,-0.04371911287307739,0.22899632155895233,0.6768688559532166,-0.05591890588402748,0.23714414238929749,0.7974953055381775,-0.06043874844908714,0.24147766828536987,0.7674520015716553,-0.03982659429311752,0.23886564373970032,0.7271595597267151,-0.02643459662795067,0.19098669290542603,0.6757504343986511,-0.059769995510578156,0.20399296283721924,0.7736836671829224,-0.057655028998851776,0.2096109241247177,0.7503783106803894,-0.04045387730002403,0.20582623779773712,0.7152899503707886,-0.02874104306101799,Right,0.9956841468811035
6127,147,0,0.665166974067688,0.5166176557540894,7.685236482757318e-07,0.6032636165618896,0.5339797735214233,-0.05525235831737518,0.5651021599769592,0.6045737862586975,-0.0869138315320015,0.5490517020225525,0.6915802955627441,-0.10196205228567123,0.5167495012283325,0.7496249079704285,-0.11299457401037216,0.6418913006782532,0.6223998665809631,-0.11853601038455963,0.6144949793815613,0.7386583089828491,-0.14530332386493683,0.5800334811210632,0.7965302467346191,-0.14703592658042908,0.5513765811920166,0.8263164758682251,-0.14413531124591827,0.6871412396430969,0.650688886642456,-0.09427683800458908,0.6700611114501953,0.7861629724502563,-0.1237475574016571,0.6263241767883301,0.8209404349327087,-0.12042080610990524,0.5904510021209717,0.8216943740844727,-0.1133076474070549,0.7065389156341553,0.6739405393600464,-0.06832339614629745,0.6858919858932495,0.7931807637214661,-0.09190226346254349,0.6401815414428711,0.8170218467712402,-0.09081980586051941,0.6075272560119629,0.8159661293029785,-0.08668265491724014,0.7092360854148865,0.6888190507888794,-0.044981781393289566,0.6766923666000366,0.7657264471054077,-0.06710253655910492,0.6382578015327454,0.7850981950759888,-0.07434993237257004,0.609244704246521,0.7917084693908691,-0.07538914680480957,Left,0.9972600340843201
6127,147,1,0.23643629252910614,0.5209909677505493,-3.9088857306524005e-07,0.306015282869339,0.5681266188621521,-0.004773976281285286,0.3417779505252838,0.6620104908943176,-0.014397122897207737,0.35159832239151,0.7495549917221069,-0.02225763350725174,0.36867448687553406,0.8050000667572021,-0.025443216785788536,0.32436108589172363,0.6736900806427002,-0.04892899468541145,0.3304528295993805,0.8117382526397705,-0.06973405927419662,0.3221120238304138,0.7821528315544128,-0.07029296457767487,0.31517699360847473,0.7352666258811951,-0.06452954560518265,0.2733950912952423,0.6763845682144165,-0.0537165142595768,0.2778105139732361,0.8142474889755249,-0.0659257173538208,0.27759218215942383,0.7814821600914001,-0.054142359644174576,0.27480554580688477,0.7356205582618713,-0.044519662857055664,0.22719435393810272,0.6770156621932983,-0.0571586899459362,0.23431457579135895,0.7982878684997559,-0.061757806688547134,0.23837484419345856,0.7680501937866211,-0.04061950743198395,0.23587575554847717,0.7276995182037354,-0.026824072003364563,0.18874582648277283,0.6756546497344971,-0.06098981201648712,0.20106910169124603,0.77379310131073,-0.05879948288202286,0.2066316306591034,0.7502931952476501,-0.04145052284002304,0.20272646844387054,0.7155959010124207,-0.029599471017718315,Right,0.9961227774620056
6168,148,0,0.6635675430297852,0.5150436162948608,7.510431601076561e-07,0.6016903519630432,0.5344386696815491,-0.05853411555290222,0.5651390552520752,0.6065168380737305,-0.09142285585403442,0.5482935905456543,0.6941341757774353,-0.10681331157684326,0.5157435536384583,0.7525540590286255,-0.11805073916912079,0.6416094899177551,0.6236280798912048,-0.12519210577011108,0.6175446510314941,0.7396554350852966,-0.1531008929014206,0.5830641388893127,0.7958667278289795,-0.15428967773914337,0.5536178350448608,0.824449896812439,-0.1507488340139389,0.6870741844177246,0.651748538017273,-0.09924822300672531,0.6691141724586487,0.787231981754303,-0.13034404814243317,0.6247205138206482,0.8200881481170654,-0.1264474093914032,0.5886939167976379,0.8182109594345093,-0.1184200718998909,0.7065226435661316,0.6755115985870361,-0.07155542820692062,0.6854395270347595,0.7926247715950012,-0.09576477110385895,0.6398952603340149,0.816046953201294,-0.09329930692911148,0.6072778105735779,0.8145662546157837,-0.08791550993919373,0.7098978757858276,0.6905950307846069,-0.046795982867479324,0.6796036958694458,0.7676985263824463,-0.0687924474477768,0.6421859860420227,0.7862550020217896,-0.07500608265399933,0.6136452555656433,0.7913531064987183,-0.07510082423686981,Left,0.9976616501808167
6168,148,1,0.23490379750728607,0.5227490067481995,-3.7840439404135395e-07,0.30422738194465637,0.5703845024108887,-0.00530789652839303,0.33904558420181274,0.6634493470191956,-0.014861111529171467,0.3486992120742798,0.7505296468734741,-0.022416645660996437,0.36695364117622375,0.804118275642395,-0.0254814550280571,0.3205958902835846,0.6737228631973267,-0.04840898513793945,0.32684215903282166,0.8108529448509216,-0.06869692355394363,0.32235538959503174,0.7835801243782043,-0.06879106163978577,0.31544533371925354,0.738529622554779,-0.06272771209478378,0.2694365084171295,0.6768349409103394,-0.05252990871667862,0.2767227292060852,0.8148953318595886,-0.06516890227794647,0.27978768944740295,0.782904863357544,-0.05375001206994057,0.27581021189689636,0.7379597425460815,-0.04390188306570053,0.2238246202468872,0.6785094738006592,-0.0553089901804924,0.23360079526901245,0.7993518710136414,-0.060767997056245804,0.24009902775287628,0.7695832848548889,-0.04063566029071808,0.2365560233592987,0.7302119135856628,-0.026986174285411835,0.1863945871591568,0.6790173053741455,-0.05840184539556503,0.2006237655878067,0.7751123309135437,-0.05703834444284439,0.20748399198055267,0.7513341307640076,-0.040651895105838776,0.20264127850532532,0.7174709439277649,-0.029145903885364532,Right,0.9962613582611084
6212,149,0,0.6640690565109253,0.512792706489563,7.509167403441097e-07,0.6024546027183533,0.5352616310119629,-0.056061699986457825,0.5660994052886963,0.6089591979980469,-0.08762824535369873,0.5486130118370056,0.6974597573280334,-0.10274718701839447,0.5162211060523987,0.7560837268829346,-0.11380818486213684,0.6441922187805176,0.6237371563911438,-0.11836706846952438,0.6203694939613342,0.7407036423683167,-0.14522846043109894,0.5860936641693115,0.7969523072242737,-0.14683982729911804,0.5562731027603149,0.8262795209884644,-0.1438273936510086,0.6890234351158142,0.650896430015564,-0.09369563311338425,0.6706342101097107,0.7848784923553467,-0.12319871038198471,0.6268720626831055,0.8210359215736389,-0.12018784135580063,0.5904902815818787,0.8231955766677856,-0.11339312046766281,0.7082455158233643,0.6740438938140869,-0.06745142489671707,0.6874518394470215,0.7912857532501221,-0.09033182263374329,0.6420745253562927,0.8176845908164978,-0.08911309391260147,0.6080614924430847,0.8185167908668518,-0.08512110263109207,0.7111442685127258,0.6893649697303772,-0.04407644271850586,0.6816027164459229,0.767335832118988,-0.06496790796518326,0.6440263986587524,0.7885282039642334,-0.07150649279356003,0.6142425537109375,0.7951897382736206,-0.07223118096590042,Left,0.9979400634765625
6212,149,1,0.23485082387924194,0.5236474275588989,-3.863491997435631e-07,0.3035241961479187,0.5718705058097839,-0.005364698823541403,0.33851802349090576,0.6644524335861206,-0.01423549186438322,0.3488003611564636,0.7504248023033142,-0.021040743216872215,0.36524397134780884,0.8005689382553101,-0.023357698693871498,0.31969982385635376,0.674002468585968,-0.04747376590967178,0.32575100660324097,0.8079941272735596,-0.06750030815601349,0.322240948677063,0.7799626588821411,-0.06747867912054062,0.3156799077987671,0.7350639700889587,-0.06145405024290085,0.2682799994945526,0.6769439578056335,-0.05129183456301689,0.27617213129997253,0.8133385181427002,-0.06423886865377426,0.27968406677246094,0.7818742394447327,-0.05283650755882263,0.2758276164531708,0.7377868294715881,-0.042767059057950974,0.22279369831085205,0.678989827632904,-0.05384007468819618,0.23362144827842712,0.7984849214553833,-0.05986948683857918,0.24045924842357635,0.7693096399307251,-0.04020087793469429,0.23711229860782623,0.7307058572769165,-0.026561161503195763,0.18572264909744263,0.6802908182144165,-0.05668020620942116,0.20064422488212585,0.7754316329956055,-0.05579988658428192,0.2076893001794815,0.7523166537284851,-0.04007707163691521,0.20272119343280792,0.7194615602493286,-0.028921183198690414,Right,0.9963671565055847
6253,150,0,0.6614426970481873,0.5166250467300415,7.622297175657877e-07,0.6012552976608276,0.5374184846878052,-0.05849011614918709,0.5661912560462952,0.6106548309326172,-0.0914776623249054,0.548335075378418,0.6987231373786926,-0.10769811272621155,0.5160743594169617,0.756885290145874,-0.11980056762695312,0.6456705331802368,0.621647834777832,-0.12297814339399338,0.6235808730125427,0.7397937774658203,-0.15166860818862915,0.5885798931121826,0.7960476875305176,-0.15399998426437378,0.5575653314590454,0.825465977191925,-0.15148821473121643,0.690216064453125,0.6496046781539917,-0.09790597856044769,0.6700079441070557,0.7841081619262695,-0.12951287627220154,0.624247133731842,0.8206295967102051,-0.12745007872581482,0.5861783623695374,0.8228279948234558,-0.12138361483812332,0.7091488242149353,0.6747227907180786,-0.07140512019395828,0.6872648000717163,0.7919424176216125,-0.09583185613155365,0.6410139203071594,0.8200196623802185,-0.09552356600761414,0.6057073473930359,0.8226475715637207,-0.09236393868923187,0.7123391032218933,0.6922195553779602,-0.04799732193350792,0.6831101775169373,0.7705902457237244,-0.0705341100692749,0.6449939608573914,0.7923630475997925,-0.07815949618816376,0.6143801808357239,0.79987633228302,-0.07981935143470764,Left,0.9980074167251587
6253,150,1,0.2335629016160965,0.526506245136261,-3.739687031156791e-07,0.3022359311580658,0.5728068351745605,-0.0064373137429356575,0.339315265417099,0.6631044149398804,-0.0159931518137455,0.3504040837287903,0.7490463256835938,-0.023354170843958855,0.3574769198894501,0.8001595735549927,-0.026143794879317284,0.3178957402706146,0.6721200346946716,-0.0484515018761158,0.32457923889160156,0.8062306642532349,-0.06798809766769409,0.3219946622848511,0.777294397354126,-0.0675518661737442,0.3153982162475586,0.7328974604606628,-0.061667125672101974,0.26647770404815674,0.676040530204773,-0.05172419548034668,0.2756198048591614,0.813424825668335,-0.06512278318405151,0.2797335982322693,0.7823829650878906,-0.05383126437664032,0.27574101090431213,0.7380005121231079,-0.0436391644179821,0.2212657779455185,0.679076611995697,-0.053688157349824905,0.2339417189359665,0.7992096543312073,-0.06008675694465637,0.24066784977912903,0.7707213759422302,-0.04065326601266861,0.23697704076766968,0.7316018342971802,-0.027001017704606056,0.18463292717933655,0.6808052062988281,-0.056011296808719635,0.20029932260513306,0.7746885418891907,-0.05600705370306969,0.20730377733707428,0.752588152885437,-0.041082363575696945,0.20196533203125,0.7200393676757812,-0.03030954673886299,Right,0.9960606694221497
6295,151,0,0.6652888059616089,0.5215994715690613,7.629962510691257e-07,0.6030491590499878,0.5396866798400879,-0.06282835453748703,0.5670394897460938,0.6116535663604736,-0.09717706590890884,0.5498581528663635,0.699398398399353,-0.1134873628616333,0.5197624564170837,0.7608488202095032,-0.12566743791103363,0.6459236741065979,0.620888352394104,-0.12926511466503143,0.6232360005378723,0.7401031851768494,-0.15820613503456116,0.5892294049263,0.797210693359375,-0.16010962426662445,0.5589685440063477,0.828527569770813,-0.15741020441055298,0.6910536289215088,0.6489055752754211,-0.10181993246078491,0.669819176197052,0.7842174768447876,-0.13305041193962097,0.6252673864364624,0.8202645778656006,-0.13009466230869293,0.587878942489624,0.8232676386833191,-0.12375301867723465,0.7104631066322327,0.6744104027748108,-0.07308171689510345,0.6842160820960999,0.7894943952560425,-0.09743974357843399,0.6388388872146606,0.8155585527420044,-0.09649335592985153,0.6046598553657532,0.8185720443725586,-0.09325072169303894,0.7139989137649536,0.6925832629203796,-0.047816481441259384,0.6822770237922668,0.7681657075881958,-0.07102826237678528,0.6448209881782532,0.787773609161377,-0.07897185534238815,0.6153604388237,0.7952061295509338,-0.08104681968688965,Left,0.9983174204826355
6295,151,1,0.23226244747638702,0.5289972424507141,-3.616887624957599e-07,0.30070531368255615,0.5759400129318237,-0.0068881334736943245,0.33876490592956543,0.6623975038528442,-0.017264729365706444,0.3506322503089905,0.7439993619918823,-0.025477606803178787,0.3529040813446045,0.792482852935791,-0.029274484142661095,0.3158186674118042,0.6693763136863708,-0.0479385182261467,0.3215342164039612,0.8004711270332336,-0.06761066615581512,0.3217054307460785,0.7724098563194275,-0.06759929656982422,0.31605440378189087,0.72910076379776,-0.062093496322631836,0.2638916075229645,0.6732727289199829,-0.05114562436938286,0.27465710043907166,0.8106800317764282,-0.06528078019618988,0.2808127999305725,0.7811050415039062,-0.055075403302907944,0.2760070562362671,0.7368220686912537,-0.04530087858438492,0.21854570508003235,0.6778466701507568,-0.05300687998533249,0.23369701206684113,0.7982832193374634,-0.06002749875187874,0.2418171465396881,0.770630955696106,-0.04139407351613045,0.23718880116939545,0.7314026951789856,-0.027890436351299286,0.1820320338010788,0.6815807819366455,-0.05524973198771477,0.20014196634292603,0.774792492389679,-0.05558403581380844,0.20803537964820862,0.7525539994239807,-0.04101797938346863,0.20161545276641846,0.7197257876396179,-0.030332081019878387,Right,0.9956925511360168
6336,152,0,0.6657751798629761,0.5278418660163879,7.86756174875336e-07,0.6049551367759705,0.5437130928039551,-0.06153734028339386,0.5699129104614258,0.6144046783447266,-0.09651297330856323,0.5520424842834473,0.70047527551651,-0.11420692503452301,0.5195738673210144,0.7576640844345093,-0.12803474068641663,0.647469699382782,0.6219802498817444,-0.12874098122119904,0.6231071352958679,0.7431250214576721,-0.15879884362220764,0.589059591293335,0.7997912764549255,-0.16159243881702423,0.5590945482254028,0.8303250074386597,-0.15933763980865479,0.6921547055244446,0.6499272584915161,-0.10273437201976776,0.6700929403305054,0.7862823009490967,-0.1357586532831192,0.6237460374832153,0.8223634958267212,-0.13375145196914673,0.5852710604667664,0.8243632316589355,-0.12749144434928894,0.710797905921936,0.6759195327758789,-0.07534439861774445,0.6860666275024414,0.7949387431144714,-0.1008002758026123,0.6399531364440918,0.8230694532394409,-0.10022128373384476,0.60491544008255,0.8266023993492126,-0.09678365290164948,0.714073896408081,0.6951609253883362,-0.05127566680312157,0.6843748688697815,0.7748405933380127,-0.07461221516132355,0.6470483541488647,0.7972649931907654,-0.0823303610086441,0.6171385049819946,0.8062987923622131,-0.08413134515285492,Left,0.9983791708946228
6336,152,1,0.23056195676326752,0.5348101854324341,-3.1469599548472615e-07,0.2977702021598816,0.5766735076904297,-0.008030055090785027,0.3378145098686218,0.6538968682289124,-0.019930772483348846,0.3504493236541748,0.7267488837242126,-0.02869509346783161,0.355025976896286,0.7705284357070923,-0.03346657752990723,0.3119004964828491,0.6590992212295532,-0.05684041604399681,0.3167775869369507,0.7922810912132263,-0.07738903909921646,0.32011574506759644,0.7720590233802795,-0.07631123811006546,0.31473660469055176,0.7302773594856262,-0.06976691633462906,0.25952643156051636,0.6642022728919983,-0.05915336310863495,0.2718249559402466,0.8059133291244507,-0.07524760812520981,0.28096213936805725,0.7800595164299011,-0.06430961191654205,0.2751246988773346,0.7354180812835693,-0.053751252591609955,0.21461151540279388,0.6712741851806641,-0.05956585332751274,0.23204004764556885,0.7967218160629272,-0.06790733337402344,0.2423761487007141,0.7699195742607117,-0.04856991767883301,0.23608554899692535,0.7289748191833496,-0.034310899674892426,0.17862674593925476,0.6777663826942444,-0.06031990796327591,0.19770275056362152,0.7722277641296387,-0.06343673914670944,0.20720894634723663,0.7506216168403625,-0.05020551010966301,0.1996692419052124,0.7162969708442688,-0.04006220027804375,Right,0.9959005117416382
6378,153,0,0.6687104105949402,0.5248622894287109,7.822137035873311e-07,0.612204372882843,0.5439895391464233,-0.06006331741809845,0.5757063031196594,0.6115075349807739,-0.0972789078950882,0.5525338649749756,0.6911383271217346,-0.11726778000593185,0.5185052752494812,0.7431225180625916,-0.13433142006397247,0.6520038843154907,0.611980676651001,-0.13702650368213654,0.6381412148475647,0.7234768271446228,-0.17309561371803284,0.608061671257019,0.7856025099754333,-0.18188422918319702,0.5806069374084473,0.8263425827026367,-0.18353335559368134,0.6961389780044556,0.6390182375907898,-0.1129397451877594,0.6836305260658264,0.7644344568252563,-0.14923833310604095,0.6428883671760559,0.8135172128677368,-0.14957666397094727,0.6059589982032776,0.8309544324874878,-0.14614371955394745,0.7162105441093445,0.6646620035171509,-0.08721768856048584,0.701056957244873,0.7753427028656006,-0.11552988737821579,0.6577590703964233,0.8108587265014648,-0.11688883602619171,0.6207855939865112,0.8225865364074707,-0.11503254622220993,0.720018208026886,0.6831663846969604,-0.06462382525205612,0.6964085698127747,0.7573709487915039,-0.08923973143100739,0.6616284847259521,0.7814546227455139,-0.09752026200294495,0.6306955218315125,0.793282687664032,-0.10010616481304169,Left,0.995919406414032
6378,153,1,0.22024482488632202,0.5385657548904419,-2.0901488539948332e-07,0.28738081455230713,0.5635231733322144,-0.016076382249593735,0.32733145356178284,0.6230153441429138,-0.0326785109937191,0.3420237898826599,0.685344934463501,-0.04235859215259552,0.3579001724720001,0.7277939915657043,-0.0482264906167984,0.285499632358551,0.6255075931549072,-0.08473818004131317,0.2958388924598694,0.7604889869689941,-0.10680077224969864,0.31630411744117737,0.7744364738464355,-0.10017406940460205,0.3218231201171875,0.749281644821167,-0.08816152811050415,0.22990894317626953,0.6389867663383484,-0.08214494585990906,0.2591274380683899,0.783617377281189,-0.10753921419382095,0.28061631321907043,0.7714089155197144,-0.09238938987255096,0.2780853509902954,0.7309346795082092,-0.07537394762039185,0.18850964307785034,0.6547931432723999,-0.07645505666732788,0.22115659713745117,0.7830461263656616,-0.09138916432857513,0.24209681153297424,0.7671266198158264,-0.06837156414985657,0.23959432542324066,0.7327309250831604,-0.04842332750558853,0.1599319577217102,0.6685893535614014,-0.07097019255161285,0.18701761960983276,0.7714178562164307,-0.07813765108585358,0.20637091994285583,0.7654498219490051,-0.06362921744585037,0.20499111711978912,0.7395891547203064,-0.05034688860177994,Right,0.9958168268203735
6420,154,0,0.6700576543807983,0.5253050327301025,8.20468869733304e-07,0.6124531626701355,0.5414973497390747,-0.05746471509337425,0.5747857689857483,0.6054782271385193,-0.09734971821308136,0.5517026782035828,0.681675374507904,-0.12205064296722412,0.5157500505447388,0.7303243279457092,-0.1447078287601471,0.6493696570396423,0.5902793407440186,-0.13800515234470367,0.649597704410553,0.6962756514549255,-0.18096472322940826,0.6306165456771851,0.7687100768089294,-0.19534780085086823,0.6108033657073975,0.8199471235275269,-0.20016461610794067,0.6965639591217041,0.6170315146446228,-0.11854121088981628,0.6959102153778076,0.7395244240760803,-0.16050608456134796,0.6623376607894897,0.8017094731330872,-0.16470707952976227,0.627369225025177,0.8278908729553223,-0.1629749834537506,0.7208867073059082,0.6447844505310059,-0.09764958173036575,0.7172865867614746,0.7548786997795105,-0.12939444184303284,0.682611882686615,0.8068438768386841,-0.13323311507701874,0.6483422517776489,0.829974889755249,-0.1317969709634781,0.7289151549339294,0.6680567264556885,-0.07971715927124023,0.719954252243042,0.750607430934906,-0.10437021404504776,0.6934986710548401,0.7909776568412781,-0.11239199340343475,0.666182816028595,0.8144288659095764,-0.11445075273513794,Left,0.9978966116905212
6420,154,1,0.21750764548778534,0.5425912737846375,-1.957121753548563e-07,0.2759915590286255,0.5575643181800842,-0.01495369616895914,0.31970879435539246,0.6090546250343323,-0.03206147253513336,0.3451893925666809,0.656189501285553,-0.04363475739955902,0.3755001425743103,0.6775912046432495,-0.05299919471144676,0.2724526524543762,0.6018192172050476,-0.07858319580554962,0.28441718220710754,0.7270376086235046,-0.10094884783029556,0.30174681544303894,0.7422236204147339,-0.09789742529392242,0.30596816539764404,0.7217704653739929,-0.08933743089437485,0.2211526334285736,0.6104231476783752,-0.07779847830533981,0.2425764501094818,0.7521097660064697,-0.10393762588500977,0.2629165053367615,0.7487732768058777,-0.09238064289093018,0.26544734835624695,0.7146866917610168,-0.07819400727748871,0.18219679594039917,0.6246862411499023,-0.07452927529811859,0.2054947018623352,0.7548598647117615,-0.09193484485149384,0.2290196269750595,0.7514183521270752,-0.07262611389160156,0.23489977419376373,0.7268267869949341,-0.05472759157419205,0.15518301725387573,0.6391302347183228,-0.07117769867181778,0.17374660074710846,0.7425495982170105,-0.07941155880689621,0.19337226450443268,0.7440015077590942,-0.06619091331958771,0.1992274522781372,0.7237732410430908,-0.05428345128893852,Right,0.9942054152488708
6462,155,0,0.6733051538467407,0.5341800451278687,8.874378067957878e-07,0.6153519749641418,0.5557085871696472,-0.05359027534723282,0.5769782066345215,0.613010585308075,-0.09529120475053787,0.5450960993766785,0.6733625531196594,-0.12402035295963287,0.50359046459198,0.705399751663208,-0.15256039798259735,0.6446657180786133,0.6053288578987122,-0.13813257217407227,0.6548230648040771,0.7007753849029541,-0.1823311150074005,0.6485817432403564,0.7750813364982605,-0.19891145825386047,0.6396507024765015,0.8301570415496826,-0.2059079259634018,0.694752037525177,0.620779275894165,-0.12249726057052612,0.7075680494308472,0.7352266907691956,-0.16440561413764954,0.6896881461143494,0.81352698802948,-0.1698252260684967,0.667417049407959,0.8618722558021545,-0.17012861371040344,0.7253117561340332,0.6394253373146057,-0.10518135875463486,0.740410566329956,0.746077299118042,-0.13719530403614044,0.7164446115493774,0.8126888871192932,-0.1425793617963791,0.687849223613739,0.8538727164268494,-0.14256025850772858,0.7389857769012451,0.6567507982254028,-0.09039592742919922,0.7457776069641113,0.7404028177261353,-0.1135467067360878,0.7261820435523987,0.790428638458252,-0.12061797827482224,0.7015203833580017,0.8249906301498413,-0.12280865013599396,Left,0.9919397830963135
6462,155,1,0.21737493574619293,0.5327064990997314,1.7308434507867787e-07,0.2754703462123871,0.5489405393600464,-0.024159878492355347,0.3237808048725128,0.5949839353561401,-0.04893297329545021,0.35826244950294495,0.624932050704956,-0.06655191630125046,0.3953321576118469,0.6361274719238281,-0.08163397759199142,0.2728663682937622,0.5880188345909119,-0.09327686578035355,0.2697206437587738,0.6849185228347778,-0.12886372208595276,0.2811330258846283,0.7368752360343933,-0.13803957402706146,0.2882722318172455,0.7392998933792114,-0.1339731365442276,0.21898934245109558,0.5931107401847839,-0.08943325281143188,0.21533267199993134,0.7164952158927917,-0.1234397143125534,0.23884199559688568,0.7714102864265442,-0.1179269552230835,0.2574930787086487,0.7661347389221191,-0.10536570101976395,0.1797405481338501,0.6034176349639893,-0.08402010798454285,0.17660503089427948,0.7210620641708374,-0.11040288954973221,0.20354881882667542,0.772148847579956,-0.0979442149400711,0.22553937137126923,0.7726276516914368,-0.07931457459926605,0.15493765473365784,0.6158395409584045,-0.0789392814040184,0.15375058352947235,0.719523549079895,-0.09756243228912354,0.17559155821800232,0.7670059204101562,-0.09091924875974655,0.19868649542331696,0.7745695114135742,-0.07825437933206558,Right,0.9972226023674011
6503,156,0,0.6744308471679688,0.5268357396125793,7.777348969284503e-07,0.6172651052474976,0.5509282350540161,-0.050557445734739304,0.5758021473884583,0.6054690480232239,-0.08925075083971024,0.5337120294570923,0.654577374458313,-0.11684726923704147,0.4911558926105499,0.6719748377799988,-0.14550015330314636,0.6330482959747314,0.6193575263023376,-0.13080185651779175,0.6512396931648254,0.705718457698822,-0.17418207228183746,0.6573851704597473,0.7785183191299438,-0.19471211731433868,0.6603356003761292,0.8414141535758972,-0.20642051100730896,0.6828815937042236,0.6221407055854797,-0.11906062811613083,0.7146220207214355,0.7226822376251221,-0.1637442409992218,0.7170842289924622,0.8125945925712585,-0.1795257329940796,0.7133662104606628,0.8858993649482727,-0.1885920614004135,0.7170429229736328,0.6296767592430115,-0.10521171987056732,0.7524245381355286,0.7233339548110962,-0.1396302729845047,0.7521394491195679,0.8065674304962158,-0.15561208128929138,0.7429118752479553,0.8693961501121521,-0.16347165405750275,0.7366124987602234,0.6386024355888367,-0.09357587993144989,0.7618375420570374,0.7196101546287537,-0.11713457852602005,0.7610010504722595,0.7811306118965149,-0.129796102643013,0.7506725788116455,0.8336315751075745,-0.13772575557231903,Left,0.9759981632232666
6503,156,1,0.21373483538627625,0.5462053418159485,2.8298072152210807e-07,0.27223628759384155,0.5583714842796326,-0.02773573063313961,0.32695272564888,0.5964999794960022,-0.05333583429455757,0.3693279027938843,0.6190788745880127,-0.07269839942455292,0.4108654856681824,0.6211131811141968,-0.09206649661064148,0.2683970630168915,0.6099005937576294,-0.08712918311357498,0.2636025547981262,0.6781691908836365,-0.11367837339639664,0.26701080799102783,0.7315253615379333,-0.1238219290971756,0.27263343334198,0.773850679397583,-0.12925760447978973,0.21841518580913544,0.6201204061508179,-0.08453034609556198,0.20968380570411682,0.6965475082397461,-0.105818010866642,0.2143077850341797,0.7578311562538147,-0.10667000710964203,0.22215048968791962,0.797932505607605,-0.10955110192298889,0.1803605705499649,0.629722535610199,-0.08076725900173187,0.16413052380084991,0.6989508867263794,-0.10168454051017761,0.1701686680316925,0.7549756765365601,-0.10378649830818176,0.18251514434814453,0.7940031886100769,-0.1051020547747612,0.15252044796943665,0.6377044320106506,-0.07794278860092163,0.13411656022071838,0.7014107704162598,-0.09675803780555725,0.13752806186676025,0.7381167411804199,-0.1008499413728714,0.1496453881263733,0.7629669904708862,-0.10341710597276688,Right,0.9629290699958801
6547,157,0,0.6777516603469849,0.5491207838058472,4.758661020787258e-07,0.6190020442008972,0.5715183019638062,-0.03466091677546501,0.5659316182136536,0.6224249005317688,-0.06290056556463242,0.5157362818717957,0.6509333252906799,-0.08636755496263504,0.4773068130016327,0.6457827687263489,-0.11181161552667618,0.6240719556808472,0.661676824092865,-0.08499962091445923,0.6435518860816956,0.7515652775764465,-0.11716945469379425,0.6588048338890076,0.8147752285003662,-0.1345938742160797,0.6730635762214661,0.8713635206222534,-0.14646735787391663,0.6711764335632324,0.6632207632064819,-0.0819469690322876,0.6962066292762756,0.7620757818222046,-0.11387625336647034,0.7139626145362854,0.8310390114784241,-0.13061679899692535,0.7312752604484558,0.8911329507827759,-0.1430978924036026,0.7075695395469666,0.6637686491012573,-0.077694371342659,0.737158477306366,0.7482737898826599,-0.1021890640258789,0.7605693340301514,0.8091773986816406,-0.11627605557441711,0.7813049554824829,0.8604151606559753,-0.12565281987190247,0.7316321134567261,0.6631876826286316,-0.07581683248281479,0.7591814994812012,0.7287164330482483,-0.09412477165460587,0.7799685597419739,0.7723658680915833,-0.10454782098531723,0.7968706488609314,0.8103682994842529,-0.1120748221874237,Left,0.9037395715713501
6547,157,1,0.21211682260036469,0.543268620967865,6.057656491975649e-07,0.2790459990501404,0.5716138482093811,-0.02211170457303524,0.3359810411930084,0.6269842982292175,-0.04085692763328552,0.38405460119247437,0.6462857723236084,-0.0560775026679039,0.4282054901123047,0.6363508701324463,-0.07285341620445251,0.28243857622146606,0.6533174514770508,-0.05638289824128151,0.2655802071094513,0.720582127571106,-0.07794348895549774,0.24851173162460327,0.7742426991462708,-0.09094276279211044,0.23182019591331482,0.8208316564559937,-0.0997503474354744,0.23196445405483246,0.6490992903709412,-0.05785777047276497,0.20950807631015778,0.7336018085479736,-0.0732695609331131,0.1920379251241684,0.7966132760047913,-0.08007463812828064,0.17579148709774017,0.8487075567245483,-0.08891621232032776,0.19265764951705933,0.6459006071090698,-0.059534698724746704,0.16959665715694427,0.7250933051109314,-0.07467824965715408,0.152951180934906,0.7849504947662354,-0.07985905557870865,0.13777053356170654,0.8357062339782715,-0.0853811651468277,0.1643376350402832,0.6428258419036865,-0.06246007978916168,0.14285603165626526,0.7089299559593201,-0.07345768064260483,0.12943872809410095,0.7549210786819458,-0.076173335313797,0.1167902797460556,0.7958599328994751,-0.0806470513343811,Right,0.9686769247055054
